domain,source_file,source_table,record_category,source_row,row_key,payload_json
college_production,college_ol_history_proxy_metrics.csv,college_ol_history_proxy_metrics,runtime_tuning,1,LT,"{""position"":""LT"",""role_tier"":""redshirt"",""games_started_min"":""0"",""games_started_max"":""1"",""sacks_allowed_min"":""3.8"",""sacks_allowed_max"":""12.0"",""pressures_allowed_min"":""2"",""pressures_allowed_max"":""60"",""penalties_min"":""0"",""penalties_max"":""12"",""run_block_proxy_grade_min"":""45"",""run_block_proxy_grade_max"":""62"",""notes"":""OL/protection proxy history; TE/RB values apply when used as blockers.""}"
college_production,college_ol_history_proxy_metrics.csv,college_ol_history_proxy_metrics,runtime_tuning,2,LT,"{""position"":""LT"",""role_tier"":""bench"",""games_started_min"":""0"",""games_started_max"":""2"",""sacks_allowed_min"":""3.6"",""sacks_allowed_max"":""12.0"",""pressures_allowed_min"":""2"",""pressures_allowed_max"":""60"",""penalties_min"":""0"",""penalties_max"":""12"",""run_block_proxy_grade_min"":""45"",""run_block_proxy_grade_max"":""64"",""notes"":""OL/protection proxy history; TE/RB values apply when used as blockers.""}"
college_production,college_ol_history_proxy_metrics.csv,college_ol_history_proxy_metrics,runtime_tuning,3,LT,"{""position"":""LT"",""role_tier"":""special_teams"",""games_started_min"":""1"",""games_started_max"":""3"",""sacks_allowed_min"":""3.3"",""sacks_allowed_max"":""11.4"",""pressures_allowed_min"":""2"",""pressures_allowed_max"":""57"",""penalties_min"":""0"",""penalties_max"":""11"",""run_block_proxy_grade_min"":""47"",""run_block_proxy_grade_max"":""67"",""notes"":""OL/protection proxy history; TE/RB values apply when used as blockers.""}"
college_production,college_ol_history_proxy_metrics.csv,college_ol_history_proxy_metrics,runtime_tuning,4,LT,"{""position"":""LT"",""role_tier"":""depth"",""games_started_min"":""2"",""games_started_max"":""5"",""sacks_allowed_min"":""2.8"",""sacks_allowed_max"":""10.6"",""pressures_allowed_min"":""1"",""pressures_allowed_max"":""53"",""penalties_min"":""0"",""penalties_max"":""11"",""run_block_proxy_grade_min"":""50"",""run_block_proxy_grade_max"":""71"",""notes"":""OL/protection proxy history; TE/RB values apply when used as blockers.""}"
college_production,college_ol_history_proxy_metrics.csv,college_ol_history_proxy_metrics,runtime_tuning,5,LT,"{""position"":""LT"",""role_tier"":""rotation"",""games_started_min"":""4"",""games_started_max"":""9"",""sacks_allowed_min"":""1.8"",""sacks_allowed_max"":""8.4"",""pressures_allowed_min"":""1"",""pressures_allowed_max"":""42"",""penalties_min"":""0"",""penalties_max"":""8"",""run_block_proxy_grade_min"":""57"",""run_block_proxy_grade_max"":""81"",""notes"":""OL/protection proxy history; TE/RB values apply when used as blockers.""}"
college_production,college_ol_history_proxy_metrics.csv,college_ol_history_proxy_metrics,runtime_tuning,6,LT,"{""position"":""LT"",""role_tier"":""spot_starter"",""games_started_min"":""6"",""games_started_max"":""12"",""sacks_allowed_min"":""1.3"",""sacks_allowed_max"":""6.6"",""pressures_allowed_min"":""1"",""pressures_allowed_max"":""33"",""penalties_min"":""0"",""penalties_max"":""7"",""run_block_proxy_grade_min"":""63"",""run_block_proxy_grade_max"":""86"",""notes"":""OL/protection proxy history; TE/RB values apply when used as blockers.""}"
college_production,college_ol_history_proxy_metrics.csv,college_ol_history_proxy_metrics,runtime_tuning,7,LT,"{""position"":""LT"",""role_tier"":""starter"",""games_started_min"":""8"",""games_started_max"":""14"",""sacks_allowed_min"":""0.8"",""sacks_allowed_max"":""4.8"",""pressures_allowed_min"":""0"",""pressures_allowed_max"":""24"",""penalties_min"":""0"",""penalties_max"":""5"",""run_block_proxy_grade_min"":""69"",""run_block_proxy_grade_max"":""90"",""notes"":""OL/protection proxy history; TE/RB values apply when used as blockers.""}"
college_production,college_ol_history_proxy_metrics.csv,college_ol_history_proxy_metrics,runtime_tuning,8,LT,"{""position"":""LT"",""role_tier"":""impact_starter"",""games_started_min"":""10"",""games_started_max"":""15"",""sacks_allowed_min"":""0.4"",""sacks_allowed_max"":""3.0"",""pressures_allowed_min"":""0"",""pressures_allowed_max"":""15"",""penalties_min"":""0"",""penalties_max"":""3"",""run_block_proxy_grade_min"":""75"",""run_block_proxy_grade_max"":""94"",""notes"":""OL/protection proxy history; TE/RB values apply when used as blockers.""}"
college_production,college_ol_history_proxy_metrics.csv,college_ol_history_proxy_metrics,runtime_tuning,9,LT,"{""position"":""LT"",""role_tier"":""all_conference"",""games_started_min"":""12"",""games_started_max"":""16"",""sacks_allowed_min"":""0.1"",""sacks_allowed_max"":""1.8"",""pressures_allowed_min"":""0"",""pressures_allowed_max"":""9"",""penalties_min"":""0"",""penalties_max"":""2"",""run_block_proxy_grade_min"":""79"",""run_block_proxy_grade_max"":""97"",""notes"":""OL/protection proxy history; TE/RB values apply when used as blockers.""}"
college_production,college_ol_history_proxy_metrics.csv,college_ol_history_proxy_metrics,runtime_tuning,10,LT,"{""position"":""LT"",""role_tier"":""all_american"",""games_started_min"":""13"",""games_started_max"":""17"",""sacks_allowed_min"":""0"",""sacks_allowed_max"":""1.0"",""pressures_allowed_min"":""0"",""pressures_allowed_max"":""5"",""penalties_min"":""0"",""penalties_max"":""1"",""run_block_proxy_grade_min"":""82"",""run_block_proxy_grade_max"":""98"",""notes"":""OL/protection proxy history; TE/RB values apply when used as blockers.""}"
college_production,college_ol_history_proxy_metrics.csv,college_ol_history_proxy_metrics,runtime_tuning,11,LG,"{""position"":""LG"",""role_tier"":""redshirt"",""games_started_min"":""0"",""games_started_max"":""1"",""sacks_allowed_min"":""3.8"",""sacks_allowed_max"":""12.0"",""pressures_allowed_min"":""2"",""pressures_allowed_max"":""60"",""penalties_min"":""0"",""penalties_max"":""12"",""run_block_proxy_grade_min"":""45"",""run_block_proxy_grade_max"":""62"",""notes"":""OL/protection proxy history; TE/RB values apply when used as blockers.""}"
college_production,college_ol_history_proxy_metrics.csv,college_ol_history_proxy_metrics,runtime_tuning,12,LG,"{""position"":""LG"",""role_tier"":""bench"",""games_started_min"":""0"",""games_started_max"":""2"",""sacks_allowed_min"":""3.6"",""sacks_allowed_max"":""12.0"",""pressures_allowed_min"":""2"",""pressures_allowed_max"":""60"",""penalties_min"":""0"",""penalties_max"":""12"",""run_block_proxy_grade_min"":""45"",""run_block_proxy_grade_max"":""64"",""notes"":""OL/protection proxy history; TE/RB values apply when used as blockers.""}"
college_production,college_ol_history_proxy_metrics.csv,college_ol_history_proxy_metrics,runtime_tuning,13,LG,"{""position"":""LG"",""role_tier"":""special_teams"",""games_started_min"":""1"",""games_started_max"":""3"",""sacks_allowed_min"":""3.3"",""sacks_allowed_max"":""11.4"",""pressures_allowed_min"":""2"",""pressures_allowed_max"":""57"",""penalties_min"":""0"",""penalties_max"":""11"",""run_block_proxy_grade_min"":""47"",""run_block_proxy_grade_max"":""67"",""notes"":""OL/protection proxy history; TE/RB values apply when used as blockers.""}"
college_production,college_ol_history_proxy_metrics.csv,college_ol_history_proxy_metrics,runtime_tuning,14,LG,"{""position"":""LG"",""role_tier"":""depth"",""games_started_min"":""2"",""games_started_max"":""5"",""sacks_allowed_min"":""2.8"",""sacks_allowed_max"":""10.6"",""pressures_allowed_min"":""1"",""pressures_allowed_max"":""53"",""penalties_min"":""0"",""penalties_max"":""11"",""run_block_proxy_grade_min"":""50"",""run_block_proxy_grade_max"":""71"",""notes"":""OL/protection proxy history; TE/RB values apply when used as blockers.""}"
college_production,college_ol_history_proxy_metrics.csv,college_ol_history_proxy_metrics,runtime_tuning,15,LG,"{""position"":""LG"",""role_tier"":""rotation"",""games_started_min"":""4"",""games_started_max"":""9"",""sacks_allowed_min"":""1.8"",""sacks_allowed_max"":""8.4"",""pressures_allowed_min"":""1"",""pressures_allowed_max"":""42"",""penalties_min"":""0"",""penalties_max"":""8"",""run_block_proxy_grade_min"":""57"",""run_block_proxy_grade_max"":""81"",""notes"":""OL/protection proxy history; TE/RB values apply when used as blockers.""}"
college_production,college_ol_history_proxy_metrics.csv,college_ol_history_proxy_metrics,runtime_tuning,16,LG,"{""position"":""LG"",""role_tier"":""spot_starter"",""games_started_min"":""6"",""games_started_max"":""12"",""sacks_allowed_min"":""1.3"",""sacks_allowed_max"":""6.6"",""pressures_allowed_min"":""1"",""pressures_allowed_max"":""33"",""penalties_min"":""0"",""penalties_max"":""7"",""run_block_proxy_grade_min"":""63"",""run_block_proxy_grade_max"":""86"",""notes"":""OL/protection proxy history; TE/RB values apply when used as blockers.""}"
college_production,college_ol_history_proxy_metrics.csv,college_ol_history_proxy_metrics,runtime_tuning,17,LG,"{""position"":""LG"",""role_tier"":""starter"",""games_started_min"":""8"",""games_started_max"":""14"",""sacks_allowed_min"":""0.8"",""sacks_allowed_max"":""4.8"",""pressures_allowed_min"":""0"",""pressures_allowed_max"":""24"",""penalties_min"":""0"",""penalties_max"":""5"",""run_block_proxy_grade_min"":""69"",""run_block_proxy_grade_max"":""90"",""notes"":""OL/protection proxy history; TE/RB values apply when used as blockers.""}"
college_production,college_ol_history_proxy_metrics.csv,college_ol_history_proxy_metrics,runtime_tuning,18,LG,"{""position"":""LG"",""role_tier"":""impact_starter"",""games_started_min"":""10"",""games_started_max"":""15"",""sacks_allowed_min"":""0.4"",""sacks_allowed_max"":""3.0"",""pressures_allowed_min"":""0"",""pressures_allowed_max"":""15"",""penalties_min"":""0"",""penalties_max"":""3"",""run_block_proxy_grade_min"":""75"",""run_block_proxy_grade_max"":""94"",""notes"":""OL/protection proxy history; TE/RB values apply when used as blockers.""}"
college_production,college_ol_history_proxy_metrics.csv,college_ol_history_proxy_metrics,runtime_tuning,19,LG,"{""position"":""LG"",""role_tier"":""all_conference"",""games_started_min"":""12"",""games_started_max"":""16"",""sacks_allowed_min"":""0.1"",""sacks_allowed_max"":""1.8"",""pressures_allowed_min"":""0"",""pressures_allowed_max"":""9"",""penalties_min"":""0"",""penalties_max"":""2"",""run_block_proxy_grade_min"":""79"",""run_block_proxy_grade_max"":""97"",""notes"":""OL/protection proxy history; TE/RB values apply when used as blockers.""}"
college_production,college_ol_history_proxy_metrics.csv,college_ol_history_proxy_metrics,runtime_tuning,20,LG,"{""position"":""LG"",""role_tier"":""all_american"",""games_started_min"":""13"",""games_started_max"":""17"",""sacks_allowed_min"":""0"",""sacks_allowed_max"":""1.0"",""pressures_allowed_min"":""0"",""pressures_allowed_max"":""5"",""penalties_min"":""0"",""penalties_max"":""1"",""run_block_proxy_grade_min"":""82"",""run_block_proxy_grade_max"":""98"",""notes"":""OL/protection proxy history; TE/RB values apply when used as blockers.""}"
college_production,college_ol_history_proxy_metrics.csv,college_ol_history_proxy_metrics,runtime_tuning,21,C,"{""position"":""C"",""role_tier"":""redshirt"",""games_started_min"":""0"",""games_started_max"":""1"",""sacks_allowed_min"":""3.8"",""sacks_allowed_max"":""12.0"",""pressures_allowed_min"":""2"",""pressures_allowed_max"":""60"",""penalties_min"":""0"",""penalties_max"":""12"",""run_block_proxy_grade_min"":""45"",""run_block_proxy_grade_max"":""62"",""notes"":""OL/protection proxy history; TE/RB values apply when used as blockers.""}"
college_production,college_ol_history_proxy_metrics.csv,college_ol_history_proxy_metrics,runtime_tuning,22,C,"{""position"":""C"",""role_tier"":""bench"",""games_started_min"":""0"",""games_started_max"":""2"",""sacks_allowed_min"":""3.6"",""sacks_allowed_max"":""12.0"",""pressures_allowed_min"":""2"",""pressures_allowed_max"":""60"",""penalties_min"":""0"",""penalties_max"":""12"",""run_block_proxy_grade_min"":""45"",""run_block_proxy_grade_max"":""64"",""notes"":""OL/protection proxy history; TE/RB values apply when used as blockers.""}"
college_production,college_ol_history_proxy_metrics.csv,college_ol_history_proxy_metrics,runtime_tuning,23,C,"{""position"":""C"",""role_tier"":""special_teams"",""games_started_min"":""1"",""games_started_max"":""3"",""sacks_allowed_min"":""3.3"",""sacks_allowed_max"":""11.4"",""pressures_allowed_min"":""2"",""pressures_allowed_max"":""57"",""penalties_min"":""0"",""penalties_max"":""11"",""run_block_proxy_grade_min"":""47"",""run_block_proxy_grade_max"":""67"",""notes"":""OL/protection proxy history; TE/RB values apply when used as blockers.""}"
college_production,college_ol_history_proxy_metrics.csv,college_ol_history_proxy_metrics,runtime_tuning,24,C,"{""position"":""C"",""role_tier"":""depth"",""games_started_min"":""2"",""games_started_max"":""5"",""sacks_allowed_min"":""2.8"",""sacks_allowed_max"":""10.6"",""pressures_allowed_min"":""1"",""pressures_allowed_max"":""53"",""penalties_min"":""0"",""penalties_max"":""11"",""run_block_proxy_grade_min"":""50"",""run_block_proxy_grade_max"":""71"",""notes"":""OL/protection proxy history; TE/RB values apply when used as blockers.""}"
college_production,college_ol_history_proxy_metrics.csv,college_ol_history_proxy_metrics,runtime_tuning,25,C,"{""position"":""C"",""role_tier"":""rotation"",""games_started_min"":""4"",""games_started_max"":""9"",""sacks_allowed_min"":""1.8"",""sacks_allowed_max"":""8.4"",""pressures_allowed_min"":""1"",""pressures_allowed_max"":""42"",""penalties_min"":""0"",""penalties_max"":""8"",""run_block_proxy_grade_min"":""57"",""run_block_proxy_grade_max"":""81"",""notes"":""OL/protection proxy history; TE/RB values apply when used as blockers.""}"
college_production,college_ol_history_proxy_metrics.csv,college_ol_history_proxy_metrics,runtime_tuning,26,C,"{""position"":""C"",""role_tier"":""spot_starter"",""games_started_min"":""6"",""games_started_max"":""12"",""sacks_allowed_min"":""1.3"",""sacks_allowed_max"":""6.6"",""pressures_allowed_min"":""1"",""pressures_allowed_max"":""33"",""penalties_min"":""0"",""penalties_max"":""7"",""run_block_proxy_grade_min"":""63"",""run_block_proxy_grade_max"":""86"",""notes"":""OL/protection proxy history; TE/RB values apply when used as blockers.""}"
college_production,college_ol_history_proxy_metrics.csv,college_ol_history_proxy_metrics,runtime_tuning,27,C,"{""position"":""C"",""role_tier"":""starter"",""games_started_min"":""8"",""games_started_max"":""14"",""sacks_allowed_min"":""0.8"",""sacks_allowed_max"":""4.8"",""pressures_allowed_min"":""0"",""pressures_allowed_max"":""24"",""penalties_min"":""0"",""penalties_max"":""5"",""run_block_proxy_grade_min"":""69"",""run_block_proxy_grade_max"":""90"",""notes"":""OL/protection proxy history; TE/RB values apply when used as blockers.""}"
college_production,college_ol_history_proxy_metrics.csv,college_ol_history_proxy_metrics,runtime_tuning,28,C,"{""position"":""C"",""role_tier"":""impact_starter"",""games_started_min"":""10"",""games_started_max"":""15"",""sacks_allowed_min"":""0.4"",""sacks_allowed_max"":""3.0"",""pressures_allowed_min"":""0"",""pressures_allowed_max"":""15"",""penalties_min"":""0"",""penalties_max"":""3"",""run_block_proxy_grade_min"":""75"",""run_block_proxy_grade_max"":""94"",""notes"":""OL/protection proxy history; TE/RB values apply when used as blockers.""}"
college_production,college_ol_history_proxy_metrics.csv,college_ol_history_proxy_metrics,runtime_tuning,29,C,"{""position"":""C"",""role_tier"":""all_conference"",""games_started_min"":""12"",""games_started_max"":""16"",""sacks_allowed_min"":""0.1"",""sacks_allowed_max"":""1.8"",""pressures_allowed_min"":""0"",""pressures_allowed_max"":""9"",""penalties_min"":""0"",""penalties_max"":""2"",""run_block_proxy_grade_min"":""79"",""run_block_proxy_grade_max"":""97"",""notes"":""OL/protection proxy history; TE/RB values apply when used as blockers.""}"
college_production,college_ol_history_proxy_metrics.csv,college_ol_history_proxy_metrics,runtime_tuning,30,C,"{""position"":""C"",""role_tier"":""all_american"",""games_started_min"":""13"",""games_started_max"":""17"",""sacks_allowed_min"":""0"",""sacks_allowed_max"":""1.0"",""pressures_allowed_min"":""0"",""pressures_allowed_max"":""5"",""penalties_min"":""0"",""penalties_max"":""1"",""run_block_proxy_grade_min"":""82"",""run_block_proxy_grade_max"":""98"",""notes"":""OL/protection proxy history; TE/RB values apply when used as blockers.""}"
college_production,college_ol_history_proxy_metrics.csv,college_ol_history_proxy_metrics,runtime_tuning,31,RG,"{""position"":""RG"",""role_tier"":""redshirt"",""games_started_min"":""0"",""games_started_max"":""1"",""sacks_allowed_min"":""3.8"",""sacks_allowed_max"":""12.0"",""pressures_allowed_min"":""2"",""pressures_allowed_max"":""60"",""penalties_min"":""0"",""penalties_max"":""12"",""run_block_proxy_grade_min"":""45"",""run_block_proxy_grade_max"":""62"",""notes"":""OL/protection proxy history; TE/RB values apply when used as blockers.""}"
college_production,college_ol_history_proxy_metrics.csv,college_ol_history_proxy_metrics,runtime_tuning,32,RG,"{""position"":""RG"",""role_tier"":""bench"",""games_started_min"":""0"",""games_started_max"":""2"",""sacks_allowed_min"":""3.6"",""sacks_allowed_max"":""12.0"",""pressures_allowed_min"":""2"",""pressures_allowed_max"":""60"",""penalties_min"":""0"",""penalties_max"":""12"",""run_block_proxy_grade_min"":""45"",""run_block_proxy_grade_max"":""64"",""notes"":""OL/protection proxy history; TE/RB values apply when used as blockers.""}"
college_production,college_ol_history_proxy_metrics.csv,college_ol_history_proxy_metrics,runtime_tuning,33,RG,"{""position"":""RG"",""role_tier"":""special_teams"",""games_started_min"":""1"",""games_started_max"":""3"",""sacks_allowed_min"":""3.3"",""sacks_allowed_max"":""11.4"",""pressures_allowed_min"":""2"",""pressures_allowed_max"":""57"",""penalties_min"":""0"",""penalties_max"":""11"",""run_block_proxy_grade_min"":""47"",""run_block_proxy_grade_max"":""67"",""notes"":""OL/protection proxy history; TE/RB values apply when used as blockers.""}"
college_production,college_ol_history_proxy_metrics.csv,college_ol_history_proxy_metrics,runtime_tuning,34,RG,"{""position"":""RG"",""role_tier"":""depth"",""games_started_min"":""2"",""games_started_max"":""5"",""sacks_allowed_min"":""2.8"",""sacks_allowed_max"":""10.6"",""pressures_allowed_min"":""1"",""pressures_allowed_max"":""53"",""penalties_min"":""0"",""penalties_max"":""11"",""run_block_proxy_grade_min"":""50"",""run_block_proxy_grade_max"":""71"",""notes"":""OL/protection proxy history; TE/RB values apply when used as blockers.""}"
college_production,college_ol_history_proxy_metrics.csv,college_ol_history_proxy_metrics,runtime_tuning,35,RG,"{""position"":""RG"",""role_tier"":""rotation"",""games_started_min"":""4"",""games_started_max"":""9"",""sacks_allowed_min"":""1.8"",""sacks_allowed_max"":""8.4"",""pressures_allowed_min"":""1"",""pressures_allowed_max"":""42"",""penalties_min"":""0"",""penalties_max"":""8"",""run_block_proxy_grade_min"":""57"",""run_block_proxy_grade_max"":""81"",""notes"":""OL/protection proxy history; TE/RB values apply when used as blockers.""}"
college_production,college_ol_history_proxy_metrics.csv,college_ol_history_proxy_metrics,runtime_tuning,36,RG,"{""position"":""RG"",""role_tier"":""spot_starter"",""games_started_min"":""6"",""games_started_max"":""12"",""sacks_allowed_min"":""1.3"",""sacks_allowed_max"":""6.6"",""pressures_allowed_min"":""1"",""pressures_allowed_max"":""33"",""penalties_min"":""0"",""penalties_max"":""7"",""run_block_proxy_grade_min"":""63"",""run_block_proxy_grade_max"":""86"",""notes"":""OL/protection proxy history; TE/RB values apply when used as blockers.""}"
college_production,college_ol_history_proxy_metrics.csv,college_ol_history_proxy_metrics,runtime_tuning,37,RG,"{""position"":""RG"",""role_tier"":""starter"",""games_started_min"":""8"",""games_started_max"":""14"",""sacks_allowed_min"":""0.8"",""sacks_allowed_max"":""4.8"",""pressures_allowed_min"":""0"",""pressures_allowed_max"":""24"",""penalties_min"":""0"",""penalties_max"":""5"",""run_block_proxy_grade_min"":""69"",""run_block_proxy_grade_max"":""90"",""notes"":""OL/protection proxy history; TE/RB values apply when used as blockers.""}"
college_production,college_ol_history_proxy_metrics.csv,college_ol_history_proxy_metrics,runtime_tuning,38,RG,"{""position"":""RG"",""role_tier"":""impact_starter"",""games_started_min"":""10"",""games_started_max"":""15"",""sacks_allowed_min"":""0.4"",""sacks_allowed_max"":""3.0"",""pressures_allowed_min"":""0"",""pressures_allowed_max"":""15"",""penalties_min"":""0"",""penalties_max"":""3"",""run_block_proxy_grade_min"":""75"",""run_block_proxy_grade_max"":""94"",""notes"":""OL/protection proxy history; TE/RB values apply when used as blockers.""}"
college_production,college_ol_history_proxy_metrics.csv,college_ol_history_proxy_metrics,runtime_tuning,39,RG,"{""position"":""RG"",""role_tier"":""all_conference"",""games_started_min"":""12"",""games_started_max"":""16"",""sacks_allowed_min"":""0.1"",""sacks_allowed_max"":""1.8"",""pressures_allowed_min"":""0"",""pressures_allowed_max"":""9"",""penalties_min"":""0"",""penalties_max"":""2"",""run_block_proxy_grade_min"":""79"",""run_block_proxy_grade_max"":""97"",""notes"":""OL/protection proxy history; TE/RB values apply when used as blockers.""}"
college_production,college_ol_history_proxy_metrics.csv,college_ol_history_proxy_metrics,runtime_tuning,40,RG,"{""position"":""RG"",""role_tier"":""all_american"",""games_started_min"":""13"",""games_started_max"":""17"",""sacks_allowed_min"":""0"",""sacks_allowed_max"":""1.0"",""pressures_allowed_min"":""0"",""pressures_allowed_max"":""5"",""penalties_min"":""0"",""penalties_max"":""1"",""run_block_proxy_grade_min"":""82"",""run_block_proxy_grade_max"":""98"",""notes"":""OL/protection proxy history; TE/RB values apply when used as blockers.""}"
college_production,college_ol_history_proxy_metrics.csv,college_ol_history_proxy_metrics,runtime_tuning,41,RT,"{""position"":""RT"",""role_tier"":""redshirt"",""games_started_min"":""0"",""games_started_max"":""1"",""sacks_allowed_min"":""3.8"",""sacks_allowed_max"":""12.0"",""pressures_allowed_min"":""2"",""pressures_allowed_max"":""60"",""penalties_min"":""0"",""penalties_max"":""12"",""run_block_proxy_grade_min"":""45"",""run_block_proxy_grade_max"":""62"",""notes"":""OL/protection proxy history; TE/RB values apply when used as blockers.""}"
college_production,college_ol_history_proxy_metrics.csv,college_ol_history_proxy_metrics,runtime_tuning,42,RT,"{""position"":""RT"",""role_tier"":""bench"",""games_started_min"":""0"",""games_started_max"":""2"",""sacks_allowed_min"":""3.6"",""sacks_allowed_max"":""12.0"",""pressures_allowed_min"":""2"",""pressures_allowed_max"":""60"",""penalties_min"":""0"",""penalties_max"":""12"",""run_block_proxy_grade_min"":""45"",""run_block_proxy_grade_max"":""64"",""notes"":""OL/protection proxy history; TE/RB values apply when used as blockers.""}"
college_production,college_ol_history_proxy_metrics.csv,college_ol_history_proxy_metrics,runtime_tuning,43,RT,"{""position"":""RT"",""role_tier"":""special_teams"",""games_started_min"":""1"",""games_started_max"":""3"",""sacks_allowed_min"":""3.3"",""sacks_allowed_max"":""11.4"",""pressures_allowed_min"":""2"",""pressures_allowed_max"":""57"",""penalties_min"":""0"",""penalties_max"":""11"",""run_block_proxy_grade_min"":""47"",""run_block_proxy_grade_max"":""67"",""notes"":""OL/protection proxy history; TE/RB values apply when used as blockers.""}"
college_production,college_ol_history_proxy_metrics.csv,college_ol_history_proxy_metrics,runtime_tuning,44,RT,"{""position"":""RT"",""role_tier"":""depth"",""games_started_min"":""2"",""games_started_max"":""5"",""sacks_allowed_min"":""2.8"",""sacks_allowed_max"":""10.6"",""pressures_allowed_min"":""1"",""pressures_allowed_max"":""53"",""penalties_min"":""0"",""penalties_max"":""11"",""run_block_proxy_grade_min"":""50"",""run_block_proxy_grade_max"":""71"",""notes"":""OL/protection proxy history; TE/RB values apply when used as blockers.""}"
college_production,college_ol_history_proxy_metrics.csv,college_ol_history_proxy_metrics,runtime_tuning,45,RT,"{""position"":""RT"",""role_tier"":""rotation"",""games_started_min"":""4"",""games_started_max"":""9"",""sacks_allowed_min"":""1.8"",""sacks_allowed_max"":""8.4"",""pressures_allowed_min"":""1"",""pressures_allowed_max"":""42"",""penalties_min"":""0"",""penalties_max"":""8"",""run_block_proxy_grade_min"":""57"",""run_block_proxy_grade_max"":""81"",""notes"":""OL/protection proxy history; TE/RB values apply when used as blockers.""}"
college_production,college_ol_history_proxy_metrics.csv,college_ol_history_proxy_metrics,runtime_tuning,46,RT,"{""position"":""RT"",""role_tier"":""spot_starter"",""games_started_min"":""6"",""games_started_max"":""12"",""sacks_allowed_min"":""1.3"",""sacks_allowed_max"":""6.6"",""pressures_allowed_min"":""1"",""pressures_allowed_max"":""33"",""penalties_min"":""0"",""penalties_max"":""7"",""run_block_proxy_grade_min"":""63"",""run_block_proxy_grade_max"":""86"",""notes"":""OL/protection proxy history; TE/RB values apply when used as blockers.""}"
college_production,college_ol_history_proxy_metrics.csv,college_ol_history_proxy_metrics,runtime_tuning,47,RT,"{""position"":""RT"",""role_tier"":""starter"",""games_started_min"":""8"",""games_started_max"":""14"",""sacks_allowed_min"":""0.8"",""sacks_allowed_max"":""4.8"",""pressures_allowed_min"":""0"",""pressures_allowed_max"":""24"",""penalties_min"":""0"",""penalties_max"":""5"",""run_block_proxy_grade_min"":""69"",""run_block_proxy_grade_max"":""90"",""notes"":""OL/protection proxy history; TE/RB values apply when used as blockers.""}"
college_production,college_ol_history_proxy_metrics.csv,college_ol_history_proxy_metrics,runtime_tuning,48,RT,"{""position"":""RT"",""role_tier"":""impact_starter"",""games_started_min"":""10"",""games_started_max"":""15"",""sacks_allowed_min"":""0.4"",""sacks_allowed_max"":""3.0"",""pressures_allowed_min"":""0"",""pressures_allowed_max"":""15"",""penalties_min"":""0"",""penalties_max"":""3"",""run_block_proxy_grade_min"":""75"",""run_block_proxy_grade_max"":""94"",""notes"":""OL/protection proxy history; TE/RB values apply when used as blockers.""}"
college_production,college_ol_history_proxy_metrics.csv,college_ol_history_proxy_metrics,runtime_tuning,49,RT,"{""position"":""RT"",""role_tier"":""all_conference"",""games_started_min"":""12"",""games_started_max"":""16"",""sacks_allowed_min"":""0.1"",""sacks_allowed_max"":""1.8"",""pressures_allowed_min"":""0"",""pressures_allowed_max"":""9"",""penalties_min"":""0"",""penalties_max"":""2"",""run_block_proxy_grade_min"":""79"",""run_block_proxy_grade_max"":""97"",""notes"":""OL/protection proxy history; TE/RB values apply when used as blockers.""}"
college_production,college_ol_history_proxy_metrics.csv,college_ol_history_proxy_metrics,runtime_tuning,50,RT,"{""position"":""RT"",""role_tier"":""all_american"",""games_started_min"":""13"",""games_started_max"":""17"",""sacks_allowed_min"":""0"",""sacks_allowed_max"":""1.0"",""pressures_allowed_min"":""0"",""pressures_allowed_max"":""5"",""penalties_min"":""0"",""penalties_max"":""1"",""run_block_proxy_grade_min"":""82"",""run_block_proxy_grade_max"":""98"",""notes"":""OL/protection proxy history; TE/RB values apply when used as blockers.""}"
college_production,college_ol_history_proxy_metrics.csv,college_ol_history_proxy_metrics,runtime_tuning,51,TE,"{""position"":""TE"",""role_tier"":""redshirt"",""games_started_min"":""0"",""games_started_max"":""1"",""sacks_allowed_min"":""3.8"",""sacks_allowed_max"":""12.0"",""pressures_allowed_min"":""2"",""pressures_allowed_max"":""60"",""penalties_min"":""0"",""penalties_max"":""12"",""run_block_proxy_grade_min"":""45"",""run_block_proxy_grade_max"":""62"",""notes"":""OL/protection proxy history; TE/RB values apply when used as blockers.""}"
college_production,college_ol_history_proxy_metrics.csv,college_ol_history_proxy_metrics,runtime_tuning,52,TE,"{""position"":""TE"",""role_tier"":""bench"",""games_started_min"":""0"",""games_started_max"":""2"",""sacks_allowed_min"":""3.6"",""sacks_allowed_max"":""12.0"",""pressures_allowed_min"":""2"",""pressures_allowed_max"":""60"",""penalties_min"":""0"",""penalties_max"":""12"",""run_block_proxy_grade_min"":""45"",""run_block_proxy_grade_max"":""64"",""notes"":""OL/protection proxy history; TE/RB values apply when used as blockers.""}"
college_production,college_ol_history_proxy_metrics.csv,college_ol_history_proxy_metrics,runtime_tuning,53,TE,"{""position"":""TE"",""role_tier"":""special_teams"",""games_started_min"":""1"",""games_started_max"":""3"",""sacks_allowed_min"":""3.3"",""sacks_allowed_max"":""11.4"",""pressures_allowed_min"":""2"",""pressures_allowed_max"":""57"",""penalties_min"":""0"",""penalties_max"":""11"",""run_block_proxy_grade_min"":""47"",""run_block_proxy_grade_max"":""67"",""notes"":""OL/protection proxy history; TE/RB values apply when used as blockers.""}"
college_production,college_ol_history_proxy_metrics.csv,college_ol_history_proxy_metrics,runtime_tuning,54,TE,"{""position"":""TE"",""role_tier"":""depth"",""games_started_min"":""2"",""games_started_max"":""5"",""sacks_allowed_min"":""2.8"",""sacks_allowed_max"":""10.6"",""pressures_allowed_min"":""1"",""pressures_allowed_max"":""53"",""penalties_min"":""0"",""penalties_max"":""11"",""run_block_proxy_grade_min"":""50"",""run_block_proxy_grade_max"":""71"",""notes"":""OL/protection proxy history; TE/RB values apply when used as blockers.""}"
college_production,college_ol_history_proxy_metrics.csv,college_ol_history_proxy_metrics,runtime_tuning,55,TE,"{""position"":""TE"",""role_tier"":""rotation"",""games_started_min"":""4"",""games_started_max"":""9"",""sacks_allowed_min"":""1.8"",""sacks_allowed_max"":""8.4"",""pressures_allowed_min"":""1"",""pressures_allowed_max"":""42"",""penalties_min"":""0"",""penalties_max"":""8"",""run_block_proxy_grade_min"":""57"",""run_block_proxy_grade_max"":""81"",""notes"":""OL/protection proxy history; TE/RB values apply when used as blockers.""}"
college_production,college_ol_history_proxy_metrics.csv,college_ol_history_proxy_metrics,runtime_tuning,56,TE,"{""position"":""TE"",""role_tier"":""spot_starter"",""games_started_min"":""6"",""games_started_max"":""12"",""sacks_allowed_min"":""1.3"",""sacks_allowed_max"":""6.6"",""pressures_allowed_min"":""1"",""pressures_allowed_max"":""33"",""penalties_min"":""0"",""penalties_max"":""7"",""run_block_proxy_grade_min"":""63"",""run_block_proxy_grade_max"":""86"",""notes"":""OL/protection proxy history; TE/RB values apply when used as blockers.""}"
college_production,college_ol_history_proxy_metrics.csv,college_ol_history_proxy_metrics,runtime_tuning,57,TE,"{""position"":""TE"",""role_tier"":""starter"",""games_started_min"":""8"",""games_started_max"":""14"",""sacks_allowed_min"":""0.8"",""sacks_allowed_max"":""4.8"",""pressures_allowed_min"":""0"",""pressures_allowed_max"":""24"",""penalties_min"":""0"",""penalties_max"":""5"",""run_block_proxy_grade_min"":""69"",""run_block_proxy_grade_max"":""90"",""notes"":""OL/protection proxy history; TE/RB values apply when used as blockers.""}"
college_production,college_ol_history_proxy_metrics.csv,college_ol_history_proxy_metrics,runtime_tuning,58,TE,"{""position"":""TE"",""role_tier"":""impact_starter"",""games_started_min"":""10"",""games_started_max"":""15"",""sacks_allowed_min"":""0.4"",""sacks_allowed_max"":""3.0"",""pressures_allowed_min"":""0"",""pressures_allowed_max"":""15"",""penalties_min"":""0"",""penalties_max"":""3"",""run_block_proxy_grade_min"":""75"",""run_block_proxy_grade_max"":""94"",""notes"":""OL/protection proxy history; TE/RB values apply when used as blockers.""}"
college_production,college_ol_history_proxy_metrics.csv,college_ol_history_proxy_metrics,runtime_tuning,59,TE,"{""position"":""TE"",""role_tier"":""all_conference"",""games_started_min"":""12"",""games_started_max"":""16"",""sacks_allowed_min"":""0.1"",""sacks_allowed_max"":""1.8"",""pressures_allowed_min"":""0"",""pressures_allowed_max"":""9"",""penalties_min"":""0"",""penalties_max"":""2"",""run_block_proxy_grade_min"":""79"",""run_block_proxy_grade_max"":""97"",""notes"":""OL/protection proxy history; TE/RB values apply when used as blockers.""}"
college_production,college_ol_history_proxy_metrics.csv,college_ol_history_proxy_metrics,runtime_tuning,60,TE,"{""position"":""TE"",""role_tier"":""all_american"",""games_started_min"":""13"",""games_started_max"":""17"",""sacks_allowed_min"":""0"",""sacks_allowed_max"":""1.0"",""pressures_allowed_min"":""0"",""pressures_allowed_max"":""5"",""penalties_min"":""0"",""penalties_max"":""1"",""run_block_proxy_grade_min"":""82"",""run_block_proxy_grade_max"":""98"",""notes"":""OL/protection proxy history; TE/RB values apply when used as blockers.""}"
college_production,college_ol_history_proxy_metrics.csv,college_ol_history_proxy_metrics,runtime_tuning,61,RB,"{""position"":""RB"",""role_tier"":""redshirt"",""games_started_min"":""0"",""games_started_max"":""1"",""sacks_allowed_min"":""3.8"",""sacks_allowed_max"":""12.0"",""pressures_allowed_min"":""2"",""pressures_allowed_max"":""60"",""penalties_min"":""0"",""penalties_max"":""12"",""run_block_proxy_grade_min"":""45"",""run_block_proxy_grade_max"":""62"",""notes"":""OL/protection proxy history; TE/RB values apply when used as blockers.""}"
college_production,college_ol_history_proxy_metrics.csv,college_ol_history_proxy_metrics,runtime_tuning,62,RB,"{""position"":""RB"",""role_tier"":""bench"",""games_started_min"":""0"",""games_started_max"":""2"",""sacks_allowed_min"":""3.6"",""sacks_allowed_max"":""12.0"",""pressures_allowed_min"":""2"",""pressures_allowed_max"":""60"",""penalties_min"":""0"",""penalties_max"":""12"",""run_block_proxy_grade_min"":""45"",""run_block_proxy_grade_max"":""64"",""notes"":""OL/protection proxy history; TE/RB values apply when used as blockers.""}"
college_production,college_ol_history_proxy_metrics.csv,college_ol_history_proxy_metrics,runtime_tuning,63,RB,"{""position"":""RB"",""role_tier"":""special_teams"",""games_started_min"":""1"",""games_started_max"":""3"",""sacks_allowed_min"":""3.3"",""sacks_allowed_max"":""11.4"",""pressures_allowed_min"":""2"",""pressures_allowed_max"":""57"",""penalties_min"":""0"",""penalties_max"":""11"",""run_block_proxy_grade_min"":""47"",""run_block_proxy_grade_max"":""67"",""notes"":""OL/protection proxy history; TE/RB values apply when used as blockers.""}"
college_production,college_ol_history_proxy_metrics.csv,college_ol_history_proxy_metrics,runtime_tuning,64,RB,"{""position"":""RB"",""role_tier"":""depth"",""games_started_min"":""2"",""games_started_max"":""5"",""sacks_allowed_min"":""2.8"",""sacks_allowed_max"":""10.6"",""pressures_allowed_min"":""1"",""pressures_allowed_max"":""53"",""penalties_min"":""0"",""penalties_max"":""11"",""run_block_proxy_grade_min"":""50"",""run_block_proxy_grade_max"":""71"",""notes"":""OL/protection proxy history; TE/RB values apply when used as blockers.""}"
college_production,college_ol_history_proxy_metrics.csv,college_ol_history_proxy_metrics,runtime_tuning,65,RB,"{""position"":""RB"",""role_tier"":""rotation"",""games_started_min"":""4"",""games_started_max"":""9"",""sacks_allowed_min"":""1.8"",""sacks_allowed_max"":""8.4"",""pressures_allowed_min"":""1"",""pressures_allowed_max"":""42"",""penalties_min"":""0"",""penalties_max"":""8"",""run_block_proxy_grade_min"":""57"",""run_block_proxy_grade_max"":""81"",""notes"":""OL/protection proxy history; TE/RB values apply when used as blockers.""}"
college_production,college_ol_history_proxy_metrics.csv,college_ol_history_proxy_metrics,runtime_tuning,66,RB,"{""position"":""RB"",""role_tier"":""spot_starter"",""games_started_min"":""6"",""games_started_max"":""12"",""sacks_allowed_min"":""1.3"",""sacks_allowed_max"":""6.6"",""pressures_allowed_min"":""1"",""pressures_allowed_max"":""33"",""penalties_min"":""0"",""penalties_max"":""7"",""run_block_proxy_grade_min"":""63"",""run_block_proxy_grade_max"":""86"",""notes"":""OL/protection proxy history; TE/RB values apply when used as blockers.""}"
college_production,college_ol_history_proxy_metrics.csv,college_ol_history_proxy_metrics,runtime_tuning,67,RB,"{""position"":""RB"",""role_tier"":""starter"",""games_started_min"":""8"",""games_started_max"":""14"",""sacks_allowed_min"":""0.8"",""sacks_allowed_max"":""4.8"",""pressures_allowed_min"":""0"",""pressures_allowed_max"":""24"",""penalties_min"":""0"",""penalties_max"":""5"",""run_block_proxy_grade_min"":""69"",""run_block_proxy_grade_max"":""90"",""notes"":""OL/protection proxy history; TE/RB values apply when used as blockers.""}"
college_production,college_ol_history_proxy_metrics.csv,college_ol_history_proxy_metrics,runtime_tuning,68,RB,"{""position"":""RB"",""role_tier"":""impact_starter"",""games_started_min"":""10"",""games_started_max"":""15"",""sacks_allowed_min"":""0.4"",""sacks_allowed_max"":""3.0"",""pressures_allowed_min"":""0"",""pressures_allowed_max"":""15"",""penalties_min"":""0"",""penalties_max"":""3"",""run_block_proxy_grade_min"":""75"",""run_block_proxy_grade_max"":""94"",""notes"":""OL/protection proxy history; TE/RB values apply when used as blockers.""}"
college_production,college_ol_history_proxy_metrics.csv,college_ol_history_proxy_metrics,runtime_tuning,69,RB,"{""position"":""RB"",""role_tier"":""all_conference"",""games_started_min"":""12"",""games_started_max"":""16"",""sacks_allowed_min"":""0.1"",""sacks_allowed_max"":""1.8"",""pressures_allowed_min"":""0"",""pressures_allowed_max"":""9"",""penalties_min"":""0"",""penalties_max"":""2"",""run_block_proxy_grade_min"":""79"",""run_block_proxy_grade_max"":""97"",""notes"":""OL/protection proxy history; TE/RB values apply when used as blockers.""}"
college_production,college_ol_history_proxy_metrics.csv,college_ol_history_proxy_metrics,runtime_tuning,70,RB,"{""position"":""RB"",""role_tier"":""all_american"",""games_started_min"":""13"",""games_started_max"":""17"",""sacks_allowed_min"":""0"",""sacks_allowed_max"":""1.0"",""pressures_allowed_min"":""0"",""pressures_allowed_max"":""5"",""penalties_min"":""0"",""penalties_max"":""1"",""run_block_proxy_grade_min"":""82"",""run_block_proxy_grade_max"":""98"",""notes"":""OL/protection proxy history; TE/RB values apply when used as blockers.""}"
college_production,college_production_award_thresholds.csv,college_production_award_thresholds,runtime_tuning,1,QB,"{""award_tier"":""all_conference"",""position_group"":""QB"",""required_role_min"":""impact_starter"",""primary_stat_key"":""pass_yards"",""primary_stat_min"":""3400"",""secondary_stat_key"":""pass_tds"",""secondary_stat_min"":""28"",""team_success_min"":""0.45"",""rarity_cap_per_conference"":""3"",""notes"":""Award assignment threshold with rarity cap.""}"
college_production,college_production_award_thresholds.csv,college_production_award_thresholds,runtime_tuning,2,QB,"{""award_tier"":""all_american"",""position_group"":""QB"",""required_role_min"":""all_conference"",""primary_stat_key"":""pass_yards"",""primary_stat_min"":""4200"",""secondary_stat_key"":""pass_tds"",""secondary_stat_min"":""36"",""team_success_min"":""0.45"",""rarity_cap_per_conference"":""1"",""notes"":""Award assignment threshold with rarity cap.""}"
college_production,college_production_award_thresholds.csv,college_production_award_thresholds,runtime_tuning,3,RB,"{""award_tier"":""all_conference"",""position_group"":""RB"",""required_role_min"":""impact_starter"",""primary_stat_key"":""rush_yards"",""primary_stat_min"":""1200"",""secondary_stat_key"":""rush_tds"",""secondary_stat_min"":""12"",""team_success_min"":""0.45"",""rarity_cap_per_conference"":""4"",""notes"":""Award assignment threshold with rarity cap.""}"
college_production,college_production_award_thresholds.csv,college_production_award_thresholds,runtime_tuning,4,RB,"{""award_tier"":""all_american"",""position_group"":""RB"",""required_role_min"":""all_conference"",""primary_stat_key"":""rush_yards"",""primary_stat_min"":""1650"",""secondary_stat_key"":""rush_tds"",""secondary_stat_min"":""18"",""team_success_min"":""0.45"",""rarity_cap_per_conference"":""2"",""notes"":""Award assignment threshold with rarity cap.""}"
college_production,college_production_award_thresholds.csv,college_production_award_thresholds,runtime_tuning,5,WR,"{""award_tier"":""all_conference"",""position_group"":""WR"",""required_role_min"":""impact_starter"",""primary_stat_key"":""receiving_yards"",""primary_stat_min"":""900"",""secondary_stat_key"":""receiving_tds"",""secondary_stat_min"":""7"",""team_success_min"":""0.45"",""rarity_cap_per_conference"":""5"",""notes"":""Award assignment threshold with rarity cap.""}"
college_production,college_production_award_thresholds.csv,college_production_award_thresholds,runtime_tuning,6,WR,"{""award_tier"":""all_american"",""position_group"":""WR"",""required_role_min"":""all_conference"",""primary_stat_key"":""receiving_yards"",""primary_stat_min"":""1250"",""secondary_stat_key"":""receiving_tds"",""secondary_stat_min"":""10"",""team_success_min"":""0.45"",""rarity_cap_per_conference"":""2"",""notes"":""Award assignment threshold with rarity cap.""}"
college_production,college_production_award_thresholds.csv,college_production_award_thresholds,runtime_tuning,7,TE,"{""award_tier"":""all_conference"",""position_group"":""TE"",""required_role_min"":""impact_starter"",""primary_stat_key"":""receiving_yards"",""primary_stat_min"":""600"",""secondary_stat_key"":""receiving_tds"",""secondary_stat_min"":""5"",""team_success_min"":""0.45"",""rarity_cap_per_conference"":""3"",""notes"":""Award assignment threshold with rarity cap.""}"
college_production,college_production_award_thresholds.csv,college_production_award_thresholds,runtime_tuning,8,TE,"{""award_tier"":""all_american"",""position_group"":""TE"",""required_role_min"":""all_conference"",""primary_stat_key"":""receiving_yards"",""primary_stat_min"":""850"",""secondary_stat_key"":""receptions"",""secondary_stat_min"":""55"",""team_success_min"":""0.45"",""rarity_cap_per_conference"":""1"",""notes"":""Award assignment threshold with rarity cap.""}"
college_production,college_production_award_thresholds.csv,college_production_award_thresholds,runtime_tuning,9,OL,"{""award_tier"":""all_conference"",""position_group"":""OL"",""required_role_min"":""impact_starter"",""primary_stat_key"":""run_block_proxy_grade"",""primary_stat_min"":""78"",""secondary_stat_key"":""sacks_allowed"",""secondary_stat_min"":""0"",""team_success_min"":""0.45"",""rarity_cap_per_conference"":""8"",""notes"":""Award assignment threshold with rarity cap.""}"
college_production,college_production_award_thresholds.csv,college_production_award_thresholds,runtime_tuning,10,OL,"{""award_tier"":""all_american"",""position_group"":""OL"",""required_role_min"":""all_conference"",""primary_stat_key"":""run_block_proxy_grade"",""primary_stat_min"":""88"",""secondary_stat_key"":""sacks_allowed"",""secondary_stat_min"":""0"",""team_success_min"":""0.45"",""rarity_cap_per_conference"":""4"",""notes"":""Award assignment threshold with rarity cap.""}"
college_production,college_production_award_thresholds.csv,college_production_award_thresholds,runtime_tuning,11,EDGE,"{""award_tier"":""all_conference"",""position_group"":""EDGE"",""required_role_min"":""impact_starter"",""primary_stat_key"":""sacks"",""primary_stat_min"":""8"",""secondary_stat_key"":""tfl"",""secondary_stat_min"":""12"",""team_success_min"":""0.45"",""rarity_cap_per_conference"":""5"",""notes"":""Award assignment threshold with rarity cap.""}"
college_production,college_production_award_thresholds.csv,college_production_award_thresholds,runtime_tuning,12,EDGE,"{""award_tier"":""all_american"",""position_group"":""EDGE"",""required_role_min"":""all_conference"",""primary_stat_key"":""sacks"",""primary_stat_min"":""12"",""secondary_stat_key"":""tfl"",""secondary_stat_min"":""17"",""team_success_min"":""0.45"",""rarity_cap_per_conference"":""2"",""notes"":""Award assignment threshold with rarity cap.""}"
college_production,college_production_award_thresholds.csv,college_production_award_thresholds,runtime_tuning,13,DL,"{""award_tier"":""all_conference"",""position_group"":""DL"",""required_role_min"":""impact_starter"",""primary_stat_key"":""tfl"",""primary_stat_min"":""10"",""secondary_stat_key"":""sacks"",""secondary_stat_min"":""5"",""team_success_min"":""0.45"",""rarity_cap_per_conference"":""4"",""notes"":""Award assignment threshold with rarity cap.""}"
college_production,college_production_award_thresholds.csv,college_production_award_thresholds,runtime_tuning,14,LB,"{""award_tier"":""all_conference"",""position_group"":""LB"",""required_role_min"":""impact_starter"",""primary_stat_key"":""total_tackles"",""primary_stat_min"":""85"",""secondary_stat_key"":""tfl"",""secondary_stat_min"":""8"",""team_success_min"":""0.45"",""rarity_cap_per_conference"":""5"",""notes"":""Award assignment threshold with rarity cap.""}"
college_production,college_production_award_thresholds.csv,college_production_award_thresholds,runtime_tuning,15,CB,"{""award_tier"":""all_conference"",""position_group"":""CB"",""required_role_min"":""impact_starter"",""primary_stat_key"":""pass_breakups"",""primary_stat_min"":""8"",""secondary_stat_key"":""interceptions"",""secondary_stat_min"":""2"",""team_success_min"":""0.45"",""rarity_cap_per_conference"":""5"",""notes"":""Award assignment threshold with rarity cap.""}"
college_production,college_production_award_thresholds.csv,college_production_award_thresholds,runtime_tuning,16,S,"{""award_tier"":""all_conference"",""position_group"":""S"",""required_role_min"":""impact_starter"",""primary_stat_key"":""total_tackles"",""primary_stat_min"":""70"",""secondary_stat_key"":""interceptions"",""secondary_stat_min"":""2"",""team_success_min"":""0.45"",""rarity_cap_per_conference"":""5"",""notes"":""Award assignment threshold with rarity cap.""}"
college_production,college_production_award_thresholds.csv,college_production_award_thresholds,runtime_tuning,17,K,"{""award_tier"":""all_conference"",""position_group"":""K"",""required_role_min"":""impact_starter"",""primary_stat_key"":""fg_pct"",""primary_stat_min"":""0.8"",""secondary_stat_key"":""fg_made"",""secondary_stat_min"":""16"",""team_success_min"":""0.45"",""rarity_cap_per_conference"":""3"",""notes"":""Award assignment threshold with rarity cap.""}"
college_production,college_production_award_thresholds.csv,college_production_award_thresholds,runtime_tuning,18,P,"{""award_tier"":""all_conference"",""position_group"":""P"",""required_role_min"":""impact_starter"",""primary_stat_key"":""punt_avg"",""primary_stat_min"":""44"",""secondary_stat_key"":""inside_20"",""secondary_stat_min"":""18"",""team_success_min"":""0.45"",""rarity_cap_per_conference"":""3"",""notes"":""Award assignment threshold with rarity cap.""}"
college_production,college_production_career_arc_templates.csv,college_production_career_arc_templates,runtime_tuning,1,FR,"{""career_arc_template"":""early_star"",""class_year"":""FR"",""default_role_tier"":""rotation"",""description"":""Impact early, stable/elite upperclass production"",""notes"":""Use as prior; ratings/injuries/transfer can alter.""}"
college_production,college_production_career_arc_templates.csv,college_production_career_arc_templates,runtime_tuning,2,RS-FR,"{""career_arc_template"":""early_star"",""class_year"":""RS-FR"",""default_role_tier"":""rotation"",""description"":""Impact early, stable/elite upperclass production"",""notes"":""Use as prior; ratings/injuries/transfer can alter.""}"
college_production,college_production_career_arc_templates.csv,college_production_career_arc_templates,runtime_tuning,3,SO,"{""career_arc_template"":""early_star"",""class_year"":""SO"",""default_role_tier"":""starter"",""description"":""Impact early, stable/elite upperclass production"",""notes"":""Use as prior; ratings/injuries/transfer can alter.""}"
college_production,college_production_career_arc_templates.csv,college_production_career_arc_templates,runtime_tuning,4,RS-SO,"{""career_arc_template"":""early_star"",""class_year"":""RS-SO"",""default_role_tier"":""starter"",""description"":""Impact early, stable/elite upperclass production"",""notes"":""Use as prior; ratings/injuries/transfer can alter.""}"
college_production,college_production_career_arc_templates.csv,college_production_career_arc_templates,runtime_tuning,5,JR,"{""career_arc_template"":""early_star"",""class_year"":""JR"",""default_role_tier"":""impact_starter"",""description"":""Impact early, stable/elite upperclass production"",""notes"":""Use as prior; ratings/injuries/transfer can alter.""}"
college_production,college_production_career_arc_templates.csv,college_production_career_arc_templates,runtime_tuning,6,RS-JR,"{""career_arc_template"":""early_star"",""class_year"":""RS-JR"",""default_role_tier"":""impact_starter"",""description"":""Impact early, stable/elite upperclass production"",""notes"":""Use as prior; ratings/injuries/transfer can alter.""}"
college_production,college_production_career_arc_templates.csv,college_production_career_arc_templates,runtime_tuning,7,SR,"{""career_arc_template"":""early_star"",""class_year"":""SR"",""default_role_tier"":""all_conference"",""description"":""Impact early, stable/elite upperclass production"",""notes"":""Use as prior; ratings/injuries/transfer can alter.""}"
college_production,college_production_career_arc_templates.csv,college_production_career_arc_templates,runtime_tuning,8,RS-SR,"{""career_arc_template"":""early_star"",""class_year"":""RS-SR"",""default_role_tier"":""all_conference"",""description"":""Impact early, stable/elite upperclass production"",""notes"":""Use as prior; ratings/injuries/transfer can alter.""}"
college_production,college_production_career_arc_templates.csv,college_production_career_arc_templates,runtime_tuning,9,FR,"{""career_arc_template"":""redshirt_developer"",""class_year"":""FR"",""default_role_tier"":""redshirt"",""description"":""Redshirt then gradual rise"",""notes"":""Use as prior; ratings/injuries/transfer can alter.""}"
college_production,college_production_career_arc_templates.csv,college_production_career_arc_templates,runtime_tuning,10,RS-FR,"{""career_arc_template"":""redshirt_developer"",""class_year"":""RS-FR"",""default_role_tier"":""depth"",""description"":""Redshirt then gradual rise"",""notes"":""Use as prior; ratings/injuries/transfer can alter.""}"
college_production,college_production_career_arc_templates.csv,college_production_career_arc_templates,runtime_tuning,11,SO,"{""career_arc_template"":""redshirt_developer"",""class_year"":""SO"",""default_role_tier"":""depth"",""description"":""Redshirt then gradual rise"",""notes"":""Use as prior; ratings/injuries/transfer can alter.""}"
college_production,college_production_career_arc_templates.csv,college_production_career_arc_templates,runtime_tuning,12,RS-SO,"{""career_arc_template"":""redshirt_developer"",""class_year"":""RS-SO"",""default_role_tier"":""rotation"",""description"":""Redshirt then gradual rise"",""notes"":""Use as prior; ratings/injuries/transfer can alter.""}"
college_production,college_production_career_arc_templates.csv,college_production_career_arc_templates,runtime_tuning,13,JR,"{""career_arc_template"":""redshirt_developer"",""class_year"":""JR"",""default_role_tier"":""depth"",""description"":""Redshirt then gradual rise"",""notes"":""Use as prior; ratings/injuries/transfer can alter.""}"
college_production,college_production_career_arc_templates.csv,college_production_career_arc_templates,runtime_tuning,14,RS-JR,"{""career_arc_template"":""redshirt_developer"",""class_year"":""RS-JR"",""default_role_tier"":""starter"",""description"":""Redshirt then gradual rise"",""notes"":""Use as prior; ratings/injuries/transfer can alter.""}"
college_production,college_production_career_arc_templates.csv,college_production_career_arc_templates,runtime_tuning,15,SR,"{""career_arc_template"":""redshirt_developer"",""class_year"":""SR"",""default_role_tier"":""depth"",""description"":""Redshirt then gradual rise"",""notes"":""Use as prior; ratings/injuries/transfer can alter.""}"
college_production,college_production_career_arc_templates.csv,college_production_career_arc_templates,runtime_tuning,16,RS-SR,"{""career_arc_template"":""redshirt_developer"",""class_year"":""RS-SR"",""default_role_tier"":""impact_starter"",""description"":""Redshirt then gradual rise"",""notes"":""Use as prior; ratings/injuries/transfer can alter.""}"
college_production,college_production_career_arc_templates.csv,college_production_career_arc_templates,runtime_tuning,17,FR,"{""career_arc_template"":""late_breakout"",""class_year"":""FR"",""default_role_tier"":""bench"",""description"":""Limited early with junior/senior jump"",""notes"":""Use as prior; ratings/injuries/transfer can alter.""}"
college_production,college_production_career_arc_templates.csv,college_production_career_arc_templates,runtime_tuning,18,RS-FR,"{""career_arc_template"":""late_breakout"",""class_year"":""RS-FR"",""default_role_tier"":""bench"",""description"":""Limited early with junior/senior jump"",""notes"":""Use as prior; ratings/injuries/transfer can alter.""}"
college_production,college_production_career_arc_templates.csv,college_production_career_arc_templates,runtime_tuning,19,SO,"{""career_arc_template"":""late_breakout"",""class_year"":""SO"",""default_role_tier"":""depth"",""description"":""Limited early with junior/senior jump"",""notes"":""Use as prior; ratings/injuries/transfer can alter.""}"
college_production,college_production_career_arc_templates.csv,college_production_career_arc_templates,runtime_tuning,20,RS-SO,"{""career_arc_template"":""late_breakout"",""class_year"":""RS-SO"",""default_role_tier"":""depth"",""description"":""Limited early with junior/senior jump"",""notes"":""Use as prior; ratings/injuries/transfer can alter.""}"
college_production,college_production_career_arc_templates.csv,college_production_career_arc_templates,runtime_tuning,21,JR,"{""career_arc_template"":""late_breakout"",""class_year"":""JR"",""default_role_tier"":""spot_starter"",""description"":""Limited early with junior/senior jump"",""notes"":""Use as prior; ratings/injuries/transfer can alter.""}"
college_production,college_production_career_arc_templates.csv,college_production_career_arc_templates,runtime_tuning,22,RS-JR,"{""career_arc_template"":""late_breakout"",""class_year"":""RS-JR"",""default_role_tier"":""spot_starter"",""description"":""Limited early with junior/senior jump"",""notes"":""Use as prior; ratings/injuries/transfer can alter.""}"
college_production,college_production_career_arc_templates.csv,college_production_career_arc_templates,runtime_tuning,23,SR,"{""career_arc_template"":""late_breakout"",""class_year"":""SR"",""default_role_tier"":""impact_starter"",""description"":""Limited early with junior/senior jump"",""notes"":""Use as prior; ratings/injuries/transfer can alter.""}"
college_production,college_production_career_arc_templates.csv,college_production_career_arc_templates,runtime_tuning,24,RS-SR,"{""career_arc_template"":""late_breakout"",""class_year"":""RS-SR"",""default_role_tier"":""impact_starter"",""description"":""Limited early with junior/senior jump"",""notes"":""Use as prior; ratings/injuries/transfer can alter.""}"
college_production,college_production_career_arc_templates.csv,college_production_career_arc_templates,runtime_tuning,25,FR,"{""career_arc_template"":""steady_starter"",""class_year"":""FR"",""default_role_tier"":""depth"",""description"":""Normal starter development"",""notes"":""Use as prior; ratings/injuries/transfer can alter.""}"
college_production,college_production_career_arc_templates.csv,college_production_career_arc_templates,runtime_tuning,26,RS-FR,"{""career_arc_template"":""steady_starter"",""class_year"":""RS-FR"",""default_role_tier"":""depth"",""description"":""Normal starter development"",""notes"":""Use as prior; ratings/injuries/transfer can alter.""}"
college_production,college_production_career_arc_templates.csv,college_production_career_arc_templates,runtime_tuning,27,SO,"{""career_arc_template"":""steady_starter"",""class_year"":""SO"",""default_role_tier"":""rotation"",""description"":""Normal starter development"",""notes"":""Use as prior; ratings/injuries/transfer can alter.""}"
college_production,college_production_career_arc_templates.csv,college_production_career_arc_templates,runtime_tuning,28,RS-SO,"{""career_arc_template"":""steady_starter"",""class_year"":""RS-SO"",""default_role_tier"":""rotation"",""description"":""Normal starter development"",""notes"":""Use as prior; ratings/injuries/transfer can alter.""}"
college_production,college_production_career_arc_templates.csv,college_production_career_arc_templates,runtime_tuning,29,JR,"{""career_arc_template"":""steady_starter"",""class_year"":""JR"",""default_role_tier"":""starter"",""description"":""Normal starter development"",""notes"":""Use as prior; ratings/injuries/transfer can alter.""}"
college_production,college_production_career_arc_templates.csv,college_production_career_arc_templates,runtime_tuning,30,RS-JR,"{""career_arc_template"":""steady_starter"",""class_year"":""RS-JR"",""default_role_tier"":""starter"",""description"":""Normal starter development"",""notes"":""Use as prior; ratings/injuries/transfer can alter.""}"
college_production,college_production_career_arc_templates.csv,college_production_career_arc_templates,runtime_tuning,31,SR,"{""career_arc_template"":""steady_starter"",""class_year"":""SR"",""default_role_tier"":""starter"",""description"":""Normal starter development"",""notes"":""Use as prior; ratings/injuries/transfer can alter.""}"
college_production,college_production_career_arc_templates.csv,college_production_career_arc_templates,runtime_tuning,32,RS-SR,"{""career_arc_template"":""steady_starter"",""class_year"":""RS-SR"",""default_role_tier"":""starter"",""description"":""Normal starter development"",""notes"":""Use as prior; ratings/injuries/transfer can alter.""}"
college_production,college_production_career_arc_templates.csv,college_production_career_arc_templates,runtime_tuning,33,FR,"{""career_arc_template"":""career_backup"",""class_year"":""FR"",""default_role_tier"":""bench"",""description"":""Limited snaps, occasional spot starts"",""notes"":""Use as prior; ratings/injuries/transfer can alter.""}"
college_production,college_production_career_arc_templates.csv,college_production_career_arc_templates,runtime_tuning,34,RS-FR,"{""career_arc_template"":""career_backup"",""class_year"":""RS-FR"",""default_role_tier"":""bench"",""description"":""Limited snaps, occasional spot starts"",""notes"":""Use as prior; ratings/injuries/transfer can alter.""}"
college_production,college_production_career_arc_templates.csv,college_production_career_arc_templates,runtime_tuning,35,SO,"{""career_arc_template"":""career_backup"",""class_year"":""SO"",""default_role_tier"":""depth"",""description"":""Limited snaps, occasional spot starts"",""notes"":""Use as prior; ratings/injuries/transfer can alter.""}"
college_production,college_production_career_arc_templates.csv,college_production_career_arc_templates,runtime_tuning,36,RS-SO,"{""career_arc_template"":""career_backup"",""class_year"":""RS-SO"",""default_role_tier"":""depth"",""description"":""Limited snaps, occasional spot starts"",""notes"":""Use as prior; ratings/injuries/transfer can alter.""}"
college_production,college_production_career_arc_templates.csv,college_production_career_arc_templates,runtime_tuning,37,JR,"{""career_arc_template"":""career_backup"",""class_year"":""JR"",""default_role_tier"":""rotation"",""description"":""Limited snaps, occasional spot starts"",""notes"":""Use as prior; ratings/injuries/transfer can alter.""}"
college_production,college_production_career_arc_templates.csv,college_production_career_arc_templates,runtime_tuning,38,RS-JR,"{""career_arc_template"":""career_backup"",""class_year"":""RS-JR"",""default_role_tier"":""rotation"",""description"":""Limited snaps, occasional spot starts"",""notes"":""Use as prior; ratings/injuries/transfer can alter.""}"
college_production,college_production_career_arc_templates.csv,college_production_career_arc_templates,runtime_tuning,39,SR,"{""career_arc_template"":""career_backup"",""class_year"":""SR"",""default_role_tier"":""depth"",""description"":""Limited snaps, occasional spot starts"",""notes"":""Use as prior; ratings/injuries/transfer can alter.""}"
college_production,college_production_career_arc_templates.csv,college_production_career_arc_templates,runtime_tuning,40,RS-SR,"{""career_arc_template"":""career_backup"",""class_year"":""RS-SR"",""default_role_tier"":""depth"",""description"":""Limited snaps, occasional spot starts"",""notes"":""Use as prior; ratings/injuries/transfer can alter.""}"
college_production,college_production_career_arc_templates.csv,college_production_career_arc_templates,runtime_tuning,41,FR,"{""career_arc_template"":""transfer_breakout"",""class_year"":""FR"",""default_role_tier"":""bench"",""description"":""Low old role then big post-transfer season"",""notes"":""Use as prior; ratings/injuries/transfer can alter.""}"
college_production,college_production_career_arc_templates.csv,college_production_career_arc_templates,runtime_tuning,42,RS-FR,"{""career_arc_template"":""transfer_breakout"",""class_year"":""RS-FR"",""default_role_tier"":""bench"",""description"":""Low old role then big post-transfer season"",""notes"":""Use as prior; ratings/injuries/transfer can alter.""}"
college_production,college_production_career_arc_templates.csv,college_production_career_arc_templates,runtime_tuning,43,SO,"{""career_arc_template"":""transfer_breakout"",""class_year"":""SO"",""default_role_tier"":""depth"",""description"":""Low old role then big post-transfer season"",""notes"":""Use as prior; ratings/injuries/transfer can alter.""}"
college_production,college_production_career_arc_templates.csv,college_production_career_arc_templates,runtime_tuning,44,RS-SO,"{""career_arc_template"":""transfer_breakout"",""class_year"":""RS-SO"",""default_role_tier"":""depth"",""description"":""Low old role then big post-transfer season"",""notes"":""Use as prior; ratings/injuries/transfer can alter.""}"
college_production,college_production_career_arc_templates.csv,college_production_career_arc_templates,runtime_tuning,45,JR,"{""career_arc_template"":""transfer_breakout"",""class_year"":""JR"",""default_role_tier"":""starter"",""description"":""Low old role then big post-transfer season"",""notes"":""Use as prior; ratings/injuries/transfer can alter.""}"
college_production,college_production_career_arc_templates.csv,college_production_career_arc_templates,runtime_tuning,46,RS-JR,"{""career_arc_template"":""transfer_breakout"",""class_year"":""RS-JR"",""default_role_tier"":""starter"",""description"":""Low old role then big post-transfer season"",""notes"":""Use as prior; ratings/injuries/transfer can alter.""}"
college_production,college_production_career_arc_templates.csv,college_production_career_arc_templates,runtime_tuning,47,SR,"{""career_arc_template"":""transfer_breakout"",""class_year"":""SR"",""default_role_tier"":""impact_starter"",""description"":""Low old role then big post-transfer season"",""notes"":""Use as prior; ratings/injuries/transfer can alter.""}"
college_production,college_production_career_arc_templates.csv,college_production_career_arc_templates,runtime_tuning,48,RS-SR,"{""career_arc_template"":""transfer_breakout"",""class_year"":""RS-SR"",""default_role_tier"":""impact_starter"",""description"":""Low old role then big post-transfer season"",""notes"":""Use as prior; ratings/injuries/transfer can alter.""}"
college_production,college_production_career_arc_templates.csv,college_production_career_arc_templates,runtime_tuning,49,FR,"{""career_arc_template"":""injury_interrupted"",""class_year"":""FR"",""default_role_tier"":""rotation"",""description"":""Good player with suppressed injury year"",""notes"":""Use as prior; ratings/injuries/transfer can alter.""}"
college_production,college_production_career_arc_templates.csv,college_production_career_arc_templates,runtime_tuning,50,RS-FR,"{""career_arc_template"":""injury_interrupted"",""class_year"":""RS-FR"",""default_role_tier"":""rotation"",""description"":""Good player with suppressed injury year"",""notes"":""Use as prior; ratings/injuries/transfer can alter.""}"
college_production,college_production_career_arc_templates.csv,college_production_career_arc_templates,runtime_tuning,51,SO,"{""career_arc_template"":""injury_interrupted"",""class_year"":""SO"",""default_role_tier"":""starter"",""description"":""Good player with suppressed injury year"",""notes"":""Use as prior; ratings/injuries/transfer can alter.""}"
college_production,college_production_career_arc_templates.csv,college_production_career_arc_templates,runtime_tuning,52,RS-SO,"{""career_arc_template"":""injury_interrupted"",""class_year"":""RS-SO"",""default_role_tier"":""starter"",""description"":""Good player with suppressed injury year"",""notes"":""Use as prior; ratings/injuries/transfer can alter.""}"
college_production,college_production_career_arc_templates.csv,college_production_career_arc_templates,runtime_tuning,53,JR,"{""career_arc_template"":""injury_interrupted"",""class_year"":""JR"",""default_role_tier"":""depth"",""description"":""Good player with suppressed injury year"",""notes"":""Use as prior; ratings/injuries/transfer can alter.""}"
college_production,college_production_career_arc_templates.csv,college_production_career_arc_templates,runtime_tuning,54,RS-JR,"{""career_arc_template"":""injury_interrupted"",""class_year"":""RS-JR"",""default_role_tier"":""depth"",""description"":""Good player with suppressed injury year"",""notes"":""Use as prior; ratings/injuries/transfer can alter.""}"
college_production,college_production_career_arc_templates.csv,college_production_career_arc_templates,runtime_tuning,55,SR,"{""career_arc_template"":""injury_interrupted"",""class_year"":""SR"",""default_role_tier"":""impact_starter"",""description"":""Good player with suppressed injury year"",""notes"":""Use as prior; ratings/injuries/transfer can alter.""}"
college_production,college_production_career_arc_templates.csv,college_production_career_arc_templates,runtime_tuning,56,RS-SR,"{""career_arc_template"":""injury_interrupted"",""class_year"":""RS-SR"",""default_role_tier"":""impact_starter"",""description"":""Good player with suppressed injury year"",""notes"":""Use as prior; ratings/injuries/transfer can alter.""}"
college_production,college_production_career_arc_templates.csv,college_production_career_arc_templates,runtime_tuning,57,FR,"{""career_arc_template"":""one_year_wonder"",""class_year"":""FR"",""default_role_tier"":""bench"",""description"":""One large production season"",""notes"":""Use as prior; ratings/injuries/transfer can alter.""}"
college_production,college_production_career_arc_templates.csv,college_production_career_arc_templates,runtime_tuning,58,RS-FR,"{""career_arc_template"":""one_year_wonder"",""class_year"":""RS-FR"",""default_role_tier"":""bench"",""description"":""One large production season"",""notes"":""Use as prior; ratings/injuries/transfer can alter.""}"
college_production,college_production_career_arc_templates.csv,college_production_career_arc_templates,runtime_tuning,59,SO,"{""career_arc_template"":""one_year_wonder"",""class_year"":""SO"",""default_role_tier"":""rotation"",""description"":""One large production season"",""notes"":""Use as prior; ratings/injuries/transfer can alter.""}"
college_production,college_production_career_arc_templates.csv,college_production_career_arc_templates,runtime_tuning,60,RS-SO,"{""career_arc_template"":""one_year_wonder"",""class_year"":""RS-SO"",""default_role_tier"":""rotation"",""description"":""One large production season"",""notes"":""Use as prior; ratings/injuries/transfer can alter.""}"
college_production,college_production_career_arc_templates.csv,college_production_career_arc_templates,runtime_tuning,61,JR,"{""career_arc_template"":""one_year_wonder"",""class_year"":""JR"",""default_role_tier"":""depth"",""description"":""One large production season"",""notes"":""Use as prior; ratings/injuries/transfer can alter.""}"
college_production,college_production_career_arc_templates.csv,college_production_career_arc_templates,runtime_tuning,62,RS-JR,"{""career_arc_template"":""one_year_wonder"",""class_year"":""RS-JR"",""default_role_tier"":""depth"",""description"":""One large production season"",""notes"":""Use as prior; ratings/injuries/transfer can alter.""}"
college_production,college_production_career_arc_templates.csv,college_production_career_arc_templates,runtime_tuning,63,SR,"{""career_arc_template"":""one_year_wonder"",""class_year"":""SR"",""default_role_tier"":""all_conference"",""description"":""One large production season"",""notes"":""Use as prior; ratings/injuries/transfer can alter.""}"
college_production,college_production_career_arc_templates.csv,college_production_career_arc_templates,runtime_tuning,64,RS-SR,"{""career_arc_template"":""one_year_wonder"",""class_year"":""RS-SR"",""default_role_tier"":""all_conference"",""description"":""One large production season"",""notes"":""Use as prior; ratings/injuries/transfer can alter.""}"
college_production,college_production_career_arc_templates.csv,college_production_career_arc_templates,runtime_tuning,65,FR,"{""career_arc_template"":""small_school_stat_star"",""class_year"":""FR"",""default_role_tier"":""rotation"",""description"":""High raw small-school production"",""notes"":""Use as prior; ratings/injuries/transfer can alter.""}"
college_production,college_production_career_arc_templates.csv,college_production_career_arc_templates,runtime_tuning,66,RS-FR,"{""career_arc_template"":""small_school_stat_star"",""class_year"":""RS-FR"",""default_role_tier"":""rotation"",""description"":""High raw small-school production"",""notes"":""Use as prior; ratings/injuries/transfer can alter.""}"
college_production,college_production_career_arc_templates.csv,college_production_career_arc_templates,runtime_tuning,67,SO,"{""career_arc_template"":""small_school_stat_star"",""class_year"":""SO"",""default_role_tier"":""starter"",""description"":""High raw small-school production"",""notes"":""Use as prior; ratings/injuries/transfer can alter.""}"
college_production,college_production_career_arc_templates.csv,college_production_career_arc_templates,runtime_tuning,68,RS-SO,"{""career_arc_template"":""small_school_stat_star"",""class_year"":""RS-SO"",""default_role_tier"":""starter"",""description"":""High raw small-school production"",""notes"":""Use as prior; ratings/injuries/transfer can alter.""}"
college_production,college_production_career_arc_templates.csv,college_production_career_arc_templates,runtime_tuning,69,JR,"{""career_arc_template"":""small_school_stat_star"",""class_year"":""JR"",""default_role_tier"":""all_conference"",""description"":""High raw small-school production"",""notes"":""Use as prior; ratings/injuries/transfer can alter.""}"
college_production,college_production_career_arc_templates.csv,college_production_career_arc_templates,runtime_tuning,70,RS-JR,"{""career_arc_template"":""small_school_stat_star"",""class_year"":""RS-JR"",""default_role_tier"":""all_conference"",""description"":""High raw small-school production"",""notes"":""Use as prior; ratings/injuries/transfer can alter.""}"
college_production,college_production_career_arc_templates.csv,college_production_career_arc_templates,runtime_tuning,71,SR,"{""career_arc_template"":""small_school_stat_star"",""class_year"":""SR"",""default_role_tier"":""all_american"",""description"":""High raw small-school production"",""notes"":""Use as prior; ratings/injuries/transfer can alter.""}"
college_production,college_production_career_arc_templates.csv,college_production_career_arc_templates,runtime_tuning,72,RS-SR,"{""career_arc_template"":""small_school_stat_star"",""class_year"":""RS-SR"",""default_role_tier"":""all_american"",""description"":""High raw small-school production"",""notes"":""Use as prior; ratings/injuries/transfer can alter.""}"
college_production,college_production_competition_modifiers.csv,college_production_competition_modifiers,modifier,1,college_production_competition_modifiers:1,"{""competition_tier"":""elite_p4"",""quality_to_role_multiplier"":""1.04"",""raw_volume_multiplier"":""0.96"",""efficiency_multiplier"":""1.06"",""draft_translation_discount"":""0.92"",""notes"":""Harder competition, more shared talent.""}"
college_production,college_production_competition_modifiers.csv,college_production_competition_modifiers,modifier,2,college_production_competition_modifiers:2,"{""competition_tier"":""strong_p4"",""quality_to_role_multiplier"":""1.02"",""raw_volume_multiplier"":""0.98"",""efficiency_multiplier"":""1.03"",""draft_translation_discount"":""0.95"",""notes"":""Power conference.""}"
college_production,college_production_competition_modifiers.csv,college_production_competition_modifiers,modifier,3,college_production_competition_modifiers:3,"{""competition_tier"":""mid_p4"",""quality_to_role_multiplier"":""1.0"",""raw_volume_multiplier"":""1.0"",""efficiency_multiplier"":""1.0"",""draft_translation_discount"":""1.0"",""notes"":""Baseline.""}"
college_production,college_production_competition_modifiers.csv,college_production_competition_modifiers,modifier,4,college_production_competition_modifiers:4,"{""competition_tier"":""g5_high"",""quality_to_role_multiplier"":""0.99"",""raw_volume_multiplier"":""1.06"",""efficiency_multiplier"":""0.98"",""draft_translation_discount"":""1.07"",""notes"":""Stats inflated slightly; translation discounted.""}"
college_production,college_production_competition_modifiers.csv,college_production_competition_modifiers,modifier,5,college_production_competition_modifiers:5,"{""competition_tier"":""g5_mid"",""quality_to_role_multiplier"":""0.98"",""raw_volume_multiplier"":""1.1"",""efficiency_multiplier"":""0.96"",""draft_translation_discount"":""1.12"",""notes"":""More raw volume.""}"
college_production,college_production_competition_modifiers.csv,college_production_competition_modifiers,modifier,6,college_production_competition_modifiers:6,"{""competition_tier"":""fcs_elite"",""quality_to_role_multiplier"":""0.96"",""raw_volume_multiplier"":""1.12"",""efficiency_multiplier"":""0.94"",""draft_translation_discount"":""1.15"",""notes"":""Small-school stat star possibility.""}"
college_production,college_production_competition_modifiers.csv,college_production_competition_modifiers,modifier,7,college_production_competition_modifiers:7,"{""competition_tier"":""fcs_mid"",""quality_to_role_multiplier"":""0.94"",""raw_volume_multiplier"":""1.18"",""efficiency_multiplier"":""0.92"",""draft_translation_discount"":""1.2"",""notes"":""Raw production less predictive.""}"
college_production,college_production_defensive_stat_ranges.csv,college_production_defensive_stat_ranges,runtime_tuning,1,EDGE,"{""position_group"":""EDGE"",""role_tier"":""redshirt"",""stat_key"":""total_tackles"",""min_value"":""0"",""max_value"":""5"",""per_games"":""12"",""notes"":""Base range before games, scheme, competition, class, team, and injury modifiers.""}"
college_production,college_production_defensive_stat_ranges.csv,college_production_defensive_stat_ranges,runtime_tuning,2,EDGE,"{""position_group"":""EDGE"",""role_tier"":""redshirt"",""stat_key"":""tfl"",""min_value"":""0.0"",""max_value"":""1.4"",""per_games"":""12"",""notes"":""Base range before games, scheme, competition, class, team, and injury modifiers.""}"
college_production,college_production_defensive_stat_ranges.csv,college_production_defensive_stat_ranges,runtime_tuning,3,EDGE,"{""position_group"":""EDGE"",""role_tier"":""redshirt"",""stat_key"":""sacks"",""min_value"":""0.0"",""max_value"":""1.0"",""per_games"":""12"",""notes"":""Base range before games, scheme, competition, class, team, and injury modifiers.""}"
college_production,college_production_defensive_stat_ranges.csv,college_production_defensive_stat_ranges,runtime_tuning,4,EDGE,"{""position_group"":""EDGE"",""role_tier"":""redshirt"",""stat_key"":""interceptions"",""min_value"":""0"",""max_value"":""0"",""per_games"":""12"",""notes"":""Base range before games, scheme, competition, class, team, and injury modifiers.""}"
college_production,college_production_defensive_stat_ranges.csv,college_production_defensive_stat_ranges,runtime_tuning,5,EDGE,"{""position_group"":""EDGE"",""role_tier"":""redshirt"",""stat_key"":""pass_breakups"",""min_value"":""0"",""max_value"":""0"",""per_games"":""12"",""notes"":""Base range before games, scheme, competition, class, team, and injury modifiers.""}"
college_production,college_production_defensive_stat_ranges.csv,college_production_defensive_stat_ranges,runtime_tuning,6,EDGE,"{""position_group"":""EDGE"",""role_tier"":""redshirt"",""stat_key"":""forced_fumbles"",""min_value"":""0"",""max_value"":""0"",""per_games"":""12"",""notes"":""Base range before games, scheme, competition, class, team, and injury modifiers.""}"
college_production,college_production_defensive_stat_ranges.csv,college_production_defensive_stat_ranges,runtime_tuning,7,EDGE,"{""position_group"":""EDGE"",""role_tier"":""bench"",""stat_key"":""total_tackles"",""min_value"":""0"",""max_value"":""10"",""per_games"":""12"",""notes"":""Base range before games, scheme, competition, class, team, and injury modifiers.""}"
college_production,college_production_defensive_stat_ranges.csv,college_production_defensive_stat_ranges,runtime_tuning,8,EDGE,"{""position_group"":""EDGE"",""role_tier"":""bench"",""stat_key"":""tfl"",""min_value"":""0.0"",""max_value"":""2.7"",""per_games"":""12"",""notes"":""Base range before games, scheme, competition, class, team, and injury modifiers.""}"
college_production,college_production_defensive_stat_ranges.csv,college_production_defensive_stat_ranges,runtime_tuning,9,EDGE,"{""position_group"":""EDGE"",""role_tier"":""bench"",""stat_key"":""sacks"",""min_value"":""0.0"",""max_value"":""2.0"",""per_games"":""12"",""notes"":""Base range before games, scheme, competition, class, team, and injury modifiers.""}"
college_production,college_production_defensive_stat_ranges.csv,college_production_defensive_stat_ranges,runtime_tuning,10,EDGE,"{""position_group"":""EDGE"",""role_tier"":""bench"",""stat_key"":""interceptions"",""min_value"":""0"",""max_value"":""0"",""per_games"":""12"",""notes"":""Base range before games, scheme, competition, class, team, and injury modifiers.""}"
college_production,college_production_defensive_stat_ranges.csv,college_production_defensive_stat_ranges,runtime_tuning,11,EDGE,"{""position_group"":""EDGE"",""role_tier"":""bench"",""stat_key"":""pass_breakups"",""min_value"":""0"",""max_value"":""1"",""per_games"":""12"",""notes"":""Base range before games, scheme, competition, class, team, and injury modifiers.""}"
college_production,college_production_defensive_stat_ranges.csv,college_production_defensive_stat_ranges,runtime_tuning,12,EDGE,"{""position_group"":""EDGE"",""role_tier"":""bench"",""stat_key"":""forced_fumbles"",""min_value"":""0"",""max_value"":""1"",""per_games"":""12"",""notes"":""Base range before games, scheme, competition, class, team, and injury modifiers.""}"
college_production,college_production_defensive_stat_ranges.csv,college_production_defensive_stat_ranges,runtime_tuning,13,EDGE,"{""position_group"":""EDGE"",""role_tier"":""special_teams"",""stat_key"":""total_tackles"",""min_value"":""0"",""max_value"":""17"",""per_games"":""12"",""notes"":""Base range before games, scheme, competition, class, team, and injury modifiers.""}"
college_production,college_production_defensive_stat_ranges.csv,college_production_defensive_stat_ranges,runtime_tuning,14,EDGE,"{""position_group"":""EDGE"",""role_tier"":""special_teams"",""stat_key"":""tfl"",""min_value"":""0.1"",""max_value"":""4.9"",""per_games"":""12"",""notes"":""Base range before games, scheme, competition, class, team, and injury modifiers.""}"
college_production,college_production_defensive_stat_ranges.csv,college_production_defensive_stat_ranges,runtime_tuning,15,EDGE,"{""position_group"":""EDGE"",""role_tier"":""special_teams"",""stat_key"":""sacks"",""min_value"":""0.0"",""max_value"":""3.6"",""per_games"":""12"",""notes"":""Base range before games, scheme, competition, class, team, and injury modifiers.""}"
college_production,college_production_defensive_stat_ranges.csv,college_production_defensive_stat_ranges,runtime_tuning,16,EDGE,"{""position_group"":""EDGE"",""role_tier"":""special_teams"",""stat_key"":""interceptions"",""min_value"":""0"",""max_value"":""0"",""per_games"":""12"",""notes"":""Base range before games, scheme, competition, class, team, and injury modifiers.""}"
college_production,college_production_defensive_stat_ranges.csv,college_production_defensive_stat_ranges,runtime_tuning,17,EDGE,"{""position_group"":""EDGE"",""role_tier"":""special_teams"",""stat_key"":""pass_breakups"",""min_value"":""0"",""max_value"":""2"",""per_games"":""12"",""notes"":""Base range before games, scheme, competition, class, team, and injury modifiers.""}"
college_production,college_production_defensive_stat_ranges.csv,college_production_defensive_stat_ranges,runtime_tuning,18,EDGE,"{""position_group"":""EDGE"",""role_tier"":""special_teams"",""stat_key"":""forced_fumbles"",""min_value"":""0"",""max_value"":""1"",""per_games"":""12"",""notes"":""Base range before games, scheme, competition, class, team, and injury modifiers.""}"
college_production,college_production_defensive_stat_ranges.csv,college_production_defensive_stat_ranges,runtime_tuning,19,EDGE,"{""position_group"":""EDGE"",""role_tier"":""depth"",""stat_key"":""total_tackles"",""min_value"":""1"",""max_value"":""28"",""per_games"":""12"",""notes"":""Base range before games, scheme, competition, class, team, and injury modifiers.""}"
college_production,college_production_defensive_stat_ranges.csv,college_production_defensive_stat_ranges,runtime_tuning,20,EDGE,"{""position_group"":""EDGE"",""role_tier"":""depth"",""stat_key"":""tfl"",""min_value"":""0.1"",""max_value"":""8.1"",""per_games"":""12"",""notes"":""Base range before games, scheme, competition, class, team, and injury modifiers.""}"
college_production,college_production_defensive_stat_ranges.csv,college_production_defensive_stat_ranges,runtime_tuning,21,EDGE,"{""position_group"":""EDGE"",""role_tier"":""depth"",""stat_key"":""sacks"",""min_value"":""0.1"",""max_value"":""6.0"",""per_games"":""12"",""notes"":""Base range before games, scheme, competition, class, team, and injury modifiers.""}"
college_production,college_production_defensive_stat_ranges.csv,college_production_defensive_stat_ranges,runtime_tuning,22,EDGE,"{""position_group"":""EDGE"",""role_tier"":""depth"",""stat_key"":""interceptions"",""min_value"":""0"",""max_value"":""0"",""per_games"":""12"",""notes"":""Base range before games, scheme, competition, class, team, and injury modifiers.""}"
college_production,college_production_defensive_stat_ranges.csv,college_production_defensive_stat_ranges,runtime_tuning,23,EDGE,"{""position_group"":""EDGE"",""role_tier"":""depth"",""stat_key"":""pass_breakups"",""min_value"":""0"",""max_value"":""3"",""per_games"":""12"",""notes"":""Base range before games, scheme, competition, class, team, and injury modifiers.""}"
college_production,college_production_defensive_stat_ranges.csv,college_production_defensive_stat_ranges,runtime_tuning,24,EDGE,"{""position_group"":""EDGE"",""role_tier"":""depth"",""stat_key"":""forced_fumbles"",""min_value"":""0"",""max_value"":""2"",""per_games"":""12"",""notes"":""Base range before games, scheme, competition, class, team, and injury modifiers.""}"
college_production,college_production_defensive_stat_ranges.csv,college_production_defensive_stat_ranges,runtime_tuning,25,EDGE,"{""position_group"":""EDGE"",""role_tier"":""rotation"",""stat_key"":""total_tackles"",""min_value"":""2"",""max_value"":""52"",""per_games"":""12"",""notes"":""Base range before games, scheme, competition, class, team, and injury modifiers.""}"
college_production,college_production_defensive_stat_ranges.csv,college_production_defensive_stat_ranges,runtime_tuning,26,EDGE,"{""position_group"":""EDGE"",""role_tier"":""rotation"",""stat_key"":""tfl"",""min_value"":""0.3"",""max_value"":""14.9"",""per_games"":""12"",""notes"":""Base range before games, scheme, competition, class, team, and injury modifiers.""}"
college_production,college_production_defensive_stat_ranges.csv,college_production_defensive_stat_ranges,runtime_tuning,27,EDGE,"{""position_group"":""EDGE"",""role_tier"":""rotation"",""stat_key"":""sacks"",""min_value"":""0.1"",""max_value"":""11.0"",""per_games"":""12"",""notes"":""Base range before games, scheme, competition, class, team, and injury modifiers.""}"
college_production,college_production_defensive_stat_ranges.csv,college_production_defensive_stat_ranges,runtime_tuning,28,EDGE,"{""position_group"":""EDGE"",""role_tier"":""rotation"",""stat_key"":""interceptions"",""min_value"":""0"",""max_value"":""1"",""per_games"":""12"",""notes"":""Base range before games, scheme, competition, class, team, and injury modifiers.""}"
college_production,college_production_defensive_stat_ranges.csv,college_production_defensive_stat_ranges,runtime_tuning,29,EDGE,"{""position_group"":""EDGE"",""role_tier"":""rotation"",""stat_key"":""pass_breakups"",""min_value"":""0"",""max_value"":""6"",""per_games"":""12"",""notes"":""Base range before games, scheme, competition, class, team, and injury modifiers.""}"
college_production,college_production_defensive_stat_ranges.csv,college_production_defensive_stat_ranges,runtime_tuning,30,EDGE,"{""position_group"":""EDGE"",""role_tier"":""rotation"",""stat_key"":""forced_fumbles"",""min_value"":""0"",""max_value"":""4"",""per_games"":""12"",""notes"":""Base range before games, scheme, competition, class, team, and injury modifiers.""}"
college_production,college_production_defensive_stat_ranges.csv,college_production_defensive_stat_ranges,runtime_tuning,31,EDGE,"{""position_group"":""EDGE"",""role_tier"":""spot_starter"",""stat_key"":""total_tackles"",""min_value"":""4"",""max_value"":""65"",""per_games"":""12"",""notes"":""Base range before games, scheme, competition, class, team, and injury modifiers.""}"
college_production,college_production_defensive_stat_ranges.csv,college_production_defensive_stat_ranges,runtime_tuning,32,EDGE,"{""position_group"":""EDGE"",""role_tier"":""spot_starter"",""stat_key"":""tfl"",""min_value"":""0.5"",""max_value"":""18.4"",""per_games"":""12"",""notes"":""Base range before games, scheme, competition, class, team, and injury modifiers.""}"
college_production,college_production_defensive_stat_ranges.csv,college_production_defensive_stat_ranges,runtime_tuning,33,EDGE,"{""position_group"":""EDGE"",""role_tier"":""spot_starter"",""stat_key"":""sacks"",""min_value"":""0.2"",""max_value"":""13.6"",""per_games"":""12"",""notes"":""Base range before games, scheme, competition, class, team, and injury modifiers.""}"
college_production,college_production_defensive_stat_ranges.csv,college_production_defensive_stat_ranges,runtime_tuning,34,EDGE,"{""position_group"":""EDGE"",""role_tier"":""spot_starter"",""stat_key"":""interceptions"",""min_value"":""0"",""max_value"":""1"",""per_games"":""12"",""notes"":""Base range before games, scheme, competition, class, team, and injury modifiers.""}"
college_production,college_production_defensive_stat_ranges.csv,college_production_defensive_stat_ranges,runtime_tuning,35,EDGE,"{""position_group"":""EDGE"",""role_tier"":""spot_starter"",""stat_key"":""pass_breakups"",""min_value"":""0"",""max_value"":""7"",""per_games"":""12"",""notes"":""Base range before games, scheme, competition, class, team, and injury modifiers.""}"
college_production,college_production_defensive_stat_ranges.csv,college_production_defensive_stat_ranges,runtime_tuning,36,EDGE,"{""position_group"":""EDGE"",""role_tier"":""spot_starter"",""stat_key"":""forced_fumbles"",""min_value"":""0"",""max_value"":""5"",""per_games"":""12"",""notes"":""Base range before games, scheme, competition, class, team, and injury modifiers.""}"
college_production,college_production_defensive_stat_ranges.csv,college_production_defensive_stat_ranges,runtime_tuning,37,EDGE,"{""position_group"":""EDGE"",""role_tier"":""starter"",""stat_key"":""total_tackles"",""min_value"":""5"",""max_value"":""76"",""per_games"":""12"",""notes"":""Base range before games, scheme, competition, class, team, and injury modifiers.""}"
college_production,college_production_defensive_stat_ranges.csv,college_production_defensive_stat_ranges,runtime_tuning,38,EDGE,"{""position_group"":""EDGE"",""role_tier"":""starter"",""stat_key"":""tfl"",""min_value"":""0.6"",""max_value"":""21.6"",""per_games"":""12"",""notes"":""Base range before games, scheme, competition, class, team, and injury modifiers.""}"
college_production,college_production_defensive_stat_ranges.csv,college_production_defensive_stat_ranges,runtime_tuning,39,EDGE,"{""position_group"":""EDGE"",""role_tier"":""starter"",""stat_key"":""sacks"",""min_value"":""0.3"",""max_value"":""16.0"",""per_games"":""12"",""notes"":""Base range before games, scheme, competition, class, team, and injury modifiers.""}"
college_production,college_production_defensive_stat_ranges.csv,college_production_defensive_stat_ranges,runtime_tuning,40,EDGE,"{""position_group"":""EDGE"",""role_tier"":""starter"",""stat_key"":""interceptions"",""min_value"":""0"",""max_value"":""1"",""per_games"":""12"",""notes"":""Base range before games, scheme, competition, class, team, and injury modifiers.""}"
college_production,college_production_defensive_stat_ranges.csv,college_production_defensive_stat_ranges,runtime_tuning,41,EDGE,"{""position_group"":""EDGE"",""role_tier"":""starter"",""stat_key"":""pass_breakups"",""min_value"":""0"",""max_value"":""8"",""per_games"":""12"",""notes"":""Base range before games, scheme, competition, class, team, and injury modifiers.""}"
college_production,college_production_defensive_stat_ranges.csv,college_production_defensive_stat_ranges,runtime_tuning,42,EDGE,"{""position_group"":""EDGE"",""role_tier"":""starter"",""stat_key"":""forced_fumbles"",""min_value"":""0"",""max_value"":""6"",""per_games"":""12"",""notes"":""Base range before games, scheme, competition, class, team, and injury modifiers.""}"
college_production,college_production_defensive_stat_ranges.csv,college_production_defensive_stat_ranges,runtime_tuning,43,EDGE,"{""position_group"":""EDGE"",""role_tier"":""impact_starter"",""stat_key"":""total_tackles"",""min_value"":""6"",""max_value"":""86"",""per_games"":""12"",""notes"":""Base range before games, scheme, competition, class, team, and injury modifiers.""}"
college_production,college_production_defensive_stat_ranges.csv,college_production_defensive_stat_ranges,runtime_tuning,44,EDGE,"{""position_group"":""EDGE"",""role_tier"":""impact_starter"",""stat_key"":""tfl"",""min_value"":""0.8"",""max_value"":""24.3"",""per_games"":""12"",""notes"":""Base range before games, scheme, competition, class, team, and injury modifiers.""}"
college_production,college_production_defensive_stat_ranges.csv,college_production_defensive_stat_ranges,runtime_tuning,45,EDGE,"{""position_group"":""EDGE"",""role_tier"":""impact_starter"",""stat_key"":""sacks"",""min_value"":""0.4"",""max_value"":""18.0"",""per_games"":""12"",""notes"":""Base range before games, scheme, competition, class, team, and injury modifiers.""}"
college_production,college_production_defensive_stat_ranges.csv,college_production_defensive_stat_ranges,runtime_tuning,46,EDGE,"{""position_group"":""EDGE"",""role_tier"":""impact_starter"",""stat_key"":""interceptions"",""min_value"":""0"",""max_value"":""1"",""per_games"":""12"",""notes"":""Base range before games, scheme, competition, class, team, and injury modifiers.""}"
college_production,college_production_defensive_stat_ranges.csv,college_production_defensive_stat_ranges,runtime_tuning,47,EDGE,"{""position_group"":""EDGE"",""role_tier"":""impact_starter"",""stat_key"":""pass_breakups"",""min_value"":""0"",""max_value"":""9"",""per_games"":""12"",""notes"":""Base range before games, scheme, competition, class, team, and injury modifiers.""}"
college_production,college_production_defensive_stat_ranges.csv,college_production_defensive_stat_ranges,runtime_tuning,48,EDGE,"{""position_group"":""EDGE"",""role_tier"":""impact_starter"",""stat_key"":""forced_fumbles"",""min_value"":""0"",""max_value"":""6"",""per_games"":""12"",""notes"":""Base range before games, scheme, competition, class, team, and injury modifiers.""}"
college_production,college_production_defensive_stat_ranges.csv,college_production_defensive_stat_ranges,runtime_tuning,49,EDGE,"{""position_group"":""EDGE"",""role_tier"":""all_conference"",""stat_key"":""total_tackles"",""min_value"":""7"",""max_value"":""92"",""per_games"":""12"",""notes"":""Base range before games, scheme, competition, class, team, and injury modifiers.""}"
college_production,college_production_defensive_stat_ranges.csv,college_production_defensive_stat_ranges,runtime_tuning,50,EDGE,"{""position_group"":""EDGE"",""role_tier"":""all_conference"",""stat_key"":""tfl"",""min_value"":""0.8"",""max_value"":""26.2"",""per_games"":""12"",""notes"":""Base range before games, scheme, competition, class, team, and injury modifiers.""}"
college_production,college_production_defensive_stat_ranges.csv,college_production_defensive_stat_ranges,runtime_tuning,51,EDGE,"{""position_group"":""EDGE"",""role_tier"":""all_conference"",""stat_key"":""sacks"",""min_value"":""0.4"",""max_value"":""19.4"",""per_games"":""12"",""notes"":""Base range before games, scheme, competition, class, team, and injury modifiers.""}"
college_production,college_production_defensive_stat_ranges.csv,college_production_defensive_stat_ranges,runtime_tuning,52,EDGE,"{""position_group"":""EDGE"",""role_tier"":""all_conference"",""stat_key"":""interceptions"",""min_value"":""0"",""max_value"":""1"",""per_games"":""12"",""notes"":""Base range before games, scheme, competition, class, team, and injury modifiers.""}"
college_production,college_production_defensive_stat_ranges.csv,college_production_defensive_stat_ranges,runtime_tuning,53,EDGE,"{""position_group"":""EDGE"",""role_tier"":""all_conference"",""stat_key"":""pass_breakups"",""min_value"":""0"",""max_value"":""10"",""per_games"":""12"",""notes"":""Base range before games, scheme, competition, class, team, and injury modifiers.""}"
college_production,college_production_defensive_stat_ranges.csv,college_production_defensive_stat_ranges,runtime_tuning,54,EDGE,"{""position_group"":""EDGE"",""role_tier"":""all_conference"",""stat_key"":""forced_fumbles"",""min_value"":""0"",""max_value"":""7"",""per_games"":""12"",""notes"":""Base range before games, scheme, competition, class, team, and injury modifiers.""}"
college_production,college_production_defensive_stat_ranges.csv,college_production_defensive_stat_ranges,runtime_tuning,55,EDGE,"{""position_group"":""EDGE"",""role_tier"":""all_american"",""stat_key"":""total_tackles"",""min_value"":""7"",""max_value"":""95"",""per_games"":""12"",""notes"":""Base range before games, scheme, competition, class, team, and injury modifiers.""}"
college_production,college_production_defensive_stat_ranges.csv,college_production_defensive_stat_ranges,runtime_tuning,56,EDGE,"{""position_group"":""EDGE"",""role_tier"":""all_american"",""stat_key"":""tfl"",""min_value"":""0.9"",""max_value"":""27.0"",""per_games"":""12"",""notes"":""Base range before games, scheme, competition, class, team, and injury modifiers.""}"
college_production,college_production_defensive_stat_ranges.csv,college_production_defensive_stat_ranges,runtime_tuning,57,EDGE,"{""position_group"":""EDGE"",""role_tier"":""all_american"",""stat_key"":""sacks"",""min_value"":""0.5"",""max_value"":""20.0"",""per_games"":""12"",""notes"":""Base range before games, scheme, competition, class, team, and injury modifiers.""}"
college_production,college_production_defensive_stat_ranges.csv,college_production_defensive_stat_ranges,runtime_tuning,58,EDGE,"{""position_group"":""EDGE"",""role_tier"":""all_american"",""stat_key"":""interceptions"",""min_value"":""0"",""max_value"":""1"",""per_games"":""12"",""notes"":""Base range before games, scheme, competition, class, team, and injury modifiers.""}"
college_production,college_production_defensive_stat_ranges.csv,college_production_defensive_stat_ranges,runtime_tuning,59,EDGE,"{""position_group"":""EDGE"",""role_tier"":""all_american"",""stat_key"":""pass_breakups"",""min_value"":""0"",""max_value"":""10"",""per_games"":""12"",""notes"":""Base range before games, scheme, competition, class, team, and injury modifiers.""}"
college_production,college_production_defensive_stat_ranges.csv,college_production_defensive_stat_ranges,runtime_tuning,60,EDGE,"{""position_group"":""EDGE"",""role_tier"":""all_american"",""stat_key"":""forced_fumbles"",""min_value"":""0"",""max_value"":""7"",""per_games"":""12"",""notes"":""Base range before games, scheme, competition, class, team, and injury modifiers.""}"
college_production,college_production_defensive_stat_ranges.csv,college_production_defensive_stat_ranges,runtime_tuning,61,DL,"{""position_group"":""DL"",""role_tier"":""redshirt"",""stat_key"":""total_tackles"",""min_value"":""0"",""max_value"":""5"",""per_games"":""12"",""notes"":""Base range before games, scheme, competition, class, team, and injury modifiers.""}"
college_production,college_production_defensive_stat_ranges.csv,college_production_defensive_stat_ranges,runtime_tuning,62,DL,"{""position_group"":""DL"",""role_tier"":""redshirt"",""stat_key"":""tfl"",""min_value"":""0.0"",""max_value"":""1.2"",""per_games"":""12"",""notes"":""Base range before games, scheme, competition, class, team, and injury modifiers.""}"
college_production,college_production_defensive_stat_ranges.csv,college_production_defensive_stat_ranges,runtime_tuning,63,DL,"{""position_group"":""DL"",""role_tier"":""redshirt"",""stat_key"":""sacks"",""min_value"":""0.0"",""max_value"":""0.8"",""per_games"":""12"",""notes"":""Base range before games, scheme, competition, class, team, and injury modifiers.""}"
college_production,college_production_defensive_stat_ranges.csv,college_production_defensive_stat_ranges,runtime_tuning,64,DL,"{""position_group"":""DL"",""role_tier"":""redshirt"",""stat_key"":""interceptions"",""min_value"":""0"",""max_value"":""0"",""per_games"":""12"",""notes"":""Base range before games, scheme, competition, class, team, and injury modifiers.""}"
college_production,college_production_defensive_stat_ranges.csv,college_production_defensive_stat_ranges,runtime_tuning,65,DL,"{""position_group"":""DL"",""role_tier"":""redshirt"",""stat_key"":""pass_breakups"",""min_value"":""0"",""max_value"":""0"",""per_games"":""12"",""notes"":""Base range before games, scheme, competition, class, team, and injury modifiers.""}"
college_production,college_production_defensive_stat_ranges.csv,college_production_defensive_stat_ranges,runtime_tuning,66,DL,"{""position_group"":""DL"",""role_tier"":""redshirt"",""stat_key"":""forced_fumbles"",""min_value"":""0"",""max_value"":""0"",""per_games"":""12"",""notes"":""Base range before games, scheme, competition, class, team, and injury modifiers.""}"
college_production,college_production_defensive_stat_ranges.csv,college_production_defensive_stat_ranges,runtime_tuning,67,DL,"{""position_group"":""DL"",""role_tier"":""bench"",""stat_key"":""total_tackles"",""min_value"":""0"",""max_value"":""9"",""per_games"":""12"",""notes"":""Base range before games, scheme, competition, class, team, and injury modifiers.""}"
college_production,college_production_defensive_stat_ranges.csv,college_production_defensive_stat_ranges,runtime_tuning,68,DL,"{""position_group"":""DL"",""role_tier"":""bench"",""stat_key"":""tfl"",""min_value"":""0.0"",""max_value"":""2.4"",""per_games"":""12"",""notes"":""Base range before games, scheme, competition, class, team, and injury modifiers.""}"
college_production,college_production_defensive_stat_ranges.csv,college_production_defensive_stat_ranges,runtime_tuning,69,DL,"{""position_group"":""DL"",""role_tier"":""bench"",""stat_key"":""sacks"",""min_value"":""0.0"",""max_value"":""1.5"",""per_games"":""12"",""notes"":""Base range before games, scheme, competition, class, team, and injury modifiers.""}"
college_production,college_production_defensive_stat_ranges.csv,college_production_defensive_stat_ranges,runtime_tuning,70,DL,"{""position_group"":""DL"",""role_tier"":""bench"",""stat_key"":""interceptions"",""min_value"":""0"",""max_value"":""0"",""per_games"":""12"",""notes"":""Base range before games, scheme, competition, class, team, and injury modifiers.""}"
college_production,college_production_defensive_stat_ranges.csv,college_production_defensive_stat_ranges,runtime_tuning,71,DL,"{""position_group"":""DL"",""role_tier"":""bench"",""stat_key"":""pass_breakups"",""min_value"":""0"",""max_value"":""1"",""per_games"":""12"",""notes"":""Base range before games, scheme, competition, class, team, and injury modifiers.""}"
college_production,college_production_defensive_stat_ranges.csv,college_production_defensive_stat_ranges,runtime_tuning,72,DL,"{""position_group"":""DL"",""role_tier"":""bench"",""stat_key"":""forced_fumbles"",""min_value"":""0"",""max_value"":""1"",""per_games"":""12"",""notes"":""Base range before games, scheme, competition, class, team, and injury modifiers.""}"
college_production,college_production_defensive_stat_ranges.csv,college_production_defensive_stat_ranges,runtime_tuning,73,DL,"{""position_group"":""DL"",""role_tier"":""special_teams"",""stat_key"":""total_tackles"",""min_value"":""0"",""max_value"":""17"",""per_games"":""12"",""notes"":""Base range before games, scheme, competition, class, team, and injury modifiers.""}"
college_production,college_production_defensive_stat_ranges.csv,college_production_defensive_stat_ranges,runtime_tuning,74,DL,"{""position_group"":""DL"",""role_tier"":""special_teams"",""stat_key"":""tfl"",""min_value"":""0.0"",""max_value"":""4.3"",""per_games"":""12"",""notes"":""Base range before games, scheme, competition, class, team, and injury modifiers.""}"
college_production,college_production_defensive_stat_ranges.csv,college_production_defensive_stat_ranges,runtime_tuning,75,DL,"{""position_group"":""DL"",""role_tier"":""special_teams"",""stat_key"":""sacks"",""min_value"":""0.0"",""max_value"":""2.7"",""per_games"":""12"",""notes"":""Base range before games, scheme, competition, class, team, and injury modifiers.""}"
college_production,college_production_defensive_stat_ranges.csv,college_production_defensive_stat_ranges,runtime_tuning,76,DL,"{""position_group"":""DL"",""role_tier"":""special_teams"",""stat_key"":""interceptions"",""min_value"":""0"",""max_value"":""0"",""per_games"":""12"",""notes"":""Base range before games, scheme, competition, class, team, and injury modifiers.""}"
college_production,college_production_defensive_stat_ranges.csv,college_production_defensive_stat_ranges,runtime_tuning,77,DL,"{""position_group"":""DL"",""role_tier"":""special_teams"",""stat_key"":""pass_breakups"",""min_value"":""0"",""max_value"":""1"",""per_games"":""12"",""notes"":""Base range before games, scheme, competition, class, team, and injury modifiers.""}"
college_production,college_production_defensive_stat_ranges.csv,college_production_defensive_stat_ranges,runtime_tuning,78,DL,"{""position_group"":""DL"",""role_tier"":""special_teams"",""stat_key"":""forced_fumbles"",""min_value"":""0"",""max_value"":""1"",""per_games"":""12"",""notes"":""Base range before games, scheme, competition, class, team, and injury modifiers.""}"
college_production,college_production_defensive_stat_ranges.csv,college_production_defensive_stat_ranges,runtime_tuning,79,DL,"{""position_group"":""DL"",""role_tier"":""depth"",""stat_key"":""total_tackles"",""min_value"":""1"",""max_value"":""28"",""per_games"":""12"",""notes"":""Base range before games, scheme, competition, class, team, and injury modifiers.""}"
college_production,college_production_defensive_stat_ranges.csv,college_production_defensive_stat_ranges,runtime_tuning,80,DL,"{""position_group"":""DL"",""role_tier"":""depth"",""stat_key"":""tfl"",""min_value"":""0.1"",""max_value"":""7.2"",""per_games"":""12"",""notes"":""Base range before games, scheme, competition, class, team, and injury modifiers.""}"
college_production,college_production_defensive_stat_ranges.csv,college_production_defensive_stat_ranges,runtime_tuning,81,DL,"{""position_group"":""DL"",""role_tier"":""depth"",""stat_key"":""sacks"",""min_value"":""0.0"",""max_value"":""4.5"",""per_games"":""12"",""notes"":""Base range before games, scheme, competition, class, team, and injury modifiers.""}"
college_production,college_production_defensive_stat_ranges.csv,college_production_defensive_stat_ranges,runtime_tuning,82,DL,"{""position_group"":""DL"",""role_tier"":""depth"",""stat_key"":""interceptions"",""min_value"":""0"",""max_value"":""0"",""per_games"":""12"",""notes"":""Base range before games, scheme, competition, class, team, and injury modifiers.""}"
college_production,college_production_defensive_stat_ranges.csv,college_production_defensive_stat_ranges,runtime_tuning,83,DL,"{""position_group"":""DL"",""role_tier"":""depth"",""stat_key"":""pass_breakups"",""min_value"":""0"",""max_value"":""2"",""per_games"":""12"",""notes"":""Base range before games, scheme, competition, class, team, and injury modifiers.""}"
college_production,college_production_defensive_stat_ranges.csv,college_production_defensive_stat_ranges,runtime_tuning,84,DL,"{""position_group"":""DL"",""role_tier"":""depth"",""stat_key"":""forced_fumbles"",""min_value"":""0"",""max_value"":""2"",""per_games"":""12"",""notes"":""Base range before games, scheme, competition, class, team, and injury modifiers.""}"
college_production,college_production_defensive_stat_ranges.csv,college_production_defensive_stat_ranges,runtime_tuning,85,DL,"{""position_group"":""DL"",""role_tier"":""rotation"",""stat_key"":""total_tackles"",""min_value"":""2"",""max_value"":""51"",""per_games"":""12"",""notes"":""Base range before games, scheme, competition, class, team, and injury modifiers.""}"
college_production,college_production_defensive_stat_ranges.csv,college_production_defensive_stat_ranges,runtime_tuning,86,DL,"{""position_group"":""DL"",""role_tier"":""rotation"",""stat_key"":""tfl"",""min_value"":""0.1"",""max_value"":""13.2"",""per_games"":""12"",""notes"":""Base range before games, scheme, competition, class, team, and injury modifiers.""}"
college_production,college_production_defensive_stat_ranges.csv,college_production_defensive_stat_ranges,runtime_tuning,87,DL,"{""position_group"":""DL"",""role_tier"":""rotation"",""stat_key"":""sacks"",""min_value"":""0.0"",""max_value"":""8.2"",""per_games"":""12"",""notes"":""Base range before games, scheme, competition, class, team, and injury modifiers.""}"
college_production,college_production_defensive_stat_ranges.csv,college_production_defensive_stat_ranges,runtime_tuning,88,DL,"{""position_group"":""DL"",""role_tier"":""rotation"",""stat_key"":""interceptions"",""min_value"":""0"",""max_value"":""1"",""per_games"":""12"",""notes"":""Base range before games, scheme, competition, class, team, and injury modifiers.""}"
college_production,college_production_defensive_stat_ranges.csv,college_production_defensive_stat_ranges,runtime_tuning,89,DL,"{""position_group"":""DL"",""role_tier"":""rotation"",""stat_key"":""pass_breakups"",""min_value"":""0"",""max_value"":""4"",""per_games"":""12"",""notes"":""Base range before games, scheme, competition, class, team, and injury modifiers.""}"
college_production,college_production_defensive_stat_ranges.csv,college_production_defensive_stat_ranges,runtime_tuning,90,DL,"{""position_group"":""DL"",""role_tier"":""rotation"",""stat_key"":""forced_fumbles"",""min_value"":""0"",""max_value"":""3"",""per_games"":""12"",""notes"":""Base range before games, scheme, competition, class, team, and injury modifiers.""}"
college_production,college_production_defensive_stat_ranges.csv,college_production_defensive_stat_ranges,runtime_tuning,91,DL,"{""position_group"":""DL"",""role_tier"":""spot_starter"",""stat_key"":""total_tackles"",""min_value"":""3"",""max_value"":""63"",""per_games"":""12"",""notes"":""Base range before games, scheme, competition, class, team, and injury modifiers.""}"
college_production,college_production_defensive_stat_ranges.csv,college_production_defensive_stat_ranges,runtime_tuning,92,DL,"{""position_group"":""DL"",""role_tier"":""spot_starter"",""stat_key"":""tfl"",""min_value"":""0.2"",""max_value"":""16.3"",""per_games"":""12"",""notes"":""Base range before games, scheme, competition, class, team, and injury modifiers.""}"
college_production,college_production_defensive_stat_ranges.csv,college_production_defensive_stat_ranges,runtime_tuning,93,DL,"{""position_group"":""DL"",""role_tier"":""spot_starter"",""stat_key"":""sacks"",""min_value"":""0.0"",""max_value"":""10.2"",""per_games"":""12"",""notes"":""Base range before games, scheme, competition, class, team, and injury modifiers.""}"
college_production,college_production_defensive_stat_ranges.csv,college_production_defensive_stat_ranges,runtime_tuning,94,DL,"{""position_group"":""DL"",""role_tier"":""spot_starter"",""stat_key"":""interceptions"",""min_value"":""0"",""max_value"":""1"",""per_games"":""12"",""notes"":""Base range before games, scheme, competition, class, team, and injury modifiers.""}"
college_production,college_production_defensive_stat_ranges.csv,college_production_defensive_stat_ranges,runtime_tuning,95,DL,"{""position_group"":""DL"",""role_tier"":""spot_starter"",""stat_key"":""pass_breakups"",""min_value"":""0"",""max_value"":""5"",""per_games"":""12"",""notes"":""Base range before games, scheme, competition, class, team, and injury modifiers.""}"
college_production,college_production_defensive_stat_ranges.csv,college_production_defensive_stat_ranges,runtime_tuning,96,DL,"{""position_group"":""DL"",""role_tier"":""spot_starter"",""stat_key"":""forced_fumbles"",""min_value"":""0"",""max_value"":""4"",""per_games"":""12"",""notes"":""Base range before games, scheme, competition, class, team, and injury modifiers.""}"
college_production,college_production_defensive_stat_ranges.csv,college_production_defensive_stat_ranges,runtime_tuning,97,DL,"{""position_group"":""DL"",""role_tier"":""starter"",""stat_key"":""total_tackles"",""min_value"":""4"",""max_value"":""74"",""per_games"":""12"",""notes"":""Base range before games, scheme, competition, class, team, and injury modifiers.""}"
college_production,college_production_defensive_stat_ranges.csv,college_production_defensive_stat_ranges,runtime_tuning,98,DL,"{""position_group"":""DL"",""role_tier"":""starter"",""stat_key"":""tfl"",""min_value"":""0.3"",""max_value"":""19.2"",""per_games"":""12"",""notes"":""Base range before games, scheme, competition, class, team, and injury modifiers.""}"
college_production,college_production_defensive_stat_ranges.csv,college_production_defensive_stat_ranges,runtime_tuning,99,DL,"{""position_group"":""DL"",""role_tier"":""starter"",""stat_key"":""sacks"",""min_value"":""0.0"",""max_value"":""12.0"",""per_games"":""12"",""notes"":""Base range before games, scheme, competition, class, team, and injury modifiers.""}"
college_production,college_production_defensive_stat_ranges.csv,college_production_defensive_stat_ranges,runtime_tuning,100,DL,"{""position_group"":""DL"",""role_tier"":""starter"",""stat_key"":""interceptions"",""min_value"":""0"",""max_value"":""1"",""per_games"":""12"",""notes"":""Base range before games, scheme, competition, class, team, and injury modifiers.""}"
college_production,college_production_defensive_stat_ranges.csv,college_production_defensive_stat_ranges,runtime_tuning,101,DL,"{""position_group"":""DL"",""role_tier"":""starter"",""stat_key"":""pass_breakups"",""min_value"":""0"",""max_value"":""6"",""per_games"":""12"",""notes"":""Base range before games, scheme, competition, class, team, and injury modifiers.""}"
college_production,college_production_defensive_stat_ranges.csv,college_production_defensive_stat_ranges,runtime_tuning,102,DL,"{""position_group"":""DL"",""role_tier"":""starter"",""stat_key"":""forced_fumbles"",""min_value"":""0"",""max_value"":""5"",""per_games"":""12"",""notes"":""Base range before games, scheme, competition, class, team, and injury modifiers.""}"
college_production,college_production_defensive_stat_ranges.csv,college_production_defensive_stat_ranges,runtime_tuning,103,DL,"{""position_group"":""DL"",""role_tier"":""impact_starter"",""stat_key"":""total_tackles"",""min_value"":""4"",""max_value"":""83"",""per_games"":""12"",""notes"":""Base range before games, scheme, competition, class, team, and injury modifiers.""}"
college_production,college_production_defensive_stat_ranges.csv,college_production_defensive_stat_ranges,runtime_tuning,104,DL,"{""position_group"":""DL"",""role_tier"":""impact_starter"",""stat_key"":""tfl"",""min_value"":""0.4"",""max_value"":""21.6"",""per_games"":""12"",""notes"":""Base range before games, scheme, competition, class, team, and injury modifiers.""}"
college_production,college_production_defensive_stat_ranges.csv,college_production_defensive_stat_ranges,runtime_tuning,105,DL,"{""position_group"":""DL"",""role_tier"":""impact_starter"",""stat_key"":""sacks"",""min_value"":""0.0"",""max_value"":""13.5"",""per_games"":""12"",""notes"":""Base range before games, scheme, competition, class, team, and injury modifiers.""}"
college_production,college_production_defensive_stat_ranges.csv,college_production_defensive_stat_ranges,runtime_tuning,106,DL,"{""position_group"":""DL"",""role_tier"":""impact_starter"",""stat_key"":""interceptions"",""min_value"":""0"",""max_value"":""1"",""per_games"":""12"",""notes"":""Base range before games, scheme, competition, class, team, and injury modifiers.""}"
college_production,college_production_defensive_stat_ranges.csv,college_production_defensive_stat_ranges,runtime_tuning,107,DL,"{""position_group"":""DL"",""role_tier"":""impact_starter"",""stat_key"":""pass_breakups"",""min_value"":""0"",""max_value"":""6"",""per_games"":""12"",""notes"":""Base range before games, scheme, competition, class, team, and injury modifiers.""}"
college_production,college_production_defensive_stat_ranges.csv,college_production_defensive_stat_ranges,runtime_tuning,108,DL,"{""position_group"":""DL"",""role_tier"":""impact_starter"",""stat_key"":""forced_fumbles"",""min_value"":""0"",""max_value"":""5"",""per_games"":""12"",""notes"":""Base range before games, scheme, competition, class, team, and injury modifiers.""}"
college_production,college_production_defensive_stat_ranges.csv,college_production_defensive_stat_ranges,runtime_tuning,109,DL,"{""position_group"":""DL"",""role_tier"":""all_conference"",""stat_key"":""total_tackles"",""min_value"":""5"",""max_value"":""89"",""per_games"":""12"",""notes"":""Base range before games, scheme, competition, class, team, and injury modifiers.""}"
college_production,college_production_defensive_stat_ranges.csv,college_production_defensive_stat_ranges,runtime_tuning,110,DL,"{""position_group"":""DL"",""role_tier"":""all_conference"",""stat_key"":""tfl"",""min_value"":""0.4"",""max_value"":""23.3"",""per_games"":""12"",""notes"":""Base range before games, scheme, competition, class, team, and injury modifiers.""}"
college_production,college_production_defensive_stat_ranges.csv,college_production_defensive_stat_ranges,runtime_tuning,111,DL,"{""position_group"":""DL"",""role_tier"":""all_conference"",""stat_key"":""sacks"",""min_value"":""0.0"",""max_value"":""14.5"",""per_games"":""12"",""notes"":""Base range before games, scheme, competition, class, team, and injury modifiers.""}"
college_production,college_production_defensive_stat_ranges.csv,college_production_defensive_stat_ranges,runtime_tuning,112,DL,"{""position_group"":""DL"",""role_tier"":""all_conference"",""stat_key"":""interceptions"",""min_value"":""0"",""max_value"":""1"",""per_games"":""12"",""notes"":""Base range before games, scheme, competition, class, team, and injury modifiers.""}"
college_production,college_production_defensive_stat_ranges.csv,college_production_defensive_stat_ranges,runtime_tuning,113,DL,"{""position_group"":""DL"",""role_tier"":""all_conference"",""stat_key"":""pass_breakups"",""min_value"":""0"",""max_value"":""7"",""per_games"":""12"",""notes"":""Base range before games, scheme, competition, class, team, and injury modifiers.""}"
college_production,college_production_defensive_stat_ranges.csv,college_production_defensive_stat_ranges,runtime_tuning,114,DL,"{""position_group"":""DL"",""role_tier"":""all_conference"",""stat_key"":""forced_fumbles"",""min_value"":""0"",""max_value"":""6"",""per_games"":""12"",""notes"":""Base range before games, scheme, competition, class, team, and injury modifiers.""}"
college_production,college_production_defensive_stat_ranges.csv,college_production_defensive_stat_ranges,runtime_tuning,115,DL,"{""position_group"":""DL"",""role_tier"":""all_american"",""stat_key"":""total_tackles"",""min_value"":""6"",""max_value"":""92"",""per_games"":""12"",""notes"":""Base range before games, scheme, competition, class, team, and injury modifiers.""}"
college_production,college_production_defensive_stat_ranges.csv,college_production_defensive_stat_ranges,runtime_tuning,116,DL,"{""position_group"":""DL"",""role_tier"":""all_american"",""stat_key"":""tfl"",""min_value"":""0.5"",""max_value"":""24.0"",""per_games"":""12"",""notes"":""Base range before games, scheme, competition, class, team, and injury modifiers.""}"
college_production,college_production_defensive_stat_ranges.csv,college_production_defensive_stat_ranges,runtime_tuning,117,DL,"{""position_group"":""DL"",""role_tier"":""all_american"",""stat_key"":""sacks"",""min_value"":""0.0"",""max_value"":""15.0"",""per_games"":""12"",""notes"":""Base range before games, scheme, competition, class, team, and injury modifiers.""}"
college_production,college_production_defensive_stat_ranges.csv,college_production_defensive_stat_ranges,runtime_tuning,118,DL,"{""position_group"":""DL"",""role_tier"":""all_american"",""stat_key"":""interceptions"",""min_value"":""0"",""max_value"":""1"",""per_games"":""12"",""notes"":""Base range before games, scheme, competition, class, team, and injury modifiers.""}"
college_production,college_production_defensive_stat_ranges.csv,college_production_defensive_stat_ranges,runtime_tuning,119,DL,"{""position_group"":""DL"",""role_tier"":""all_american"",""stat_key"":""pass_breakups"",""min_value"":""0"",""max_value"":""7"",""per_games"":""12"",""notes"":""Base range before games, scheme, competition, class, team, and injury modifiers.""}"
college_production,college_production_defensive_stat_ranges.csv,college_production_defensive_stat_ranges,runtime_tuning,120,DL,"{""position_group"":""DL"",""role_tier"":""all_american"",""stat_key"":""forced_fumbles"",""min_value"":""0"",""max_value"":""6"",""per_games"":""12"",""notes"":""Base range before games, scheme, competition, class, team, and injury modifiers.""}"
college_production,college_production_defensive_stat_ranges.csv,college_production_defensive_stat_ranges,runtime_tuning,121,LB,"{""position_group"":""LB"",""role_tier"":""redshirt"",""stat_key"":""total_tackles"",""min_value"":""0"",""max_value"":""8"",""per_games"":""12"",""notes"":""Base range before games, scheme, competition, class, team, and injury modifiers.""}"
college_production,college_production_defensive_stat_ranges.csv,college_production_defensive_stat_ranges,runtime_tuning,122,LB,"{""position_group"":""LB"",""role_tier"":""redshirt"",""stat_key"":""tfl"",""min_value"":""0.0"",""max_value"":""1.1"",""per_games"":""12"",""notes"":""Base range before games, scheme, competition, class, team, and injury modifiers.""}"
college_production,college_production_defensive_stat_ranges.csv,college_production_defensive_stat_ranges,runtime_tuning,123,LB,"{""position_group"":""LB"",""role_tier"":""redshirt"",""stat_key"":""sacks"",""min_value"":""0.0"",""max_value"":""0.6"",""per_games"":""12"",""notes"":""Base range before games, scheme, competition, class, team, and injury modifiers.""}"
college_production,college_production_defensive_stat_ranges.csv,college_production_defensive_stat_ranges,runtime_tuning,124,LB,"{""position_group"":""LB"",""role_tier"":""redshirt"",""stat_key"":""interceptions"",""min_value"":""0"",""max_value"":""0"",""per_games"":""12"",""notes"":""Base range before games, scheme, competition, class, team, and injury modifiers.""}"
college_production,college_production_defensive_stat_ranges.csv,college_production_defensive_stat_ranges,runtime_tuning,125,LB,"{""position_group"":""LB"",""role_tier"":""redshirt"",""stat_key"":""pass_breakups"",""min_value"":""0"",""max_value"":""1"",""per_games"":""12"",""notes"":""Base range before games, scheme, competition, class, team, and injury modifiers.""}"
college_production,college_production_defensive_stat_ranges.csv,college_production_defensive_stat_ranges,runtime_tuning,126,LB,"{""position_group"":""LB"",""role_tier"":""redshirt"",""stat_key"":""forced_fumbles"",""min_value"":""0"",""max_value"":""0"",""per_games"":""12"",""notes"":""Base range before games, scheme, competition, class, team, and injury modifiers.""}"
college_production,college_production_defensive_stat_ranges.csv,college_production_defensive_stat_ranges,runtime_tuning,127,LB,"{""position_group"":""LB"",""role_tier"":""bench"",""stat_key"":""total_tackles"",""min_value"":""0"",""max_value"":""16"",""per_games"":""12"",""notes"":""Base range before games, scheme, competition, class, team, and injury modifiers.""}"
college_production,college_production_defensive_stat_ranges.csv,college_production_defensive_stat_ranges,runtime_tuning,128,LB,"{""position_group"":""LB"",""role_tier"":""bench"",""stat_key"":""tfl"",""min_value"":""0.0"",""max_value"":""2.2"",""per_games"":""12"",""notes"":""Base range before games, scheme, competition, class, team, and injury modifiers.""}"
college_production,college_production_defensive_stat_ranges.csv,college_production_defensive_stat_ranges,runtime_tuning,129,LB,"{""position_group"":""LB"",""role_tier"":""bench"",""stat_key"":""sacks"",""min_value"":""0.0"",""max_value"":""1.1"",""per_games"":""12"",""notes"":""Base range before games, scheme, competition, class, team, and injury modifiers.""}"
college_production,college_production_defensive_stat_ranges.csv,college_production_defensive_stat_ranges,runtime_tuning,130,LB,"{""position_group"":""LB"",""role_tier"":""bench"",""stat_key"":""interceptions"",""min_value"":""0"",""max_value"":""0"",""per_games"":""12"",""notes"":""Base range before games, scheme, competition, class, team, and injury modifiers.""}"
college_production,college_production_defensive_stat_ranges.csv,college_production_defensive_stat_ranges,runtime_tuning,131,LB,"{""position_group"":""LB"",""role_tier"":""bench"",""stat_key"":""pass_breakups"",""min_value"":""0"",""max_value"":""1"",""per_games"":""12"",""notes"":""Base range before games, scheme, competition, class, team, and injury modifiers.""}"
college_production,college_production_defensive_stat_ranges.csv,college_production_defensive_stat_ranges,runtime_tuning,132,LB,"{""position_group"":""LB"",""role_tier"":""bench"",""stat_key"":""forced_fumbles"",""min_value"":""0"",""max_value"":""1"",""per_games"":""12"",""notes"":""Base range before games, scheme, competition, class, team, and injury modifiers.""}"
college_production,college_production_defensive_stat_ranges.csv,college_production_defensive_stat_ranges,runtime_tuning,133,LB,"{""position_group"":""LB"",""role_tier"":""special_teams"",""stat_key"":""total_tackles"",""min_value"":""1"",""max_value"":""29"",""per_games"":""12"",""notes"":""Base range before games, scheme, competition, class, team, and injury modifiers.""}"
college_production,college_production_defensive_stat_ranges.csv,college_production_defensive_stat_ranges,runtime_tuning,134,LB,"{""position_group"":""LB"",""role_tier"":""special_teams"",""stat_key"":""tfl"",""min_value"":""0.1"",""max_value"":""4.0"",""per_games"":""12"",""notes"":""Base range before games, scheme, competition, class, team, and injury modifiers.""}"
college_production,college_production_defensive_stat_ranges.csv,college_production_defensive_stat_ranges,runtime_tuning,135,LB,"{""position_group"":""LB"",""role_tier"":""special_teams"",""stat_key"":""sacks"",""min_value"":""0.0"",""max_value"":""2.0"",""per_games"":""12"",""notes"":""Base range before games, scheme, competition, class, team, and injury modifiers.""}"
college_production,college_production_defensive_stat_ranges.csv,college_production_defensive_stat_ranges,runtime_tuning,136,LB,"{""position_group"":""LB"",""role_tier"":""special_teams"",""stat_key"":""interceptions"",""min_value"":""0"",""max_value"":""1"",""per_games"":""12"",""notes"":""Base range before games, scheme, competition, class, team, and injury modifiers.""}"
college_production,college_production_defensive_stat_ranges.csv,college_production_defensive_stat_ranges,runtime_tuning,137,LB,"{""position_group"":""LB"",""role_tier"":""special_teams"",""stat_key"":""pass_breakups"",""min_value"":""0"",""max_value"":""3"",""per_games"":""12"",""notes"":""Base range before games, scheme, competition, class, team, and injury modifiers.""}"
college_production,college_production_defensive_stat_ranges.csv,college_production_defensive_stat_ranges,runtime_tuning,138,LB,"{""position_group"":""LB"",""role_tier"":""special_teams"",""stat_key"":""forced_fumbles"",""min_value"":""0"",""max_value"":""1"",""per_games"":""12"",""notes"":""Base range before games, scheme, competition, class, team, and injury modifiers.""}"
college_production,college_production_defensive_stat_ranges.csv,college_production_defensive_stat_ranges,runtime_tuning,139,LB,"{""position_group"":""LB"",""role_tier"":""depth"",""stat_key"":""total_tackles"",""min_value"":""2"",""max_value"":""48"",""per_games"":""12"",""notes"":""Base range before games, scheme, competition, class, team, and injury modifiers.""}"
college_production,college_production_defensive_stat_ranges.csv,college_production_defensive_stat_ranges,runtime_tuning,140,LB,"{""position_group"":""LB"",""role_tier"":""depth"",""stat_key"":""tfl"",""min_value"":""0.1"",""max_value"":""6.6"",""per_games"":""12"",""notes"":""Base range before games, scheme, competition, class, team, and injury modifiers.""}"
college_production,college_production_defensive_stat_ranges.csv,college_production_defensive_stat_ranges,runtime_tuning,141,LB,"{""position_group"":""LB"",""role_tier"":""depth"",""stat_key"":""sacks"",""min_value"":""0.0"",""max_value"":""3.3"",""per_games"":""12"",""notes"":""Base range before games, scheme, competition, class, team, and injury modifiers.""}"
college_production,college_production_defensive_stat_ranges.csv,college_production_defensive_stat_ranges,runtime_tuning,142,LB,"{""position_group"":""LB"",""role_tier"":""depth"",""stat_key"":""interceptions"",""min_value"":""0"",""max_value"":""2"",""per_games"":""12"",""notes"":""Base range before games, scheme, competition, class, team, and injury modifiers.""}"
college_production,college_production_defensive_stat_ranges.csv,college_production_defensive_stat_ranges,runtime_tuning,143,LB,"{""position_group"":""LB"",""role_tier"":""depth"",""stat_key"":""pass_breakups"",""min_value"":""0"",""max_value"":""4"",""per_games"":""12"",""notes"":""Base range before games, scheme, competition, class, team, and injury modifiers.""}"
college_production,college_production_defensive_stat_ranges.csv,college_production_defensive_stat_ranges,runtime_tuning,144,LB,"{""position_group"":""LB"",""role_tier"":""depth"",""stat_key"":""forced_fumbles"",""min_value"":""0"",""max_value"":""2"",""per_games"":""12"",""notes"":""Base range before games, scheme, competition, class, team, and injury modifiers.""}"
college_production,college_production_defensive_stat_ranges.csv,college_production_defensive_stat_ranges,runtime_tuning,145,LB,"{""position_group"":""LB"",""role_tier"":""rotation"",""stat_key"":""total_tackles"",""min_value"":""4"",""max_value"":""88"",""per_games"":""12"",""notes"":""Base range before games, scheme, competition, class, team, and injury modifiers.""}"
college_production,college_production_defensive_stat_ranges.csv,college_production_defensive_stat_ranges,runtime_tuning,146,LB,"{""position_group"":""LB"",""role_tier"":""rotation"",""stat_key"":""tfl"",""min_value"":""0.3"",""max_value"":""12.1"",""per_games"":""12"",""notes"":""Base range before games, scheme, competition, class, team, and injury modifiers.""}"
college_production,college_production_defensive_stat_ranges.csv,college_production_defensive_stat_ranges,runtime_tuning,147,LB,"{""position_group"":""LB"",""role_tier"":""rotation"",""stat_key"":""sacks"",""min_value"":""0.0"",""max_value"":""6.1"",""per_games"":""12"",""notes"":""Base range before games, scheme, competition, class, team, and injury modifiers.""}"
college_production,college_production_defensive_stat_ranges.csv,college_production_defensive_stat_ranges,runtime_tuning,148,LB,"{""position_group"":""LB"",""role_tier"":""rotation"",""stat_key"":""interceptions"",""min_value"":""0"",""max_value"":""3"",""per_games"":""12"",""notes"":""Base range before games, scheme, competition, class, team, and injury modifiers.""}"
college_production,college_production_defensive_stat_ranges.csv,college_production_defensive_stat_ranges,runtime_tuning,149,LB,"{""position_group"":""LB"",""role_tier"":""rotation"",""stat_key"":""pass_breakups"",""min_value"":""0"",""max_value"":""8"",""per_games"":""12"",""notes"":""Base range before games, scheme, competition, class, team, and injury modifiers.""}"
college_production,college_production_defensive_stat_ranges.csv,college_production_defensive_stat_ranges,runtime_tuning,150,LB,"{""position_group"":""LB"",""role_tier"":""rotation"",""stat_key"":""forced_fumbles"",""min_value"":""0"",""max_value"":""4"",""per_games"":""12"",""notes"":""Base range before games, scheme, competition, class, team, and injury modifiers.""}"
college_production,college_production_defensive_stat_ranges.csv,college_production_defensive_stat_ranges,runtime_tuning,151,LB,"{""position_group"":""LB"",""role_tier"":""spot_starter"",""stat_key"":""total_tackles"",""min_value"":""7"",""max_value"":""109"",""per_games"":""12"",""notes"":""Base range before games, scheme, competition, class, team, and injury modifiers.""}"
college_production,college_production_defensive_stat_ranges.csv,college_production_defensive_stat_ranges,runtime_tuning,152,LB,"{""position_group"":""LB"",""role_tier"":""spot_starter"",""stat_key"":""tfl"",""min_value"":""0.5"",""max_value"":""15.0"",""per_games"":""12"",""notes"":""Base range before games, scheme, competition, class, team, and injury modifiers.""}"
college_production,college_production_defensive_stat_ranges.csv,college_production_defensive_stat_ranges,runtime_tuning,153,LB,"{""position_group"":""LB"",""role_tier"":""spot_starter"",""stat_key"":""sacks"",""min_value"":""0.0"",""max_value"":""7.5"",""per_games"":""12"",""notes"":""Base range before games, scheme, competition, class, team, and injury modifiers.""}"
college_production,college_production_defensive_stat_ranges.csv,college_production_defensive_stat_ranges,runtime_tuning,154,LB,"{""position_group"":""LB"",""role_tier"":""spot_starter"",""stat_key"":""interceptions"",""min_value"":""0"",""max_value"":""3"",""per_games"":""12"",""notes"":""Base range before games, scheme, competition, class, team, and injury modifiers.""}"
college_production,college_production_defensive_stat_ranges.csv,college_production_defensive_stat_ranges,runtime_tuning,155,LB,"{""position_group"":""LB"",""role_tier"":""spot_starter"",""stat_key"":""pass_breakups"",""min_value"":""0"",""max_value"":""10"",""per_games"":""12"",""notes"":""Base range before games, scheme, competition, class, team, and injury modifiers.""}"
college_production,college_production_defensive_stat_ranges.csv,college_production_defensive_stat_ranges,runtime_tuning,156,LB,"{""position_group"":""LB"",""role_tier"":""spot_starter"",""stat_key"":""forced_fumbles"",""min_value"":""0"",""max_value"":""5"",""per_games"":""12"",""notes"":""Base range before games, scheme, competition, class, team, and injury modifiers.""}"
college_production,college_production_defensive_stat_ranges.csv,college_production_defensive_stat_ranges,runtime_tuning,157,LB,"{""position_group"":""LB"",""role_tier"":""starter"",""stat_key"":""total_tackles"",""min_value"":""9"",""max_value"":""128"",""per_games"":""12"",""notes"":""Base range before games, scheme, competition, class, team, and injury modifiers.""}"
college_production,college_production_defensive_stat_ranges.csv,college_production_defensive_stat_ranges,runtime_tuning,158,LB,"{""position_group"":""LB"",""role_tier"":""starter"",""stat_key"":""tfl"",""min_value"":""0.6"",""max_value"":""17.6"",""per_games"":""12"",""notes"":""Base range before games, scheme, competition, class, team, and injury modifiers.""}"
college_production,college_production_defensive_stat_ranges.csv,college_production_defensive_stat_ranges,runtime_tuning,159,LB,"{""position_group"":""LB"",""role_tier"":""starter"",""stat_key"":""sacks"",""min_value"":""0.0"",""max_value"":""8.8"",""per_games"":""12"",""notes"":""Base range before games, scheme, competition, class, team, and injury modifiers.""}"
college_production,college_production_defensive_stat_ranges.csv,college_production_defensive_stat_ranges,runtime_tuning,160,LB,"{""position_group"":""LB"",""role_tier"":""starter"",""stat_key"":""interceptions"",""min_value"":""0"",""max_value"":""4"",""per_games"":""12"",""notes"":""Base range before games, scheme, competition, class, team, and injury modifiers.""}"
college_production,college_production_defensive_stat_ranges.csv,college_production_defensive_stat_ranges,runtime_tuning,161,LB,"{""position_group"":""LB"",""role_tier"":""starter"",""stat_key"":""pass_breakups"",""min_value"":""1"",""max_value"":""11"",""per_games"":""12"",""notes"":""Base range before games, scheme, competition, class, team, and injury modifiers.""}"
college_production,college_production_defensive_stat_ranges.csv,college_production_defensive_stat_ranges,runtime_tuning,162,LB,"{""position_group"":""LB"",""role_tier"":""starter"",""stat_key"":""forced_fumbles"",""min_value"":""0"",""max_value"":""6"",""per_games"":""12"",""notes"":""Base range before games, scheme, competition, class, team, and injury modifiers.""}"
college_production,college_production_defensive_stat_ranges.csv,college_production_defensive_stat_ranges,runtime_tuning,163,LB,"{""position_group"":""LB"",""role_tier"":""impact_starter"",""stat_key"":""total_tackles"",""min_value"":""11"",""max_value"":""144"",""per_games"":""12"",""notes"":""Base range before games, scheme, competition, class, team, and injury modifiers.""}"
college_production,college_production_defensive_stat_ranges.csv,college_production_defensive_stat_ranges,runtime_tuning,164,LB,"{""position_group"":""LB"",""role_tier"":""impact_starter"",""stat_key"":""tfl"",""min_value"":""0.8"",""max_value"":""19.8"",""per_games"":""12"",""notes"":""Base range before games, scheme, competition, class, team, and injury modifiers.""}"
college_production,college_production_defensive_stat_ranges.csv,college_production_defensive_stat_ranges,runtime_tuning,165,LB,"{""position_group"":""LB"",""role_tier"":""impact_starter"",""stat_key"":""sacks"",""min_value"":""0.0"",""max_value"":""9.9"",""per_games"":""12"",""notes"":""Base range before games, scheme, competition, class, team, and injury modifiers.""}"
college_production,college_production_defensive_stat_ranges.csv,college_production_defensive_stat_ranges,runtime_tuning,166,LB,"{""position_group"":""LB"",""role_tier"":""impact_starter"",""stat_key"":""interceptions"",""min_value"":""0"",""max_value"":""4"",""per_games"":""12"",""notes"":""Base range before games, scheme, competition, class, team, and injury modifiers.""}"
college_production,college_production_defensive_stat_ranges.csv,college_production_defensive_stat_ranges,runtime_tuning,167,LB,"{""position_group"":""LB"",""role_tier"":""impact_starter"",""stat_key"":""pass_breakups"",""min_value"":""1"",""max_value"":""13"",""per_games"":""12"",""notes"":""Base range before games, scheme, competition, class, team, and injury modifiers.""}"
college_production,college_production_defensive_stat_ranges.csv,college_production_defensive_stat_ranges,runtime_tuning,168,LB,"{""position_group"":""LB"",""role_tier"":""impact_starter"",""stat_key"":""forced_fumbles"",""min_value"":""0"",""max_value"":""6"",""per_games"":""12"",""notes"":""Base range before games, scheme, competition, class, team, and injury modifiers.""}"
college_production,college_production_defensive_stat_ranges.csv,college_production_defensive_stat_ranges,runtime_tuning,169,LB,"{""position_group"":""LB"",""role_tier"":""all_conference"",""stat_key"":""total_tackles"",""min_value"":""13"",""max_value"":""155"",""per_games"":""12"",""notes"":""Base range before games, scheme, competition, class, team, and injury modifiers.""}"
college_production,college_production_defensive_stat_ranges.csv,college_production_defensive_stat_ranges,runtime_tuning,170,LB,"{""position_group"":""LB"",""role_tier"":""all_conference"",""stat_key"":""tfl"",""min_value"":""0.8"",""max_value"":""21.3"",""per_games"":""12"",""notes"":""Base range before games, scheme, competition, class, team, and injury modifiers.""}"
college_production,college_production_defensive_stat_ranges.csv,college_production_defensive_stat_ranges,runtime_tuning,171,LB,"{""position_group"":""LB"",""role_tier"":""all_conference"",""stat_key"":""sacks"",""min_value"":""0.0"",""max_value"":""10.7"",""per_games"":""12"",""notes"":""Base range before games, scheme, competition, class, team, and injury modifiers.""}"
college_production,college_production_defensive_stat_ranges.csv,college_production_defensive_stat_ranges,runtime_tuning,172,LB,"{""position_group"":""LB"",""role_tier"":""all_conference"",""stat_key"":""interceptions"",""min_value"":""0"",""max_value"":""5"",""per_games"":""12"",""notes"":""Base range before games, scheme, competition, class, team, and injury modifiers.""}"
college_production,college_production_defensive_stat_ranges.csv,college_production_defensive_stat_ranges,runtime_tuning,173,LB,"{""position_group"":""LB"",""role_tier"":""all_conference"",""stat_key"":""pass_breakups"",""min_value"":""1"",""max_value"":""14"",""per_games"":""12"",""notes"":""Base range before games, scheme, competition, class, team, and injury modifiers.""}"
college_production,college_production_defensive_stat_ranges.csv,college_production_defensive_stat_ranges,runtime_tuning,174,LB,"{""position_group"":""LB"",""role_tier"":""all_conference"",""stat_key"":""forced_fumbles"",""min_value"":""0"",""max_value"":""7"",""per_games"":""12"",""notes"":""Base range before games, scheme, competition, class, team, and injury modifiers.""}"
college_production,college_production_defensive_stat_ranges.csv,college_production_defensive_stat_ranges,runtime_tuning,175,LB,"{""position_group"":""LB"",""role_tier"":""all_american"",""stat_key"":""total_tackles"",""min_value"":""14"",""max_value"":""160"",""per_games"":""12"",""notes"":""Base range before games, scheme, competition, class, team, and injury modifiers.""}"
college_production,college_production_defensive_stat_ranges.csv,college_production_defensive_stat_ranges,runtime_tuning,176,LB,"{""position_group"":""LB"",""role_tier"":""all_american"",""stat_key"":""tfl"",""min_value"":""0.9"",""max_value"":""22.0"",""per_games"":""12"",""notes"":""Base range before games, scheme, competition, class, team, and injury modifiers.""}"
college_production,college_production_defensive_stat_ranges.csv,college_production_defensive_stat_ranges,runtime_tuning,177,LB,"{""position_group"":""LB"",""role_tier"":""all_american"",""stat_key"":""sacks"",""min_value"":""0.0"",""max_value"":""11.0"",""per_games"":""12"",""notes"":""Base range before games, scheme, competition, class, team, and injury modifiers.""}"
college_production,college_production_defensive_stat_ranges.csv,college_production_defensive_stat_ranges,runtime_tuning,178,LB,"{""position_group"":""LB"",""role_tier"":""all_american"",""stat_key"":""interceptions"",""min_value"":""0"",""max_value"":""5"",""per_games"":""12"",""notes"":""Base range before games, scheme, competition, class, team, and injury modifiers.""}"
college_production,college_production_defensive_stat_ranges.csv,college_production_defensive_stat_ranges,runtime_tuning,179,LB,"{""position_group"":""LB"",""role_tier"":""all_american"",""stat_key"":""pass_breakups"",""min_value"":""1"",""max_value"":""14"",""per_games"":""12"",""notes"":""Base range before games, scheme, competition, class, team, and injury modifiers.""}"
college_production,college_production_defensive_stat_ranges.csv,college_production_defensive_stat_ranges,runtime_tuning,180,LB,"{""position_group"":""LB"",""role_tier"":""all_american"",""stat_key"":""forced_fumbles"",""min_value"":""0"",""max_value"":""7"",""per_games"":""12"",""notes"":""Base range before games, scheme, competition, class, team, and injury modifiers.""}"
college_production,college_production_defensive_stat_ranges.csv,college_production_defensive_stat_ranges,runtime_tuning,181,CB,"{""position_group"":""CB"",""role_tier"":""redshirt"",""stat_key"":""total_tackles"",""min_value"":""0"",""max_value"":""5"",""per_games"":""12"",""notes"":""Base range before games, scheme, competition, class, team, and injury modifiers.""}"
college_production,college_production_defensive_stat_ranges.csv,college_production_defensive_stat_ranges,runtime_tuning,182,CB,"{""position_group"":""CB"",""role_tier"":""redshirt"",""stat_key"":""tfl"",""min_value"":""0.0"",""max_value"":""0.5"",""per_games"":""12"",""notes"":""Base range before games, scheme, competition, class, team, and injury modifiers.""}"
college_production,college_production_defensive_stat_ranges.csv,college_production_defensive_stat_ranges,runtime_tuning,183,CB,"{""position_group"":""CB"",""role_tier"":""redshirt"",""stat_key"":""sacks"",""min_value"":""0.0"",""max_value"":""0.2"",""per_games"":""12"",""notes"":""Base range before games, scheme, competition, class, team, and injury modifiers.""}"
college_production,college_production_defensive_stat_ranges.csv,college_production_defensive_stat_ranges,runtime_tuning,184,CB,"{""position_group"":""CB"",""role_tier"":""redshirt"",""stat_key"":""interceptions"",""min_value"":""0"",""max_value"":""0"",""per_games"":""12"",""notes"":""Base range before games, scheme, competition, class, team, and injury modifiers.""}"
college_production,college_production_defensive_stat_ranges.csv,college_production_defensive_stat_ranges,runtime_tuning,185,CB,"{""position_group"":""CB"",""role_tier"":""redshirt"",""stat_key"":""pass_breakups"",""min_value"":""0"",""max_value"":""1"",""per_games"":""12"",""notes"":""Base range before games, scheme, competition, class, team, and injury modifiers.""}"
college_production,college_production_defensive_stat_ranges.csv,college_production_defensive_stat_ranges,runtime_tuning,186,CB,"{""position_group"":""CB"",""role_tier"":""redshirt"",""stat_key"":""forced_fumbles"",""min_value"":""0"",""max_value"":""0"",""per_games"":""12"",""notes"":""Base range before games, scheme, competition, class, team, and injury modifiers.""}"
college_production,college_production_defensive_stat_ranges.csv,college_production_defensive_stat_ranges,runtime_tuning,187,CB,"{""position_group"":""CB"",""role_tier"":""bench"",""stat_key"":""total_tackles"",""min_value"":""0"",""max_value"":""10"",""per_games"":""12"",""notes"":""Base range before games, scheme, competition, class, team, and injury modifiers.""}"
college_production,college_production_defensive_stat_ranges.csv,college_production_defensive_stat_ranges,runtime_tuning,188,CB,"{""position_group"":""CB"",""role_tier"":""bench"",""stat_key"":""tfl"",""min_value"":""0.0"",""max_value"":""1.0"",""per_games"":""12"",""notes"":""Base range before games, scheme, competition, class, team, and injury modifiers.""}"
college_production,college_production_defensive_stat_ranges.csv,college_production_defensive_stat_ranges,runtime_tuning,189,CB,"{""position_group"":""CB"",""role_tier"":""bench"",""stat_key"":""sacks"",""min_value"":""0.0"",""max_value"":""0.5"",""per_games"":""12"",""notes"":""Base range before games, scheme, competition, class, team, and injury modifiers.""}"
college_production,college_production_defensive_stat_ranges.csv,college_production_defensive_stat_ranges,runtime_tuning,190,CB,"{""position_group"":""CB"",""role_tier"":""bench"",""stat_key"":""interceptions"",""min_value"":""0"",""max_value"":""1"",""per_games"":""12"",""notes"":""Base range before games, scheme, competition, class, team, and injury modifiers.""}"
college_production,college_production_defensive_stat_ranges.csv,college_production_defensive_stat_ranges,runtime_tuning,191,CB,"{""position_group"":""CB"",""role_tier"":""bench"",""stat_key"":""pass_breakups"",""min_value"":""0"",""max_value"":""2"",""per_games"":""12"",""notes"":""Base range before games, scheme, competition, class, team, and injury modifiers.""}"
college_production,college_production_defensive_stat_ranges.csv,college_production_defensive_stat_ranges,runtime_tuning,192,CB,"{""position_group"":""CB"",""role_tier"":""bench"",""stat_key"":""forced_fumbles"",""min_value"":""0"",""max_value"":""1"",""per_games"":""12"",""notes"":""Base range before games, scheme, competition, class, team, and injury modifiers.""}"
college_production,college_production_defensive_stat_ranges.csv,college_production_defensive_stat_ranges,runtime_tuning,193,CB,"{""position_group"":""CB"",""role_tier"":""special_teams"",""stat_key"":""total_tackles"",""min_value"":""1"",""max_value"":""19"",""per_games"":""12"",""notes"":""Base range before games, scheme, competition, class, team, and injury modifiers.""}"
college_production,college_production_defensive_stat_ranges.csv,college_production_defensive_stat_ranges,runtime_tuning,194,CB,"{""position_group"":""CB"",""role_tier"":""special_teams"",""stat_key"":""tfl"",""min_value"":""0.0"",""max_value"":""1.8"",""per_games"":""12"",""notes"":""Base range before games, scheme, competition, class, team, and injury modifiers.""}"
college_production,college_production_defensive_stat_ranges.csv,college_production_defensive_stat_ranges,runtime_tuning,195,CB,"{""position_group"":""CB"",""role_tier"":""special_teams"",""stat_key"":""sacks"",""min_value"":""0.0"",""max_value"":""0.9"",""per_games"":""12"",""notes"":""Base range before games, scheme, competition, class, team, and injury modifiers.""}"
college_production,college_production_defensive_stat_ranges.csv,college_production_defensive_stat_ranges,runtime_tuning,196,CB,"{""position_group"":""CB"",""role_tier"":""special_teams"",""stat_key"":""interceptions"",""min_value"":""0"",""max_value"":""1"",""per_games"":""12"",""notes"":""Base range before games, scheme, competition, class, team, and injury modifiers.""}"
college_production,college_production_defensive_stat_ranges.csv,college_production_defensive_stat_ranges,runtime_tuning,197,CB,"{""position_group"":""CB"",""role_tier"":""special_teams"",""stat_key"":""pass_breakups"",""min_value"":""0"",""max_value"":""4"",""per_games"":""12"",""notes"":""Base range before games, scheme, competition, class, team, and injury modifiers.""}"
college_production,college_production_defensive_stat_ranges.csv,college_production_defensive_stat_ranges,runtime_tuning,198,CB,"{""position_group"":""CB"",""role_tier"":""special_teams"",""stat_key"":""forced_fumbles"",""min_value"":""0"",""max_value"":""1"",""per_games"":""12"",""notes"":""Base range before games, scheme, competition, class, team, and injury modifiers.""}"
college_production,college_production_defensive_stat_ranges.csv,college_production_defensive_stat_ranges,runtime_tuning,199,CB,"{""position_group"":""CB"",""role_tier"":""depth"",""stat_key"":""total_tackles"",""min_value"":""1"",""max_value"":""32"",""per_games"":""12"",""notes"":""Base range before games, scheme, competition, class, team, and injury modifiers.""}"
college_production,college_production_defensive_stat_ranges.csv,college_production_defensive_stat_ranges,runtime_tuning,200,CB,"{""position_group"":""CB"",""role_tier"":""depth"",""stat_key"":""tfl"",""min_value"":""0.0"",""max_value"":""3.0"",""per_games"":""12"",""notes"":""Base range before games, scheme, competition, class, team, and injury modifiers.""}"
college_production,college_production_defensive_stat_ranges.csv,college_production_defensive_stat_ranges,runtime_tuning,201,CB,"{""position_group"":""CB"",""role_tier"":""depth"",""stat_key"":""sacks"",""min_value"":""0.0"",""max_value"":""1.5"",""per_games"":""12"",""notes"":""Base range before games, scheme, competition, class, team, and injury modifiers.""}"
college_production,college_production_defensive_stat_ranges.csv,college_production_defensive_stat_ranges,runtime_tuning,202,CB,"{""position_group"":""CB"",""role_tier"":""depth"",""stat_key"":""interceptions"",""min_value"":""0"",""max_value"":""2"",""per_games"":""12"",""notes"":""Base range before games, scheme, competition, class, team, and injury modifiers.""}"
college_production,college_production_defensive_stat_ranges.csv,college_production_defensive_stat_ranges,runtime_tuning,203,CB,"{""position_group"":""CB"",""role_tier"":""depth"",""stat_key"":""pass_breakups"",""min_value"":""0"",""max_value"":""7"",""per_games"":""12"",""notes"":""Base range before games, scheme, competition, class, team, and injury modifiers.""}"
college_production,college_production_defensive_stat_ranges.csv,college_production_defensive_stat_ranges,runtime_tuning,204,CB,"{""position_group"":""CB"",""role_tier"":""depth"",""stat_key"":""forced_fumbles"",""min_value"":""0"",""max_value"":""2"",""per_games"":""12"",""notes"":""Base range before games, scheme, competition, class, team, and injury modifiers.""}"
college_production,college_production_defensive_stat_ranges.csv,college_production_defensive_stat_ranges,runtime_tuning,205,CB,"{""position_group"":""CB"",""role_tier"":""rotation"",""stat_key"":""total_tackles"",""min_value"":""4"",""max_value"":""58"",""per_games"":""12"",""notes"":""Base range before games, scheme, competition, class, team, and injury modifiers.""}"
college_production,college_production_defensive_stat_ranges.csv,college_production_defensive_stat_ranges,runtime_tuning,206,CB,"{""position_group"":""CB"",""role_tier"":""rotation"",""stat_key"":""tfl"",""min_value"":""0.0"",""max_value"":""5.5"",""per_games"":""12"",""notes"":""Base range before games, scheme, competition, class, team, and injury modifiers.""}"
college_production,college_production_defensive_stat_ranges.csv,college_production_defensive_stat_ranges,runtime_tuning,207,CB,"{""position_group"":""CB"",""role_tier"":""rotation"",""stat_key"":""sacks"",""min_value"":""0.0"",""max_value"":""2.8"",""per_games"":""12"",""notes"":""Base range before games, scheme, competition, class, team, and injury modifiers.""}"
college_production,college_production_defensive_stat_ranges.csv,college_production_defensive_stat_ranges,runtime_tuning,208,CB,"{""position_group"":""CB"",""role_tier"":""rotation"",""stat_key"":""interceptions"",""min_value"":""0"",""max_value"":""4"",""per_games"":""12"",""notes"":""Base range before games, scheme, competition, class, team, and injury modifiers.""}"
college_production,college_production_defensive_stat_ranges.csv,college_production_defensive_stat_ranges,runtime_tuning,209,CB,"{""position_group"":""CB"",""role_tier"":""rotation"",""stat_key"":""pass_breakups"",""min_value"":""0"",""max_value"":""12"",""per_games"":""12"",""notes"":""Base range before games, scheme, competition, class, team, and injury modifiers.""}"
college_production,college_production_defensive_stat_ranges.csv,college_production_defensive_stat_ranges,runtime_tuning,210,CB,"{""position_group"":""CB"",""role_tier"":""rotation"",""stat_key"":""forced_fumbles"",""min_value"":""0"",""max_value"":""4"",""per_games"":""12"",""notes"":""Base range before games, scheme, competition, class, team, and injury modifiers.""}"
college_production,college_production_defensive_stat_ranges.csv,college_production_defensive_stat_ranges,runtime_tuning,211,CB,"{""position_group"":""CB"",""role_tier"":""spot_starter"",""stat_key"":""total_tackles"",""min_value"":""5"",""max_value"":""71"",""per_games"":""12"",""notes"":""Base range before games, scheme, competition, class, team, and injury modifiers.""}"
college_production,college_production_defensive_stat_ranges.csv,college_production_defensive_stat_ranges,runtime_tuning,212,CB,"{""position_group"":""CB"",""role_tier"":""spot_starter"",""stat_key"":""tfl"",""min_value"":""0.0"",""max_value"":""6.8"",""per_games"":""12"",""notes"":""Base range before games, scheme, competition, class, team, and injury modifiers.""}"
college_production,college_production_defensive_stat_ranges.csv,college_production_defensive_stat_ranges,runtime_tuning,213,CB,"{""position_group"":""CB"",""role_tier"":""spot_starter"",""stat_key"":""sacks"",""min_value"":""0.0"",""max_value"":""3.4"",""per_games"":""12"",""notes"":""Base range before games, scheme, competition, class, team, and injury modifiers.""}"
college_production,college_production_defensive_stat_ranges.csv,college_production_defensive_stat_ranges,runtime_tuning,214,CB,"{""position_group"":""CB"",""role_tier"":""spot_starter"",""stat_key"":""interceptions"",""min_value"":""0"",""max_value"":""5"",""per_games"":""12"",""notes"":""Base range before games, scheme, competition, class, team, and injury modifiers.""}"
college_production,college_production_defensive_stat_ranges.csv,college_production_defensive_stat_ranges,runtime_tuning,215,CB,"{""position_group"":""CB"",""role_tier"":""spot_starter"",""stat_key"":""pass_breakups"",""min_value"":""0"",""max_value"":""15"",""per_games"":""12"",""notes"":""Base range before games, scheme, competition, class, team, and injury modifiers.""}"
college_production,college_production_defensive_stat_ranges.csv,college_production_defensive_stat_ranges,runtime_tuning,216,CB,"{""position_group"":""CB"",""role_tier"":""spot_starter"",""stat_key"":""forced_fumbles"",""min_value"":""0"",""max_value"":""5"",""per_games"":""12"",""notes"":""Base range before games, scheme, competition, class, team, and injury modifiers.""}"
college_production,college_production_defensive_stat_ranges.csv,college_production_defensive_stat_ranges,runtime_tuning,217,CB,"{""position_group"":""CB"",""role_tier"":""starter"",""stat_key"":""total_tackles"",""min_value"":""7"",""max_value"":""84"",""per_games"":""12"",""notes"":""Base range before games, scheme, competition, class, team, and injury modifiers.""}"
college_production,college_production_defensive_stat_ranges.csv,college_production_defensive_stat_ranges,runtime_tuning,218,CB,"{""position_group"":""CB"",""role_tier"":""starter"",""stat_key"":""tfl"",""min_value"":""0.0"",""max_value"":""8.0"",""per_games"":""12"",""notes"":""Base range before games, scheme, competition, class, team, and injury modifiers.""}"
college_production,college_production_defensive_stat_ranges.csv,college_production_defensive_stat_ranges,runtime_tuning,219,CB,"{""position_group"":""CB"",""role_tier"":""starter"",""stat_key"":""sacks"",""min_value"":""0.0"",""max_value"":""4.0"",""per_games"":""12"",""notes"":""Base range before games, scheme, competition, class, team, and injury modifiers.""}"
college_production,college_production_defensive_stat_ranges.csv,college_production_defensive_stat_ranges,runtime_tuning,220,CB,"{""position_group"":""CB"",""role_tier"":""starter"",""stat_key"":""interceptions"",""min_value"":""0"",""max_value"":""6"",""per_games"":""12"",""notes"":""Base range before games, scheme, competition, class, team, and injury modifiers.""}"
college_production,college_production_defensive_stat_ranges.csv,college_production_defensive_stat_ranges,runtime_tuning,221,CB,"{""position_group"":""CB"",""role_tier"":""starter"",""stat_key"":""pass_breakups"",""min_value"":""1"",""max_value"":""18"",""per_games"":""12"",""notes"":""Base range before games, scheme, competition, class, team, and injury modifiers.""}"
college_production,college_production_defensive_stat_ranges.csv,college_production_defensive_stat_ranges,runtime_tuning,222,CB,"{""position_group"":""CB"",""role_tier"":""starter"",""stat_key"":""forced_fumbles"",""min_value"":""0"",""max_value"":""6"",""per_games"":""12"",""notes"":""Base range before games, scheme, competition, class, team, and injury modifiers.""}"
college_production,college_production_defensive_stat_ranges.csv,college_production_defensive_stat_ranges,runtime_tuning,223,CB,"{""position_group"":""CB"",""role_tier"":""impact_starter"",""stat_key"":""total_tackles"",""min_value"":""9"",""max_value"":""94"",""per_games"":""12"",""notes"":""Base range before games, scheme, competition, class, team, and injury modifiers.""}"
college_production,college_production_defensive_stat_ranges.csv,college_production_defensive_stat_ranges,runtime_tuning,224,CB,"{""position_group"":""CB"",""role_tier"":""impact_starter"",""stat_key"":""tfl"",""min_value"":""0.0"",""max_value"":""9.0"",""per_games"":""12"",""notes"":""Base range before games, scheme, competition, class, team, and injury modifiers.""}"
college_production,college_production_defensive_stat_ranges.csv,college_production_defensive_stat_ranges,runtime_tuning,225,CB,"{""position_group"":""CB"",""role_tier"":""impact_starter"",""stat_key"":""sacks"",""min_value"":""0.0"",""max_value"":""4.5"",""per_games"":""12"",""notes"":""Base range before games, scheme, competition, class, team, and injury modifiers.""}"
college_production,college_production_defensive_stat_ranges.csv,college_production_defensive_stat_ranges,runtime_tuning,226,CB,"{""position_group"":""CB"",""role_tier"":""impact_starter"",""stat_key"":""interceptions"",""min_value"":""0"",""max_value"":""7"",""per_games"":""12"",""notes"":""Base range before games, scheme, competition, class, team, and injury modifiers.""}"
college_production,college_production_defensive_stat_ranges.csv,college_production_defensive_stat_ranges,runtime_tuning,227,CB,"{""position_group"":""CB"",""role_tier"":""impact_starter"",""stat_key"":""pass_breakups"",""min_value"":""1"",""max_value"":""20"",""per_games"":""12"",""notes"":""Base range before games, scheme, competition, class, team, and injury modifiers.""}"
college_production,college_production_defensive_stat_ranges.csv,college_production_defensive_stat_ranges,runtime_tuning,228,CB,"{""position_group"":""CB"",""role_tier"":""impact_starter"",""stat_key"":""forced_fumbles"",""min_value"":""0"",""max_value"":""6"",""per_games"":""12"",""notes"":""Base range before games, scheme, competition, class, team, and injury modifiers.""}"
college_production,college_production_defensive_stat_ranges.csv,college_production_defensive_stat_ranges,runtime_tuning,229,CB,"{""position_group"":""CB"",""role_tier"":""all_conference"",""stat_key"":""total_tackles"",""min_value"":""10"",""max_value"":""102"",""per_games"":""12"",""notes"":""Base range before games, scheme, competition, class, team, and injury modifiers.""}"
college_production,college_production_defensive_stat_ranges.csv,college_production_defensive_stat_ranges,runtime_tuning,230,CB,"{""position_group"":""CB"",""role_tier"":""all_conference"",""stat_key"":""tfl"",""min_value"":""0.0"",""max_value"":""9.7"",""per_games"":""12"",""notes"":""Base range before games, scheme, competition, class, team, and injury modifiers.""}"
college_production,college_production_defensive_stat_ranges.csv,college_production_defensive_stat_ranges,runtime_tuning,231,CB,"{""position_group"":""CB"",""role_tier"":""all_conference"",""stat_key"":""sacks"",""min_value"":""0.0"",""max_value"":""4.8"",""per_games"":""12"",""notes"":""Base range before games, scheme, competition, class, team, and injury modifiers.""}"
college_production,college_production_defensive_stat_ranges.csv,college_production_defensive_stat_ranges,runtime_tuning,232,CB,"{""position_group"":""CB"",""role_tier"":""all_conference"",""stat_key"":""interceptions"",""min_value"":""0"",""max_value"":""8"",""per_games"":""12"",""notes"":""Base range before games, scheme, competition, class, team, and injury modifiers.""}"
college_production,college_production_defensive_stat_ranges.csv,college_production_defensive_stat_ranges,runtime_tuning,233,CB,"{""position_group"":""CB"",""role_tier"":""all_conference"",""stat_key"":""pass_breakups"",""min_value"":""1"",""max_value"":""21"",""per_games"":""12"",""notes"":""Base range before games, scheme, competition, class, team, and injury modifiers.""}"
college_production,college_production_defensive_stat_ranges.csv,college_production_defensive_stat_ranges,runtime_tuning,234,CB,"{""position_group"":""CB"",""role_tier"":""all_conference"",""stat_key"":""forced_fumbles"",""min_value"":""0"",""max_value"":""7"",""per_games"":""12"",""notes"":""Base range before games, scheme, competition, class, team, and injury modifiers.""}"
college_production,college_production_defensive_stat_ranges.csv,college_production_defensive_stat_ranges,runtime_tuning,235,CB,"{""position_group"":""CB"",""role_tier"":""all_american"",""stat_key"":""total_tackles"",""min_value"":""11"",""max_value"":""105"",""per_games"":""12"",""notes"":""Base range before games, scheme, competition, class, team, and injury modifiers.""}"
college_production,college_production_defensive_stat_ranges.csv,college_production_defensive_stat_ranges,runtime_tuning,236,CB,"{""position_group"":""CB"",""role_tier"":""all_american"",""stat_key"":""tfl"",""min_value"":""0.0"",""max_value"":""10.0"",""per_games"":""12"",""notes"":""Base range before games, scheme, competition, class, team, and injury modifiers.""}"
college_production,college_production_defensive_stat_ranges.csv,college_production_defensive_stat_ranges,runtime_tuning,237,CB,"{""position_group"":""CB"",""role_tier"":""all_american"",""stat_key"":""sacks"",""min_value"":""0.0"",""max_value"":""5.0"",""per_games"":""12"",""notes"":""Base range before games, scheme, competition, class, team, and injury modifiers.""}"
college_production,college_production_defensive_stat_ranges.csv,college_production_defensive_stat_ranges,runtime_tuning,238,CB,"{""position_group"":""CB"",""role_tier"":""all_american"",""stat_key"":""interceptions"",""min_value"":""0"",""max_value"":""8"",""per_games"":""12"",""notes"":""Base range before games, scheme, competition, class, team, and injury modifiers.""}"
college_production,college_production_defensive_stat_ranges.csv,college_production_defensive_stat_ranges,runtime_tuning,239,CB,"{""position_group"":""CB"",""role_tier"":""all_american"",""stat_key"":""pass_breakups"",""min_value"":""1"",""max_value"":""22"",""per_games"":""12"",""notes"":""Base range before games, scheme, competition, class, team, and injury modifiers.""}"
college_production,college_production_defensive_stat_ranges.csv,college_production_defensive_stat_ranges,runtime_tuning,240,CB,"{""position_group"":""CB"",""role_tier"":""all_american"",""stat_key"":""forced_fumbles"",""min_value"":""0"",""max_value"":""7"",""per_games"":""12"",""notes"":""Base range before games, scheme, competition, class, team, and injury modifiers.""}"
college_production,college_production_defensive_stat_ranges.csv,college_production_defensive_stat_ranges,runtime_tuning,241,S,"{""position_group"":""S"",""role_tier"":""redshirt"",""stat_key"":""total_tackles"",""min_value"":""0"",""max_value"":""8"",""per_games"":""12"",""notes"":""Base range before games, scheme, competition, class, team, and injury modifiers.""}"
college_production,college_production_defensive_stat_ranges.csv,college_production_defensive_stat_ranges,runtime_tuning,242,S,"{""position_group"":""S"",""role_tier"":""redshirt"",""stat_key"":""tfl"",""min_value"":""0.0"",""max_value"":""0.8"",""per_games"":""12"",""notes"":""Base range before games, scheme, competition, class, team, and injury modifiers.""}"
college_production,college_production_defensive_stat_ranges.csv,college_production_defensive_stat_ranges,runtime_tuning,243,S,"{""position_group"":""S"",""role_tier"":""redshirt"",""stat_key"":""sacks"",""min_value"":""0.0"",""max_value"":""0.4"",""per_games"":""12"",""notes"":""Base range before games, scheme, competition, class, team, and injury modifiers.""}"
college_production,college_production_defensive_stat_ranges.csv,college_production_defensive_stat_ranges,runtime_tuning,244,S,"{""position_group"":""S"",""role_tier"":""redshirt"",""stat_key"":""interceptions"",""min_value"":""0"",""max_value"":""0"",""per_games"":""12"",""notes"":""Base range before games, scheme, competition, class, team, and injury modifiers.""}"
college_production,college_production_defensive_stat_ranges.csv,college_production_defensive_stat_ranges,runtime_tuning,245,S,"{""position_group"":""S"",""role_tier"":""redshirt"",""stat_key"":""pass_breakups"",""min_value"":""0"",""max_value"":""1"",""per_games"":""12"",""notes"":""Base range before games, scheme, competition, class, team, and injury modifiers.""}"
college_production,college_production_defensive_stat_ranges.csv,college_production_defensive_stat_ranges,runtime_tuning,246,S,"{""position_group"":""S"",""role_tier"":""redshirt"",""stat_key"":""forced_fumbles"",""min_value"":""0"",""max_value"":""0"",""per_games"":""12"",""notes"":""Base range before games, scheme, competition, class, team, and injury modifiers.""}"
college_production,college_production_defensive_stat_ranges.csv,college_production_defensive_stat_ranges,runtime_tuning,247,S,"{""position_group"":""S"",""role_tier"":""bench"",""stat_key"":""total_tackles"",""min_value"":""0"",""max_value"":""16"",""per_games"":""12"",""notes"":""Base range before games, scheme, competition, class, team, and injury modifiers.""}"
college_production,college_production_defensive_stat_ranges.csv,college_production_defensive_stat_ranges,runtime_tuning,248,S,"{""position_group"":""S"",""role_tier"":""bench"",""stat_key"":""tfl"",""min_value"":""0.0"",""max_value"":""1.5"",""per_games"":""12"",""notes"":""Base range before games, scheme, competition, class, team, and injury modifiers.""}"
college_production,college_production_defensive_stat_ranges.csv,college_production_defensive_stat_ranges,runtime_tuning,249,S,"{""position_group"":""S"",""role_tier"":""bench"",""stat_key"":""sacks"",""min_value"":""0.0"",""max_value"":""0.7"",""per_games"":""12"",""notes"":""Base range before games, scheme, competition, class, team, and injury modifiers.""}"
college_production,college_production_defensive_stat_ranges.csv,college_production_defensive_stat_ranges,runtime_tuning,250,S,"{""position_group"":""S"",""role_tier"":""bench"",""stat_key"":""interceptions"",""min_value"":""0"",""max_value"":""1"",""per_games"":""12"",""notes"":""Base range before games, scheme, competition, class, team, and injury modifiers.""}"
college_production,college_production_defensive_stat_ranges.csv,college_production_defensive_stat_ranges,runtime_tuning,251,S,"{""position_group"":""S"",""role_tier"":""bench"",""stat_key"":""pass_breakups"",""min_value"":""0"",""max_value"":""2"",""per_games"":""12"",""notes"":""Base range before games, scheme, competition, class, team, and injury modifiers.""}"
college_production,college_production_defensive_stat_ranges.csv,college_production_defensive_stat_ranges,runtime_tuning,252,S,"{""position_group"":""S"",""role_tier"":""bench"",""stat_key"":""forced_fumbles"",""min_value"":""0"",""max_value"":""1"",""per_games"":""12"",""notes"":""Base range before games, scheme, competition, class, team, and injury modifiers.""}"
college_production,college_production_defensive_stat_ranges.csv,college_production_defensive_stat_ranges,runtime_tuning,253,S,"{""position_group"":""S"",""role_tier"":""special_teams"",""stat_key"":""total_tackles"",""min_value"":""1"",""max_value"":""28"",""per_games"":""12"",""notes"":""Base range before games, scheme, competition, class, team, and injury modifiers.""}"
college_production,college_production_defensive_stat_ranges.csv,college_production_defensive_stat_ranges,runtime_tuning,254,S,"{""position_group"":""S"",""role_tier"":""special_teams"",""stat_key"":""tfl"",""min_value"":""0.0"",""max_value"":""2.7"",""per_games"":""12"",""notes"":""Base range before games, scheme, competition, class, team, and injury modifiers.""}"
college_production,college_production_defensive_stat_ranges.csv,college_production_defensive_stat_ranges,runtime_tuning,255,S,"{""position_group"":""S"",""role_tier"":""special_teams"",""stat_key"":""sacks"",""min_value"":""0.0"",""max_value"":""1.3"",""per_games"":""12"",""notes"":""Base range before games, scheme, competition, class, team, and injury modifiers.""}"
college_production,college_production_defensive_stat_ranges.csv,college_production_defensive_stat_ranges,runtime_tuning,256,S,"{""position_group"":""S"",""role_tier"":""special_teams"",""stat_key"":""interceptions"",""min_value"":""0"",""max_value"":""1"",""per_games"":""12"",""notes"":""Base range before games, scheme, competition, class, team, and injury modifiers.""}"
college_production,college_production_defensive_stat_ranges.csv,college_production_defensive_stat_ranges,runtime_tuning,257,S,"{""position_group"":""S"",""role_tier"":""special_teams"",""stat_key"":""pass_breakups"",""min_value"":""0"",""max_value"":""3"",""per_games"":""12"",""notes"":""Base range before games, scheme, competition, class, team, and injury modifiers.""}"
college_production,college_production_defensive_stat_ranges.csv,college_production_defensive_stat_ranges,runtime_tuning,258,S,"{""position_group"":""S"",""role_tier"":""special_teams"",""stat_key"":""forced_fumbles"",""min_value"":""0"",""max_value"":""1"",""per_games"":""12"",""notes"":""Base range before games, scheme, competition, class, team, and injury modifiers.""}"
college_production,college_production_defensive_stat_ranges.csv,college_production_defensive_stat_ranges,runtime_tuning,259,S,"{""position_group"":""S"",""role_tier"":""depth"",""stat_key"":""total_tackles"",""min_value"":""2"",""max_value"":""46"",""per_games"":""12"",""notes"":""Base range before games, scheme, competition, class, team, and injury modifiers.""}"
college_production,college_production_defensive_stat_ranges.csv,college_production_defensive_stat_ranges,runtime_tuning,260,S,"{""position_group"":""S"",""role_tier"":""depth"",""stat_key"":""tfl"",""min_value"":""0.0"",""max_value"":""4.5"",""per_games"":""12"",""notes"":""Base range before games, scheme, competition, class, team, and injury modifiers.""}"
college_production,college_production_defensive_stat_ranges.csv,college_production_defensive_stat_ranges,runtime_tuning,261,S,"{""position_group"":""S"",""role_tier"":""depth"",""stat_key"":""sacks"",""min_value"":""0.0"",""max_value"":""2.1"",""per_games"":""12"",""notes"":""Base range before games, scheme, competition, class, team, and injury modifiers.""}"
college_production,college_production_defensive_stat_ranges.csv,college_production_defensive_stat_ranges,runtime_tuning,262,S,"{""position_group"":""S"",""role_tier"":""depth"",""stat_key"":""interceptions"",""min_value"":""0"",""max_value"":""2"",""per_games"":""12"",""notes"":""Base range before games, scheme, competition, class, team, and injury modifiers.""}"
college_production,college_production_defensive_stat_ranges.csv,college_production_defensive_stat_ranges,runtime_tuning,263,S,"{""position_group"":""S"",""role_tier"":""depth"",""stat_key"":""pass_breakups"",""min_value"":""0"",""max_value"":""5"",""per_games"":""12"",""notes"":""Base range before games, scheme, competition, class, team, and injury modifiers.""}"
college_production,college_production_defensive_stat_ranges.csv,college_production_defensive_stat_ranges,runtime_tuning,264,S,"{""position_group"":""S"",""role_tier"":""depth"",""stat_key"":""forced_fumbles"",""min_value"":""0"",""max_value"":""2"",""per_games"":""12"",""notes"":""Base range before games, scheme, competition, class, team, and injury modifiers.""}"
college_production,college_production_defensive_stat_ranges.csv,college_production_defensive_stat_ranges,runtime_tuning,265,S,"{""position_group"":""S"",""role_tier"":""rotation"",""stat_key"":""total_tackles"",""min_value"":""4"",""max_value"":""85"",""per_games"":""12"",""notes"":""Base range before games, scheme, competition, class, team, and injury modifiers.""}"
college_production,college_production_defensive_stat_ranges.csv,college_production_defensive_stat_ranges,runtime_tuning,266,S,"{""position_group"":""S"",""role_tier"":""rotation"",""stat_key"":""tfl"",""min_value"":""0.0"",""max_value"":""8.2"",""per_games"":""12"",""notes"":""Base range before games, scheme, competition, class, team, and injury modifiers.""}"
college_production,college_production_defensive_stat_ranges.csv,college_production_defensive_stat_ranges,runtime_tuning,267,S,"{""position_group"":""S"",""role_tier"":""rotation"",""stat_key"":""sacks"",""min_value"":""0.0"",""max_value"":""3.9"",""per_games"":""12"",""notes"":""Base range before games, scheme, competition, class, team, and injury modifiers.""}"
college_production,college_production_defensive_stat_ranges.csv,college_production_defensive_stat_ranges,runtime_tuning,268,S,"{""position_group"":""S"",""role_tier"":""rotation"",""stat_key"":""interceptions"",""min_value"":""0"",""max_value"":""4"",""per_games"":""12"",""notes"":""Base range before games, scheme, competition, class, team, and injury modifiers.""}"
college_production,college_production_defensive_stat_ranges.csv,college_production_defensive_stat_ranges,runtime_tuning,269,S,"{""position_group"":""S"",""role_tier"":""rotation"",""stat_key"":""pass_breakups"",""min_value"":""0"",""max_value"":""10"",""per_games"":""12"",""notes"":""Base range before games, scheme, competition, class, team, and injury modifiers.""}"
college_production,college_production_defensive_stat_ranges.csv,college_production_defensive_stat_ranges,runtime_tuning,270,S,"{""position_group"":""S"",""role_tier"":""rotation"",""stat_key"":""forced_fumbles"",""min_value"":""0"",""max_value"":""4"",""per_games"":""12"",""notes"":""Base range before games, scheme, competition, class, team, and injury modifiers.""}"
college_production,college_production_defensive_stat_ranges.csv,college_production_defensive_stat_ranges,runtime_tuning,271,S,"{""position_group"":""S"",""role_tier"":""spot_starter"",""stat_key"":""total_tackles"",""min_value"":""7"",""max_value"":""105"",""per_games"":""12"",""notes"":""Base range before games, scheme, competition, class, team, and injury modifiers.""}"
college_production,college_production_defensive_stat_ranges.csv,college_production_defensive_stat_ranges,runtime_tuning,272,S,"{""position_group"":""S"",""role_tier"":""spot_starter"",""stat_key"":""tfl"",""min_value"":""0.0"",""max_value"":""10.2"",""per_games"":""12"",""notes"":""Base range before games, scheme, competition, class, team, and injury modifiers.""}"
college_production,college_production_defensive_stat_ranges.csv,college_production_defensive_stat_ranges,runtime_tuning,273,S,"{""position_group"":""S"",""role_tier"":""spot_starter"",""stat_key"":""sacks"",""min_value"":""0.0"",""max_value"":""4.8"",""per_games"":""12"",""notes"":""Base range before games, scheme, competition, class, team, and injury modifiers.""}"
college_production,college_production_defensive_stat_ranges.csv,college_production_defensive_stat_ranges,runtime_tuning,274,S,"{""position_group"":""S"",""role_tier"":""spot_starter"",""stat_key"":""interceptions"",""min_value"":""0"",""max_value"":""5"",""per_games"":""12"",""notes"":""Base range before games, scheme, competition, class, team, and injury modifiers.""}"
college_production,college_production_defensive_stat_ranges.csv,college_production_defensive_stat_ranges,runtime_tuning,275,S,"{""position_group"":""S"",""role_tier"":""spot_starter"",""stat_key"":""pass_breakups"",""min_value"":""0"",""max_value"":""12"",""per_games"":""12"",""notes"":""Base range before games, scheme, competition, class, team, and injury modifiers.""}"
college_production,college_production_defensive_stat_ranges.csv,college_production_defensive_stat_ranges,runtime_tuning,276,S,"{""position_group"":""S"",""role_tier"":""spot_starter"",""stat_key"":""forced_fumbles"",""min_value"":""0"",""max_value"":""5"",""per_games"":""12"",""notes"":""Base range before games, scheme, competition, class, team, and injury modifiers.""}"
college_production,college_production_defensive_stat_ranges.csv,college_production_defensive_stat_ranges,runtime_tuning,277,S,"{""position_group"":""S"",""role_tier"":""starter"",""stat_key"":""total_tackles"",""min_value"":""9"",""max_value"":""124"",""per_games"":""12"",""notes"":""Base range before games, scheme, competition, class, team, and injury modifiers.""}"
college_production,college_production_defensive_stat_ranges.csv,college_production_defensive_stat_ranges,runtime_tuning,278,S,"{""position_group"":""S"",""role_tier"":""starter"",""stat_key"":""tfl"",""min_value"":""0.0"",""max_value"":""12.0"",""per_games"":""12"",""notes"":""Base range before games, scheme, competition, class, team, and injury modifiers.""}"
college_production,college_production_defensive_stat_ranges.csv,college_production_defensive_stat_ranges,runtime_tuning,279,S,"{""position_group"":""S"",""role_tier"":""starter"",""stat_key"":""sacks"",""min_value"":""0.0"",""max_value"":""5.6"",""per_games"":""12"",""notes"":""Base range before games, scheme, competition, class, team, and injury modifiers.""}"
college_production,college_production_defensive_stat_ranges.csv,college_production_defensive_stat_ranges,runtime_tuning,280,S,"{""position_group"":""S"",""role_tier"":""starter"",""stat_key"":""interceptions"",""min_value"":""0"",""max_value"":""6"",""per_games"":""12"",""notes"":""Base range before games, scheme, competition, class, team, and injury modifiers.""}"
college_production,college_production_defensive_stat_ranges.csv,college_production_defensive_stat_ranges,runtime_tuning,281,S,"{""position_group"":""S"",""role_tier"":""starter"",""stat_key"":""pass_breakups"",""min_value"":""1"",""max_value"":""14"",""per_games"":""12"",""notes"":""Base range before games, scheme, competition, class, team, and injury modifiers.""}"
college_production,college_production_defensive_stat_ranges.csv,college_production_defensive_stat_ranges,runtime_tuning,282,S,"{""position_group"":""S"",""role_tier"":""starter"",""stat_key"":""forced_fumbles"",""min_value"":""0"",""max_value"":""6"",""per_games"":""12"",""notes"":""Base range before games, scheme, competition, class, team, and injury modifiers.""}"
college_production,college_production_defensive_stat_ranges.csv,college_production_defensive_stat_ranges,runtime_tuning,283,S,"{""position_group"":""S"",""role_tier"":""impact_starter"",""stat_key"":""total_tackles"",""min_value"":""11"",""max_value"":""140"",""per_games"":""12"",""notes"":""Base range before games, scheme, competition, class, team, and injury modifiers.""}"
college_production,college_production_defensive_stat_ranges.csv,college_production_defensive_stat_ranges,runtime_tuning,284,S,"{""position_group"":""S"",""role_tier"":""impact_starter"",""stat_key"":""tfl"",""min_value"":""0.0"",""max_value"":""13.5"",""per_games"":""12"",""notes"":""Base range before games, scheme, competition, class, team, and injury modifiers.""}"
college_production,college_production_defensive_stat_ranges.csv,college_production_defensive_stat_ranges,runtime_tuning,285,S,"{""position_group"":""S"",""role_tier"":""impact_starter"",""stat_key"":""sacks"",""min_value"":""0.0"",""max_value"":""6.3"",""per_games"":""12"",""notes"":""Base range before games, scheme, competition, class, team, and injury modifiers.""}"
college_production,college_production_defensive_stat_ranges.csv,college_production_defensive_stat_ranges,runtime_tuning,286,S,"{""position_group"":""S"",""role_tier"":""impact_starter"",""stat_key"":""interceptions"",""min_value"":""0"",""max_value"":""7"",""per_games"":""12"",""notes"":""Base range before games, scheme, competition, class, team, and injury modifiers.""}"
college_production,college_production_defensive_stat_ranges.csv,college_production_defensive_stat_ranges,runtime_tuning,287,S,"{""position_group"":""S"",""role_tier"":""impact_starter"",""stat_key"":""pass_breakups"",""min_value"":""1"",""max_value"":""16"",""per_games"":""12"",""notes"":""Base range before games, scheme, competition, class, team, and injury modifiers.""}"
college_production,college_production_defensive_stat_ranges.csv,college_production_defensive_stat_ranges,runtime_tuning,288,S,"{""position_group"":""S"",""role_tier"":""impact_starter"",""stat_key"":""forced_fumbles"",""min_value"":""0"",""max_value"":""6"",""per_games"":""12"",""notes"":""Base range before games, scheme, competition, class, team, and injury modifiers.""}"
college_production,college_production_defensive_stat_ranges.csv,college_production_defensive_stat_ranges,runtime_tuning,289,S,"{""position_group"":""S"",""role_tier"":""all_conference"",""stat_key"":""total_tackles"",""min_value"":""13"",""max_value"":""150"",""per_games"":""12"",""notes"":""Base range before games, scheme, competition, class, team, and injury modifiers.""}"
college_production,college_production_defensive_stat_ranges.csv,college_production_defensive_stat_ranges,runtime_tuning,290,S,"{""position_group"":""S"",""role_tier"":""all_conference"",""stat_key"":""tfl"",""min_value"":""0.0"",""max_value"":""14.5"",""per_games"":""12"",""notes"":""Base range before games, scheme, competition, class, team, and injury modifiers.""}"
college_production,college_production_defensive_stat_ranges.csv,college_production_defensive_stat_ranges,runtime_tuning,291,S,"{""position_group"":""S"",""role_tier"":""all_conference"",""stat_key"":""sacks"",""min_value"":""0.0"",""max_value"":""6.8"",""per_games"":""12"",""notes"":""Base range before games, scheme, competition, class, team, and injury modifiers.""}"
college_production,college_production_defensive_stat_ranges.csv,college_production_defensive_stat_ranges,runtime_tuning,292,S,"{""position_group"":""S"",""role_tier"":""all_conference"",""stat_key"":""interceptions"",""min_value"":""0"",""max_value"":""8"",""per_games"":""12"",""notes"":""Base range before games, scheme, competition, class, team, and injury modifiers.""}"
college_production,college_production_defensive_stat_ranges.csv,college_production_defensive_stat_ranges,runtime_tuning,293,S,"{""position_group"":""S"",""role_tier"":""all_conference"",""stat_key"":""pass_breakups"",""min_value"":""1"",""max_value"":""17"",""per_games"":""12"",""notes"":""Base range before games, scheme, competition, class, team, and injury modifiers.""}"
college_production,college_production_defensive_stat_ranges.csv,college_production_defensive_stat_ranges,runtime_tuning,294,S,"{""position_group"":""S"",""role_tier"":""all_conference"",""stat_key"":""forced_fumbles"",""min_value"":""0"",""max_value"":""7"",""per_games"":""12"",""notes"":""Base range before games, scheme, competition, class, team, and injury modifiers.""}"
college_production,college_production_defensive_stat_ranges.csv,college_production_defensive_stat_ranges,runtime_tuning,295,S,"{""position_group"":""S"",""role_tier"":""all_american"",""stat_key"":""total_tackles"",""min_value"":""14"",""max_value"":""155"",""per_games"":""12"",""notes"":""Base range before games, scheme, competition, class, team, and injury modifiers.""}"
college_production,college_production_defensive_stat_ranges.csv,college_production_defensive_stat_ranges,runtime_tuning,296,S,"{""position_group"":""S"",""role_tier"":""all_american"",""stat_key"":""tfl"",""min_value"":""0.0"",""max_value"":""15.0"",""per_games"":""12"",""notes"":""Base range before games, scheme, competition, class, team, and injury modifiers.""}"
college_production,college_production_defensive_stat_ranges.csv,college_production_defensive_stat_ranges,runtime_tuning,297,S,"{""position_group"":""S"",""role_tier"":""all_american"",""stat_key"":""sacks"",""min_value"":""0.0"",""max_value"":""7.0"",""per_games"":""12"",""notes"":""Base range before games, scheme, competition, class, team, and injury modifiers.""}"
college_production,college_production_defensive_stat_ranges.csv,college_production_defensive_stat_ranges,runtime_tuning,298,S,"{""position_group"":""S"",""role_tier"":""all_american"",""stat_key"":""interceptions"",""min_value"":""0"",""max_value"":""8"",""per_games"":""12"",""notes"":""Base range before games, scheme, competition, class, team, and injury modifiers.""}"
college_production,college_production_defensive_stat_ranges.csv,college_production_defensive_stat_ranges,runtime_tuning,299,S,"{""position_group"":""S"",""role_tier"":""all_american"",""stat_key"":""pass_breakups"",""min_value"":""1"",""max_value"":""18"",""per_games"":""12"",""notes"":""Base range before games, scheme, competition, class, team, and injury modifiers.""}"
college_production,college_production_defensive_stat_ranges.csv,college_production_defensive_stat_ranges,runtime_tuning,300,S,"{""position_group"":""S"",""role_tier"":""all_american"",""stat_key"":""forced_fumbles"",""min_value"":""0"",""max_value"":""7"",""per_games"":""12"",""notes"":""Base range before games, scheme, competition, class, team, and injury modifiers.""}"
college_production,college_production_efficiency_ranges.csv,college_production_efficiency_ranges,runtime_tuning,1,QB,"{""position_group"":""QB"",""role_tier"":""redshirt"",""efficiency_key"":""completion_pct"",""min_value"":""0.45"",""max_value"":""0.467"",""notes"":""Efficiency band before modifiers.""}"
college_production,college_production_efficiency_ranges.csv,college_production_efficiency_ranges,runtime_tuning,2,QB,"{""position_group"":""QB"",""role_tier"":""bench"",""efficiency_key"":""completion_pct"",""min_value"":""0.45"",""max_value"":""0.484"",""notes"":""Efficiency band before modifiers.""}"
college_production,college_production_efficiency_ranges.csv,college_production_efficiency_ranges,runtime_tuning,3,QB,"{""position_group"":""QB"",""role_tier"":""special_teams"",""efficiency_key"":""completion_pct"",""min_value"":""0.462"",""max_value"":""0.511"",""notes"":""Efficiency band before modifiers.""}"
college_production,college_production_efficiency_ranges.csv,college_production_efficiency_ranges,runtime_tuning,4,QB,"{""position_group"":""QB"",""role_tier"":""depth"",""efficiency_key"":""completion_pct"",""min_value"":""0.479"",""max_value"":""0.552"",""notes"":""Efficiency band before modifiers.""}"
college_production,college_production_efficiency_ranges.csv,college_production_efficiency_ranges,runtime_tuning,5,QB,"{""position_group"":""QB"",""role_tier"":""rotation"",""efficiency_key"":""completion_pct"",""min_value"":""0.521"",""max_value"":""0.637"",""notes"":""Efficiency band before modifiers.""}"
college_production,college_production_efficiency_ranges.csv,college_production_efficiency_ranges,runtime_tuning,6,QB,"{""position_group"":""QB"",""role_tier"":""spot_starter"",""efficiency_key"":""completion_pct"",""min_value"":""0.557"",""max_value"":""0.681"",""notes"":""Efficiency band before modifiers.""}"
college_production,college_production_efficiency_ranges.csv,college_production_efficiency_ranges,runtime_tuning,7,QB,"{""position_group"":""QB"",""role_tier"":""starter"",""efficiency_key"":""completion_pct"",""min_value"":""0.593"",""max_value"":""0.722"",""notes"":""Efficiency band before modifiers.""}"
college_production,college_production_efficiency_ranges.csv,college_production_efficiency_ranges,runtime_tuning,8,QB,"{""position_group"":""QB"",""role_tier"":""impact_starter"",""efficiency_key"":""completion_pct"",""min_value"":""0.629"",""max_value"":""0.756"",""notes"":""Efficiency band before modifiers.""}"
college_production,college_production_efficiency_ranges.csv,college_production_efficiency_ranges,runtime_tuning,9,QB,"{""position_group"":""QB"",""role_tier"":""all_conference"",""efficiency_key"":""completion_pct"",""min_value"":""0.652"",""max_value"":""0.78"",""notes"":""Efficiency band before modifiers.""}"
college_production,college_production_efficiency_ranges.csv,college_production_efficiency_ranges,runtime_tuning,10,QB,"{""position_group"":""QB"",""role_tier"":""all_american"",""efficiency_key"":""completion_pct"",""min_value"":""0.669"",""max_value"":""0.79"",""notes"":""Efficiency band before modifiers.""}"
college_production,college_production_efficiency_ranges.csv,college_production_efficiency_ranges,runtime_tuning,11,QB,"{""position_group"":""QB"",""role_tier"":""redshirt"",""efficiency_key"":""yards_per_attempt"",""min_value"":""4.8"",""max_value"":""5.185"",""notes"":""Efficiency band before modifiers.""}"
college_production,college_production_efficiency_ranges.csv,college_production_efficiency_ranges,runtime_tuning,12,QB,"{""position_group"":""QB"",""role_tier"":""bench"",""efficiency_key"":""yards_per_attempt"",""min_value"":""4.8"",""max_value"":""5.57"",""notes"":""Efficiency band before modifiers.""}"
college_production,college_production_efficiency_ranges.csv,college_production_efficiency_ranges,runtime_tuning,13,QB,"{""position_group"":""QB"",""role_tier"":""special_teams"",""efficiency_key"":""yards_per_attempt"",""min_value"":""5.069"",""max_value"":""6.186"",""notes"":""Efficiency band before modifiers.""}"
college_production,college_production_efficiency_ranges.csv,college_production_efficiency_ranges,runtime_tuning,14,QB,"{""position_group"":""QB"",""role_tier"":""depth"",""efficiency_key"":""yards_per_attempt"",""min_value"":""5.447"",""max_value"":""7.11"",""notes"":""Efficiency band before modifiers.""}"
college_production,college_production_efficiency_ranges.csv,college_production_efficiency_ranges,runtime_tuning,15,QB,"{""position_group"":""QB"",""role_tier"":""rotation"",""efficiency_key"":""yards_per_attempt"",""min_value"":""6.417"",""max_value"":""9.035"",""notes"":""Efficiency band before modifiers.""}"
college_production,college_production_efficiency_ranges.csv,college_production_efficiency_ranges,runtime_tuning,16,QB,"{""position_group"":""QB"",""role_tier"":""spot_starter"",""efficiency_key"":""yards_per_attempt"",""min_value"":""7.226"",""max_value"":""10.036"",""notes"":""Efficiency band before modifiers.""}"
college_production,college_production_efficiency_ranges.csv,college_production_efficiency_ranges,runtime_tuning,17,QB,"{""position_group"":""QB"",""role_tier"":""starter"",""efficiency_key"":""yards_per_attempt"",""min_value"":""8.034"",""max_value"":""10.96"",""notes"":""Efficiency band before modifiers.""}"
college_production,college_production_efficiency_ranges.csv,college_production_efficiency_ranges,runtime_tuning,18,QB,"{""position_group"":""QB"",""role_tier"":""impact_starter"",""efficiency_key"":""yards_per_attempt"",""min_value"":""8.843"",""max_value"":""11.73"",""notes"":""Efficiency band before modifiers.""}"
college_production,college_production_efficiency_ranges.csv,college_production_efficiency_ranges,runtime_tuning,19,QB,"{""position_group"":""QB"",""role_tier"":""all_conference"",""efficiency_key"":""yards_per_attempt"",""min_value"":""9.381"",""max_value"":""12.269"",""notes"":""Efficiency band before modifiers.""}"
college_production,college_production_efficiency_ranges.csv,college_production_efficiency_ranges,runtime_tuning,20,QB,"{""position_group"":""QB"",""role_tier"":""all_american"",""efficiency_key"":""yards_per_attempt"",""min_value"":""9.759"",""max_value"":""12.5"",""notes"":""Efficiency band before modifiers.""}"
college_production,college_production_efficiency_ranges.csv,college_production_efficiency_ranges,runtime_tuning,21,RB,"{""position_group"":""RB"",""role_tier"":""redshirt"",""efficiency_key"":""yards_per_carry"",""min_value"":""3.0"",""max_value"":""3.36"",""notes"":""Efficiency band before modifiers.""}"
college_production,college_production_efficiency_ranges.csv,college_production_efficiency_ranges,runtime_tuning,22,RB,"{""position_group"":""RB"",""role_tier"":""bench"",""efficiency_key"":""yards_per_carry"",""min_value"":""3.0"",""max_value"":""3.72"",""notes"":""Efficiency band before modifiers.""}"
college_production,college_production_efficiency_ranges.csv,college_production_efficiency_ranges,runtime_tuning,23,RB,"{""position_group"":""RB"",""role_tier"":""special_teams"",""efficiency_key"":""yards_per_carry"",""min_value"":""3.252"",""max_value"":""4.296"",""notes"":""Efficiency band before modifiers.""}"
college_production,college_production_efficiency_ranges.csv,college_production_efficiency_ranges,runtime_tuning,24,RB,"{""position_group"":""RB"",""role_tier"":""depth"",""efficiency_key"":""yards_per_carry"",""min_value"":""3.605"",""max_value"":""5.16"",""notes"":""Efficiency band before modifiers.""}"
college_production,college_production_efficiency_ranges.csv,college_production_efficiency_ranges,runtime_tuning,25,RB,"{""position_group"":""RB"",""role_tier"":""rotation"",""efficiency_key"":""yards_per_carry"",""min_value"":""4.512"",""max_value"":""6.96"",""notes"":""Efficiency band before modifiers.""}"
college_production,college_production_efficiency_ranges.csv,college_production_efficiency_ranges,runtime_tuning,26,RB,"{""position_group"":""RB"",""role_tier"":""spot_starter"",""efficiency_key"":""yards_per_carry"",""min_value"":""5.268"",""max_value"":""7.896"",""notes"":""Efficiency band before modifiers.""}"
college_production,college_production_efficiency_ranges.csv,college_production_efficiency_ranges,runtime_tuning,27,RB,"{""position_group"":""RB"",""role_tier"":""starter"",""efficiency_key"":""yards_per_carry"",""min_value"":""6.024"",""max_value"":""8.76"",""notes"":""Efficiency band before modifiers.""}"
college_production,college_production_efficiency_ranges.csv,college_production_efficiency_ranges,runtime_tuning,28,RB,"{""position_group"":""RB"",""role_tier"":""impact_starter"",""efficiency_key"":""yards_per_carry"",""min_value"":""6.78"",""max_value"":""9.48"",""notes"":""Efficiency band before modifiers.""}"
college_production,college_production_efficiency_ranges.csv,college_production_efficiency_ranges,runtime_tuning,29,RB,"{""position_group"":""RB"",""role_tier"":""all_conference"",""efficiency_key"":""yards_per_carry"",""min_value"":""7.284"",""max_value"":""9.984"",""notes"":""Efficiency band before modifiers.""}"
college_production,college_production_efficiency_ranges.csv,college_production_efficiency_ranges,runtime_tuning,30,RB,"{""position_group"":""RB"",""role_tier"":""all_american"",""efficiency_key"":""yards_per_carry"",""min_value"":""7.637"",""max_value"":""10.2"",""notes"":""Efficiency band before modifiers.""}"
college_production,college_production_efficiency_ranges.csv,college_production_efficiency_ranges,runtime_tuning,31,WR,"{""position_group"":""WR"",""role_tier"":""redshirt"",""efficiency_key"":""yards_per_reception"",""min_value"":""8.0"",""max_value"":""8.525"",""notes"":""Efficiency band before modifiers.""}"
college_production,college_production_efficiency_ranges.csv,college_production_efficiency_ranges,runtime_tuning,32,WR,"{""position_group"":""WR"",""role_tier"":""bench"",""efficiency_key"":""yards_per_reception"",""min_value"":""8.0"",""max_value"":""9.05"",""notes"":""Efficiency band before modifiers.""}"
college_production,college_production_efficiency_ranges.csv,college_production_efficiency_ranges,runtime_tuning,33,WR,"{""position_group"":""WR"",""role_tier"":""special_teams"",""efficiency_key"":""yards_per_reception"",""min_value"":""8.367"",""max_value"":""9.89"",""notes"":""Efficiency band before modifiers.""}"
college_production,college_production_efficiency_ranges.csv,college_production_efficiency_ranges,runtime_tuning,34,WR,"{""position_group"":""WR"",""role_tier"":""depth"",""efficiency_key"":""yards_per_reception"",""min_value"":""8.882"",""max_value"":""11.15"",""notes"":""Efficiency band before modifiers.""}"
college_production,college_production_efficiency_ranges.csv,college_production_efficiency_ranges,runtime_tuning,35,WR,"{""position_group"":""WR"",""role_tier"":""rotation"",""efficiency_key"":""yards_per_reception"",""min_value"":""10.205"",""max_value"":""13.775"",""notes"":""Efficiency band before modifiers.""}"
college_production,college_production_efficiency_ranges.csv,college_production_efficiency_ranges,runtime_tuning,36,WR,"{""position_group"":""WR"",""role_tier"":""spot_starter"",""efficiency_key"":""yards_per_reception"",""min_value"":""11.308"",""max_value"":""15.14"",""notes"":""Efficiency band before modifiers.""}"
college_production,college_production_efficiency_ranges.csv,college_production_efficiency_ranges,runtime_tuning,37,WR,"{""position_group"":""WR"",""role_tier"":""starter"",""efficiency_key"":""yards_per_reception"",""min_value"":""12.41"",""max_value"":""16.4"",""notes"":""Efficiency band before modifiers.""}"
college_production,college_production_efficiency_ranges.csv,college_production_efficiency_ranges,runtime_tuning,38,WR,"{""position_group"":""WR"",""role_tier"":""impact_starter"",""efficiency_key"":""yards_per_reception"",""min_value"":""13.512"",""max_value"":""17.45"",""notes"":""Efficiency band before modifiers.""}"
college_production,college_production_efficiency_ranges.csv,college_production_efficiency_ranges,runtime_tuning,39,WR,"{""position_group"":""WR"",""role_tier"":""all_conference"",""efficiency_key"":""yards_per_reception"",""min_value"":""14.247"",""max_value"":""18.185"",""notes"":""Efficiency band before modifiers.""}"
college_production,college_production_efficiency_ranges.csv,college_production_efficiency_ranges,runtime_tuning,40,WR,"{""position_group"":""WR"",""role_tier"":""all_american"",""efficiency_key"":""yards_per_reception"",""min_value"":""14.762"",""max_value"":""18.5"",""notes"":""Efficiency band before modifiers.""}"
college_production,college_production_efficiency_ranges.csv,college_production_efficiency_ranges,runtime_tuning,41,TE,"{""position_group"":""TE"",""role_tier"":""redshirt"",""efficiency_key"":""yards_per_reception"",""min_value"":""7.0"",""max_value"":""7.4"",""notes"":""Efficiency band before modifiers.""}"
college_production,college_production_efficiency_ranges.csv,college_production_efficiency_ranges,runtime_tuning,42,TE,"{""position_group"":""TE"",""role_tier"":""bench"",""efficiency_key"":""yards_per_reception"",""min_value"":""7.0"",""max_value"":""7.8"",""notes"":""Efficiency band before modifiers.""}"
college_production,college_production_efficiency_ranges.csv,college_production_efficiency_ranges,runtime_tuning,43,TE,"{""position_group"":""TE"",""role_tier"":""special_teams"",""efficiency_key"":""yards_per_reception"",""min_value"":""7.28"",""max_value"":""8.44"",""notes"":""Efficiency band before modifiers.""}"
college_production,college_production_efficiency_ranges.csv,college_production_efficiency_ranges,runtime_tuning,44,TE,"{""position_group"":""TE"",""role_tier"":""depth"",""efficiency_key"":""yards_per_reception"",""min_value"":""7.672"",""max_value"":""9.4"",""notes"":""Efficiency band before modifiers.""}"
college_production,college_production_efficiency_ranges.csv,college_production_efficiency_ranges,runtime_tuning,45,TE,"{""position_group"":""TE"",""role_tier"":""rotation"",""efficiency_key"":""yards_per_reception"",""min_value"":""8.68"",""max_value"":""11.4"",""notes"":""Efficiency band before modifiers.""}"
college_production,college_production_efficiency_ranges.csv,college_production_efficiency_ranges,runtime_tuning,46,TE,"{""position_group"":""TE"",""role_tier"":""spot_starter"",""efficiency_key"":""yards_per_reception"",""min_value"":""9.52"",""max_value"":""12.44"",""notes"":""Efficiency band before modifiers.""}"
college_production,college_production_efficiency_ranges.csv,college_production_efficiency_ranges,runtime_tuning,47,TE,"{""position_group"":""TE"",""role_tier"":""starter"",""efficiency_key"":""yards_per_reception"",""min_value"":""10.36"",""max_value"":""13.4"",""notes"":""Efficiency band before modifiers.""}"
college_production,college_production_efficiency_ranges.csv,college_production_efficiency_ranges,runtime_tuning,48,TE,"{""position_group"":""TE"",""role_tier"":""impact_starter"",""efficiency_key"":""yards_per_reception"",""min_value"":""11.2"",""max_value"":""14.2"",""notes"":""Efficiency band before modifiers.""}"
college_production,college_production_efficiency_ranges.csv,college_production_efficiency_ranges,runtime_tuning,49,TE,"{""position_group"":""TE"",""role_tier"":""all_conference"",""efficiency_key"":""yards_per_reception"",""min_value"":""11.76"",""max_value"":""14.76"",""notes"":""Efficiency band before modifiers.""}"
college_production,college_production_efficiency_ranges.csv,college_production_efficiency_ranges,runtime_tuning,50,TE,"{""position_group"":""TE"",""role_tier"":""all_american"",""efficiency_key"":""yards_per_reception"",""min_value"":""12.152"",""max_value"":""15.0"",""notes"":""Efficiency band before modifiers.""}"
college_production,college_production_efficiency_ranges.csv,college_production_efficiency_ranges,runtime_tuning,51,EDGE,"{""position_group"":""EDGE"",""role_tier"":""redshirt"",""efficiency_key"":""sack_rate_per_100_snaps"",""min_value"":""0.1"",""max_value"":""0.235"",""notes"":""Efficiency band before modifiers.""}"
college_production,college_production_efficiency_ranges.csv,college_production_efficiency_ranges,runtime_tuning,52,EDGE,"{""position_group"":""EDGE"",""role_tier"":""bench"",""efficiency_key"":""sack_rate_per_100_snaps"",""min_value"":""0.1"",""max_value"":""0.37"",""notes"":""Efficiency band before modifiers.""}"
college_production,college_production_efficiency_ranges.csv,college_production_efficiency_ranges,runtime_tuning,53,EDGE,"{""position_group"":""EDGE"",""role_tier"":""special_teams"",""efficiency_key"":""sack_rate_per_100_snaps"",""min_value"":""0.195"",""max_value"":""0.586"",""notes"":""Efficiency band before modifiers.""}"
college_production,college_production_efficiency_ranges.csv,college_production_efficiency_ranges,runtime_tuning,54,EDGE,"{""position_group"":""EDGE"",""role_tier"":""depth"",""efficiency_key"":""sack_rate_per_100_snaps"",""min_value"":""0.327"",""max_value"":""0.91"",""notes"":""Efficiency band before modifiers.""}"
college_production,college_production_efficiency_ranges.csv,college_production_efficiency_ranges,runtime_tuning,55,EDGE,"{""position_group"":""EDGE"",""role_tier"":""rotation"",""efficiency_key"":""sack_rate_per_100_snaps"",""min_value"":""0.667"",""max_value"":""1.585"",""notes"":""Efficiency band before modifiers.""}"
college_production,college_production_efficiency_ranges.csv,college_production_efficiency_ranges,runtime_tuning,56,EDGE,"{""position_group"":""EDGE"",""role_tier"":""spot_starter"",""efficiency_key"":""sack_rate_per_100_snaps"",""min_value"":""0.95"",""max_value"":""1.936"",""notes"":""Efficiency band before modifiers.""}"
college_production,college_production_efficiency_ranges.csv,college_production_efficiency_ranges,runtime_tuning,57,EDGE,"{""position_group"":""EDGE"",""role_tier"":""starter"",""efficiency_key"":""sack_rate_per_100_snaps"",""min_value"":""1.234"",""max_value"":""2.26"",""notes"":""Efficiency band before modifiers.""}"
college_production,college_production_efficiency_ranges.csv,college_production_efficiency_ranges,runtime_tuning,58,EDGE,"{""position_group"":""EDGE"",""role_tier"":""impact_starter"",""efficiency_key"":""sack_rate_per_100_snaps"",""min_value"":""1.517"",""max_value"":""2.53"",""notes"":""Efficiency band before modifiers.""}"
college_production,college_production_efficiency_ranges.csv,college_production_efficiency_ranges,runtime_tuning,59,EDGE,"{""position_group"":""EDGE"",""role_tier"":""all_conference"",""efficiency_key"":""sack_rate_per_100_snaps"",""min_value"":""1.706"",""max_value"":""2.719"",""notes"":""Efficiency band before modifiers.""}"
college_production,college_production_efficiency_ranges.csv,college_production_efficiency_ranges,runtime_tuning,60,EDGE,"{""position_group"":""EDGE"",""role_tier"":""all_american"",""efficiency_key"":""sack_rate_per_100_snaps"",""min_value"":""1.839"",""max_value"":""2.8"",""notes"":""Efficiency band before modifiers.""}"
college_production,college_production_efficiency_ranges.csv,college_production_efficiency_ranges,runtime_tuning,61,CB,"{""position_group"":""CB"",""role_tier"":""redshirt"",""efficiency_key"":""interception_rate_per_target"",""min_value"":""0.0"",""max_value"":""0.003"",""notes"":""Efficiency band before modifiers.""}"
college_production,college_production_efficiency_ranges.csv,college_production_efficiency_ranges,runtime_tuning,62,CB,"{""position_group"":""CB"",""role_tier"":""bench"",""efficiency_key"":""interception_rate_per_target"",""min_value"":""0.0"",""max_value"":""0.007"",""notes"":""Efficiency band before modifiers.""}"
college_production,college_production_efficiency_ranges.csv,college_production_efficiency_ranges,runtime_tuning,63,CB,"{""position_group"":""CB"",""role_tier"":""special_teams"",""efficiency_key"":""interception_rate_per_target"",""min_value"":""0.002"",""max_value"":""0.012"",""notes"":""Efficiency band before modifiers.""}"
college_production,college_production_efficiency_ranges.csv,college_production_efficiency_ranges,runtime_tuning,64,CB,"{""position_group"":""CB"",""role_tier"":""depth"",""efficiency_key"":""interception_rate_per_target"",""min_value"":""0.005"",""max_value"":""0.019"",""notes"":""Efficiency band before modifiers.""}"
college_production,college_production_efficiency_ranges.csv,college_production_efficiency_ranges,runtime_tuning,65,CB,"{""position_group"":""CB"",""role_tier"":""rotation"",""efficiency_key"":""interception_rate_per_target"",""min_value"":""0.014"",""max_value"":""0.036"",""notes"":""Efficiency band before modifiers.""}"
college_production,college_production_efficiency_ranges.csv,college_production_efficiency_ranges,runtime_tuning,66,CB,"{""position_group"":""CB"",""role_tier"":""spot_starter"",""efficiency_key"":""interception_rate_per_target"",""min_value"":""0.02"",""max_value"":""0.044"",""notes"":""Efficiency band before modifiers.""}"
college_production,college_production_efficiency_ranges.csv,college_production_efficiency_ranges,runtime_tuning,67,CB,"{""position_group"":""CB"",""role_tier"":""starter"",""efficiency_key"":""interception_rate_per_target"",""min_value"":""0.027"",""max_value"":""0.052"",""notes"":""Efficiency band before modifiers.""}"
college_production,college_production_efficiency_ranges.csv,college_production_efficiency_ranges,runtime_tuning,68,CB,"{""position_group"":""CB"",""role_tier"":""impact_starter"",""efficiency_key"":""interception_rate_per_target"",""min_value"":""0.034"",""max_value"":""0.059"",""notes"":""Efficiency band before modifiers.""}"
college_production,college_production_efficiency_ranges.csv,college_production_efficiency_ranges,runtime_tuning,69,CB,"{""position_group"":""CB"",""role_tier"":""all_conference"",""efficiency_key"":""interception_rate_per_target"",""min_value"":""0.039"",""max_value"":""0.063"",""notes"":""Efficiency band before modifiers.""}"
college_production,college_production_efficiency_ranges.csv,college_production_efficiency_ranges,runtime_tuning,70,CB,"{""position_group"":""CB"",""role_tier"":""all_american"",""efficiency_key"":""interception_rate_per_target"",""min_value"":""0.042"",""max_value"":""0.065"",""notes"":""Efficiency band before modifiers.""}"
college_production,college_production_efficiency_ranges.csv,college_production_efficiency_ranges,runtime_tuning,71,K,"{""position_group"":""K"",""role_tier"":""redshirt"",""efficiency_key"":""fg_pct"",""min_value"":""0.55"",""max_value"":""0.569"",""notes"":""Efficiency band before modifiers.""}"
college_production,college_production_efficiency_ranges.csv,college_production_efficiency_ranges,runtime_tuning,72,K,"{""position_group"":""K"",""role_tier"":""bench"",""efficiency_key"":""fg_pct"",""min_value"":""0.55"",""max_value"":""0.588"",""notes"":""Efficiency band before modifiers.""}"
college_production,college_production_efficiency_ranges.csv,college_production_efficiency_ranges,runtime_tuning,73,K,"{""position_group"":""K"",""role_tier"":""special_teams"",""efficiency_key"":""fg_pct"",""min_value"":""0.563"",""max_value"":""0.618"",""notes"":""Efficiency band before modifiers.""}"
college_production,college_production_efficiency_ranges.csv,college_production_efficiency_ranges,runtime_tuning,74,K,"{""position_group"":""K"",""role_tier"":""depth"",""efficiency_key"":""fg_pct"",""min_value"":""0.582"",""max_value"":""0.664"",""notes"":""Efficiency band before modifiers.""}"
college_production,college_production_efficiency_ranges.csv,college_production_efficiency_ranges,runtime_tuning,75,K,"{""position_group"":""K"",""role_tier"":""rotation"",""efficiency_key"":""fg_pct"",""min_value"":""0.63"",""max_value"":""0.759"",""notes"":""Efficiency band before modifiers.""}"
college_production,college_production_efficiency_ranges.csv,college_production_efficiency_ranges,runtime_tuning,76,K,"{""position_group"":""K"",""role_tier"":""spot_starter"",""efficiency_key"":""fg_pct"",""min_value"":""0.67"",""max_value"":""0.808"",""notes"":""Efficiency band before modifiers.""}"
college_production,college_production_efficiency_ranges.csv,college_production_efficiency_ranges,runtime_tuning,77,K,"{""position_group"":""K"",""role_tier"":""starter"",""efficiency_key"":""fg_pct"",""min_value"":""0.71"",""max_value"":""0.854"",""notes"":""Efficiency band before modifiers.""}"
college_production,college_production_efficiency_ranges.csv,college_production_efficiency_ranges,runtime_tuning,78,K,"{""position_group"":""K"",""role_tier"":""impact_starter"",""efficiency_key"":""fg_pct"",""min_value"":""0.75"",""max_value"":""0.892"",""notes"":""Efficiency band before modifiers.""}"
college_production,college_production_efficiency_ranges.csv,college_production_efficiency_ranges,runtime_tuning,79,K,"{""position_group"":""K"",""role_tier"":""all_conference"",""efficiency_key"":""fg_pct"",""min_value"":""0.776"",""max_value"":""0.919"",""notes"":""Efficiency band before modifiers.""}"
college_production,college_production_efficiency_ranges.csv,college_production_efficiency_ranges,runtime_tuning,80,K,"{""position_group"":""K"",""role_tier"":""all_american"",""efficiency_key"":""fg_pct"",""min_value"":""0.795"",""max_value"":""0.93"",""notes"":""Efficiency band before modifiers.""}"
college_production,college_production_efficiency_ranges.csv,college_production_efficiency_ranges,runtime_tuning,81,P,"{""position_group"":""P"",""role_tier"":""redshirt"",""efficiency_key"":""punt_avg"",""min_value"":""35.0"",""max_value"":""35.8"",""notes"":""Efficiency band before modifiers.""}"
college_production,college_production_efficiency_ranges.csv,college_production_efficiency_ranges,runtime_tuning,82,P,"{""position_group"":""P"",""role_tier"":""bench"",""efficiency_key"":""punt_avg"",""min_value"":""35.0"",""max_value"":""36.6"",""notes"":""Efficiency band before modifiers.""}"
college_production,college_production_efficiency_ranges.csv,college_production_efficiency_ranges,runtime_tuning,83,P,"{""position_group"":""P"",""role_tier"":""special_teams"",""efficiency_key"":""punt_avg"",""min_value"":""35.56"",""max_value"":""37.88"",""notes"":""Efficiency band before modifiers.""}"
college_production,college_production_efficiency_ranges.csv,college_production_efficiency_ranges,runtime_tuning,84,P,"{""position_group"":""P"",""role_tier"":""depth"",""efficiency_key"":""punt_avg"",""min_value"":""36.344"",""max_value"":""39.8"",""notes"":""Efficiency band before modifiers.""}"
college_production,college_production_efficiency_ranges.csv,college_production_efficiency_ranges,runtime_tuning,85,P,"{""position_group"":""P"",""role_tier"":""rotation"",""efficiency_key"":""punt_avg"",""min_value"":""38.36"",""max_value"":""43.8"",""notes"":""Efficiency band before modifiers.""}"
college_production,college_production_efficiency_ranges.csv,college_production_efficiency_ranges,runtime_tuning,86,P,"{""position_group"":""P"",""role_tier"":""spot_starter"",""efficiency_key"":""punt_avg"",""min_value"":""40.04"",""max_value"":""45.88"",""notes"":""Efficiency band before modifiers.""}"
college_production,college_production_efficiency_ranges.csv,college_production_efficiency_ranges,runtime_tuning,87,P,"{""position_group"":""P"",""role_tier"":""starter"",""efficiency_key"":""punt_avg"",""min_value"":""41.72"",""max_value"":""47.8"",""notes"":""Efficiency band before modifiers.""}"
college_production,college_production_efficiency_ranges.csv,college_production_efficiency_ranges,runtime_tuning,88,P,"{""position_group"":""P"",""role_tier"":""impact_starter"",""efficiency_key"":""punt_avg"",""min_value"":""43.4"",""max_value"":""49.4"",""notes"":""Efficiency band before modifiers.""}"
college_production,college_production_efficiency_ranges.csv,college_production_efficiency_ranges,runtime_tuning,89,P,"{""position_group"":""P"",""role_tier"":""all_conference"",""efficiency_key"":""punt_avg"",""min_value"":""44.52"",""max_value"":""50.52"",""notes"":""Efficiency band before modifiers.""}"
college_production,college_production_efficiency_ranges.csv,college_production_efficiency_ranges,runtime_tuning,90,P,"{""position_group"":""P"",""role_tier"":""all_american"",""efficiency_key"":""punt_avg"",""min_value"":""45.304"",""max_value"":""51.0"",""notes"":""Efficiency band before modifiers.""}"
college_production,college_production_history_balance_targets.csv,college_production_history_balance_targets,validation_target,1,college_production_history_balance_targets:1,"{""metric_id"":""team_qb_3000yd_seasons"",""description"":""Share of teams with 3000+ yard passer"",""target_min"":""0.28"",""target_max"":""0.58"",""severity"":""warning"",""notes"":""Avoid every team producing huge passer.""}"
college_production,college_production_history_balance_targets.csv,college_production_history_balance_targets,validation_target,2,college_production_history_balance_targets:2,"{""metric_id"":""team_1000yd_rusher_seasons"",""description"":""Share of teams with 1000+ yard rusher"",""target_min"":""0.25"",""target_max"":""0.62"",""severity"":""warning"",""notes"":""Run-heavy higher.""}"
college_production,college_production_history_balance_targets.csv,college_production_history_balance_targets,validation_target,3,college_production_history_balance_targets:3,"{""metric_id"":""team_1000yd_receiver_seasons"",""description"":""Share of teams with 1000+ yard receiver"",""target_min"":""0.18"",""target_max"":""0.5"",""severity"":""warning"",""notes"":""Avoid WR inflation.""}"
college_production,college_production_history_balance_targets.csv,college_production_history_balance_targets,validation_target,4,college_production_history_balance_targets:4,"{""metric_id"":""edge_10_sack_players_per_134_fbs"",""description"":""10+ sack EDGE/DL players across FBS-sized universe"",""target_min"":""18"",""target_max"":""48"",""severity"":""warning"",""notes"":""Top pass rush should be rare.""}"
college_production,college_production_history_balance_targets.csv,college_production_history_balance_targets,validation_target,5,college_production_history_balance_targets:5,"{""metric_id"":""lb_100_tackle_players_per_134_fbs"",""description"":""100+ tackle LB/S players across FBS-sized universe"",""target_min"":""35"",""target_max"":""95"",""severity"":""warning"",""notes"":""Tackle volume plausible.""}"
college_production,college_production_history_balance_targets.csv,college_production_history_balance_targets,validation_target,6,college_production_history_balance_targets:6,"{""metric_id"":""redshirt_stat_leak_rate"",""description"":""True redshirts above four games"",""target_min"":""0"",""target_max"":""0"",""severity"":""error"",""notes"":""Hard cap.""}"
college_production,college_production_history_balance_targets.csv,college_production_history_balance_targets,validation_target,7,college_production_history_balance_targets:7,"{""metric_id"":""award_rarity_violations"",""description"":""Award cap violations"",""target_min"":""0"",""target_max"":""0"",""severity"":""error"",""notes"":""No award inflation.""}"
college_production,college_production_history_balance_targets.csv,college_production_history_balance_targets,validation_target,8,college_production_history_balance_targets:8,"{""metric_id"":""small_school_raw_stat_inflation"",""description"":""G5/FCS raw elite stat ratio versus P4"",""target_min"":""1.02"",""target_max"":""1.35"",""severity"":""warning"",""notes"":""Small schools can have higher raw stats.""}"
college_production,college_production_history_debug_export_schema.csv,college_production_history_debug_export_schema,debug_schema,1,college_production_history_debug_export_schema:1,"{""field"":""player_id"",""type"":""string"",""required"":""True"",""description"":""Player id.""}"
college_production,college_production_history_debug_export_schema.csv,college_production_history_debug_export_schema,debug_schema,2,college_production_history_debug_export_schema:2,"{""field"":""season_year"",""type"":""int"",""required"":""True"",""description"":""Historical season year.""}"
college_production,college_production_history_debug_export_schema.csv,college_production_history_debug_export_schema,debug_schema,3,college_production_history_debug_export_schema:3,"{""field"":""class_year"",""type"":""string"",""required"":""True"",""description"":""Class year.""}"
college_production,college_production_history_debug_export_schema.csv,college_production_history_debug_export_schema,debug_schema,4,college_production_history_debug_export_schema:4,"{""field"":""career_arc_template"",""type"":""string"",""required"":""True"",""description"":""Chosen arc.""}"
college_production,college_production_history_debug_export_schema.csv,college_production_history_debug_export_schema,debug_schema,5,college_production_history_debug_export_schema:5,"{""field"":""role_tier"",""type"":""string"",""required"":""True"",""description"":""Generated role tier.""}"
college_production,college_production_history_debug_export_schema.csv,college_production_history_debug_export_schema,debug_schema,6,college_production_history_debug_export_schema:6,"{""field"":""raw_stat_rolls"",""type"":""json"",""required"":""True"",""description"":""Before modifiers.""}"
college_production,college_production_history_debug_export_schema.csv,college_production_history_debug_export_schema,debug_schema,7,college_production_history_debug_export_schema:7,"{""field"":""applied_modifiers"",""type"":""json"",""required"":""True"",""description"":""Modifiers.""}"
college_production,college_production_history_debug_export_schema.csv,college_production_history_debug_export_schema,debug_schema,8,college_production_history_debug_export_schema:8,"{""field"":""final_stats"",""type"":""json"",""required"":""True"",""description"":""Final stats.""}"
college_production,college_production_history_debug_export_schema.csv,college_production_history_debug_export_schema,debug_schema,9,college_production_history_debug_export_schema:9,"{""field"":""award_assignments"",""type"":""json"",""required"":""False"",""description"":""Awards.""}"
college_production,college_production_history_debug_export_schema.csv,college_production_history_debug_export_schema,debug_schema,10,college_production_history_debug_export_schema:10,"{""field"":""consistency_repairs"",""type"":""json"",""required"":""False"",""description"":""Validation repairs.""}"
college_production,college_production_history_examples.csv,college_production_history_examples,example,1,QB,"{""example_id"":""elite_p4_qb_all_conference"",""position"":""QB"",""class_year"":""JR"",""program_tier"":""elite_p4"",""offense_profile"":""balanced"",""role_tier"":""all_conference"",""example_stats"":""14 GP, 14 GS, 382/536, 4480 pass yds, 42 TD, 8 INT, 420 rush yds, 7 rush TD"",""notes"":""High-end draft prospect."",""defense_profile"":""""}"
college_production,college_production_history_examples.csv,college_production_history_examples,example,2,WR,"{""example_id"":""air_raid_wr_star"",""position"":""WR"",""class_year"":""JR"",""program_tier"":""strong_p4"",""offense_profile"":""air_raid"",""role_tier"":""all_conference"",""example_stats"":""13 GP, 13 GS, 94 rec, 1380 yds, 13 TD"",""notes"":""Air raid volume."",""defense_profile"":""""}"
college_production,college_production_history_examples.csv,college_production_history_examples,example,3,RB,"{""example_id"":""run_heavy_rb_star"",""position"":""RB"",""class_year"":""SR"",""program_tier"":""g5_high"",""offense_profile"":""run_heavy"",""role_tier"":""all_american"",""example_stats"":""14 GP, 14 GS, 312 carries, 2110 yds, 25 TD, 18 rec, 190 yds"",""notes"":""High raw production; competition discount applies."",""defense_profile"":""""}"
college_production,college_production_history_examples.csv,college_production_history_examples,example,4,EDGE,"{""example_id"":""fcs_edge_sleeper"",""position"":""EDGE"",""class_year"":""RS-SR"",""program_tier"":""fcs_elite"",""offense_profile"":"""",""role_tier"":""all_american"",""example_stats"":""13 GP, 13 GS, 68 tackles, 22 TFL, 15.5 sacks, 4 FF"",""notes"":""Small-school pass-rush sleeper."",""defense_profile"":""aggressive_blitz""}"
college_production,college_production_history_examples.csv,college_production_history_examples,example,5,LT,"{""example_id"":""ol_all_conference"",""position"":""LT"",""class_year"":""RS-JR"",""program_tier"":""elite_p4"",""offense_profile"":""pro_style"",""role_tier"":""all_conference"",""example_stats"":""15 GP, 15 GS, 1.5 sacks allowed, 9 pressures allowed, 2 penalties, 91 run block proxy"",""notes"":""OL uses proxy stats."",""defense_profile"":""""}"
college_production,college_production_history_examples.csv,college_production_history_examples,example,6,QB,"{""example_id"":""redshirt_qb"",""position"":""QB"",""class_year"":""FR"",""program_tier"":""elite_p4"",""offense_profile"":""balanced"",""role_tier"":""redshirt"",""example_stats"":""3 GP, 0 GS, 5/8, 61 yds, 0 TD, 0 INT"",""notes"":""Limited redshirt participation."",""defense_profile"":""""}"
college_production,college_production_history_examples.csv,college_production_history_examples,example,7,LB,"{""example_id"":""injury_interrupted_lb"",""position"":""LB"",""class_year"":""SR"",""program_tier"":""mid_p4"",""offense_profile"":"""",""role_tier"":""starter"",""example_stats"":""7 GP, 7 GS, 58 tackles, 5 TFL, 1 sack"",""notes"":""Injury suppressed season."",""defense_profile"":""base_43""}"
college_production,college_production_history_examples.csv,college_production_history_examples,example,8,TE,"{""example_id"":""elite_te_outlier"",""position"":""TE"",""class_year"":""JR"",""program_tier"":""g5_high"",""offense_profile"":""pro_style"",""role_tier"":""all_american"",""example_stats"":""13 GP, 12 GS, 101 rec, 1320 yds, 11 TD"",""notes"":""Rare TE outlier supported but capped."",""defense_profile"":""""}"
college_production,college_production_history_generation_algorithm.csv,college_production_history_generation_algorithm,algorithm,1,college_production_history_generation_algorithm:1,"{""step_order"":""1"",""step_name"":""choose_history_window"",""description"":""Determine past seasons from class, redshirt, transfer, and eligibility."",""required_inputs"":""class_year,redshirt_status,transfer_history""}"
college_production,college_production_history_generation_algorithm.csv,college_production_history_generation_algorithm,algorithm,2,college_production_history_generation_algorithm:2,"{""step_order"":""2"",""step_name"":""choose_career_arc"",""description"":""Select career arc from rating, star outcome, program tier, traits, and injury history."",""required_inputs"":""college_production_career_arc_templates.csv""}"
college_production,college_production_history_generation_algorithm.csv,college_production_history_generation_algorithm,algorithm,3,college_production_history_generation_algorithm:3,"{""step_order"":""3"",""step_name"":""assign_role_by_season"",""description"":""Pick role tier per season using class/position weights and arc prior."",""required_inputs"":""college_production_role_weights_by_class_position.csv""}"
college_production,college_production_history_generation_algorithm.csv,college_production_history_generation_algorithm,algorithm,4,college_production_history_generation_algorithm:4,"{""step_order"":""4"",""step_name"":""generate_team_context"",""description"":""Read/generate team offense/defense profile and quality for that season."",""required_inputs"":""college_team_offense_profile_production_rules.csv""}"
college_production,college_production_history_generation_algorithm.csv,college_production_history_generation_algorithm,algorithm,5,college_production_history_generation_algorithm:5,"{""step_order"":""5"",""step_name"":""generate_games_and_starts"",""description"":""Roll games and starts from role tier, then apply injuries/redshirt caps."",""required_inputs"":""college_production_role_tiers.csv""}"
college_production,college_production_history_generation_algorithm.csv,college_production_history_generation_algorithm,algorithm,6,college_production_history_generation_algorithm:6,"{""step_order"":""6"",""step_name"":""generate_raw_stats"",""description"":""Roll position stats from offensive/defensive/specialist/proxy tables."",""required_inputs"":""college_production_offensive_stat_ranges.csv""}"
college_production,college_production_history_generation_algorithm.csv,college_production_history_generation_algorithm,algorithm,7,college_production_history_generation_algorithm:7,"{""step_order"":""7"",""step_name"":""apply_modifiers"",""description"":""Apply scheme, competition, team context, class, and injury modifiers."",""required_inputs"":""modifier CSVs""}"
college_production,college_production_history_generation_algorithm.csv,college_production_history_generation_algorithm,algorithm,8,college_production_history_generation_algorithm:8,"{""step_order"":""8"",""step_name"":""enforce_team_budgets"",""description"":""Adjust stats so team pass/rush/target/sack/interception totals stay coherent."",""required_inputs"":""college_production_stat_consistency_rules.csv""}"
college_production,college_production_history_generation_algorithm.csv,college_production_history_generation_algorithm,algorithm,9,college_production_history_generation_algorithm:9,"{""step_order"":""9"",""step_name"":""assign_awards"",""description"":""Assign awards with thresholds and rarity caps."",""required_inputs"":""college_production_award_thresholds.csv""}"
college_production,college_production_history_generation_algorithm.csv,college_production_history_generation_algorithm,algorithm,10,college_production_history_generation_algorithm:10,"{""step_order"":""10"",""step_name"":""calculate_draft_signal"",""description"":""Create production-based draft signal."",""required_inputs"":""college_production_to_draft_signal_weights.csv""}"
college_production,college_production_history_generation_algorithm.csv,college_production_history_generation_algorithm,algorithm,11,college_production_history_generation_algorithm:11,"{""step_order"":""11"",""step_name"":""write_history"",""description"":""Store visible history and hidden debug rows."",""required_inputs"":""college_production_history_debug_export_schema.csv""}"
college_production,college_production_history_generation_algorithm.csv,college_production_history_generation_algorithm,algorithm,12,college_production_history_generation_algorithm:12,"{""step_order"":""12"",""step_name"":""validate_balance"",""description"":""Run final-phase balance checks."",""required_inputs"":""college_production_history_balance_targets.csv""}"
college_production,college_production_history_targets.csv,college_production_history_targets,target,1,QB,"{""position_group"":""QB"",""role_tier"":""star"",""yearly_stat_profile"":""high_volume"",""games_min"":""10"",""games_max"":""14"",""production_index_min"":""78"",""production_index_max"":""99"",""notes"":""Can produce award-level passing/rushing history.""}"
college_production,college_production_history_targets.csv,college_production_history_targets,target,2,QB,"{""position_group"":""QB"",""role_tier"":""starter"",""yearly_stat_profile"":""starter_volume"",""games_min"":""8"",""games_max"":""13"",""production_index_min"":""60"",""production_index_max"":""88"",""notes"":""Normal starter sample.""}"
college_production,college_production_history_targets.csv,college_production_history_targets,target,3,QB,"{""position_group"":""QB"",""role_tier"":""rotation"",""yearly_stat_profile"":""spot_starter"",""games_min"":""2"",""games_max"":""8"",""production_index_min"":""35"",""production_index_max"":""70"",""notes"":""Partial sample or injury replacement.""}"
college_production,college_production_history_targets.csv,college_production_history_targets,target,4,Skill,"{""position_group"":""Skill"",""role_tier"":""star"",""yearly_stat_profile"":""featured_weapon"",""games_min"":""10"",""games_max"":""14"",""production_index_min"":""76"",""production_index_max"":""99"",""notes"":""RB/WR/TE star production.""}"
college_production,college_production_history_targets.csv,college_production_history_targets,target,5,Skill,"{""position_group"":""Skill"",""role_tier"":""starter"",""yearly_stat_profile"":""starter"",""games_min"":""8"",""games_max"":""13"",""production_index_min"":""58"",""production_index_max"":""86"",""notes"":""Starter skill production.""}"
college_production,college_production_history_targets.csv,college_production_history_targets,target,6,OL,"{""position_group"":""OL"",""role_tier"":""star"",""yearly_stat_profile"":""all_conference_line"",""games_min"":""11"",""games_max"":""14"",""production_index_min"":""74"",""production_index_max"":""98"",""notes"":""OL production uses snap, grade, sacks allowed proxy.""}"
college_production,college_production_history_targets.csv,college_production_history_targets,target,7,OL,"{""position_group"":""OL"",""role_tier"":""starter"",""yearly_stat_profile"":""starter_line"",""games_min"":""8"",""games_max"":""13"",""production_index_min"":""56"",""production_index_max"":""84"",""notes"":""OL production proxy.""}"
college_production,college_production_history_targets.csv,college_production_history_targets,target,8,Front7,"{""position_group"":""Front7"",""role_tier"":""star"",""yearly_stat_profile"":""impact_defender"",""games_min"":""10"",""games_max"":""14"",""production_index_min"":""75"",""production_index_max"":""99"",""notes"":""Tackles, sacks, pressures proxy.""}"
college_production,college_production_history_targets.csv,college_production_history_targets,target,9,Secondary,"{""position_group"":""Secondary"",""role_tier"":""star"",""yearly_stat_profile"":""coverage_playmaker"",""games_min"":""10"",""games_max"":""14"",""production_index_min"":""74"",""production_index_max"":""98"",""notes"":""Coverage, INT, PBU, tackle proxy.""}"
college_production,college_production_history_targets.csv,college_production_history_targets,target,10,Specialist,"{""position_group"":""Specialist"",""role_tier"":""star"",""yearly_stat_profile"":""reliable_specialist"",""games_min"":""10"",""games_max"":""14"",""production_index_min"":""70"",""production_index_max"":""96"",""notes"":""K/P efficiency proxy.""}"
college_production,college_production_history_targets.csv,college_production_history_targets,target,11,ALL,"{""position_group"":""ALL"",""role_tier"":""depth"",""yearly_stat_profile"":""limited_snaps"",""games_min"":""0"",""games_max"":""6"",""production_index_min"":""10"",""production_index_max"":""48"",""notes"":""Depth histories may be sparse.""}"
college_production,college_production_history_targets.csv,college_production_history_targets,target,12,ALL,"{""position_group"":""ALL"",""role_tier"":""walk_on"",""yearly_stat_profile"":""practice_depth"",""games_min"":""0"",""games_max"":""4"",""production_index_min"":""5"",""production_index_max"":""35"",""notes"":""Mostly scout team or special teams.""}"
college_production,college_production_injury_absence_rules.csv,college_production_injury_absence_rules,rule,1,college_production_injury_absence_rules:1,"{""injury_history_type"":""none"",""games_missed_min"":""0"",""games_missed_max"":""0"",""production_volume_multiplier"":""1.0"",""efficiency_multiplier"":""1.0"",""history_note_template"":""Played full available role.""}"
college_production,college_production_injury_absence_rules.csv,college_production_injury_absence_rules,rule,2,college_production_injury_absence_rules:2,"{""injury_history_type"":""minor_missed_time"",""games_missed_min"":""1"",""games_missed_max"":""3"",""production_volume_multiplier"":""0.84"",""efficiency_multiplier"":""0.97"",""history_note_template"":""Missed a short stretch.""}"
college_production,college_production_injury_absence_rules.csv,college_production_injury_absence_rules,rule,3,college_production_injury_absence_rules:3,"{""injury_history_type"":""moderate_missed_time"",""games_missed_min"":""4"",""games_missed_max"":""7"",""production_volume_multiplier"":""0.58"",""efficiency_multiplier"":""0.93"",""history_note_template"":""Production limited by injury.""}"
college_production,college_production_injury_absence_rules.csv,college_production_injury_absence_rules,rule,4,college_production_injury_absence_rules:4,"{""injury_history_type"":""major_lost_season"",""games_missed_min"":""8"",""games_missed_max"":""14"",""production_volume_multiplier"":""0.18"",""efficiency_multiplier"":""0.88"",""history_note_template"":""Lost most of season.""}"
college_production,college_production_injury_absence_rules.csv,college_production_injury_absence_rules,rule,5,college_production_injury_absence_rules:5,"{""injury_history_type"":""playing_through"",""games_missed_min"":""0"",""games_missed_max"":""2"",""production_volume_multiplier"":""0.92"",""efficiency_multiplier"":""0.9"",""history_note_template"":""Played through limitation.""}"
college_production,college_production_offensive_stat_ranges.csv,college_production_offensive_stat_ranges,runtime_tuning,1,QB,"{""position_group"":""QB"",""role_tier"":""redshirt"",""stat_key"":""pass_attempts"",""min_value"":""0"",""max_value"":""8"",""per_games"":""12"",""notes"":""Base range before games, scheme, competition, class, team, and injury modifiers.""}"
college_production,college_production_offensive_stat_ranges.csv,college_production_offensive_stat_ranges,runtime_tuning,2,QB,"{""position_group"":""QB"",""role_tier"":""redshirt"",""stat_key"":""pass_yards"",""min_value"":""0"",""max_value"":""80"",""per_games"":""12"",""notes"":""Base range before games, scheme, competition, class, team, and injury modifiers.""}"
college_production,college_production_offensive_stat_ranges.csv,college_production_offensive_stat_ranges,runtime_tuning,3,QB,"{""position_group"":""QB"",""role_tier"":""redshirt"",""stat_key"":""pass_tds"",""min_value"":""0"",""max_value"":""1"",""per_games"":""12"",""notes"":""Base range before games, scheme, competition, class, team, and injury modifiers.""}"
college_production,college_production_offensive_stat_ranges.csv,college_production_offensive_stat_ranges,runtime_tuning,4,QB,"{""position_group"":""QB"",""role_tier"":""redshirt"",""stat_key"":""interceptions"",""min_value"":""0"",""max_value"":""1"",""per_games"":""12"",""notes"":""Base range before games, scheme, competition, class, team, and injury modifiers.""}"
college_production,college_production_offensive_stat_ranges.csv,college_production_offensive_stat_ranges,runtime_tuning,5,QB,"{""position_group"":""QB"",""role_tier"":""redshirt"",""stat_key"":""rush_attempts"",""min_value"":""0"",""max_value"":""8"",""per_games"":""12"",""notes"":""Base range before games, scheme, competition, class, team, and injury modifiers.""}"
college_production,college_production_offensive_stat_ranges.csv,college_production_offensive_stat_ranges,runtime_tuning,6,QB,"{""position_group"":""QB"",""role_tier"":""redshirt"",""stat_key"":""rush_yards"",""min_value"":""-20"",""max_value"":""60"",""per_games"":""12"",""notes"":""Base range before games, scheme, competition, class, team, and injury modifiers.""}"
college_production,college_production_offensive_stat_ranges.csv,college_production_offensive_stat_ranges,runtime_tuning,7,QB,"{""position_group"":""QB"",""role_tier"":""redshirt"",""stat_key"":""rush_tds"",""min_value"":""0"",""max_value"":""1"",""per_games"":""12"",""notes"":""Base range before games, scheme, competition, class, team, and injury modifiers.""}"
college_production,college_production_offensive_stat_ranges.csv,college_production_offensive_stat_ranges,runtime_tuning,8,QB,"{""position_group"":""QB"",""role_tier"":""bench"",""stat_key"":""pass_attempts"",""min_value"":""0"",""max_value"":""25"",""per_games"":""12"",""notes"":""Base range before games, scheme, competition, class, team, and injury modifiers.""}"
college_production,college_production_offensive_stat_ranges.csv,college_production_offensive_stat_ranges,runtime_tuning,9,QB,"{""position_group"":""QB"",""role_tier"":""bench"",""stat_key"":""pass_yards"",""min_value"":""0"",""max_value"":""220"",""per_games"":""12"",""notes"":""Base range before games, scheme, competition, class, team, and injury modifiers.""}"
college_production,college_production_offensive_stat_ranges.csv,college_production_offensive_stat_ranges,runtime_tuning,10,QB,"{""position_group"":""QB"",""role_tier"":""bench"",""stat_key"":""pass_tds"",""min_value"":""0"",""max_value"":""2"",""per_games"":""12"",""notes"":""Base range before games, scheme, competition, class, team, and injury modifiers.""}"
college_production,college_production_offensive_stat_ranges.csv,college_production_offensive_stat_ranges,runtime_tuning,11,QB,"{""position_group"":""QB"",""role_tier"":""bench"",""stat_key"":""interceptions"",""min_value"":""0"",""max_value"":""2"",""per_games"":""12"",""notes"":""Base range before games, scheme, competition, class, team, and injury modifiers.""}"
college_production,college_production_offensive_stat_ranges.csv,college_production_offensive_stat_ranges,runtime_tuning,12,QB,"{""position_group"":""QB"",""role_tier"":""bench"",""stat_key"":""rush_attempts"",""min_value"":""0"",""max_value"":""18"",""per_games"":""12"",""notes"":""Base range before games, scheme, competition, class, team, and injury modifiers.""}"
college_production,college_production_offensive_stat_ranges.csv,college_production_offensive_stat_ranges,runtime_tuning,13,QB,"{""position_group"":""QB"",""role_tier"":""bench"",""stat_key"":""rush_yards"",""min_value"":""-30"",""max_value"":""120"",""per_games"":""12"",""notes"":""Base range before games, scheme, competition, class, team, and injury modifiers.""}"
college_production,college_production_offensive_stat_ranges.csv,college_production_offensive_stat_ranges,runtime_tuning,14,QB,"{""position_group"":""QB"",""role_tier"":""bench"",""stat_key"":""rush_tds"",""min_value"":""0"",""max_value"":""2"",""per_games"":""12"",""notes"":""Base range before games, scheme, competition, class, team, and injury modifiers.""}"
college_production,college_production_offensive_stat_ranges.csv,college_production_offensive_stat_ranges,runtime_tuning,15,QB,"{""position_group"":""QB"",""role_tier"":""depth"",""stat_key"":""pass_attempts"",""min_value"":""5"",""max_value"":""70"",""per_games"":""12"",""notes"":""Base range before games, scheme, competition, class, team, and injury modifiers.""}"
college_production,college_production_offensive_stat_ranges.csv,college_production_offensive_stat_ranges,runtime_tuning,16,QB,"{""position_group"":""QB"",""role_tier"":""depth"",""stat_key"":""pass_yards"",""min_value"":""30"",""max_value"":""600"",""per_games"":""12"",""notes"":""Base range before games, scheme, competition, class, team, and injury modifiers.""}"
college_production,college_production_offensive_stat_ranges.csv,college_production_offensive_stat_ranges,runtime_tuning,17,QB,"{""position_group"":""QB"",""role_tier"":""depth"",""stat_key"":""pass_tds"",""min_value"":""0"",""max_value"":""5"",""per_games"":""12"",""notes"":""Base range before games, scheme, competition, class, team, and injury modifiers.""}"
college_production,college_production_offensive_stat_ranges.csv,college_production_offensive_stat_ranges,runtime_tuning,18,QB,"{""position_group"":""QB"",""role_tier"":""depth"",""stat_key"":""interceptions"",""min_value"":""0"",""max_value"":""4"",""per_games"":""12"",""notes"":""Base range before games, scheme, competition, class, team, and injury modifiers.""}"
college_production,college_production_offensive_stat_ranges.csv,college_production_offensive_stat_ranges,runtime_tuning,19,QB,"{""position_group"":""QB"",""role_tier"":""depth"",""stat_key"":""rush_attempts"",""min_value"":""2"",""max_value"":""35"",""per_games"":""12"",""notes"":""Base range before games, scheme, competition, class, team, and injury modifiers.""}"
college_production,college_production_offensive_stat_ranges.csv,college_production_offensive_stat_ranges,runtime_tuning,20,QB,"{""position_group"":""QB"",""role_tier"":""depth"",""stat_key"":""rush_yards"",""min_value"":""-40"",""max_value"":""240"",""per_games"":""12"",""notes"":""Base range before games, scheme, competition, class, team, and injury modifiers.""}"
college_production,college_production_offensive_stat_ranges.csv,college_production_offensive_stat_ranges,runtime_tuning,21,QB,"{""position_group"":""QB"",""role_tier"":""depth"",""stat_key"":""rush_tds"",""min_value"":""0"",""max_value"":""3"",""per_games"":""12"",""notes"":""Base range before games, scheme, competition, class, team, and injury modifiers.""}"
college_production,college_production_offensive_stat_ranges.csv,college_production_offensive_stat_ranges,runtime_tuning,22,QB,"{""position_group"":""QB"",""role_tier"":""rotation"",""stat_key"":""pass_attempts"",""min_value"":""20"",""max_value"":""120"",""per_games"":""12"",""notes"":""Base range before games, scheme, competition, class, team, and injury modifiers.""}"
college_production,college_production_offensive_stat_ranges.csv,college_production_offensive_stat_ranges,runtime_tuning,23,QB,"{""position_group"":""QB"",""role_tier"":""rotation"",""stat_key"":""pass_yards"",""min_value"":""150"",""max_value"":""1000"",""per_games"":""12"",""notes"":""Base range before games, scheme, competition, class, team, and injury modifiers.""}"
college_production,college_production_offensive_stat_ranges.csv,college_production_offensive_stat_ranges,runtime_tuning,24,QB,"{""position_group"":""QB"",""role_tier"":""rotation"",""stat_key"":""pass_tds"",""min_value"":""1"",""max_value"":""8"",""per_games"":""12"",""notes"":""Base range before games, scheme, competition, class, team, and injury modifiers.""}"
college_production,college_production_offensive_stat_ranges.csv,college_production_offensive_stat_ranges,runtime_tuning,25,QB,"{""position_group"":""QB"",""role_tier"":""rotation"",""stat_key"":""interceptions"",""min_value"":""0"",""max_value"":""6"",""per_games"":""12"",""notes"":""Base range before games, scheme, competition, class, team, and injury modifiers.""}"
college_production,college_production_offensive_stat_ranges.csv,college_production_offensive_stat_ranges,runtime_tuning,26,QB,"{""position_group"":""QB"",""role_tier"":""rotation"",""stat_key"":""rush_attempts"",""min_value"":""10"",""max_value"":""70"",""per_games"":""12"",""notes"":""Base range before games, scheme, competition, class, team, and injury modifiers.""}"
college_production,college_production_offensive_stat_ranges.csv,college_production_offensive_stat_ranges,runtime_tuning,27,QB,"{""position_group"":""QB"",""role_tier"":""rotation"",""stat_key"":""rush_yards"",""min_value"":""-60"",""max_value"":""480"",""per_games"":""12"",""notes"":""Base range before games, scheme, competition, class, team, and injury modifiers.""}"
college_production,college_production_offensive_stat_ranges.csv,college_production_offensive_stat_ranges,runtime_tuning,28,QB,"{""position_group"":""QB"",""role_tier"":""rotation"",""stat_key"":""rush_tds"",""min_value"":""0"",""max_value"":""5"",""per_games"":""12"",""notes"":""Base range before games, scheme, competition, class, team, and injury modifiers.""}"
college_production,college_production_offensive_stat_ranges.csv,college_production_offensive_stat_ranges,runtime_tuning,29,QB,"{""position_group"":""QB"",""role_tier"":""spot_starter"",""stat_key"":""pass_attempts"",""min_value"":""90"",""max_value"":""240"",""per_games"":""12"",""notes"":""Base range before games, scheme, competition, class, team, and injury modifiers.""}"
college_production,college_production_offensive_stat_ranges.csv,college_production_offensive_stat_ranges,runtime_tuning,30,QB,"{""position_group"":""QB"",""role_tier"":""spot_starter"",""stat_key"":""pass_yards"",""min_value"":""650"",""max_value"":""1900"",""per_games"":""12"",""notes"":""Base range before games, scheme, competition, class, team, and injury modifiers.""}"
college_production,college_production_offensive_stat_ranges.csv,college_production_offensive_stat_ranges,runtime_tuning,31,QB,"{""position_group"":""QB"",""role_tier"":""spot_starter"",""stat_key"":""pass_tds"",""min_value"":""4"",""max_value"":""16"",""per_games"":""12"",""notes"":""Base range before games, scheme, competition, class, team, and injury modifiers.""}"
college_production,college_production_offensive_stat_ranges.csv,college_production_offensive_stat_ranges,runtime_tuning,32,QB,"{""position_group"":""QB"",""role_tier"":""spot_starter"",""stat_key"":""interceptions"",""min_value"":""3"",""max_value"":""11"",""per_games"":""12"",""notes"":""Base range before games, scheme, competition, class, team, and injury modifiers.""}"
college_production,college_production_offensive_stat_ranges.csv,college_production_offensive_stat_ranges,runtime_tuning,33,QB,"{""position_group"":""QB"",""role_tier"":""spot_starter"",""stat_key"":""rush_attempts"",""min_value"":""20"",""max_value"":""90"",""per_games"":""12"",""notes"":""Base range before games, scheme, competition, class, team, and injury modifiers.""}"
college_production,college_production_offensive_stat_ranges.csv,college_production_offensive_stat_ranges,runtime_tuning,34,QB,"{""position_group"":""QB"",""role_tier"":""spot_starter"",""stat_key"":""rush_yards"",""min_value"":""-80"",""max_value"":""650"",""per_games"":""12"",""notes"":""Base range before games, scheme, competition, class, team, and injury modifiers.""}"
college_production,college_production_offensive_stat_ranges.csv,college_production_offensive_stat_ranges,runtime_tuning,35,QB,"{""position_group"":""QB"",""role_tier"":""spot_starter"",""stat_key"":""rush_tds"",""min_value"":""0"",""max_value"":""8"",""per_games"":""12"",""notes"":""Base range before games, scheme, competition, class, team, and injury modifiers.""}"
college_production,college_production_offensive_stat_ranges.csv,college_production_offensive_stat_ranges,runtime_tuning,36,QB,"{""position_group"":""QB"",""role_tier"":""starter"",""stat_key"":""pass_attempts"",""min_value"":""260"",""max_value"":""430"",""per_games"":""12"",""notes"":""Base range before games, scheme, competition, class, team, and injury modifiers.""}"
college_production,college_production_offensive_stat_ranges.csv,college_production_offensive_stat_ranges,runtime_tuning,37,QB,"{""position_group"":""QB"",""role_tier"":""starter"",""stat_key"":""pass_yards"",""min_value"":""2100"",""max_value"":""3600"",""per_games"":""12"",""notes"":""Base range before games, scheme, competition, class, team, and injury modifiers.""}"
college_production,college_production_offensive_stat_ranges.csv,college_production_offensive_stat_ranges,runtime_tuning,38,QB,"{""position_group"":""QB"",""role_tier"":""starter"",""stat_key"":""pass_tds"",""min_value"":""14"",""max_value"":""32"",""per_games"":""12"",""notes"":""Base range before games, scheme, competition, class, team, and injury modifiers.""}"
college_production,college_production_offensive_stat_ranges.csv,college_production_offensive_stat_ranges,runtime_tuning,39,QB,"{""position_group"":""QB"",""role_tier"":""starter"",""stat_key"":""interceptions"",""min_value"":""5"",""max_value"":""14"",""per_games"":""12"",""notes"":""Base range before games, scheme, competition, class, team, and injury modifiers.""}"
college_production,college_production_offensive_stat_ranges.csv,college_production_offensive_stat_ranges,runtime_tuning,40,QB,"{""position_group"":""QB"",""role_tier"":""starter"",""stat_key"":""rush_attempts"",""min_value"":""35"",""max_value"":""120"",""per_games"":""12"",""notes"":""Base range before games, scheme, competition, class, team, and injury modifiers.""}"
college_production,college_production_offensive_stat_ranges.csv,college_production_offensive_stat_ranges,runtime_tuning,41,QB,"{""position_group"":""QB"",""role_tier"":""starter"",""stat_key"":""rush_yards"",""min_value"":""-100"",""max_value"":""800"",""per_games"":""12"",""notes"":""Base range before games, scheme, competition, class, team, and injury modifiers.""}"
college_production,college_production_offensive_stat_ranges.csv,college_production_offensive_stat_ranges,runtime_tuning,42,QB,"{""position_group"":""QB"",""role_tier"":""starter"",""stat_key"":""rush_tds"",""min_value"":""1"",""max_value"":""10"",""per_games"":""12"",""notes"":""Base range before games, scheme, competition, class, team, and injury modifiers.""}"
college_production,college_production_offensive_stat_ranges.csv,college_production_offensive_stat_ranges,runtime_tuning,43,QB,"{""position_group"":""QB"",""role_tier"":""impact_starter"",""stat_key"":""pass_attempts"",""min_value"":""320"",""max_value"":""520"",""per_games"":""12"",""notes"":""Base range before games, scheme, competition, class, team, and injury modifiers.""}"
college_production,college_production_offensive_stat_ranges.csv,college_production_offensive_stat_ranges,runtime_tuning,44,QB,"{""position_group"":""QB"",""role_tier"":""impact_starter"",""stat_key"":""pass_yards"",""min_value"":""3100"",""max_value"":""4500"",""per_games"":""12"",""notes"":""Base range before games, scheme, competition, class, team, and injury modifiers.""}"
college_production,college_production_offensive_stat_ranges.csv,college_production_offensive_stat_ranges,runtime_tuning,45,QB,"{""position_group"":""QB"",""role_tier"":""impact_starter"",""stat_key"":""pass_tds"",""min_value"":""24"",""max_value"":""42"",""per_games"":""12"",""notes"":""Base range before games, scheme, competition, class, team, and injury modifiers.""}"
college_production,college_production_offensive_stat_ranges.csv,college_production_offensive_stat_ranges,runtime_tuning,46,QB,"{""position_group"":""QB"",""role_tier"":""impact_starter"",""stat_key"":""interceptions"",""min_value"":""3"",""max_value"":""13"",""per_games"":""12"",""notes"":""Base range before games, scheme, competition, class, team, and injury modifiers.""}"
college_production,college_production_offensive_stat_ranges.csv,college_production_offensive_stat_ranges,runtime_tuning,47,QB,"{""position_group"":""QB"",""role_tier"":""impact_starter"",""stat_key"":""rush_attempts"",""min_value"":""45"",""max_value"":""145"",""per_games"":""12"",""notes"":""Base range before games, scheme, competition, class, team, and injury modifiers.""}"
college_production,college_production_offensive_stat_ranges.csv,college_production_offensive_stat_ranges,runtime_tuning,48,QB,"{""position_group"":""QB"",""role_tier"":""impact_starter"",""stat_key"":""rush_yards"",""min_value"":""-80"",""max_value"":""1000"",""per_games"":""12"",""notes"":""Base range before games, scheme, competition, class, team, and injury modifiers.""}"
college_production,college_production_offensive_stat_ranges.csv,college_production_offensive_stat_ranges,runtime_tuning,49,QB,"{""position_group"":""QB"",""role_tier"":""impact_starter"",""stat_key"":""rush_tds"",""min_value"":""3"",""max_value"":""14"",""per_games"":""12"",""notes"":""Base range before games, scheme, competition, class, team, and injury modifiers.""}"
college_production,college_production_offensive_stat_ranges.csv,college_production_offensive_stat_ranges,runtime_tuning,50,QB,"{""position_group"":""QB"",""role_tier"":""all_conference"",""stat_key"":""pass_attempts"",""min_value"":""350"",""max_value"":""570"",""per_games"":""12"",""notes"":""Base range before games, scheme, competition, class, team, and injury modifiers.""}"
college_production,college_production_offensive_stat_ranges.csv,college_production_offensive_stat_ranges,runtime_tuning,51,QB,"{""position_group"":""QB"",""role_tier"":""all_conference"",""stat_key"":""pass_yards"",""min_value"":""3700"",""max_value"":""5000"",""per_games"":""12"",""notes"":""Base range before games, scheme, competition, class, team, and injury modifiers.""}"
college_production,college_production_offensive_stat_ranges.csv,college_production_offensive_stat_ranges,runtime_tuning,52,QB,"{""position_group"":""QB"",""role_tier"":""all_conference"",""stat_key"":""pass_tds"",""min_value"":""32"",""max_value"":""50"",""per_games"":""12"",""notes"":""Base range before games, scheme, competition, class, team, and injury modifiers.""}"
college_production,college_production_offensive_stat_ranges.csv,college_production_offensive_stat_ranges,runtime_tuning,53,QB,"{""position_group"":""QB"",""role_tier"":""all_conference"",""stat_key"":""interceptions"",""min_value"":""2"",""max_value"":""12"",""per_games"":""12"",""notes"":""Base range before games, scheme, competition, class, team, and injury modifiers.""}"
college_production,college_production_offensive_stat_ranges.csv,college_production_offensive_stat_ranges,runtime_tuning,54,QB,"{""position_group"":""QB"",""role_tier"":""all_conference"",""stat_key"":""rush_attempts"",""min_value"":""60"",""max_value"":""170"",""per_games"":""12"",""notes"":""Base range before games, scheme, competition, class, team, and injury modifiers.""}"
college_production,college_production_offensive_stat_ranges.csv,college_production_offensive_stat_ranges,runtime_tuning,55,QB,"{""position_group"":""QB"",""role_tier"":""all_conference"",""stat_key"":""rush_yards"",""min_value"":""-60"",""max_value"":""1200"",""per_games"":""12"",""notes"":""Base range before games, scheme, competition, class, team, and injury modifiers.""}"
college_production,college_production_offensive_stat_ranges.csv,college_production_offensive_stat_ranges,runtime_tuning,56,QB,"{""position_group"":""QB"",""role_tier"":""all_conference"",""stat_key"":""rush_tds"",""min_value"":""5"",""max_value"":""18"",""per_games"":""12"",""notes"":""Base range before games, scheme, competition, class, team, and injury modifiers.""}"
college_production,college_production_offensive_stat_ranges.csv,college_production_offensive_stat_ranges,runtime_tuning,57,QB,"{""position_group"":""QB"",""role_tier"":""all_american"",""stat_key"":""pass_attempts"",""min_value"":""380"",""max_value"":""620"",""per_games"":""12"",""notes"":""Base range before games, scheme, competition, class, team, and injury modifiers.""}"
college_production,college_production_offensive_stat_ranges.csv,college_production_offensive_stat_ranges,runtime_tuning,58,QB,"{""position_group"":""QB"",""role_tier"":""all_american"",""stat_key"":""pass_yards"",""min_value"":""4300"",""max_value"":""5700"",""per_games"":""12"",""notes"":""Base range before games, scheme, competition, class, team, and injury modifiers.""}"
college_production,college_production_offensive_stat_ranges.csv,college_production_offensive_stat_ranges,runtime_tuning,59,QB,"{""position_group"":""QB"",""role_tier"":""all_american"",""stat_key"":""pass_tds"",""min_value"":""38"",""max_value"":""60"",""per_games"":""12"",""notes"":""Base range before games, scheme, competition, class, team, and injury modifiers.""}"
college_production,college_production_offensive_stat_ranges.csv,college_production_offensive_stat_ranges,runtime_tuning,60,QB,"{""position_group"":""QB"",""role_tier"":""all_american"",""stat_key"":""interceptions"",""min_value"":""1"",""max_value"":""11"",""per_games"":""12"",""notes"":""Base range before games, scheme, competition, class, team, and injury modifiers.""}"
college_production,college_production_offensive_stat_ranges.csv,college_production_offensive_stat_ranges,runtime_tuning,61,QB,"{""position_group"":""QB"",""role_tier"":""all_american"",""stat_key"":""rush_attempts"",""min_value"":""70"",""max_value"":""190"",""per_games"":""12"",""notes"":""Base range before games, scheme, competition, class, team, and injury modifiers.""}"
college_production,college_production_offensive_stat_ranges.csv,college_production_offensive_stat_ranges,runtime_tuning,62,QB,"{""position_group"":""QB"",""role_tier"":""all_american"",""stat_key"":""rush_yards"",""min_value"":""-40"",""max_value"":""1400"",""per_games"":""12"",""notes"":""Base range before games, scheme, competition, class, team, and injury modifiers.""}"
college_production,college_production_offensive_stat_ranges.csv,college_production_offensive_stat_ranges,runtime_tuning,63,QB,"{""position_group"":""QB"",""role_tier"":""all_american"",""stat_key"":""rush_tds"",""min_value"":""7"",""max_value"":""22"",""per_games"":""12"",""notes"":""Base range before games, scheme, competition, class, team, and injury modifiers.""}"
college_production,college_production_offensive_stat_ranges.csv,college_production_offensive_stat_ranges,runtime_tuning,64,RB,"{""position_group"":""RB"",""role_tier"":""redshirt"",""stat_key"":""rush_attempts"",""min_value"":""0"",""max_value"":""8"",""per_games"":""12"",""notes"":""Base range before games, scheme, competition, class, team, and injury modifiers.""}"
college_production,college_production_offensive_stat_ranges.csv,college_production_offensive_stat_ranges,runtime_tuning,65,RB,"{""position_group"":""RB"",""role_tier"":""redshirt"",""stat_key"":""rush_yards"",""min_value"":""0"",""max_value"":""60"",""per_games"":""12"",""notes"":""Base range before games, scheme, competition, class, team, and injury modifiers.""}"
college_production,college_production_offensive_stat_ranges.csv,college_production_offensive_stat_ranges,runtime_tuning,66,RB,"{""position_group"":""RB"",""role_tier"":""redshirt"",""stat_key"":""rush_tds"",""min_value"":""0"",""max_value"":""1"",""per_games"":""12"",""notes"":""Base range before games, scheme, competition, class, team, and injury modifiers.""}"
college_production,college_production_offensive_stat_ranges.csv,college_production_offensive_stat_ranges,runtime_tuning,67,RB,"{""position_group"":""RB"",""role_tier"":""redshirt"",""stat_key"":""receptions"",""min_value"":""0"",""max_value"":""3"",""per_games"":""12"",""notes"":""Base range before games, scheme, competition, class, team, and injury modifiers.""}"
college_production,college_production_offensive_stat_ranges.csv,college_production_offensive_stat_ranges,runtime_tuning,68,RB,"{""position_group"":""RB"",""role_tier"":""redshirt"",""stat_key"":""receiving_yards"",""min_value"":""0"",""max_value"":""30"",""per_games"":""12"",""notes"":""Base range before games, scheme, competition, class, team, and injury modifiers.""}"
college_production,college_production_offensive_stat_ranges.csv,college_production_offensive_stat_ranges,runtime_tuning,69,RB,"{""position_group"":""RB"",""role_tier"":""redshirt"",""stat_key"":""receiving_tds"",""min_value"":""0"",""max_value"":""0"",""per_games"":""12"",""notes"":""Base range before games, scheme, competition, class, team, and injury modifiers.""}"
college_production,college_production_offensive_stat_ranges.csv,college_production_offensive_stat_ranges,runtime_tuning,70,RB,"{""position_group"":""RB"",""role_tier"":""bench"",""stat_key"":""rush_attempts"",""min_value"":""0"",""max_value"":""20"",""per_games"":""12"",""notes"":""Base range before games, scheme, competition, class, team, and injury modifiers.""}"
college_production,college_production_offensive_stat_ranges.csv,college_production_offensive_stat_ranges,runtime_tuning,71,RB,"{""position_group"":""RB"",""role_tier"":""bench"",""stat_key"":""rush_yards"",""min_value"":""0"",""max_value"":""140"",""per_games"":""12"",""notes"":""Base range before games, scheme, competition, class, team, and injury modifiers.""}"
college_production,college_production_offensive_stat_ranges.csv,college_production_offensive_stat_ranges,runtime_tuning,72,RB,"{""position_group"":""RB"",""role_tier"":""bench"",""stat_key"":""rush_tds"",""min_value"":""0"",""max_value"":""2"",""per_games"":""12"",""notes"":""Base range before games, scheme, competition, class, team, and injury modifiers.""}"
college_production,college_production_offensive_stat_ranges.csv,college_production_offensive_stat_ranges,runtime_tuning,73,RB,"{""position_group"":""RB"",""role_tier"":""bench"",""stat_key"":""receptions"",""min_value"":""0"",""max_value"":""6"",""per_games"":""12"",""notes"":""Base range before games, scheme, competition, class, team, and injury modifiers.""}"
college_production,college_production_offensive_stat_ranges.csv,college_production_offensive_stat_ranges,runtime_tuning,74,RB,"{""position_group"":""RB"",""role_tier"":""bench"",""stat_key"":""receiving_yards"",""min_value"":""0"",""max_value"":""55"",""per_games"":""12"",""notes"":""Base range before games, scheme, competition, class, team, and injury modifiers.""}"
college_production,college_production_offensive_stat_ranges.csv,college_production_offensive_stat_ranges,runtime_tuning,75,RB,"{""position_group"":""RB"",""role_tier"":""bench"",""stat_key"":""receiving_tds"",""min_value"":""0"",""max_value"":""1"",""per_games"":""12"",""notes"":""Base range before games, scheme, competition, class, team, and injury modifiers.""}"
college_production,college_production_offensive_stat_ranges.csv,college_production_offensive_stat_ranges,runtime_tuning,76,RB,"{""position_group"":""RB"",""role_tier"":""special_teams"",""stat_key"":""rush_attempts"",""min_value"":""0"",""max_value"":""25"",""per_games"":""12"",""notes"":""Base range before games, scheme, competition, class, team, and injury modifiers.""}"
college_production,college_production_offensive_stat_ranges.csv,college_production_offensive_stat_ranges,runtime_tuning,77,RB,"{""position_group"":""RB"",""role_tier"":""special_teams"",""stat_key"":""rush_yards"",""min_value"":""0"",""max_value"":""180"",""per_games"":""12"",""notes"":""Base range before games, scheme, competition, class, team, and injury modifiers.""}"
college_production,college_production_offensive_stat_ranges.csv,college_production_offensive_stat_ranges,runtime_tuning,78,RB,"{""position_group"":""RB"",""role_tier"":""special_teams"",""stat_key"":""rush_tds"",""min_value"":""0"",""max_value"":""2"",""per_games"":""12"",""notes"":""Base range before games, scheme, competition, class, team, and injury modifiers.""}"
college_production,college_production_offensive_stat_ranges.csv,college_production_offensive_stat_ranges,runtime_tuning,79,RB,"{""position_group"":""RB"",""role_tier"":""special_teams"",""stat_key"":""receptions"",""min_value"":""0"",""max_value"":""6"",""per_games"":""12"",""notes"":""Base range before games, scheme, competition, class, team, and injury modifiers.""}"
college_production,college_production_offensive_stat_ranges.csv,college_production_offensive_stat_ranges,runtime_tuning,80,RB,"{""position_group"":""RB"",""role_tier"":""special_teams"",""stat_key"":""receiving_yards"",""min_value"":""0"",""max_value"":""70"",""per_games"":""12"",""notes"":""Base range before games, scheme, competition, class, team, and injury modifiers.""}"
college_production,college_production_offensive_stat_ranges.csv,college_production_offensive_stat_ranges,runtime_tuning,81,RB,"{""position_group"":""RB"",""role_tier"":""special_teams"",""stat_key"":""receiving_tds"",""min_value"":""0"",""max_value"":""1"",""per_games"":""12"",""notes"":""Base range before games, scheme, competition, class, team, and injury modifiers.""}"
college_production,college_production_offensive_stat_ranges.csv,college_production_offensive_stat_ranges,runtime_tuning,82,RB,"{""position_group"":""RB"",""role_tier"":""depth"",""stat_key"":""rush_attempts"",""min_value"":""10"",""max_value"":""55"",""per_games"":""12"",""notes"":""Base range before games, scheme, competition, class, team, and injury modifiers.""}"
college_production,college_production_offensive_stat_ranges.csv,college_production_offensive_stat_ranges,runtime_tuning,83,RB,"{""position_group"":""RB"",""role_tier"":""depth"",""stat_key"":""rush_yards"",""min_value"":""40"",""max_value"":""330"",""per_games"":""12"",""notes"":""Base range before games, scheme, competition, class, team, and injury modifiers.""}"
college_production,college_production_offensive_stat_ranges.csv,college_production_offensive_stat_ranges,runtime_tuning,84,RB,"{""position_group"":""RB"",""role_tier"":""depth"",""stat_key"":""rush_tds"",""min_value"":""0"",""max_value"":""4"",""per_games"":""12"",""notes"":""Base range before games, scheme, competition, class, team, and injury modifiers.""}"
college_production,college_production_offensive_stat_ranges.csv,college_production_offensive_stat_ranges,runtime_tuning,85,RB,"{""position_group"":""RB"",""role_tier"":""depth"",""stat_key"":""receptions"",""min_value"":""1"",""max_value"":""12"",""per_games"":""12"",""notes"":""Base range before games, scheme, competition, class, team, and injury modifiers.""}"
college_production,college_production_offensive_stat_ranges.csv,college_production_offensive_stat_ranges,runtime_tuning,86,RB,"{""position_group"":""RB"",""role_tier"":""depth"",""stat_key"":""receiving_yards"",""min_value"":""5"",""max_value"":""110"",""per_games"":""12"",""notes"":""Base range before games, scheme, competition, class, team, and injury modifiers.""}"
college_production,college_production_offensive_stat_ranges.csv,college_production_offensive_stat_ranges,runtime_tuning,87,RB,"{""position_group"":""RB"",""role_tier"":""depth"",""stat_key"":""receiving_tds"",""min_value"":""0"",""max_value"":""2"",""per_games"":""12"",""notes"":""Base range before games, scheme, competition, class, team, and injury modifiers.""}"
college_production,college_production_offensive_stat_ranges.csv,college_production_offensive_stat_ranges,runtime_tuning,88,RB,"{""position_group"":""RB"",""role_tier"":""rotation"",""stat_key"":""rush_attempts"",""min_value"":""45"",""max_value"":""120"",""per_games"":""12"",""notes"":""Base range before games, scheme, competition, class, team, and injury modifiers.""}"
college_production,college_production_offensive_stat_ranges.csv,college_production_offensive_stat_ranges,runtime_tuning,89,RB,"{""position_group"":""RB"",""role_tier"":""rotation"",""stat_key"":""rush_yards"",""min_value"":""250"",""max_value"":""750"",""per_games"":""12"",""notes"":""Base range before games, scheme, competition, class, team, and injury modifiers.""}"
college_production,college_production_offensive_stat_ranges.csv,college_production_offensive_stat_ranges,runtime_tuning,90,RB,"{""position_group"":""RB"",""role_tier"":""rotation"",""stat_key"":""rush_tds"",""min_value"":""2"",""max_value"":""8"",""per_games"":""12"",""notes"":""Base range before games, scheme, competition, class, team, and injury modifiers.""}"
college_production,college_production_offensive_stat_ranges.csv,college_production_offensive_stat_ranges,runtime_tuning,91,RB,"{""position_group"":""RB"",""role_tier"":""rotation"",""stat_key"":""receptions"",""min_value"":""5"",""max_value"":""25"",""per_games"":""12"",""notes"":""Base range before games, scheme, competition, class, team, and injury modifiers.""}"
college_production,college_production_offensive_stat_ranges.csv,college_production_offensive_stat_ranges,runtime_tuning,92,RB,"{""position_group"":""RB"",""role_tier"":""rotation"",""stat_key"":""receiving_yards"",""min_value"":""40"",""max_value"":""230"",""per_games"":""12"",""notes"":""Base range before games, scheme, competition, class, team, and injury modifiers.""}"
college_production,college_production_offensive_stat_ranges.csv,college_production_offensive_stat_ranges,runtime_tuning,93,RB,"{""position_group"":""RB"",""role_tier"":""rotation"",""stat_key"":""receiving_tds"",""min_value"":""0"",""max_value"":""3"",""per_games"":""12"",""notes"":""Base range before games, scheme, competition, class, team, and injury modifiers.""}"
college_production,college_production_offensive_stat_ranges.csv,college_production_offensive_stat_ranges,runtime_tuning,94,RB,"{""position_group"":""RB"",""role_tier"":""spot_starter"",""stat_key"":""rush_attempts"",""min_value"":""80"",""max_value"":""160"",""per_games"":""12"",""notes"":""Base range before games, scheme, competition, class, team, and injury modifiers.""}"
college_production,college_production_offensive_stat_ranges.csv,college_production_offensive_stat_ranges,runtime_tuning,95,RB,"{""position_group"":""RB"",""role_tier"":""spot_starter"",""stat_key"":""rush_yards"",""min_value"":""450"",""max_value"":""1000"",""per_games"":""12"",""notes"":""Base range before games, scheme, competition, class, team, and injury modifiers.""}"
college_production,college_production_offensive_stat_ranges.csv,college_production_offensive_stat_ranges,runtime_tuning,96,RB,"{""position_group"":""RB"",""role_tier"":""spot_starter"",""stat_key"":""rush_tds"",""min_value"":""4"",""max_value"":""12"",""per_games"":""12"",""notes"":""Base range before games, scheme, competition, class, team, and injury modifiers.""}"
college_production,college_production_offensive_stat_ranges.csv,college_production_offensive_stat_ranges,runtime_tuning,97,RB,"{""position_group"":""RB"",""role_tier"":""spot_starter"",""stat_key"":""receptions"",""min_value"":""8"",""max_value"":""35"",""per_games"":""12"",""notes"":""Base range before games, scheme, competition, class, team, and injury modifiers.""}"
college_production,college_production_offensive_stat_ranges.csv,college_production_offensive_stat_ranges,runtime_tuning,98,RB,"{""position_group"":""RB"",""role_tier"":""spot_starter"",""stat_key"":""receiving_yards"",""min_value"":""60"",""max_value"":""320"",""per_games"":""12"",""notes"":""Base range before games, scheme, competition, class, team, and injury modifiers.""}"
college_production,college_production_offensive_stat_ranges.csv,college_production_offensive_stat_ranges,runtime_tuning,99,RB,"{""position_group"":""RB"",""role_tier"":""spot_starter"",""stat_key"":""receiving_tds"",""min_value"":""0"",""max_value"":""4"",""per_games"":""12"",""notes"":""Base range before games, scheme, competition, class, team, and injury modifiers.""}"
college_production,college_production_offensive_stat_ranges.csv,college_production_offensive_stat_ranges,runtime_tuning,100,RB,"{""position_group"":""RB"",""role_tier"":""starter"",""stat_key"":""rush_attempts"",""min_value"":""135"",""max_value"":""240"",""per_games"":""12"",""notes"":""Base range before games, scheme, competition, class, team, and injury modifiers.""}"
college_production,college_production_offensive_stat_ranges.csv,college_production_offensive_stat_ranges,runtime_tuning,101,RB,"{""position_group"":""RB"",""role_tier"":""starter"",""stat_key"":""rush_yards"",""min_value"":""750"",""max_value"":""1450"",""per_games"":""12"",""notes"":""Base range before games, scheme, competition, class, team, and injury modifiers.""}"
college_production,college_production_offensive_stat_ranges.csv,college_production_offensive_stat_ranges,runtime_tuning,102,RB,"{""position_group"":""RB"",""role_tier"":""starter"",""stat_key"":""rush_tds"",""min_value"":""7"",""max_value"":""16"",""per_games"":""12"",""notes"":""Base range before games, scheme, competition, class, team, and injury modifiers.""}"
college_production,college_production_offensive_stat_ranges.csv,college_production_offensive_stat_ranges,runtime_tuning,103,RB,"{""position_group"":""RB"",""role_tier"":""starter"",""stat_key"":""receptions"",""min_value"":""10"",""max_value"":""40"",""per_games"":""12"",""notes"":""Base range before games, scheme, competition, class, team, and injury modifiers.""}"
college_production,college_production_offensive_stat_ranges.csv,college_production_offensive_stat_ranges,runtime_tuning,104,RB,"{""position_group"":""RB"",""role_tier"":""starter"",""stat_key"":""receiving_yards"",""min_value"":""80"",""max_value"":""420"",""per_games"":""12"",""notes"":""Base range before games, scheme, competition, class, team, and injury modifiers.""}"
college_production,college_production_offensive_stat_ranges.csv,college_production_offensive_stat_ranges,runtime_tuning,105,RB,"{""position_group"":""RB"",""role_tier"":""starter"",""stat_key"":""receiving_tds"",""min_value"":""0"",""max_value"":""5"",""per_games"":""12"",""notes"":""Base range before games, scheme, competition, class, team, and injury modifiers.""}"
college_production,college_production_offensive_stat_ranges.csv,college_production_offensive_stat_ranges,runtime_tuning,106,RB,"{""position_group"":""RB"",""role_tier"":""impact_starter"",""stat_key"":""rush_attempts"",""min_value"":""180"",""max_value"":""300"",""per_games"":""12"",""notes"":""Base range before games, scheme, competition, class, team, and injury modifiers.""}"
college_production,college_production_offensive_stat_ranges.csv,college_production_offensive_stat_ranges,runtime_tuning,107,RB,"{""position_group"":""RB"",""role_tier"":""impact_starter"",""stat_key"":""rush_yards"",""min_value"":""1100"",""max_value"":""1900"",""per_games"":""12"",""notes"":""Base range before games, scheme, competition, class, team, and injury modifiers.""}"
college_production,college_production_offensive_stat_ranges.csv,college_production_offensive_stat_ranges,runtime_tuning,108,RB,"{""position_group"":""RB"",""role_tier"":""impact_starter"",""stat_key"":""rush_tds"",""min_value"":""11"",""max_value"":""24"",""per_games"":""12"",""notes"":""Base range before games, scheme, competition, class, team, and injury modifiers.""}"
college_production,college_production_offensive_stat_ranges.csv,college_production_offensive_stat_ranges,runtime_tuning,109,RB,"{""position_group"":""RB"",""role_tier"":""impact_starter"",""stat_key"":""receptions"",""min_value"":""15"",""max_value"":""50"",""per_games"":""12"",""notes"":""Base range before games, scheme, competition, class, team, and injury modifiers.""}"
college_production,college_production_offensive_stat_ranges.csv,college_production_offensive_stat_ranges,runtime_tuning,110,RB,"{""position_group"":""RB"",""role_tier"":""impact_starter"",""stat_key"":""receiving_yards"",""min_value"":""120"",""max_value"":""550"",""per_games"":""12"",""notes"":""Base range before games, scheme, competition, class, team, and injury modifiers.""}"
college_production,college_production_offensive_stat_ranges.csv,college_production_offensive_stat_ranges,runtime_tuning,111,RB,"{""position_group"":""RB"",""role_tier"":""impact_starter"",""stat_key"":""receiving_tds"",""min_value"":""1"",""max_value"":""6"",""per_games"":""12"",""notes"":""Base range before games, scheme, competition, class, team, and injury modifiers.""}"
college_production,college_production_offensive_stat_ranges.csv,college_production_offensive_stat_ranges,runtime_tuning,112,RB,"{""position_group"":""RB"",""role_tier"":""all_conference"",""stat_key"":""rush_attempts"",""min_value"":""220"",""max_value"":""340"",""per_games"":""12"",""notes"":""Base range before games, scheme, competition, class, team, and injury modifiers.""}"
college_production,college_production_offensive_stat_ranges.csv,college_production_offensive_stat_ranges,runtime_tuning,113,RB,"{""position_group"":""RB"",""role_tier"":""all_conference"",""stat_key"":""rush_yards"",""min_value"":""1500"",""max_value"":""2300"",""per_games"":""12"",""notes"":""Base range before games, scheme, competition, class, team, and injury modifiers.""}"
college_production,college_production_offensive_stat_ranges.csv,college_production_offensive_stat_ranges,runtime_tuning,114,RB,"{""position_group"":""RB"",""role_tier"":""all_conference"",""stat_key"":""rush_tds"",""min_value"":""16"",""max_value"":""30"",""per_games"":""12"",""notes"":""Base range before games, scheme, competition, class, team, and injury modifiers.""}"
college_production,college_production_offensive_stat_ranges.csv,college_production_offensive_stat_ranges,runtime_tuning,115,RB,"{""position_group"":""RB"",""role_tier"":""all_conference"",""stat_key"":""receptions"",""min_value"":""18"",""max_value"":""55"",""per_games"":""12"",""notes"":""Base range before games, scheme, competition, class, team, and injury modifiers.""}"
college_production,college_production_offensive_stat_ranges.csv,college_production_offensive_stat_ranges,runtime_tuning,116,RB,"{""position_group"":""RB"",""role_tier"":""all_conference"",""stat_key"":""receiving_yards"",""min_value"":""150"",""max_value"":""650"",""per_games"":""12"",""notes"":""Base range before games, scheme, competition, class, team, and injury modifiers.""}"
college_production,college_production_offensive_stat_ranges.csv,college_production_offensive_stat_ranges,runtime_tuning,117,RB,"{""position_group"":""RB"",""role_tier"":""all_conference"",""stat_key"":""receiving_tds"",""min_value"":""1"",""max_value"":""7"",""per_games"":""12"",""notes"":""Base range before games, scheme, competition, class, team, and injury modifiers.""}"
college_production,college_production_offensive_stat_ranges.csv,college_production_offensive_stat_ranges,runtime_tuning,118,RB,"{""position_group"":""RB"",""role_tier"":""all_american"",""stat_key"":""rush_attempts"",""min_value"":""250"",""max_value"":""370"",""per_games"":""12"",""notes"":""Base range before games, scheme, competition, class, team, and injury modifiers.""}"
college_production,college_production_offensive_stat_ranges.csv,college_production_offensive_stat_ranges,runtime_tuning,119,RB,"{""position_group"":""RB"",""role_tier"":""all_american"",""stat_key"":""rush_yards"",""min_value"":""1900"",""max_value"":""2600"",""per_games"":""12"",""notes"":""Base range before games, scheme, competition, class, team, and injury modifiers.""}"
college_production,college_production_offensive_stat_ranges.csv,college_production_offensive_stat_ranges,runtime_tuning,120,RB,"{""position_group"":""RB"",""role_tier"":""all_american"",""stat_key"":""rush_tds"",""min_value"":""20"",""max_value"":""35"",""per_games"":""12"",""notes"":""Base range before games, scheme, competition, class, team, and injury modifiers.""}"
college_production,college_production_offensive_stat_ranges.csv,college_production_offensive_stat_ranges,runtime_tuning,121,RB,"{""position_group"":""RB"",""role_tier"":""all_american"",""stat_key"":""receptions"",""min_value"":""20"",""max_value"":""65"",""per_games"":""12"",""notes"":""Base range before games, scheme, competition, class, team, and injury modifiers.""}"
college_production,college_production_offensive_stat_ranges.csv,college_production_offensive_stat_ranges,runtime_tuning,122,RB,"{""position_group"":""RB"",""role_tier"":""all_american"",""stat_key"":""receiving_yards"",""min_value"":""180"",""max_value"":""750"",""per_games"":""12"",""notes"":""Base range before games, scheme, competition, class, team, and injury modifiers.""}"
college_production,college_production_offensive_stat_ranges.csv,college_production_offensive_stat_ranges,runtime_tuning,123,RB,"{""position_group"":""RB"",""role_tier"":""all_american"",""stat_key"":""receiving_tds"",""min_value"":""1"",""max_value"":""8"",""per_games"":""12"",""notes"":""Base range before games, scheme, competition, class, team, and injury modifiers.""}"
college_production,college_production_offensive_stat_ranges.csv,college_production_offensive_stat_ranges,runtime_tuning,124,WR,"{""position_group"":""WR"",""role_tier"":""redshirt"",""stat_key"":""receptions"",""min_value"":""0"",""max_value"":""4"",""per_games"":""12"",""notes"":""Base range before games, scheme, competition, class, team, and injury modifiers.""}"
college_production,college_production_offensive_stat_ranges.csv,college_production_offensive_stat_ranges,runtime_tuning,125,WR,"{""position_group"":""WR"",""role_tier"":""redshirt"",""stat_key"":""receiving_yards"",""min_value"":""0"",""max_value"":""40"",""per_games"":""12"",""notes"":""Base range before games, scheme, competition, class, team, and injury modifiers.""}"
college_production,college_production_offensive_stat_ranges.csv,college_production_offensive_stat_ranges,runtime_tuning,126,WR,"{""position_group"":""WR"",""role_tier"":""redshirt"",""stat_key"":""receiving_tds"",""min_value"":""0"",""max_value"":""0"",""per_games"":""12"",""notes"":""Base range before games, scheme, competition, class, team, and injury modifiers.""}"
college_production,college_production_offensive_stat_ranges.csv,college_production_offensive_stat_ranges,runtime_tuning,127,WR,"{""position_group"":""WR"",""role_tier"":""redshirt"",""stat_key"":""rush_attempts"",""min_value"":""0"",""max_value"":""12"",""per_games"":""12"",""notes"":""Base range before games, scheme, competition, class, team, and injury modifiers.""}"
college_production,college_production_offensive_stat_ranges.csv,college_production_offensive_stat_ranges,runtime_tuning,128,WR,"{""position_group"":""WR"",""role_tier"":""redshirt"",""stat_key"":""rush_yards"",""min_value"":""0"",""max_value"":""100"",""per_games"":""12"",""notes"":""Base range before games, scheme, competition, class, team, and injury modifiers.""}"
college_production,college_production_offensive_stat_ranges.csv,college_production_offensive_stat_ranges,runtime_tuning,129,WR,"{""position_group"":""WR"",""role_tier"":""redshirt"",""stat_key"":""rush_tds"",""min_value"":""0"",""max_value"":""2"",""per_games"":""12"",""notes"":""Base range before games, scheme, competition, class, team, and injury modifiers.""}"
college_production,college_production_offensive_stat_ranges.csv,college_production_offensive_stat_ranges,runtime_tuning,130,WR,"{""position_group"":""WR"",""role_tier"":""bench"",""stat_key"":""receptions"",""min_value"":""0"",""max_value"":""8"",""per_games"":""12"",""notes"":""Base range before games, scheme, competition, class, team, and injury modifiers.""}"
college_production,college_production_offensive_stat_ranges.csv,college_production_offensive_stat_ranges,runtime_tuning,131,WR,"{""position_group"":""WR"",""role_tier"":""bench"",""stat_key"":""receiving_yards"",""min_value"":""0"",""max_value"":""80"",""per_games"":""12"",""notes"":""Base range before games, scheme, competition, class, team, and injury modifiers.""}"
college_production,college_production_offensive_stat_ranges.csv,college_production_offensive_stat_ranges,runtime_tuning,132,WR,"{""position_group"":""WR"",""role_tier"":""bench"",""stat_key"":""receiving_tds"",""min_value"":""0"",""max_value"":""1"",""per_games"":""12"",""notes"":""Base range before games, scheme, competition, class, team, and injury modifiers.""}"
college_production,college_production_offensive_stat_ranges.csv,college_production_offensive_stat_ranges,runtime_tuning,133,WR,"{""position_group"":""WR"",""role_tier"":""bench"",""stat_key"":""rush_attempts"",""min_value"":""0"",""max_value"":""12"",""per_games"":""12"",""notes"":""Base range before games, scheme, competition, class, team, and injury modifiers.""}"
college_production,college_production_offensive_stat_ranges.csv,college_production_offensive_stat_ranges,runtime_tuning,134,WR,"{""position_group"":""WR"",""role_tier"":""bench"",""stat_key"":""rush_yards"",""min_value"":""0"",""max_value"":""100"",""per_games"":""12"",""notes"":""Base range before games, scheme, competition, class, team, and injury modifiers.""}"
college_production,college_production_offensive_stat_ranges.csv,college_production_offensive_stat_ranges,runtime_tuning,135,WR,"{""position_group"":""WR"",""role_tier"":""bench"",""stat_key"":""rush_tds"",""min_value"":""0"",""max_value"":""2"",""per_games"":""12"",""notes"":""Base range before games, scheme, competition, class, team, and injury modifiers.""}"
college_production,college_production_offensive_stat_ranges.csv,college_production_offensive_stat_ranges,runtime_tuning,136,WR,"{""position_group"":""WR"",""role_tier"":""special_teams"",""stat_key"":""receptions"",""min_value"":""0"",""max_value"":""8"",""per_games"":""12"",""notes"":""Base range before games, scheme, competition, class, team, and injury modifiers.""}"
college_production,college_production_offensive_stat_ranges.csv,college_production_offensive_stat_ranges,runtime_tuning,137,WR,"{""position_group"":""WR"",""role_tier"":""special_teams"",""stat_key"":""receiving_yards"",""min_value"":""0"",""max_value"":""90"",""per_games"":""12"",""notes"":""Base range before games, scheme, competition, class, team, and injury modifiers.""}"
college_production,college_production_offensive_stat_ranges.csv,college_production_offensive_stat_ranges,runtime_tuning,138,WR,"{""position_group"":""WR"",""role_tier"":""special_teams"",""stat_key"":""receiving_tds"",""min_value"":""0"",""max_value"":""1"",""per_games"":""12"",""notes"":""Base range before games, scheme, competition, class, team, and injury modifiers.""}"
college_production,college_production_offensive_stat_ranges.csv,college_production_offensive_stat_ranges,runtime_tuning,139,WR,"{""position_group"":""WR"",""role_tier"":""special_teams"",""stat_key"":""rush_attempts"",""min_value"":""0"",""max_value"":""12"",""per_games"":""12"",""notes"":""Base range before games, scheme, competition, class, team, and injury modifiers.""}"
college_production,college_production_offensive_stat_ranges.csv,college_production_offensive_stat_ranges,runtime_tuning,140,WR,"{""position_group"":""WR"",""role_tier"":""special_teams"",""stat_key"":""rush_yards"",""min_value"":""0"",""max_value"":""100"",""per_games"":""12"",""notes"":""Base range before games, scheme, competition, class, team, and injury modifiers.""}"
college_production,college_production_offensive_stat_ranges.csv,college_production_offensive_stat_ranges,runtime_tuning,141,WR,"{""position_group"":""WR"",""role_tier"":""special_teams"",""stat_key"":""rush_tds"",""min_value"":""0"",""max_value"":""2"",""per_games"":""12"",""notes"":""Base range before games, scheme, competition, class, team, and injury modifiers.""}"
college_production,college_production_offensive_stat_ranges.csv,college_production_offensive_stat_ranges,runtime_tuning,142,WR,"{""position_group"":""WR"",""role_tier"":""depth"",""stat_key"":""receptions"",""min_value"":""3"",""max_value"":""16"",""per_games"":""12"",""notes"":""Base range before games, scheme, competition, class, team, and injury modifiers.""}"
college_production,college_production_offensive_stat_ranges.csv,college_production_offensive_stat_ranges,runtime_tuning,143,WR,"{""position_group"":""WR"",""role_tier"":""depth"",""stat_key"":""receiving_yards"",""min_value"":""25"",""max_value"":""180"",""per_games"":""12"",""notes"":""Base range before games, scheme, competition, class, team, and injury modifiers.""}"
college_production,college_production_offensive_stat_ranges.csv,college_production_offensive_stat_ranges,runtime_tuning,144,WR,"{""position_group"":""WR"",""role_tier"":""depth"",""stat_key"":""receiving_tds"",""min_value"":""0"",""max_value"":""2"",""per_games"":""12"",""notes"":""Base range before games, scheme, competition, class, team, and injury modifiers.""}"
college_production,college_production_offensive_stat_ranges.csv,college_production_offensive_stat_ranges,runtime_tuning,145,WR,"{""position_group"":""WR"",""role_tier"":""depth"",""stat_key"":""rush_attempts"",""min_value"":""0"",""max_value"":""12"",""per_games"":""12"",""notes"":""Base range before games, scheme, competition, class, team, and injury modifiers.""}"
college_production,college_production_offensive_stat_ranges.csv,college_production_offensive_stat_ranges,runtime_tuning,146,WR,"{""position_group"":""WR"",""role_tier"":""depth"",""stat_key"":""rush_yards"",""min_value"":""0"",""max_value"":""100"",""per_games"":""12"",""notes"":""Base range before games, scheme, competition, class, team, and injury modifiers.""}"
college_production,college_production_offensive_stat_ranges.csv,college_production_offensive_stat_ranges,runtime_tuning,147,WR,"{""position_group"":""WR"",""role_tier"":""depth"",""stat_key"":""rush_tds"",""min_value"":""0"",""max_value"":""2"",""per_games"":""12"",""notes"":""Base range before games, scheme, competition, class, team, and injury modifiers.""}"
college_production,college_production_offensive_stat_ranges.csv,college_production_offensive_stat_ranges,runtime_tuning,148,WR,"{""position_group"":""WR"",""role_tier"":""rotation"",""stat_key"":""receptions"",""min_value"":""12"",""max_value"":""35"",""per_games"":""12"",""notes"":""Base range before games, scheme, competition, class, team, and injury modifiers.""}"
college_production,college_production_offensive_stat_ranges.csv,college_production_offensive_stat_ranges,runtime_tuning,149,WR,"{""position_group"":""WR"",""role_tier"":""rotation"",""stat_key"":""receiving_yards"",""min_value"":""120"",""max_value"":""450"",""per_games"":""12"",""notes"":""Base range before games, scheme, competition, class, team, and injury modifiers.""}"
college_production,college_production_offensive_stat_ranges.csv,college_production_offensive_stat_ranges,runtime_tuning,150,WR,"{""position_group"":""WR"",""role_tier"":""rotation"",""stat_key"":""receiving_tds"",""min_value"":""1"",""max_value"":""4"",""per_games"":""12"",""notes"":""Base range before games, scheme, competition, class, team, and injury modifiers.""}"
college_production,college_production_offensive_stat_ranges.csv,college_production_offensive_stat_ranges,runtime_tuning,151,WR,"{""position_group"":""WR"",""role_tier"":""rotation"",""stat_key"":""rush_attempts"",""min_value"":""0"",""max_value"":""12"",""per_games"":""12"",""notes"":""Base range before games, scheme, competition, class, team, and injury modifiers.""}"
college_production,college_production_offensive_stat_ranges.csv,college_production_offensive_stat_ranges,runtime_tuning,152,WR,"{""position_group"":""WR"",""role_tier"":""rotation"",""stat_key"":""rush_yards"",""min_value"":""0"",""max_value"":""100"",""per_games"":""12"",""notes"":""Base range before games, scheme, competition, class, team, and injury modifiers.""}"
college_production,college_production_offensive_stat_ranges.csv,college_production_offensive_stat_ranges,runtime_tuning,153,WR,"{""position_group"":""WR"",""role_tier"":""rotation"",""stat_key"":""rush_tds"",""min_value"":""0"",""max_value"":""2"",""per_games"":""12"",""notes"":""Base range before games, scheme, competition, class, team, and injury modifiers.""}"
college_production,college_production_offensive_stat_ranges.csv,college_production_offensive_stat_ranges,runtime_tuning,154,WR,"{""position_group"":""WR"",""role_tier"":""spot_starter"",""stat_key"":""receptions"",""min_value"":""20"",""max_value"":""50"",""per_games"":""12"",""notes"":""Base range before games, scheme, competition, class, team, and injury modifiers.""}"
college_production,college_production_offensive_stat_ranges.csv,college_production_offensive_stat_ranges,runtime_tuning,155,WR,"{""position_group"":""WR"",""role_tier"":""spot_starter"",""stat_key"":""receiving_yards"",""min_value"":""250"",""max_value"":""700"",""per_games"":""12"",""notes"":""Base range before games, scheme, competition, class, team, and injury modifiers.""}"
college_production,college_production_offensive_stat_ranges.csv,college_production_offensive_stat_ranges,runtime_tuning,156,WR,"{""position_group"":""WR"",""role_tier"":""spot_starter"",""stat_key"":""receiving_tds"",""min_value"":""2"",""max_value"":""7"",""per_games"":""12"",""notes"":""Base range before games, scheme, competition, class, team, and injury modifiers.""}"
college_production,college_production_offensive_stat_ranges.csv,college_production_offensive_stat_ranges,runtime_tuning,157,WR,"{""position_group"":""WR"",""role_tier"":""spot_starter"",""stat_key"":""rush_attempts"",""min_value"":""0"",""max_value"":""12"",""per_games"":""12"",""notes"":""Base range before games, scheme, competition, class, team, and injury modifiers.""}"
college_production,college_production_offensive_stat_ranges.csv,college_production_offensive_stat_ranges,runtime_tuning,158,WR,"{""position_group"":""WR"",""role_tier"":""spot_starter"",""stat_key"":""rush_yards"",""min_value"":""0"",""max_value"":""100"",""per_games"":""12"",""notes"":""Base range before games, scheme, competition, class, team, and injury modifiers.""}"
college_production,college_production_offensive_stat_ranges.csv,college_production_offensive_stat_ranges,runtime_tuning,159,WR,"{""position_group"":""WR"",""role_tier"":""spot_starter"",""stat_key"":""rush_tds"",""min_value"":""0"",""max_value"":""2"",""per_games"":""12"",""notes"":""Base range before games, scheme, competition, class, team, and injury modifiers.""}"
college_production,college_production_offensive_stat_ranges.csv,college_production_offensive_stat_ranges,runtime_tuning,160,WR,"{""position_group"":""WR"",""role_tier"":""starter"",""stat_key"":""receptions"",""min_value"":""35"",""max_value"":""75"",""per_games"":""12"",""notes"":""Base range before games, scheme, competition, class, team, and injury modifiers.""}"
college_production,college_production_offensive_stat_ranges.csv,college_production_offensive_stat_ranges,runtime_tuning,161,WR,"{""position_group"":""WR"",""role_tier"":""starter"",""stat_key"":""receiving_yards"",""min_value"":""500"",""max_value"":""1000"",""per_games"":""12"",""notes"":""Base range before games, scheme, competition, class, team, and injury modifiers.""}"
college_production,college_production_offensive_stat_ranges.csv,college_production_offensive_stat_ranges,runtime_tuning,162,WR,"{""position_group"":""WR"",""role_tier"":""starter"",""stat_key"":""receiving_tds"",""min_value"":""4"",""max_value"":""10"",""per_games"":""12"",""notes"":""Base range before games, scheme, competition, class, team, and injury modifiers.""}"
college_production,college_production_offensive_stat_ranges.csv,college_production_offensive_stat_ranges,runtime_tuning,163,WR,"{""position_group"":""WR"",""role_tier"":""starter"",""stat_key"":""rush_attempts"",""min_value"":""0"",""max_value"":""12"",""per_games"":""12"",""notes"":""Base range before games, scheme, competition, class, team, and injury modifiers.""}"
college_production,college_production_offensive_stat_ranges.csv,college_production_offensive_stat_ranges,runtime_tuning,164,WR,"{""position_group"":""WR"",""role_tier"":""starter"",""stat_key"":""rush_yards"",""min_value"":""0"",""max_value"":""100"",""per_games"":""12"",""notes"":""Base range before games, scheme, competition, class, team, and injury modifiers.""}"
college_production,college_production_offensive_stat_ranges.csv,college_production_offensive_stat_ranges,runtime_tuning,165,WR,"{""position_group"":""WR"",""role_tier"":""starter"",""stat_key"":""rush_tds"",""min_value"":""0"",""max_value"":""2"",""per_games"":""12"",""notes"":""Base range before games, scheme, competition, class, team, and injury modifiers.""}"
college_production,college_production_offensive_stat_ranges.csv,college_production_offensive_stat_ranges,runtime_tuning,166,WR,"{""position_group"":""WR"",""role_tier"":""impact_starter"",""stat_key"":""receptions"",""min_value"":""55"",""max_value"":""100"",""per_games"":""12"",""notes"":""Base range before games, scheme, competition, class, team, and injury modifiers.""}"
college_production,college_production_offensive_stat_ranges.csv,college_production_offensive_stat_ranges,runtime_tuning,167,WR,"{""position_group"":""WR"",""role_tier"":""impact_starter"",""stat_key"":""receiving_yards"",""min_value"":""850"",""max_value"":""1400"",""per_games"":""12"",""notes"":""Base range before games, scheme, competition, class, team, and injury modifiers.""}"
college_production,college_production_offensive_stat_ranges.csv,college_production_offensive_stat_ranges,runtime_tuning,168,WR,"{""position_group"":""WR"",""role_tier"":""impact_starter"",""stat_key"":""receiving_tds"",""min_value"":""7"",""max_value"":""14"",""per_games"":""12"",""notes"":""Base range before games, scheme, competition, class, team, and injury modifiers.""}"
college_production,college_production_offensive_stat_ranges.csv,college_production_offensive_stat_ranges,runtime_tuning,169,WR,"{""position_group"":""WR"",""role_tier"":""impact_starter"",""stat_key"":""rush_attempts"",""min_value"":""0"",""max_value"":""12"",""per_games"":""12"",""notes"":""Base range before games, scheme, competition, class, team, and injury modifiers.""}"
college_production,college_production_offensive_stat_ranges.csv,college_production_offensive_stat_ranges,runtime_tuning,170,WR,"{""position_group"":""WR"",""role_tier"":""impact_starter"",""stat_key"":""rush_yards"",""min_value"":""0"",""max_value"":""100"",""per_games"":""12"",""notes"":""Base range before games, scheme, competition, class, team, and injury modifiers.""}"
college_production,college_production_offensive_stat_ranges.csv,college_production_offensive_stat_ranges,runtime_tuning,171,WR,"{""position_group"":""WR"",""role_tier"":""impact_starter"",""stat_key"":""rush_tds"",""min_value"":""0"",""max_value"":""2"",""per_games"":""12"",""notes"":""Base range before games, scheme, competition, class, team, and injury modifiers.""}"
college_production,college_production_offensive_stat_ranges.csv,college_production_offensive_stat_ranges,runtime_tuning,172,WR,"{""position_group"":""WR"",""role_tier"":""all_conference"",""stat_key"":""receptions"",""min_value"":""70"",""max_value"":""115"",""per_games"":""12"",""notes"":""Base range before games, scheme, competition, class, team, and injury modifiers.""}"
college_production,college_production_offensive_stat_ranges.csv,college_production_offensive_stat_ranges,runtime_tuning,173,WR,"{""position_group"":""WR"",""role_tier"":""all_conference"",""stat_key"":""receiving_yards"",""min_value"":""1100"",""max_value"":""1650"",""per_games"":""12"",""notes"":""Base range before games, scheme, competition, class, team, and injury modifiers.""}"
college_production,college_production_offensive_stat_ranges.csv,college_production_offensive_stat_ranges,runtime_tuning,174,WR,"{""position_group"":""WR"",""role_tier"":""all_conference"",""stat_key"":""receiving_tds"",""min_value"":""9"",""max_value"":""18"",""per_games"":""12"",""notes"":""Base range before games, scheme, competition, class, team, and injury modifiers.""}"
college_production,college_production_offensive_stat_ranges.csv,college_production_offensive_stat_ranges,runtime_tuning,175,WR,"{""position_group"":""WR"",""role_tier"":""all_conference"",""stat_key"":""rush_attempts"",""min_value"":""0"",""max_value"":""12"",""per_games"":""12"",""notes"":""Base range before games, scheme, competition, class, team, and injury modifiers.""}"
college_production,college_production_offensive_stat_ranges.csv,college_production_offensive_stat_ranges,runtime_tuning,176,WR,"{""position_group"":""WR"",""role_tier"":""all_conference"",""stat_key"":""rush_yards"",""min_value"":""0"",""max_value"":""100"",""per_games"":""12"",""notes"":""Base range before games, scheme, competition, class, team, and injury modifiers.""}"
college_production,college_production_offensive_stat_ranges.csv,college_production_offensive_stat_ranges,runtime_tuning,177,WR,"{""position_group"":""WR"",""role_tier"":""all_conference"",""stat_key"":""rush_tds"",""min_value"":""0"",""max_value"":""2"",""per_games"":""12"",""notes"":""Base range before games, scheme, competition, class, team, and injury modifiers.""}"
college_production,college_production_offensive_stat_ranges.csv,college_production_offensive_stat_ranges,runtime_tuning,178,WR,"{""position_group"":""WR"",""role_tier"":""all_american"",""stat_key"":""receptions"",""min_value"":""85"",""max_value"":""128"",""per_games"":""12"",""notes"":""Base range before games, scheme, competition, class, team, and injury modifiers.""}"
college_production,college_production_offensive_stat_ranges.csv,college_production_offensive_stat_ranges,runtime_tuning,179,WR,"{""position_group"":""WR"",""role_tier"":""all_american"",""stat_key"":""receiving_yards"",""min_value"":""1300"",""max_value"":""1800"",""per_games"":""12"",""notes"":""Base range before games, scheme, competition, class, team, and injury modifiers.""}"
college_production,college_production_offensive_stat_ranges.csv,college_production_offensive_stat_ranges,runtime_tuning,180,WR,"{""position_group"":""WR"",""role_tier"":""all_american"",""stat_key"":""receiving_tds"",""min_value"":""11"",""max_value"":""22"",""per_games"":""12"",""notes"":""Base range before games, scheme, competition, class, team, and injury modifiers.""}"
college_production,college_production_offensive_stat_ranges.csv,college_production_offensive_stat_ranges,runtime_tuning,181,WR,"{""position_group"":""WR"",""role_tier"":""all_american"",""stat_key"":""rush_attempts"",""min_value"":""0"",""max_value"":""12"",""per_games"":""12"",""notes"":""Base range before games, scheme, competition, class, team, and injury modifiers.""}"
college_production,college_production_offensive_stat_ranges.csv,college_production_offensive_stat_ranges,runtime_tuning,182,WR,"{""position_group"":""WR"",""role_tier"":""all_american"",""stat_key"":""rush_yards"",""min_value"":""0"",""max_value"":""100"",""per_games"":""12"",""notes"":""Base range before games, scheme, competition, class, team, and injury modifiers.""}"
college_production,college_production_offensive_stat_ranges.csv,college_production_offensive_stat_ranges,runtime_tuning,183,WR,"{""position_group"":""WR"",""role_tier"":""all_american"",""stat_key"":""rush_tds"",""min_value"":""0"",""max_value"":""2"",""per_games"":""12"",""notes"":""Base range before games, scheme, competition, class, team, and injury modifiers.""}"
college_production,college_production_offensive_stat_ranges.csv,college_production_offensive_stat_ranges,runtime_tuning,184,TE,"{""position_group"":""TE"",""role_tier"":""redshirt"",""stat_key"":""receptions"",""min_value"":""0"",""max_value"":""3"",""per_games"":""12"",""notes"":""Base range before games, scheme, competition, class, team, and injury modifiers.""}"
college_production,college_production_offensive_stat_ranges.csv,college_production_offensive_stat_ranges,runtime_tuning,185,TE,"{""position_group"":""TE"",""role_tier"":""redshirt"",""stat_key"":""receiving_yards"",""min_value"":""0"",""max_value"":""29"",""per_games"":""12"",""notes"":""Base range before games, scheme, competition, class, team, and injury modifiers.""}"
college_production,college_production_offensive_stat_ranges.csv,college_production_offensive_stat_ranges,runtime_tuning,186,TE,"{""position_group"":""TE"",""role_tier"":""redshirt"",""stat_key"":""receiving_tds"",""min_value"":""0"",""max_value"":""0"",""per_games"":""12"",""notes"":""Base range before games, scheme, competition, class, team, and injury modifiers.""}"
college_production,college_production_offensive_stat_ranges.csv,college_production_offensive_stat_ranges,runtime_tuning,187,TE,"{""position_group"":""TE"",""role_tier"":""redshirt"",""stat_key"":""rush_attempts"",""min_value"":""0"",""max_value"":""3"",""per_games"":""12"",""notes"":""Base range before games, scheme, competition, class, team, and injury modifiers.""}"
college_production,college_production_offensive_stat_ranges.csv,college_production_offensive_stat_ranges,runtime_tuning,188,TE,"{""position_group"":""TE"",""role_tier"":""redshirt"",""stat_key"":""rush_yards"",""min_value"":""0"",""max_value"":""25"",""per_games"":""12"",""notes"":""Base range before games, scheme, competition, class, team, and injury modifiers.""}"
college_production,college_production_offensive_stat_ranges.csv,college_production_offensive_stat_ranges,runtime_tuning,189,TE,"{""position_group"":""TE"",""role_tier"":""redshirt"",""stat_key"":""rush_tds"",""min_value"":""0"",""max_value"":""1"",""per_games"":""12"",""notes"":""Base range before games, scheme, competition, class, team, and injury modifiers.""}"
college_production,college_production_offensive_stat_ranges.csv,college_production_offensive_stat_ranges,runtime_tuning,190,TE,"{""position_group"":""TE"",""role_tier"":""bench"",""stat_key"":""receptions"",""min_value"":""0"",""max_value"":""6"",""per_games"":""12"",""notes"":""Base range before games, scheme, competition, class, team, and injury modifiers.""}"
college_production,college_production_offensive_stat_ranges.csv,college_production_offensive_stat_ranges,runtime_tuning,191,TE,"{""position_group"":""TE"",""role_tier"":""bench"",""stat_key"":""receiving_yards"",""min_value"":""0"",""max_value"":""58"",""per_games"":""12"",""notes"":""Base range before games, scheme, competition, class, team, and injury modifiers.""}"
college_production,college_production_offensive_stat_ranges.csv,college_production_offensive_stat_ranges,runtime_tuning,192,TE,"{""position_group"":""TE"",""role_tier"":""bench"",""stat_key"":""receiving_tds"",""min_value"":""0"",""max_value"":""1"",""per_games"":""12"",""notes"":""Base range before games, scheme, competition, class, team, and injury modifiers.""}"
college_production,college_production_offensive_stat_ranges.csv,college_production_offensive_stat_ranges,runtime_tuning,193,TE,"{""position_group"":""TE"",""role_tier"":""bench"",""stat_key"":""rush_attempts"",""min_value"":""0"",""max_value"":""3"",""per_games"":""12"",""notes"":""Base range before games, scheme, competition, class, team, and injury modifiers.""}"
college_production,college_production_offensive_stat_ranges.csv,college_production_offensive_stat_ranges,runtime_tuning,194,TE,"{""position_group"":""TE"",""role_tier"":""bench"",""stat_key"":""rush_yards"",""min_value"":""0"",""max_value"":""25"",""per_games"":""12"",""notes"":""Base range before games, scheme, competition, class, team, and injury modifiers.""}"
college_production,college_production_offensive_stat_ranges.csv,college_production_offensive_stat_ranges,runtime_tuning,195,TE,"{""position_group"":""TE"",""role_tier"":""bench"",""stat_key"":""rush_tds"",""min_value"":""0"",""max_value"":""1"",""per_games"":""12"",""notes"":""Base range before games, scheme, competition, class, team, and injury modifiers.""}"
college_production,college_production_offensive_stat_ranges.csv,college_production_offensive_stat_ranges,runtime_tuning,196,TE,"{""position_group"":""TE"",""role_tier"":""special_teams"",""stat_key"":""receptions"",""min_value"":""0"",""max_value"":""6"",""per_games"":""12"",""notes"":""Base range before games, scheme, competition, class, team, and injury modifiers.""}"
college_production,college_production_offensive_stat_ranges.csv,college_production_offensive_stat_ranges,runtime_tuning,197,TE,"{""position_group"":""TE"",""role_tier"":""special_teams"",""stat_key"":""receiving_yards"",""min_value"":""0"",""max_value"":""65"",""per_games"":""12"",""notes"":""Base range before games, scheme, competition, class, team, and injury modifiers.""}"
college_production,college_production_offensive_stat_ranges.csv,college_production_offensive_stat_ranges,runtime_tuning,198,TE,"{""position_group"":""TE"",""role_tier"":""special_teams"",""stat_key"":""receiving_tds"",""min_value"":""0"",""max_value"":""1"",""per_games"":""12"",""notes"":""Base range before games, scheme, competition, class, team, and injury modifiers.""}"
college_production,college_production_offensive_stat_ranges.csv,college_production_offensive_stat_ranges,runtime_tuning,199,TE,"{""position_group"":""TE"",""role_tier"":""special_teams"",""stat_key"":""rush_attempts"",""min_value"":""0"",""max_value"":""3"",""per_games"":""12"",""notes"":""Base range before games, scheme, competition, class, team, and injury modifiers.""}"
college_production,college_production_offensive_stat_ranges.csv,college_production_offensive_stat_ranges,runtime_tuning,200,TE,"{""position_group"":""TE"",""role_tier"":""special_teams"",""stat_key"":""rush_yards"",""min_value"":""0"",""max_value"":""25"",""per_games"":""12"",""notes"":""Base range before games, scheme, competition, class, team, and injury modifiers.""}"
college_production,college_production_offensive_stat_ranges.csv,college_production_offensive_stat_ranges,runtime_tuning,201,TE,"{""position_group"":""TE"",""role_tier"":""special_teams"",""stat_key"":""rush_tds"",""min_value"":""0"",""max_value"":""1"",""per_games"":""12"",""notes"":""Base range before games, scheme, competition, class, team, and injury modifiers.""}"
college_production,college_production_offensive_stat_ranges.csv,college_production_offensive_stat_ranges,runtime_tuning,202,TE,"{""position_group"":""TE"",""role_tier"":""depth"",""stat_key"":""receptions"",""min_value"":""2"",""max_value"":""12"",""per_games"":""12"",""notes"":""Base range before games, scheme, competition, class, team, and injury modifiers.""}"
college_production,college_production_offensive_stat_ranges.csv,college_production_offensive_stat_ranges,runtime_tuning,203,TE,"{""position_group"":""TE"",""role_tier"":""depth"",""stat_key"":""receiving_yards"",""min_value"":""18"",""max_value"":""130"",""per_games"":""12"",""notes"":""Base range before games, scheme, competition, class, team, and injury modifiers.""}"
college_production,college_production_offensive_stat_ranges.csv,college_production_offensive_stat_ranges,runtime_tuning,204,TE,"{""position_group"":""TE"",""role_tier"":""depth"",""stat_key"":""receiving_tds"",""min_value"":""0"",""max_value"":""1"",""per_games"":""12"",""notes"":""Base range before games, scheme, competition, class, team, and injury modifiers.""}"
college_production,college_production_offensive_stat_ranges.csv,college_production_offensive_stat_ranges,runtime_tuning,205,TE,"{""position_group"":""TE"",""role_tier"":""depth"",""stat_key"":""rush_attempts"",""min_value"":""0"",""max_value"":""3"",""per_games"":""12"",""notes"":""Base range before games, scheme, competition, class, team, and injury modifiers.""}"
college_production,college_production_offensive_stat_ranges.csv,college_production_offensive_stat_ranges,runtime_tuning,206,TE,"{""position_group"":""TE"",""role_tier"":""depth"",""stat_key"":""rush_yards"",""min_value"":""0"",""max_value"":""25"",""per_games"":""12"",""notes"":""Base range before games, scheme, competition, class, team, and injury modifiers.""}"
college_production,college_production_offensive_stat_ranges.csv,college_production_offensive_stat_ranges,runtime_tuning,207,TE,"{""position_group"":""TE"",""role_tier"":""depth"",""stat_key"":""rush_tds"",""min_value"":""0"",""max_value"":""1"",""per_games"":""12"",""notes"":""Base range before games, scheme, competition, class, team, and injury modifiers.""}"
college_production,college_production_offensive_stat_ranges.csv,college_production_offensive_stat_ranges,runtime_tuning,208,TE,"{""position_group"":""TE"",""role_tier"":""rotation"",""stat_key"":""receptions"",""min_value"":""9"",""max_value"":""25"",""per_games"":""12"",""notes"":""Base range before games, scheme, competition, class, team, and injury modifiers.""}"
college_production,college_production_offensive_stat_ranges.csv,college_production_offensive_stat_ranges,runtime_tuning,209,TE,"{""position_group"":""TE"",""role_tier"":""rotation"",""stat_key"":""receiving_yards"",""min_value"":""86"",""max_value"":""324"",""per_games"":""12"",""notes"":""Base range before games, scheme, competition, class, team, and injury modifiers.""}"
college_production,college_production_offensive_stat_ranges.csv,college_production_offensive_stat_ranges,runtime_tuning,210,TE,"{""position_group"":""TE"",""role_tier"":""rotation"",""stat_key"":""receiving_tds"",""min_value"":""1"",""max_value"":""3"",""per_games"":""12"",""notes"":""Base range before games, scheme, competition, class, team, and injury modifiers.""}"
college_production,college_production_offensive_stat_ranges.csv,college_production_offensive_stat_ranges,runtime_tuning,211,TE,"{""position_group"":""TE"",""role_tier"":""rotation"",""stat_key"":""rush_attempts"",""min_value"":""0"",""max_value"":""3"",""per_games"":""12"",""notes"":""Base range before games, scheme, competition, class, team, and injury modifiers.""}"
college_production,college_production_offensive_stat_ranges.csv,college_production_offensive_stat_ranges,runtime_tuning,212,TE,"{""position_group"":""TE"",""role_tier"":""rotation"",""stat_key"":""rush_yards"",""min_value"":""0"",""max_value"":""25"",""per_games"":""12"",""notes"":""Base range before games, scheme, competition, class, team, and injury modifiers.""}"
college_production,college_production_offensive_stat_ranges.csv,college_production_offensive_stat_ranges,runtime_tuning,213,TE,"{""position_group"":""TE"",""role_tier"":""rotation"",""stat_key"":""rush_tds"",""min_value"":""0"",""max_value"":""1"",""per_games"":""12"",""notes"":""Base range before games, scheme, competition, class, team, and injury modifiers.""}"
college_production,college_production_offensive_stat_ranges.csv,college_production_offensive_stat_ranges,runtime_tuning,214,TE,"{""position_group"":""TE"",""role_tier"":""spot_starter"",""stat_key"":""receptions"",""min_value"":""14"",""max_value"":""36"",""per_games"":""12"",""notes"":""Base range before games, scheme, competition, class, team, and injury modifiers.""}"
college_production,college_production_offensive_stat_ranges.csv,college_production_offensive_stat_ranges,runtime_tuning,215,TE,"{""position_group"":""TE"",""role_tier"":""spot_starter"",""stat_key"":""receiving_yards"",""min_value"":""180"",""max_value"":""504"",""per_games"":""12"",""notes"":""Base range before games, scheme, competition, class, team, and injury modifiers.""}"
college_production,college_production_offensive_stat_ranges.csv,college_production_offensive_stat_ranges,runtime_tuning,216,TE,"{""position_group"":""TE"",""role_tier"":""spot_starter"",""stat_key"":""receiving_tds"",""min_value"":""1"",""max_value"":""5"",""per_games"":""12"",""notes"":""Base range before games, scheme, competition, class, team, and injury modifiers.""}"
college_production,college_production_offensive_stat_ranges.csv,college_production_offensive_stat_ranges,runtime_tuning,217,TE,"{""position_group"":""TE"",""role_tier"":""spot_starter"",""stat_key"":""rush_attempts"",""min_value"":""0"",""max_value"":""3"",""per_games"":""12"",""notes"":""Base range before games, scheme, competition, class, team, and injury modifiers.""}"
college_production,college_production_offensive_stat_ranges.csv,college_production_offensive_stat_ranges,runtime_tuning,218,TE,"{""position_group"":""TE"",""role_tier"":""spot_starter"",""stat_key"":""rush_yards"",""min_value"":""0"",""max_value"":""25"",""per_games"":""12"",""notes"":""Base range before games, scheme, competition, class, team, and injury modifiers.""}"
college_production,college_production_offensive_stat_ranges.csv,college_production_offensive_stat_ranges,runtime_tuning,219,TE,"{""position_group"":""TE"",""role_tier"":""spot_starter"",""stat_key"":""rush_tds"",""min_value"":""0"",""max_value"":""1"",""per_games"":""12"",""notes"":""Base range before games, scheme, competition, class, team, and injury modifiers.""}"
college_production,college_production_offensive_stat_ranges.csv,college_production_offensive_stat_ranges,runtime_tuning,220,TE,"{""position_group"":""TE"",""role_tier"":""starter"",""stat_key"":""receptions"",""min_value"":""25"",""max_value"":""54"",""per_games"":""12"",""notes"":""Base range before games, scheme, competition, class, team, and injury modifiers.""}"
college_production,college_production_offensive_stat_ranges.csv,college_production_offensive_stat_ranges,runtime_tuning,221,TE,"{""position_group"":""TE"",""role_tier"":""starter"",""stat_key"":""receiving_yards"",""min_value"":""360"",""max_value"":""720"",""per_games"":""12"",""notes"":""Base range before games, scheme, competition, class, team, and injury modifiers.""}"
college_production,college_production_offensive_stat_ranges.csv,college_production_offensive_stat_ranges,runtime_tuning,222,TE,"{""position_group"":""TE"",""role_tier"":""starter"",""stat_key"":""receiving_tds"",""min_value"":""3"",""max_value"":""7"",""per_games"":""12"",""notes"":""Base range before games, scheme, competition, class, team, and injury modifiers.""}"
college_production,college_production_offensive_stat_ranges.csv,college_production_offensive_stat_ranges,runtime_tuning,223,TE,"{""position_group"":""TE"",""role_tier"":""starter"",""stat_key"":""rush_attempts"",""min_value"":""0"",""max_value"":""3"",""per_games"":""12"",""notes"":""Base range before games, scheme, competition, class, team, and injury modifiers.""}"
college_production,college_production_offensive_stat_ranges.csv,college_production_offensive_stat_ranges,runtime_tuning,224,TE,"{""position_group"":""TE"",""role_tier"":""starter"",""stat_key"":""rush_yards"",""min_value"":""0"",""max_value"":""25"",""per_games"":""12"",""notes"":""Base range before games, scheme, competition, class, team, and injury modifiers.""}"
college_production,college_production_offensive_stat_ranges.csv,college_production_offensive_stat_ranges,runtime_tuning,225,TE,"{""position_group"":""TE"",""role_tier"":""starter"",""stat_key"":""rush_tds"",""min_value"":""0"",""max_value"":""1"",""per_games"":""12"",""notes"":""Base range before games, scheme, competition, class, team, and injury modifiers.""}"
college_production,college_production_offensive_stat_ranges.csv,college_production_offensive_stat_ranges,runtime_tuning,226,TE,"{""position_group"":""TE"",""role_tier"":""impact_starter"",""stat_key"":""receptions"",""min_value"":""40"",""max_value"":""72"",""per_games"":""12"",""notes"":""Base range before games, scheme, competition, class, team, and injury modifiers.""}"
college_production,college_production_offensive_stat_ranges.csv,college_production_offensive_stat_ranges,runtime_tuning,227,TE,"{""position_group"":""TE"",""role_tier"":""impact_starter"",""stat_key"":""receiving_yards"",""min_value"":""612"",""max_value"":""1008"",""per_games"":""12"",""notes"":""Base range before games, scheme, competition, class, team, and injury modifiers.""}"
college_production,college_production_offensive_stat_ranges.csv,college_production_offensive_stat_ranges,runtime_tuning,228,TE,"{""position_group"":""TE"",""role_tier"":""impact_starter"",""stat_key"":""receiving_tds"",""min_value"":""5"",""max_value"":""10"",""per_games"":""12"",""notes"":""Base range before games, scheme, competition, class, team, and injury modifiers.""}"
college_production,college_production_offensive_stat_ranges.csv,college_production_offensive_stat_ranges,runtime_tuning,229,TE,"{""position_group"":""TE"",""role_tier"":""impact_starter"",""stat_key"":""rush_attempts"",""min_value"":""0"",""max_value"":""3"",""per_games"":""12"",""notes"":""Base range before games, scheme, competition, class, team, and injury modifiers.""}"
college_production,college_production_offensive_stat_ranges.csv,college_production_offensive_stat_ranges,runtime_tuning,230,TE,"{""position_group"":""TE"",""role_tier"":""impact_starter"",""stat_key"":""rush_yards"",""min_value"":""0"",""max_value"":""25"",""per_games"":""12"",""notes"":""Base range before games, scheme, competition, class, team, and injury modifiers.""}"
college_production,college_production_offensive_stat_ranges.csv,college_production_offensive_stat_ranges,runtime_tuning,231,TE,"{""position_group"":""TE"",""role_tier"":""impact_starter"",""stat_key"":""rush_tds"",""min_value"":""0"",""max_value"":""1"",""per_games"":""12"",""notes"":""Base range before games, scheme, competition, class, team, and injury modifiers.""}"
college_production,college_production_offensive_stat_ranges.csv,college_production_offensive_stat_ranges,runtime_tuning,232,TE,"{""position_group"":""TE"",""role_tier"":""all_conference"",""stat_key"":""receptions"",""min_value"":""50"",""max_value"":""83"",""per_games"":""12"",""notes"":""Base range before games, scheme, competition, class, team, and injury modifiers.""}"
college_production,college_production_offensive_stat_ranges.csv,college_production_offensive_stat_ranges,runtime_tuning,233,TE,"{""position_group"":""TE"",""role_tier"":""all_conference"",""stat_key"":""receiving_yards"",""min_value"":""792"",""max_value"":""1188"",""per_games"":""12"",""notes"":""Base range before games, scheme, competition, class, team, and injury modifiers.""}"
college_production,college_production_offensive_stat_ranges.csv,college_production_offensive_stat_ranges,runtime_tuning,234,TE,"{""position_group"":""TE"",""role_tier"":""all_conference"",""stat_key"":""receiving_tds"",""min_value"":""6"",""max_value"":""13"",""per_games"":""12"",""notes"":""Base range before games, scheme, competition, class, team, and injury modifiers.""}"
college_production,college_production_offensive_stat_ranges.csv,college_production_offensive_stat_ranges,runtime_tuning,235,TE,"{""position_group"":""TE"",""role_tier"":""all_conference"",""stat_key"":""rush_attempts"",""min_value"":""0"",""max_value"":""3"",""per_games"":""12"",""notes"":""Base range before games, scheme, competition, class, team, and injury modifiers.""}"
college_production,college_production_offensive_stat_ranges.csv,college_production_offensive_stat_ranges,runtime_tuning,236,TE,"{""position_group"":""TE"",""role_tier"":""all_conference"",""stat_key"":""rush_yards"",""min_value"":""0"",""max_value"":""25"",""per_games"":""12"",""notes"":""Base range before games, scheme, competition, class, team, and injury modifiers.""}"
college_production,college_production_offensive_stat_ranges.csv,college_production_offensive_stat_ranges,runtime_tuning,237,TE,"{""position_group"":""TE"",""role_tier"":""all_conference"",""stat_key"":""rush_tds"",""min_value"":""0"",""max_value"":""1"",""per_games"":""12"",""notes"":""Base range before games, scheme, competition, class, team, and injury modifiers.""}"
college_production,college_production_offensive_stat_ranges.csv,college_production_offensive_stat_ranges,runtime_tuning,238,TE,"{""position_group"":""TE"",""role_tier"":""all_american"",""stat_key"":""receptions"",""min_value"":""61"",""max_value"":""100"",""per_games"":""12"",""notes"":""Base range before games, scheme, competition, class, team, and injury modifiers.""}"
college_production,college_production_offensive_stat_ranges.csv,college_production_offensive_stat_ranges,runtime_tuning,239,TE,"{""position_group"":""TE"",""role_tier"":""all_american"",""stat_key"":""receiving_yards"",""min_value"":""936"",""max_value"":""1550"",""per_games"":""12"",""notes"":""Base range before games, scheme, competition, class, team, and injury modifiers.""}"
college_production,college_production_offensive_stat_ranges.csv,college_production_offensive_stat_ranges,runtime_tuning,240,TE,"{""position_group"":""TE"",""role_tier"":""all_american"",""stat_key"":""receiving_tds"",""min_value"":""8"",""max_value"":""16"",""per_games"":""12"",""notes"":""Base range before games, scheme, competition, class, team, and injury modifiers.""}"
college_production,college_production_offensive_stat_ranges.csv,college_production_offensive_stat_ranges,runtime_tuning,241,TE,"{""position_group"":""TE"",""role_tier"":""all_american"",""stat_key"":""rush_attempts"",""min_value"":""0"",""max_value"":""3"",""per_games"":""12"",""notes"":""Base range before games, scheme, competition, class, team, and injury modifiers.""}"
college_production,college_production_offensive_stat_ranges.csv,college_production_offensive_stat_ranges,runtime_tuning,242,TE,"{""position_group"":""TE"",""role_tier"":""all_american"",""stat_key"":""rush_yards"",""min_value"":""0"",""max_value"":""25"",""per_games"":""12"",""notes"":""Base range before games, scheme, competition, class, team, and injury modifiers.""}"
college_production,college_production_offensive_stat_ranges.csv,college_production_offensive_stat_ranges,runtime_tuning,243,TE,"{""position_group"":""TE"",""role_tier"":""all_american"",""stat_key"":""rush_tds"",""min_value"":""0"",""max_value"":""1"",""per_games"":""12"",""notes"":""Base range before games, scheme, competition, class, team, and injury modifiers.""}"
college_production,college_production_redshirt_participation_rules.csv,college_production_redshirt_participation_rules,rule,1,college_production_redshirt_participation_rules:1,"{""redshirt_status"":""true_redshirt"",""games_played_min"":""0"",""games_played_max"":""4"",""games_started_max"":""0"",""production_cap_tier"":""bench"",""stats_visible"":""True"",""notes"":""Limited participation cap.""}"
college_production,college_production_redshirt_participation_rules.csv,college_production_redshirt_participation_rules,rule,2,college_production_redshirt_participation_rules:2,"{""redshirt_status"":""medical_redshirt"",""games_played_min"":""0"",""games_played_max"":""4"",""games_started_max"":""2"",""production_cap_tier"":""depth"",""stats_visible"":""True"",""notes"":""Injury partial season.""}"
college_production,college_production_redshirt_participation_rules.csv,college_production_redshirt_participation_rules,rule,3,college_production_redshirt_participation_rules:3,"{""redshirt_status"":""no_redshirt"",""games_played_min"":""0"",""games_played_max"":""17"",""games_started_max"":""17"",""production_cap_tier"":""all_american"",""stats_visible"":""True"",""notes"":""Normal season.""}"
college_production,college_production_redshirt_participation_rules.csv,college_production_redshirt_participation_rules,rule,4,college_production_redshirt_participation_rules:4,"{""redshirt_status"":""already_used"",""games_played_min"":""0"",""games_played_max"":""17"",""games_started_max"":""17"",""production_cap_tier"":""all_american"",""stats_visible"":""True"",""notes"":""Cannot redshirt again by default.""}"
college_production,college_production_research_basis.csv,college_production_research_basis,research_basis,1,college_production_research_basis:1,"{""source_id"":""public_2024_team_examples"",""topic"":""Team/player stat examples"",""finding"":""Public 2024 team pages show realistic modern team totals and role splits."",""model_use"":""Calibrate starter/backups and team budgets."",""confidence"":""medium"",""notes"":""Sanity anchors, not scraped dataset.""}"
college_production,college_production_research_basis.csv,college_production_research_basis,research_basis,2,college_production_research_basis:2,"{""source_id"":""fbs_passing_leader_history"",""topic"":""Passing leader extremes"",""finding"":""Recent FBS passing leaders can approach 4,700-5,900 yards and 40-60 TDs."",""model_use"":""QB upper bounds."",""confidence"":"""",""notes"":""""}"
college_production,college_production_research_basis.csv,college_production_research_basis,research_basis,3,college_production_research_basis:3,"{""source_id"":""harold_fannin_2024_te_outlier"",""topic"":""TE outlier"",""finding"":""Rare TE season exceeded 100 receptions and 1,500 receiving yards."",""model_use"":""Allow rare TE all-american outlier range."",""confidence"":"""",""notes"":""""}"
college_production,college_production_research_basis.csv,college_production_research_basis,research_basis,4,college_production_research_basis:4,"{""source_id"":""public_edge_examples_2024"",""topic"":""EDGE ranges"",""finding"":""Elite pass rushers can reach mid/high teens sacks and 20+ TFL."",""model_use"":""EDGE all-conference/all-american caps."",""confidence"":"""",""notes"":""""}"
college_production,college_production_research_basis.csv,college_production_research_basis,research_basis,5,college_production_research_basis:5,"{""source_id"":""defensive_metrics_research"",""topic"":""Defensive stat limitations"",""finding"":""Traditional tackle/pressure stats are noisy and context-dependent."",""model_use"":""Avoid over-weighting raw defense stats."",""confidence"":"""",""notes"":""""}"
college_production,college_production_role_tiers.csv,college_production_role_tiers,runtime_tuning,1,college_production_role_tiers:1,"{""role_tier"":""redshirt"",""description"":""No/limited redshirt"",""games_played_min"":""0"",""games_played_max"":""4"",""games_started_min"":""0"",""games_started_max"":""0"",""snap_share_min"":""0.0"",""snap_share_max"":""0.08"",""primary_stat_usage_min"":""0.0"",""primary_stat_usage_max"":""0.0"",""notes"":""Volume tier for generated college season history.""}"
college_production,college_production_role_tiers.csv,college_production_role_tiers,runtime_tuning,2,college_production_role_tiers:2,"{""role_tier"":""bench"",""description"":""Deep bench"",""games_played_min"":""0"",""games_played_max"":""6"",""games_started_min"":""0"",""games_started_max"":""0"",""snap_share_min"":""0.0"",""snap_share_max"":""0.12"",""primary_stat_usage_min"":""0.0"",""primary_stat_usage_max"":""0.02"",""notes"":""Volume tier for generated college season history.""}"
college_production,college_production_role_tiers.csv,college_production_role_tiers,runtime_tuning,3,college_production_role_tiers:3,"{""role_tier"":""special_teams"",""description"":""Coverage/return/special teams"",""games_played_min"":""4"",""games_played_max"":""13"",""games_started_min"":""0"",""games_started_max"":""1"",""snap_share_min"":""0.05"",""snap_share_max"":""0.18"",""primary_stat_usage_min"":""0.0"",""primary_stat_usage_max"":""0.05"",""notes"":""Volume tier for generated college season history.""}"
college_production,college_production_role_tiers.csv,college_production_role_tiers,runtime_tuning,4,college_production_role_tiers:4,"{""role_tier"":""depth"",""description"":""Depth snaps"",""games_played_min"":""3"",""games_played_max"":""12"",""games_started_min"":""0"",""games_started_max"":""3"",""snap_share_min"":""0.08"",""snap_share_max"":""0.24"",""primary_stat_usage_min"":""0.0"",""primary_stat_usage_max"":""0.08"",""notes"":""Volume tier for generated college season history.""}"
college_production,college_production_role_tiers.csv,college_production_role_tiers,runtime_tuning,5,college_production_role_tiers:5,"{""role_tier"":""rotation"",""description"":""Regular rotation"",""games_played_min"":""7"",""games_played_max"":""14"",""games_started_min"":""0"",""games_started_max"":""5"",""snap_share_min"":""0.2"",""snap_share_max"":""0.45"",""primary_stat_usage_min"":""0.02"",""primary_stat_usage_max"":""0.15"",""notes"":""Volume tier for generated college season history.""}"
college_production,college_production_role_tiers.csv,college_production_role_tiers,runtime_tuning,6,college_production_role_tiers:6,"{""role_tier"":""spot_starter"",""description"":""Partial starter"",""games_played_min"":""8"",""games_played_max"":""14"",""games_started_min"":""2"",""games_started_max"":""7"",""snap_share_min"":""0.35"",""snap_share_max"":""0.65"",""primary_stat_usage_min"":""0.1"",""primary_stat_usage_max"":""0.3"",""notes"":""Volume tier for generated college season history.""}"
college_production,college_production_role_tiers.csv,college_production_role_tiers,runtime_tuning,7,college_production_role_tiers:7,"{""role_tier"":""starter"",""description"":""Normal starter"",""games_played_min"":""10"",""games_played_max"":""15"",""games_started_min"":""8"",""games_started_max"":""14"",""snap_share_min"":""0.65"",""snap_share_max"":""0.88"",""primary_stat_usage_min"":""0.35"",""primary_stat_usage_max"":""0.7"",""notes"":""Volume tier for generated college season history.""}"
college_production,college_production_role_tiers.csv,college_production_role_tiers,runtime_tuning,8,college_production_role_tiers:8,"{""role_tier"":""impact_starter"",""description"":""Major starter"",""games_played_min"":""11"",""games_played_max"":""15"",""games_started_min"":""10"",""games_started_max"":""15"",""snap_share_min"":""0.78"",""snap_share_max"":""0.95"",""primary_stat_usage_min"":""0.6"",""primary_stat_usage_max"":""0.88"",""notes"":""Volume tier for generated college season history.""}"
college_production,college_production_role_tiers.csv,college_production_role_tiers,runtime_tuning,9,college_production_role_tiers:9,"{""role_tier"":""all_conference"",""description"":""All-conference season"",""games_played_min"":""12"",""games_played_max"":""16"",""games_started_min"":""11"",""games_started_max"":""16"",""snap_share_min"":""0.82"",""snap_share_max"":""0.98"",""primary_stat_usage_min"":""0.78"",""primary_stat_usage_max"":""0.95"",""notes"":""Volume tier for generated college season history.""}"
college_production,college_production_role_tiers.csv,college_production_role_tiers,runtime_tuning,10,college_production_role_tiers:10,"{""role_tier"":""all_american"",""description"":""National award season"",""games_played_min"":""12"",""games_played_max"":""17"",""games_started_min"":""12"",""games_started_max"":""17"",""snap_share_min"":""0.88"",""snap_share_max"":""1.0"",""primary_stat_usage_min"":""0.9"",""primary_stat_usage_max"":""1.0"",""notes"":""Volume tier for generated college season history.""}"
college_production,college_production_role_weights_by_class_position.csv,college_production_role_weights_by_class_position,weight_distribution,1,QB,"{""class_year"":""FR"",""position_group"":""QB"",""role_tier"":""redshirt"",""weight"":""0.2771"",""notes"":""Normalize within class_year + position_group.""}"
college_production,college_production_role_weights_by_class_position.csv,college_production_role_weights_by_class_position,weight_distribution,2,QB,"{""class_year"":""FR"",""position_group"":""QB"",""role_tier"":""bench"",""weight"":""0.25449"",""notes"":""Normalize within class_year + position_group.""}"
college_production,college_production_role_weights_by_class_position.csv,college_production_role_weights_by_class_position,weight_distribution,3,QB,"{""class_year"":""FR"",""position_group"":""QB"",""role_tier"":""special_teams"",""weight"":""0.08659"",""notes"":""Normalize within class_year + position_group.""}"
college_production,college_production_role_weights_by_class_position.csv,college_production_role_weights_by_class_position,weight_distribution,4,QB,"{""class_year"":""FR"",""position_group"":""QB"",""role_tier"":""depth"",""weight"":""0.16934"",""notes"":""Normalize within class_year + position_group.""}"
college_production,college_production_role_weights_by_class_position.csv,college_production_role_weights_by_class_position,weight_distribution,5,QB,"{""class_year"":""FR"",""position_group"":""QB"",""role_tier"":""rotation"",""weight"":""0.0914"",""notes"":""Normalize within class_year + position_group.""}"
college_production,college_production_role_weights_by_class_position.csv,college_production_role_weights_by_class_position,weight_distribution,6,QB,"{""class_year"":""FR"",""position_group"":""QB"",""role_tier"":""spot_starter"",""weight"":""0.03656"",""notes"":""Normalize within class_year + position_group.""}"
college_production,college_production_role_weights_by_class_position.csv,college_production_role_weights_by_class_position,weight_distribution,7,QB,"{""class_year"":""FR"",""position_group"":""QB"",""role_tier"":""starter"",""weight"":""0.06061"",""notes"":""Normalize within class_year + position_group.""}"
college_production,college_production_role_weights_by_class_position.csv,college_production_role_weights_by_class_position,weight_distribution,8,QB,"{""class_year"":""FR"",""position_group"":""QB"",""role_tier"":""impact_starter"",""weight"":""0.02045"",""notes"":""Normalize within class_year + position_group.""}"
college_production,college_production_role_weights_by_class_position.csv,college_production_role_weights_by_class_position,weight_distribution,9,QB,"{""class_year"":""FR"",""position_group"":""QB"",""role_tier"":""all_conference"",""weight"":""0.00289"",""notes"":""Normalize within class_year + position_group.""}"
college_production,college_production_role_weights_by_class_position.csv,college_production_role_weights_by_class_position,weight_distribution,10,QB,"{""class_year"":""FR"",""position_group"":""QB"",""role_tier"":""all_american"",""weight"":""0.00058"",""notes"":""Normalize within class_year + position_group.""}"
college_production,college_production_role_weights_by_class_position.csv,college_production_role_weights_by_class_position,weight_distribution,11,RB,"{""class_year"":""FR"",""position_group"":""RB"",""role_tier"":""redshirt"",""weight"":""0.18499"",""notes"":""Normalize within class_year + position_group.""}"
college_production,college_production_role_weights_by_class_position.csv,college_production_role_weights_by_class_position,weight_distribution,12,RB,"{""class_year"":""FR"",""position_group"":""RB"",""role_tier"":""bench"",""weight"":""0.21273"",""notes"":""Normalize within class_year + position_group.""}"
college_production,college_production_role_weights_by_class_position.csv,college_production_role_weights_by_class_position,weight_distribution,13,RB,"{""class_year"":""FR"",""position_group"":""RB"",""role_tier"":""special_teams"",""weight"":""0.15415"",""notes"":""Normalize within class_year + position_group.""}"
college_production,college_production_role_weights_by_class_position.csv,college_production_role_weights_by_class_position,weight_distribution,14,RB,"{""class_year"":""FR"",""position_group"":""RB"",""role_tier"":""depth"",""weight"":""0.17265"",""notes"":""Normalize within class_year + position_group.""}"
college_production,college_production_role_weights_by_class_position.csv,college_production_role_weights_by_class_position,weight_distribution,15,RB,"{""class_year"":""FR"",""position_group"":""RB"",""role_tier"":""rotation"",""weight"":""0.11819"",""notes"":""Normalize within class_year + position_group.""}"
college_production,college_production_role_weights_by_class_position.csv,college_production_role_weights_by_class_position,weight_distribution,16,RB,"{""class_year"":""FR"",""position_group"":""RB"",""role_tier"":""spot_starter"",""weight"":""0.04522"",""notes"":""Normalize within class_year + position_group.""}"
college_production,college_production_role_weights_by_class_position.csv,college_production_role_weights_by_class_position,weight_distribution,17,RB,"{""class_year"":""FR"",""position_group"":""RB"",""role_tier"":""starter"",""weight"":""0.08057"",""notes"":""Normalize within class_year + position_group.""}"
college_production,college_production_role_weights_by_class_position.csv,college_production_role_weights_by_class_position,weight_distribution,18,RB,"{""class_year"":""FR"",""position_group"":""RB"",""role_tier"":""impact_starter"",""weight"":""0.02698"",""notes"":""Normalize within class_year + position_group.""}"
college_production,college_production_role_weights_by_class_position.csv,college_production_role_weights_by_class_position,weight_distribution,19,RB,"{""class_year"":""FR"",""position_group"":""RB"",""role_tier"":""all_conference"",""weight"":""0.0037"",""notes"":""Normalize within class_year + position_group.""}"
college_production,college_production_role_weights_by_class_position.csv,college_production_role_weights_by_class_position,weight_distribution,20,RB,"{""class_year"":""FR"",""position_group"":""RB"",""role_tier"":""all_american"",""weight"":""0.00082"",""notes"":""Normalize within class_year + position_group.""}"
college_production,college_production_role_weights_by_class_position.csv,college_production_role_weights_by_class_position,weight_distribution,21,WR,"{""class_year"":""FR"",""position_group"":""WR"",""role_tier"":""redshirt"",""weight"":""0.18499"",""notes"":""Normalize within class_year + position_group.""}"
college_production,college_production_role_weights_by_class_position.csv,college_production_role_weights_by_class_position,weight_distribution,22,WR,"{""class_year"":""FR"",""position_group"":""WR"",""role_tier"":""bench"",""weight"":""0.21273"",""notes"":""Normalize within class_year + position_group.""}"
college_production,college_production_role_weights_by_class_position.csv,college_production_role_weights_by_class_position,weight_distribution,23,WR,"{""class_year"":""FR"",""position_group"":""WR"",""role_tier"":""special_teams"",""weight"":""0.15415"",""notes"":""Normalize within class_year + position_group.""}"
college_production,college_production_role_weights_by_class_position.csv,college_production_role_weights_by_class_position,weight_distribution,24,WR,"{""class_year"":""FR"",""position_group"":""WR"",""role_tier"":""depth"",""weight"":""0.17265"",""notes"":""Normalize within class_year + position_group.""}"
college_production,college_production_role_weights_by_class_position.csv,college_production_role_weights_by_class_position,weight_distribution,25,WR,"{""class_year"":""FR"",""position_group"":""WR"",""role_tier"":""rotation"",""weight"":""0.11819"",""notes"":""Normalize within class_year + position_group.""}"
college_production,college_production_role_weights_by_class_position.csv,college_production_role_weights_by_class_position,weight_distribution,26,WR,"{""class_year"":""FR"",""position_group"":""WR"",""role_tier"":""spot_starter"",""weight"":""0.04522"",""notes"":""Normalize within class_year + position_group.""}"
college_production,college_production_role_weights_by_class_position.csv,college_production_role_weights_by_class_position,weight_distribution,27,WR,"{""class_year"":""FR"",""position_group"":""WR"",""role_tier"":""starter"",""weight"":""0.08057"",""notes"":""Normalize within class_year + position_group.""}"
college_production,college_production_role_weights_by_class_position.csv,college_production_role_weights_by_class_position,weight_distribution,28,WR,"{""class_year"":""FR"",""position_group"":""WR"",""role_tier"":""impact_starter"",""weight"":""0.02698"",""notes"":""Normalize within class_year + position_group.""}"
college_production,college_production_role_weights_by_class_position.csv,college_production_role_weights_by_class_position,weight_distribution,29,WR,"{""class_year"":""FR"",""position_group"":""WR"",""role_tier"":""all_conference"",""weight"":""0.0037"",""notes"":""Normalize within class_year + position_group.""}"
college_production,college_production_role_weights_by_class_position.csv,college_production_role_weights_by_class_position,weight_distribution,30,WR,"{""class_year"":""FR"",""position_group"":""WR"",""role_tier"":""all_american"",""weight"":""0.00082"",""notes"":""Normalize within class_year + position_group.""}"
college_production,college_production_role_weights_by_class_position.csv,college_production_role_weights_by_class_position,weight_distribution,31,TE,"{""class_year"":""FR"",""position_group"":""TE"",""role_tier"":""redshirt"",""weight"":""0.2771"",""notes"":""Normalize within class_year + position_group.""}"
college_production,college_production_role_weights_by_class_position.csv,college_production_role_weights_by_class_position,weight_distribution,32,TE,"{""class_year"":""FR"",""position_group"":""TE"",""role_tier"":""bench"",""weight"":""0.25449"",""notes"":""Normalize within class_year + position_group.""}"
college_production,college_production_role_weights_by_class_position.csv,college_production_role_weights_by_class_position,weight_distribution,33,TE,"{""class_year"":""FR"",""position_group"":""TE"",""role_tier"":""special_teams"",""weight"":""0.08659"",""notes"":""Normalize within class_year + position_group.""}"
college_production,college_production_role_weights_by_class_position.csv,college_production_role_weights_by_class_position,weight_distribution,34,TE,"{""class_year"":""FR"",""position_group"":""TE"",""role_tier"":""depth"",""weight"":""0.16934"",""notes"":""Normalize within class_year + position_group.""}"
college_production,college_production_role_weights_by_class_position.csv,college_production_role_weights_by_class_position,weight_distribution,35,TE,"{""class_year"":""FR"",""position_group"":""TE"",""role_tier"":""rotation"",""weight"":""0.0914"",""notes"":""Normalize within class_year + position_group.""}"
college_production,college_production_role_weights_by_class_position.csv,college_production_role_weights_by_class_position,weight_distribution,36,TE,"{""class_year"":""FR"",""position_group"":""TE"",""role_tier"":""spot_starter"",""weight"":""0.03656"",""notes"":""Normalize within class_year + position_group.""}"
college_production,college_production_role_weights_by_class_position.csv,college_production_role_weights_by_class_position,weight_distribution,37,TE,"{""class_year"":""FR"",""position_group"":""TE"",""role_tier"":""starter"",""weight"":""0.06061"",""notes"":""Normalize within class_year + position_group.""}"
college_production,college_production_role_weights_by_class_position.csv,college_production_role_weights_by_class_position,weight_distribution,38,TE,"{""class_year"":""FR"",""position_group"":""TE"",""role_tier"":""impact_starter"",""weight"":""0.02045"",""notes"":""Normalize within class_year + position_group.""}"
college_production,college_production_role_weights_by_class_position.csv,college_production_role_weights_by_class_position,weight_distribution,39,TE,"{""class_year"":""FR"",""position_group"":""TE"",""role_tier"":""all_conference"",""weight"":""0.00289"",""notes"":""Normalize within class_year + position_group.""}"
college_production,college_production_role_weights_by_class_position.csv,college_production_role_weights_by_class_position,weight_distribution,40,TE,"{""class_year"":""FR"",""position_group"":""TE"",""role_tier"":""all_american"",""weight"":""0.00058"",""notes"":""Normalize within class_year + position_group.""}"
college_production,college_production_role_weights_by_class_position.csv,college_production_role_weights_by_class_position,weight_distribution,41,OL,"{""class_year"":""FR"",""position_group"":""OL"",""role_tier"":""redshirt"",""weight"":""0.2771"",""notes"":""Normalize within class_year + position_group.""}"
college_production,college_production_role_weights_by_class_position.csv,college_production_role_weights_by_class_position,weight_distribution,42,OL,"{""class_year"":""FR"",""position_group"":""OL"",""role_tier"":""bench"",""weight"":""0.25449"",""notes"":""Normalize within class_year + position_group.""}"
college_production,college_production_role_weights_by_class_position.csv,college_production_role_weights_by_class_position,weight_distribution,43,OL,"{""class_year"":""FR"",""position_group"":""OL"",""role_tier"":""special_teams"",""weight"":""0.08659"",""notes"":""Normalize within class_year + position_group.""}"
college_production,college_production_role_weights_by_class_position.csv,college_production_role_weights_by_class_position,weight_distribution,44,OL,"{""class_year"":""FR"",""position_group"":""OL"",""role_tier"":""depth"",""weight"":""0.16934"",""notes"":""Normalize within class_year + position_group.""}"
college_production,college_production_role_weights_by_class_position.csv,college_production_role_weights_by_class_position,weight_distribution,45,OL,"{""class_year"":""FR"",""position_group"":""OL"",""role_tier"":""rotation"",""weight"":""0.0914"",""notes"":""Normalize within class_year + position_group.""}"
college_production,college_production_role_weights_by_class_position.csv,college_production_role_weights_by_class_position,weight_distribution,46,OL,"{""class_year"":""FR"",""position_group"":""OL"",""role_tier"":""spot_starter"",""weight"":""0.03656"",""notes"":""Normalize within class_year + position_group.""}"
college_production,college_production_role_weights_by_class_position.csv,college_production_role_weights_by_class_position,weight_distribution,47,OL,"{""class_year"":""FR"",""position_group"":""OL"",""role_tier"":""starter"",""weight"":""0.06061"",""notes"":""Normalize within class_year + position_group.""}"
college_production,college_production_role_weights_by_class_position.csv,college_production_role_weights_by_class_position,weight_distribution,48,OL,"{""class_year"":""FR"",""position_group"":""OL"",""role_tier"":""impact_starter"",""weight"":""0.02045"",""notes"":""Normalize within class_year + position_group.""}"
college_production,college_production_role_weights_by_class_position.csv,college_production_role_weights_by_class_position,weight_distribution,49,OL,"{""class_year"":""FR"",""position_group"":""OL"",""role_tier"":""all_conference"",""weight"":""0.00289"",""notes"":""Normalize within class_year + position_group.""}"
college_production,college_production_role_weights_by_class_position.csv,college_production_role_weights_by_class_position,weight_distribution,50,OL,"{""class_year"":""FR"",""position_group"":""OL"",""role_tier"":""all_american"",""weight"":""0.00058"",""notes"":""Normalize within class_year + position_group.""}"
college_production,college_production_role_weights_by_class_position.csv,college_production_role_weights_by_class_position,weight_distribution,51,EDGE,"{""class_year"":""FR"",""position_group"":""EDGE"",""role_tier"":""redshirt"",""weight"":""0.21807"",""notes"":""Normalize within class_year + position_group.""}"
college_production,college_production_role_weights_by_class_position.csv,college_production_role_weights_by_class_position,weight_distribution,52,EDGE,"{""class_year"":""FR"",""position_group"":""EDGE"",""role_tier"":""bench"",""weight"":""0.23221"",""notes"":""Normalize within class_year + position_group.""}"
college_production,college_production_role_weights_by_class_position.csv,college_production_role_weights_by_class_position,weight_distribution,53,EDGE,"{""class_year"":""FR"",""position_group"":""EDGE"",""role_tier"":""special_teams"",""weight"":""0.12115"",""notes"":""Normalize within class_year + position_group.""}"
college_production,college_production_role_weights_by_class_position.csv,college_production_role_weights_by_class_position,weight_distribution,54,EDGE,"{""class_year"":""FR"",""position_group"":""EDGE"",""role_tier"":""depth"",""weight"":""0.16961"",""notes"":""Normalize within class_year + position_group.""}"
college_production,college_production_role_weights_by_class_position.csv,college_production_role_weights_by_class_position,weight_distribution,55,EDGE,"{""class_year"":""FR"",""position_group"":""EDGE"",""role_tier"":""rotation"",""weight"":""0.10904"",""notes"":""Normalize within class_year + position_group.""}"
college_production,college_production_role_weights_by_class_position.csv,college_production_role_weights_by_class_position,weight_distribution,56,EDGE,"{""class_year"":""FR"",""position_group"":""EDGE"",""role_tier"":""spot_starter"",""weight"":""0.0424"",""notes"":""Normalize within class_year + position_group.""}"
college_production,college_production_role_weights_by_class_position.csv,college_production_role_weights_by_class_position,weight_distribution,57,EDGE,"{""class_year"":""FR"",""position_group"":""EDGE"",""role_tier"":""starter"",""weight"":""0.07633"",""notes"":""Normalize within class_year + position_group.""}"
college_production,college_production_role_weights_by_class_position.csv,college_production_role_weights_by_class_position,weight_distribution,58,EDGE,"{""class_year"":""FR"",""position_group"":""EDGE"",""role_tier"":""impact_starter"",""weight"":""0.0265"",""notes"":""Normalize within class_year + position_group.""}"
college_production,college_production_role_weights_by_class_position.csv,college_production_role_weights_by_class_position,weight_distribution,59,EDGE,"{""class_year"":""FR"",""position_group"":""EDGE"",""role_tier"":""all_conference"",""weight"":""0.00384"",""notes"":""Normalize within class_year + position_group.""}"
college_production,college_production_role_weights_by_class_position.csv,college_production_role_weights_by_class_position,weight_distribution,60,EDGE,"{""class_year"":""FR"",""position_group"":""EDGE"",""role_tier"":""all_american"",""weight"":""0.00086"",""notes"":""Normalize within class_year + position_group.""}"
college_production,college_production_role_weights_by_class_position.csv,college_production_role_weights_by_class_position,weight_distribution,61,DL,"{""class_year"":""FR"",""position_group"":""DL"",""role_tier"":""redshirt"",""weight"":""0.21807"",""notes"":""Normalize within class_year + position_group.""}"
college_production,college_production_role_weights_by_class_position.csv,college_production_role_weights_by_class_position,weight_distribution,62,DL,"{""class_year"":""FR"",""position_group"":""DL"",""role_tier"":""bench"",""weight"":""0.23221"",""notes"":""Normalize within class_year + position_group.""}"
college_production,college_production_role_weights_by_class_position.csv,college_production_role_weights_by_class_position,weight_distribution,63,DL,"{""class_year"":""FR"",""position_group"":""DL"",""role_tier"":""special_teams"",""weight"":""0.12115"",""notes"":""Normalize within class_year + position_group.""}"
college_production,college_production_role_weights_by_class_position.csv,college_production_role_weights_by_class_position,weight_distribution,64,DL,"{""class_year"":""FR"",""position_group"":""DL"",""role_tier"":""depth"",""weight"":""0.16961"",""notes"":""Normalize within class_year + position_group.""}"
college_production,college_production_role_weights_by_class_position.csv,college_production_role_weights_by_class_position,weight_distribution,65,DL,"{""class_year"":""FR"",""position_group"":""DL"",""role_tier"":""rotation"",""weight"":""0.10904"",""notes"":""Normalize within class_year + position_group.""}"
college_production,college_production_role_weights_by_class_position.csv,college_production_role_weights_by_class_position,weight_distribution,66,DL,"{""class_year"":""FR"",""position_group"":""DL"",""role_tier"":""spot_starter"",""weight"":""0.0424"",""notes"":""Normalize within class_year + position_group.""}"
college_production,college_production_role_weights_by_class_position.csv,college_production_role_weights_by_class_position,weight_distribution,67,DL,"{""class_year"":""FR"",""position_group"":""DL"",""role_tier"":""starter"",""weight"":""0.07633"",""notes"":""Normalize within class_year + position_group.""}"
college_production,college_production_role_weights_by_class_position.csv,college_production_role_weights_by_class_position,weight_distribution,68,DL,"{""class_year"":""FR"",""position_group"":""DL"",""role_tier"":""impact_starter"",""weight"":""0.0265"",""notes"":""Normalize within class_year + position_group.""}"
college_production,college_production_role_weights_by_class_position.csv,college_production_role_weights_by_class_position,weight_distribution,69,DL,"{""class_year"":""FR"",""position_group"":""DL"",""role_tier"":""all_conference"",""weight"":""0.00384"",""notes"":""Normalize within class_year + position_group.""}"
college_production,college_production_role_weights_by_class_position.csv,college_production_role_weights_by_class_position,weight_distribution,70,DL,"{""class_year"":""FR"",""position_group"":""DL"",""role_tier"":""all_american"",""weight"":""0.00086"",""notes"":""Normalize within class_year + position_group.""}"
college_production,college_production_role_weights_by_class_position.csv,college_production_role_weights_by_class_position,weight_distribution,71,LB,"{""class_year"":""FR"",""position_group"":""LB"",""role_tier"":""redshirt"",""weight"":""0.21807"",""notes"":""Normalize within class_year + position_group.""}"
college_production,college_production_role_weights_by_class_position.csv,college_production_role_weights_by_class_position,weight_distribution,72,LB,"{""class_year"":""FR"",""position_group"":""LB"",""role_tier"":""bench"",""weight"":""0.23221"",""notes"":""Normalize within class_year + position_group.""}"
college_production,college_production_role_weights_by_class_position.csv,college_production_role_weights_by_class_position,weight_distribution,73,LB,"{""class_year"":""FR"",""position_group"":""LB"",""role_tier"":""special_teams"",""weight"":""0.12115"",""notes"":""Normalize within class_year + position_group.""}"
college_production,college_production_role_weights_by_class_position.csv,college_production_role_weights_by_class_position,weight_distribution,74,LB,"{""class_year"":""FR"",""position_group"":""LB"",""role_tier"":""depth"",""weight"":""0.16961"",""notes"":""Normalize within class_year + position_group.""}"
college_production,college_production_role_weights_by_class_position.csv,college_production_role_weights_by_class_position,weight_distribution,75,LB,"{""class_year"":""FR"",""position_group"":""LB"",""role_tier"":""rotation"",""weight"":""0.10904"",""notes"":""Normalize within class_year + position_group.""}"
college_production,college_production_role_weights_by_class_position.csv,college_production_role_weights_by_class_position,weight_distribution,76,LB,"{""class_year"":""FR"",""position_group"":""LB"",""role_tier"":""spot_starter"",""weight"":""0.0424"",""notes"":""Normalize within class_year + position_group.""}"
college_production,college_production_role_weights_by_class_position.csv,college_production_role_weights_by_class_position,weight_distribution,77,LB,"{""class_year"":""FR"",""position_group"":""LB"",""role_tier"":""starter"",""weight"":""0.07633"",""notes"":""Normalize within class_year + position_group.""}"
college_production,college_production_role_weights_by_class_position.csv,college_production_role_weights_by_class_position,weight_distribution,78,LB,"{""class_year"":""FR"",""position_group"":""LB"",""role_tier"":""impact_starter"",""weight"":""0.0265"",""notes"":""Normalize within class_year + position_group.""}"
college_production,college_production_role_weights_by_class_position.csv,college_production_role_weights_by_class_position,weight_distribution,79,LB,"{""class_year"":""FR"",""position_group"":""LB"",""role_tier"":""all_conference"",""weight"":""0.00384"",""notes"":""Normalize within class_year + position_group.""}"
college_production,college_production_role_weights_by_class_position.csv,college_production_role_weights_by_class_position,weight_distribution,80,LB,"{""class_year"":""FR"",""position_group"":""LB"",""role_tier"":""all_american"",""weight"":""0.00086"",""notes"":""Normalize within class_year + position_group.""}"
college_production,college_production_role_weights_by_class_position.csv,college_production_role_weights_by_class_position,weight_distribution,81,CB,"{""class_year"":""FR"",""position_group"":""CB"",""role_tier"":""redshirt"",""weight"":""0.18499"",""notes"":""Normalize within class_year + position_group.""}"
college_production,college_production_role_weights_by_class_position.csv,college_production_role_weights_by_class_position,weight_distribution,82,CB,"{""class_year"":""FR"",""position_group"":""CB"",""role_tier"":""bench"",""weight"":""0.21273"",""notes"":""Normalize within class_year + position_group.""}"
college_production,college_production_role_weights_by_class_position.csv,college_production_role_weights_by_class_position,weight_distribution,83,CB,"{""class_year"":""FR"",""position_group"":""CB"",""role_tier"":""special_teams"",""weight"":""0.15415"",""notes"":""Normalize within class_year + position_group.""}"
college_production,college_production_role_weights_by_class_position.csv,college_production_role_weights_by_class_position,weight_distribution,84,CB,"{""class_year"":""FR"",""position_group"":""CB"",""role_tier"":""depth"",""weight"":""0.17265"",""notes"":""Normalize within class_year + position_group.""}"
college_production,college_production_role_weights_by_class_position.csv,college_production_role_weights_by_class_position,weight_distribution,85,CB,"{""class_year"":""FR"",""position_group"":""CB"",""role_tier"":""rotation"",""weight"":""0.11819"",""notes"":""Normalize within class_year + position_group.""}"
college_production,college_production_role_weights_by_class_position.csv,college_production_role_weights_by_class_position,weight_distribution,86,CB,"{""class_year"":""FR"",""position_group"":""CB"",""role_tier"":""spot_starter"",""weight"":""0.04522"",""notes"":""Normalize within class_year + position_group.""}"
college_production,college_production_role_weights_by_class_position.csv,college_production_role_weights_by_class_position,weight_distribution,87,CB,"{""class_year"":""FR"",""position_group"":""CB"",""role_tier"":""starter"",""weight"":""0.08057"",""notes"":""Normalize within class_year + position_group.""}"
college_production,college_production_role_weights_by_class_position.csv,college_production_role_weights_by_class_position,weight_distribution,88,CB,"{""class_year"":""FR"",""position_group"":""CB"",""role_tier"":""impact_starter"",""weight"":""0.02698"",""notes"":""Normalize within class_year + position_group.""}"
college_production,college_production_role_weights_by_class_position.csv,college_production_role_weights_by_class_position,weight_distribution,89,CB,"{""class_year"":""FR"",""position_group"":""CB"",""role_tier"":""all_conference"",""weight"":""0.0037"",""notes"":""Normalize within class_year + position_group.""}"
college_production,college_production_role_weights_by_class_position.csv,college_production_role_weights_by_class_position,weight_distribution,90,CB,"{""class_year"":""FR"",""position_group"":""CB"",""role_tier"":""all_american"",""weight"":""0.00082"",""notes"":""Normalize within class_year + position_group.""}"
college_production,college_production_role_weights_by_class_position.csv,college_production_role_weights_by_class_position,weight_distribution,91,S,"{""class_year"":""FR"",""position_group"":""S"",""role_tier"":""redshirt"",""weight"":""0.18499"",""notes"":""Normalize within class_year + position_group.""}"
college_production,college_production_role_weights_by_class_position.csv,college_production_role_weights_by_class_position,weight_distribution,92,S,"{""class_year"":""FR"",""position_group"":""S"",""role_tier"":""bench"",""weight"":""0.21273"",""notes"":""Normalize within class_year + position_group.""}"
college_production,college_production_role_weights_by_class_position.csv,college_production_role_weights_by_class_position,weight_distribution,93,S,"{""class_year"":""FR"",""position_group"":""S"",""role_tier"":""special_teams"",""weight"":""0.15415"",""notes"":""Normalize within class_year + position_group.""}"
college_production,college_production_role_weights_by_class_position.csv,college_production_role_weights_by_class_position,weight_distribution,94,S,"{""class_year"":""FR"",""position_group"":""S"",""role_tier"":""depth"",""weight"":""0.17265"",""notes"":""Normalize within class_year + position_group.""}"
college_production,college_production_role_weights_by_class_position.csv,college_production_role_weights_by_class_position,weight_distribution,95,S,"{""class_year"":""FR"",""position_group"":""S"",""role_tier"":""rotation"",""weight"":""0.11819"",""notes"":""Normalize within class_year + position_group.""}"
college_production,college_production_role_weights_by_class_position.csv,college_production_role_weights_by_class_position,weight_distribution,96,S,"{""class_year"":""FR"",""position_group"":""S"",""role_tier"":""spot_starter"",""weight"":""0.04522"",""notes"":""Normalize within class_year + position_group.""}"
college_production,college_production_role_weights_by_class_position.csv,college_production_role_weights_by_class_position,weight_distribution,97,S,"{""class_year"":""FR"",""position_group"":""S"",""role_tier"":""starter"",""weight"":""0.08057"",""notes"":""Normalize within class_year + position_group.""}"
college_production,college_production_role_weights_by_class_position.csv,college_production_role_weights_by_class_position,weight_distribution,98,S,"{""class_year"":""FR"",""position_group"":""S"",""role_tier"":""impact_starter"",""weight"":""0.02698"",""notes"":""Normalize within class_year + position_group.""}"
college_production,college_production_role_weights_by_class_position.csv,college_production_role_weights_by_class_position,weight_distribution,99,S,"{""class_year"":""FR"",""position_group"":""S"",""role_tier"":""all_conference"",""weight"":""0.0037"",""notes"":""Normalize within class_year + position_group.""}"
college_production,college_production_role_weights_by_class_position.csv,college_production_role_weights_by_class_position,weight_distribution,100,S,"{""class_year"":""FR"",""position_group"":""S"",""role_tier"":""all_american"",""weight"":""0.00082"",""notes"":""Normalize within class_year + position_group.""}"
college_production,college_production_role_weights_by_class_position.csv,college_production_role_weights_by_class_position,weight_distribution,101,K,"{""class_year"":""FR"",""position_group"":""K"",""role_tier"":""redshirt"",""weight"":""0.2771"",""notes"":""Normalize within class_year + position_group.""}"
college_production,college_production_role_weights_by_class_position.csv,college_production_role_weights_by_class_position,weight_distribution,102,K,"{""class_year"":""FR"",""position_group"":""K"",""role_tier"":""bench"",""weight"":""0.25449"",""notes"":""Normalize within class_year + position_group.""}"
college_production,college_production_role_weights_by_class_position.csv,college_production_role_weights_by_class_position,weight_distribution,103,K,"{""class_year"":""FR"",""position_group"":""K"",""role_tier"":""special_teams"",""weight"":""0.08659"",""notes"":""Normalize within class_year + position_group.""}"
college_production,college_production_role_weights_by_class_position.csv,college_production_role_weights_by_class_position,weight_distribution,104,K,"{""class_year"":""FR"",""position_group"":""K"",""role_tier"":""depth"",""weight"":""0.16934"",""notes"":""Normalize within class_year + position_group.""}"
college_production,college_production_role_weights_by_class_position.csv,college_production_role_weights_by_class_position,weight_distribution,105,K,"{""class_year"":""FR"",""position_group"":""K"",""role_tier"":""rotation"",""weight"":""0.0914"",""notes"":""Normalize within class_year + position_group.""}"
college_production,college_production_role_weights_by_class_position.csv,college_production_role_weights_by_class_position,weight_distribution,106,K,"{""class_year"":""FR"",""position_group"":""K"",""role_tier"":""spot_starter"",""weight"":""0.03656"",""notes"":""Normalize within class_year + position_group.""}"
college_production,college_production_role_weights_by_class_position.csv,college_production_role_weights_by_class_position,weight_distribution,107,K,"{""class_year"":""FR"",""position_group"":""K"",""role_tier"":""starter"",""weight"":""0.06061"",""notes"":""Normalize within class_year + position_group.""}"
college_production,college_production_role_weights_by_class_position.csv,college_production_role_weights_by_class_position,weight_distribution,108,K,"{""class_year"":""FR"",""position_group"":""K"",""role_tier"":""impact_starter"",""weight"":""0.02045"",""notes"":""Normalize within class_year + position_group.""}"
college_production,college_production_role_weights_by_class_position.csv,college_production_role_weights_by_class_position,weight_distribution,109,K,"{""class_year"":""FR"",""position_group"":""K"",""role_tier"":""all_conference"",""weight"":""0.00289"",""notes"":""Normalize within class_year + position_group.""}"
college_production,college_production_role_weights_by_class_position.csv,college_production_role_weights_by_class_position,weight_distribution,110,K,"{""class_year"":""FR"",""position_group"":""K"",""role_tier"":""all_american"",""weight"":""0.00058"",""notes"":""Normalize within class_year + position_group.""}"
college_production,college_production_role_weights_by_class_position.csv,college_production_role_weights_by_class_position,weight_distribution,111,P,"{""class_year"":""FR"",""position_group"":""P"",""role_tier"":""redshirt"",""weight"":""0.2771"",""notes"":""Normalize within class_year + position_group.""}"
college_production,college_production_role_weights_by_class_position.csv,college_production_role_weights_by_class_position,weight_distribution,112,P,"{""class_year"":""FR"",""position_group"":""P"",""role_tier"":""bench"",""weight"":""0.25449"",""notes"":""Normalize within class_year + position_group.""}"
college_production,college_production_role_weights_by_class_position.csv,college_production_role_weights_by_class_position,weight_distribution,113,P,"{""class_year"":""FR"",""position_group"":""P"",""role_tier"":""special_teams"",""weight"":""0.08659"",""notes"":""Normalize within class_year + position_group.""}"
college_production,college_production_role_weights_by_class_position.csv,college_production_role_weights_by_class_position,weight_distribution,114,P,"{""class_year"":""FR"",""position_group"":""P"",""role_tier"":""depth"",""weight"":""0.16934"",""notes"":""Normalize within class_year + position_group.""}"
college_production,college_production_role_weights_by_class_position.csv,college_production_role_weights_by_class_position,weight_distribution,115,P,"{""class_year"":""FR"",""position_group"":""P"",""role_tier"":""rotation"",""weight"":""0.0914"",""notes"":""Normalize within class_year + position_group.""}"
college_production,college_production_role_weights_by_class_position.csv,college_production_role_weights_by_class_position,weight_distribution,116,P,"{""class_year"":""FR"",""position_group"":""P"",""role_tier"":""spot_starter"",""weight"":""0.03656"",""notes"":""Normalize within class_year + position_group.""}"
college_production,college_production_role_weights_by_class_position.csv,college_production_role_weights_by_class_position,weight_distribution,117,P,"{""class_year"":""FR"",""position_group"":""P"",""role_tier"":""starter"",""weight"":""0.06061"",""notes"":""Normalize within class_year + position_group.""}"
college_production,college_production_role_weights_by_class_position.csv,college_production_role_weights_by_class_position,weight_distribution,118,P,"{""class_year"":""FR"",""position_group"":""P"",""role_tier"":""impact_starter"",""weight"":""0.02045"",""notes"":""Normalize within class_year + position_group.""}"
college_production,college_production_role_weights_by_class_position.csv,college_production_role_weights_by_class_position,weight_distribution,119,P,"{""class_year"":""FR"",""position_group"":""P"",""role_tier"":""all_conference"",""weight"":""0.00289"",""notes"":""Normalize within class_year + position_group.""}"
college_production,college_production_role_weights_by_class_position.csv,college_production_role_weights_by_class_position,weight_distribution,120,P,"{""class_year"":""FR"",""position_group"":""P"",""role_tier"":""all_american"",""weight"":""0.00058"",""notes"":""Normalize within class_year + position_group.""}"
college_production,college_production_role_weights_by_class_position.csv,college_production_role_weights_by_class_position,weight_distribution,121,QB,"{""class_year"":""RS-FR"",""position_group"":""QB"",""role_tier"":""redshirt"",""weight"":""0.06041"",""notes"":""Normalize within class_year + position_group.""}"
college_production,college_production_role_weights_by_class_position.csv,college_production_role_weights_by_class_position,weight_distribution,122,QB,"{""class_year"":""RS-FR"",""position_group"":""QB"",""role_tier"":""bench"",""weight"":""0.23157"",""notes"":""Normalize within class_year + position_group.""}"
college_production,college_production_role_weights_by_class_position.csv,college_production_role_weights_by_class_position,weight_distribution,123,QB,"{""class_year"":""RS-FR"",""position_group"":""QB"",""role_tier"":""special_teams"",""weight"":""0.09062"",""notes"":""Normalize within class_year + position_group.""}"
college_production,college_production_role_weights_by_class_position.csv,college_production_role_weights_by_class_position,weight_distribution,124,QB,"{""class_year"":""RS-FR"",""position_group"":""QB"",""role_tier"":""depth"",""weight"":""0.19936"",""notes"":""Normalize within class_year + position_group.""}"
college_production,college_production_role_weights_by_class_position.csv,college_production_role_weights_by_class_position,weight_distribution,125,QB,"{""class_year"":""RS-FR"",""position_group"":""QB"",""role_tier"":""rotation"",""weight"":""0.1913"",""notes"":""Normalize within class_year + position_group.""}"
college_production,college_production_role_weights_by_class_position.csv,college_production_role_weights_by_class_position,weight_distribution,126,QB,"{""class_year"":""RS-FR"",""position_group"":""QB"",""role_tier"":""spot_starter"",""weight"":""0.07652"",""notes"":""Normalize within class_year + position_group.""}"
college_production,college_production_role_weights_by_class_position.csv,college_production_role_weights_by_class_position,weight_distribution,127,QB,"{""class_year"":""RS-FR"",""position_group"":""QB"",""role_tier"":""starter"",""weight"":""0.10874"",""notes"":""Normalize within class_year + position_group.""}"
college_production,college_production_role_weights_by_class_position.csv,college_production_role_weights_by_class_position,weight_distribution,128,QB,"{""class_year"":""RS-FR"",""position_group"":""QB"",""role_tier"":""impact_starter"",""weight"":""0.03423"",""notes"":""Normalize within class_year + position_group.""}"
college_production,college_production_role_weights_by_class_position.csv,college_production_role_weights_by_class_position,weight_distribution,129,QB,"{""class_year"":""RS-FR"",""position_group"":""QB"",""role_tier"":""all_conference"",""weight"":""0.00604"",""notes"":""Normalize within class_year + position_group.""}"
college_production,college_production_role_weights_by_class_position.csv,college_production_role_weights_by_class_position,weight_distribution,130,QB,"{""class_year"":""RS-FR"",""position_group"":""QB"",""role_tier"":""all_american"",""weight"":""0.00121"",""notes"":""Normalize within class_year + position_group.""}"
college_production,college_production_role_weights_by_class_position.csv,college_production_role_weights_by_class_position,weight_distribution,131,RB,"{""class_year"":""RS-FR"",""position_group"":""RB"",""role_tier"":""redshirt"",""weight"":""0.03539"",""notes"":""Normalize within class_year + position_group.""}"
college_production,college_production_role_weights_by_class_position.csv,college_production_role_weights_by_class_position,weight_distribution,132,RB,"{""class_year"":""RS-FR"",""position_group"":""RB"",""role_tier"":""bench"",""weight"":""0.16986"",""notes"":""Normalize within class_year + position_group.""}"
college_production,college_production_role_weights_by_class_position.csv,college_production_role_weights_by_class_position,weight_distribution,133,RB,"{""class_year"":""RS-FR"",""position_group"":""RB"",""role_tier"":""special_teams"",""weight"":""0.14155"",""notes"":""Normalize within class_year + position_group.""}"
college_production,college_production_role_weights_by_class_position.csv,college_production_role_weights_by_class_position,weight_distribution,134,RB,"{""class_year"":""RS-FR"",""position_group"":""RB"",""role_tier"":""depth"",""weight"":""0.17835"",""notes"":""Normalize within class_year + position_group.""}"
college_production,college_production_role_weights_by_class_position.csv,college_production_role_weights_by_class_position,weight_distribution,135,RB,"{""class_year"":""RS-FR"",""position_group"":""RB"",""role_tier"":""rotation"",""weight"":""0.21704"",""notes"":""Normalize within class_year + position_group.""}"
college_production,college_production_role_weights_by_class_position.csv,college_production_role_weights_by_class_position,weight_distribution,136,RB,"{""class_year"":""RS-FR"",""position_group"":""RB"",""role_tier"":""spot_starter"",""weight"":""0.08304"",""notes"":""Normalize within class_year + position_group.""}"
college_production,college_production_role_weights_by_class_position.csv,college_production_role_weights_by_class_position,weight_distribution,137,RB,"{""class_year"":""RS-FR"",""position_group"":""RB"",""role_tier"":""starter"",""weight"":""0.12683"",""notes"":""Normalize within class_year + position_group.""}"
college_production,college_production_role_weights_by_class_position.csv,college_production_role_weights_by_class_position,weight_distribution,138,RB,"{""class_year"":""RS-FR"",""position_group"":""RB"",""role_tier"":""impact_starter"",""weight"":""0.03963"",""notes"":""Normalize within class_year + position_group.""}"
college_production,college_production_role_weights_by_class_position.csv,college_production_role_weights_by_class_position,weight_distribution,139,RB,"{""class_year"":""RS-FR"",""position_group"":""RB"",""role_tier"":""all_conference"",""weight"":""0.00679"",""notes"":""Normalize within class_year + position_group.""}"
college_production,college_production_role_weights_by_class_position.csv,college_production_role_weights_by_class_position,weight_distribution,140,RB,"{""class_year"":""RS-FR"",""position_group"":""RB"",""role_tier"":""all_american"",""weight"":""0.00151"",""notes"":""Normalize within class_year + position_group.""}"
college_production,college_production_role_weights_by_class_position.csv,college_production_role_weights_by_class_position,weight_distribution,141,WR,"{""class_year"":""RS-FR"",""position_group"":""WR"",""role_tier"":""redshirt"",""weight"":""0.03539"",""notes"":""Normalize within class_year + position_group.""}"
college_production,college_production_role_weights_by_class_position.csv,college_production_role_weights_by_class_position,weight_distribution,142,WR,"{""class_year"":""RS-FR"",""position_group"":""WR"",""role_tier"":""bench"",""weight"":""0.16986"",""notes"":""Normalize within class_year + position_group.""}"
college_production,college_production_role_weights_by_class_position.csv,college_production_role_weights_by_class_position,weight_distribution,143,WR,"{""class_year"":""RS-FR"",""position_group"":""WR"",""role_tier"":""special_teams"",""weight"":""0.14155"",""notes"":""Normalize within class_year + position_group.""}"
college_production,college_production_role_weights_by_class_position.csv,college_production_role_weights_by_class_position,weight_distribution,144,WR,"{""class_year"":""RS-FR"",""position_group"":""WR"",""role_tier"":""depth"",""weight"":""0.17835"",""notes"":""Normalize within class_year + position_group.""}"
college_production,college_production_role_weights_by_class_position.csv,college_production_role_weights_by_class_position,weight_distribution,145,WR,"{""class_year"":""RS-FR"",""position_group"":""WR"",""role_tier"":""rotation"",""weight"":""0.21704"",""notes"":""Normalize within class_year + position_group.""}"
college_production,college_production_role_weights_by_class_position.csv,college_production_role_weights_by_class_position,weight_distribution,146,WR,"{""class_year"":""RS-FR"",""position_group"":""WR"",""role_tier"":""spot_starter"",""weight"":""0.08304"",""notes"":""Normalize within class_year + position_group.""}"
college_production,college_production_role_weights_by_class_position.csv,college_production_role_weights_by_class_position,weight_distribution,147,WR,"{""class_year"":""RS-FR"",""position_group"":""WR"",""role_tier"":""starter"",""weight"":""0.12683"",""notes"":""Normalize within class_year + position_group.""}"
college_production,college_production_role_weights_by_class_position.csv,college_production_role_weights_by_class_position,weight_distribution,148,WR,"{""class_year"":""RS-FR"",""position_group"":""WR"",""role_tier"":""impact_starter"",""weight"":""0.03963"",""notes"":""Normalize within class_year + position_group.""}"
college_production,college_production_role_weights_by_class_position.csv,college_production_role_weights_by_class_position,weight_distribution,149,WR,"{""class_year"":""RS-FR"",""position_group"":""WR"",""role_tier"":""all_conference"",""weight"":""0.00679"",""notes"":""Normalize within class_year + position_group.""}"
college_production,college_production_role_weights_by_class_position.csv,college_production_role_weights_by_class_position,weight_distribution,150,WR,"{""class_year"":""RS-FR"",""position_group"":""WR"",""role_tier"":""all_american"",""weight"":""0.00151"",""notes"":""Normalize within class_year + position_group.""}"
college_production,college_production_role_weights_by_class_position.csv,college_production_role_weights_by_class_position,weight_distribution,151,TE,"{""class_year"":""RS-FR"",""position_group"":""TE"",""role_tier"":""redshirt"",""weight"":""0.06041"",""notes"":""Normalize within class_year + position_group.""}"
college_production,college_production_role_weights_by_class_position.csv,college_production_role_weights_by_class_position,weight_distribution,152,TE,"{""class_year"":""RS-FR"",""position_group"":""TE"",""role_tier"":""bench"",""weight"":""0.23157"",""notes"":""Normalize within class_year + position_group.""}"
college_production,college_production_role_weights_by_class_position.csv,college_production_role_weights_by_class_position,weight_distribution,153,TE,"{""class_year"":""RS-FR"",""position_group"":""TE"",""role_tier"":""special_teams"",""weight"":""0.09062"",""notes"":""Normalize within class_year + position_group.""}"
college_production,college_production_role_weights_by_class_position.csv,college_production_role_weights_by_class_position,weight_distribution,154,TE,"{""class_year"":""RS-FR"",""position_group"":""TE"",""role_tier"":""depth"",""weight"":""0.19936"",""notes"":""Normalize within class_year + position_group.""}"
college_production,college_production_role_weights_by_class_position.csv,college_production_role_weights_by_class_position,weight_distribution,155,TE,"{""class_year"":""RS-FR"",""position_group"":""TE"",""role_tier"":""rotation"",""weight"":""0.1913"",""notes"":""Normalize within class_year + position_group.""}"
college_production,college_production_role_weights_by_class_position.csv,college_production_role_weights_by_class_position,weight_distribution,156,TE,"{""class_year"":""RS-FR"",""position_group"":""TE"",""role_tier"":""spot_starter"",""weight"":""0.07652"",""notes"":""Normalize within class_year + position_group.""}"
college_production,college_production_role_weights_by_class_position.csv,college_production_role_weights_by_class_position,weight_distribution,157,TE,"{""class_year"":""RS-FR"",""position_group"":""TE"",""role_tier"":""starter"",""weight"":""0.10874"",""notes"":""Normalize within class_year + position_group.""}"
college_production,college_production_role_weights_by_class_position.csv,college_production_role_weights_by_class_position,weight_distribution,158,TE,"{""class_year"":""RS-FR"",""position_group"":""TE"",""role_tier"":""impact_starter"",""weight"":""0.03423"",""notes"":""Normalize within class_year + position_group.""}"
college_production,college_production_role_weights_by_class_position.csv,college_production_role_weights_by_class_position,weight_distribution,159,TE,"{""class_year"":""RS-FR"",""position_group"":""TE"",""role_tier"":""all_conference"",""weight"":""0.00604"",""notes"":""Normalize within class_year + position_group.""}"
college_production,college_production_role_weights_by_class_position.csv,college_production_role_weights_by_class_position,weight_distribution,160,TE,"{""class_year"":""RS-FR"",""position_group"":""TE"",""role_tier"":""all_american"",""weight"":""0.00121"",""notes"":""Normalize within class_year + position_group.""}"
college_production,college_production_role_weights_by_class_position.csv,college_production_role_weights_by_class_position,weight_distribution,161,OL,"{""class_year"":""RS-FR"",""position_group"":""OL"",""role_tier"":""redshirt"",""weight"":""0.06041"",""notes"":""Normalize within class_year + position_group.""}"
college_production,college_production_role_weights_by_class_position.csv,college_production_role_weights_by_class_position,weight_distribution,162,OL,"{""class_year"":""RS-FR"",""position_group"":""OL"",""role_tier"":""bench"",""weight"":""0.23157"",""notes"":""Normalize within class_year + position_group.""}"
college_production,college_production_role_weights_by_class_position.csv,college_production_role_weights_by_class_position,weight_distribution,163,OL,"{""class_year"":""RS-FR"",""position_group"":""OL"",""role_tier"":""special_teams"",""weight"":""0.09062"",""notes"":""Normalize within class_year + position_group.""}"
college_production,college_production_role_weights_by_class_position.csv,college_production_role_weights_by_class_position,weight_distribution,164,OL,"{""class_year"":""RS-FR"",""position_group"":""OL"",""role_tier"":""depth"",""weight"":""0.19936"",""notes"":""Normalize within class_year + position_group.""}"
college_production,college_production_role_weights_by_class_position.csv,college_production_role_weights_by_class_position,weight_distribution,165,OL,"{""class_year"":""RS-FR"",""position_group"":""OL"",""role_tier"":""rotation"",""weight"":""0.1913"",""notes"":""Normalize within class_year + position_group.""}"
college_production,college_production_role_weights_by_class_position.csv,college_production_role_weights_by_class_position,weight_distribution,166,OL,"{""class_year"":""RS-FR"",""position_group"":""OL"",""role_tier"":""spot_starter"",""weight"":""0.07652"",""notes"":""Normalize within class_year + position_group.""}"
college_production,college_production_role_weights_by_class_position.csv,college_production_role_weights_by_class_position,weight_distribution,167,OL,"{""class_year"":""RS-FR"",""position_group"":""OL"",""role_tier"":""starter"",""weight"":""0.10874"",""notes"":""Normalize within class_year + position_group.""}"
college_production,college_production_role_weights_by_class_position.csv,college_production_role_weights_by_class_position,weight_distribution,168,OL,"{""class_year"":""RS-FR"",""position_group"":""OL"",""role_tier"":""impact_starter"",""weight"":""0.03423"",""notes"":""Normalize within class_year + position_group.""}"
college_production,college_production_role_weights_by_class_position.csv,college_production_role_weights_by_class_position,weight_distribution,169,OL,"{""class_year"":""RS-FR"",""position_group"":""OL"",""role_tier"":""all_conference"",""weight"":""0.00604"",""notes"":""Normalize within class_year + position_group.""}"
college_production,college_production_role_weights_by_class_position.csv,college_production_role_weights_by_class_position,weight_distribution,170,OL,"{""class_year"":""RS-FR"",""position_group"":""OL"",""role_tier"":""all_american"",""weight"":""0.00121"",""notes"":""Normalize within class_year + position_group.""}"
college_production,college_production_role_weights_by_class_position.csv,college_production_role_weights_by_class_position,weight_distribution,171,EDGE,"{""class_year"":""RS-FR"",""position_group"":""EDGE"",""role_tier"":""redshirt"",""weight"":""0.04348"",""notes"":""Normalize within class_year + position_group.""}"
college_production,college_production_role_weights_by_class_position.csv,college_production_role_weights_by_class_position,weight_distribution,172,EDGE,"{""class_year"":""RS-FR"",""position_group"":""EDGE"",""role_tier"":""bench"",""weight"":""0.19326"",""notes"":""Normalize within class_year + position_group.""}"
college_production,college_production_role_weights_by_class_position.csv,college_production_role_weights_by_class_position,weight_distribution,173,EDGE,"{""class_year"":""RS-FR"",""position_group"":""EDGE"",""role_tier"":""special_teams"",""weight"":""0.11595"",""notes"":""Normalize within class_year + position_group.""}"
college_production,college_production_role_weights_by_class_position.csv,college_production_role_weights_by_class_position,weight_distribution,174,EDGE,"{""class_year"":""RS-FR"",""position_group"":""EDGE"",""role_tier"":""depth"",""weight"":""0.18263"",""notes"":""Normalize within class_year + position_group.""}"
college_production,college_production_role_weights_by_class_position.csv,college_production_role_weights_by_class_position,weight_distribution,175,EDGE,"{""class_year"":""RS-FR"",""position_group"":""EDGE"",""role_tier"":""rotation"",""weight"":""0.20872"",""notes"":""Normalize within class_year + position_group.""}"
college_production,college_production_role_weights_by_class_position.csv,college_production_role_weights_by_class_position,weight_distribution,176,EDGE,"{""class_year"":""RS-FR"",""position_group"":""EDGE"",""role_tier"":""spot_starter"",""weight"":""0.08117"",""notes"":""Normalize within class_year + position_group.""}"
college_production,college_production_role_weights_by_class_position.csv,college_production_role_weights_by_class_position,weight_distribution,177,EDGE,"{""class_year"":""RS-FR"",""position_group"":""EDGE"",""role_tier"":""starter"",""weight"":""0.12523"",""notes"":""Normalize within class_year + position_group.""}"
college_production,college_production_role_weights_by_class_position.csv,college_production_role_weights_by_class_position,weight_distribution,178,EDGE,"{""class_year"":""RS-FR"",""position_group"":""EDGE"",""role_tier"":""impact_starter"",""weight"":""0.04058"",""notes"":""Normalize within class_year + position_group.""}"
college_production,college_production_role_weights_by_class_position.csv,college_production_role_weights_by_class_position,weight_distribution,179,EDGE,"{""class_year"":""RS-FR"",""position_group"":""EDGE"",""role_tier"":""all_conference"",""weight"":""0.00734"",""notes"":""Normalize within class_year + position_group.""}"
college_production,college_production_role_weights_by_class_position.csv,college_production_role_weights_by_class_position,weight_distribution,180,EDGE,"{""class_year"":""RS-FR"",""position_group"":""EDGE"",""role_tier"":""all_american"",""weight"":""0.00164"",""notes"":""Normalize within class_year + position_group.""}"
college_production,college_production_role_weights_by_class_position.csv,college_production_role_weights_by_class_position,weight_distribution,181,DL,"{""class_year"":""RS-FR"",""position_group"":""DL"",""role_tier"":""redshirt"",""weight"":""0.04348"",""notes"":""Normalize within class_year + position_group.""}"
college_production,college_production_role_weights_by_class_position.csv,college_production_role_weights_by_class_position,weight_distribution,182,DL,"{""class_year"":""RS-FR"",""position_group"":""DL"",""role_tier"":""bench"",""weight"":""0.19326"",""notes"":""Normalize within class_year + position_group.""}"
college_production,college_production_role_weights_by_class_position.csv,college_production_role_weights_by_class_position,weight_distribution,183,DL,"{""class_year"":""RS-FR"",""position_group"":""DL"",""role_tier"":""special_teams"",""weight"":""0.11595"",""notes"":""Normalize within class_year + position_group.""}"
college_production,college_production_role_weights_by_class_position.csv,college_production_role_weights_by_class_position,weight_distribution,184,DL,"{""class_year"":""RS-FR"",""position_group"":""DL"",""role_tier"":""depth"",""weight"":""0.18263"",""notes"":""Normalize within class_year + position_group.""}"
college_production,college_production_role_weights_by_class_position.csv,college_production_role_weights_by_class_position,weight_distribution,185,DL,"{""class_year"":""RS-FR"",""position_group"":""DL"",""role_tier"":""rotation"",""weight"":""0.20872"",""notes"":""Normalize within class_year + position_group.""}"
college_production,college_production_role_weights_by_class_position.csv,college_production_role_weights_by_class_position,weight_distribution,186,DL,"{""class_year"":""RS-FR"",""position_group"":""DL"",""role_tier"":""spot_starter"",""weight"":""0.08117"",""notes"":""Normalize within class_year + position_group.""}"
college_production,college_production_role_weights_by_class_position.csv,college_production_role_weights_by_class_position,weight_distribution,187,DL,"{""class_year"":""RS-FR"",""position_group"":""DL"",""role_tier"":""starter"",""weight"":""0.12523"",""notes"":""Normalize within class_year + position_group.""}"
college_production,college_production_role_weights_by_class_position.csv,college_production_role_weights_by_class_position,weight_distribution,188,DL,"{""class_year"":""RS-FR"",""position_group"":""DL"",""role_tier"":""impact_starter"",""weight"":""0.04058"",""notes"":""Normalize within class_year + position_group.""}"
college_production,college_production_role_weights_by_class_position.csv,college_production_role_weights_by_class_position,weight_distribution,189,DL,"{""class_year"":""RS-FR"",""position_group"":""DL"",""role_tier"":""all_conference"",""weight"":""0.00734"",""notes"":""Normalize within class_year + position_group.""}"
college_production,college_production_role_weights_by_class_position.csv,college_production_role_weights_by_class_position,weight_distribution,190,DL,"{""class_year"":""RS-FR"",""position_group"":""DL"",""role_tier"":""all_american"",""weight"":""0.00164"",""notes"":""Normalize within class_year + position_group.""}"
college_production,college_production_role_weights_by_class_position.csv,college_production_role_weights_by_class_position,weight_distribution,191,LB,"{""class_year"":""RS-FR"",""position_group"":""LB"",""role_tier"":""redshirt"",""weight"":""0.04348"",""notes"":""Normalize within class_year + position_group.""}"
college_production,college_production_role_weights_by_class_position.csv,college_production_role_weights_by_class_position,weight_distribution,192,LB,"{""class_year"":""RS-FR"",""position_group"":""LB"",""role_tier"":""bench"",""weight"":""0.19326"",""notes"":""Normalize within class_year + position_group.""}"
college_production,college_production_role_weights_by_class_position.csv,college_production_role_weights_by_class_position,weight_distribution,193,LB,"{""class_year"":""RS-FR"",""position_group"":""LB"",""role_tier"":""special_teams"",""weight"":""0.11595"",""notes"":""Normalize within class_year + position_group.""}"
college_production,college_production_role_weights_by_class_position.csv,college_production_role_weights_by_class_position,weight_distribution,194,LB,"{""class_year"":""RS-FR"",""position_group"":""LB"",""role_tier"":""depth"",""weight"":""0.18263"",""notes"":""Normalize within class_year + position_group.""}"
college_production,college_production_role_weights_by_class_position.csv,college_production_role_weights_by_class_position,weight_distribution,195,LB,"{""class_year"":""RS-FR"",""position_group"":""LB"",""role_tier"":""rotation"",""weight"":""0.20872"",""notes"":""Normalize within class_year + position_group.""}"
college_production,college_production_role_weights_by_class_position.csv,college_production_role_weights_by_class_position,weight_distribution,196,LB,"{""class_year"":""RS-FR"",""position_group"":""LB"",""role_tier"":""spot_starter"",""weight"":""0.08117"",""notes"":""Normalize within class_year + position_group.""}"
college_production,college_production_role_weights_by_class_position.csv,college_production_role_weights_by_class_position,weight_distribution,197,LB,"{""class_year"":""RS-FR"",""position_group"":""LB"",""role_tier"":""starter"",""weight"":""0.12523"",""notes"":""Normalize within class_year + position_group.""}"
college_production,college_production_role_weights_by_class_position.csv,college_production_role_weights_by_class_position,weight_distribution,198,LB,"{""class_year"":""RS-FR"",""position_group"":""LB"",""role_tier"":""impact_starter"",""weight"":""0.04058"",""notes"":""Normalize within class_year + position_group.""}"
college_production,college_production_role_weights_by_class_position.csv,college_production_role_weights_by_class_position,weight_distribution,199,LB,"{""class_year"":""RS-FR"",""position_group"":""LB"",""role_tier"":""all_conference"",""weight"":""0.00734"",""notes"":""Normalize within class_year + position_group.""}"
college_production,college_production_role_weights_by_class_position.csv,college_production_role_weights_by_class_position,weight_distribution,200,LB,"{""class_year"":""RS-FR"",""position_group"":""LB"",""role_tier"":""all_american"",""weight"":""0.00164"",""notes"":""Normalize within class_year + position_group.""}"
college_production,college_production_role_weights_by_class_position.csv,college_production_role_weights_by_class_position,weight_distribution,201,CB,"{""class_year"":""RS-FR"",""position_group"":""CB"",""role_tier"":""redshirt"",""weight"":""0.03539"",""notes"":""Normalize within class_year + position_group.""}"
college_production,college_production_role_weights_by_class_position.csv,college_production_role_weights_by_class_position,weight_distribution,202,CB,"{""class_year"":""RS-FR"",""position_group"":""CB"",""role_tier"":""bench"",""weight"":""0.16986"",""notes"":""Normalize within class_year + position_group.""}"
college_production,college_production_role_weights_by_class_position.csv,college_production_role_weights_by_class_position,weight_distribution,203,CB,"{""class_year"":""RS-FR"",""position_group"":""CB"",""role_tier"":""special_teams"",""weight"":""0.14155"",""notes"":""Normalize within class_year + position_group.""}"
college_production,college_production_role_weights_by_class_position.csv,college_production_role_weights_by_class_position,weight_distribution,204,CB,"{""class_year"":""RS-FR"",""position_group"":""CB"",""role_tier"":""depth"",""weight"":""0.17835"",""notes"":""Normalize within class_year + position_group.""}"
college_production,college_production_role_weights_by_class_position.csv,college_production_role_weights_by_class_position,weight_distribution,205,CB,"{""class_year"":""RS-FR"",""position_group"":""CB"",""role_tier"":""rotation"",""weight"":""0.21704"",""notes"":""Normalize within class_year + position_group.""}"
college_production,college_production_role_weights_by_class_position.csv,college_production_role_weights_by_class_position,weight_distribution,206,CB,"{""class_year"":""RS-FR"",""position_group"":""CB"",""role_tier"":""spot_starter"",""weight"":""0.08304"",""notes"":""Normalize within class_year + position_group.""}"
college_production,college_production_role_weights_by_class_position.csv,college_production_role_weights_by_class_position,weight_distribution,207,CB,"{""class_year"":""RS-FR"",""position_group"":""CB"",""role_tier"":""starter"",""weight"":""0.12683"",""notes"":""Normalize within class_year + position_group.""}"
college_production,college_production_role_weights_by_class_position.csv,college_production_role_weights_by_class_position,weight_distribution,208,CB,"{""class_year"":""RS-FR"",""position_group"":""CB"",""role_tier"":""impact_starter"",""weight"":""0.03963"",""notes"":""Normalize within class_year + position_group.""}"
college_production,college_production_role_weights_by_class_position.csv,college_production_role_weights_by_class_position,weight_distribution,209,CB,"{""class_year"":""RS-FR"",""position_group"":""CB"",""role_tier"":""all_conference"",""weight"":""0.00679"",""notes"":""Normalize within class_year + position_group.""}"
college_production,college_production_role_weights_by_class_position.csv,college_production_role_weights_by_class_position,weight_distribution,210,CB,"{""class_year"":""RS-FR"",""position_group"":""CB"",""role_tier"":""all_american"",""weight"":""0.00151"",""notes"":""Normalize within class_year + position_group.""}"
college_production,college_production_role_weights_by_class_position.csv,college_production_role_weights_by_class_position,weight_distribution,211,S,"{""class_year"":""RS-FR"",""position_group"":""S"",""role_tier"":""redshirt"",""weight"":""0.03539"",""notes"":""Normalize within class_year + position_group.""}"
college_production,college_production_role_weights_by_class_position.csv,college_production_role_weights_by_class_position,weight_distribution,212,S,"{""class_year"":""RS-FR"",""position_group"":""S"",""role_tier"":""bench"",""weight"":""0.16986"",""notes"":""Normalize within class_year + position_group.""}"
college_production,college_production_role_weights_by_class_position.csv,college_production_role_weights_by_class_position,weight_distribution,213,S,"{""class_year"":""RS-FR"",""position_group"":""S"",""role_tier"":""special_teams"",""weight"":""0.14155"",""notes"":""Normalize within class_year + position_group.""}"
college_production,college_production_role_weights_by_class_position.csv,college_production_role_weights_by_class_position,weight_distribution,214,S,"{""class_year"":""RS-FR"",""position_group"":""S"",""role_tier"":""depth"",""weight"":""0.17835"",""notes"":""Normalize within class_year + position_group.""}"
college_production,college_production_role_weights_by_class_position.csv,college_production_role_weights_by_class_position,weight_distribution,215,S,"{""class_year"":""RS-FR"",""position_group"":""S"",""role_tier"":""rotation"",""weight"":""0.21704"",""notes"":""Normalize within class_year + position_group.""}"
college_production,college_production_role_weights_by_class_position.csv,college_production_role_weights_by_class_position,weight_distribution,216,S,"{""class_year"":""RS-FR"",""position_group"":""S"",""role_tier"":""spot_starter"",""weight"":""0.08304"",""notes"":""Normalize within class_year + position_group.""}"
college_production,college_production_role_weights_by_class_position.csv,college_production_role_weights_by_class_position,weight_distribution,217,S,"{""class_year"":""RS-FR"",""position_group"":""S"",""role_tier"":""starter"",""weight"":""0.12683"",""notes"":""Normalize within class_year + position_group.""}"
college_production,college_production_role_weights_by_class_position.csv,college_production_role_weights_by_class_position,weight_distribution,218,S,"{""class_year"":""RS-FR"",""position_group"":""S"",""role_tier"":""impact_starter"",""weight"":""0.03963"",""notes"":""Normalize within class_year + position_group.""}"
college_production,college_production_role_weights_by_class_position.csv,college_production_role_weights_by_class_position,weight_distribution,219,S,"{""class_year"":""RS-FR"",""position_group"":""S"",""role_tier"":""all_conference"",""weight"":""0.00679"",""notes"":""Normalize within class_year + position_group.""}"
college_production,college_production_role_weights_by_class_position.csv,college_production_role_weights_by_class_position,weight_distribution,220,S,"{""class_year"":""RS-FR"",""position_group"":""S"",""role_tier"":""all_american"",""weight"":""0.00151"",""notes"":""Normalize within class_year + position_group.""}"
college_production,college_production_role_weights_by_class_position.csv,college_production_role_weights_by_class_position,weight_distribution,221,K,"{""class_year"":""RS-FR"",""position_group"":""K"",""role_tier"":""redshirt"",""weight"":""0.06041"",""notes"":""Normalize within class_year + position_group.""}"
college_production,college_production_role_weights_by_class_position.csv,college_production_role_weights_by_class_position,weight_distribution,222,K,"{""class_year"":""RS-FR"",""position_group"":""K"",""role_tier"":""bench"",""weight"":""0.23157"",""notes"":""Normalize within class_year + position_group.""}"
college_production,college_production_role_weights_by_class_position.csv,college_production_role_weights_by_class_position,weight_distribution,223,K,"{""class_year"":""RS-FR"",""position_group"":""K"",""role_tier"":""special_teams"",""weight"":""0.09062"",""notes"":""Normalize within class_year + position_group.""}"
college_production,college_production_role_weights_by_class_position.csv,college_production_role_weights_by_class_position,weight_distribution,224,K,"{""class_year"":""RS-FR"",""position_group"":""K"",""role_tier"":""depth"",""weight"":""0.19936"",""notes"":""Normalize within class_year + position_group.""}"
college_production,college_production_role_weights_by_class_position.csv,college_production_role_weights_by_class_position,weight_distribution,225,K,"{""class_year"":""RS-FR"",""position_group"":""K"",""role_tier"":""rotation"",""weight"":""0.1913"",""notes"":""Normalize within class_year + position_group.""}"
college_production,college_production_role_weights_by_class_position.csv,college_production_role_weights_by_class_position,weight_distribution,226,K,"{""class_year"":""RS-FR"",""position_group"":""K"",""role_tier"":""spot_starter"",""weight"":""0.07652"",""notes"":""Normalize within class_year + position_group.""}"
college_production,college_production_role_weights_by_class_position.csv,college_production_role_weights_by_class_position,weight_distribution,227,K,"{""class_year"":""RS-FR"",""position_group"":""K"",""role_tier"":""starter"",""weight"":""0.10874"",""notes"":""Normalize within class_year + position_group.""}"
college_production,college_production_role_weights_by_class_position.csv,college_production_role_weights_by_class_position,weight_distribution,228,K,"{""class_year"":""RS-FR"",""position_group"":""K"",""role_tier"":""impact_starter"",""weight"":""0.03423"",""notes"":""Normalize within class_year + position_group.""}"
college_production,college_production_role_weights_by_class_position.csv,college_production_role_weights_by_class_position,weight_distribution,229,K,"{""class_year"":""RS-FR"",""position_group"":""K"",""role_tier"":""all_conference"",""weight"":""0.00604"",""notes"":""Normalize within class_year + position_group.""}"
college_production,college_production_role_weights_by_class_position.csv,college_production_role_weights_by_class_position,weight_distribution,230,K,"{""class_year"":""RS-FR"",""position_group"":""K"",""role_tier"":""all_american"",""weight"":""0.00121"",""notes"":""Normalize within class_year + position_group.""}"
college_production,college_production_role_weights_by_class_position.csv,college_production_role_weights_by_class_position,weight_distribution,231,P,"{""class_year"":""RS-FR"",""position_group"":""P"",""role_tier"":""redshirt"",""weight"":""0.06041"",""notes"":""Normalize within class_year + position_group.""}"
college_production,college_production_role_weights_by_class_position.csv,college_production_role_weights_by_class_position,weight_distribution,232,P,"{""class_year"":""RS-FR"",""position_group"":""P"",""role_tier"":""bench"",""weight"":""0.23157"",""notes"":""Normalize within class_year + position_group.""}"
college_production,college_production_role_weights_by_class_position.csv,college_production_role_weights_by_class_position,weight_distribution,233,P,"{""class_year"":""RS-FR"",""position_group"":""P"",""role_tier"":""special_teams"",""weight"":""0.09062"",""notes"":""Normalize within class_year + position_group.""}"
college_production,college_production_role_weights_by_class_position.csv,college_production_role_weights_by_class_position,weight_distribution,234,P,"{""class_year"":""RS-FR"",""position_group"":""P"",""role_tier"":""depth"",""weight"":""0.19936"",""notes"":""Normalize within class_year + position_group.""}"
college_production,college_production_role_weights_by_class_position.csv,college_production_role_weights_by_class_position,weight_distribution,235,P,"{""class_year"":""RS-FR"",""position_group"":""P"",""role_tier"":""rotation"",""weight"":""0.1913"",""notes"":""Normalize within class_year + position_group.""}"
college_production,college_production_role_weights_by_class_position.csv,college_production_role_weights_by_class_position,weight_distribution,236,P,"{""class_year"":""RS-FR"",""position_group"":""P"",""role_tier"":""spot_starter"",""weight"":""0.07652"",""notes"":""Normalize within class_year + position_group.""}"
college_production,college_production_role_weights_by_class_position.csv,college_production_role_weights_by_class_position,weight_distribution,237,P,"{""class_year"":""RS-FR"",""position_group"":""P"",""role_tier"":""starter"",""weight"":""0.10874"",""notes"":""Normalize within class_year + position_group.""}"
college_production,college_production_role_weights_by_class_position.csv,college_production_role_weights_by_class_position,weight_distribution,238,P,"{""class_year"":""RS-FR"",""position_group"":""P"",""role_tier"":""impact_starter"",""weight"":""0.03423"",""notes"":""Normalize within class_year + position_group.""}"
college_production,college_production_role_weights_by_class_position.csv,college_production_role_weights_by_class_position,weight_distribution,239,P,"{""class_year"":""RS-FR"",""position_group"":""P"",""role_tier"":""all_conference"",""weight"":""0.00604"",""notes"":""Normalize within class_year + position_group.""}"
college_production,college_production_role_weights_by_class_position.csv,college_production_role_weights_by_class_position,weight_distribution,240,P,"{""class_year"":""RS-FR"",""position_group"":""P"",""role_tier"":""all_american"",""weight"":""0.00121"",""notes"":""Normalize within class_year + position_group.""}"
college_production,college_production_role_weights_by_class_position.csv,college_production_role_weights_by_class_position,weight_distribution,241,QB,"{""class_year"":""SO"",""position_group"":""QB"",""role_tier"":""redshirt"",""weight"":""0.02434"",""notes"":""Normalize within class_year + position_group.""}"
college_production,college_production_role_weights_by_class_position.csv,college_production_role_weights_by_class_position,weight_distribution,242,QB,"{""class_year"":""SO"",""position_group"":""QB"",""role_tier"":""bench"",""weight"":""0.17494"",""notes"":""Normalize within class_year + position_group.""}"
college_production,college_production_role_weights_by_class_position.csv,college_production_role_weights_by_class_position,weight_distribution,243,QB,"{""class_year"":""SO"",""position_group"":""QB"",""role_tier"":""special_teams"",""weight"":""0.06085"",""notes"":""Normalize within class_year + position_group.""}"
college_production,college_production_role_weights_by_class_position.csv,college_production_role_weights_by_class_position,weight_distribution,244,QB,"{""class_year"":""SO"",""position_group"":""QB"",""role_tier"":""depth"",""weight"":""0.18965"",""notes"":""Normalize within class_year + position_group.""}"
college_production,college_production_role_weights_by_class_position.csv,college_production_role_weights_by_class_position,weight_distribution,245,QB,"{""class_year"":""SO"",""position_group"":""QB"",""role_tier"":""rotation"",""weight"":""0.22159"",""notes"":""Normalize within class_year + position_group.""}"
college_production,college_production_role_weights_by_class_position.csv,college_production_role_weights_by_class_position,weight_distribution,246,QB,"{""class_year"":""SO"",""position_group"":""QB"",""role_tier"":""spot_starter"",""weight"":""0.10598"",""notes"":""Normalize within class_year + position_group.""}"
college_production,college_production_role_weights_by_class_position.csv,college_production_role_weights_by_class_position,weight_distribution,247,QB,"{""class_year"":""SO"",""position_group"":""QB"",""role_tier"":""starter"",""weight"":""0.16429"",""notes"":""Normalize within class_year + position_group.""}"
college_production,college_production_role_weights_by_class_position.csv,college_production_role_weights_by_class_position,weight_distribution,248,QB,"{""class_year"":""SO"",""position_group"":""QB"",""role_tier"":""impact_starter"",""weight"":""0.04741"",""notes"":""Normalize within class_year + position_group.""}"
college_production,college_production_role_weights_by_class_position.csv,college_production_role_weights_by_class_position,weight_distribution,249,QB,"{""class_year"":""SO"",""position_group"":""QB"",""role_tier"":""all_conference"",""weight"":""0.00913"",""notes"":""Normalize within class_year + position_group.""}"
college_production,college_production_role_weights_by_class_position.csv,college_production_role_weights_by_class_position,weight_distribution,250,QB,"{""class_year"":""SO"",""position_group"":""QB"",""role_tier"":""all_american"",""weight"":""0.00183"",""notes"":""Normalize within class_year + position_group.""}"
college_production,college_production_role_weights_by_class_position.csv,college_production_role_weights_by_class_position,weight_distribution,251,RB,"{""class_year"":""SO"",""position_group"":""RB"",""role_tier"":""redshirt"",""weight"":""0.01381"",""notes"":""Normalize within class_year + position_group.""}"
college_production,college_production_role_weights_by_class_position.csv,college_production_role_weights_by_class_position,weight_distribution,252,RB,"{""class_year"":""SO"",""position_group"":""RB"",""role_tier"":""bench"",""weight"":""0.12425"",""notes"":""Normalize within class_year + position_group.""}"
college_production,college_production_role_weights_by_class_position.csv,college_production_role_weights_by_class_position,weight_distribution,253,RB,"{""class_year"":""SO"",""position_group"":""RB"",""role_tier"":""special_teams"",""weight"":""0.09203"",""notes"":""Normalize within class_year + position_group.""}"
college_production,college_production_role_weights_by_class_position.csv,college_production_role_weights_by_class_position,weight_distribution,254,RB,"{""class_year"":""SO"",""position_group"":""RB"",""role_tier"":""depth"",""weight"":""0.16428"",""notes"":""Normalize within class_year + position_group.""}"
college_production,college_production_role_weights_by_class_position.csv,college_production_role_weights_by_class_position,weight_distribution,255,RB,"{""class_year"":""SO"",""position_group"":""RB"",""role_tier"":""rotation"",""weight"":""0.24343"",""notes"":""Normalize within class_year + position_group.""}"
college_production,college_production_role_weights_by_class_position.csv,college_production_role_weights_by_class_position,weight_distribution,256,RB,"{""class_year"":""SO"",""position_group"":""RB"",""role_tier"":""spot_starter"",""weight"":""0.11136"",""notes"":""Normalize within class_year + position_group.""}"
college_production,college_production_role_weights_by_class_position.csv,college_production_role_weights_by_class_position,weight_distribution,257,RB,"{""class_year"":""SO"",""position_group"":""RB"",""role_tier"":""starter"",""weight"":""0.18554"",""notes"":""Normalize within class_year + position_group.""}"
college_production,college_production_role_weights_by_class_position.csv,college_production_role_weights_by_class_position,weight_distribution,258,RB,"{""class_year"":""SO"",""position_group"":""RB"",""role_tier"":""impact_starter"",""weight"":""0.05315"",""notes"":""Normalize within class_year + position_group.""}"
college_production,college_production_role_weights_by_class_position.csv,college_production_role_weights_by_class_position,weight_distribution,259,RB,"{""class_year"":""SO"",""position_group"":""RB"",""role_tier"":""all_conference"",""weight"":""0.00994"",""notes"":""Normalize within class_year + position_group.""}"
college_production,college_production_role_weights_by_class_position.csv,college_production_role_weights_by_class_position,weight_distribution,260,RB,"{""class_year"":""SO"",""position_group"":""RB"",""role_tier"":""all_american"",""weight"":""0.00221"",""notes"":""Normalize within class_year + position_group.""}"
college_production,college_production_role_weights_by_class_position.csv,college_production_role_weights_by_class_position,weight_distribution,261,WR,"{""class_year"":""SO"",""position_group"":""WR"",""role_tier"":""redshirt"",""weight"":""0.01381"",""notes"":""Normalize within class_year + position_group.""}"
college_production,college_production_role_weights_by_class_position.csv,college_production_role_weights_by_class_position,weight_distribution,262,WR,"{""class_year"":""SO"",""position_group"":""WR"",""role_tier"":""bench"",""weight"":""0.12425"",""notes"":""Normalize within class_year + position_group.""}"
college_production,college_production_role_weights_by_class_position.csv,college_production_role_weights_by_class_position,weight_distribution,263,WR,"{""class_year"":""SO"",""position_group"":""WR"",""role_tier"":""special_teams"",""weight"":""0.09203"",""notes"":""Normalize within class_year + position_group.""}"
college_production,college_production_role_weights_by_class_position.csv,college_production_role_weights_by_class_position,weight_distribution,264,WR,"{""class_year"":""SO"",""position_group"":""WR"",""role_tier"":""depth"",""weight"":""0.16428"",""notes"":""Normalize within class_year + position_group.""}"
college_production,college_production_role_weights_by_class_position.csv,college_production_role_weights_by_class_position,weight_distribution,265,WR,"{""class_year"":""SO"",""position_group"":""WR"",""role_tier"":""rotation"",""weight"":""0.24343"",""notes"":""Normalize within class_year + position_group.""}"
college_production,college_production_role_weights_by_class_position.csv,college_production_role_weights_by_class_position,weight_distribution,266,WR,"{""class_year"":""SO"",""position_group"":""WR"",""role_tier"":""spot_starter"",""weight"":""0.11136"",""notes"":""Normalize within class_year + position_group.""}"
college_production,college_production_role_weights_by_class_position.csv,college_production_role_weights_by_class_position,weight_distribution,267,WR,"{""class_year"":""SO"",""position_group"":""WR"",""role_tier"":""starter"",""weight"":""0.18554"",""notes"":""Normalize within class_year + position_group.""}"
college_production,college_production_role_weights_by_class_position.csv,college_production_role_weights_by_class_position,weight_distribution,268,WR,"{""class_year"":""SO"",""position_group"":""WR"",""role_tier"":""impact_starter"",""weight"":""0.05315"",""notes"":""Normalize within class_year + position_group.""}"
college_production,college_production_role_weights_by_class_position.csv,college_production_role_weights_by_class_position,weight_distribution,269,WR,"{""class_year"":""SO"",""position_group"":""WR"",""role_tier"":""all_conference"",""weight"":""0.00994"",""notes"":""Normalize within class_year + position_group.""}"
college_production,college_production_role_weights_by_class_position.csv,college_production_role_weights_by_class_position,weight_distribution,270,WR,"{""class_year"":""SO"",""position_group"":""WR"",""role_tier"":""all_american"",""weight"":""0.00221"",""notes"":""Normalize within class_year + position_group.""}"
college_production,college_production_role_weights_by_class_position.csv,college_production_role_weights_by_class_position,weight_distribution,271,TE,"{""class_year"":""SO"",""position_group"":""TE"",""role_tier"":""redshirt"",""weight"":""0.02434"",""notes"":""Normalize within class_year + position_group.""}"
college_production,college_production_role_weights_by_class_position.csv,college_production_role_weights_by_class_position,weight_distribution,272,TE,"{""class_year"":""SO"",""position_group"":""TE"",""role_tier"":""bench"",""weight"":""0.17494"",""notes"":""Normalize within class_year + position_group.""}"
college_production,college_production_role_weights_by_class_position.csv,college_production_role_weights_by_class_position,weight_distribution,273,TE,"{""class_year"":""SO"",""position_group"":""TE"",""role_tier"":""special_teams"",""weight"":""0.06085"",""notes"":""Normalize within class_year + position_group.""}"
college_production,college_production_role_weights_by_class_position.csv,college_production_role_weights_by_class_position,weight_distribution,274,TE,"{""class_year"":""SO"",""position_group"":""TE"",""role_tier"":""depth"",""weight"":""0.18965"",""notes"":""Normalize within class_year + position_group.""}"
college_production,college_production_role_weights_by_class_position.csv,college_production_role_weights_by_class_position,weight_distribution,275,TE,"{""class_year"":""SO"",""position_group"":""TE"",""role_tier"":""rotation"",""weight"":""0.22159"",""notes"":""Normalize within class_year + position_group.""}"
college_production,college_production_role_weights_by_class_position.csv,college_production_role_weights_by_class_position,weight_distribution,276,TE,"{""class_year"":""SO"",""position_group"":""TE"",""role_tier"":""spot_starter"",""weight"":""0.10598"",""notes"":""Normalize within class_year + position_group.""}"
college_production,college_production_role_weights_by_class_position.csv,college_production_role_weights_by_class_position,weight_distribution,277,TE,"{""class_year"":""SO"",""position_group"":""TE"",""role_tier"":""starter"",""weight"":""0.16429"",""notes"":""Normalize within class_year + position_group.""}"
college_production,college_production_role_weights_by_class_position.csv,college_production_role_weights_by_class_position,weight_distribution,278,TE,"{""class_year"":""SO"",""position_group"":""TE"",""role_tier"":""impact_starter"",""weight"":""0.04741"",""notes"":""Normalize within class_year + position_group.""}"
college_production,college_production_role_weights_by_class_position.csv,college_production_role_weights_by_class_position,weight_distribution,279,TE,"{""class_year"":""SO"",""position_group"":""TE"",""role_tier"":""all_conference"",""weight"":""0.00913"",""notes"":""Normalize within class_year + position_group.""}"
college_production,college_production_role_weights_by_class_position.csv,college_production_role_weights_by_class_position,weight_distribution,280,TE,"{""class_year"":""SO"",""position_group"":""TE"",""role_tier"":""all_american"",""weight"":""0.00183"",""notes"":""Normalize within class_year + position_group.""}"
college_production,college_production_role_weights_by_class_position.csv,college_production_role_weights_by_class_position,weight_distribution,281,OL,"{""class_year"":""SO"",""position_group"":""OL"",""role_tier"":""redshirt"",""weight"":""0.02434"",""notes"":""Normalize within class_year + position_group.""}"
college_production,college_production_role_weights_by_class_position.csv,college_production_role_weights_by_class_position,weight_distribution,282,OL,"{""class_year"":""SO"",""position_group"":""OL"",""role_tier"":""bench"",""weight"":""0.17494"",""notes"":""Normalize within class_year + position_group.""}"
college_production,college_production_role_weights_by_class_position.csv,college_production_role_weights_by_class_position,weight_distribution,283,OL,"{""class_year"":""SO"",""position_group"":""OL"",""role_tier"":""special_teams"",""weight"":""0.06085"",""notes"":""Normalize within class_year + position_group.""}"
college_production,college_production_role_weights_by_class_position.csv,college_production_role_weights_by_class_position,weight_distribution,284,OL,"{""class_year"":""SO"",""position_group"":""OL"",""role_tier"":""depth"",""weight"":""0.18965"",""notes"":""Normalize within class_year + position_group.""}"
college_production,college_production_role_weights_by_class_position.csv,college_production_role_weights_by_class_position,weight_distribution,285,OL,"{""class_year"":""SO"",""position_group"":""OL"",""role_tier"":""rotation"",""weight"":""0.22159"",""notes"":""Normalize within class_year + position_group.""}"
college_production,college_production_role_weights_by_class_position.csv,college_production_role_weights_by_class_position,weight_distribution,286,OL,"{""class_year"":""SO"",""position_group"":""OL"",""role_tier"":""spot_starter"",""weight"":""0.10598"",""notes"":""Normalize within class_year + position_group.""}"
college_production,college_production_role_weights_by_class_position.csv,college_production_role_weights_by_class_position,weight_distribution,287,OL,"{""class_year"":""SO"",""position_group"":""OL"",""role_tier"":""starter"",""weight"":""0.16429"",""notes"":""Normalize within class_year + position_group.""}"
college_production,college_production_role_weights_by_class_position.csv,college_production_role_weights_by_class_position,weight_distribution,288,OL,"{""class_year"":""SO"",""position_group"":""OL"",""role_tier"":""impact_starter"",""weight"":""0.04741"",""notes"":""Normalize within class_year + position_group.""}"
college_production,college_production_role_weights_by_class_position.csv,college_production_role_weights_by_class_position,weight_distribution,289,OL,"{""class_year"":""SO"",""position_group"":""OL"",""role_tier"":""all_conference"",""weight"":""0.00913"",""notes"":""Normalize within class_year + position_group.""}"
college_production,college_production_role_weights_by_class_position.csv,college_production_role_weights_by_class_position,weight_distribution,290,OL,"{""class_year"":""SO"",""position_group"":""OL"",""role_tier"":""all_american"",""weight"":""0.00183"",""notes"":""Normalize within class_year + position_group.""}"
college_production,college_production_role_weights_by_class_position.csv,college_production_role_weights_by_class_position,weight_distribution,291,EDGE,"{""class_year"":""SO"",""position_group"":""EDGE"",""role_tier"":""redshirt"",""weight"":""0.01704"",""notes"":""Normalize within class_year + position_group.""}"
college_production,college_production_role_weights_by_class_position.csv,college_production_role_weights_by_class_position,weight_distribution,292,EDGE,"{""class_year"":""SO"",""position_group"":""EDGE"",""role_tier"":""bench"",""weight"":""0.14198"",""notes"":""Normalize within class_year + position_group.""}"
college_production,college_production_role_weights_by_class_position.csv,college_production_role_weights_by_class_position,weight_distribution,293,EDGE,"{""class_year"":""SO"",""position_group"":""EDGE"",""role_tier"":""special_teams"",""weight"":""0.07572"",""notes"":""Normalize within class_year + position_group.""}"
college_production,college_production_role_weights_by_class_position.csv,college_production_role_weights_by_class_position,weight_distribution,294,EDGE,"{""class_year"":""SO"",""position_group"":""EDGE"",""role_tier"":""depth"",""weight"":""0.16895"",""notes"":""Normalize within class_year + position_group.""}"
college_production,college_production_role_weights_by_class_position.csv,college_production_role_weights_by_class_position,weight_distribution,295,EDGE,"{""class_year"":""SO"",""position_group"":""EDGE"",""role_tier"":""rotation"",""weight"":""0.23512"",""notes"":""Normalize within class_year + position_group.""}"
college_production,college_production_role_weights_by_class_position.csv,college_production_role_weights_by_class_position,weight_distribution,296,EDGE,"{""class_year"":""SO"",""position_group"":""EDGE"",""role_tier"":""spot_starter"",""weight"":""0.10932"",""notes"":""Normalize within class_year + position_group.""}"
college_production,college_production_role_weights_by_class_position.csv,college_production_role_weights_by_class_position,weight_distribution,297,EDGE,"{""class_year"":""SO"",""position_group"":""EDGE"",""role_tier"":""starter"",""weight"":""0.184"",""notes"":""Normalize within class_year + position_group.""}"
college_production,college_production_role_weights_by_class_position.csv,college_production_role_weights_by_class_position,weight_distribution,298,EDGE,"{""class_year"":""SO"",""position_group"":""EDGE"",""role_tier"":""impact_starter"",""weight"":""0.05466"",""notes"":""Normalize within class_year + position_group.""}"
college_production,college_production_role_weights_by_class_position.csv,college_production_role_weights_by_class_position,weight_distribution,299,EDGE,"{""class_year"":""SO"",""position_group"":""EDGE"",""role_tier"":""all_conference"",""weight"":""0.01079"",""notes"":""Normalize within class_year + position_group.""}"
college_production,college_production_role_weights_by_class_position.csv,college_production_role_weights_by_class_position,weight_distribution,300,EDGE,"{""class_year"":""SO"",""position_group"":""EDGE"",""role_tier"":""all_american"",""weight"":""0.00241"",""notes"":""Normalize within class_year + position_group.""}"
college_production,college_production_role_weights_by_class_position.csv,college_production_role_weights_by_class_position,weight_distribution,301,DL,"{""class_year"":""SO"",""position_group"":""DL"",""role_tier"":""redshirt"",""weight"":""0.01704"",""notes"":""Normalize within class_year + position_group.""}"
college_production,college_production_role_weights_by_class_position.csv,college_production_role_weights_by_class_position,weight_distribution,302,DL,"{""class_year"":""SO"",""position_group"":""DL"",""role_tier"":""bench"",""weight"":""0.14198"",""notes"":""Normalize within class_year + position_group.""}"
college_production,college_production_role_weights_by_class_position.csv,college_production_role_weights_by_class_position,weight_distribution,303,DL,"{""class_year"":""SO"",""position_group"":""DL"",""role_tier"":""special_teams"",""weight"":""0.07572"",""notes"":""Normalize within class_year + position_group.""}"
college_production,college_production_role_weights_by_class_position.csv,college_production_role_weights_by_class_position,weight_distribution,304,DL,"{""class_year"":""SO"",""position_group"":""DL"",""role_tier"":""depth"",""weight"":""0.16895"",""notes"":""Normalize within class_year + position_group.""}"
college_production,college_production_role_weights_by_class_position.csv,college_production_role_weights_by_class_position,weight_distribution,305,DL,"{""class_year"":""SO"",""position_group"":""DL"",""role_tier"":""rotation"",""weight"":""0.23512"",""notes"":""Normalize within class_year + position_group.""}"
college_production,college_production_role_weights_by_class_position.csv,college_production_role_weights_by_class_position,weight_distribution,306,DL,"{""class_year"":""SO"",""position_group"":""DL"",""role_tier"":""spot_starter"",""weight"":""0.10932"",""notes"":""Normalize within class_year + position_group.""}"
college_production,college_production_role_weights_by_class_position.csv,college_production_role_weights_by_class_position,weight_distribution,307,DL,"{""class_year"":""SO"",""position_group"":""DL"",""role_tier"":""starter"",""weight"":""0.184"",""notes"":""Normalize within class_year + position_group.""}"
college_production,college_production_role_weights_by_class_position.csv,college_production_role_weights_by_class_position,weight_distribution,308,DL,"{""class_year"":""SO"",""position_group"":""DL"",""role_tier"":""impact_starter"",""weight"":""0.05466"",""notes"":""Normalize within class_year + position_group.""}"
college_production,college_production_role_weights_by_class_position.csv,college_production_role_weights_by_class_position,weight_distribution,309,DL,"{""class_year"":""SO"",""position_group"":""DL"",""role_tier"":""all_conference"",""weight"":""0.01079"",""notes"":""Normalize within class_year + position_group.""}"
college_production,college_production_role_weights_by_class_position.csv,college_production_role_weights_by_class_position,weight_distribution,310,DL,"{""class_year"":""SO"",""position_group"":""DL"",""role_tier"":""all_american"",""weight"":""0.00241"",""notes"":""Normalize within class_year + position_group.""}"
college_production,college_production_role_weights_by_class_position.csv,college_production_role_weights_by_class_position,weight_distribution,311,LB,"{""class_year"":""SO"",""position_group"":""LB"",""role_tier"":""redshirt"",""weight"":""0.01704"",""notes"":""Normalize within class_year + position_group.""}"
college_production,college_production_role_weights_by_class_position.csv,college_production_role_weights_by_class_position,weight_distribution,312,LB,"{""class_year"":""SO"",""position_group"":""LB"",""role_tier"":""bench"",""weight"":""0.14198"",""notes"":""Normalize within class_year + position_group.""}"
college_production,college_production_role_weights_by_class_position.csv,college_production_role_weights_by_class_position,weight_distribution,313,LB,"{""class_year"":""SO"",""position_group"":""LB"",""role_tier"":""special_teams"",""weight"":""0.07572"",""notes"":""Normalize within class_year + position_group.""}"
college_production,college_production_role_weights_by_class_position.csv,college_production_role_weights_by_class_position,weight_distribution,314,LB,"{""class_year"":""SO"",""position_group"":""LB"",""role_tier"":""depth"",""weight"":""0.16895"",""notes"":""Normalize within class_year + position_group.""}"
college_production,college_production_role_weights_by_class_position.csv,college_production_role_weights_by_class_position,weight_distribution,315,LB,"{""class_year"":""SO"",""position_group"":""LB"",""role_tier"":""rotation"",""weight"":""0.23512"",""notes"":""Normalize within class_year + position_group.""}"
college_production,college_production_role_weights_by_class_position.csv,college_production_role_weights_by_class_position,weight_distribution,316,LB,"{""class_year"":""SO"",""position_group"":""LB"",""role_tier"":""spot_starter"",""weight"":""0.10932"",""notes"":""Normalize within class_year + position_group.""}"
college_production,college_production_role_weights_by_class_position.csv,college_production_role_weights_by_class_position,weight_distribution,317,LB,"{""class_year"":""SO"",""position_group"":""LB"",""role_tier"":""starter"",""weight"":""0.184"",""notes"":""Normalize within class_year + position_group.""}"
college_production,college_production_role_weights_by_class_position.csv,college_production_role_weights_by_class_position,weight_distribution,318,LB,"{""class_year"":""SO"",""position_group"":""LB"",""role_tier"":""impact_starter"",""weight"":""0.05466"",""notes"":""Normalize within class_year + position_group.""}"
college_production,college_production_role_weights_by_class_position.csv,college_production_role_weights_by_class_position,weight_distribution,319,LB,"{""class_year"":""SO"",""position_group"":""LB"",""role_tier"":""all_conference"",""weight"":""0.01079"",""notes"":""Normalize within class_year + position_group.""}"
college_production,college_production_role_weights_by_class_position.csv,college_production_role_weights_by_class_position,weight_distribution,320,LB,"{""class_year"":""SO"",""position_group"":""LB"",""role_tier"":""all_american"",""weight"":""0.00241"",""notes"":""Normalize within class_year + position_group.""}"
college_production,college_production_role_weights_by_class_position.csv,college_production_role_weights_by_class_position,weight_distribution,321,CB,"{""class_year"":""SO"",""position_group"":""CB"",""role_tier"":""redshirt"",""weight"":""0.01381"",""notes"":""Normalize within class_year + position_group.""}"
college_production,college_production_role_weights_by_class_position.csv,college_production_role_weights_by_class_position,weight_distribution,322,CB,"{""class_year"":""SO"",""position_group"":""CB"",""role_tier"":""bench"",""weight"":""0.12425"",""notes"":""Normalize within class_year + position_group.""}"
college_production,college_production_role_weights_by_class_position.csv,college_production_role_weights_by_class_position,weight_distribution,323,CB,"{""class_year"":""SO"",""position_group"":""CB"",""role_tier"":""special_teams"",""weight"":""0.09203"",""notes"":""Normalize within class_year + position_group.""}"
college_production,college_production_role_weights_by_class_position.csv,college_production_role_weights_by_class_position,weight_distribution,324,CB,"{""class_year"":""SO"",""position_group"":""CB"",""role_tier"":""depth"",""weight"":""0.16428"",""notes"":""Normalize within class_year + position_group.""}"
college_production,college_production_role_weights_by_class_position.csv,college_production_role_weights_by_class_position,weight_distribution,325,CB,"{""class_year"":""SO"",""position_group"":""CB"",""role_tier"":""rotation"",""weight"":""0.24343"",""notes"":""Normalize within class_year + position_group.""}"
college_production,college_production_role_weights_by_class_position.csv,college_production_role_weights_by_class_position,weight_distribution,326,CB,"{""class_year"":""SO"",""position_group"":""CB"",""role_tier"":""spot_starter"",""weight"":""0.11136"",""notes"":""Normalize within class_year + position_group.""}"
college_production,college_production_role_weights_by_class_position.csv,college_production_role_weights_by_class_position,weight_distribution,327,CB,"{""class_year"":""SO"",""position_group"":""CB"",""role_tier"":""starter"",""weight"":""0.18554"",""notes"":""Normalize within class_year + position_group.""}"
college_production,college_production_role_weights_by_class_position.csv,college_production_role_weights_by_class_position,weight_distribution,328,CB,"{""class_year"":""SO"",""position_group"":""CB"",""role_tier"":""impact_starter"",""weight"":""0.05315"",""notes"":""Normalize within class_year + position_group.""}"
college_production,college_production_role_weights_by_class_position.csv,college_production_role_weights_by_class_position,weight_distribution,329,CB,"{""class_year"":""SO"",""position_group"":""CB"",""role_tier"":""all_conference"",""weight"":""0.00994"",""notes"":""Normalize within class_year + position_group.""}"
college_production,college_production_role_weights_by_class_position.csv,college_production_role_weights_by_class_position,weight_distribution,330,CB,"{""class_year"":""SO"",""position_group"":""CB"",""role_tier"":""all_american"",""weight"":""0.00221"",""notes"":""Normalize within class_year + position_group.""}"
college_production,college_production_role_weights_by_class_position.csv,college_production_role_weights_by_class_position,weight_distribution,331,S,"{""class_year"":""SO"",""position_group"":""S"",""role_tier"":""redshirt"",""weight"":""0.01381"",""notes"":""Normalize within class_year + position_group.""}"
college_production,college_production_role_weights_by_class_position.csv,college_production_role_weights_by_class_position,weight_distribution,332,S,"{""class_year"":""SO"",""position_group"":""S"",""role_tier"":""bench"",""weight"":""0.12425"",""notes"":""Normalize within class_year + position_group.""}"
college_production,college_production_role_weights_by_class_position.csv,college_production_role_weights_by_class_position,weight_distribution,333,S,"{""class_year"":""SO"",""position_group"":""S"",""role_tier"":""special_teams"",""weight"":""0.09203"",""notes"":""Normalize within class_year + position_group.""}"
college_production,college_production_role_weights_by_class_position.csv,college_production_role_weights_by_class_position,weight_distribution,334,S,"{""class_year"":""SO"",""position_group"":""S"",""role_tier"":""depth"",""weight"":""0.16428"",""notes"":""Normalize within class_year + position_group.""}"
college_production,college_production_role_weights_by_class_position.csv,college_production_role_weights_by_class_position,weight_distribution,335,S,"{""class_year"":""SO"",""position_group"":""S"",""role_tier"":""rotation"",""weight"":""0.24343"",""notes"":""Normalize within class_year + position_group.""}"
college_production,college_production_role_weights_by_class_position.csv,college_production_role_weights_by_class_position,weight_distribution,336,S,"{""class_year"":""SO"",""position_group"":""S"",""role_tier"":""spot_starter"",""weight"":""0.11136"",""notes"":""Normalize within class_year + position_group.""}"
college_production,college_production_role_weights_by_class_position.csv,college_production_role_weights_by_class_position,weight_distribution,337,S,"{""class_year"":""SO"",""position_group"":""S"",""role_tier"":""starter"",""weight"":""0.18554"",""notes"":""Normalize within class_year + position_group.""}"
college_production,college_production_role_weights_by_class_position.csv,college_production_role_weights_by_class_position,weight_distribution,338,S,"{""class_year"":""SO"",""position_group"":""S"",""role_tier"":""impact_starter"",""weight"":""0.05315"",""notes"":""Normalize within class_year + position_group.""}"
college_production,college_production_role_weights_by_class_position.csv,college_production_role_weights_by_class_position,weight_distribution,339,S,"{""class_year"":""SO"",""position_group"":""S"",""role_tier"":""all_conference"",""weight"":""0.00994"",""notes"":""Normalize within class_year + position_group.""}"
college_production,college_production_role_weights_by_class_position.csv,college_production_role_weights_by_class_position,weight_distribution,340,S,"{""class_year"":""SO"",""position_group"":""S"",""role_tier"":""all_american"",""weight"":""0.00221"",""notes"":""Normalize within class_year + position_group.""}"
college_production,college_production_role_weights_by_class_position.csv,college_production_role_weights_by_class_position,weight_distribution,341,K,"{""class_year"":""SO"",""position_group"":""K"",""role_tier"":""redshirt"",""weight"":""0.02434"",""notes"":""Normalize within class_year + position_group.""}"
college_production,college_production_role_weights_by_class_position.csv,college_production_role_weights_by_class_position,weight_distribution,342,K,"{""class_year"":""SO"",""position_group"":""K"",""role_tier"":""bench"",""weight"":""0.17494"",""notes"":""Normalize within class_year + position_group.""}"
college_production,college_production_role_weights_by_class_position.csv,college_production_role_weights_by_class_position,weight_distribution,343,K,"{""class_year"":""SO"",""position_group"":""K"",""role_tier"":""special_teams"",""weight"":""0.06085"",""notes"":""Normalize within class_year + position_group.""}"
college_production,college_production_role_weights_by_class_position.csv,college_production_role_weights_by_class_position,weight_distribution,344,K,"{""class_year"":""SO"",""position_group"":""K"",""role_tier"":""depth"",""weight"":""0.18965"",""notes"":""Normalize within class_year + position_group.""}"
college_production,college_production_role_weights_by_class_position.csv,college_production_role_weights_by_class_position,weight_distribution,345,K,"{""class_year"":""SO"",""position_group"":""K"",""role_tier"":""rotation"",""weight"":""0.22159"",""notes"":""Normalize within class_year + position_group.""}"
college_production,college_production_role_weights_by_class_position.csv,college_production_role_weights_by_class_position,weight_distribution,346,K,"{""class_year"":""SO"",""position_group"":""K"",""role_tier"":""spot_starter"",""weight"":""0.10598"",""notes"":""Normalize within class_year + position_group.""}"
college_production,college_production_role_weights_by_class_position.csv,college_production_role_weights_by_class_position,weight_distribution,347,K,"{""class_year"":""SO"",""position_group"":""K"",""role_tier"":""starter"",""weight"":""0.16429"",""notes"":""Normalize within class_year + position_group.""}"
college_production,college_production_role_weights_by_class_position.csv,college_production_role_weights_by_class_position,weight_distribution,348,K,"{""class_year"":""SO"",""position_group"":""K"",""role_tier"":""impact_starter"",""weight"":""0.04741"",""notes"":""Normalize within class_year + position_group.""}"
college_production,college_production_role_weights_by_class_position.csv,college_production_role_weights_by_class_position,weight_distribution,349,K,"{""class_year"":""SO"",""position_group"":""K"",""role_tier"":""all_conference"",""weight"":""0.00913"",""notes"":""Normalize within class_year + position_group.""}"
college_production,college_production_role_weights_by_class_position.csv,college_production_role_weights_by_class_position,weight_distribution,350,K,"{""class_year"":""SO"",""position_group"":""K"",""role_tier"":""all_american"",""weight"":""0.00183"",""notes"":""Normalize within class_year + position_group.""}"
college_production,college_production_role_weights_by_class_position.csv,college_production_role_weights_by_class_position,weight_distribution,351,P,"{""class_year"":""SO"",""position_group"":""P"",""role_tier"":""redshirt"",""weight"":""0.02434"",""notes"":""Normalize within class_year + position_group.""}"
college_production,college_production_role_weights_by_class_position.csv,college_production_role_weights_by_class_position,weight_distribution,352,P,"{""class_year"":""SO"",""position_group"":""P"",""role_tier"":""bench"",""weight"":""0.17494"",""notes"":""Normalize within class_year + position_group.""}"
college_production,college_production_role_weights_by_class_position.csv,college_production_role_weights_by_class_position,weight_distribution,353,P,"{""class_year"":""SO"",""position_group"":""P"",""role_tier"":""special_teams"",""weight"":""0.06085"",""notes"":""Normalize within class_year + position_group.""}"
college_production,college_production_role_weights_by_class_position.csv,college_production_role_weights_by_class_position,weight_distribution,354,P,"{""class_year"":""SO"",""position_group"":""P"",""role_tier"":""depth"",""weight"":""0.18965"",""notes"":""Normalize within class_year + position_group.""}"
college_production,college_production_role_weights_by_class_position.csv,college_production_role_weights_by_class_position,weight_distribution,355,P,"{""class_year"":""SO"",""position_group"":""P"",""role_tier"":""rotation"",""weight"":""0.22159"",""notes"":""Normalize within class_year + position_group.""}"
college_production,college_production_role_weights_by_class_position.csv,college_production_role_weights_by_class_position,weight_distribution,356,P,"{""class_year"":""SO"",""position_group"":""P"",""role_tier"":""spot_starter"",""weight"":""0.10598"",""notes"":""Normalize within class_year + position_group.""}"
college_production,college_production_role_weights_by_class_position.csv,college_production_role_weights_by_class_position,weight_distribution,357,P,"{""class_year"":""SO"",""position_group"":""P"",""role_tier"":""starter"",""weight"":""0.16429"",""notes"":""Normalize within class_year + position_group.""}"
college_production,college_production_role_weights_by_class_position.csv,college_production_role_weights_by_class_position,weight_distribution,358,P,"{""class_year"":""SO"",""position_group"":""P"",""role_tier"":""impact_starter"",""weight"":""0.04741"",""notes"":""Normalize within class_year + position_group.""}"
college_production,college_production_role_weights_by_class_position.csv,college_production_role_weights_by_class_position,weight_distribution,359,P,"{""class_year"":""SO"",""position_group"":""P"",""role_tier"":""all_conference"",""weight"":""0.00913"",""notes"":""Normalize within class_year + position_group.""}"
college_production,college_production_role_weights_by_class_position.csv,college_production_role_weights_by_class_position,weight_distribution,360,P,"{""class_year"":""SO"",""position_group"":""P"",""role_tier"":""all_american"",""weight"":""0.00183"",""notes"":""Normalize within class_year + position_group.""}"
college_production,college_production_role_weights_by_class_position.csv,college_production_role_weights_by_class_position,weight_distribution,361,QB,"{""class_year"":""RS-SO"",""position_group"":""QB"",""role_tier"":""redshirt"",""weight"":""0.01207"",""notes"":""Normalize within class_year + position_group.""}"
college_production,college_production_role_weights_by_class_position.csv,college_production_role_weights_by_class_position,weight_distribution,362,QB,"{""class_year"":""RS-SO"",""position_group"":""QB"",""role_tier"":""bench"",""weight"":""0.1157"",""notes"":""Normalize within class_year + position_group.""}"
college_production,college_production_role_weights_by_class_position.csv,college_production_role_weights_by_class_position,weight_distribution,363,QB,"{""class_year"":""RS-SO"",""position_group"":""QB"",""role_tier"":""special_teams"",""weight"":""0.05282"",""notes"":""Normalize within class_year + position_group.""}"
college_production,college_production_role_weights_by_class_position.csv,college_production_role_weights_by_class_position,weight_distribution,364,QB,"{""class_year"":""RS-SO"",""position_group"":""QB"",""role_tier"":""depth"",""weight"":""0.166"",""notes"":""Normalize within class_year + position_group.""}"
college_production,college_production_role_weights_by_class_position.csv,college_production_role_weights_by_class_position,weight_distribution,365,QB,"{""class_year"":""RS-SO"",""position_group"":""QB"",""role_tier"":""rotation"",""weight"":""0.23895"",""notes"":""Normalize within class_year + position_group.""}"
college_production,college_production_role_weights_by_class_position.csv,college_production_role_weights_by_class_position,weight_distribution,366,QB,"{""class_year"":""RS-SO"",""position_group"":""QB"",""role_tier"":""spot_starter"",""weight"":""0.12425"",""notes"":""Normalize within class_year + position_group.""}"
college_production,college_production_role_weights_by_class_position.csv,college_production_role_weights_by_class_position,weight_distribution,367,QB,"{""class_year"":""RS-SO"",""position_group"":""QB"",""role_tier"":""starter"",""weight"":""0.20826"",""notes"":""Normalize within class_year + position_group.""}"
college_production,college_production_role_weights_by_class_position.csv,college_production_role_weights_by_class_position,weight_distribution,368,QB,"{""class_year"":""RS-SO"",""position_group"":""QB"",""role_tier"":""impact_starter"",""weight"":""0.06414"",""notes"":""Normalize within class_year + position_group.""}"
college_production,college_production_role_weights_by_class_position.csv,college_production_role_weights_by_class_position,weight_distribution,369,QB,"{""class_year"":""RS-SO"",""position_group"":""QB"",""role_tier"":""all_conference"",""weight"":""0.01358"",""notes"":""Normalize within class_year + position_group.""}"
college_production,college_production_role_weights_by_class_position.csv,college_production_role_weights_by_class_position,weight_distribution,370,QB,"{""class_year"":""RS-SO"",""position_group"":""QB"",""role_tier"":""all_american"",""weight"":""0.00423"",""notes"":""Normalize within class_year + position_group.""}"
college_production,college_production_role_weights_by_class_position.csv,college_production_role_weights_by_class_position,weight_distribution,371,RB,"{""class_year"":""RS-SO"",""position_group"":""RB"",""role_tier"":""redshirt"",""weight"":""0.00663"",""notes"":""Normalize within class_year + position_group.""}"
college_production,college_production_role_weights_by_class_position.csv,college_production_role_weights_by_class_position,weight_distribution,372,RB,"{""class_year"":""RS-SO"",""position_group"":""RB"",""role_tier"":""bench"",""weight"":""0.07957"",""notes"":""Normalize within class_year + position_group.""}"
college_production,college_production_role_weights_by_class_position.csv,college_production_role_weights_by_class_position,weight_distribution,373,RB,"{""class_year"":""RS-SO"",""position_group"":""RB"",""role_tier"":""special_teams"",""weight"":""0.07735"",""notes"":""Normalize within class_year + position_group.""}"
college_production,college_production_role_weights_by_class_position.csv,college_production_role_weights_by_class_position,weight_distribution,374,RB,"{""class_year"":""RS-SO"",""position_group"":""RB"",""role_tier"":""depth"",""weight"":""0.13924"",""notes"":""Normalize within class_year + position_group.""}"
college_production,college_production_role_weights_by_class_position.csv,college_production_role_weights_by_class_position,weight_distribution,375,RB,"{""class_year"":""RS-SO"",""position_group"":""RB"",""role_tier"":""rotation"",""weight"":""0.25417"",""notes"":""Normalize within class_year + position_group.""}"
college_production,college_production_role_weights_by_class_position.csv,college_production_role_weights_by_class_position,weight_distribution,376,RB,"{""class_year"":""RS-SO"",""position_group"":""RB"",""role_tier"":""spot_starter"",""weight"":""0.12642"",""notes"":""Normalize within class_year + position_group.""}"
college_production,college_production_role_weights_by_class_position.csv,college_production_role_weights_by_class_position,weight_distribution,377,RB,"{""class_year"":""RS-SO"",""position_group"":""RB"",""role_tier"":""starter"",""weight"":""0.22773"",""notes"":""Normalize within class_year + position_group.""}"
college_production,college_production_role_weights_by_class_position.csv,college_production_role_weights_by_class_position,weight_distribution,378,RB,"{""class_year"":""RS-SO"",""position_group"":""RB"",""role_tier"":""impact_starter"",""weight"":""0.06962"",""notes"":""Normalize within class_year + position_group.""}"
college_production,college_production_role_weights_by_class_position.csv,college_production_role_weights_by_class_position,weight_distribution,379,RB,"{""class_year"":""RS-SO"",""position_group"":""RB"",""role_tier"":""all_conference"",""weight"":""0.01432"",""notes"":""Normalize within class_year + position_group.""}"
college_production,college_production_role_weights_by_class_position.csv,college_production_role_weights_by_class_position,weight_distribution,380,RB,"{""class_year"":""RS-SO"",""position_group"":""RB"",""role_tier"":""all_american"",""weight"":""0.00495"",""notes"":""Normalize within class_year + position_group.""}"
college_production,college_production_role_weights_by_class_position.csv,college_production_role_weights_by_class_position,weight_distribution,381,WR,"{""class_year"":""RS-SO"",""position_group"":""WR"",""role_tier"":""redshirt"",""weight"":""0.00663"",""notes"":""Normalize within class_year + position_group.""}"
college_production,college_production_role_weights_by_class_position.csv,college_production_role_weights_by_class_position,weight_distribution,382,WR,"{""class_year"":""RS-SO"",""position_group"":""WR"",""role_tier"":""bench"",""weight"":""0.07957"",""notes"":""Normalize within class_year + position_group.""}"
college_production,college_production_role_weights_by_class_position.csv,college_production_role_weights_by_class_position,weight_distribution,383,WR,"{""class_year"":""RS-SO"",""position_group"":""WR"",""role_tier"":""special_teams"",""weight"":""0.07735"",""notes"":""Normalize within class_year + position_group.""}"
college_production,college_production_role_weights_by_class_position.csv,college_production_role_weights_by_class_position,weight_distribution,384,WR,"{""class_year"":""RS-SO"",""position_group"":""WR"",""role_tier"":""depth"",""weight"":""0.13924"",""notes"":""Normalize within class_year + position_group.""}"
college_production,college_production_role_weights_by_class_position.csv,college_production_role_weights_by_class_position,weight_distribution,385,WR,"{""class_year"":""RS-SO"",""position_group"":""WR"",""role_tier"":""rotation"",""weight"":""0.25417"",""notes"":""Normalize within class_year + position_group.""}"
college_production,college_production_role_weights_by_class_position.csv,college_production_role_weights_by_class_position,weight_distribution,386,WR,"{""class_year"":""RS-SO"",""position_group"":""WR"",""role_tier"":""spot_starter"",""weight"":""0.12642"",""notes"":""Normalize within class_year + position_group.""}"
college_production,college_production_role_weights_by_class_position.csv,college_production_role_weights_by_class_position,weight_distribution,387,WR,"{""class_year"":""RS-SO"",""position_group"":""WR"",""role_tier"":""starter"",""weight"":""0.22773"",""notes"":""Normalize within class_year + position_group.""}"
college_production,college_production_role_weights_by_class_position.csv,college_production_role_weights_by_class_position,weight_distribution,388,WR,"{""class_year"":""RS-SO"",""position_group"":""WR"",""role_tier"":""impact_starter"",""weight"":""0.06962"",""notes"":""Normalize within class_year + position_group.""}"
college_production,college_production_role_weights_by_class_position.csv,college_production_role_weights_by_class_position,weight_distribution,389,WR,"{""class_year"":""RS-SO"",""position_group"":""WR"",""role_tier"":""all_conference"",""weight"":""0.01432"",""notes"":""Normalize within class_year + position_group.""}"
college_production,college_production_role_weights_by_class_position.csv,college_production_role_weights_by_class_position,weight_distribution,390,WR,"{""class_year"":""RS-SO"",""position_group"":""WR"",""role_tier"":""all_american"",""weight"":""0.00495"",""notes"":""Normalize within class_year + position_group.""}"
college_production,college_production_role_weights_by_class_position.csv,college_production_role_weights_by_class_position,weight_distribution,391,TE,"{""class_year"":""RS-SO"",""position_group"":""TE"",""role_tier"":""redshirt"",""weight"":""0.01207"",""notes"":""Normalize within class_year + position_group.""}"
college_production,college_production_role_weights_by_class_position.csv,college_production_role_weights_by_class_position,weight_distribution,392,TE,"{""class_year"":""RS-SO"",""position_group"":""TE"",""role_tier"":""bench"",""weight"":""0.1157"",""notes"":""Normalize within class_year + position_group.""}"
college_production,college_production_role_weights_by_class_position.csv,college_production_role_weights_by_class_position,weight_distribution,393,TE,"{""class_year"":""RS-SO"",""position_group"":""TE"",""role_tier"":""special_teams"",""weight"":""0.05282"",""notes"":""Normalize within class_year + position_group.""}"
college_production,college_production_role_weights_by_class_position.csv,college_production_role_weights_by_class_position,weight_distribution,394,TE,"{""class_year"":""RS-SO"",""position_group"":""TE"",""role_tier"":""depth"",""weight"":""0.166"",""notes"":""Normalize within class_year + position_group.""}"
college_production,college_production_role_weights_by_class_position.csv,college_production_role_weights_by_class_position,weight_distribution,395,TE,"{""class_year"":""RS-SO"",""position_group"":""TE"",""role_tier"":""rotation"",""weight"":""0.23895"",""notes"":""Normalize within class_year + position_group.""}"
college_production,college_production_role_weights_by_class_position.csv,college_production_role_weights_by_class_position,weight_distribution,396,TE,"{""class_year"":""RS-SO"",""position_group"":""TE"",""role_tier"":""spot_starter"",""weight"":""0.12425"",""notes"":""Normalize within class_year + position_group.""}"
college_production,college_production_role_weights_by_class_position.csv,college_production_role_weights_by_class_position,weight_distribution,397,TE,"{""class_year"":""RS-SO"",""position_group"":""TE"",""role_tier"":""starter"",""weight"":""0.20826"",""notes"":""Normalize within class_year + position_group.""}"
college_production,college_production_role_weights_by_class_position.csv,college_production_role_weights_by_class_position,weight_distribution,398,TE,"{""class_year"":""RS-SO"",""position_group"":""TE"",""role_tier"":""impact_starter"",""weight"":""0.06414"",""notes"":""Normalize within class_year + position_group.""}"
college_production,college_production_role_weights_by_class_position.csv,college_production_role_weights_by_class_position,weight_distribution,399,TE,"{""class_year"":""RS-SO"",""position_group"":""TE"",""role_tier"":""all_conference"",""weight"":""0.01358"",""notes"":""Normalize within class_year + position_group.""}"
college_production,college_production_role_weights_by_class_position.csv,college_production_role_weights_by_class_position,weight_distribution,400,TE,"{""class_year"":""RS-SO"",""position_group"":""TE"",""role_tier"":""all_american"",""weight"":""0.00423"",""notes"":""Normalize within class_year + position_group.""}"
college_production,college_production_role_weights_by_class_position.csv,college_production_role_weights_by_class_position,weight_distribution,401,OL,"{""class_year"":""RS-SO"",""position_group"":""OL"",""role_tier"":""redshirt"",""weight"":""0.01207"",""notes"":""Normalize within class_year + position_group.""}"
college_production,college_production_role_weights_by_class_position.csv,college_production_role_weights_by_class_position,weight_distribution,402,OL,"{""class_year"":""RS-SO"",""position_group"":""OL"",""role_tier"":""bench"",""weight"":""0.1157"",""notes"":""Normalize within class_year + position_group.""}"
college_production,college_production_role_weights_by_class_position.csv,college_production_role_weights_by_class_position,weight_distribution,403,OL,"{""class_year"":""RS-SO"",""position_group"":""OL"",""role_tier"":""special_teams"",""weight"":""0.05282"",""notes"":""Normalize within class_year + position_group.""}"
college_production,college_production_role_weights_by_class_position.csv,college_production_role_weights_by_class_position,weight_distribution,404,OL,"{""class_year"":""RS-SO"",""position_group"":""OL"",""role_tier"":""depth"",""weight"":""0.166"",""notes"":""Normalize within class_year + position_group.""}"
college_production,college_production_role_weights_by_class_position.csv,college_production_role_weights_by_class_position,weight_distribution,405,OL,"{""class_year"":""RS-SO"",""position_group"":""OL"",""role_tier"":""rotation"",""weight"":""0.23895"",""notes"":""Normalize within class_year + position_group.""}"
college_production,college_production_role_weights_by_class_position.csv,college_production_role_weights_by_class_position,weight_distribution,406,OL,"{""class_year"":""RS-SO"",""position_group"":""OL"",""role_tier"":""spot_starter"",""weight"":""0.12425"",""notes"":""Normalize within class_year + position_group.""}"
college_production,college_production_role_weights_by_class_position.csv,college_production_role_weights_by_class_position,weight_distribution,407,OL,"{""class_year"":""RS-SO"",""position_group"":""OL"",""role_tier"":""starter"",""weight"":""0.20826"",""notes"":""Normalize within class_year + position_group.""}"
college_production,college_production_role_weights_by_class_position.csv,college_production_role_weights_by_class_position,weight_distribution,408,OL,"{""class_year"":""RS-SO"",""position_group"":""OL"",""role_tier"":""impact_starter"",""weight"":""0.06414"",""notes"":""Normalize within class_year + position_group.""}"
college_production,college_production_role_weights_by_class_position.csv,college_production_role_weights_by_class_position,weight_distribution,409,OL,"{""class_year"":""RS-SO"",""position_group"":""OL"",""role_tier"":""all_conference"",""weight"":""0.01358"",""notes"":""Normalize within class_year + position_group.""}"
college_production,college_production_role_weights_by_class_position.csv,college_production_role_weights_by_class_position,weight_distribution,410,OL,"{""class_year"":""RS-SO"",""position_group"":""OL"",""role_tier"":""all_american"",""weight"":""0.00423"",""notes"":""Normalize within class_year + position_group.""}"
college_production,college_production_role_weights_by_class_position.csv,college_production_role_weights_by_class_position,weight_distribution,411,EDGE,"{""class_year"":""RS-SO"",""position_group"":""EDGE"",""role_tier"":""redshirt"",""weight"":""0.00823"",""notes"":""Normalize within class_year + position_group.""}"
college_production,college_production_role_weights_by_class_position.csv,college_production_role_weights_by_class_position,weight_distribution,412,EDGE,"{""class_year"":""RS-SO"",""position_group"":""EDGE"",""role_tier"":""bench"",""weight"":""0.09147"",""notes"":""Normalize within class_year + position_group.""}"
college_production,college_production_role_weights_by_class_position.csv,college_production_role_weights_by_class_position,weight_distribution,413,EDGE,"{""class_year"":""RS-SO"",""position_group"":""EDGE"",""role_tier"":""special_teams"",""weight"":""0.06403"",""notes"":""Normalize within class_year + position_group.""}"
college_production,college_production_role_weights_by_class_position.csv,college_production_role_weights_by_class_position,weight_distribution,414,EDGE,"{""class_year"":""RS-SO"",""position_group"":""EDGE"",""role_tier"":""depth"",""weight"":""0.14407"",""notes"":""Normalize within class_year + position_group.""}"
college_production,college_production_role_weights_by_class_position.csv,college_production_role_weights_by_class_position,weight_distribution,415,EDGE,"{""class_year"":""RS-SO"",""position_group"":""EDGE"",""role_tier"":""rotation"",""weight"":""0.24698"",""notes"":""Normalize within class_year + position_group.""}"
college_production,college_production_role_weights_by_class_position.csv,college_production_role_weights_by_class_position,weight_distribution,416,EDGE,"{""class_year"":""RS-SO"",""position_group"":""EDGE"",""role_tier"":""spot_starter"",""weight"":""0.12486"",""notes"":""Normalize within class_year + position_group.""}"
college_production,college_production_role_weights_by_class_position.csv,college_production_role_weights_by_class_position,weight_distribution,417,EDGE,"{""class_year"":""RS-SO"",""position_group"":""EDGE"",""role_tier"":""starter"",""weight"":""0.22722"",""notes"":""Normalize within class_year + position_group.""}"
college_production,college_production_role_weights_by_class_position.csv,college_production_role_weights_by_class_position,weight_distribution,418,EDGE,"{""class_year"":""RS-SO"",""position_group"":""EDGE"",""role_tier"":""impact_starter"",""weight"":""0.07204"",""notes"":""Normalize within class_year + position_group.""}"
college_production,college_production_role_weights_by_class_position.csv,college_production_role_weights_by_class_position,weight_distribution,419,EDGE,"{""class_year"":""RS-SO"",""position_group"":""EDGE"",""role_tier"":""all_conference"",""weight"":""0.01564"",""notes"":""Normalize within class_year + position_group.""}"
college_production,college_production_role_weights_by_class_position.csv,college_production_role_weights_by_class_position,weight_distribution,420,EDGE,"{""class_year"":""RS-SO"",""position_group"":""EDGE"",""role_tier"":""all_american"",""weight"":""0.00544"",""notes"":""Normalize within class_year + position_group.""}"
college_production,college_production_role_weights_by_class_position.csv,college_production_role_weights_by_class_position,weight_distribution,421,DL,"{""class_year"":""RS-SO"",""position_group"":""DL"",""role_tier"":""redshirt"",""weight"":""0.00823"",""notes"":""Normalize within class_year + position_group.""}"
college_production,college_production_role_weights_by_class_position.csv,college_production_role_weights_by_class_position,weight_distribution,422,DL,"{""class_year"":""RS-SO"",""position_group"":""DL"",""role_tier"":""bench"",""weight"":""0.09147"",""notes"":""Normalize within class_year + position_group.""}"
college_production,college_production_role_weights_by_class_position.csv,college_production_role_weights_by_class_position,weight_distribution,423,DL,"{""class_year"":""RS-SO"",""position_group"":""DL"",""role_tier"":""special_teams"",""weight"":""0.06403"",""notes"":""Normalize within class_year + position_group.""}"
college_production,college_production_role_weights_by_class_position.csv,college_production_role_weights_by_class_position,weight_distribution,424,DL,"{""class_year"":""RS-SO"",""position_group"":""DL"",""role_tier"":""depth"",""weight"":""0.14407"",""notes"":""Normalize within class_year + position_group.""}"
college_production,college_production_role_weights_by_class_position.csv,college_production_role_weights_by_class_position,weight_distribution,425,DL,"{""class_year"":""RS-SO"",""position_group"":""DL"",""role_tier"":""rotation"",""weight"":""0.24698"",""notes"":""Normalize within class_year + position_group.""}"
college_production,college_production_role_weights_by_class_position.csv,college_production_role_weights_by_class_position,weight_distribution,426,DL,"{""class_year"":""RS-SO"",""position_group"":""DL"",""role_tier"":""spot_starter"",""weight"":""0.12486"",""notes"":""Normalize within class_year + position_group.""}"
college_production,college_production_role_weights_by_class_position.csv,college_production_role_weights_by_class_position,weight_distribution,427,DL,"{""class_year"":""RS-SO"",""position_group"":""DL"",""role_tier"":""starter"",""weight"":""0.22722"",""notes"":""Normalize within class_year + position_group.""}"
college_production,college_production_role_weights_by_class_position.csv,college_production_role_weights_by_class_position,weight_distribution,428,DL,"{""class_year"":""RS-SO"",""position_group"":""DL"",""role_tier"":""impact_starter"",""weight"":""0.07204"",""notes"":""Normalize within class_year + position_group.""}"
college_production,college_production_role_weights_by_class_position.csv,college_production_role_weights_by_class_position,weight_distribution,429,DL,"{""class_year"":""RS-SO"",""position_group"":""DL"",""role_tier"":""all_conference"",""weight"":""0.01564"",""notes"":""Normalize within class_year + position_group.""}"
college_production,college_production_role_weights_by_class_position.csv,college_production_role_weights_by_class_position,weight_distribution,430,DL,"{""class_year"":""RS-SO"",""position_group"":""DL"",""role_tier"":""all_american"",""weight"":""0.00544"",""notes"":""Normalize within class_year + position_group.""}"
college_production,college_production_role_weights_by_class_position.csv,college_production_role_weights_by_class_position,weight_distribution,431,LB,"{""class_year"":""RS-SO"",""position_group"":""LB"",""role_tier"":""redshirt"",""weight"":""0.00823"",""notes"":""Normalize within class_year + position_group.""}"
college_production,college_production_role_weights_by_class_position.csv,college_production_role_weights_by_class_position,weight_distribution,432,LB,"{""class_year"":""RS-SO"",""position_group"":""LB"",""role_tier"":""bench"",""weight"":""0.09147"",""notes"":""Normalize within class_year + position_group.""}"
college_production,college_production_role_weights_by_class_position.csv,college_production_role_weights_by_class_position,weight_distribution,433,LB,"{""class_year"":""RS-SO"",""position_group"":""LB"",""role_tier"":""special_teams"",""weight"":""0.06403"",""notes"":""Normalize within class_year + position_group.""}"
college_production,college_production_role_weights_by_class_position.csv,college_production_role_weights_by_class_position,weight_distribution,434,LB,"{""class_year"":""RS-SO"",""position_group"":""LB"",""role_tier"":""depth"",""weight"":""0.14407"",""notes"":""Normalize within class_year + position_group.""}"
college_production,college_production_role_weights_by_class_position.csv,college_production_role_weights_by_class_position,weight_distribution,435,LB,"{""class_year"":""RS-SO"",""position_group"":""LB"",""role_tier"":""rotation"",""weight"":""0.24698"",""notes"":""Normalize within class_year + position_group.""}"
college_production,college_production_role_weights_by_class_position.csv,college_production_role_weights_by_class_position,weight_distribution,436,LB,"{""class_year"":""RS-SO"",""position_group"":""LB"",""role_tier"":""spot_starter"",""weight"":""0.12486"",""notes"":""Normalize within class_year + position_group.""}"
college_production,college_production_role_weights_by_class_position.csv,college_production_role_weights_by_class_position,weight_distribution,437,LB,"{""class_year"":""RS-SO"",""position_group"":""LB"",""role_tier"":""starter"",""weight"":""0.22722"",""notes"":""Normalize within class_year + position_group.""}"
college_production,college_production_role_weights_by_class_position.csv,college_production_role_weights_by_class_position,weight_distribution,438,LB,"{""class_year"":""RS-SO"",""position_group"":""LB"",""role_tier"":""impact_starter"",""weight"":""0.07204"",""notes"":""Normalize within class_year + position_group.""}"
college_production,college_production_role_weights_by_class_position.csv,college_production_role_weights_by_class_position,weight_distribution,439,LB,"{""class_year"":""RS-SO"",""position_group"":""LB"",""role_tier"":""all_conference"",""weight"":""0.01564"",""notes"":""Normalize within class_year + position_group.""}"
college_production,college_production_role_weights_by_class_position.csv,college_production_role_weights_by_class_position,weight_distribution,440,LB,"{""class_year"":""RS-SO"",""position_group"":""LB"",""role_tier"":""all_american"",""weight"":""0.00544"",""notes"":""Normalize within class_year + position_group.""}"
college_production,college_production_role_weights_by_class_position.csv,college_production_role_weights_by_class_position,weight_distribution,441,CB,"{""class_year"":""RS-SO"",""position_group"":""CB"",""role_tier"":""redshirt"",""weight"":""0.00663"",""notes"":""Normalize within class_year + position_group.""}"
college_production,college_production_role_weights_by_class_position.csv,college_production_role_weights_by_class_position,weight_distribution,442,CB,"{""class_year"":""RS-SO"",""position_group"":""CB"",""role_tier"":""bench"",""weight"":""0.07957"",""notes"":""Normalize within class_year + position_group.""}"
college_production,college_production_role_weights_by_class_position.csv,college_production_role_weights_by_class_position,weight_distribution,443,CB,"{""class_year"":""RS-SO"",""position_group"":""CB"",""role_tier"":""special_teams"",""weight"":""0.07735"",""notes"":""Normalize within class_year + position_group.""}"
college_production,college_production_role_weights_by_class_position.csv,college_production_role_weights_by_class_position,weight_distribution,444,CB,"{""class_year"":""RS-SO"",""position_group"":""CB"",""role_tier"":""depth"",""weight"":""0.13924"",""notes"":""Normalize within class_year + position_group.""}"
college_production,college_production_role_weights_by_class_position.csv,college_production_role_weights_by_class_position,weight_distribution,445,CB,"{""class_year"":""RS-SO"",""position_group"":""CB"",""role_tier"":""rotation"",""weight"":""0.25417"",""notes"":""Normalize within class_year + position_group.""}"
college_production,college_production_role_weights_by_class_position.csv,college_production_role_weights_by_class_position,weight_distribution,446,CB,"{""class_year"":""RS-SO"",""position_group"":""CB"",""role_tier"":""spot_starter"",""weight"":""0.12642"",""notes"":""Normalize within class_year + position_group.""}"
college_production,college_production_role_weights_by_class_position.csv,college_production_role_weights_by_class_position,weight_distribution,447,CB,"{""class_year"":""RS-SO"",""position_group"":""CB"",""role_tier"":""starter"",""weight"":""0.22773"",""notes"":""Normalize within class_year + position_group.""}"
college_production,college_production_role_weights_by_class_position.csv,college_production_role_weights_by_class_position,weight_distribution,448,CB,"{""class_year"":""RS-SO"",""position_group"":""CB"",""role_tier"":""impact_starter"",""weight"":""0.06962"",""notes"":""Normalize within class_year + position_group.""}"
college_production,college_production_role_weights_by_class_position.csv,college_production_role_weights_by_class_position,weight_distribution,449,CB,"{""class_year"":""RS-SO"",""position_group"":""CB"",""role_tier"":""all_conference"",""weight"":""0.01432"",""notes"":""Normalize within class_year + position_group.""}"
college_production,college_production_role_weights_by_class_position.csv,college_production_role_weights_by_class_position,weight_distribution,450,CB,"{""class_year"":""RS-SO"",""position_group"":""CB"",""role_tier"":""all_american"",""weight"":""0.00495"",""notes"":""Normalize within class_year + position_group.""}"
college_production,college_production_role_weights_by_class_position.csv,college_production_role_weights_by_class_position,weight_distribution,451,S,"{""class_year"":""RS-SO"",""position_group"":""S"",""role_tier"":""redshirt"",""weight"":""0.00663"",""notes"":""Normalize within class_year + position_group.""}"
college_production,college_production_role_weights_by_class_position.csv,college_production_role_weights_by_class_position,weight_distribution,452,S,"{""class_year"":""RS-SO"",""position_group"":""S"",""role_tier"":""bench"",""weight"":""0.07957"",""notes"":""Normalize within class_year + position_group.""}"
college_production,college_production_role_weights_by_class_position.csv,college_production_role_weights_by_class_position,weight_distribution,453,S,"{""class_year"":""RS-SO"",""position_group"":""S"",""role_tier"":""special_teams"",""weight"":""0.07735"",""notes"":""Normalize within class_year + position_group.""}"
college_production,college_production_role_weights_by_class_position.csv,college_production_role_weights_by_class_position,weight_distribution,454,S,"{""class_year"":""RS-SO"",""position_group"":""S"",""role_tier"":""depth"",""weight"":""0.13924"",""notes"":""Normalize within class_year + position_group.""}"
college_production,college_production_role_weights_by_class_position.csv,college_production_role_weights_by_class_position,weight_distribution,455,S,"{""class_year"":""RS-SO"",""position_group"":""S"",""role_tier"":""rotation"",""weight"":""0.25417"",""notes"":""Normalize within class_year + position_group.""}"
college_production,college_production_role_weights_by_class_position.csv,college_production_role_weights_by_class_position,weight_distribution,456,S,"{""class_year"":""RS-SO"",""position_group"":""S"",""role_tier"":""spot_starter"",""weight"":""0.12642"",""notes"":""Normalize within class_year + position_group.""}"
college_production,college_production_role_weights_by_class_position.csv,college_production_role_weights_by_class_position,weight_distribution,457,S,"{""class_year"":""RS-SO"",""position_group"":""S"",""role_tier"":""starter"",""weight"":""0.22773"",""notes"":""Normalize within class_year + position_group.""}"
college_production,college_production_role_weights_by_class_position.csv,college_production_role_weights_by_class_position,weight_distribution,458,S,"{""class_year"":""RS-SO"",""position_group"":""S"",""role_tier"":""impact_starter"",""weight"":""0.06962"",""notes"":""Normalize within class_year + position_group.""}"
college_production,college_production_role_weights_by_class_position.csv,college_production_role_weights_by_class_position,weight_distribution,459,S,"{""class_year"":""RS-SO"",""position_group"":""S"",""role_tier"":""all_conference"",""weight"":""0.01432"",""notes"":""Normalize within class_year + position_group.""}"
college_production,college_production_role_weights_by_class_position.csv,college_production_role_weights_by_class_position,weight_distribution,460,S,"{""class_year"":""RS-SO"",""position_group"":""S"",""role_tier"":""all_american"",""weight"":""0.00495"",""notes"":""Normalize within class_year + position_group.""}"
college_production,college_production_role_weights_by_class_position.csv,college_production_role_weights_by_class_position,weight_distribution,461,K,"{""class_year"":""RS-SO"",""position_group"":""K"",""role_tier"":""redshirt"",""weight"":""0.01207"",""notes"":""Normalize within class_year + position_group.""}"
college_production,college_production_role_weights_by_class_position.csv,college_production_role_weights_by_class_position,weight_distribution,462,K,"{""class_year"":""RS-SO"",""position_group"":""K"",""role_tier"":""bench"",""weight"":""0.1157"",""notes"":""Normalize within class_year + position_group.""}"
college_production,college_production_role_weights_by_class_position.csv,college_production_role_weights_by_class_position,weight_distribution,463,K,"{""class_year"":""RS-SO"",""position_group"":""K"",""role_tier"":""special_teams"",""weight"":""0.05282"",""notes"":""Normalize within class_year + position_group.""}"
college_production,college_production_role_weights_by_class_position.csv,college_production_role_weights_by_class_position,weight_distribution,464,K,"{""class_year"":""RS-SO"",""position_group"":""K"",""role_tier"":""depth"",""weight"":""0.166"",""notes"":""Normalize within class_year + position_group.""}"
college_production,college_production_role_weights_by_class_position.csv,college_production_role_weights_by_class_position,weight_distribution,465,K,"{""class_year"":""RS-SO"",""position_group"":""K"",""role_tier"":""rotation"",""weight"":""0.23895"",""notes"":""Normalize within class_year + position_group.""}"
college_production,college_production_role_weights_by_class_position.csv,college_production_role_weights_by_class_position,weight_distribution,466,K,"{""class_year"":""RS-SO"",""position_group"":""K"",""role_tier"":""spot_starter"",""weight"":""0.12425"",""notes"":""Normalize within class_year + position_group.""}"
college_production,college_production_role_weights_by_class_position.csv,college_production_role_weights_by_class_position,weight_distribution,467,K,"{""class_year"":""RS-SO"",""position_group"":""K"",""role_tier"":""starter"",""weight"":""0.20826"",""notes"":""Normalize within class_year + position_group.""}"
college_production,college_production_role_weights_by_class_position.csv,college_production_role_weights_by_class_position,weight_distribution,468,K,"{""class_year"":""RS-SO"",""position_group"":""K"",""role_tier"":""impact_starter"",""weight"":""0.06414"",""notes"":""Normalize within class_year + position_group.""}"
college_production,college_production_role_weights_by_class_position.csv,college_production_role_weights_by_class_position,weight_distribution,469,K,"{""class_year"":""RS-SO"",""position_group"":""K"",""role_tier"":""all_conference"",""weight"":""0.01358"",""notes"":""Normalize within class_year + position_group.""}"
college_production,college_production_role_weights_by_class_position.csv,college_production_role_weights_by_class_position,weight_distribution,470,K,"{""class_year"":""RS-SO"",""position_group"":""K"",""role_tier"":""all_american"",""weight"":""0.00423"",""notes"":""Normalize within class_year + position_group.""}"
college_production,college_production_role_weights_by_class_position.csv,college_production_role_weights_by_class_position,weight_distribution,471,P,"{""class_year"":""RS-SO"",""position_group"":""P"",""role_tier"":""redshirt"",""weight"":""0.01207"",""notes"":""Normalize within class_year + position_group.""}"
college_production,college_production_role_weights_by_class_position.csv,college_production_role_weights_by_class_position,weight_distribution,472,P,"{""class_year"":""RS-SO"",""position_group"":""P"",""role_tier"":""bench"",""weight"":""0.1157"",""notes"":""Normalize within class_year + position_group.""}"
college_production,college_production_role_weights_by_class_position.csv,college_production_role_weights_by_class_position,weight_distribution,473,P,"{""class_year"":""RS-SO"",""position_group"":""P"",""role_tier"":""special_teams"",""weight"":""0.05282"",""notes"":""Normalize within class_year + position_group.""}"
college_production,college_production_role_weights_by_class_position.csv,college_production_role_weights_by_class_position,weight_distribution,474,P,"{""class_year"":""RS-SO"",""position_group"":""P"",""role_tier"":""depth"",""weight"":""0.166"",""notes"":""Normalize within class_year + position_group.""}"
college_production,college_production_role_weights_by_class_position.csv,college_production_role_weights_by_class_position,weight_distribution,475,P,"{""class_year"":""RS-SO"",""position_group"":""P"",""role_tier"":""rotation"",""weight"":""0.23895"",""notes"":""Normalize within class_year + position_group.""}"
college_production,college_production_role_weights_by_class_position.csv,college_production_role_weights_by_class_position,weight_distribution,476,P,"{""class_year"":""RS-SO"",""position_group"":""P"",""role_tier"":""spot_starter"",""weight"":""0.12425"",""notes"":""Normalize within class_year + position_group.""}"
college_production,college_production_role_weights_by_class_position.csv,college_production_role_weights_by_class_position,weight_distribution,477,P,"{""class_year"":""RS-SO"",""position_group"":""P"",""role_tier"":""starter"",""weight"":""0.20826"",""notes"":""Normalize within class_year + position_group.""}"
college_production,college_production_role_weights_by_class_position.csv,college_production_role_weights_by_class_position,weight_distribution,478,P,"{""class_year"":""RS-SO"",""position_group"":""P"",""role_tier"":""impact_starter"",""weight"":""0.06414"",""notes"":""Normalize within class_year + position_group.""}"
college_production,college_production_role_weights_by_class_position.csv,college_production_role_weights_by_class_position,weight_distribution,479,P,"{""class_year"":""RS-SO"",""position_group"":""P"",""role_tier"":""all_conference"",""weight"":""0.01358"",""notes"":""Normalize within class_year + position_group.""}"
college_production,college_production_role_weights_by_class_position.csv,college_production_role_weights_by_class_position,weight_distribution,480,P,"{""class_year"":""RS-SO"",""position_group"":""P"",""role_tier"":""all_american"",""weight"":""0.00423"",""notes"":""Normalize within class_year + position_group.""}"
college_production,college_production_role_weights_by_class_position.csv,college_production_role_weights_by_class_position,weight_distribution,481,QB,"{""class_year"":""JR"",""position_group"":""QB"",""role_tier"":""redshirt"",""weight"":""0.00605"",""notes"":""Normalize within class_year + position_group.""}"
college_production,college_production_role_weights_by_class_position.csv,college_production_role_weights_by_class_position,weight_distribution,482,QB,"{""class_year"":""JR"",""position_group"":""QB"",""role_tier"":""bench"",""weight"":""0.09274"",""notes"":""Normalize within class_year + position_group.""}"
college_production,college_production_role_weights_by_class_position.csv,college_production_role_weights_by_class_position,weight_distribution,483,QB,"{""class_year"":""JR"",""position_group"":""QB"",""role_tier"":""special_teams"",""weight"":""0.0378"",""notes"":""Normalize within class_year + position_group.""}"
college_production,college_production_role_weights_by_class_position.csv,college_production_role_weights_by_class_position,weight_distribution,484,QB,"{""class_year"":""JR"",""position_group"":""QB"",""role_tier"":""depth"",""weight"":""0.13306"",""notes"":""Normalize within class_year + position_group.""}"
college_production,college_production_role_weights_by_class_position.csv,college_production_role_weights_by_class_position,weight_distribution,485,QB,"{""class_year"":""JR"",""position_group"":""QB"",""role_tier"":""rotation"",""weight"":""0.22984"",""notes"":""Normalize within class_year + position_group.""}"
college_production,college_production_role_weights_by_class_position.csv,college_production_role_weights_by_class_position,weight_distribution,486,QB,"{""class_year"":""JR"",""position_group"":""QB"",""role_tier"":""spot_starter"",""weight"":""0.14365"",""notes"":""Normalize within class_year + position_group.""}"
college_production,college_production_role_weights_by_class_position.csv,college_production_role_weights_by_class_position,weight_distribution,487,QB,"{""class_year"":""JR"",""position_group"":""QB"",""role_tier"":""starter"",""weight"":""0.25403"",""notes"":""Normalize within class_year + position_group.""}"
college_production,college_production_role_weights_by_class_position.csv,college_production_role_weights_by_class_position,weight_distribution,488,QB,"{""class_year"":""JR"",""position_group"":""QB"",""role_tier"":""impact_starter"",""weight"":""0.07712"",""notes"":""Normalize within class_year + position_group.""}"
college_production,college_production_role_weights_by_class_position.csv,college_production_role_weights_by_class_position,weight_distribution,489,QB,"{""class_year"":""JR"",""position_group"":""QB"",""role_tier"":""all_conference"",""weight"":""0.02268"",""notes"":""Normalize within class_year + position_group.""}"
college_production,college_production_role_weights_by_class_position.csv,college_production_role_weights_by_class_position,weight_distribution,490,QB,"{""class_year"":""JR"",""position_group"":""QB"",""role_tier"":""all_american"",""weight"":""0.00302"",""notes"":""Normalize within class_year + position_group.""}"
college_production,college_production_role_weights_by_class_position.csv,college_production_role_weights_by_class_position,weight_distribution,491,RB,"{""class_year"":""JR"",""position_group"":""RB"",""role_tier"":""redshirt"",""weight"":""0.00328"",""notes"":""Normalize within class_year + position_group.""}"
college_production,college_production_role_weights_by_class_position.csv,college_production_role_weights_by_class_position,weight_distribution,492,RB,"{""class_year"":""JR"",""position_group"":""RB"",""role_tier"":""bench"",""weight"":""0.06292"",""notes"":""Normalize within class_year + position_group.""}"
college_production,college_production_role_weights_by_class_position.csv,college_production_role_weights_by_class_position,weight_distribution,493,RB,"{""class_year"":""JR"",""position_group"":""RB"",""role_tier"":""special_teams"",""weight"":""0.05462"",""notes"":""Normalize within class_year + position_group.""}"
college_production,college_production_role_weights_by_class_position.csv,college_production_role_weights_by_class_position,weight_distribution,494,RB,"{""class_year"":""JR"",""position_group"":""RB"",""role_tier"":""depth"",""weight"":""0.11011"",""notes"":""Normalize within class_year + position_group.""}"
college_production,college_production_role_weights_by_class_position.csv,college_production_role_weights_by_class_position,weight_distribution,495,RB,"{""class_year"":""JR"",""position_group"":""RB"",""role_tier"":""rotation"",""weight"":""0.24118"",""notes"":""Normalize within class_year + position_group.""}"
college_production,college_production_role_weights_by_class_position.csv,college_production_role_weights_by_class_position,weight_distribution,496,RB,"{""class_year"":""JR"",""position_group"":""RB"",""role_tier"":""spot_starter"",""weight"":""0.14419"",""notes"":""Normalize within class_year + position_group.""}"
college_production,college_production_role_weights_by_class_position.csv,college_production_role_weights_by_class_position,weight_distribution,497,RB,"{""class_year"":""JR"",""position_group"":""RB"",""role_tier"":""starter"",""weight"":""0.27404"",""notes"":""Normalize within class_year + position_group.""}"
college_production,college_production_role_weights_by_class_position.csv,college_production_role_weights_by_class_position,weight_distribution,498,RB,"{""class_year"":""JR"",""position_group"":""RB"",""role_tier"":""impact_starter"",""weight"":""0.08258"",""notes"":""Normalize within class_year + position_group.""}"
college_production,college_production_role_weights_by_class_position.csv,college_production_role_weights_by_class_position,weight_distribution,499,RB,"{""class_year"":""JR"",""position_group"":""RB"",""role_tier"":""all_conference"",""weight"":""0.02359"",""notes"":""Normalize within class_year + position_group.""}"
college_production,college_production_role_weights_by_class_position.csv,college_production_role_weights_by_class_position,weight_distribution,500,RB,"{""class_year"":""JR"",""position_group"":""RB"",""role_tier"":""all_american"",""weight"":""0.0035"",""notes"":""Normalize within class_year + position_group.""}"
college_production,college_production_role_weights_by_class_position.csv,college_production_role_weights_by_class_position,weight_distribution,501,WR,"{""class_year"":""JR"",""position_group"":""WR"",""role_tier"":""redshirt"",""weight"":""0.00328"",""notes"":""Normalize within class_year + position_group.""}"
college_production,college_production_role_weights_by_class_position.csv,college_production_role_weights_by_class_position,weight_distribution,502,WR,"{""class_year"":""JR"",""position_group"":""WR"",""role_tier"":""bench"",""weight"":""0.06292"",""notes"":""Normalize within class_year + position_group.""}"
college_production,college_production_role_weights_by_class_position.csv,college_production_role_weights_by_class_position,weight_distribution,503,WR,"{""class_year"":""JR"",""position_group"":""WR"",""role_tier"":""special_teams"",""weight"":""0.05462"",""notes"":""Normalize within class_year + position_group.""}"
college_production,college_production_role_weights_by_class_position.csv,college_production_role_weights_by_class_position,weight_distribution,504,WR,"{""class_year"":""JR"",""position_group"":""WR"",""role_tier"":""depth"",""weight"":""0.11011"",""notes"":""Normalize within class_year + position_group.""}"
college_production,college_production_role_weights_by_class_position.csv,college_production_role_weights_by_class_position,weight_distribution,505,WR,"{""class_year"":""JR"",""position_group"":""WR"",""role_tier"":""rotation"",""weight"":""0.24118"",""notes"":""Normalize within class_year + position_group.""}"
college_production,college_production_role_weights_by_class_position.csv,college_production_role_weights_by_class_position,weight_distribution,506,WR,"{""class_year"":""JR"",""position_group"":""WR"",""role_tier"":""spot_starter"",""weight"":""0.14419"",""notes"":""Normalize within class_year + position_group.""}"
college_production,college_production_role_weights_by_class_position.csv,college_production_role_weights_by_class_position,weight_distribution,507,WR,"{""class_year"":""JR"",""position_group"":""WR"",""role_tier"":""starter"",""weight"":""0.27404"",""notes"":""Normalize within class_year + position_group.""}"
college_production,college_production_role_weights_by_class_position.csv,college_production_role_weights_by_class_position,weight_distribution,508,WR,"{""class_year"":""JR"",""position_group"":""WR"",""role_tier"":""impact_starter"",""weight"":""0.08258"",""notes"":""Normalize within class_year + position_group.""}"
college_production,college_production_role_weights_by_class_position.csv,college_production_role_weights_by_class_position,weight_distribution,509,WR,"{""class_year"":""JR"",""position_group"":""WR"",""role_tier"":""all_conference"",""weight"":""0.02359"",""notes"":""Normalize within class_year + position_group.""}"
college_production,college_production_role_weights_by_class_position.csv,college_production_role_weights_by_class_position,weight_distribution,510,WR,"{""class_year"":""JR"",""position_group"":""WR"",""role_tier"":""all_american"",""weight"":""0.0035"",""notes"":""Normalize within class_year + position_group.""}"
college_production,college_production_role_weights_by_class_position.csv,college_production_role_weights_by_class_position,weight_distribution,511,TE,"{""class_year"":""JR"",""position_group"":""TE"",""role_tier"":""redshirt"",""weight"":""0.00605"",""notes"":""Normalize within class_year + position_group.""}"
college_production,college_production_role_weights_by_class_position.csv,college_production_role_weights_by_class_position,weight_distribution,512,TE,"{""class_year"":""JR"",""position_group"":""TE"",""role_tier"":""bench"",""weight"":""0.09274"",""notes"":""Normalize within class_year + position_group.""}"
college_production,college_production_role_weights_by_class_position.csv,college_production_role_weights_by_class_position,weight_distribution,513,TE,"{""class_year"":""JR"",""position_group"":""TE"",""role_tier"":""special_teams"",""weight"":""0.0378"",""notes"":""Normalize within class_year + position_group.""}"
college_production,college_production_role_weights_by_class_position.csv,college_production_role_weights_by_class_position,weight_distribution,514,TE,"{""class_year"":""JR"",""position_group"":""TE"",""role_tier"":""depth"",""weight"":""0.13306"",""notes"":""Normalize within class_year + position_group.""}"
college_production,college_production_role_weights_by_class_position.csv,college_production_role_weights_by_class_position,weight_distribution,515,TE,"{""class_year"":""JR"",""position_group"":""TE"",""role_tier"":""rotation"",""weight"":""0.22984"",""notes"":""Normalize within class_year + position_group.""}"
college_production,college_production_role_weights_by_class_position.csv,college_production_role_weights_by_class_position,weight_distribution,516,TE,"{""class_year"":""JR"",""position_group"":""TE"",""role_tier"":""spot_starter"",""weight"":""0.14365"",""notes"":""Normalize within class_year + position_group.""}"
college_production,college_production_role_weights_by_class_position.csv,college_production_role_weights_by_class_position,weight_distribution,517,TE,"{""class_year"":""JR"",""position_group"":""TE"",""role_tier"":""starter"",""weight"":""0.25403"",""notes"":""Normalize within class_year + position_group.""}"
college_production,college_production_role_weights_by_class_position.csv,college_production_role_weights_by_class_position,weight_distribution,518,TE,"{""class_year"":""JR"",""position_group"":""TE"",""role_tier"":""impact_starter"",""weight"":""0.07712"",""notes"":""Normalize within class_year + position_group.""}"
college_production,college_production_role_weights_by_class_position.csv,college_production_role_weights_by_class_position,weight_distribution,519,TE,"{""class_year"":""JR"",""position_group"":""TE"",""role_tier"":""all_conference"",""weight"":""0.02268"",""notes"":""Normalize within class_year + position_group.""}"
college_production,college_production_role_weights_by_class_position.csv,college_production_role_weights_by_class_position,weight_distribution,520,TE,"{""class_year"":""JR"",""position_group"":""TE"",""role_tier"":""all_american"",""weight"":""0.00302"",""notes"":""Normalize within class_year + position_group.""}"
college_production,college_production_role_weights_by_class_position.csv,college_production_role_weights_by_class_position,weight_distribution,521,OL,"{""class_year"":""JR"",""position_group"":""OL"",""role_tier"":""redshirt"",""weight"":""0.00605"",""notes"":""Normalize within class_year + position_group.""}"
college_production,college_production_role_weights_by_class_position.csv,college_production_role_weights_by_class_position,weight_distribution,522,OL,"{""class_year"":""JR"",""position_group"":""OL"",""role_tier"":""bench"",""weight"":""0.09274"",""notes"":""Normalize within class_year + position_group.""}"
college_production,college_production_role_weights_by_class_position.csv,college_production_role_weights_by_class_position,weight_distribution,523,OL,"{""class_year"":""JR"",""position_group"":""OL"",""role_tier"":""special_teams"",""weight"":""0.0378"",""notes"":""Normalize within class_year + position_group.""}"
college_production,college_production_role_weights_by_class_position.csv,college_production_role_weights_by_class_position,weight_distribution,524,OL,"{""class_year"":""JR"",""position_group"":""OL"",""role_tier"":""depth"",""weight"":""0.13306"",""notes"":""Normalize within class_year + position_group.""}"
college_production,college_production_role_weights_by_class_position.csv,college_production_role_weights_by_class_position,weight_distribution,525,OL,"{""class_year"":""JR"",""position_group"":""OL"",""role_tier"":""rotation"",""weight"":""0.22984"",""notes"":""Normalize within class_year + position_group.""}"
college_production,college_production_role_weights_by_class_position.csv,college_production_role_weights_by_class_position,weight_distribution,526,OL,"{""class_year"":""JR"",""position_group"":""OL"",""role_tier"":""spot_starter"",""weight"":""0.14365"",""notes"":""Normalize within class_year + position_group.""}"
college_production,college_production_role_weights_by_class_position.csv,college_production_role_weights_by_class_position,weight_distribution,527,OL,"{""class_year"":""JR"",""position_group"":""OL"",""role_tier"":""starter"",""weight"":""0.25403"",""notes"":""Normalize within class_year + position_group.""}"
college_production,college_production_role_weights_by_class_position.csv,college_production_role_weights_by_class_position,weight_distribution,528,OL,"{""class_year"":""JR"",""position_group"":""OL"",""role_tier"":""impact_starter"",""weight"":""0.07712"",""notes"":""Normalize within class_year + position_group.""}"
college_production,college_production_role_weights_by_class_position.csv,college_production_role_weights_by_class_position,weight_distribution,529,OL,"{""class_year"":""JR"",""position_group"":""OL"",""role_tier"":""all_conference"",""weight"":""0.02268"",""notes"":""Normalize within class_year + position_group.""}"
college_production,college_production_role_weights_by_class_position.csv,college_production_role_weights_by_class_position,weight_distribution,530,OL,"{""class_year"":""JR"",""position_group"":""OL"",""role_tier"":""all_american"",""weight"":""0.00302"",""notes"":""Normalize within class_year + position_group.""}"
college_production,college_production_role_weights_by_class_position.csv,college_production_role_weights_by_class_position,weight_distribution,531,EDGE,"{""class_year"":""JR"",""position_group"":""EDGE"",""role_tier"":""redshirt"",""weight"":""0.00407"",""notes"":""Normalize within class_year + position_group.""}"
college_production,college_production_role_weights_by_class_position.csv,college_production_role_weights_by_class_position,weight_distribution,532,EDGE,"{""class_year"":""JR"",""position_group"":""EDGE"",""role_tier"":""bench"",""weight"":""0.07228"",""notes"":""Normalize within class_year + position_group.""}"
college_production,college_production_role_weights_by_class_position.csv,college_production_role_weights_by_class_position,weight_distribution,533,EDGE,"{""class_year"":""JR"",""position_group"":""EDGE"",""role_tier"":""special_teams"",""weight"":""0.04517"",""notes"":""Normalize within class_year + position_group.""}"
college_production,college_production_role_weights_by_class_position.csv,college_production_role_weights_by_class_position,weight_distribution,534,EDGE,"{""class_year"":""JR"",""position_group"":""EDGE"",""role_tier"":""depth"",""weight"":""0.11384"",""notes"":""Normalize within class_year + position_group.""}"
college_production,college_production_role_weights_by_class_position.csv,college_production_role_weights_by_class_position,weight_distribution,535,EDGE,"{""class_year"":""JR"",""position_group"":""EDGE"",""role_tier"":""rotation"",""weight"":""0.23418"",""notes"":""Normalize within class_year + position_group.""}"
college_production,college_production_role_weights_by_class_position.csv,college_production_role_weights_by_class_position,weight_distribution,536,EDGE,"{""class_year"":""JR"",""position_group"":""EDGE"",""role_tier"":""spot_starter"",""weight"":""0.1423"",""notes"":""Normalize within class_year + position_group.""}"
college_production,college_production_role_weights_by_class_position.csv,college_production_role_weights_by_class_position,weight_distribution,537,EDGE,"{""class_year"":""JR"",""position_group"":""EDGE"",""role_tier"":""starter"",""weight"":""0.27321"",""notes"":""Normalize within class_year + position_group.""}"
college_production,college_production_role_weights_by_class_position.csv,college_production_role_weights_by_class_position,weight_distribution,538,EDGE,"{""class_year"":""JR"",""position_group"":""EDGE"",""role_tier"":""impact_starter"",""weight"":""0.08538"",""notes"":""Normalize within class_year + position_group.""}"
college_production,college_production_role_weights_by_class_position.csv,college_production_role_weights_by_class_position,weight_distribution,539,EDGE,"{""class_year"":""JR"",""position_group"":""EDGE"",""role_tier"":""all_conference"",""weight"":""0.02575"",""notes"":""Normalize within class_year + position_group.""}"
college_production,college_production_role_weights_by_class_position.csv,college_production_role_weights_by_class_position,weight_distribution,540,EDGE,"{""class_year"":""JR"",""position_group"":""EDGE"",""role_tier"":""all_american"",""weight"":""0.00384"",""notes"":""Normalize within class_year + position_group.""}"
college_production,college_production_role_weights_by_class_position.csv,college_production_role_weights_by_class_position,weight_distribution,541,DL,"{""class_year"":""JR"",""position_group"":""DL"",""role_tier"":""redshirt"",""weight"":""0.00407"",""notes"":""Normalize within class_year + position_group.""}"
college_production,college_production_role_weights_by_class_position.csv,college_production_role_weights_by_class_position,weight_distribution,542,DL,"{""class_year"":""JR"",""position_group"":""DL"",""role_tier"":""bench"",""weight"":""0.07228"",""notes"":""Normalize within class_year + position_group.""}"
college_production,college_production_role_weights_by_class_position.csv,college_production_role_weights_by_class_position,weight_distribution,543,DL,"{""class_year"":""JR"",""position_group"":""DL"",""role_tier"":""special_teams"",""weight"":""0.04517"",""notes"":""Normalize within class_year + position_group.""}"
college_production,college_production_role_weights_by_class_position.csv,college_production_role_weights_by_class_position,weight_distribution,544,DL,"{""class_year"":""JR"",""position_group"":""DL"",""role_tier"":""depth"",""weight"":""0.11384"",""notes"":""Normalize within class_year + position_group.""}"
college_production,college_production_role_weights_by_class_position.csv,college_production_role_weights_by_class_position,weight_distribution,545,DL,"{""class_year"":""JR"",""position_group"":""DL"",""role_tier"":""rotation"",""weight"":""0.23418"",""notes"":""Normalize within class_year + position_group.""}"
college_production,college_production_role_weights_by_class_position.csv,college_production_role_weights_by_class_position,weight_distribution,546,DL,"{""class_year"":""JR"",""position_group"":""DL"",""role_tier"":""spot_starter"",""weight"":""0.1423"",""notes"":""Normalize within class_year + position_group.""}"
college_production,college_production_role_weights_by_class_position.csv,college_production_role_weights_by_class_position,weight_distribution,547,DL,"{""class_year"":""JR"",""position_group"":""DL"",""role_tier"":""starter"",""weight"":""0.27321"",""notes"":""Normalize within class_year + position_group.""}"
college_production,college_production_role_weights_by_class_position.csv,college_production_role_weights_by_class_position,weight_distribution,548,DL,"{""class_year"":""JR"",""position_group"":""DL"",""role_tier"":""impact_starter"",""weight"":""0.08538"",""notes"":""Normalize within class_year + position_group.""}"
college_production,college_production_role_weights_by_class_position.csv,college_production_role_weights_by_class_position,weight_distribution,549,DL,"{""class_year"":""JR"",""position_group"":""DL"",""role_tier"":""all_conference"",""weight"":""0.02575"",""notes"":""Normalize within class_year + position_group.""}"
college_production,college_production_role_weights_by_class_position.csv,college_production_role_weights_by_class_position,weight_distribution,550,DL,"{""class_year"":""JR"",""position_group"":""DL"",""role_tier"":""all_american"",""weight"":""0.00384"",""notes"":""Normalize within class_year + position_group.""}"
college_production,college_production_role_weights_by_class_position.csv,college_production_role_weights_by_class_position,weight_distribution,551,LB,"{""class_year"":""JR"",""position_group"":""LB"",""role_tier"":""redshirt"",""weight"":""0.00407"",""notes"":""Normalize within class_year + position_group.""}"
college_production,college_production_role_weights_by_class_position.csv,college_production_role_weights_by_class_position,weight_distribution,552,LB,"{""class_year"":""JR"",""position_group"":""LB"",""role_tier"":""bench"",""weight"":""0.07228"",""notes"":""Normalize within class_year + position_group.""}"
college_production,college_production_role_weights_by_class_position.csv,college_production_role_weights_by_class_position,weight_distribution,553,LB,"{""class_year"":""JR"",""position_group"":""LB"",""role_tier"":""special_teams"",""weight"":""0.04517"",""notes"":""Normalize within class_year + position_group.""}"
college_production,college_production_role_weights_by_class_position.csv,college_production_role_weights_by_class_position,weight_distribution,554,LB,"{""class_year"":""JR"",""position_group"":""LB"",""role_tier"":""depth"",""weight"":""0.11384"",""notes"":""Normalize within class_year + position_group.""}"
college_production,college_production_role_weights_by_class_position.csv,college_production_role_weights_by_class_position,weight_distribution,555,LB,"{""class_year"":""JR"",""position_group"":""LB"",""role_tier"":""rotation"",""weight"":""0.23418"",""notes"":""Normalize within class_year + position_group.""}"
college_production,college_production_role_weights_by_class_position.csv,college_production_role_weights_by_class_position,weight_distribution,556,LB,"{""class_year"":""JR"",""position_group"":""LB"",""role_tier"":""spot_starter"",""weight"":""0.1423"",""notes"":""Normalize within class_year + position_group.""}"
college_production,college_production_role_weights_by_class_position.csv,college_production_role_weights_by_class_position,weight_distribution,557,LB,"{""class_year"":""JR"",""position_group"":""LB"",""role_tier"":""starter"",""weight"":""0.27321"",""notes"":""Normalize within class_year + position_group.""}"
college_production,college_production_role_weights_by_class_position.csv,college_production_role_weights_by_class_position,weight_distribution,558,LB,"{""class_year"":""JR"",""position_group"":""LB"",""role_tier"":""impact_starter"",""weight"":""0.08538"",""notes"":""Normalize within class_year + position_group.""}"
college_production,college_production_role_weights_by_class_position.csv,college_production_role_weights_by_class_position,weight_distribution,559,LB,"{""class_year"":""JR"",""position_group"":""LB"",""role_tier"":""all_conference"",""weight"":""0.02575"",""notes"":""Normalize within class_year + position_group.""}"
college_production,college_production_role_weights_by_class_position.csv,college_production_role_weights_by_class_position,weight_distribution,560,LB,"{""class_year"":""JR"",""position_group"":""LB"",""role_tier"":""all_american"",""weight"":""0.00384"",""notes"":""Normalize within class_year + position_group.""}"
college_production,college_production_role_weights_by_class_position.csv,college_production_role_weights_by_class_position,weight_distribution,561,CB,"{""class_year"":""JR"",""position_group"":""CB"",""role_tier"":""redshirt"",""weight"":""0.00328"",""notes"":""Normalize within class_year + position_group.""}"
college_production,college_production_role_weights_by_class_position.csv,college_production_role_weights_by_class_position,weight_distribution,562,CB,"{""class_year"":""JR"",""position_group"":""CB"",""role_tier"":""bench"",""weight"":""0.06292"",""notes"":""Normalize within class_year + position_group.""}"
college_production,college_production_role_weights_by_class_position.csv,college_production_role_weights_by_class_position,weight_distribution,563,CB,"{""class_year"":""JR"",""position_group"":""CB"",""role_tier"":""special_teams"",""weight"":""0.05462"",""notes"":""Normalize within class_year + position_group.""}"
college_production,college_production_role_weights_by_class_position.csv,college_production_role_weights_by_class_position,weight_distribution,564,CB,"{""class_year"":""JR"",""position_group"":""CB"",""role_tier"":""depth"",""weight"":""0.11011"",""notes"":""Normalize within class_year + position_group.""}"
college_production,college_production_role_weights_by_class_position.csv,college_production_role_weights_by_class_position,weight_distribution,565,CB,"{""class_year"":""JR"",""position_group"":""CB"",""role_tier"":""rotation"",""weight"":""0.24118"",""notes"":""Normalize within class_year + position_group.""}"
college_production,college_production_role_weights_by_class_position.csv,college_production_role_weights_by_class_position,weight_distribution,566,CB,"{""class_year"":""JR"",""position_group"":""CB"",""role_tier"":""spot_starter"",""weight"":""0.14419"",""notes"":""Normalize within class_year + position_group.""}"
college_production,college_production_role_weights_by_class_position.csv,college_production_role_weights_by_class_position,weight_distribution,567,CB,"{""class_year"":""JR"",""position_group"":""CB"",""role_tier"":""starter"",""weight"":""0.27404"",""notes"":""Normalize within class_year + position_group.""}"
college_production,college_production_role_weights_by_class_position.csv,college_production_role_weights_by_class_position,weight_distribution,568,CB,"{""class_year"":""JR"",""position_group"":""CB"",""role_tier"":""impact_starter"",""weight"":""0.08258"",""notes"":""Normalize within class_year + position_group.""}"
college_production,college_production_role_weights_by_class_position.csv,college_production_role_weights_by_class_position,weight_distribution,569,CB,"{""class_year"":""JR"",""position_group"":""CB"",""role_tier"":""all_conference"",""weight"":""0.02359"",""notes"":""Normalize within class_year + position_group.""}"
college_production,college_production_role_weights_by_class_position.csv,college_production_role_weights_by_class_position,weight_distribution,570,CB,"{""class_year"":""JR"",""position_group"":""CB"",""role_tier"":""all_american"",""weight"":""0.0035"",""notes"":""Normalize within class_year + position_group.""}"
college_production,college_production_role_weights_by_class_position.csv,college_production_role_weights_by_class_position,weight_distribution,571,S,"{""class_year"":""JR"",""position_group"":""S"",""role_tier"":""redshirt"",""weight"":""0.00328"",""notes"":""Normalize within class_year + position_group.""}"
college_production,college_production_role_weights_by_class_position.csv,college_production_role_weights_by_class_position,weight_distribution,572,S,"{""class_year"":""JR"",""position_group"":""S"",""role_tier"":""bench"",""weight"":""0.06292"",""notes"":""Normalize within class_year + position_group.""}"
college_production,college_production_role_weights_by_class_position.csv,college_production_role_weights_by_class_position,weight_distribution,573,S,"{""class_year"":""JR"",""position_group"":""S"",""role_tier"":""special_teams"",""weight"":""0.05462"",""notes"":""Normalize within class_year + position_group.""}"
college_production,college_production_role_weights_by_class_position.csv,college_production_role_weights_by_class_position,weight_distribution,574,S,"{""class_year"":""JR"",""position_group"":""S"",""role_tier"":""depth"",""weight"":""0.11011"",""notes"":""Normalize within class_year + position_group.""}"
college_production,college_production_role_weights_by_class_position.csv,college_production_role_weights_by_class_position,weight_distribution,575,S,"{""class_year"":""JR"",""position_group"":""S"",""role_tier"":""rotation"",""weight"":""0.24118"",""notes"":""Normalize within class_year + position_group.""}"
college_production,college_production_role_weights_by_class_position.csv,college_production_role_weights_by_class_position,weight_distribution,576,S,"{""class_year"":""JR"",""position_group"":""S"",""role_tier"":""spot_starter"",""weight"":""0.14419"",""notes"":""Normalize within class_year + position_group.""}"
college_production,college_production_role_weights_by_class_position.csv,college_production_role_weights_by_class_position,weight_distribution,577,S,"{""class_year"":""JR"",""position_group"":""S"",""role_tier"":""starter"",""weight"":""0.27404"",""notes"":""Normalize within class_year + position_group.""}"
college_production,college_production_role_weights_by_class_position.csv,college_production_role_weights_by_class_position,weight_distribution,578,S,"{""class_year"":""JR"",""position_group"":""S"",""role_tier"":""impact_starter"",""weight"":""0.08258"",""notes"":""Normalize within class_year + position_group.""}"
college_production,college_production_role_weights_by_class_position.csv,college_production_role_weights_by_class_position,weight_distribution,579,S,"{""class_year"":""JR"",""position_group"":""S"",""role_tier"":""all_conference"",""weight"":""0.02359"",""notes"":""Normalize within class_year + position_group.""}"
college_production,college_production_role_weights_by_class_position.csv,college_production_role_weights_by_class_position,weight_distribution,580,S,"{""class_year"":""JR"",""position_group"":""S"",""role_tier"":""all_american"",""weight"":""0.0035"",""notes"":""Normalize within class_year + position_group.""}"
college_production,college_production_role_weights_by_class_position.csv,college_production_role_weights_by_class_position,weight_distribution,581,K,"{""class_year"":""JR"",""position_group"":""K"",""role_tier"":""redshirt"",""weight"":""0.00605"",""notes"":""Normalize within class_year + position_group.""}"
college_production,college_production_role_weights_by_class_position.csv,college_production_role_weights_by_class_position,weight_distribution,582,K,"{""class_year"":""JR"",""position_group"":""K"",""role_tier"":""bench"",""weight"":""0.09274"",""notes"":""Normalize within class_year + position_group.""}"
college_production,college_production_role_weights_by_class_position.csv,college_production_role_weights_by_class_position,weight_distribution,583,K,"{""class_year"":""JR"",""position_group"":""K"",""role_tier"":""special_teams"",""weight"":""0.0378"",""notes"":""Normalize within class_year + position_group.""}"
college_production,college_production_role_weights_by_class_position.csv,college_production_role_weights_by_class_position,weight_distribution,584,K,"{""class_year"":""JR"",""position_group"":""K"",""role_tier"":""depth"",""weight"":""0.13306"",""notes"":""Normalize within class_year + position_group.""}"
college_production,college_production_role_weights_by_class_position.csv,college_production_role_weights_by_class_position,weight_distribution,585,K,"{""class_year"":""JR"",""position_group"":""K"",""role_tier"":""rotation"",""weight"":""0.22984"",""notes"":""Normalize within class_year + position_group.""}"
college_production,college_production_role_weights_by_class_position.csv,college_production_role_weights_by_class_position,weight_distribution,586,K,"{""class_year"":""JR"",""position_group"":""K"",""role_tier"":""spot_starter"",""weight"":""0.14365"",""notes"":""Normalize within class_year + position_group.""}"
college_production,college_production_role_weights_by_class_position.csv,college_production_role_weights_by_class_position,weight_distribution,587,K,"{""class_year"":""JR"",""position_group"":""K"",""role_tier"":""starter"",""weight"":""0.25403"",""notes"":""Normalize within class_year + position_group.""}"
college_production,college_production_role_weights_by_class_position.csv,college_production_role_weights_by_class_position,weight_distribution,588,K,"{""class_year"":""JR"",""position_group"":""K"",""role_tier"":""impact_starter"",""weight"":""0.07712"",""notes"":""Normalize within class_year + position_group.""}"
college_production,college_production_role_weights_by_class_position.csv,college_production_role_weights_by_class_position,weight_distribution,589,K,"{""class_year"":""JR"",""position_group"":""K"",""role_tier"":""all_conference"",""weight"":""0.02268"",""notes"":""Normalize within class_year + position_group.""}"
college_production,college_production_role_weights_by_class_position.csv,college_production_role_weights_by_class_position,weight_distribution,590,K,"{""class_year"":""JR"",""position_group"":""K"",""role_tier"":""all_american"",""weight"":""0.00302"",""notes"":""Normalize within class_year + position_group.""}"
college_production,college_production_role_weights_by_class_position.csv,college_production_role_weights_by_class_position,weight_distribution,591,P,"{""class_year"":""JR"",""position_group"":""P"",""role_tier"":""redshirt"",""weight"":""0.00605"",""notes"":""Normalize within class_year + position_group.""}"
college_production,college_production_role_weights_by_class_position.csv,college_production_role_weights_by_class_position,weight_distribution,592,P,"{""class_year"":""JR"",""position_group"":""P"",""role_tier"":""bench"",""weight"":""0.09274"",""notes"":""Normalize within class_year + position_group.""}"
college_production,college_production_role_weights_by_class_position.csv,college_production_role_weights_by_class_position,weight_distribution,593,P,"{""class_year"":""JR"",""position_group"":""P"",""role_tier"":""special_teams"",""weight"":""0.0378"",""notes"":""Normalize within class_year + position_group.""}"
college_production,college_production_role_weights_by_class_position.csv,college_production_role_weights_by_class_position,weight_distribution,594,P,"{""class_year"":""JR"",""position_group"":""P"",""role_tier"":""depth"",""weight"":""0.13306"",""notes"":""Normalize within class_year + position_group.""}"
college_production,college_production_role_weights_by_class_position.csv,college_production_role_weights_by_class_position,weight_distribution,595,P,"{""class_year"":""JR"",""position_group"":""P"",""role_tier"":""rotation"",""weight"":""0.22984"",""notes"":""Normalize within class_year + position_group.""}"
college_production,college_production_role_weights_by_class_position.csv,college_production_role_weights_by_class_position,weight_distribution,596,P,"{""class_year"":""JR"",""position_group"":""P"",""role_tier"":""spot_starter"",""weight"":""0.14365"",""notes"":""Normalize within class_year + position_group.""}"
college_production,college_production_role_weights_by_class_position.csv,college_production_role_weights_by_class_position,weight_distribution,597,P,"{""class_year"":""JR"",""position_group"":""P"",""role_tier"":""starter"",""weight"":""0.25403"",""notes"":""Normalize within class_year + position_group.""}"
college_production,college_production_role_weights_by_class_position.csv,college_production_role_weights_by_class_position,weight_distribution,598,P,"{""class_year"":""JR"",""position_group"":""P"",""role_tier"":""impact_starter"",""weight"":""0.07712"",""notes"":""Normalize within class_year + position_group.""}"
college_production,college_production_role_weights_by_class_position.csv,college_production_role_weights_by_class_position,weight_distribution,599,P,"{""class_year"":""JR"",""position_group"":""P"",""role_tier"":""all_conference"",""weight"":""0.02268"",""notes"":""Normalize within class_year + position_group.""}"
college_production,college_production_role_weights_by_class_position.csv,college_production_role_weights_by_class_position,weight_distribution,600,P,"{""class_year"":""JR"",""position_group"":""P"",""role_tier"":""all_american"",""weight"":""0.00302"",""notes"":""Normalize within class_year + position_group.""}"
college_production,college_production_role_weights_by_class_position.csv,college_production_role_weights_by_class_position,weight_distribution,601,QB,"{""class_year"":""RS-JR"",""position_group"":""QB"",""role_tier"":""redshirt"",""weight"":""0.00367"",""notes"":""Normalize within class_year + position_group.""}"
college_production,college_production_role_weights_by_class_position.csv,college_production_role_weights_by_class_position,weight_distribution,602,QB,"{""class_year"":""RS-JR"",""position_group"":""QB"",""role_tier"":""bench"",""weight"":""0.07039"",""notes"":""Normalize within class_year + position_group.""}"
college_production,college_production_role_weights_by_class_position.csv,college_production_role_weights_by_class_position,weight_distribution,603,QB,"{""class_year"":""RS-JR"",""position_group"":""QB"",""role_tier"":""special_teams"",""weight"":""0.0306"",""notes"":""Normalize within class_year + position_group.""}"
college_production,college_production_role_weights_by_class_position.csv,college_production_role_weights_by_class_position,weight_distribution,604,QB,"{""class_year"":""RS-JR"",""position_group"":""QB"",""role_tier"":""depth"",""weight"":""0.11221"",""notes"":""Normalize within class_year + position_group.""}"
college_production,college_production_role_weights_by_class_position.csv,college_production_role_weights_by_class_position,weight_distribution,605,QB,"{""class_year"":""RS-JR"",""position_group"":""QB"",""role_tier"":""rotation"",""weight"":""0.2132"",""notes"":""Normalize within class_year + position_group.""}"
college_production,college_production_role_weights_by_class_position.csv,college_production_role_weights_by_class_position,weight_distribution,606,QB,"{""class_year"":""RS-JR"",""position_group"":""QB"",""role_tier"":""spot_starter"",""weight"":""0.15505"",""notes"":""Normalize within class_year + position_group.""}"
college_production,college_production_role_weights_by_class_position.csv,college_production_role_weights_by_class_position,weight_distribution,607,QB,"{""class_year"":""RS-JR"",""position_group"":""QB"",""role_tier"":""starter"",""weight"":""0.28461"",""notes"":""Normalize within class_year + position_group.""}"
college_production,college_production_role_weights_by_class_position.csv,college_production_role_weights_by_class_position,weight_distribution,608,QB,"{""class_year"":""RS-JR"",""position_group"":""QB"",""role_tier"":""impact_starter"",""weight"":""0.09538"",""notes"":""Normalize within class_year + position_group.""}"
college_production,college_production_role_weights_by_class_position.csv,college_production_role_weights_by_class_position,weight_distribution,609,QB,"{""class_year"":""RS-JR"",""position_group"":""QB"",""role_tier"":""all_conference"",""weight"":""0.0306"",""notes"":""Normalize within class_year + position_group.""}"
college_production,college_production_role_weights_by_class_position.csv,college_production_role_weights_by_class_position,weight_distribution,610,QB,"{""class_year"":""RS-JR"",""position_group"":""QB"",""role_tier"":""all_american"",""weight"":""0.00428"",""notes"":""Normalize within class_year + position_group.""}"
college_production,college_production_role_weights_by_class_position.csv,college_production_role_weights_by_class_position,weight_distribution,611,RB,"{""class_year"":""RS-JR"",""position_group"":""RB"",""role_tier"":""redshirt"",""weight"":""0.00197"",""notes"":""Normalize within class_year + position_group.""}"
college_production,college_production_role_weights_by_class_position.csv,college_production_role_weights_by_class_position,weight_distribution,612,RB,"{""class_year"":""RS-JR"",""position_group"":""RB"",""role_tier"":""bench"",""weight"":""0.04718"",""notes"":""Normalize within class_year + position_group.""}"
college_production,college_production_role_weights_by_class_position.csv,college_production_role_weights_by_class_position,weight_distribution,613,RB,"{""class_year"":""RS-JR"",""position_group"":""RB"",""role_tier"":""special_teams"",""weight"":""0.04369"",""notes"":""Normalize within class_year + position_group.""}"
college_production,college_production_role_weights_by_class_position.csv,college_production_role_weights_by_class_position,weight_distribution,614,RB,"{""class_year"":""RS-JR"",""position_group"":""RB"",""role_tier"":""depth"",""weight"":""0.09174"",""notes"":""Normalize within class_year + position_group.""}"
college_production,college_production_role_weights_by_class_position.csv,college_production_role_weights_by_class_position,weight_distribution,615,RB,"{""class_year"":""RS-JR"",""position_group"":""RB"",""role_tier"":""rotation"",""weight"":""0.22105"",""notes"":""Normalize within class_year + position_group.""}"
college_production,college_production_role_weights_by_class_position.csv,college_production_role_weights_by_class_position,weight_distribution,616,RB,"{""class_year"":""RS-JR"",""position_group"":""RB"",""role_tier"":""spot_starter"",""weight"":""0.15377"",""notes"":""Normalize within class_year + position_group.""}"
college_production,college_production_role_weights_by_class_position.csv,college_production_role_weights_by_class_position,weight_distribution,617,RB,"{""class_year"":""RS-JR"",""position_group"":""RB"",""role_tier"":""starter"",""weight"":""0.30335"",""notes"":""Normalize within class_year + position_group.""}"
college_production,college_production_role_weights_by_class_position.csv,college_production_role_weights_by_class_position,weight_distribution,618,RB,"{""class_year"":""RS-JR"",""position_group"":""RB"",""role_tier"":""impact_starter"",""weight"":""0.10091"",""notes"":""Normalize within class_year + position_group.""}"
college_production,college_production_role_weights_by_class_position.csv,college_production_role_weights_by_class_position,weight_distribution,619,RB,"{""class_year"":""RS-JR"",""position_group"":""RB"",""role_tier"":""all_conference"",""weight"":""0.03145"",""notes"":""Normalize within class_year + position_group.""}"
college_production,college_production_role_weights_by_class_position.csv,college_production_role_weights_by_class_position,weight_distribution,620,RB,"{""class_year"":""RS-JR"",""position_group"":""RB"",""role_tier"":""all_american"",""weight"":""0.00489"",""notes"":""Normalize within class_year + position_group.""}"
college_production,college_production_role_weights_by_class_position.csv,college_production_role_weights_by_class_position,weight_distribution,621,WR,"{""class_year"":""RS-JR"",""position_group"":""WR"",""role_tier"":""redshirt"",""weight"":""0.00197"",""notes"":""Normalize within class_year + position_group.""}"
college_production,college_production_role_weights_by_class_position.csv,college_production_role_weights_by_class_position,weight_distribution,622,WR,"{""class_year"":""RS-JR"",""position_group"":""WR"",""role_tier"":""bench"",""weight"":""0.04718"",""notes"":""Normalize within class_year + position_group.""}"
college_production,college_production_role_weights_by_class_position.csv,college_production_role_weights_by_class_position,weight_distribution,623,WR,"{""class_year"":""RS-JR"",""position_group"":""WR"",""role_tier"":""special_teams"",""weight"":""0.04369"",""notes"":""Normalize within class_year + position_group.""}"
college_production,college_production_role_weights_by_class_position.csv,college_production_role_weights_by_class_position,weight_distribution,624,WR,"{""class_year"":""RS-JR"",""position_group"":""WR"",""role_tier"":""depth"",""weight"":""0.09174"",""notes"":""Normalize within class_year + position_group.""}"
college_production,college_production_role_weights_by_class_position.csv,college_production_role_weights_by_class_position,weight_distribution,625,WR,"{""class_year"":""RS-JR"",""position_group"":""WR"",""role_tier"":""rotation"",""weight"":""0.22105"",""notes"":""Normalize within class_year + position_group.""}"
college_production,college_production_role_weights_by_class_position.csv,college_production_role_weights_by_class_position,weight_distribution,626,WR,"{""class_year"":""RS-JR"",""position_group"":""WR"",""role_tier"":""spot_starter"",""weight"":""0.15377"",""notes"":""Normalize within class_year + position_group.""}"
college_production,college_production_role_weights_by_class_position.csv,college_production_role_weights_by_class_position,weight_distribution,627,WR,"{""class_year"":""RS-JR"",""position_group"":""WR"",""role_tier"":""starter"",""weight"":""0.30335"",""notes"":""Normalize within class_year + position_group.""}"
college_production,college_production_role_weights_by_class_position.csv,college_production_role_weights_by_class_position,weight_distribution,628,WR,"{""class_year"":""RS-JR"",""position_group"":""WR"",""role_tier"":""impact_starter"",""weight"":""0.10091"",""notes"":""Normalize within class_year + position_group.""}"
college_production,college_production_role_weights_by_class_position.csv,college_production_role_weights_by_class_position,weight_distribution,629,WR,"{""class_year"":""RS-JR"",""position_group"":""WR"",""role_tier"":""all_conference"",""weight"":""0.03145"",""notes"":""Normalize within class_year + position_group.""}"
college_production,college_production_role_weights_by_class_position.csv,college_production_role_weights_by_class_position,weight_distribution,630,WR,"{""class_year"":""RS-JR"",""position_group"":""WR"",""role_tier"":""all_american"",""weight"":""0.00489"",""notes"":""Normalize within class_year + position_group.""}"
college_production,college_production_role_weights_by_class_position.csv,college_production_role_weights_by_class_position,weight_distribution,631,TE,"{""class_year"":""RS-JR"",""position_group"":""TE"",""role_tier"":""redshirt"",""weight"":""0.00367"",""notes"":""Normalize within class_year + position_group.""}"
college_production,college_production_role_weights_by_class_position.csv,college_production_role_weights_by_class_position,weight_distribution,632,TE,"{""class_year"":""RS-JR"",""position_group"":""TE"",""role_tier"":""bench"",""weight"":""0.07039"",""notes"":""Normalize within class_year + position_group.""}"
college_production,college_production_role_weights_by_class_position.csv,college_production_role_weights_by_class_position,weight_distribution,633,TE,"{""class_year"":""RS-JR"",""position_group"":""TE"",""role_tier"":""special_teams"",""weight"":""0.0306"",""notes"":""Normalize within class_year + position_group.""}"
college_production,college_production_role_weights_by_class_position.csv,college_production_role_weights_by_class_position,weight_distribution,634,TE,"{""class_year"":""RS-JR"",""position_group"":""TE"",""role_tier"":""depth"",""weight"":""0.11221"",""notes"":""Normalize within class_year + position_group.""}"
college_production,college_production_role_weights_by_class_position.csv,college_production_role_weights_by_class_position,weight_distribution,635,TE,"{""class_year"":""RS-JR"",""position_group"":""TE"",""role_tier"":""rotation"",""weight"":""0.2132"",""notes"":""Normalize within class_year + position_group.""}"
college_production,college_production_role_weights_by_class_position.csv,college_production_role_weights_by_class_position,weight_distribution,636,TE,"{""class_year"":""RS-JR"",""position_group"":""TE"",""role_tier"":""spot_starter"",""weight"":""0.15505"",""notes"":""Normalize within class_year + position_group.""}"
college_production,college_production_role_weights_by_class_position.csv,college_production_role_weights_by_class_position,weight_distribution,637,TE,"{""class_year"":""RS-JR"",""position_group"":""TE"",""role_tier"":""starter"",""weight"":""0.28461"",""notes"":""Normalize within class_year + position_group.""}"
college_production,college_production_role_weights_by_class_position.csv,college_production_role_weights_by_class_position,weight_distribution,638,TE,"{""class_year"":""RS-JR"",""position_group"":""TE"",""role_tier"":""impact_starter"",""weight"":""0.09538"",""notes"":""Normalize within class_year + position_group.""}"
college_production,college_production_role_weights_by_class_position.csv,college_production_role_weights_by_class_position,weight_distribution,639,TE,"{""class_year"":""RS-JR"",""position_group"":""TE"",""role_tier"":""all_conference"",""weight"":""0.0306"",""notes"":""Normalize within class_year + position_group.""}"
college_production,college_production_role_weights_by_class_position.csv,college_production_role_weights_by_class_position,weight_distribution,640,TE,"{""class_year"":""RS-JR"",""position_group"":""TE"",""role_tier"":""all_american"",""weight"":""0.00428"",""notes"":""Normalize within class_year + position_group.""}"
college_production,college_production_role_weights_by_class_position.csv,college_production_role_weights_by_class_position,weight_distribution,641,OL,"{""class_year"":""RS-JR"",""position_group"":""OL"",""role_tier"":""redshirt"",""weight"":""0.00367"",""notes"":""Normalize within class_year + position_group.""}"
college_production,college_production_role_weights_by_class_position.csv,college_production_role_weights_by_class_position,weight_distribution,642,OL,"{""class_year"":""RS-JR"",""position_group"":""OL"",""role_tier"":""bench"",""weight"":""0.07039"",""notes"":""Normalize within class_year + position_group.""}"
college_production,college_production_role_weights_by_class_position.csv,college_production_role_weights_by_class_position,weight_distribution,643,OL,"{""class_year"":""RS-JR"",""position_group"":""OL"",""role_tier"":""special_teams"",""weight"":""0.0306"",""notes"":""Normalize within class_year + position_group.""}"
college_production,college_production_role_weights_by_class_position.csv,college_production_role_weights_by_class_position,weight_distribution,644,OL,"{""class_year"":""RS-JR"",""position_group"":""OL"",""role_tier"":""depth"",""weight"":""0.11221"",""notes"":""Normalize within class_year + position_group.""}"
college_production,college_production_role_weights_by_class_position.csv,college_production_role_weights_by_class_position,weight_distribution,645,OL,"{""class_year"":""RS-JR"",""position_group"":""OL"",""role_tier"":""rotation"",""weight"":""0.2132"",""notes"":""Normalize within class_year + position_group.""}"
college_production,college_production_role_weights_by_class_position.csv,college_production_role_weights_by_class_position,weight_distribution,646,OL,"{""class_year"":""RS-JR"",""position_group"":""OL"",""role_tier"":""spot_starter"",""weight"":""0.15505"",""notes"":""Normalize within class_year + position_group.""}"
college_production,college_production_role_weights_by_class_position.csv,college_production_role_weights_by_class_position,weight_distribution,647,OL,"{""class_year"":""RS-JR"",""position_group"":""OL"",""role_tier"":""starter"",""weight"":""0.28461"",""notes"":""Normalize within class_year + position_group.""}"
college_production,college_production_role_weights_by_class_position.csv,college_production_role_weights_by_class_position,weight_distribution,648,OL,"{""class_year"":""RS-JR"",""position_group"":""OL"",""role_tier"":""impact_starter"",""weight"":""0.09538"",""notes"":""Normalize within class_year + position_group.""}"
college_production,college_production_role_weights_by_class_position.csv,college_production_role_weights_by_class_position,weight_distribution,649,OL,"{""class_year"":""RS-JR"",""position_group"":""OL"",""role_tier"":""all_conference"",""weight"":""0.0306"",""notes"":""Normalize within class_year + position_group.""}"
college_production,college_production_role_weights_by_class_position.csv,college_production_role_weights_by_class_position,weight_distribution,650,OL,"{""class_year"":""RS-JR"",""position_group"":""OL"",""role_tier"":""all_american"",""weight"":""0.00428"",""notes"":""Normalize within class_year + position_group.""}"
college_production,college_production_role_weights_by_class_position.csv,college_production_role_weights_by_class_position,weight_distribution,651,EDGE,"{""class_year"":""RS-JR"",""position_group"":""EDGE"",""role_tier"":""redshirt"",""weight"":""0.00244"",""notes"":""Normalize within class_year + position_group.""}"
college_production,college_production_role_weights_by_class_position.csv,college_production_role_weights_by_class_position,weight_distribution,652,EDGE,"{""class_year"":""RS-JR"",""position_group"":""EDGE"",""role_tier"":""bench"",""weight"":""0.05417"",""notes"":""Normalize within class_year + position_group.""}"
college_production,college_production_role_weights_by_class_position.csv,college_production_role_weights_by_class_position,weight_distribution,653,EDGE,"{""class_year"":""RS-JR"",""position_group"":""EDGE"",""role_tier"":""special_teams"",""weight"":""0.03612"",""notes"":""Normalize within class_year + position_group.""}"
college_production,college_production_role_weights_by_class_position.csv,college_production_role_weights_by_class_position,weight_distribution,654,EDGE,"{""class_year"":""RS-JR"",""position_group"":""EDGE"",""role_tier"":""depth"",""weight"":""0.0948"",""notes"":""Normalize within class_year + position_group.""}"
college_production,college_production_role_weights_by_class_position.csv,college_production_role_weights_by_class_position,weight_distribution,655,EDGE,"{""class_year"":""RS-JR"",""position_group"":""EDGE"",""role_tier"":""rotation"",""weight"":""0.21453"",""notes"":""Normalize within class_year + position_group.""}"
college_production,college_production_role_weights_by_class_position.csv,college_production_role_weights_by_class_position,weight_distribution,656,EDGE,"{""class_year"":""RS-JR"",""position_group"":""EDGE"",""role_tier"":""spot_starter"",""weight"":""0.15169"",""notes"":""Normalize within class_year + position_group.""}"
college_production,college_production_role_weights_by_class_position.csv,college_production_role_weights_by_class_position,weight_distribution,657,EDGE,"{""class_year"":""RS-JR"",""position_group"":""EDGE"",""role_tier"":""starter"",""weight"":""0.30229"",""notes"":""Normalize within class_year + position_group.""}"
college_production,college_production_role_weights_by_class_position.csv,college_production_role_weights_by_class_position,weight_distribution,658,EDGE,"{""class_year"":""RS-JR"",""position_group"":""EDGE"",""role_tier"":""impact_starter"",""weight"":""0.10428"",""notes"":""Normalize within class_year + position_group.""}"
college_production,college_production_role_weights_by_class_position.csv,college_production_role_weights_by_class_position,weight_distribution,659,EDGE,"{""class_year"":""RS-JR"",""position_group"":""EDGE"",""role_tier"":""all_conference"",""weight"":""0.03431"",""notes"":""Normalize within class_year + position_group.""}"
college_production,college_production_role_weights_by_class_position.csv,college_production_role_weights_by_class_position,weight_distribution,660,EDGE,"{""class_year"":""RS-JR"",""position_group"":""EDGE"",""role_tier"":""all_american"",""weight"":""0.00537"",""notes"":""Normalize within class_year + position_group.""}"
college_production,college_production_role_weights_by_class_position.csv,college_production_role_weights_by_class_position,weight_distribution,661,DL,"{""class_year"":""RS-JR"",""position_group"":""DL"",""role_tier"":""redshirt"",""weight"":""0.00244"",""notes"":""Normalize within class_year + position_group.""}"
college_production,college_production_role_weights_by_class_position.csv,college_production_role_weights_by_class_position,weight_distribution,662,DL,"{""class_year"":""RS-JR"",""position_group"":""DL"",""role_tier"":""bench"",""weight"":""0.05417"",""notes"":""Normalize within class_year + position_group.""}"
college_production,college_production_role_weights_by_class_position.csv,college_production_role_weights_by_class_position,weight_distribution,663,DL,"{""class_year"":""RS-JR"",""position_group"":""DL"",""role_tier"":""special_teams"",""weight"":""0.03612"",""notes"":""Normalize within class_year + position_group.""}"
college_production,college_production_role_weights_by_class_position.csv,college_production_role_weights_by_class_position,weight_distribution,664,DL,"{""class_year"":""RS-JR"",""position_group"":""DL"",""role_tier"":""depth"",""weight"":""0.0948"",""notes"":""Normalize within class_year + position_group.""}"
college_production,college_production_role_weights_by_class_position.csv,college_production_role_weights_by_class_position,weight_distribution,665,DL,"{""class_year"":""RS-JR"",""position_group"":""DL"",""role_tier"":""rotation"",""weight"":""0.21453"",""notes"":""Normalize within class_year + position_group.""}"
college_production,college_production_role_weights_by_class_position.csv,college_production_role_weights_by_class_position,weight_distribution,666,DL,"{""class_year"":""RS-JR"",""position_group"":""DL"",""role_tier"":""spot_starter"",""weight"":""0.15169"",""notes"":""Normalize within class_year + position_group.""}"
college_production,college_production_role_weights_by_class_position.csv,college_production_role_weights_by_class_position,weight_distribution,667,DL,"{""class_year"":""RS-JR"",""position_group"":""DL"",""role_tier"":""starter"",""weight"":""0.30229"",""notes"":""Normalize within class_year + position_group.""}"
college_production,college_production_role_weights_by_class_position.csv,college_production_role_weights_by_class_position,weight_distribution,668,DL,"{""class_year"":""RS-JR"",""position_group"":""DL"",""role_tier"":""impact_starter"",""weight"":""0.10428"",""notes"":""Normalize within class_year + position_group.""}"
college_production,college_production_role_weights_by_class_position.csv,college_production_role_weights_by_class_position,weight_distribution,669,DL,"{""class_year"":""RS-JR"",""position_group"":""DL"",""role_tier"":""all_conference"",""weight"":""0.03431"",""notes"":""Normalize within class_year + position_group.""}"
college_production,college_production_role_weights_by_class_position.csv,college_production_role_weights_by_class_position,weight_distribution,670,DL,"{""class_year"":""RS-JR"",""position_group"":""DL"",""role_tier"":""all_american"",""weight"":""0.00537"",""notes"":""Normalize within class_year + position_group.""}"
college_production,college_production_role_weights_by_class_position.csv,college_production_role_weights_by_class_position,weight_distribution,671,LB,"{""class_year"":""RS-JR"",""position_group"":""LB"",""role_tier"":""redshirt"",""weight"":""0.00244"",""notes"":""Normalize within class_year + position_group.""}"
college_production,college_production_role_weights_by_class_position.csv,college_production_role_weights_by_class_position,weight_distribution,672,LB,"{""class_year"":""RS-JR"",""position_group"":""LB"",""role_tier"":""bench"",""weight"":""0.05417"",""notes"":""Normalize within class_year + position_group.""}"
college_production,college_production_role_weights_by_class_position.csv,college_production_role_weights_by_class_position,weight_distribution,673,LB,"{""class_year"":""RS-JR"",""position_group"":""LB"",""role_tier"":""special_teams"",""weight"":""0.03612"",""notes"":""Normalize within class_year + position_group.""}"
college_production,college_production_role_weights_by_class_position.csv,college_production_role_weights_by_class_position,weight_distribution,674,LB,"{""class_year"":""RS-JR"",""position_group"":""LB"",""role_tier"":""depth"",""weight"":""0.0948"",""notes"":""Normalize within class_year + position_group.""}"
college_production,college_production_role_weights_by_class_position.csv,college_production_role_weights_by_class_position,weight_distribution,675,LB,"{""class_year"":""RS-JR"",""position_group"":""LB"",""role_tier"":""rotation"",""weight"":""0.21453"",""notes"":""Normalize within class_year + position_group.""}"
college_production,college_production_role_weights_by_class_position.csv,college_production_role_weights_by_class_position,weight_distribution,676,LB,"{""class_year"":""RS-JR"",""position_group"":""LB"",""role_tier"":""spot_starter"",""weight"":""0.15169"",""notes"":""Normalize within class_year + position_group.""}"
college_production,college_production_role_weights_by_class_position.csv,college_production_role_weights_by_class_position,weight_distribution,677,LB,"{""class_year"":""RS-JR"",""position_group"":""LB"",""role_tier"":""starter"",""weight"":""0.30229"",""notes"":""Normalize within class_year + position_group.""}"
college_production,college_production_role_weights_by_class_position.csv,college_production_role_weights_by_class_position,weight_distribution,678,LB,"{""class_year"":""RS-JR"",""position_group"":""LB"",""role_tier"":""impact_starter"",""weight"":""0.10428"",""notes"":""Normalize within class_year + position_group.""}"
college_production,college_production_role_weights_by_class_position.csv,college_production_role_weights_by_class_position,weight_distribution,679,LB,"{""class_year"":""RS-JR"",""position_group"":""LB"",""role_tier"":""all_conference"",""weight"":""0.03431"",""notes"":""Normalize within class_year + position_group.""}"
college_production,college_production_role_weights_by_class_position.csv,college_production_role_weights_by_class_position,weight_distribution,680,LB,"{""class_year"":""RS-JR"",""position_group"":""LB"",""role_tier"":""all_american"",""weight"":""0.00537"",""notes"":""Normalize within class_year + position_group.""}"
college_production,college_production_role_weights_by_class_position.csv,college_production_role_weights_by_class_position,weight_distribution,681,CB,"{""class_year"":""RS-JR"",""position_group"":""CB"",""role_tier"":""redshirt"",""weight"":""0.00197"",""notes"":""Normalize within class_year + position_group.""}"
college_production,college_production_role_weights_by_class_position.csv,college_production_role_weights_by_class_position,weight_distribution,682,CB,"{""class_year"":""RS-JR"",""position_group"":""CB"",""role_tier"":""bench"",""weight"":""0.04718"",""notes"":""Normalize within class_year + position_group.""}"
college_production,college_production_role_weights_by_class_position.csv,college_production_role_weights_by_class_position,weight_distribution,683,CB,"{""class_year"":""RS-JR"",""position_group"":""CB"",""role_tier"":""special_teams"",""weight"":""0.04369"",""notes"":""Normalize within class_year + position_group.""}"
college_production,college_production_role_weights_by_class_position.csv,college_production_role_weights_by_class_position,weight_distribution,684,CB,"{""class_year"":""RS-JR"",""position_group"":""CB"",""role_tier"":""depth"",""weight"":""0.09174"",""notes"":""Normalize within class_year + position_group.""}"
college_production,college_production_role_weights_by_class_position.csv,college_production_role_weights_by_class_position,weight_distribution,685,CB,"{""class_year"":""RS-JR"",""position_group"":""CB"",""role_tier"":""rotation"",""weight"":""0.22105"",""notes"":""Normalize within class_year + position_group.""}"
college_production,college_production_role_weights_by_class_position.csv,college_production_role_weights_by_class_position,weight_distribution,686,CB,"{""class_year"":""RS-JR"",""position_group"":""CB"",""role_tier"":""spot_starter"",""weight"":""0.15377"",""notes"":""Normalize within class_year + position_group.""}"
college_production,college_production_role_weights_by_class_position.csv,college_production_role_weights_by_class_position,weight_distribution,687,CB,"{""class_year"":""RS-JR"",""position_group"":""CB"",""role_tier"":""starter"",""weight"":""0.30335"",""notes"":""Normalize within class_year + position_group.""}"
college_production,college_production_role_weights_by_class_position.csv,college_production_role_weights_by_class_position,weight_distribution,688,CB,"{""class_year"":""RS-JR"",""position_group"":""CB"",""role_tier"":""impact_starter"",""weight"":""0.10091"",""notes"":""Normalize within class_year + position_group.""}"
college_production,college_production_role_weights_by_class_position.csv,college_production_role_weights_by_class_position,weight_distribution,689,CB,"{""class_year"":""RS-JR"",""position_group"":""CB"",""role_tier"":""all_conference"",""weight"":""0.03145"",""notes"":""Normalize within class_year + position_group.""}"
college_production,college_production_role_weights_by_class_position.csv,college_production_role_weights_by_class_position,weight_distribution,690,CB,"{""class_year"":""RS-JR"",""position_group"":""CB"",""role_tier"":""all_american"",""weight"":""0.00489"",""notes"":""Normalize within class_year + position_group.""}"
college_production,college_production_role_weights_by_class_position.csv,college_production_role_weights_by_class_position,weight_distribution,691,S,"{""class_year"":""RS-JR"",""position_group"":""S"",""role_tier"":""redshirt"",""weight"":""0.00197"",""notes"":""Normalize within class_year + position_group.""}"
college_production,college_production_role_weights_by_class_position.csv,college_production_role_weights_by_class_position,weight_distribution,692,S,"{""class_year"":""RS-JR"",""position_group"":""S"",""role_tier"":""bench"",""weight"":""0.04718"",""notes"":""Normalize within class_year + position_group.""}"
college_production,college_production_role_weights_by_class_position.csv,college_production_role_weights_by_class_position,weight_distribution,693,S,"{""class_year"":""RS-JR"",""position_group"":""S"",""role_tier"":""special_teams"",""weight"":""0.04369"",""notes"":""Normalize within class_year + position_group.""}"
college_production,college_production_role_weights_by_class_position.csv,college_production_role_weights_by_class_position,weight_distribution,694,S,"{""class_year"":""RS-JR"",""position_group"":""S"",""role_tier"":""depth"",""weight"":""0.09174"",""notes"":""Normalize within class_year + position_group.""}"
college_production,college_production_role_weights_by_class_position.csv,college_production_role_weights_by_class_position,weight_distribution,695,S,"{""class_year"":""RS-JR"",""position_group"":""S"",""role_tier"":""rotation"",""weight"":""0.22105"",""notes"":""Normalize within class_year + position_group.""}"
college_production,college_production_role_weights_by_class_position.csv,college_production_role_weights_by_class_position,weight_distribution,696,S,"{""class_year"":""RS-JR"",""position_group"":""S"",""role_tier"":""spot_starter"",""weight"":""0.15377"",""notes"":""Normalize within class_year + position_group.""}"
college_production,college_production_role_weights_by_class_position.csv,college_production_role_weights_by_class_position,weight_distribution,697,S,"{""class_year"":""RS-JR"",""position_group"":""S"",""role_tier"":""starter"",""weight"":""0.30335"",""notes"":""Normalize within class_year + position_group.""}"
college_production,college_production_role_weights_by_class_position.csv,college_production_role_weights_by_class_position,weight_distribution,698,S,"{""class_year"":""RS-JR"",""position_group"":""S"",""role_tier"":""impact_starter"",""weight"":""0.10091"",""notes"":""Normalize within class_year + position_group.""}"
college_production,college_production_role_weights_by_class_position.csv,college_production_role_weights_by_class_position,weight_distribution,699,S,"{""class_year"":""RS-JR"",""position_group"":""S"",""role_tier"":""all_conference"",""weight"":""0.03145"",""notes"":""Normalize within class_year + position_group.""}"
college_production,college_production_role_weights_by_class_position.csv,college_production_role_weights_by_class_position,weight_distribution,700,S,"{""class_year"":""RS-JR"",""position_group"":""S"",""role_tier"":""all_american"",""weight"":""0.00489"",""notes"":""Normalize within class_year + position_group.""}"
college_production,college_production_role_weights_by_class_position.csv,college_production_role_weights_by_class_position,weight_distribution,701,K,"{""class_year"":""RS-JR"",""position_group"":""K"",""role_tier"":""redshirt"",""weight"":""0.00367"",""notes"":""Normalize within class_year + position_group.""}"
college_production,college_production_role_weights_by_class_position.csv,college_production_role_weights_by_class_position,weight_distribution,702,K,"{""class_year"":""RS-JR"",""position_group"":""K"",""role_tier"":""bench"",""weight"":""0.07039"",""notes"":""Normalize within class_year + position_group.""}"
college_production,college_production_role_weights_by_class_position.csv,college_production_role_weights_by_class_position,weight_distribution,703,K,"{""class_year"":""RS-JR"",""position_group"":""K"",""role_tier"":""special_teams"",""weight"":""0.0306"",""notes"":""Normalize within class_year + position_group.""}"
college_production,college_production_role_weights_by_class_position.csv,college_production_role_weights_by_class_position,weight_distribution,704,K,"{""class_year"":""RS-JR"",""position_group"":""K"",""role_tier"":""depth"",""weight"":""0.11221"",""notes"":""Normalize within class_year + position_group.""}"
college_production,college_production_role_weights_by_class_position.csv,college_production_role_weights_by_class_position,weight_distribution,705,K,"{""class_year"":""RS-JR"",""position_group"":""K"",""role_tier"":""rotation"",""weight"":""0.2132"",""notes"":""Normalize within class_year + position_group.""}"
college_production,college_production_role_weights_by_class_position.csv,college_production_role_weights_by_class_position,weight_distribution,706,K,"{""class_year"":""RS-JR"",""position_group"":""K"",""role_tier"":""spot_starter"",""weight"":""0.15505"",""notes"":""Normalize within class_year + position_group.""}"
college_production,college_production_role_weights_by_class_position.csv,college_production_role_weights_by_class_position,weight_distribution,707,K,"{""class_year"":""RS-JR"",""position_group"":""K"",""role_tier"":""starter"",""weight"":""0.28461"",""notes"":""Normalize within class_year + position_group.""}"
college_production,college_production_role_weights_by_class_position.csv,college_production_role_weights_by_class_position,weight_distribution,708,K,"{""class_year"":""RS-JR"",""position_group"":""K"",""role_tier"":""impact_starter"",""weight"":""0.09538"",""notes"":""Normalize within class_year + position_group.""}"
college_production,college_production_role_weights_by_class_position.csv,college_production_role_weights_by_class_position,weight_distribution,709,K,"{""class_year"":""RS-JR"",""position_group"":""K"",""role_tier"":""all_conference"",""weight"":""0.0306"",""notes"":""Normalize within class_year + position_group.""}"
college_production,college_production_role_weights_by_class_position.csv,college_production_role_weights_by_class_position,weight_distribution,710,K,"{""class_year"":""RS-JR"",""position_group"":""K"",""role_tier"":""all_american"",""weight"":""0.00428"",""notes"":""Normalize within class_year + position_group.""}"
college_production,college_production_role_weights_by_class_position.csv,college_production_role_weights_by_class_position,weight_distribution,711,P,"{""class_year"":""RS-JR"",""position_group"":""P"",""role_tier"":""redshirt"",""weight"":""0.00367"",""notes"":""Normalize within class_year + position_group.""}"
college_production,college_production_role_weights_by_class_position.csv,college_production_role_weights_by_class_position,weight_distribution,712,P,"{""class_year"":""RS-JR"",""position_group"":""P"",""role_tier"":""bench"",""weight"":""0.07039"",""notes"":""Normalize within class_year + position_group.""}"
college_production,college_production_role_weights_by_class_position.csv,college_production_role_weights_by_class_position,weight_distribution,713,P,"{""class_year"":""RS-JR"",""position_group"":""P"",""role_tier"":""special_teams"",""weight"":""0.0306"",""notes"":""Normalize within class_year + position_group.""}"
college_production,college_production_role_weights_by_class_position.csv,college_production_role_weights_by_class_position,weight_distribution,714,P,"{""class_year"":""RS-JR"",""position_group"":""P"",""role_tier"":""depth"",""weight"":""0.11221"",""notes"":""Normalize within class_year + position_group.""}"
college_production,college_production_role_weights_by_class_position.csv,college_production_role_weights_by_class_position,weight_distribution,715,P,"{""class_year"":""RS-JR"",""position_group"":""P"",""role_tier"":""rotation"",""weight"":""0.2132"",""notes"":""Normalize within class_year + position_group.""}"
college_production,college_production_role_weights_by_class_position.csv,college_production_role_weights_by_class_position,weight_distribution,716,P,"{""class_year"":""RS-JR"",""position_group"":""P"",""role_tier"":""spot_starter"",""weight"":""0.15505"",""notes"":""Normalize within class_year + position_group.""}"
college_production,college_production_role_weights_by_class_position.csv,college_production_role_weights_by_class_position,weight_distribution,717,P,"{""class_year"":""RS-JR"",""position_group"":""P"",""role_tier"":""starter"",""weight"":""0.28461"",""notes"":""Normalize within class_year + position_group.""}"
college_production,college_production_role_weights_by_class_position.csv,college_production_role_weights_by_class_position,weight_distribution,718,P,"{""class_year"":""RS-JR"",""position_group"":""P"",""role_tier"":""impact_starter"",""weight"":""0.09538"",""notes"":""Normalize within class_year + position_group.""}"
college_production,college_production_role_weights_by_class_position.csv,college_production_role_weights_by_class_position,weight_distribution,719,P,"{""class_year"":""RS-JR"",""position_group"":""P"",""role_tier"":""all_conference"",""weight"":""0.0306"",""notes"":""Normalize within class_year + position_group.""}"
college_production,college_production_role_weights_by_class_position.csv,college_production_role_weights_by_class_position,weight_distribution,720,P,"{""class_year"":""RS-JR"",""position_group"":""P"",""role_tier"":""all_american"",""weight"":""0.00428"",""notes"":""Normalize within class_year + position_group.""}"
college_production,college_production_role_weights_by_class_position.csv,college_production_role_weights_by_class_position,weight_distribution,721,QB,"{""class_year"":""SR"",""position_group"":""QB"",""role_tier"":""redshirt"",""weight"":""0.00247"",""notes"":""Normalize within class_year + position_group.""}"
college_production,college_production_role_weights_by_class_position.csv,college_production_role_weights_by_class_position,weight_distribution,722,QB,"{""class_year"":""SR"",""position_group"":""QB"",""role_tier"":""bench"",""weight"":""0.05924"",""notes"":""Normalize within class_year + position_group.""}"
college_production,college_production_role_weights_by_class_position.csv,college_production_role_weights_by_class_position,weight_distribution,723,QB,"{""class_year"":""SR"",""position_group"":""QB"",""role_tier"":""special_teams"",""weight"":""0.02318"",""notes"":""Normalize within class_year + position_group.""}"
college_production,college_production_role_weights_by_class_position.csv,college_production_role_weights_by_class_position,weight_distribution,724,QB,"{""class_year"":""SR"",""position_group"":""QB"",""role_tier"":""depth"",""weight"":""0.09066"",""notes"":""Normalize within class_year + position_group.""}"
college_production,college_production_role_weights_by_class_position.csv,college_production_role_weights_by_class_position,weight_distribution,725,QB,"{""class_year"":""SR"",""position_group"":""QB"",""role_tier"":""rotation"",""weight"":""0.19574"",""notes"":""Normalize within class_year + position_group.""}"
college_production,college_production_role_weights_by_class_position.csv,college_production_role_weights_by_class_position,weight_distribution,726,QB,"{""class_year"":""SR"",""position_group"":""QB"",""role_tier"":""spot_starter"",""weight"":""0.1468"",""notes"":""Normalize within class_year + position_group.""}"
college_production,college_production_role_weights_by_class_position.csv,college_production_role_weights_by_class_position,weight_distribution,727,QB,"{""class_year"":""SR"",""position_group"":""QB"",""role_tier"":""starter"",""weight"":""0.32451"",""notes"":""Normalize within class_year + position_group.""}"
college_production,college_production_role_weights_by_class_position.csv,college_production_role_weights_by_class_position,weight_distribution,728,QB,"{""class_year"":""SR"",""position_group"":""QB"",""role_tier"":""impact_starter"",""weight"":""0.11384"",""notes"":""Normalize within class_year + position_group.""}"
college_production,college_production_role_weights_by_class_position.csv,college_production_role_weights_by_class_position,weight_distribution,729,QB,"{""class_year"":""SR"",""position_group"":""QB"",""role_tier"":""all_conference"",""weight"":""0.03863"",""notes"":""Normalize within class_year + position_group.""}"
college_production,college_production_role_weights_by_class_position.csv,college_production_role_weights_by_class_position,weight_distribution,730,QB,"{""class_year"":""SR"",""position_group"":""QB"",""role_tier"":""all_american"",""weight"":""0.00494"",""notes"":""Normalize within class_year + position_group.""}"
college_production,college_production_role_weights_by_class_position.csv,college_production_role_weights_by_class_position,weight_distribution,731,RB,"{""class_year"":""SR"",""position_group"":""RB"",""role_tier"":""redshirt"",""weight"":""0.00131"",""notes"":""Normalize within class_year + position_group.""}"
college_production,college_production_role_weights_by_class_position.csv,college_production_role_weights_by_class_position,weight_distribution,732,RB,"{""class_year"":""SR"",""position_group"":""RB"",""role_tier"":""bench"",""weight"":""0.03937"",""notes"":""Normalize within class_year + position_group.""}"
college_production,college_production_role_weights_by_class_position.csv,college_production_role_weights_by_class_position,weight_distribution,733,RB,"{""class_year"":""SR"",""position_group"":""RB"",""role_tier"":""special_teams"",""weight"":""0.03281"",""notes"":""Normalize within class_year + position_group.""}"
college_production,college_production_role_weights_by_class_position.csv,college_production_role_weights_by_class_position,weight_distribution,734,RB,"{""class_year"":""SR"",""position_group"":""RB"",""role_tier"":""depth"",""weight"":""0.0735"",""notes"":""Normalize within class_year + position_group.""}"
college_production,college_production_role_weights_by_class_position.csv,college_production_role_weights_by_class_position,weight_distribution,735,RB,"{""class_year"":""SR"",""position_group"":""RB"",""role_tier"":""rotation"",""weight"":""0.20124"",""notes"":""Normalize within class_year + position_group.""}"
college_production,college_production_role_weights_by_class_position.csv,college_production_role_weights_by_class_position,weight_distribution,736,RB,"{""class_year"":""SR"",""position_group"":""RB"",""role_tier"":""spot_starter"",""weight"":""0.14437"",""notes"":""Normalize within class_year + position_group.""}"
college_production,college_production_role_weights_by_class_position.csv,college_production_role_weights_by_class_position,weight_distribution,737,RB,"{""class_year"":""SR"",""position_group"":""RB"",""role_tier"":""starter"",""weight"":""0.34299"",""notes"":""Normalize within class_year + position_group.""}"
college_production,college_production_role_weights_by_class_position.csv,college_production_role_weights_by_class_position,weight_distribution,738,RB,"{""class_year"":""SR"",""position_group"":""RB"",""role_tier"":""impact_starter"",""weight"":""0.11943"",""notes"":""Normalize within class_year + position_group.""}"
college_production,college_production_role_weights_by_class_position.csv,college_production_role_weights_by_class_position,weight_distribution,739,RB,"{""class_year"":""SR"",""position_group"":""RB"",""role_tier"":""all_conference"",""weight"":""0.03937"",""notes"":""Normalize within class_year + position_group.""}"
college_production,college_production_role_weights_by_class_position.csv,college_production_role_weights_by_class_position,weight_distribution,740,RB,"{""class_year"":""SR"",""position_group"":""RB"",""role_tier"":""all_american"",""weight"":""0.0056"",""notes"":""Normalize within class_year + position_group.""}"
college_production,college_production_role_weights_by_class_position.csv,college_production_role_weights_by_class_position,weight_distribution,741,WR,"{""class_year"":""SR"",""position_group"":""WR"",""role_tier"":""redshirt"",""weight"":""0.00131"",""notes"":""Normalize within class_year + position_group.""}"
college_production,college_production_role_weights_by_class_position.csv,college_production_role_weights_by_class_position,weight_distribution,742,WR,"{""class_year"":""SR"",""position_group"":""WR"",""role_tier"":""bench"",""weight"":""0.03937"",""notes"":""Normalize within class_year + position_group.""}"
college_production,college_production_role_weights_by_class_position.csv,college_production_role_weights_by_class_position,weight_distribution,743,WR,"{""class_year"":""SR"",""position_group"":""WR"",""role_tier"":""special_teams"",""weight"":""0.03281"",""notes"":""Normalize within class_year + position_group.""}"
college_production,college_production_role_weights_by_class_position.csv,college_production_role_weights_by_class_position,weight_distribution,744,WR,"{""class_year"":""SR"",""position_group"":""WR"",""role_tier"":""depth"",""weight"":""0.0735"",""notes"":""Normalize within class_year + position_group.""}"
college_production,college_production_role_weights_by_class_position.csv,college_production_role_weights_by_class_position,weight_distribution,745,WR,"{""class_year"":""SR"",""position_group"":""WR"",""role_tier"":""rotation"",""weight"":""0.20124"",""notes"":""Normalize within class_year + position_group.""}"
college_production,college_production_role_weights_by_class_position.csv,college_production_role_weights_by_class_position,weight_distribution,746,WR,"{""class_year"":""SR"",""position_group"":""WR"",""role_tier"":""spot_starter"",""weight"":""0.14437"",""notes"":""Normalize within class_year + position_group.""}"
college_production,college_production_role_weights_by_class_position.csv,college_production_role_weights_by_class_position,weight_distribution,747,WR,"{""class_year"":""SR"",""position_group"":""WR"",""role_tier"":""starter"",""weight"":""0.34299"",""notes"":""Normalize within class_year + position_group.""}"
college_production,college_production_role_weights_by_class_position.csv,college_production_role_weights_by_class_position,weight_distribution,748,WR,"{""class_year"":""SR"",""position_group"":""WR"",""role_tier"":""impact_starter"",""weight"":""0.11943"",""notes"":""Normalize within class_year + position_group.""}"
college_production,college_production_role_weights_by_class_position.csv,college_production_role_weights_by_class_position,weight_distribution,749,WR,"{""class_year"":""SR"",""position_group"":""WR"",""role_tier"":""all_conference"",""weight"":""0.03937"",""notes"":""Normalize within class_year + position_group.""}"
college_production,college_production_role_weights_by_class_position.csv,college_production_role_weights_by_class_position,weight_distribution,750,WR,"{""class_year"":""SR"",""position_group"":""WR"",""role_tier"":""all_american"",""weight"":""0.0056"",""notes"":""Normalize within class_year + position_group.""}"
college_production,college_production_role_weights_by_class_position.csv,college_production_role_weights_by_class_position,weight_distribution,751,TE,"{""class_year"":""SR"",""position_group"":""TE"",""role_tier"":""redshirt"",""weight"":""0.00247"",""notes"":""Normalize within class_year + position_group.""}"
college_production,college_production_role_weights_by_class_position.csv,college_production_role_weights_by_class_position,weight_distribution,752,TE,"{""class_year"":""SR"",""position_group"":""TE"",""role_tier"":""bench"",""weight"":""0.05924"",""notes"":""Normalize within class_year + position_group.""}"
college_production,college_production_role_weights_by_class_position.csv,college_production_role_weights_by_class_position,weight_distribution,753,TE,"{""class_year"":""SR"",""position_group"":""TE"",""role_tier"":""special_teams"",""weight"":""0.02318"",""notes"":""Normalize within class_year + position_group.""}"
college_production,college_production_role_weights_by_class_position.csv,college_production_role_weights_by_class_position,weight_distribution,754,TE,"{""class_year"":""SR"",""position_group"":""TE"",""role_tier"":""depth"",""weight"":""0.09066"",""notes"":""Normalize within class_year + position_group.""}"
college_production,college_production_role_weights_by_class_position.csv,college_production_role_weights_by_class_position,weight_distribution,755,TE,"{""class_year"":""SR"",""position_group"":""TE"",""role_tier"":""rotation"",""weight"":""0.19574"",""notes"":""Normalize within class_year + position_group.""}"
college_production,college_production_role_weights_by_class_position.csv,college_production_role_weights_by_class_position,weight_distribution,756,TE,"{""class_year"":""SR"",""position_group"":""TE"",""role_tier"":""spot_starter"",""weight"":""0.1468"",""notes"":""Normalize within class_year + position_group.""}"
college_production,college_production_role_weights_by_class_position.csv,college_production_role_weights_by_class_position,weight_distribution,757,TE,"{""class_year"":""SR"",""position_group"":""TE"",""role_tier"":""starter"",""weight"":""0.32451"",""notes"":""Normalize within class_year + position_group.""}"
college_production,college_production_role_weights_by_class_position.csv,college_production_role_weights_by_class_position,weight_distribution,758,TE,"{""class_year"":""SR"",""position_group"":""TE"",""role_tier"":""impact_starter"",""weight"":""0.11384"",""notes"":""Normalize within class_year + position_group.""}"
college_production,college_production_role_weights_by_class_position.csv,college_production_role_weights_by_class_position,weight_distribution,759,TE,"{""class_year"":""SR"",""position_group"":""TE"",""role_tier"":""all_conference"",""weight"":""0.03863"",""notes"":""Normalize within class_year + position_group.""}"
college_production,college_production_role_weights_by_class_position.csv,college_production_role_weights_by_class_position,weight_distribution,760,TE,"{""class_year"":""SR"",""position_group"":""TE"",""role_tier"":""all_american"",""weight"":""0.00494"",""notes"":""Normalize within class_year + position_group.""}"
college_production,college_production_role_weights_by_class_position.csv,college_production_role_weights_by_class_position,weight_distribution,761,OL,"{""class_year"":""SR"",""position_group"":""OL"",""role_tier"":""redshirt"",""weight"":""0.00247"",""notes"":""Normalize within class_year + position_group.""}"
college_production,college_production_role_weights_by_class_position.csv,college_production_role_weights_by_class_position,weight_distribution,762,OL,"{""class_year"":""SR"",""position_group"":""OL"",""role_tier"":""bench"",""weight"":""0.05924"",""notes"":""Normalize within class_year + position_group.""}"
college_production,college_production_role_weights_by_class_position.csv,college_production_role_weights_by_class_position,weight_distribution,763,OL,"{""class_year"":""SR"",""position_group"":""OL"",""role_tier"":""special_teams"",""weight"":""0.02318"",""notes"":""Normalize within class_year + position_group.""}"
college_production,college_production_role_weights_by_class_position.csv,college_production_role_weights_by_class_position,weight_distribution,764,OL,"{""class_year"":""SR"",""position_group"":""OL"",""role_tier"":""depth"",""weight"":""0.09066"",""notes"":""Normalize within class_year + position_group.""}"
college_production,college_production_role_weights_by_class_position.csv,college_production_role_weights_by_class_position,weight_distribution,765,OL,"{""class_year"":""SR"",""position_group"":""OL"",""role_tier"":""rotation"",""weight"":""0.19574"",""notes"":""Normalize within class_year + position_group.""}"
college_production,college_production_role_weights_by_class_position.csv,college_production_role_weights_by_class_position,weight_distribution,766,OL,"{""class_year"":""SR"",""position_group"":""OL"",""role_tier"":""spot_starter"",""weight"":""0.1468"",""notes"":""Normalize within class_year + position_group.""}"
college_production,college_production_role_weights_by_class_position.csv,college_production_role_weights_by_class_position,weight_distribution,767,OL,"{""class_year"":""SR"",""position_group"":""OL"",""role_tier"":""starter"",""weight"":""0.32451"",""notes"":""Normalize within class_year + position_group.""}"
college_production,college_production_role_weights_by_class_position.csv,college_production_role_weights_by_class_position,weight_distribution,768,OL,"{""class_year"":""SR"",""position_group"":""OL"",""role_tier"":""impact_starter"",""weight"":""0.11384"",""notes"":""Normalize within class_year + position_group.""}"
college_production,college_production_role_weights_by_class_position.csv,college_production_role_weights_by_class_position,weight_distribution,769,OL,"{""class_year"":""SR"",""position_group"":""OL"",""role_tier"":""all_conference"",""weight"":""0.03863"",""notes"":""Normalize within class_year + position_group.""}"
college_production,college_production_role_weights_by_class_position.csv,college_production_role_weights_by_class_position,weight_distribution,770,OL,"{""class_year"":""SR"",""position_group"":""OL"",""role_tier"":""all_american"",""weight"":""0.00494"",""notes"":""Normalize within class_year + position_group.""}"
college_production,college_production_role_weights_by_class_position.csv,college_production_role_weights_by_class_position,weight_distribution,771,EDGE,"{""class_year"":""SR"",""position_group"":""EDGE"",""role_tier"":""redshirt"",""weight"":""0.00162"",""notes"":""Normalize within class_year + position_group.""}"
college_production,college_production_role_weights_by_class_position.csv,college_production_role_weights_by_class_position,weight_distribution,772,EDGE,"{""class_year"":""SR"",""position_group"":""EDGE"",""role_tier"":""bench"",""weight"":""0.04512"",""notes"":""Normalize within class_year + position_group.""}"
college_production,college_production_role_weights_by_class_position.csv,college_production_role_weights_by_class_position,weight_distribution,773,EDGE,"{""class_year"":""SR"",""position_group"":""EDGE"",""role_tier"":""special_teams"",""weight"":""0.02707"",""notes"":""Normalize within class_year + position_group.""}"
college_production,college_production_role_weights_by_class_position.csv,college_production_role_weights_by_class_position,weight_distribution,774,EDGE,"{""class_year"":""SR"",""position_group"":""EDGE"",""role_tier"":""depth"",""weight"":""0.07581"",""notes"":""Normalize within class_year + position_group.""}"
college_production,college_production_role_weights_by_class_position.csv,college_production_role_weights_by_class_position,weight_distribution,775,EDGE,"{""class_year"":""SR"",""position_group"":""EDGE"",""role_tier"":""rotation"",""weight"":""0.19493"",""notes"":""Normalize within class_year + position_group.""}"
college_production,college_production_role_weights_by_class_position.csv,college_production_role_weights_by_class_position,weight_distribution,776,EDGE,"{""class_year"":""SR"",""position_group"":""EDGE"",""role_tier"":""spot_starter"",""weight"":""0.14214"",""notes"":""Normalize within class_year + position_group.""}"
college_production,college_production_role_weights_by_class_position.csv,college_production_role_weights_by_class_position,weight_distribution,777,EDGE,"{""class_year"":""SR"",""position_group"":""EDGE"",""role_tier"":""starter"",""weight"":""0.34112"",""notes"":""Normalize within class_year + position_group.""}"
college_production,college_production_role_weights_by_class_position.csv,college_production_role_weights_by_class_position,weight_distribution,778,EDGE,"{""class_year"":""SR"",""position_group"":""EDGE"",""role_tier"":""impact_starter"",""weight"":""0.12318"",""notes"":""Normalize within class_year + position_group.""}"
college_production,college_production_role_weights_by_class_position.csv,college_production_role_weights_by_class_position,weight_distribution,779,EDGE,"{""class_year"":""SR"",""position_group"":""EDGE"",""role_tier"":""all_conference"",""weight"":""0.04287"",""notes"":""Normalize within class_year + position_group.""}"
college_production,college_production_role_weights_by_class_position.csv,college_production_role_weights_by_class_position,weight_distribution,780,EDGE,"{""class_year"":""SR"",""position_group"":""EDGE"",""role_tier"":""all_american"",""weight"":""0.00614"",""notes"":""Normalize within class_year + position_group.""}"
college_production,college_production_role_weights_by_class_position.csv,college_production_role_weights_by_class_position,weight_distribution,781,DL,"{""class_year"":""SR"",""position_group"":""DL"",""role_tier"":""redshirt"",""weight"":""0.00162"",""notes"":""Normalize within class_year + position_group.""}"
college_production,college_production_role_weights_by_class_position.csv,college_production_role_weights_by_class_position,weight_distribution,782,DL,"{""class_year"":""SR"",""position_group"":""DL"",""role_tier"":""bench"",""weight"":""0.04512"",""notes"":""Normalize within class_year + position_group.""}"
college_production,college_production_role_weights_by_class_position.csv,college_production_role_weights_by_class_position,weight_distribution,783,DL,"{""class_year"":""SR"",""position_group"":""DL"",""role_tier"":""special_teams"",""weight"":""0.02707"",""notes"":""Normalize within class_year + position_group.""}"
college_production,college_production_role_weights_by_class_position.csv,college_production_role_weights_by_class_position,weight_distribution,784,DL,"{""class_year"":""SR"",""position_group"":""DL"",""role_tier"":""depth"",""weight"":""0.07581"",""notes"":""Normalize within class_year + position_group.""}"
college_production,college_production_role_weights_by_class_position.csv,college_production_role_weights_by_class_position,weight_distribution,785,DL,"{""class_year"":""SR"",""position_group"":""DL"",""role_tier"":""rotation"",""weight"":""0.19493"",""notes"":""Normalize within class_year + position_group.""}"
college_production,college_production_role_weights_by_class_position.csv,college_production_role_weights_by_class_position,weight_distribution,786,DL,"{""class_year"":""SR"",""position_group"":""DL"",""role_tier"":""spot_starter"",""weight"":""0.14214"",""notes"":""Normalize within class_year + position_group.""}"
college_production,college_production_role_weights_by_class_position.csv,college_production_role_weights_by_class_position,weight_distribution,787,DL,"{""class_year"":""SR"",""position_group"":""DL"",""role_tier"":""starter"",""weight"":""0.34112"",""notes"":""Normalize within class_year + position_group.""}"
college_production,college_production_role_weights_by_class_position.csv,college_production_role_weights_by_class_position,weight_distribution,788,DL,"{""class_year"":""SR"",""position_group"":""DL"",""role_tier"":""impact_starter"",""weight"":""0.12318"",""notes"":""Normalize within class_year + position_group.""}"
college_production,college_production_role_weights_by_class_position.csv,college_production_role_weights_by_class_position,weight_distribution,789,DL,"{""class_year"":""SR"",""position_group"":""DL"",""role_tier"":""all_conference"",""weight"":""0.04287"",""notes"":""Normalize within class_year + position_group.""}"
college_production,college_production_role_weights_by_class_position.csv,college_production_role_weights_by_class_position,weight_distribution,790,DL,"{""class_year"":""SR"",""position_group"":""DL"",""role_tier"":""all_american"",""weight"":""0.00614"",""notes"":""Normalize within class_year + position_group.""}"
college_production,college_production_role_weights_by_class_position.csv,college_production_role_weights_by_class_position,weight_distribution,791,LB,"{""class_year"":""SR"",""position_group"":""LB"",""role_tier"":""redshirt"",""weight"":""0.00162"",""notes"":""Normalize within class_year + position_group.""}"
college_production,college_production_role_weights_by_class_position.csv,college_production_role_weights_by_class_position,weight_distribution,792,LB,"{""class_year"":""SR"",""position_group"":""LB"",""role_tier"":""bench"",""weight"":""0.04512"",""notes"":""Normalize within class_year + position_group.""}"
college_production,college_production_role_weights_by_class_position.csv,college_production_role_weights_by_class_position,weight_distribution,793,LB,"{""class_year"":""SR"",""position_group"":""LB"",""role_tier"":""special_teams"",""weight"":""0.02707"",""notes"":""Normalize within class_year + position_group.""}"
college_production,college_production_role_weights_by_class_position.csv,college_production_role_weights_by_class_position,weight_distribution,794,LB,"{""class_year"":""SR"",""position_group"":""LB"",""role_tier"":""depth"",""weight"":""0.07581"",""notes"":""Normalize within class_year + position_group.""}"
college_production,college_production_role_weights_by_class_position.csv,college_production_role_weights_by_class_position,weight_distribution,795,LB,"{""class_year"":""SR"",""position_group"":""LB"",""role_tier"":""rotation"",""weight"":""0.19493"",""notes"":""Normalize within class_year + position_group.""}"
college_production,college_production_role_weights_by_class_position.csv,college_production_role_weights_by_class_position,weight_distribution,796,LB,"{""class_year"":""SR"",""position_group"":""LB"",""role_tier"":""spot_starter"",""weight"":""0.14214"",""notes"":""Normalize within class_year + position_group.""}"
college_production,college_production_role_weights_by_class_position.csv,college_production_role_weights_by_class_position,weight_distribution,797,LB,"{""class_year"":""SR"",""position_group"":""LB"",""role_tier"":""starter"",""weight"":""0.34112"",""notes"":""Normalize within class_year + position_group.""}"
college_production,college_production_role_weights_by_class_position.csv,college_production_role_weights_by_class_position,weight_distribution,798,LB,"{""class_year"":""SR"",""position_group"":""LB"",""role_tier"":""impact_starter"",""weight"":""0.12318"",""notes"":""Normalize within class_year + position_group.""}"
college_production,college_production_role_weights_by_class_position.csv,college_production_role_weights_by_class_position,weight_distribution,799,LB,"{""class_year"":""SR"",""position_group"":""LB"",""role_tier"":""all_conference"",""weight"":""0.04287"",""notes"":""Normalize within class_year + position_group.""}"
college_production,college_production_role_weights_by_class_position.csv,college_production_role_weights_by_class_position,weight_distribution,800,LB,"{""class_year"":""SR"",""position_group"":""LB"",""role_tier"":""all_american"",""weight"":""0.00614"",""notes"":""Normalize within class_year + position_group.""}"
college_production,college_production_role_weights_by_class_position.csv,college_production_role_weights_by_class_position,weight_distribution,801,CB,"{""class_year"":""SR"",""position_group"":""CB"",""role_tier"":""redshirt"",""weight"":""0.00131"",""notes"":""Normalize within class_year + position_group.""}"
college_production,college_production_role_weights_by_class_position.csv,college_production_role_weights_by_class_position,weight_distribution,802,CB,"{""class_year"":""SR"",""position_group"":""CB"",""role_tier"":""bench"",""weight"":""0.03937"",""notes"":""Normalize within class_year + position_group.""}"
college_production,college_production_role_weights_by_class_position.csv,college_production_role_weights_by_class_position,weight_distribution,803,CB,"{""class_year"":""SR"",""position_group"":""CB"",""role_tier"":""special_teams"",""weight"":""0.03281"",""notes"":""Normalize within class_year + position_group.""}"
college_production,college_production_role_weights_by_class_position.csv,college_production_role_weights_by_class_position,weight_distribution,804,CB,"{""class_year"":""SR"",""position_group"":""CB"",""role_tier"":""depth"",""weight"":""0.0735"",""notes"":""Normalize within class_year + position_group.""}"
college_production,college_production_role_weights_by_class_position.csv,college_production_role_weights_by_class_position,weight_distribution,805,CB,"{""class_year"":""SR"",""position_group"":""CB"",""role_tier"":""rotation"",""weight"":""0.20124"",""notes"":""Normalize within class_year + position_group.""}"
college_production,college_production_role_weights_by_class_position.csv,college_production_role_weights_by_class_position,weight_distribution,806,CB,"{""class_year"":""SR"",""position_group"":""CB"",""role_tier"":""spot_starter"",""weight"":""0.14437"",""notes"":""Normalize within class_year + position_group.""}"
college_production,college_production_role_weights_by_class_position.csv,college_production_role_weights_by_class_position,weight_distribution,807,CB,"{""class_year"":""SR"",""position_group"":""CB"",""role_tier"":""starter"",""weight"":""0.34299"",""notes"":""Normalize within class_year + position_group.""}"
college_production,college_production_role_weights_by_class_position.csv,college_production_role_weights_by_class_position,weight_distribution,808,CB,"{""class_year"":""SR"",""position_group"":""CB"",""role_tier"":""impact_starter"",""weight"":""0.11943"",""notes"":""Normalize within class_year + position_group.""}"
college_production,college_production_role_weights_by_class_position.csv,college_production_role_weights_by_class_position,weight_distribution,809,CB,"{""class_year"":""SR"",""position_group"":""CB"",""role_tier"":""all_conference"",""weight"":""0.03937"",""notes"":""Normalize within class_year + position_group.""}"
college_production,college_production_role_weights_by_class_position.csv,college_production_role_weights_by_class_position,weight_distribution,810,CB,"{""class_year"":""SR"",""position_group"":""CB"",""role_tier"":""all_american"",""weight"":""0.0056"",""notes"":""Normalize within class_year + position_group.""}"
college_production,college_production_role_weights_by_class_position.csv,college_production_role_weights_by_class_position,weight_distribution,811,S,"{""class_year"":""SR"",""position_group"":""S"",""role_tier"":""redshirt"",""weight"":""0.00131"",""notes"":""Normalize within class_year + position_group.""}"
college_production,college_production_role_weights_by_class_position.csv,college_production_role_weights_by_class_position,weight_distribution,812,S,"{""class_year"":""SR"",""position_group"":""S"",""role_tier"":""bench"",""weight"":""0.03937"",""notes"":""Normalize within class_year + position_group.""}"
college_production,college_production_role_weights_by_class_position.csv,college_production_role_weights_by_class_position,weight_distribution,813,S,"{""class_year"":""SR"",""position_group"":""S"",""role_tier"":""special_teams"",""weight"":""0.03281"",""notes"":""Normalize within class_year + position_group.""}"
college_production,college_production_role_weights_by_class_position.csv,college_production_role_weights_by_class_position,weight_distribution,814,S,"{""class_year"":""SR"",""position_group"":""S"",""role_tier"":""depth"",""weight"":""0.0735"",""notes"":""Normalize within class_year + position_group.""}"
college_production,college_production_role_weights_by_class_position.csv,college_production_role_weights_by_class_position,weight_distribution,815,S,"{""class_year"":""SR"",""position_group"":""S"",""role_tier"":""rotation"",""weight"":""0.20124"",""notes"":""Normalize within class_year + position_group.""}"
college_production,college_production_role_weights_by_class_position.csv,college_production_role_weights_by_class_position,weight_distribution,816,S,"{""class_year"":""SR"",""position_group"":""S"",""role_tier"":""spot_starter"",""weight"":""0.14437"",""notes"":""Normalize within class_year + position_group.""}"
college_production,college_production_role_weights_by_class_position.csv,college_production_role_weights_by_class_position,weight_distribution,817,S,"{""class_year"":""SR"",""position_group"":""S"",""role_tier"":""starter"",""weight"":""0.34299"",""notes"":""Normalize within class_year + position_group.""}"
college_production,college_production_role_weights_by_class_position.csv,college_production_role_weights_by_class_position,weight_distribution,818,S,"{""class_year"":""SR"",""position_group"":""S"",""role_tier"":""impact_starter"",""weight"":""0.11943"",""notes"":""Normalize within class_year + position_group.""}"
college_production,college_production_role_weights_by_class_position.csv,college_production_role_weights_by_class_position,weight_distribution,819,S,"{""class_year"":""SR"",""position_group"":""S"",""role_tier"":""all_conference"",""weight"":""0.03937"",""notes"":""Normalize within class_year + position_group.""}"
college_production,college_production_role_weights_by_class_position.csv,college_production_role_weights_by_class_position,weight_distribution,820,S,"{""class_year"":""SR"",""position_group"":""S"",""role_tier"":""all_american"",""weight"":""0.0056"",""notes"":""Normalize within class_year + position_group.""}"
college_production,college_production_role_weights_by_class_position.csv,college_production_role_weights_by_class_position,weight_distribution,821,K,"{""class_year"":""SR"",""position_group"":""K"",""role_tier"":""redshirt"",""weight"":""0.00247"",""notes"":""Normalize within class_year + position_group.""}"
college_production,college_production_role_weights_by_class_position.csv,college_production_role_weights_by_class_position,weight_distribution,822,K,"{""class_year"":""SR"",""position_group"":""K"",""role_tier"":""bench"",""weight"":""0.05924"",""notes"":""Normalize within class_year + position_group.""}"
college_production,college_production_role_weights_by_class_position.csv,college_production_role_weights_by_class_position,weight_distribution,823,K,"{""class_year"":""SR"",""position_group"":""K"",""role_tier"":""special_teams"",""weight"":""0.02318"",""notes"":""Normalize within class_year + position_group.""}"
college_production,college_production_role_weights_by_class_position.csv,college_production_role_weights_by_class_position,weight_distribution,824,K,"{""class_year"":""SR"",""position_group"":""K"",""role_tier"":""depth"",""weight"":""0.09066"",""notes"":""Normalize within class_year + position_group.""}"
college_production,college_production_role_weights_by_class_position.csv,college_production_role_weights_by_class_position,weight_distribution,825,K,"{""class_year"":""SR"",""position_group"":""K"",""role_tier"":""rotation"",""weight"":""0.19574"",""notes"":""Normalize within class_year + position_group.""}"
college_production,college_production_role_weights_by_class_position.csv,college_production_role_weights_by_class_position,weight_distribution,826,K,"{""class_year"":""SR"",""position_group"":""K"",""role_tier"":""spot_starter"",""weight"":""0.1468"",""notes"":""Normalize within class_year + position_group.""}"
college_production,college_production_role_weights_by_class_position.csv,college_production_role_weights_by_class_position,weight_distribution,827,K,"{""class_year"":""SR"",""position_group"":""K"",""role_tier"":""starter"",""weight"":""0.32451"",""notes"":""Normalize within class_year + position_group.""}"
college_production,college_production_role_weights_by_class_position.csv,college_production_role_weights_by_class_position,weight_distribution,828,K,"{""class_year"":""SR"",""position_group"":""K"",""role_tier"":""impact_starter"",""weight"":""0.11384"",""notes"":""Normalize within class_year + position_group.""}"
college_production,college_production_role_weights_by_class_position.csv,college_production_role_weights_by_class_position,weight_distribution,829,K,"{""class_year"":""SR"",""position_group"":""K"",""role_tier"":""all_conference"",""weight"":""0.03863"",""notes"":""Normalize within class_year + position_group.""}"
college_production,college_production_role_weights_by_class_position.csv,college_production_role_weights_by_class_position,weight_distribution,830,K,"{""class_year"":""SR"",""position_group"":""K"",""role_tier"":""all_american"",""weight"":""0.00494"",""notes"":""Normalize within class_year + position_group.""}"
college_production,college_production_role_weights_by_class_position.csv,college_production_role_weights_by_class_position,weight_distribution,831,P,"{""class_year"":""SR"",""position_group"":""P"",""role_tier"":""redshirt"",""weight"":""0.00247"",""notes"":""Normalize within class_year + position_group.""}"
college_production,college_production_role_weights_by_class_position.csv,college_production_role_weights_by_class_position,weight_distribution,832,P,"{""class_year"":""SR"",""position_group"":""P"",""role_tier"":""bench"",""weight"":""0.05924"",""notes"":""Normalize within class_year + position_group.""}"
college_production,college_production_role_weights_by_class_position.csv,college_production_role_weights_by_class_position,weight_distribution,833,P,"{""class_year"":""SR"",""position_group"":""P"",""role_tier"":""special_teams"",""weight"":""0.02318"",""notes"":""Normalize within class_year + position_group.""}"
college_production,college_production_role_weights_by_class_position.csv,college_production_role_weights_by_class_position,weight_distribution,834,P,"{""class_year"":""SR"",""position_group"":""P"",""role_tier"":""depth"",""weight"":""0.09066"",""notes"":""Normalize within class_year + position_group.""}"
college_production,college_production_role_weights_by_class_position.csv,college_production_role_weights_by_class_position,weight_distribution,835,P,"{""class_year"":""SR"",""position_group"":""P"",""role_tier"":""rotation"",""weight"":""0.19574"",""notes"":""Normalize within class_year + position_group.""}"
college_production,college_production_role_weights_by_class_position.csv,college_production_role_weights_by_class_position,weight_distribution,836,P,"{""class_year"":""SR"",""position_group"":""P"",""role_tier"":""spot_starter"",""weight"":""0.1468"",""notes"":""Normalize within class_year + position_group.""}"
college_production,college_production_role_weights_by_class_position.csv,college_production_role_weights_by_class_position,weight_distribution,837,P,"{""class_year"":""SR"",""position_group"":""P"",""role_tier"":""starter"",""weight"":""0.32451"",""notes"":""Normalize within class_year + position_group.""}"
college_production,college_production_role_weights_by_class_position.csv,college_production_role_weights_by_class_position,weight_distribution,838,P,"{""class_year"":""SR"",""position_group"":""P"",""role_tier"":""impact_starter"",""weight"":""0.11384"",""notes"":""Normalize within class_year + position_group.""}"
college_production,college_production_role_weights_by_class_position.csv,college_production_role_weights_by_class_position,weight_distribution,839,P,"{""class_year"":""SR"",""position_group"":""P"",""role_tier"":""all_conference"",""weight"":""0.03863"",""notes"":""Normalize within class_year + position_group.""}"
college_production,college_production_role_weights_by_class_position.csv,college_production_role_weights_by_class_position,weight_distribution,840,P,"{""class_year"":""SR"",""position_group"":""P"",""role_tier"":""all_american"",""weight"":""0.00494"",""notes"":""Normalize within class_year + position_group.""}"
college_production,college_production_role_weights_by_class_position.csv,college_production_role_weights_by_class_position,weight_distribution,841,QB,"{""class_year"":""RS-SR"",""position_group"":""QB"",""role_tier"":""redshirt"",""weight"":""0.00125"",""notes"":""Normalize within class_year + position_group.""}"
college_production,college_production_role_weights_by_class_position.csv,college_production_role_weights_by_class_position,weight_distribution,842,QB,"{""class_year"":""RS-SR"",""position_group"":""QB"",""role_tier"":""bench"",""weight"":""0.04806"",""notes"":""Normalize within class_year + position_group.""}"
college_production,college_production_role_weights_by_class_position.csv,college_production_role_weights_by_class_position,weight_distribution,843,QB,"{""class_year"":""RS-SR"",""position_group"":""QB"",""role_tier"":""special_teams"",""weight"":""0.01959"",""notes"":""Normalize within class_year + position_group.""}"
college_production,college_production_role_weights_by_class_position.csv,college_production_role_weights_by_class_position,weight_distribution,844,QB,"{""class_year"":""RS-SR"",""position_group"":""QB"",""role_tier"":""depth"",""weight"":""0.08045"",""notes"":""Normalize within class_year + position_group.""}"
college_production,college_production_role_weights_by_class_position.csv,college_production_role_weights_by_class_position,weight_distribution,845,QB,"{""class_year"":""RS-SR"",""position_group"":""QB"",""role_tier"":""rotation"",""weight"":""0.17866"",""notes"":""Normalize within class_year + position_group.""}"
college_production,college_production_role_weights_by_class_position.csv,college_production_role_weights_by_class_position,weight_distribution,846,QB,"{""class_year"":""RS-SR"",""position_group"":""QB"",""role_tier"":""spot_starter"",""weight"":""0.13896"",""notes"":""Normalize within class_year + position_group.""}"
college_production,college_production_role_weights_by_class_position.csv,college_production_role_weights_by_class_position,weight_distribution,847,QB,"{""class_year"":""RS-SR"",""position_group"":""QB"",""role_tier"":""starter"",""weight"":""0.34793"",""notes"":""Normalize within class_year + position_group.""}"
college_production,college_production_role_weights_by_class_position.csv,college_production_role_weights_by_class_position,weight_distribution,848,QB,"{""class_year"":""RS-SR"",""position_group"":""QB"",""role_tier"":""impact_starter"",""weight"":""0.13321"",""notes"":""Normalize within class_year + position_group.""}"
college_production,college_production_role_weights_by_class_position.csv,college_production_role_weights_by_class_position,weight_distribution,849,QB,"{""class_year"":""RS-SR"",""position_group"":""QB"",""role_tier"":""all_conference"",""weight"":""0.0431"",""notes"":""Normalize within class_year + position_group.""}"
college_production,college_production_role_weights_by_class_position.csv,college_production_role_weights_by_class_position,weight_distribution,850,QB,"{""class_year"":""RS-SR"",""position_group"":""QB"",""role_tier"":""all_american"",""weight"":""0.00878"",""notes"":""Normalize within class_year + position_group.""}"
college_production,college_production_role_weights_by_class_position.csv,college_production_role_weights_by_class_position,weight_distribution,851,RB,"{""class_year"":""RS-SR"",""position_group"":""RB"",""role_tier"":""redshirt"",""weight"":""0.00066"",""notes"":""Normalize within class_year + position_group.""}"
college_production,college_production_role_weights_by_class_position.csv,college_production_role_weights_by_class_position,weight_distribution,852,RB,"{""class_year"":""RS-SR"",""position_group"":""RB"",""role_tier"":""bench"",""weight"":""0.03172"",""notes"":""Normalize within class_year + position_group.""}"
college_production,college_production_role_weights_by_class_position.csv,college_production_role_weights_by_class_position,weight_distribution,853,RB,"{""class_year"":""RS-SR"",""position_group"":""RB"",""role_tier"":""special_teams"",""weight"":""0.02753"",""notes"":""Normalize within class_year + position_group.""}"
college_production,college_production_role_weights_by_class_position.csv,college_production_role_weights_by_class_position,weight_distribution,854,RB,"{""class_year"":""RS-SR"",""position_group"":""RB"",""role_tier"":""depth"",""weight"":""0.06475"",""notes"":""Normalize within class_year + position_group.""}"
college_production,college_production_role_weights_by_class_position.csv,college_production_role_weights_by_class_position,weight_distribution,855,RB,"{""class_year"":""RS-SR"",""position_group"":""RB"",""role_tier"":""rotation"",""weight"":""0.18236"",""notes"":""Normalize within class_year + position_group.""}"
college_production,college_production_role_weights_by_class_position.csv,college_production_role_weights_by_class_position,weight_distribution,856,RB,"{""class_year"":""RS-SR"",""position_group"":""RB"",""role_tier"":""spot_starter"",""weight"":""0.13567"",""notes"":""Normalize within class_year + position_group.""}"
college_production,college_production_role_weights_by_class_position.csv,college_production_role_weights_by_class_position,weight_distribution,857,RB,"{""class_year"":""RS-SR"",""position_group"":""RB"",""role_tier"":""starter"",""weight"":""0.36508"",""notes"":""Normalize within class_year + position_group.""}"
college_production,college_production_role_weights_by_class_position.csv,college_production_role_weights_by_class_position,weight_distribution,858,RB,"{""class_year"":""RS-SR"",""position_group"":""RB"",""role_tier"":""impact_starter"",""weight"":""0.13875"",""notes"":""Normalize within class_year + position_group.""}"
college_production,college_production_role_weights_by_class_position.csv,college_production_role_weights_by_class_position,weight_distribution,859,RB,"{""class_year"":""RS-SR"",""position_group"":""RB"",""role_tier"":""all_conference"",""weight"":""0.04361"",""notes"":""Normalize within class_year + position_group.""}"
college_production,college_production_role_weights_by_class_position.csv,college_production_role_weights_by_class_position,weight_distribution,860,RB,"{""class_year"":""RS-SR"",""position_group"":""RB"",""role_tier"":""all_american"",""weight"":""0.00987"",""notes"":""Normalize within class_year + position_group.""}"
college_production,college_production_role_weights_by_class_position.csv,college_production_role_weights_by_class_position,weight_distribution,861,WR,"{""class_year"":""RS-SR"",""position_group"":""WR"",""role_tier"":""redshirt"",""weight"":""0.00066"",""notes"":""Normalize within class_year + position_group.""}"
college_production,college_production_role_weights_by_class_position.csv,college_production_role_weights_by_class_position,weight_distribution,862,WR,"{""class_year"":""RS-SR"",""position_group"":""WR"",""role_tier"":""bench"",""weight"":""0.03172"",""notes"":""Normalize within class_year + position_group.""}"
college_production,college_production_role_weights_by_class_position.csv,college_production_role_weights_by_class_position,weight_distribution,863,WR,"{""class_year"":""RS-SR"",""position_group"":""WR"",""role_tier"":""special_teams"",""weight"":""0.02753"",""notes"":""Normalize within class_year + position_group.""}"
college_production,college_production_role_weights_by_class_position.csv,college_production_role_weights_by_class_position,weight_distribution,864,WR,"{""class_year"":""RS-SR"",""position_group"":""WR"",""role_tier"":""depth"",""weight"":""0.06475"",""notes"":""Normalize within class_year + position_group.""}"
college_production,college_production_role_weights_by_class_position.csv,college_production_role_weights_by_class_position,weight_distribution,865,WR,"{""class_year"":""RS-SR"",""position_group"":""WR"",""role_tier"":""rotation"",""weight"":""0.18236"",""notes"":""Normalize within class_year + position_group.""}"
college_production,college_production_role_weights_by_class_position.csv,college_production_role_weights_by_class_position,weight_distribution,866,WR,"{""class_year"":""RS-SR"",""position_group"":""WR"",""role_tier"":""spot_starter"",""weight"":""0.13567"",""notes"":""Normalize within class_year + position_group.""}"
college_production,college_production_role_weights_by_class_position.csv,college_production_role_weights_by_class_position,weight_distribution,867,WR,"{""class_year"":""RS-SR"",""position_group"":""WR"",""role_tier"":""starter"",""weight"":""0.36508"",""notes"":""Normalize within class_year + position_group.""}"
college_production,college_production_role_weights_by_class_position.csv,college_production_role_weights_by_class_position,weight_distribution,868,WR,"{""class_year"":""RS-SR"",""position_group"":""WR"",""role_tier"":""impact_starter"",""weight"":""0.13875"",""notes"":""Normalize within class_year + position_group.""}"
college_production,college_production_role_weights_by_class_position.csv,college_production_role_weights_by_class_position,weight_distribution,869,WR,"{""class_year"":""RS-SR"",""position_group"":""WR"",""role_tier"":""all_conference"",""weight"":""0.04361"",""notes"":""Normalize within class_year + position_group.""}"
college_production,college_production_role_weights_by_class_position.csv,college_production_role_weights_by_class_position,weight_distribution,870,WR,"{""class_year"":""RS-SR"",""position_group"":""WR"",""role_tier"":""all_american"",""weight"":""0.00987"",""notes"":""Normalize within class_year + position_group.""}"
college_production,college_production_role_weights_by_class_position.csv,college_production_role_weights_by_class_position,weight_distribution,871,TE,"{""class_year"":""RS-SR"",""position_group"":""TE"",""role_tier"":""redshirt"",""weight"":""0.00125"",""notes"":""Normalize within class_year + position_group.""}"
college_production,college_production_role_weights_by_class_position.csv,college_production_role_weights_by_class_position,weight_distribution,872,TE,"{""class_year"":""RS-SR"",""position_group"":""TE"",""role_tier"":""bench"",""weight"":""0.04806"",""notes"":""Normalize within class_year + position_group.""}"
college_production,college_production_role_weights_by_class_position.csv,college_production_role_weights_by_class_position,weight_distribution,873,TE,"{""class_year"":""RS-SR"",""position_group"":""TE"",""role_tier"":""special_teams"",""weight"":""0.01959"",""notes"":""Normalize within class_year + position_group.""}"
college_production,college_production_role_weights_by_class_position.csv,college_production_role_weights_by_class_position,weight_distribution,874,TE,"{""class_year"":""RS-SR"",""position_group"":""TE"",""role_tier"":""depth"",""weight"":""0.08045"",""notes"":""Normalize within class_year + position_group.""}"
college_production,college_production_role_weights_by_class_position.csv,college_production_role_weights_by_class_position,weight_distribution,875,TE,"{""class_year"":""RS-SR"",""position_group"":""TE"",""role_tier"":""rotation"",""weight"":""0.17866"",""notes"":""Normalize within class_year + position_group.""}"
college_production,college_production_role_weights_by_class_position.csv,college_production_role_weights_by_class_position,weight_distribution,876,TE,"{""class_year"":""RS-SR"",""position_group"":""TE"",""role_tier"":""spot_starter"",""weight"":""0.13896"",""notes"":""Normalize within class_year + position_group.""}"
college_production,college_production_role_weights_by_class_position.csv,college_production_role_weights_by_class_position,weight_distribution,877,TE,"{""class_year"":""RS-SR"",""position_group"":""TE"",""role_tier"":""starter"",""weight"":""0.34793"",""notes"":""Normalize within class_year + position_group.""}"
college_production,college_production_role_weights_by_class_position.csv,college_production_role_weights_by_class_position,weight_distribution,878,TE,"{""class_year"":""RS-SR"",""position_group"":""TE"",""role_tier"":""impact_starter"",""weight"":""0.13321"",""notes"":""Normalize within class_year + position_group.""}"
college_production,college_production_role_weights_by_class_position.csv,college_production_role_weights_by_class_position,weight_distribution,879,TE,"{""class_year"":""RS-SR"",""position_group"":""TE"",""role_tier"":""all_conference"",""weight"":""0.0431"",""notes"":""Normalize within class_year + position_group.""}"
college_production,college_production_role_weights_by_class_position.csv,college_production_role_weights_by_class_position,weight_distribution,880,TE,"{""class_year"":""RS-SR"",""position_group"":""TE"",""role_tier"":""all_american"",""weight"":""0.00878"",""notes"":""Normalize within class_year + position_group.""}"
college_production,college_production_role_weights_by_class_position.csv,college_production_role_weights_by_class_position,weight_distribution,881,OL,"{""class_year"":""RS-SR"",""position_group"":""OL"",""role_tier"":""redshirt"",""weight"":""0.00125"",""notes"":""Normalize within class_year + position_group.""}"
college_production,college_production_role_weights_by_class_position.csv,college_production_role_weights_by_class_position,weight_distribution,882,OL,"{""class_year"":""RS-SR"",""position_group"":""OL"",""role_tier"":""bench"",""weight"":""0.04806"",""notes"":""Normalize within class_year + position_group.""}"
college_production,college_production_role_weights_by_class_position.csv,college_production_role_weights_by_class_position,weight_distribution,883,OL,"{""class_year"":""RS-SR"",""position_group"":""OL"",""role_tier"":""special_teams"",""weight"":""0.01959"",""notes"":""Normalize within class_year + position_group.""}"
college_production,college_production_role_weights_by_class_position.csv,college_production_role_weights_by_class_position,weight_distribution,884,OL,"{""class_year"":""RS-SR"",""position_group"":""OL"",""role_tier"":""depth"",""weight"":""0.08045"",""notes"":""Normalize within class_year + position_group.""}"
college_production,college_production_role_weights_by_class_position.csv,college_production_role_weights_by_class_position,weight_distribution,885,OL,"{""class_year"":""RS-SR"",""position_group"":""OL"",""role_tier"":""rotation"",""weight"":""0.17866"",""notes"":""Normalize within class_year + position_group.""}"
college_production,college_production_role_weights_by_class_position.csv,college_production_role_weights_by_class_position,weight_distribution,886,OL,"{""class_year"":""RS-SR"",""position_group"":""OL"",""role_tier"":""spot_starter"",""weight"":""0.13896"",""notes"":""Normalize within class_year + position_group.""}"
college_production,college_production_role_weights_by_class_position.csv,college_production_role_weights_by_class_position,weight_distribution,887,OL,"{""class_year"":""RS-SR"",""position_group"":""OL"",""role_tier"":""starter"",""weight"":""0.34793"",""notes"":""Normalize within class_year + position_group.""}"
college_production,college_production_role_weights_by_class_position.csv,college_production_role_weights_by_class_position,weight_distribution,888,OL,"{""class_year"":""RS-SR"",""position_group"":""OL"",""role_tier"":""impact_starter"",""weight"":""0.13321"",""notes"":""Normalize within class_year + position_group.""}"
college_production,college_production_role_weights_by_class_position.csv,college_production_role_weights_by_class_position,weight_distribution,889,OL,"{""class_year"":""RS-SR"",""position_group"":""OL"",""role_tier"":""all_conference"",""weight"":""0.0431"",""notes"":""Normalize within class_year + position_group.""}"
college_production,college_production_role_weights_by_class_position.csv,college_production_role_weights_by_class_position,weight_distribution,890,OL,"{""class_year"":""RS-SR"",""position_group"":""OL"",""role_tier"":""all_american"",""weight"":""0.00878"",""notes"":""Normalize within class_year + position_group.""}"
college_production,college_production_role_weights_by_class_position.csv,college_production_role_weights_by_class_position,weight_distribution,891,EDGE,"{""class_year"":""RS-SR"",""position_group"":""EDGE"",""role_tier"":""redshirt"",""weight"":""0.00082"",""notes"":""Normalize within class_year + position_group.""}"
college_production,college_production_role_weights_by_class_position.csv,college_production_role_weights_by_class_position,weight_distribution,892,EDGE,"{""class_year"":""RS-SR"",""position_group"":""EDGE"",""role_tier"":""bench"",""weight"":""0.0363"",""notes"":""Normalize within class_year + position_group.""}"
college_production,college_production_role_weights_by_class_position.csv,college_production_role_weights_by_class_position,weight_distribution,893,EDGE,"{""class_year"":""RS-SR"",""position_group"":""EDGE"",""role_tier"":""special_teams"",""weight"":""0.02268"",""notes"":""Normalize within class_year + position_group.""}"
college_production,college_production_role_weights_by_class_position.csv,college_production_role_weights_by_class_position,weight_distribution,894,EDGE,"{""class_year"":""RS-SR"",""position_group"":""EDGE"",""role_tier"":""depth"",""weight"":""0.06669"",""notes"":""Normalize within class_year + position_group.""}"
college_production,college_production_role_weights_by_class_position.csv,college_production_role_weights_by_class_position,weight_distribution,895,EDGE,"{""class_year"":""RS-SR"",""position_group"":""EDGE"",""role_tier"":""rotation"",""weight"":""0.1764"",""notes"":""Normalize within class_year + position_group.""}"
college_production,college_production_role_weights_by_class_position.csv,college_production_role_weights_by_class_position,weight_distribution,896,EDGE,"{""class_year"":""RS-SR"",""position_group"":""EDGE"",""role_tier"":""spot_starter"",""weight"":""0.13339"",""notes"":""Normalize within class_year + position_group.""}"
college_production,college_production_role_weights_by_class_position.csv,college_production_role_weights_by_class_position,weight_distribution,897,EDGE,"{""class_year"":""RS-SR"",""position_group"":""EDGE"",""role_tier"":""starter"",""weight"":""0.3626"",""notes"":""Normalize within class_year + position_group.""}"
college_production,college_production_role_weights_by_class_position.csv,college_production_role_weights_by_class_position,weight_distribution,898,EDGE,"{""class_year"":""RS-SR"",""position_group"":""EDGE"",""role_tier"":""impact_starter"",""weight"":""0.14292"",""notes"":""Normalize within class_year + position_group.""}"
college_production,college_production_role_weights_by_class_position.csv,college_production_role_weights_by_class_position,weight_distribution,899,EDGE,"{""class_year"":""RS-SR"",""position_group"":""EDGE"",""role_tier"":""all_conference"",""weight"":""0.04741"",""notes"":""Normalize within class_year + position_group.""}"
college_production,college_production_role_weights_by_class_position.csv,college_production_role_weights_by_class_position,weight_distribution,900,EDGE,"{""class_year"":""RS-SR"",""position_group"":""EDGE"",""role_tier"":""all_american"",""weight"":""0.0108"",""notes"":""Normalize within class_year + position_group.""}"
college_production,college_production_role_weights_by_class_position.csv,college_production_role_weights_by_class_position,weight_distribution,901,DL,"{""class_year"":""RS-SR"",""position_group"":""DL"",""role_tier"":""redshirt"",""weight"":""0.00082"",""notes"":""Normalize within class_year + position_group.""}"
college_production,college_production_role_weights_by_class_position.csv,college_production_role_weights_by_class_position,weight_distribution,902,DL,"{""class_year"":""RS-SR"",""position_group"":""DL"",""role_tier"":""bench"",""weight"":""0.0363"",""notes"":""Normalize within class_year + position_group.""}"
college_production,college_production_role_weights_by_class_position.csv,college_production_role_weights_by_class_position,weight_distribution,903,DL,"{""class_year"":""RS-SR"",""position_group"":""DL"",""role_tier"":""special_teams"",""weight"":""0.02268"",""notes"":""Normalize within class_year + position_group.""}"
college_production,college_production_role_weights_by_class_position.csv,college_production_role_weights_by_class_position,weight_distribution,904,DL,"{""class_year"":""RS-SR"",""position_group"":""DL"",""role_tier"":""depth"",""weight"":""0.06669"",""notes"":""Normalize within class_year + position_group.""}"
college_production,college_production_role_weights_by_class_position.csv,college_production_role_weights_by_class_position,weight_distribution,905,DL,"{""class_year"":""RS-SR"",""position_group"":""DL"",""role_tier"":""rotation"",""weight"":""0.1764"",""notes"":""Normalize within class_year + position_group.""}"
college_production,college_production_role_weights_by_class_position.csv,college_production_role_weights_by_class_position,weight_distribution,906,DL,"{""class_year"":""RS-SR"",""position_group"":""DL"",""role_tier"":""spot_starter"",""weight"":""0.13339"",""notes"":""Normalize within class_year + position_group.""}"
college_production,college_production_role_weights_by_class_position.csv,college_production_role_weights_by_class_position,weight_distribution,907,DL,"{""class_year"":""RS-SR"",""position_group"":""DL"",""role_tier"":""starter"",""weight"":""0.3626"",""notes"":""Normalize within class_year + position_group.""}"
college_production,college_production_role_weights_by_class_position.csv,college_production_role_weights_by_class_position,weight_distribution,908,DL,"{""class_year"":""RS-SR"",""position_group"":""DL"",""role_tier"":""impact_starter"",""weight"":""0.14292"",""notes"":""Normalize within class_year + position_group.""}"
college_production,college_production_role_weights_by_class_position.csv,college_production_role_weights_by_class_position,weight_distribution,909,DL,"{""class_year"":""RS-SR"",""position_group"":""DL"",""role_tier"":""all_conference"",""weight"":""0.04741"",""notes"":""Normalize within class_year + position_group.""}"
college_production,college_production_role_weights_by_class_position.csv,college_production_role_weights_by_class_position,weight_distribution,910,DL,"{""class_year"":""RS-SR"",""position_group"":""DL"",""role_tier"":""all_american"",""weight"":""0.0108"",""notes"":""Normalize within class_year + position_group.""}"
college_production,college_production_role_weights_by_class_position.csv,college_production_role_weights_by_class_position,weight_distribution,911,LB,"{""class_year"":""RS-SR"",""position_group"":""LB"",""role_tier"":""redshirt"",""weight"":""0.00082"",""notes"":""Normalize within class_year + position_group.""}"
college_production,college_production_role_weights_by_class_position.csv,college_production_role_weights_by_class_position,weight_distribution,912,LB,"{""class_year"":""RS-SR"",""position_group"":""LB"",""role_tier"":""bench"",""weight"":""0.0363"",""notes"":""Normalize within class_year + position_group.""}"
college_production,college_production_role_weights_by_class_position.csv,college_production_role_weights_by_class_position,weight_distribution,913,LB,"{""class_year"":""RS-SR"",""position_group"":""LB"",""role_tier"":""special_teams"",""weight"":""0.02268"",""notes"":""Normalize within class_year + position_group.""}"
college_production,college_production_role_weights_by_class_position.csv,college_production_role_weights_by_class_position,weight_distribution,914,LB,"{""class_year"":""RS-SR"",""position_group"":""LB"",""role_tier"":""depth"",""weight"":""0.06669"",""notes"":""Normalize within class_year + position_group.""}"
college_production,college_production_role_weights_by_class_position.csv,college_production_role_weights_by_class_position,weight_distribution,915,LB,"{""class_year"":""RS-SR"",""position_group"":""LB"",""role_tier"":""rotation"",""weight"":""0.1764"",""notes"":""Normalize within class_year + position_group.""}"
college_production,college_production_role_weights_by_class_position.csv,college_production_role_weights_by_class_position,weight_distribution,916,LB,"{""class_year"":""RS-SR"",""position_group"":""LB"",""role_tier"":""spot_starter"",""weight"":""0.13339"",""notes"":""Normalize within class_year + position_group.""}"
college_production,college_production_role_weights_by_class_position.csv,college_production_role_weights_by_class_position,weight_distribution,917,LB,"{""class_year"":""RS-SR"",""position_group"":""LB"",""role_tier"":""starter"",""weight"":""0.3626"",""notes"":""Normalize within class_year + position_group.""}"
college_production,college_production_role_weights_by_class_position.csv,college_production_role_weights_by_class_position,weight_distribution,918,LB,"{""class_year"":""RS-SR"",""position_group"":""LB"",""role_tier"":""impact_starter"",""weight"":""0.14292"",""notes"":""Normalize within class_year + position_group.""}"
college_production,college_production_role_weights_by_class_position.csv,college_production_role_weights_by_class_position,weight_distribution,919,LB,"{""class_year"":""RS-SR"",""position_group"":""LB"",""role_tier"":""all_conference"",""weight"":""0.04741"",""notes"":""Normalize within class_year + position_group.""}"
college_production,college_production_role_weights_by_class_position.csv,college_production_role_weights_by_class_position,weight_distribution,920,LB,"{""class_year"":""RS-SR"",""position_group"":""LB"",""role_tier"":""all_american"",""weight"":""0.0108"",""notes"":""Normalize within class_year + position_group.""}"
college_production,college_production_role_weights_by_class_position.csv,college_production_role_weights_by_class_position,weight_distribution,921,CB,"{""class_year"":""RS-SR"",""position_group"":""CB"",""role_tier"":""redshirt"",""weight"":""0.00066"",""notes"":""Normalize within class_year + position_group.""}"
college_production,college_production_role_weights_by_class_position.csv,college_production_role_weights_by_class_position,weight_distribution,922,CB,"{""class_year"":""RS-SR"",""position_group"":""CB"",""role_tier"":""bench"",""weight"":""0.03172"",""notes"":""Normalize within class_year + position_group.""}"
college_production,college_production_role_weights_by_class_position.csv,college_production_role_weights_by_class_position,weight_distribution,923,CB,"{""class_year"":""RS-SR"",""position_group"":""CB"",""role_tier"":""special_teams"",""weight"":""0.02753"",""notes"":""Normalize within class_year + position_group.""}"
college_production,college_production_role_weights_by_class_position.csv,college_production_role_weights_by_class_position,weight_distribution,924,CB,"{""class_year"":""RS-SR"",""position_group"":""CB"",""role_tier"":""depth"",""weight"":""0.06475"",""notes"":""Normalize within class_year + position_group.""}"
college_production,college_production_role_weights_by_class_position.csv,college_production_role_weights_by_class_position,weight_distribution,925,CB,"{""class_year"":""RS-SR"",""position_group"":""CB"",""role_tier"":""rotation"",""weight"":""0.18236"",""notes"":""Normalize within class_year + position_group.""}"
college_production,college_production_role_weights_by_class_position.csv,college_production_role_weights_by_class_position,weight_distribution,926,CB,"{""class_year"":""RS-SR"",""position_group"":""CB"",""role_tier"":""spot_starter"",""weight"":""0.13567"",""notes"":""Normalize within class_year + position_group.""}"
college_production,college_production_role_weights_by_class_position.csv,college_production_role_weights_by_class_position,weight_distribution,927,CB,"{""class_year"":""RS-SR"",""position_group"":""CB"",""role_tier"":""starter"",""weight"":""0.36508"",""notes"":""Normalize within class_year + position_group.""}"
college_production,college_production_role_weights_by_class_position.csv,college_production_role_weights_by_class_position,weight_distribution,928,CB,"{""class_year"":""RS-SR"",""position_group"":""CB"",""role_tier"":""impact_starter"",""weight"":""0.13875"",""notes"":""Normalize within class_year + position_group.""}"
college_production,college_production_role_weights_by_class_position.csv,college_production_role_weights_by_class_position,weight_distribution,929,CB,"{""class_year"":""RS-SR"",""position_group"":""CB"",""role_tier"":""all_conference"",""weight"":""0.04361"",""notes"":""Normalize within class_year + position_group.""}"
college_production,college_production_role_weights_by_class_position.csv,college_production_role_weights_by_class_position,weight_distribution,930,CB,"{""class_year"":""RS-SR"",""position_group"":""CB"",""role_tier"":""all_american"",""weight"":""0.00987"",""notes"":""Normalize within class_year + position_group.""}"
college_production,college_production_role_weights_by_class_position.csv,college_production_role_weights_by_class_position,weight_distribution,931,S,"{""class_year"":""RS-SR"",""position_group"":""S"",""role_tier"":""redshirt"",""weight"":""0.00066"",""notes"":""Normalize within class_year + position_group.""}"
college_production,college_production_role_weights_by_class_position.csv,college_production_role_weights_by_class_position,weight_distribution,932,S,"{""class_year"":""RS-SR"",""position_group"":""S"",""role_tier"":""bench"",""weight"":""0.03172"",""notes"":""Normalize within class_year + position_group.""}"
college_production,college_production_role_weights_by_class_position.csv,college_production_role_weights_by_class_position,weight_distribution,933,S,"{""class_year"":""RS-SR"",""position_group"":""S"",""role_tier"":""special_teams"",""weight"":""0.02753"",""notes"":""Normalize within class_year + position_group.""}"
college_production,college_production_role_weights_by_class_position.csv,college_production_role_weights_by_class_position,weight_distribution,934,S,"{""class_year"":""RS-SR"",""position_group"":""S"",""role_tier"":""depth"",""weight"":""0.06475"",""notes"":""Normalize within class_year + position_group.""}"
college_production,college_production_role_weights_by_class_position.csv,college_production_role_weights_by_class_position,weight_distribution,935,S,"{""class_year"":""RS-SR"",""position_group"":""S"",""role_tier"":""rotation"",""weight"":""0.18236"",""notes"":""Normalize within class_year + position_group.""}"
college_production,college_production_role_weights_by_class_position.csv,college_production_role_weights_by_class_position,weight_distribution,936,S,"{""class_year"":""RS-SR"",""position_group"":""S"",""role_tier"":""spot_starter"",""weight"":""0.13567"",""notes"":""Normalize within class_year + position_group.""}"
college_production,college_production_role_weights_by_class_position.csv,college_production_role_weights_by_class_position,weight_distribution,937,S,"{""class_year"":""RS-SR"",""position_group"":""S"",""role_tier"":""starter"",""weight"":""0.36508"",""notes"":""Normalize within class_year + position_group.""}"
college_production,college_production_role_weights_by_class_position.csv,college_production_role_weights_by_class_position,weight_distribution,938,S,"{""class_year"":""RS-SR"",""position_group"":""S"",""role_tier"":""impact_starter"",""weight"":""0.13875"",""notes"":""Normalize within class_year + position_group.""}"
college_production,college_production_role_weights_by_class_position.csv,college_production_role_weights_by_class_position,weight_distribution,939,S,"{""class_year"":""RS-SR"",""position_group"":""S"",""role_tier"":""all_conference"",""weight"":""0.04361"",""notes"":""Normalize within class_year + position_group.""}"
college_production,college_production_role_weights_by_class_position.csv,college_production_role_weights_by_class_position,weight_distribution,940,S,"{""class_year"":""RS-SR"",""position_group"":""S"",""role_tier"":""all_american"",""weight"":""0.00987"",""notes"":""Normalize within class_year + position_group.""}"
college_production,college_production_role_weights_by_class_position.csv,college_production_role_weights_by_class_position,weight_distribution,941,K,"{""class_year"":""RS-SR"",""position_group"":""K"",""role_tier"":""redshirt"",""weight"":""0.00125"",""notes"":""Normalize within class_year + position_group.""}"
college_production,college_production_role_weights_by_class_position.csv,college_production_role_weights_by_class_position,weight_distribution,942,K,"{""class_year"":""RS-SR"",""position_group"":""K"",""role_tier"":""bench"",""weight"":""0.04806"",""notes"":""Normalize within class_year + position_group.""}"
college_production,college_production_role_weights_by_class_position.csv,college_production_role_weights_by_class_position,weight_distribution,943,K,"{""class_year"":""RS-SR"",""position_group"":""K"",""role_tier"":""special_teams"",""weight"":""0.01959"",""notes"":""Normalize within class_year + position_group.""}"
college_production,college_production_role_weights_by_class_position.csv,college_production_role_weights_by_class_position,weight_distribution,944,K,"{""class_year"":""RS-SR"",""position_group"":""K"",""role_tier"":""depth"",""weight"":""0.08045"",""notes"":""Normalize within class_year + position_group.""}"
college_production,college_production_role_weights_by_class_position.csv,college_production_role_weights_by_class_position,weight_distribution,945,K,"{""class_year"":""RS-SR"",""position_group"":""K"",""role_tier"":""rotation"",""weight"":""0.17866"",""notes"":""Normalize within class_year + position_group.""}"
college_production,college_production_role_weights_by_class_position.csv,college_production_role_weights_by_class_position,weight_distribution,946,K,"{""class_year"":""RS-SR"",""position_group"":""K"",""role_tier"":""spot_starter"",""weight"":""0.13896"",""notes"":""Normalize within class_year + position_group.""}"
college_production,college_production_role_weights_by_class_position.csv,college_production_role_weights_by_class_position,weight_distribution,947,K,"{""class_year"":""RS-SR"",""position_group"":""K"",""role_tier"":""starter"",""weight"":""0.34793"",""notes"":""Normalize within class_year + position_group.""}"
college_production,college_production_role_weights_by_class_position.csv,college_production_role_weights_by_class_position,weight_distribution,948,K,"{""class_year"":""RS-SR"",""position_group"":""K"",""role_tier"":""impact_starter"",""weight"":""0.13321"",""notes"":""Normalize within class_year + position_group.""}"
college_production,college_production_role_weights_by_class_position.csv,college_production_role_weights_by_class_position,weight_distribution,949,K,"{""class_year"":""RS-SR"",""position_group"":""K"",""role_tier"":""all_conference"",""weight"":""0.0431"",""notes"":""Normalize within class_year + position_group.""}"
college_production,college_production_role_weights_by_class_position.csv,college_production_role_weights_by_class_position,weight_distribution,950,K,"{""class_year"":""RS-SR"",""position_group"":""K"",""role_tier"":""all_american"",""weight"":""0.00878"",""notes"":""Normalize within class_year + position_group.""}"
college_production,college_production_role_weights_by_class_position.csv,college_production_role_weights_by_class_position,weight_distribution,951,P,"{""class_year"":""RS-SR"",""position_group"":""P"",""role_tier"":""redshirt"",""weight"":""0.00125"",""notes"":""Normalize within class_year + position_group.""}"
college_production,college_production_role_weights_by_class_position.csv,college_production_role_weights_by_class_position,weight_distribution,952,P,"{""class_year"":""RS-SR"",""position_group"":""P"",""role_tier"":""bench"",""weight"":""0.04806"",""notes"":""Normalize within class_year + position_group.""}"
college_production,college_production_role_weights_by_class_position.csv,college_production_role_weights_by_class_position,weight_distribution,953,P,"{""class_year"":""RS-SR"",""position_group"":""P"",""role_tier"":""special_teams"",""weight"":""0.01959"",""notes"":""Normalize within class_year + position_group.""}"
college_production,college_production_role_weights_by_class_position.csv,college_production_role_weights_by_class_position,weight_distribution,954,P,"{""class_year"":""RS-SR"",""position_group"":""P"",""role_tier"":""depth"",""weight"":""0.08045"",""notes"":""Normalize within class_year + position_group.""}"
college_production,college_production_role_weights_by_class_position.csv,college_production_role_weights_by_class_position,weight_distribution,955,P,"{""class_year"":""RS-SR"",""position_group"":""P"",""role_tier"":""rotation"",""weight"":""0.17866"",""notes"":""Normalize within class_year + position_group.""}"
college_production,college_production_role_weights_by_class_position.csv,college_production_role_weights_by_class_position,weight_distribution,956,P,"{""class_year"":""RS-SR"",""position_group"":""P"",""role_tier"":""spot_starter"",""weight"":""0.13896"",""notes"":""Normalize within class_year + position_group.""}"
college_production,college_production_role_weights_by_class_position.csv,college_production_role_weights_by_class_position,weight_distribution,957,P,"{""class_year"":""RS-SR"",""position_group"":""P"",""role_tier"":""starter"",""weight"":""0.34793"",""notes"":""Normalize within class_year + position_group.""}"
college_production,college_production_role_weights_by_class_position.csv,college_production_role_weights_by_class_position,weight_distribution,958,P,"{""class_year"":""RS-SR"",""position_group"":""P"",""role_tier"":""impact_starter"",""weight"":""0.13321"",""notes"":""Normalize within class_year + position_group.""}"
college_production,college_production_role_weights_by_class_position.csv,college_production_role_weights_by_class_position,weight_distribution,959,P,"{""class_year"":""RS-SR"",""position_group"":""P"",""role_tier"":""all_conference"",""weight"":""0.0431"",""notes"":""Normalize within class_year + position_group.""}"
college_production,college_production_role_weights_by_class_position.csv,college_production_role_weights_by_class_position,weight_distribution,960,P,"{""class_year"":""RS-SR"",""position_group"":""P"",""role_tier"":""all_american"",""weight"":""0.00878"",""notes"":""Normalize within class_year + position_group.""}"
college_production,college_production_scheme_modifiers.csv,college_production_scheme_modifiers,modifier,1,college_production_scheme_modifiers:1,"{""modifier_id"":""air_raid_qb_wr"",""applies_to"":""QB|WR"",""condition_field"":""offense_profile"",""condition_value"":""air_raid"",""stat_key"":""pass_attempts|pass_yards|pass_tds|receptions|receiving_yards"",""multiplier"":""1.18"",""additive"":""0"",""notes"":""Raises QB/WR pass volume.""}"
college_production,college_production_scheme_modifiers.csv,college_production_scheme_modifiers,modifier,2,college_production_scheme_modifiers:2,"{""modifier_id"":""air_raid_rb_down"",""applies_to"":""RB"",""condition_field"":""offense_profile"",""condition_value"":""air_raid"",""stat_key"":""rush_attempts|rush_yards|rush_tds"",""multiplier"":""0.82"",""additive"":""0"",""notes"":""Pass-heavy suppresses RB rush volume.""}"
college_production,college_production_scheme_modifiers.csv,college_production_scheme_modifiers,modifier,3,college_production_scheme_modifiers:3,"{""modifier_id"":""run_heavy_rb_ol_up"",""applies_to"":""RB|OL|TE"",""condition_field"":""offense_profile"",""condition_value"":""run_heavy"",""stat_key"":""rush_attempts|rush_yards|rush_tds|run_block_proxy_grade"",""multiplier"":""1.17"",""additive"":""0"",""notes"":""Run-heavy boosts RB/OL.""}"
college_production,college_production_scheme_modifiers.csv,college_production_scheme_modifiers,modifier,4,college_production_scheme_modifiers:4,"{""modifier_id"":""option_qb_rush_up"",""applies_to"":""QB"",""condition_field"":""offense_profile"",""condition_value"":""option"",""stat_key"":""rush_attempts|rush_yards|rush_tds"",""multiplier"":""1.55"",""additive"":""0"",""notes"":""Option QB rushing.""}"
college_production,college_production_scheme_modifiers.csv,college_production_scheme_modifiers,modifier,5,college_production_scheme_modifiers:5,"{""modifier_id"":""option_pass_down"",""applies_to"":""QB|WR|TE"",""condition_field"":""offense_profile"",""condition_value"":""option"",""stat_key"":""pass_attempts|pass_yards|pass_tds|receptions|receiving_yards"",""multiplier"":""0.62"",""additive"":""0"",""notes"":""Option passing suppression.""}"
college_production,college_production_scheme_modifiers.csv,college_production_scheme_modifiers,modifier,6,college_production_scheme_modifiers:6,"{""modifier_id"":""pro_style_te_up"",""applies_to"":""TE"",""condition_field"":""offense_profile"",""condition_value"":""pro_style"",""stat_key"":""receptions|receiving_yards|run_block_proxy_grade"",""multiplier"":""1.14"",""additive"":""0"",""notes"":""Pro-style TE involvement.""}"
college_production,college_production_scheme_modifiers.csv,college_production_scheme_modifiers,modifier,7,college_production_scheme_modifiers:7,"{""modifier_id"":""aggressive_blitz_pressure"",""applies_to"":""EDGE|DL|LB|S"",""condition_field"":""defense_profile"",""condition_value"":""aggressive_blitz"",""stat_key"":""sacks|tfl|forced_fumbles"",""multiplier"":""1.15"",""additive"":""0"",""notes"":""Blitz-heavy pressure inflation.""}"
college_production,college_production_scheme_modifiers.csv,college_production_scheme_modifiers,modifier,8,college_production_scheme_modifiers:8,"{""modifier_id"":""nickel_db_up"",""applies_to"":""CB|S"",""condition_field"":""defense_profile"",""condition_value"":""nickel_425"",""stat_key"":""total_tackles|pass_breakups|interceptions"",""multiplier"":""1.08"",""additive"":""0"",""notes"":""Nickel DB production.""}"
college_production,college_production_specialist_stat_ranges.csv,college_production_specialist_stat_ranges,runtime_tuning,1,K,"{""position"":""K"",""role_tier"":""redshirt"",""stat_key"":""fg_attempts"",""min_value"":""0"",""max_value"":""2"",""notes"":""Kicking range.""}"
college_production,college_production_specialist_stat_ranges.csv,college_production_specialist_stat_ranges,runtime_tuning,2,K,"{""position"":""K"",""role_tier"":""redshirt"",""stat_key"":""fg_made"",""min_value"":""0"",""max_value"":""2"",""notes"":""Kicking range.""}"
college_production,college_production_specialist_stat_ranges.csv,college_production_specialist_stat_ranges,runtime_tuning,3,K,"{""position"":""K"",""role_tier"":""redshirt"",""stat_key"":""xp_attempts"",""min_value"":""0"",""max_value"":""4"",""notes"":""Kicking range.""}"
college_production,college_production_specialist_stat_ranges.csv,college_production_specialist_stat_ranges,runtime_tuning,4,K,"{""position"":""K"",""role_tier"":""redshirt"",""stat_key"":""xp_made"",""min_value"":""0"",""max_value"":""4"",""notes"":""Kicking range.""}"
college_production,college_production_specialist_stat_ranges.csv,college_production_specialist_stat_ranges,runtime_tuning,5,K,"{""position"":""K"",""role_tier"":""redshirt"",""stat_key"":""touchbacks"",""min_value"":""0"",""max_value"":""5"",""notes"":""Kicking range.""}"
college_production,college_production_specialist_stat_ranges.csv,college_production_specialist_stat_ranges,runtime_tuning,6,K,"{""position"":""K"",""role_tier"":""bench"",""stat_key"":""fg_attempts"",""min_value"":""0"",""max_value"":""4"",""notes"":""Kicking range.""}"
college_production,college_production_specialist_stat_ranges.csv,college_production_specialist_stat_ranges,runtime_tuning,7,K,"{""position"":""K"",""role_tier"":""bench"",""stat_key"":""fg_made"",""min_value"":""0"",""max_value"":""3"",""notes"":""Kicking range.""}"
college_production,college_production_specialist_stat_ranges.csv,college_production_specialist_stat_ranges,runtime_tuning,8,K,"{""position"":""K"",""role_tier"":""bench"",""stat_key"":""xp_attempts"",""min_value"":""0"",""max_value"":""8"",""notes"":""Kicking range.""}"
college_production,college_production_specialist_stat_ranges.csv,college_production_specialist_stat_ranges,runtime_tuning,9,K,"{""position"":""K"",""role_tier"":""bench"",""stat_key"":""xp_made"",""min_value"":""0"",""max_value"":""8"",""notes"":""Kicking range.""}"
college_production,college_production_specialist_stat_ranges.csv,college_production_specialist_stat_ranges,runtime_tuning,10,K,"{""position"":""K"",""role_tier"":""bench"",""stat_key"":""touchbacks"",""min_value"":""0"",""max_value"":""9"",""notes"":""Kicking range.""}"
college_production,college_production_specialist_stat_ranges.csv,college_production_specialist_stat_ranges,runtime_tuning,11,K,"{""position"":""K"",""role_tier"":""special_teams"",""stat_key"":""fg_attempts"",""min_value"":""1"",""max_value"":""6"",""notes"":""Kicking range.""}"
college_production,college_production_specialist_stat_ranges.csv,college_production_specialist_stat_ranges,runtime_tuning,12,K,"{""position"":""K"",""role_tier"":""special_teams"",""stat_key"":""fg_made"",""min_value"":""1"",""max_value"":""6"",""notes"":""Kicking range.""}"
college_production,college_production_specialist_stat_ranges.csv,college_production_specialist_stat_ranges,runtime_tuning,13,K,"{""position"":""K"",""role_tier"":""special_teams"",""stat_key"":""xp_attempts"",""min_value"":""3"",""max_value"":""15"",""notes"":""Kicking range.""}"
college_production,college_production_specialist_stat_ranges.csv,college_production_specialist_stat_ranges,runtime_tuning,14,K,"{""position"":""K"",""role_tier"":""special_teams"",""stat_key"":""xp_made"",""min_value"":""3"",""max_value"":""15"",""notes"":""Kicking range.""}"
college_production,college_production_specialist_stat_ranges.csv,college_production_specialist_stat_ranges,runtime_tuning,15,K,"{""position"":""K"",""role_tier"":""special_teams"",""stat_key"":""touchbacks"",""min_value"":""3"",""max_value"":""17"",""notes"":""Kicking range.""}"
college_production,college_production_specialist_stat_ranges.csv,college_production_specialist_stat_ranges,runtime_tuning,16,K,"{""position"":""K"",""role_tier"":""depth"",""stat_key"":""fg_attempts"",""min_value"":""3"",""max_value"":""11"",""notes"":""Kicking range.""}"
college_production,college_production_specialist_stat_ranges.csv,college_production_specialist_stat_ranges,runtime_tuning,17,K,"{""position"":""K"",""role_tier"":""depth"",""stat_key"":""fg_made"",""min_value"":""3"",""max_value"":""10"",""notes"":""Kicking range.""}"
college_production,college_production_specialist_stat_ranges.csv,college_production_specialist_stat_ranges,runtime_tuning,18,K,"{""position"":""K"",""role_tier"":""depth"",""stat_key"":""xp_attempts"",""min_value"":""7"",""max_value"":""26"",""notes"":""Kicking range.""}"
college_production,college_production_specialist_stat_ranges.csv,college_production_specialist_stat_ranges,runtime_tuning,19,K,"{""position"":""K"",""role_tier"":""depth"",""stat_key"":""xp_made"",""min_value"":""7"",""max_value"":""26"",""notes"":""Kicking range.""}"
college_production,college_production_specialist_stat_ranges.csv,college_production_specialist_stat_ranges,runtime_tuning,20,K,"{""position"":""K"",""role_tier"":""depth"",""stat_key"":""touchbacks"",""min_value"":""8"",""max_value"":""28"",""notes"":""Kicking range.""}"
college_production,college_production_specialist_stat_ranges.csv,college_production_specialist_stat_ranges,runtime_tuning,21,K,"{""position"":""K"",""role_tier"":""rotation"",""stat_key"":""fg_attempts"",""min_value"":""8"",""max_value"":""20"",""notes"":""Kicking range.""}"
college_production,college_production_specialist_stat_ranges.csv,college_production_specialist_stat_ranges,runtime_tuning,22,K,"{""position"":""K"",""role_tier"":""rotation"",""stat_key"":""fg_made"",""min_value"":""7"",""max_value"":""18"",""notes"":""Kicking range.""}"
college_production,college_production_specialist_stat_ranges.csv,college_production_specialist_stat_ranges,runtime_tuning,23,K,"{""position"":""K"",""role_tier"":""rotation"",""stat_key"":""xp_attempts"",""min_value"":""18"",""max_value"":""47"",""notes"":""Kicking range.""}"
college_production,college_production_specialist_stat_ranges.csv,college_production_specialist_stat_ranges,runtime_tuning,24,K,"{""position"":""K"",""role_tier"":""rotation"",""stat_key"":""xp_made"",""min_value"":""18"",""max_value"":""47"",""notes"":""Kicking range.""}"
college_production,college_production_specialist_stat_ranges.csv,college_production_specialist_stat_ranges,runtime_tuning,25,K,"{""position"":""K"",""role_tier"":""rotation"",""stat_key"":""touchbacks"",""min_value"":""19"",""max_value"":""51"",""notes"":""Kicking range.""}"
college_production,college_production_specialist_stat_ranges.csv,college_production_specialist_stat_ranges,runtime_tuning,26,K,"{""position"":""K"",""role_tier"":""spot_starter"",""stat_key"":""fg_attempts"",""min_value"":""11"",""max_value"":""24"",""notes"":""Kicking range.""}"
college_production,college_production_specialist_stat_ranges.csv,college_production_specialist_stat_ranges,runtime_tuning,27,K,"{""position"":""K"",""role_tier"":""spot_starter"",""stat_key"":""fg_made"",""min_value"":""10"",""max_value"":""22"",""notes"":""Kicking range.""}"
college_production,college_production_specialist_stat_ranges.csv,college_production_specialist_stat_ranges,runtime_tuning,28,K,"{""position"":""K"",""role_tier"":""spot_starter"",""stat_key"":""xp_attempts"",""min_value"":""27"",""max_value"":""58"",""notes"":""Kicking range.""}"
college_production,college_production_specialist_stat_ranges.csv,college_production_specialist_stat_ranges,runtime_tuning,29,K,"{""position"":""K"",""role_tier"":""spot_starter"",""stat_key"":""xp_made"",""min_value"":""27"",""max_value"":""58"",""notes"":""Kicking range.""}"
college_production,college_production_specialist_stat_ranges.csv,college_production_specialist_stat_ranges,runtime_tuning,30,K,"{""position"":""K"",""role_tier"":""spot_starter"",""stat_key"":""touchbacks"",""min_value"":""29"",""max_value"":""63"",""notes"":""Kicking range.""}"
college_production,college_production_specialist_stat_ranges.csv,college_production_specialist_stat_ranges,runtime_tuning,31,K,"{""position"":""K"",""role_tier"":""starter"",""stat_key"":""fg_attempts"",""min_value"":""15"",""max_value"":""29"",""notes"":""Kicking range.""}"
college_production,college_production_specialist_stat_ranges.csv,college_production_specialist_stat_ranges,runtime_tuning,32,K,"{""position"":""K"",""role_tier"":""starter"",""stat_key"":""fg_made"",""min_value"":""14"",""max_value"":""26"",""notes"":""Kicking range.""}"
college_production,college_production_specialist_stat_ranges.csv,college_production_specialist_stat_ranges,runtime_tuning,33,K,"{""position"":""K"",""role_tier"":""starter"",""stat_key"":""xp_attempts"",""min_value"":""36"",""max_value"":""68"",""notes"":""Kicking range.""}"
college_production,college_production_specialist_stat_ranges.csv,college_production_specialist_stat_ranges,runtime_tuning,34,K,"{""position"":""K"",""role_tier"":""starter"",""stat_key"":""xp_made"",""min_value"":""36"",""max_value"":""68"",""notes"":""Kicking range.""}"
college_production,college_production_specialist_stat_ranges.csv,college_production_specialist_stat_ranges,runtime_tuning,35,K,"{""position"":""K"",""role_tier"":""starter"",""stat_key"":""touchbacks"",""min_value"":""39"",""max_value"":""74"",""notes"":""Kicking range.""}"
college_production,college_production_specialist_stat_ranges.csv,college_production_specialist_stat_ranges,runtime_tuning,36,K,"{""position"":""K"",""role_tier"":""impact_starter"",""stat_key"":""fg_attempts"",""min_value"":""19"",""max_value"":""32"",""notes"":""Kicking range.""}"
college_production,college_production_specialist_stat_ranges.csv,college_production_specialist_stat_ranges,runtime_tuning,37,K,"{""position"":""K"",""role_tier"":""impact_starter"",""stat_key"":""fg_made"",""min_value"":""17"",""max_value"":""30"",""notes"":""Kicking range.""}"
college_production,college_production_specialist_stat_ranges.csv,college_production_specialist_stat_ranges,runtime_tuning,38,K,"{""position"":""K"",""role_tier"":""impact_starter"",""stat_key"":""xp_attempts"",""min_value"":""45"",""max_value"":""76"",""notes"":""Kicking range.""}"
college_production,college_production_specialist_stat_ranges.csv,college_production_specialist_stat_ranges,runtime_tuning,39,K,"{""position"":""K"",""role_tier"":""impact_starter"",""stat_key"":""xp_made"",""min_value"":""45"",""max_value"":""76"",""notes"":""Kicking range.""}"
college_production,college_production_specialist_stat_ranges.csv,college_production_specialist_stat_ranges,runtime_tuning,40,K,"{""position"":""K"",""role_tier"":""impact_starter"",""stat_key"":""touchbacks"",""min_value"":""48"",""max_value"":""83"",""notes"":""Kicking range.""}"
college_production,college_production_specialist_stat_ranges.csv,college_production_specialist_stat_ranges,runtime_tuning,41,K,"{""position"":""K"",""role_tier"":""all_conference"",""stat_key"":""fg_attempts"",""min_value"":""21"",""max_value"":""35"",""notes"":""Kicking range.""}"
college_production,college_production_specialist_stat_ranges.csv,college_production_specialist_stat_ranges,runtime_tuning,42,K,"{""position"":""K"",""role_tier"":""all_conference"",""stat_key"":""fg_made"",""min_value"":""20"",""max_value"":""32"",""notes"":""Kicking range.""}"
college_production,college_production_specialist_stat_ranges.csv,college_production_specialist_stat_ranges,runtime_tuning,43,K,"{""position"":""K"",""role_tier"":""all_conference"",""stat_key"":""xp_attempts"",""min_value"":""51"",""max_value"":""82"",""notes"":""Kicking range.""}"
college_production,college_production_specialist_stat_ranges.csv,college_production_specialist_stat_ranges,runtime_tuning,44,K,"{""position"":""K"",""role_tier"":""all_conference"",""stat_key"":""xp_made"",""min_value"":""51"",""max_value"":""82"",""notes"":""Kicking range.""}"
college_production,college_production_specialist_stat_ranges.csv,college_production_specialist_stat_ranges,runtime_tuning,45,K,"{""position"":""K"",""role_tier"":""all_conference"",""stat_key"":""touchbacks"",""min_value"":""55"",""max_value"":""89"",""notes"":""Kicking range.""}"
college_production,college_production_specialist_stat_ranges.csv,college_production_specialist_stat_ranges,runtime_tuning,46,K,"{""position"":""K"",""role_tier"":""all_american"",""stat_key"":""fg_attempts"",""min_value"":""23"",""max_value"":""36"",""notes"":""Kicking range.""}"
college_production,college_production_specialist_stat_ranges.csv,college_production_specialist_stat_ranges,runtime_tuning,47,K,"{""position"":""K"",""role_tier"":""all_american"",""stat_key"":""fg_made"",""min_value"":""21"",""max_value"":""33"",""notes"":""Kicking range.""}"
college_production,college_production_specialist_stat_ranges.csv,college_production_specialist_stat_ranges,runtime_tuning,48,K,"{""position"":""K"",""role_tier"":""all_american"",""stat_key"":""xp_attempts"",""min_value"":""55"",""max_value"":""85"",""notes"":""Kicking range.""}"
college_production,college_production_specialist_stat_ranges.csv,college_production_specialist_stat_ranges,runtime_tuning,49,K,"{""position"":""K"",""role_tier"":""all_american"",""stat_key"":""xp_made"",""min_value"":""55"",""max_value"":""85"",""notes"":""Kicking range.""}"
college_production,college_production_specialist_stat_ranges.csv,college_production_specialist_stat_ranges,runtime_tuning,50,K,"{""position"":""K"",""role_tier"":""all_american"",""stat_key"":""touchbacks"",""min_value"":""59"",""max_value"":""92"",""notes"":""Kicking range.""}"
college_production,college_production_specialist_stat_ranges.csv,college_production_specialist_stat_ranges,runtime_tuning,51,P,"{""position"":""P"",""role_tier"":""redshirt"",""stat_key"":""punts"",""min_value"":""0.0"",""max_value"":""4.8"",""notes"":""Punting range.""}"
college_production,college_production_specialist_stat_ranges.csv,college_production_specialist_stat_ranges,runtime_tuning,52,P,"{""position"":""P"",""role_tier"":""redshirt"",""stat_key"":""punt_yards"",""min_value"":""0.0"",""max_value"":""242.5"",""notes"":""Punting range.""}"
college_production,college_production_specialist_stat_ranges.csv,college_production_specialist_stat_ranges,runtime_tuning,53,P,"{""position"":""P"",""role_tier"":""redshirt"",""stat_key"":""punt_avg"",""min_value"":""35.0"",""max_value"":""35.8"",""notes"":""Punting range.""}"
college_production,college_production_specialist_stat_ranges.csv,college_production_specialist_stat_ranges,runtime_tuning,54,P,"{""position"":""P"",""role_tier"":""redshirt"",""stat_key"":""inside_20"",""min_value"":""0.0"",""max_value"":""2.5"",""notes"":""Punting range.""}"
college_production,college_production_specialist_stat_ranges.csv,college_production_specialist_stat_ranges,runtime_tuning,55,P,"{""position"":""P"",""role_tier"":""bench"",""stat_key"":""punts"",""min_value"":""0.0"",""max_value"":""9.5"",""notes"":""Punting range.""}"
college_production,college_production_specialist_stat_ranges.csv,college_production_specialist_stat_ranges,runtime_tuning,56,P,"{""position"":""P"",""role_tier"":""bench"",""stat_key"":""punt_yards"",""min_value"":""0.0"",""max_value"":""485.0"",""notes"":""Punting range.""}"
college_production,college_production_specialist_stat_ranges.csv,college_production_specialist_stat_ranges,runtime_tuning,57,P,"{""position"":""P"",""role_tier"":""bench"",""stat_key"":""punt_avg"",""min_value"":""35.0"",""max_value"":""36.6"",""notes"":""Punting range.""}"
college_production,college_production_specialist_stat_ranges.csv,college_production_specialist_stat_ranges,runtime_tuning,58,P,"{""position"":""P"",""role_tier"":""bench"",""stat_key"":""inside_20"",""min_value"":""0.0"",""max_value"":""5.0"",""notes"":""Punting range.""}"
college_production,college_production_specialist_stat_ranges.csv,college_production_specialist_stat_ranges,runtime_tuning,59,P,"{""position"":""P"",""role_tier"":""special_teams"",""stat_key"":""punts"",""min_value"":""3.3"",""max_value"":""17.1"",""notes"":""Punting range.""}"
college_production,college_production_specialist_stat_ranges.csv,college_production_specialist_stat_ranges,runtime_tuning,60,P,"{""position"":""P"",""role_tier"":""special_teams"",""stat_key"":""punt_yards"",""min_value"":""169.8"",""max_value"":""873.0"",""notes"":""Punting range.""}"
college_production,college_production_specialist_stat_ranges.csv,college_production_specialist_stat_ranges,runtime_tuning,61,P,"{""position"":""P"",""role_tier"":""special_teams"",""stat_key"":""punt_avg"",""min_value"":""35.6"",""max_value"":""37.9"",""notes"":""Punting range.""}"
college_production,college_production_specialist_stat_ranges.csv,college_production_specialist_stat_ranges,runtime_tuning,62,P,"{""position"":""P"",""role_tier"":""special_teams"",""stat_key"":""inside_20"",""min_value"":""1.8"",""max_value"":""9.0"",""notes"":""Punting range.""}"
college_production,college_production_specialist_stat_ranges.csv,college_production_specialist_stat_ranges,runtime_tuning,63,P,"{""position"":""P"",""role_tier"":""depth"",""stat_key"":""punts"",""min_value"":""8.0"",""max_value"":""28.5"",""notes"":""Punting range.""}"
college_production,college_production_specialist_stat_ranges.csv,college_production_specialist_stat_ranges,runtime_tuning,64,P,"{""position"":""P"",""role_tier"":""depth"",""stat_key"":""punt_yards"",""min_value"":""407.4"",""max_value"":""1455.0"",""notes"":""Punting range.""}"
college_production,college_production_specialist_stat_ranges.csv,college_production_specialist_stat_ranges,runtime_tuning,65,P,"{""position"":""P"",""role_tier"":""depth"",""stat_key"":""punt_avg"",""min_value"":""36.3"",""max_value"":""39.8"",""notes"":""Punting range.""}"
college_production,college_production_specialist_stat_ranges.csv,college_production_specialist_stat_ranges,runtime_tuning,66,P,"{""position"":""P"",""role_tier"":""depth"",""stat_key"":""inside_20"",""min_value"":""4.2"",""max_value"":""15.0"",""notes"":""Punting range.""}"
college_production,college_production_specialist_stat_ranges.csv,college_production_specialist_stat_ranges,runtime_tuning,67,P,"{""position"":""P"",""role_tier"":""rotation"",""stat_key"":""punts"",""min_value"":""19.9"",""max_value"":""52.3"",""notes"":""Punting range.""}"
college_production,college_production_specialist_stat_ranges.csv,college_production_specialist_stat_ranges,runtime_tuning,68,P,"{""position"":""P"",""role_tier"":""rotation"",""stat_key"":""punt_yards"",""min_value"":""1018.5"",""max_value"":""2667.5"",""notes"":""Punting range.""}"
college_production,college_production_specialist_stat_ranges.csv,college_production_specialist_stat_ranges,runtime_tuning,69,P,"{""position"":""P"",""role_tier"":""rotation"",""stat_key"":""punt_avg"",""min_value"":""38.4"",""max_value"":""43.8"",""notes"":""Punting range.""}"
college_production,college_production_specialist_stat_ranges.csv,college_production_specialist_stat_ranges,runtime_tuning,70,P,"{""position"":""P"",""role_tier"":""rotation"",""stat_key"":""inside_20"",""min_value"":""10.5"",""max_value"":""27.5"",""notes"":""Punting range.""}"
college_production,college_production_specialist_stat_ranges.csv,college_production_specialist_stat_ranges,runtime_tuning,71,P,"{""position"":""P"",""role_tier"":""spot_starter"",""stat_key"":""punts"",""min_value"":""29.9"",""max_value"":""64.6"",""notes"":""Punting range.""}"
college_production,college_production_specialist_stat_ranges.csv,college_production_specialist_stat_ranges,runtime_tuning,72,P,"{""position"":""P"",""role_tier"":""spot_starter"",""stat_key"":""punt_yards"",""min_value"":""1527.8"",""max_value"":""3298.0"",""notes"":""Punting range.""}"
college_production,college_production_specialist_stat_ranges.csv,college_production_specialist_stat_ranges,runtime_tuning,73,P,"{""position"":""P"",""role_tier"":""spot_starter"",""stat_key"":""punt_avg"",""min_value"":""40.0"",""max_value"":""45.9"",""notes"":""Punting range.""}"
college_production,college_production_specialist_stat_ranges.csv,college_production_specialist_stat_ranges,runtime_tuning,74,P,"{""position"":""P"",""role_tier"":""spot_starter"",""stat_key"":""inside_20"",""min_value"":""15.7"",""max_value"":""34.0"",""notes"":""Punting range.""}"
college_production,college_production_specialist_stat_ranges.csv,college_production_specialist_stat_ranges,runtime_tuning,75,P,"{""position"":""P"",""role_tier"":""starter"",""stat_key"":""punts"",""min_value"":""39.9"",""max_value"":""76.0"",""notes"":""Punting range.""}"
college_production,college_production_specialist_stat_ranges.csv,college_production_specialist_stat_ranges,runtime_tuning,76,P,"{""position"":""P"",""role_tier"":""starter"",""stat_key"":""punt_yards"",""min_value"":""2037.0"",""max_value"":""3880.0"",""notes"":""Punting range.""}"
college_production,college_production_specialist_stat_ranges.csv,college_production_specialist_stat_ranges,runtime_tuning,77,P,"{""position"":""P"",""role_tier"":""starter"",""stat_key"":""punt_avg"",""min_value"":""41.7"",""max_value"":""47.8"",""notes"":""Punting range.""}"
college_production,college_production_specialist_stat_ranges.csv,college_production_specialist_stat_ranges,runtime_tuning,78,P,"{""position"":""P"",""role_tier"":""starter"",""stat_key"":""inside_20"",""min_value"":""21.0"",""max_value"":""40.0"",""notes"":""Punting range.""}"
college_production,college_production_specialist_stat_ranges.csv,college_production_specialist_stat_ranges,runtime_tuning,79,P,"{""position"":""P"",""role_tier"":""impact_starter"",""stat_key"":""punts"",""min_value"":""49.9"",""max_value"":""85.5"",""notes"":""Punting range.""}"
college_production,college_production_specialist_stat_ranges.csv,college_production_specialist_stat_ranges,runtime_tuning,80,P,"{""position"":""P"",""role_tier"":""impact_starter"",""stat_key"":""punt_yards"",""min_value"":""2546.2"",""max_value"":""4365.0"",""notes"":""Punting range.""}"
college_production,college_production_specialist_stat_ranges.csv,college_production_specialist_stat_ranges,runtime_tuning,81,P,"{""position"":""P"",""role_tier"":""impact_starter"",""stat_key"":""punt_avg"",""min_value"":""43.4"",""max_value"":""49.4"",""notes"":""Punting range.""}"
college_production,college_production_specialist_stat_ranges.csv,college_production_specialist_stat_ranges,runtime_tuning,82,P,"{""position"":""P"",""role_tier"":""impact_starter"",""stat_key"":""inside_20"",""min_value"":""26.2"",""max_value"":""45.0"",""notes"":""Punting range.""}"
college_production,college_production_specialist_stat_ranges.csv,college_production_specialist_stat_ranges,runtime_tuning,83,P,"{""position"":""P"",""role_tier"":""all_conference"",""stat_key"":""punts"",""min_value"":""56.5"",""max_value"":""92.1"",""notes"":""Punting range.""}"
college_production,college_production_specialist_stat_ranges.csv,college_production_specialist_stat_ranges,runtime_tuning,84,P,"{""position"":""P"",""role_tier"":""all_conference"",""stat_key"":""punt_yards"",""min_value"":""2885.8"",""max_value"":""4704.5"",""notes"":""Punting range.""}"
college_production,college_production_specialist_stat_ranges.csv,college_production_specialist_stat_ranges,runtime_tuning,85,P,"{""position"":""P"",""role_tier"":""all_conference"",""stat_key"":""punt_avg"",""min_value"":""44.5"",""max_value"":""50.5"",""notes"":""Punting range.""}"
college_production,college_production_specialist_stat_ranges.csv,college_production_specialist_stat_ranges,runtime_tuning,86,P,"{""position"":""P"",""role_tier"":""all_conference"",""stat_key"":""inside_20"",""min_value"":""29.7"",""max_value"":""48.5"",""notes"":""Punting range.""}"
college_production,college_production_specialist_stat_ranges.csv,college_production_specialist_stat_ranges,runtime_tuning,87,P,"{""position"":""P"",""role_tier"":""all_american"",""stat_key"":""punts"",""min_value"":""61.2"",""max_value"":""95.0"",""notes"":""Punting range.""}"
college_production,college_production_specialist_stat_ranges.csv,college_production_specialist_stat_ranges,runtime_tuning,88,P,"{""position"":""P"",""role_tier"":""all_american"",""stat_key"":""punt_yards"",""min_value"":""3123.4"",""max_value"":""4850.0"",""notes"":""Punting range.""}"
college_production,college_production_specialist_stat_ranges.csv,college_production_specialist_stat_ranges,runtime_tuning,89,P,"{""position"":""P"",""role_tier"":""all_american"",""stat_key"":""punt_avg"",""min_value"":""45.3"",""max_value"":""51.0"",""notes"":""Punting range.""}"
college_production,college_production_specialist_stat_ranges.csv,college_production_specialist_stat_ranges,runtime_tuning,90,P,"{""position"":""P"",""role_tier"":""all_american"",""stat_key"":""inside_20"",""min_value"":""32.2"",""max_value"":""50.0"",""notes"":""Punting range.""}"
college_production,college_production_stat_categories.csv,college_production_stat_categories,runtime_tuning,1,college_production_stat_categories:1,"{""stat_category"":""availability"",""stat_key"":""games_played"",""positions"":""ALL"",""notes"":""Availability and role context.""}"
college_production,college_production_stat_categories.csv,college_production_stat_categories,runtime_tuning,2,college_production_stat_categories:2,"{""stat_category"":""availability"",""stat_key"":""games_started"",""positions"":""ALL"",""notes"":""Availability and role context.""}"
college_production,college_production_stat_categories.csv,college_production_stat_categories,runtime_tuning,3,college_production_stat_categories:3,"{""stat_category"":""availability"",""stat_key"":""snap_share"",""positions"":""ALL"",""notes"":""Availability and role context.""}"
college_production,college_production_stat_categories.csv,college_production_stat_categories,runtime_tuning,4,college_production_stat_categories:4,"{""stat_category"":""passing"",""stat_key"":""pass_attempts"",""positions"":""QB"",""notes"":""QB passing production.""}"
college_production,college_production_stat_categories.csv,college_production_stat_categories,runtime_tuning,5,college_production_stat_categories:5,"{""stat_category"":""passing"",""stat_key"":""pass_completions"",""positions"":""QB"",""notes"":""QB passing production.""}"
college_production,college_production_stat_categories.csv,college_production_stat_categories,runtime_tuning,6,college_production_stat_categories:6,"{""stat_category"":""passing"",""stat_key"":""pass_yards"",""positions"":""QB"",""notes"":""QB passing production.""}"
college_production,college_production_stat_categories.csv,college_production_stat_categories,runtime_tuning,7,college_production_stat_categories:7,"{""stat_category"":""passing"",""stat_key"":""pass_tds"",""positions"":""QB"",""notes"":""QB passing production.""}"
college_production,college_production_stat_categories.csv,college_production_stat_categories,runtime_tuning,8,college_production_stat_categories:8,"{""stat_category"":""passing"",""stat_key"":""interceptions"",""positions"":""QB"",""notes"":""QB passing production.""}"
college_production,college_production_stat_categories.csv,college_production_stat_categories,runtime_tuning,9,college_production_stat_categories:9,"{""stat_category"":""passing"",""stat_key"":""completion_pct"",""positions"":""QB"",""notes"":""QB passing production.""}"
college_production,college_production_stat_categories.csv,college_production_stat_categories,runtime_tuning,10,college_production_stat_categories:10,"{""stat_category"":""passing"",""stat_key"":""yards_per_attempt"",""positions"":""QB"",""notes"":""QB passing production.""}"
college_production,college_production_stat_categories.csv,college_production_stat_categories,runtime_tuning,11,college_production_stat_categories:11,"{""stat_category"":""rushing"",""stat_key"":""rush_attempts"",""positions"":""QB|RB|WR|TE"",""notes"":""Rushing production.""}"
college_production,college_production_stat_categories.csv,college_production_stat_categories,runtime_tuning,12,college_production_stat_categories:12,"{""stat_category"":""rushing"",""stat_key"":""rush_yards"",""positions"":""QB|RB|WR|TE"",""notes"":""Rushing production.""}"
college_production,college_production_stat_categories.csv,college_production_stat_categories,runtime_tuning,13,college_production_stat_categories:13,"{""stat_category"":""rushing"",""stat_key"":""rush_tds"",""positions"":""QB|RB|WR|TE"",""notes"":""Rushing production.""}"
college_production,college_production_stat_categories.csv,college_production_stat_categories,runtime_tuning,14,college_production_stat_categories:14,"{""stat_category"":""rushing"",""stat_key"":""yards_per_carry"",""positions"":""QB|RB|WR|TE"",""notes"":""Rushing production.""}"
college_production,college_production_stat_categories.csv,college_production_stat_categories,runtime_tuning,15,college_production_stat_categories:15,"{""stat_category"":""receiving"",""stat_key"":""receptions"",""positions"":""RB|WR|TE"",""notes"":""Receiving production.""}"
college_production,college_production_stat_categories.csv,college_production_stat_categories,runtime_tuning,16,college_production_stat_categories:16,"{""stat_category"":""receiving"",""stat_key"":""receiving_yards"",""positions"":""RB|WR|TE"",""notes"":""Receiving production.""}"
college_production,college_production_stat_categories.csv,college_production_stat_categories,runtime_tuning,17,college_production_stat_categories:17,"{""stat_category"":""receiving"",""stat_key"":""receiving_tds"",""positions"":""RB|WR|TE"",""notes"":""Receiving production.""}"
college_production,college_production_stat_categories.csv,college_production_stat_categories,runtime_tuning,18,college_production_stat_categories:18,"{""stat_category"":""receiving"",""stat_key"":""yards_per_reception"",""positions"":""RB|WR|TE"",""notes"":""Receiving production.""}"
college_production,college_production_stat_categories.csv,college_production_stat_categories,runtime_tuning,19,college_production_stat_categories:19,"{""stat_category"":""defense"",""stat_key"":""total_tackles"",""positions"":""EDGE|DL|LB|CB|S"",""notes"":""Defensive box-score history.""}"
college_production,college_production_stat_categories.csv,college_production_stat_categories,runtime_tuning,20,college_production_stat_categories:20,"{""stat_category"":""defense"",""stat_key"":""tfl"",""positions"":""EDGE|DL|LB|CB|S"",""notes"":""Defensive box-score history.""}"
college_production,college_production_stat_categories.csv,college_production_stat_categories,runtime_tuning,21,college_production_stat_categories:21,"{""stat_category"":""defense"",""stat_key"":""sacks"",""positions"":""EDGE|DL|LB|CB|S"",""notes"":""Defensive box-score history.""}"
college_production,college_production_stat_categories.csv,college_production_stat_categories,runtime_tuning,22,college_production_stat_categories:22,"{""stat_category"":""defense"",""stat_key"":""interceptions"",""positions"":""EDGE|DL|LB|CB|S"",""notes"":""Defensive box-score history.""}"
college_production,college_production_stat_categories.csv,college_production_stat_categories,runtime_tuning,23,college_production_stat_categories:23,"{""stat_category"":""defense"",""stat_key"":""pass_breakups"",""positions"":""EDGE|DL|LB|CB|S"",""notes"":""Defensive box-score history.""}"
college_production,college_production_stat_categories.csv,college_production_stat_categories,runtime_tuning,24,college_production_stat_categories:24,"{""stat_category"":""defense"",""stat_key"":""forced_fumbles"",""positions"":""EDGE|DL|LB|CB|S"",""notes"":""Defensive box-score history.""}"
college_production,college_production_stat_categories.csv,college_production_stat_categories,runtime_tuning,25,college_production_stat_categories:25,"{""stat_category"":""blocking_proxy"",""stat_key"":""sacks_allowed"",""positions"":""LT|LG|C|RG|RT|TE|RB"",""notes"":""OL/blocking proxy stats.""}"
college_production,college_production_stat_categories.csv,college_production_stat_categories,runtime_tuning,26,college_production_stat_categories:26,"{""stat_category"":""blocking_proxy"",""stat_key"":""pressures_allowed"",""positions"":""LT|LG|C|RG|RT|TE|RB"",""notes"":""OL/blocking proxy stats.""}"
college_production,college_production_stat_categories.csv,college_production_stat_categories,runtime_tuning,27,college_production_stat_categories:27,"{""stat_category"":""blocking_proxy"",""stat_key"":""penalties"",""positions"":""LT|LG|C|RG|RT|TE|RB"",""notes"":""OL/blocking proxy stats.""}"
college_production,college_production_stat_categories.csv,college_production_stat_categories,runtime_tuning,28,college_production_stat_categories:28,"{""stat_category"":""blocking_proxy"",""stat_key"":""run_block_proxy_grade"",""positions"":""LT|LG|C|RG|RT|TE|RB"",""notes"":""OL/blocking proxy stats.""}"
college_production,college_production_stat_categories.csv,college_production_stat_categories,runtime_tuning,29,college_production_stat_categories:29,"{""stat_category"":""specialists"",""stat_key"":""fg_attempts"",""positions"":""K|P"",""notes"":""Specialist production.""}"
college_production,college_production_stat_categories.csv,college_production_stat_categories,runtime_tuning,30,college_production_stat_categories:30,"{""stat_category"":""specialists"",""stat_key"":""fg_made"",""positions"":""K|P"",""notes"":""Specialist production.""}"
college_production,college_production_stat_categories.csv,college_production_stat_categories,runtime_tuning,31,college_production_stat_categories:31,"{""stat_category"":""specialists"",""stat_key"":""xp_attempts"",""positions"":""K|P"",""notes"":""Specialist production.""}"
college_production,college_production_stat_categories.csv,college_production_stat_categories,runtime_tuning,32,college_production_stat_categories:32,"{""stat_category"":""specialists"",""stat_key"":""xp_made"",""positions"":""K|P"",""notes"":""Specialist production.""}"
college_production,college_production_stat_categories.csv,college_production_stat_categories,runtime_tuning,33,college_production_stat_categories:33,"{""stat_category"":""specialists"",""stat_key"":""touchbacks"",""positions"":""K|P"",""notes"":""Specialist production.""}"
college_production,college_production_stat_categories.csv,college_production_stat_categories,runtime_tuning,34,college_production_stat_categories:34,"{""stat_category"":""specialists"",""stat_key"":""punts"",""positions"":""K|P"",""notes"":""Specialist production.""}"
college_production,college_production_stat_categories.csv,college_production_stat_categories,runtime_tuning,35,college_production_stat_categories:35,"{""stat_category"":""specialists"",""stat_key"":""punt_yards"",""positions"":""K|P"",""notes"":""Specialist production.""}"
college_production,college_production_stat_categories.csv,college_production_stat_categories,runtime_tuning,36,college_production_stat_categories:36,"{""stat_category"":""specialists"",""stat_key"":""punt_avg"",""positions"":""K|P"",""notes"":""Specialist production.""}"
college_production,college_production_stat_categories.csv,college_production_stat_categories,runtime_tuning,37,college_production_stat_categories:37,"{""stat_category"":""specialists"",""stat_key"":""inside_20"",""positions"":""K|P"",""notes"":""Specialist production.""}"
college_production,college_production_stat_categories.csv,college_production_stat_categories,runtime_tuning,38,college_production_stat_categories:38,"{""stat_category"":""returns"",""stat_key"":""kick_return_yards"",""positions"":""RB|WR|CB|S"",""notes"":""Support-role return production.""}"
college_production,college_production_stat_categories.csv,college_production_stat_categories,runtime_tuning,39,college_production_stat_categories:39,"{""stat_category"":""returns"",""stat_key"":""punt_return_yards"",""positions"":""RB|WR|CB|S"",""notes"":""Support-role return production.""}"
college_production,college_production_stat_categories.csv,college_production_stat_categories,runtime_tuning,40,college_production_stat_categories:40,"{""stat_category"":""returns"",""stat_key"":""return_tds"",""positions"":""RB|WR|CB|S"",""notes"":""Support-role return production.""}"
college_production,college_production_stat_consistency_rules.csv,college_production_stat_consistency_rules,rule,1,starts_lte_games,"{""rule_id"":""starts_lte_games"",""severity"":""error"",""condition"":""games_started <= games_played"",""repair_action"":""cap starts at games_played"",""notes"":""Basic invariant.""}"
college_production,college_production_stat_consistency_rules.csv,college_production_stat_consistency_rules,rule,2,redshirt_cap,"{""rule_id"":""redshirt_cap"",""severity"":""error"",""condition"":""if true_redshirt then games_played <= 4"",""repair_action"":""lower games and stats"",""notes"":""Protect redshirt logic.""}"
college_production,college_production_stat_consistency_rules.csv,college_production_stat_consistency_rules,rule,3,passing_completion_bound,"{""rule_id"":""passing_completion_bound"",""severity"":""error"",""condition"":""pass_completions <= pass_attempts"",""repair_action"":""cap completions"",""notes"":""Passing invariant.""}"
college_production,college_production_stat_consistency_rules.csv,college_production_stat_consistency_rules,rule,4,kicker_makes_bound,"{""rule_id"":""kicker_makes_bound"",""severity"":""error"",""condition"":""fg_made <= fg_attempts and xp_made <= xp_attempts"",""repair_action"":""cap makes"",""notes"":""Kicking invariant.""}"
college_production,college_production_stat_consistency_rules.csv,college_production_stat_consistency_rules,rule,5,team_pass_attempt_budget,"{""rule_id"":""team_pass_attempt_budget"",""severity"":""warning"",""condition"":""sum QB attempts within team budget"",""repair_action"":""rescale QB attempts"",""notes"":""Team coherence.""}"
college_production,college_production_stat_consistency_rules.csv,college_production_stat_consistency_rules,rule,6,team_target_budget,"{""rule_id"":""team_target_budget"",""severity"":""warning"",""condition"":""receiving totals coherent with pass budget"",""repair_action"":""rescale receptions/yards"",""notes"":""Avoid impossible WR rooms.""}"
college_production,college_production_stat_consistency_rules.csv,college_production_stat_consistency_rules,rule,7,team_carry_budget,"{""rule_id"":""team_carry_budget"",""severity"":""warning"",""condition"":""rush attempts coherent with rush budget"",""repair_action"":""rescale carries"",""notes"":""Avoid impossible RB rooms.""}"
college_production,college_production_stat_consistency_rules.csv,college_production_stat_consistency_rules,rule,8,defensive_event_pool,"{""rule_id"":""defensive_event_pool"",""severity"":""warning"",""condition"":""team sacks/interceptions within profile"",""repair_action"":""rescale defensive events"",""notes"":""Defense coherence.""}"
college_production,college_production_stat_consistency_rules.csv,college_production_stat_consistency_rules,rule,9,award_rarity_cap,"{""rule_id"":""award_rarity_cap"",""severity"":""warning"",""condition"":""conference awards within rarity caps"",""repair_action"":""drop lowest score awards"",""notes"":""Avoid award inflation.""}"
college_production,college_production_team_context_modifiers.csv,college_production_team_context_modifiers,modifier,1,college_production_team_context_modifiers:1,"{""context_id"":""elite_offense"",""condition"":""team_offense_rating>=88"",""applies_to"":""QB|RB|WR|TE|OL|K"",""volume_multiplier"":""1.08"",""efficiency_multiplier"":""1.06"",""td_multiplier"":""1.12"",""notes"":""Elite offense boosts visible production.""}"
college_production,college_production_team_context_modifiers.csv,college_production_team_context_modifiers,modifier,2,college_production_team_context_modifiers:2,"{""context_id"":""bad_offense"",""condition"":""team_offense_rating<55"",""applies_to"":""QB|RB|WR|TE|OL|K|P"",""volume_multiplier"":""0.92"",""efficiency_multiplier"":""0.88"",""td_multiplier"":""0.78"",""notes"":""Bad offense suppresses stats; punts may rise.""}"
college_production,college_production_team_context_modifiers.csv,college_production_team_context_modifiers,modifier,3,college_production_team_context_modifiers:3,"{""context_id"":""elite_defense"",""condition"":""team_defense_rating>=88"",""applies_to"":""EDGE|DL|LB|CB|S|P"",""volume_multiplier"":""1.02"",""efficiency_multiplier"":""1.08"",""td_multiplier"":""1.0"",""notes"":""Elite defense raises disruptive stats.""}"
college_production,college_production_team_context_modifiers.csv,college_production_team_context_modifiers,modifier,4,college_production_team_context_modifiers:4,"{""context_id"":""bad_defense"",""condition"":""team_defense_rating<55"",""applies_to"":""LB|S|CB"",""volume_multiplier"":""1.12"",""efficiency_multiplier"":""0.86"",""td_multiplier"":""1.0"",""notes"":""Bad defense inflates tackles, hurts efficiency.""}"
college_production,college_production_team_context_modifiers.csv,college_production_team_context_modifiers,modifier,5,college_production_team_context_modifiers:5,"{""context_id"":""shared_elite_room"",""condition"":""position_room_has_multiple_high_roles"",""applies_to"":""RB|WR|EDGE|DL|CB"",""volume_multiplier"":""0.88"",""efficiency_multiplier"":""1.04"",""td_multiplier"":""0.9"",""notes"":""Elite teams distribute production.""}"
college_production,college_production_to_draft_signal_weights.csv,college_production_to_draft_signal_weights,weight_distribution,1,QB,"{""position_group"":""QB"",""signal_key"":""pass_yards"",""weight"":""0.16"",""notes"":""Production is one draft signal; final grade also uses ratings, age, athleticism, medical, scouting, and translation.""}"
college_production,college_production_to_draft_signal_weights.csv,college_production_to_draft_signal_weights,weight_distribution,2,QB,"{""position_group"":""QB"",""signal_key"":""pass_tds"",""weight"":""0.18"",""notes"":""Production is one draft signal; final grade also uses ratings, age, athleticism, medical, scouting, and translation.""}"
college_production,college_production_to_draft_signal_weights.csv,college_production_to_draft_signal_weights,weight_distribution,3,QB,"{""position_group"":""QB"",""signal_key"":""interceptions"",""weight"":""-0.1"",""notes"":""Production is one draft signal; final grade also uses ratings, age, athleticism, medical, scouting, and translation.""}"
college_production,college_production_to_draft_signal_weights.csv,college_production_to_draft_signal_weights,weight_distribution,4,QB,"{""position_group"":""QB"",""signal_key"":""completion_pct"",""weight"":""0.08"",""notes"":""Production is one draft signal; final grade also uses ratings, age, athleticism, medical, scouting, and translation.""}"
college_production,college_production_to_draft_signal_weights.csv,college_production_to_draft_signal_weights,weight_distribution,5,QB,"{""position_group"":""QB"",""signal_key"":""competition_adjusted_efficiency"",""weight"":""0.18"",""notes"":""Production is one draft signal; final grade also uses ratings, age, athleticism, medical, scouting, and translation.""}"
college_production,college_production_to_draft_signal_weights.csv,college_production_to_draft_signal_weights,weight_distribution,6,QB,"{""position_group"":""QB"",""signal_key"":""games_started"",""weight"":""0.08"",""notes"":""Production is one draft signal; final grade also uses ratings, age, athleticism, medical, scouting, and translation.""}"
college_production,college_production_to_draft_signal_weights.csv,college_production_to_draft_signal_weights,weight_distribution,7,RB,"{""position_group"":""RB"",""signal_key"":""rush_yards"",""weight"":""0.18"",""notes"":""Production is one draft signal; final grade also uses ratings, age, athleticism, medical, scouting, and translation.""}"
college_production,college_production_to_draft_signal_weights.csv,college_production_to_draft_signal_weights,weight_distribution,8,RB,"{""position_group"":""RB"",""signal_key"":""rush_tds"",""weight"":""0.12"",""notes"":""Production is one draft signal; final grade also uses ratings, age, athleticism, medical, scouting, and translation.""}"
college_production,college_production_to_draft_signal_weights.csv,college_production_to_draft_signal_weights,weight_distribution,9,RB,"{""position_group"":""RB"",""signal_key"":""receiving_yards"",""weight"":""0.07"",""notes"":""Production is one draft signal; final grade also uses ratings, age, athleticism, medical, scouting, and translation.""}"
college_production,college_production_to_draft_signal_weights.csv,college_production_to_draft_signal_weights,weight_distribution,10,RB,"{""position_group"":""RB"",""signal_key"":""yards_per_carry"",""weight"":""0.12"",""notes"":""Production is one draft signal; final grade also uses ratings, age, athleticism, medical, scouting, and translation.""}"
college_production,college_production_to_draft_signal_weights.csv,college_production_to_draft_signal_weights,weight_distribution,11,RB,"{""position_group"":""RB"",""signal_key"":""games_started"",""weight"":""0.07"",""notes"":""Production is one draft signal; final grade also uses ratings, age, athleticism, medical, scouting, and translation.""}"
college_production,college_production_to_draft_signal_weights.csv,college_production_to_draft_signal_weights,weight_distribution,12,RB,"{""position_group"":""RB"",""signal_key"":""career_touches"",""weight"":""-0.04"",""notes"":""Production is one draft signal; final grade also uses ratings, age, athleticism, medical, scouting, and translation.""}"
college_production,college_production_to_draft_signal_weights.csv,college_production_to_draft_signal_weights,weight_distribution,13,WR,"{""position_group"":""WR"",""signal_key"":""receiving_yards"",""weight"":""0.2"",""notes"":""Production is one draft signal; final grade also uses ratings, age, athleticism, medical, scouting, and translation.""}"
college_production,college_production_to_draft_signal_weights.csv,college_production_to_draft_signal_weights,weight_distribution,14,WR,"{""position_group"":""WR"",""signal_key"":""receiving_tds"",""weight"":""0.12"",""notes"":""Production is one draft signal; final grade also uses ratings, age, athleticism, medical, scouting, and translation.""}"
college_production,college_production_to_draft_signal_weights.csv,college_production_to_draft_signal_weights,weight_distribution,15,WR,"{""position_group"":""WR"",""signal_key"":""receptions"",""weight"":""0.08"",""notes"":""Production is one draft signal; final grade also uses ratings, age, athleticism, medical, scouting, and translation.""}"
college_production,college_production_to_draft_signal_weights.csv,college_production_to_draft_signal_weights,weight_distribution,16,WR,"{""position_group"":""WR"",""signal_key"":""yards_per_reception"",""weight"":""0.06"",""notes"":""Production is one draft signal; final grade also uses ratings, age, athleticism, medical, scouting, and translation.""}"
college_production,college_production_to_draft_signal_weights.csv,college_production_to_draft_signal_weights,weight_distribution,17,WR,"{""position_group"":""WR"",""signal_key"":""competition_adjusted_efficiency"",""weight"":""0.12"",""notes"":""Production is one draft signal; final grade also uses ratings, age, athleticism, medical, scouting, and translation.""}"
college_production,college_production_to_draft_signal_weights.csv,college_production_to_draft_signal_weights,weight_distribution,18,WR,"{""position_group"":""WR"",""signal_key"":""return_yards"",""weight"":""0.03"",""notes"":""Production is one draft signal; final grade also uses ratings, age, athleticism, medical, scouting, and translation.""}"
college_production,college_production_to_draft_signal_weights.csv,college_production_to_draft_signal_weights,weight_distribution,19,TE,"{""position_group"":""TE"",""signal_key"":""receiving_yards"",""weight"":""0.14"",""notes"":""Production is one draft signal; final grade also uses ratings, age, athleticism, medical, scouting, and translation.""}"
college_production,college_production_to_draft_signal_weights.csv,college_production_to_draft_signal_weights,weight_distribution,20,TE,"{""position_group"":""TE"",""signal_key"":""receiving_tds"",""weight"":""0.1"",""notes"":""Production is one draft signal; final grade also uses ratings, age, athleticism, medical, scouting, and translation.""}"
college_production,college_production_to_draft_signal_weights.csv,college_production_to_draft_signal_weights,weight_distribution,21,TE,"{""position_group"":""TE"",""signal_key"":""receptions"",""weight"":""0.08"",""notes"":""Production is one draft signal; final grade also uses ratings, age, athleticism, medical, scouting, and translation.""}"
college_production,college_production_to_draft_signal_weights.csv,college_production_to_draft_signal_weights,weight_distribution,22,TE,"{""position_group"":""TE"",""signal_key"":""run_block_proxy_grade"",""weight"":""0.12"",""notes"":""Production is one draft signal; final grade also uses ratings, age, athleticism, medical, scouting, and translation.""}"
college_production,college_production_to_draft_signal_weights.csv,college_production_to_draft_signal_weights,weight_distribution,23,TE,"{""position_group"":""TE"",""signal_key"":""competition_adjusted_efficiency"",""weight"":""0.1"",""notes"":""Production is one draft signal; final grade also uses ratings, age, athleticism, medical, scouting, and translation.""}"
college_production,college_production_to_draft_signal_weights.csv,college_production_to_draft_signal_weights,weight_distribution,24,TE,"{""position_group"":""TE"",""signal_key"":""games_started"",""weight"":""0.08"",""notes"":""Production is one draft signal; final grade also uses ratings, age, athleticism, medical, scouting, and translation.""}"
college_production,college_production_to_draft_signal_weights.csv,college_production_to_draft_signal_weights,weight_distribution,25,OL,"{""position_group"":""OL"",""signal_key"":""games_started"",""weight"":""0.18"",""notes"":""Production is one draft signal; final grade also uses ratings, age, athleticism, medical, scouting, and translation.""}"
college_production,college_production_to_draft_signal_weights.csv,college_production_to_draft_signal_weights,weight_distribution,26,OL,"{""position_group"":""OL"",""signal_key"":""run_block_proxy_grade"",""weight"":""0.2"",""notes"":""Production is one draft signal; final grade also uses ratings, age, athleticism, medical, scouting, and translation.""}"
college_production,college_production_to_draft_signal_weights.csv,college_production_to_draft_signal_weights,weight_distribution,27,OL,"{""position_group"":""OL"",""signal_key"":""sacks_allowed"",""weight"":""-0.12"",""notes"":""Production is one draft signal; final grade also uses ratings, age, athleticism, medical, scouting, and translation.""}"
college_production,college_production_to_draft_signal_weights.csv,college_production_to_draft_signal_weights,weight_distribution,28,OL,"{""position_group"":""OL"",""signal_key"":""pressures_allowed"",""weight"":""-0.08"",""notes"":""Production is one draft signal; final grade also uses ratings, age, athleticism, medical, scouting, and translation.""}"
college_production,college_production_to_draft_signal_weights.csv,college_production_to_draft_signal_weights,weight_distribution,29,OL,"{""position_group"":""OL"",""signal_key"":""penalties"",""weight"":""-0.05"",""notes"":""Production is one draft signal; final grade also uses ratings, age, athleticism, medical, scouting, and translation.""}"
college_production,college_production_to_draft_signal_weights.csv,college_production_to_draft_signal_weights,weight_distribution,30,OL,"{""position_group"":""OL"",""signal_key"":""team_rush_efficiency"",""weight"":""0.08"",""notes"":""Production is one draft signal; final grade also uses ratings, age, athleticism, medical, scouting, and translation.""}"
college_production,college_production_to_draft_signal_weights.csv,college_production_to_draft_signal_weights,weight_distribution,31,EDGE,"{""position_group"":""EDGE"",""signal_key"":""sacks"",""weight"":""0.22"",""notes"":""Production is one draft signal; final grade also uses ratings, age, athleticism, medical, scouting, and translation.""}"
college_production,college_production_to_draft_signal_weights.csv,college_production_to_draft_signal_weights,weight_distribution,32,EDGE,"{""position_group"":""EDGE"",""signal_key"":""tfl"",""weight"":""0.16"",""notes"":""Production is one draft signal; final grade also uses ratings, age, athleticism, medical, scouting, and translation.""}"
college_production,college_production_to_draft_signal_weights.csv,college_production_to_draft_signal_weights,weight_distribution,33,EDGE,"{""position_group"":""EDGE"",""signal_key"":""forced_fumbles"",""weight"":""0.06"",""notes"":""Production is one draft signal; final grade also uses ratings, age, athleticism, medical, scouting, and translation.""}"
college_production,college_production_to_draft_signal_weights.csv,college_production_to_draft_signal_weights,weight_distribution,34,EDGE,"{""position_group"":""EDGE"",""signal_key"":""competition_adjusted_efficiency"",""weight"":""0.12"",""notes"":""Production is one draft signal; final grade also uses ratings, age, athleticism, medical, scouting, and translation.""}"
college_production,college_production_to_draft_signal_weights.csv,college_production_to_draft_signal_weights,weight_distribution,35,EDGE,"{""position_group"":""EDGE"",""signal_key"":""games_started"",""weight"":""0.06"",""notes"":""Production is one draft signal; final grade also uses ratings, age, athleticism, medical, scouting, and translation.""}"
college_production,college_production_to_draft_signal_weights.csv,college_production_to_draft_signal_weights,weight_distribution,36,DL,"{""position_group"":""DL"",""signal_key"":""tfl"",""weight"":""0.16"",""notes"":""Production is one draft signal; final grade also uses ratings, age, athleticism, medical, scouting, and translation.""}"
college_production,college_production_to_draft_signal_weights.csv,college_production_to_draft_signal_weights,weight_distribution,37,DL,"{""position_group"":""DL"",""signal_key"":""sacks"",""weight"":""0.14"",""notes"":""Production is one draft signal; final grade also uses ratings, age, athleticism, medical, scouting, and translation.""}"
college_production,college_production_to_draft_signal_weights.csv,college_production_to_draft_signal_weights,weight_distribution,38,DL,"{""position_group"":""DL"",""signal_key"":""total_tackles"",""weight"":""0.06"",""notes"":""Production is one draft signal; final grade also uses ratings, age, athleticism, medical, scouting, and translation.""}"
college_production,college_production_to_draft_signal_weights.csv,college_production_to_draft_signal_weights,weight_distribution,39,DL,"{""position_group"":""DL"",""signal_key"":""run_stop_proxy"",""weight"":""0.12"",""notes"":""Production is one draft signal; final grade also uses ratings, age, athleticism, medical, scouting, and translation.""}"
college_production,college_production_to_draft_signal_weights.csv,college_production_to_draft_signal_weights,weight_distribution,40,DL,"{""position_group"":""DL"",""signal_key"":""competition_adjusted_efficiency"",""weight"":""0.1"",""notes"":""Production is one draft signal; final grade also uses ratings, age, athleticism, medical, scouting, and translation.""}"
college_production,college_production_to_draft_signal_weights.csv,college_production_to_draft_signal_weights,weight_distribution,41,LB,"{""position_group"":""LB"",""signal_key"":""total_tackles"",""weight"":""0.14"",""notes"":""Production is one draft signal; final grade also uses ratings, age, athleticism, medical, scouting, and translation.""}"
college_production,college_production_to_draft_signal_weights.csv,college_production_to_draft_signal_weights,weight_distribution,42,LB,"{""position_group"":""LB"",""signal_key"":""tfl"",""weight"":""0.12"",""notes"":""Production is one draft signal; final grade also uses ratings, age, athleticism, medical, scouting, and translation.""}"
college_production,college_production_to_draft_signal_weights.csv,college_production_to_draft_signal_weights,weight_distribution,43,LB,"{""position_group"":""LB"",""signal_key"":""sacks"",""weight"":""0.06"",""notes"":""Production is one draft signal; final grade also uses ratings, age, athleticism, medical, scouting, and translation.""}"
college_production,college_production_to_draft_signal_weights.csv,college_production_to_draft_signal_weights,weight_distribution,44,LB,"{""position_group"":""LB"",""signal_key"":""interceptions"",""weight"":""0.05"",""notes"":""Production is one draft signal; final grade also uses ratings, age, athleticism, medical, scouting, and translation.""}"
college_production,college_production_to_draft_signal_weights.csv,college_production_to_draft_signal_weights,weight_distribution,45,LB,"{""position_group"":""LB"",""signal_key"":""pass_breakups"",""weight"":""0.04"",""notes"":""Production is one draft signal; final grade also uses ratings, age, athleticism, medical, scouting, and translation.""}"
college_production,college_production_to_draft_signal_weights.csv,college_production_to_draft_signal_weights,weight_distribution,46,LB,"{""position_group"":""LB"",""signal_key"":""competition_adjusted_efficiency"",""weight"":""0.1"",""notes"":""Production is one draft signal; final grade also uses ratings, age, athleticism, medical, scouting, and translation.""}"
college_production,college_production_to_draft_signal_weights.csv,college_production_to_draft_signal_weights,weight_distribution,47,CB,"{""position_group"":""CB"",""signal_key"":""pass_breakups"",""weight"":""0.14"",""notes"":""Production is one draft signal; final grade also uses ratings, age, athleticism, medical, scouting, and translation.""}"
college_production,college_production_to_draft_signal_weights.csv,college_production_to_draft_signal_weights,weight_distribution,48,CB,"{""position_group"":""CB"",""signal_key"":""interceptions"",""weight"":""0.12"",""notes"":""Production is one draft signal; final grade also uses ratings, age, athleticism, medical, scouting, and translation.""}"
college_production,college_production_to_draft_signal_weights.csv,college_production_to_draft_signal_weights,weight_distribution,49,CB,"{""position_group"":""CB"",""signal_key"":""total_tackles"",""weight"":""0.04"",""notes"":""Production is one draft signal; final grade also uses ratings, age, athleticism, medical, scouting, and translation.""}"
college_production,college_production_to_draft_signal_weights.csv,college_production_to_draft_signal_weights,weight_distribution,50,CB,"{""position_group"":""CB"",""signal_key"":""coverage_proxy"",""weight"":""0.16"",""notes"":""Production is one draft signal; final grade also uses ratings, age, athleticism, medical, scouting, and translation.""}"
college_production,college_production_to_draft_signal_weights.csv,college_production_to_draft_signal_weights,weight_distribution,51,CB,"{""position_group"":""CB"",""signal_key"":""competition_adjusted_efficiency"",""weight"":""0.1"",""notes"":""Production is one draft signal; final grade also uses ratings, age, athleticism, medical, scouting, and translation.""}"
college_production,college_production_to_draft_signal_weights.csv,college_production_to_draft_signal_weights,weight_distribution,52,S,"{""position_group"":""S"",""signal_key"":""total_tackles"",""weight"":""0.1"",""notes"":""Production is one draft signal; final grade also uses ratings, age, athleticism, medical, scouting, and translation.""}"
college_production,college_production_to_draft_signal_weights.csv,college_production_to_draft_signal_weights,weight_distribution,53,S,"{""position_group"":""S"",""signal_key"":""interceptions"",""weight"":""0.12"",""notes"":""Production is one draft signal; final grade also uses ratings, age, athleticism, medical, scouting, and translation.""}"
college_production,college_production_to_draft_signal_weights.csv,college_production_to_draft_signal_weights,weight_distribution,54,S,"{""position_group"":""S"",""signal_key"":""pass_breakups"",""weight"":""0.1"",""notes"":""Production is one draft signal; final grade also uses ratings, age, athleticism, medical, scouting, and translation.""}"
college_production,college_production_to_draft_signal_weights.csv,college_production_to_draft_signal_weights,weight_distribution,55,S,"{""position_group"":""S"",""signal_key"":""tfl"",""weight"":""0.06"",""notes"":""Production is one draft signal; final grade also uses ratings, age, athleticism, medical, scouting, and translation.""}"
college_production,college_production_to_draft_signal_weights.csv,college_production_to_draft_signal_weights,weight_distribution,56,S,"{""position_group"":""S"",""signal_key"":""coverage_proxy"",""weight"":""0.12"",""notes"":""Production is one draft signal; final grade also uses ratings, age, athleticism, medical, scouting, and translation.""}"
college_production,college_production_to_draft_signal_weights.csv,college_production_to_draft_signal_weights,weight_distribution,57,K,"{""position_group"":""K"",""signal_key"":""fg_pct"",""weight"":""0.22"",""notes"":""Production is one draft signal; final grade also uses ratings, age, athleticism, medical, scouting, and translation.""}"
college_production,college_production_to_draft_signal_weights.csv,college_production_to_draft_signal_weights,weight_distribution,58,K,"{""position_group"":""K"",""signal_key"":""fg_made"",""weight"":""0.1"",""notes"":""Production is one draft signal; final grade also uses ratings, age, athleticism, medical, scouting, and translation.""}"
college_production,college_production_to_draft_signal_weights.csv,college_production_to_draft_signal_weights,weight_distribution,59,K,"{""position_group"":""K"",""signal_key"":""long_fg_proxy"",""weight"":""0.08"",""notes"":""Production is one draft signal; final grade also uses ratings, age, athleticism, medical, scouting, and translation.""}"
college_production,college_production_to_draft_signal_weights.csv,college_production_to_draft_signal_weights,weight_distribution,60,K,"{""position_group"":""K"",""signal_key"":""xp_pct"",""weight"":""0.05"",""notes"":""Production is one draft signal; final grade also uses ratings, age, athleticism, medical, scouting, and translation.""}"
college_production,college_production_to_draft_signal_weights.csv,college_production_to_draft_signal_weights,weight_distribution,61,K,"{""position_group"":""K"",""signal_key"":""touchbacks"",""weight"":""0.05"",""notes"":""Production is one draft signal; final grade also uses ratings, age, athleticism, medical, scouting, and translation.""}"
college_production,college_production_to_draft_signal_weights.csv,college_production_to_draft_signal_weights,weight_distribution,62,P,"{""position_group"":""P"",""signal_key"":""punt_avg"",""weight"":""0.2"",""notes"":""Production is one draft signal; final grade also uses ratings, age, athleticism, medical, scouting, and translation.""}"
college_production,college_production_to_draft_signal_weights.csv,college_production_to_draft_signal_weights,weight_distribution,63,P,"{""position_group"":""P"",""signal_key"":""inside_20"",""weight"":""0.12"",""notes"":""Production is one draft signal; final grade also uses ratings, age, athleticism, medical, scouting, and translation.""}"
college_production,college_production_to_draft_signal_weights.csv,college_production_to_draft_signal_weights,weight_distribution,64,P,"{""position_group"":""P"",""signal_key"":""touchback_rate"",""weight"":""-0.05"",""notes"":""Production is one draft signal; final grade also uses ratings, age, athleticism, medical, scouting, and translation.""}"
college_production,college_production_to_draft_signal_weights.csv,college_production_to_draft_signal_weights,weight_distribution,65,P,"{""position_group"":""P"",""signal_key"":""hangtime_proxy"",""weight"":""0.08"",""notes"":""Production is one draft signal; final grade also uses ratings, age, athleticism, medical, scouting, and translation.""}"
college_production,college_production_to_draft_signal_weights.csv,college_production_to_draft_signal_weights,weight_distribution,66,P,"{""position_group"":""P"",""signal_key"":""games_played"",""weight"":""0.05"",""notes"":""Production is one draft signal; final grade also uses ratings, age, athleticism, medical, scouting, and translation.""}"
college_production,college_production_year_class_modifiers.csv,college_production_year_class_modifiers,modifier,1,FR,"{""class_year"":""FR"",""production_volume_multiplier"":""0.72"",""efficiency_volatility"":""1.18"",""award_eligibility_multiplier"":""0.55"",""notes"":""Freshman volume usually lower.""}"
college_production,college_production_year_class_modifiers.csv,college_production_year_class_modifiers,modifier,2,RS-FR,"{""class_year"":""RS-FR"",""production_volume_multiplier"":""0.82"",""efficiency_volatility"":""1.12"",""award_eligibility_multiplier"":""0.65"",""notes"":""Redshirt freshman.""}"
college_production,college_production_year_class_modifiers.csv,college_production_year_class_modifiers,modifier,3,SO,"{""class_year"":""SO"",""production_volume_multiplier"":""0.94"",""efficiency_volatility"":""1.07"",""award_eligibility_multiplier"":""0.82"",""notes"":""Second year.""}"
college_production,college_production_year_class_modifiers.csv,college_production_year_class_modifiers,modifier,4,RS-SO,"{""class_year"":""RS-SO"",""production_volume_multiplier"":""1.0"",""efficiency_volatility"":""1.03"",""award_eligibility_multiplier"":""0.95"",""notes"":""Breakout class.""}"
college_production,college_production_year_class_modifiers.csv,college_production_year_class_modifiers,modifier,5,JR,"{""class_year"":""JR"",""production_volume_multiplier"":""1.06"",""efficiency_volatility"":""1.0"",""award_eligibility_multiplier"":""1.05"",""notes"":""Prime college production.""}"
college_production,college_production_year_class_modifiers.csv,college_production_year_class_modifiers,modifier,6,RS-JR,"{""class_year"":""RS-JR"",""production_volume_multiplier"":""1.08"",""efficiency_volatility"":""0.98"",""award_eligibility_multiplier"":""1.1"",""notes"":""Older contributor.""}"
college_production,college_production_year_class_modifiers.csv,college_production_year_class_modifiers,modifier,7,SR,"{""class_year"":""SR"",""production_volume_multiplier"":""1.05"",""efficiency_volatility"":""0.98"",""award_eligibility_multiplier"":""1.08"",""notes"":""Senior.""}"
college_production,college_production_year_class_modifiers.csv,college_production_year_class_modifiers,modifier,8,RS-SR,"{""class_year"":""RS-SR"",""production_volume_multiplier"":""1.02"",""efficiency_volatility"":""0.96"",""award_eligibility_multiplier"":""1.0"",""notes"":""Oldest class.""}"
college_production,college_team_defense_profile_production_rules.csv,college_team_defense_profile_production_rules,rule,1,college_team_defense_profile_production_rules:1,"{""defense_profile"":""base_43"",""tackle_volume_modifier"":""1.0"",""edge_sack_share_min"":""0.42"",""edge_sack_share_max"":""0.58"",""dl_sack_share_min"":""0.22"",""dl_sack_share_max"":""0.36"",""lb_tackle_share_min"":""0.28"",""lb_tackle_share_max"":""0.42"",""db_tackle_share_min"":""0.3"",""db_tackle_share_max"":""0.42"",""interception_pool_min"":""8"",""interception_pool_max"":""18"",""notes"":""Balanced front.""}"
college_production,college_team_defense_profile_production_rules.csv,college_team_defense_profile_production_rules,rule,2,college_team_defense_profile_production_rules:2,"{""defense_profile"":""base_34"",""tackle_volume_modifier"":""1.02"",""edge_sack_share_min"":""0.48"",""edge_sack_share_max"":""0.66"",""dl_sack_share_min"":""0.12"",""dl_sack_share_max"":""0.26"",""lb_tackle_share_min"":""0.34"",""lb_tackle_share_max"":""0.48"",""db_tackle_share_min"":""0.28"",""db_tackle_share_max"":""0.4"",""interception_pool_min"":""7"",""interception_pool_max"":""17"",""notes"":""EDGE/LB pressure heavy.""}"
college_production,college_team_defense_profile_production_rules.csv,college_team_defense_profile_production_rules,rule,3,college_team_defense_profile_production_rules:3,"{""defense_profile"":""nickel_425"",""tackle_volume_modifier"":""1.0"",""edge_sack_share_min"":""0.42"",""edge_sack_share_max"":""0.6"",""dl_sack_share_min"":""0.18"",""dl_sack_share_max"":""0.32"",""lb_tackle_share_min"":""0.24"",""lb_tackle_share_max"":""0.36"",""db_tackle_share_min"":""0.36"",""db_tackle_share_max"":""0.5"",""interception_pool_min"":""9"",""interception_pool_max"":""20"",""notes"":""More DB volume.""}"
college_production,college_team_defense_profile_production_rules.csv,college_team_defense_profile_production_rules,rule,4,college_team_defense_profile_production_rules:4,"{""defense_profile"":""335"",""tackle_volume_modifier"":""1.05"",""edge_sack_share_min"":""0.34"",""edge_sack_share_max"":""0.54"",""dl_sack_share_min"":""0.12"",""dl_sack_share_max"":""0.28"",""lb_tackle_share_min"":""0.3"",""lb_tackle_share_max"":""0.45"",""db_tackle_share_min"":""0.36"",""db_tackle_share_max"":""0.52"",""interception_pool_min"":""9"",""interception_pool_max"":""21"",""notes"":""Hybrid DB/LB production.""}"
college_production,college_team_defense_profile_production_rules.csv,college_team_defense_profile_production_rules,rule,5,college_team_defense_profile_production_rules:5,"{""defense_profile"":""aggressive_blitz"",""tackle_volume_modifier"":""1.08"",""edge_sack_share_min"":""0.35"",""edge_sack_share_max"":""0.55"",""dl_sack_share_min"":""0.15"",""dl_sack_share_max"":""0.3"",""lb_tackle_share_min"":""0.3"",""lb_tackle_share_max"":""0.44"",""db_tackle_share_min"":""0.3"",""db_tackle_share_max"":""0.42"",""interception_pool_min"":""7"",""interception_pool_max"":""18"",""notes"":""More sacks/TFL.""}"
college_production,college_team_offense_profile_production_rules.csv,college_team_offense_profile_production_rules,rule,1,college_team_offense_profile_production_rules:1,"{""offense_profile"":""balanced"",""plays_min"":""720"",""plays_max"":""920"",""pass_attempt_share_min"":""0.42"",""pass_attempt_share_max"":""0.54"",""qb_rush_share_min"":""0.07"",""qb_rush_share_max"":""0.16"",""rb1_carry_share_min"":""0.32"",""rb1_carry_share_max"":""0.52"",""te_target_share_min"":""0.12"",""te_target_share_max"":""0.22"",""notes"":""Default modern offense.""}"
college_production,college_team_offense_profile_production_rules.csv,college_team_offense_profile_production_rules,rule,2,college_team_offense_profile_production_rules:2,"{""offense_profile"":""air_raid"",""plays_min"":""800"",""plays_max"":""1050"",""pass_attempt_share_min"":""0.55"",""pass_attempt_share_max"":""0.68"",""qb_rush_share_min"":""0.02"",""qb_rush_share_max"":""0.1"",""rb1_carry_share_min"":""0.25"",""rb1_carry_share_max"":""0.42"",""te_target_share_min"":""0.06"",""te_target_share_max"":""0.16"",""notes"":""Raises QB/WR passing volume.""}"
college_production,college_team_offense_profile_production_rules.csv,college_team_offense_profile_production_rules,rule,3,college_team_offense_profile_production_rules:3,"{""offense_profile"":""spread_tempo"",""plays_min"":""820"",""plays_max"":""1080"",""pass_attempt_share_min"":""0.45"",""pass_attempt_share_max"":""0.58"",""qb_rush_share_min"":""0.1"",""qb_rush_share_max"":""0.24"",""rb1_carry_share_min"":""0.28"",""rb1_carry_share_max"":""0.46"",""te_target_share_min"":""0.07"",""te_target_share_max"":""0.18"",""notes"":""Higher pace and QB rushing.""}"
college_production,college_team_offense_profile_production_rules.csv,college_team_offense_profile_production_rules,rule,4,college_team_offense_profile_production_rules:4,"{""offense_profile"":""run_heavy"",""plays_min"":""700"",""plays_max"":""900"",""pass_attempt_share_min"":""0.28"",""pass_attempt_share_max"":""0.42"",""qb_rush_share_min"":""0.06"",""qb_rush_share_max"":""0.18"",""rb1_carry_share_min"":""0.42"",""rb1_carry_share_max"":""0.64"",""te_target_share_min"":""0.12"",""te_target_share_max"":""0.25"",""notes"":""RB/OL history boosted.""}"
college_production,college_team_offense_profile_production_rules.csv,college_team_offense_profile_production_rules,rule,5,college_team_offense_profile_production_rules:5,"{""offense_profile"":""option"",""plays_min"":""760"",""plays_max"":""980"",""pass_attempt_share_min"":""0.12"",""pass_attempt_share_max"":""0.28"",""qb_rush_share_min"":""0.22"",""qb_rush_share_max"":""0.4"",""rb1_carry_share_min"":""0.26"",""rb1_carry_share_max"":""0.45"",""te_target_share_min"":""0.04"",""te_target_share_max"":""0.12"",""notes"":""Low pass, high QB/RB rush.""}"
college_production,college_team_offense_profile_production_rules.csv,college_team_offense_profile_production_rules,rule,6,college_team_offense_profile_production_rules:6,"{""offense_profile"":""pro_style"",""plays_min"":""680"",""plays_max"":""880"",""pass_attempt_share_min"":""0.38"",""pass_attempt_share_max"":""0.52"",""qb_rush_share_min"":""0.01"",""qb_rush_share_max"":""0.08"",""rb1_carry_share_min"":""0.36"",""rb1_carry_share_max"":""0.58"",""te_target_share_min"":""0.16"",""te_target_share_max"":""0.28"",""notes"":""Balanced with TE/blocking emphasis.""}"
