domain,source_file,source_table,record_category,source_row,row_key,payload_json
draft_translation,college_to_nfl_position_translation_profiles.csv,college_to_nfl_position_translation_profiles,runtime_tuning,1,QB,"{""position_group"":""QB"",""nfl_readiness_modifier"":""-3"",""rookie_current_ceiling"":""78"",""rookie_current_floor"":""34"",""base_uncertainty_sigma"":""0.18"",""potential_bias"":""4"",""learning_curve"":""slow"",""translation_notes"":""Largest mental/speed translation gap. Even elite college QBs usually enter as low NFL starters or developmental starters.""}"
draft_translation,college_to_nfl_position_translation_profiles.csv,college_to_nfl_position_translation_profiles,runtime_tuning,2,RB,"{""position_group"":""RB"",""nfl_readiness_modifier"":""4"",""rookie_current_ceiling"":""84"",""rookie_current_floor"":""38"",""base_uncertainty_sigma"":""0.11"",""potential_bias"":""-1"",""learning_curve"":""fast"",""translation_notes"":""Running back traits translate fastest; early NFL current rating can be high, but long-term potential/prime window is shorter.""}"
draft_translation,college_to_nfl_position_translation_profiles.csv,college_to_nfl_position_translation_profiles,runtime_tuning,3,WR,"{""position_group"":""WR"",""nfl_readiness_modifier"":""1"",""rookie_current_ceiling"":""83"",""rookie_current_floor"":""36"",""base_uncertainty_sigma"":""0.15"",""potential_bias"":""2"",""learning_curve"":""medium"",""translation_notes"":""Wide receivers vary heavily by route tree, release, separation, and QB/scheme context.""}"
draft_translation,college_to_nfl_position_translation_profiles.csv,college_to_nfl_position_translation_profiles,runtime_tuning,4,TE,"{""position_group"":""TE"",""nfl_readiness_modifier"":""-1"",""rookie_current_ceiling"":""81"",""rookie_current_floor"":""34"",""base_uncertainty_sigma"":""0.17"",""potential_bias"":""2"",""learning_curve"":""slow"",""translation_notes"":""TE translation is slower because blocking, route detail, and alignment variety matter.""}"
draft_translation,college_to_nfl_position_translation_profiles.csv,college_to_nfl_position_translation_profiles,runtime_tuning,5,OL,"{""position_group"":""OL"",""nfl_readiness_modifier"":""2"",""rookie_current_ceiling"":""82"",""rookie_current_floor"":""38"",""base_uncertainty_sigma"":""0.13"",""potential_bias"":""1"",""learning_curve"":""medium"",""translation_notes"":""Top OL can start early, but technical and strength translation still matters.""}"
draft_translation,college_to_nfl_position_translation_profiles.csv,college_to_nfl_position_translation_profiles,runtime_tuning,6,EDGE,"{""position_group"":""EDGE"",""nfl_readiness_modifier"":""1"",""rookie_current_ceiling"":""82"",""rookie_current_floor"":""36"",""base_uncertainty_sigma"":""0.16"",""potential_bias"":""3"",""learning_curve"":""medium"",""translation_notes"":""Pass rush traits are valuable, but rookie consistency is volatile.""}"
draft_translation,college_to_nfl_position_translation_profiles.csv,college_to_nfl_position_translation_profiles,runtime_tuning,7,DL,"{""position_group"":""DL"",""nfl_readiness_modifier"":""2"",""rookie_current_ceiling"":""82"",""rookie_current_floor"":""38"",""base_uncertainty_sigma"":""0.14"",""potential_bias"":""1"",""learning_curve"":""medium"",""translation_notes"":""Interior DL power can translate early; conditioning and technique drive variance.""}"
draft_translation,college_to_nfl_position_translation_profiles.csv,college_to_nfl_position_translation_profiles,runtime_tuning,8,LB,"{""position_group"":""LB"",""nfl_readiness_modifier"":""1"",""rookie_current_ceiling"":""81"",""rookie_current_floor"":""36"",""base_uncertainty_sigma"":""0.14"",""potential_bias"":""0"",""learning_curve"":""medium"",""translation_notes"":""Linebackers need processing/speed fit; mid-round value is more plausible than at premium positions.""}"
draft_translation,college_to_nfl_position_translation_profiles.csv,college_to_nfl_position_translation_profiles,runtime_tuning,9,CB,"{""position_group"":""CB"",""nfl_readiness_modifier"":""0"",""rookie_current_ceiling"":""83"",""rookie_current_floor"":""36"",""base_uncertainty_sigma"":""0.17"",""potential_bias"":""3"",""learning_curve"":""slow"",""translation_notes"":""CB has high ceiling but large technique and mental variance.""}"
draft_translation,college_to_nfl_position_translation_profiles.csv,college_to_nfl_position_translation_profiles,runtime_tuning,10,S,"{""position_group"":""S"",""nfl_readiness_modifier"":""1"",""rookie_current_ceiling"":""81"",""rookie_current_floor"":""36"",""base_uncertainty_sigma"":""0.14"",""potential_bias"":""0"",""learning_curve"":""medium"",""translation_notes"":""Safety processing and role versatility can translate faster than outside CB.""}"
draft_translation,college_to_nfl_position_translation_profiles.csv,college_to_nfl_position_translation_profiles,runtime_tuning,11,Specialist,"{""position_group"":""Specialist"",""nfl_readiness_modifier"":""4"",""rookie_current_ceiling"":""85"",""rookie_current_floor"":""42"",""base_uncertainty_sigma"":""0.12"",""potential_bias"":""-2"",""learning_curve"":""fast"",""translation_notes"":""K/P can translate directly; current rating can be comparatively high even with modest draft capital.""}"
draft_translation,college_to_nfl_rating_translation.csv,college_to_nfl_rating_translation,runtime_tuning,1,QB,"{""position_group"":""QB"",""draft_capital_tier"":""top_5"",""pick_min"":""1"",""pick_max"":""5"",""college_band"":""college_98_99"",""college_ovr_min"":""98"",""college_ovr_max"":""99"",""nfl_rookie_ovr_min"":""70"",""nfl_rookie_ovr_max"":""78"",""nfl_potential_min"":""89"",""nfl_potential_max"":""99"",""translation_uncertainty_sigma"":""0.13"",""readiness_tag"":""premium_day_one"",""rare_exception_allowed"":""yes"",""notes"":""Largest mental/speed translation gap. Even elite college QBs usually enter as low NFL starters or developmental starters.""}"
draft_translation,college_to_nfl_rating_translation.csv,college_to_nfl_rating_translation,runtime_tuning,2,QB,"{""position_group"":""QB"",""draft_capital_tier"":""top_5"",""pick_min"":""1"",""pick_max"":""5"",""college_band"":""college_95_97"",""college_ovr_min"":""95"",""college_ovr_max"":""97"",""nfl_rookie_ovr_min"":""68"",""nfl_rookie_ovr_max"":""76"",""nfl_potential_min"":""88"",""nfl_potential_max"":""99"",""translation_uncertainty_sigma"":""0.13"",""readiness_tag"":""premium_day_one"",""rare_exception_allowed"":""yes"",""notes"":""Largest mental/speed translation gap. Even elite college QBs usually enter as low NFL starters or developmental starters.""}"
draft_translation,college_to_nfl_rating_translation.csv,college_to_nfl_rating_translation,runtime_tuning,3,QB,"{""position_group"":""QB"",""draft_capital_tier"":""top_5"",""pick_min"":""1"",""pick_max"":""5"",""college_band"":""college_90_94"",""college_ovr_min"":""90"",""college_ovr_max"":""94"",""nfl_rookie_ovr_min"":""66"",""nfl_rookie_ovr_max"":""74"",""nfl_potential_min"":""87"",""nfl_potential_max"":""99"",""translation_uncertainty_sigma"":""0.13"",""readiness_tag"":""premium_day_one"",""rare_exception_allowed"":""yes"",""notes"":""Largest mental/speed translation gap. Even elite college QBs usually enter as low NFL starters or developmental starters.""}"
draft_translation,college_to_nfl_rating_translation.csv,college_to_nfl_rating_translation,runtime_tuning,4,QB,"{""position_group"":""QB"",""draft_capital_tier"":""top_5"",""pick_min"":""1"",""pick_max"":""5"",""college_band"":""college_84_89"",""college_ovr_min"":""84"",""college_ovr_max"":""89"",""nfl_rookie_ovr_min"":""63"",""nfl_rookie_ovr_max"":""71"",""nfl_potential_min"":""85"",""nfl_potential_max"":""98"",""translation_uncertainty_sigma"":""0.13"",""readiness_tag"":""premium_day_one"",""rare_exception_allowed"":""yes"",""notes"":""Largest mental/speed translation gap. Even elite college QBs usually enter as low NFL starters or developmental starters.""}"
draft_translation,college_to_nfl_rating_translation.csv,college_to_nfl_rating_translation,runtime_tuning,5,QB,"{""position_group"":""QB"",""draft_capital_tier"":""top_5"",""pick_min"":""1"",""pick_max"":""5"",""college_band"":""college_78_83"",""college_ovr_min"":""78"",""college_ovr_max"":""83"",""nfl_rookie_ovr_min"":""59"",""nfl_rookie_ovr_max"":""67"",""nfl_potential_min"":""83"",""nfl_potential_max"":""96"",""translation_uncertainty_sigma"":""0.13"",""readiness_tag"":""premium_day_one"",""rare_exception_allowed"":""yes"",""notes"":""Largest mental/speed translation gap. Even elite college QBs usually enter as low NFL starters or developmental starters.""}"
draft_translation,college_to_nfl_rating_translation.csv,college_to_nfl_rating_translation,runtime_tuning,6,QB,"{""position_group"":""QB"",""draft_capital_tier"":""top_5"",""pick_min"":""1"",""pick_max"":""5"",""college_band"":""college_70_77"",""college_ovr_min"":""70"",""college_ovr_max"":""77"",""nfl_rookie_ovr_min"":""53"",""nfl_rookie_ovr_max"":""60"",""nfl_potential_min"":""80"",""nfl_potential_max"":""93"",""translation_uncertainty_sigma"":""0.15"",""readiness_tag"":""premium_day_one"",""rare_exception_allowed"":""yes"",""notes"":""Largest mental/speed translation gap. Even elite college QBs usually enter as low NFL starters or developmental starters.""}"
draft_translation,college_to_nfl_rating_translation.csv,college_to_nfl_rating_translation,runtime_tuning,7,QB,"{""position_group"":""QB"",""draft_capital_tier"":""top_5"",""pick_min"":""1"",""pick_max"":""5"",""college_band"":""college_60_69"",""college_ovr_min"":""60"",""college_ovr_max"":""69"",""nfl_rookie_ovr_min"":""45"",""nfl_rookie_ovr_max"":""51"",""nfl_potential_min"":""77"",""nfl_potential_max"":""90"",""translation_uncertainty_sigma"":""0.15"",""readiness_tag"":""premium_day_one"",""rare_exception_allowed"":""yes"",""notes"":""Largest mental/speed translation gap. Even elite college QBs usually enter as low NFL starters or developmental starters.""}"
draft_translation,college_to_nfl_rating_translation.csv,college_to_nfl_rating_translation,runtime_tuning,8,QB,"{""position_group"":""QB"",""draft_capital_tier"":""top_5"",""pick_min"":""1"",""pick_max"":""5"",""college_band"":""college_below_60"",""college_ovr_min"":""1"",""college_ovr_max"":""59"",""nfl_rookie_ovr_min"":""38"",""nfl_rookie_ovr_max"":""44"",""nfl_potential_min"":""73"",""nfl_potential_max"":""86"",""translation_uncertainty_sigma"":""0.15"",""readiness_tag"":""premium_day_one"",""rare_exception_allowed"":""yes"",""notes"":""Largest mental/speed translation gap. Even elite college QBs usually enter as low NFL starters or developmental starters.""}"
draft_translation,college_to_nfl_rating_translation.csv,college_to_nfl_rating_translation,runtime_tuning,9,QB,"{""position_group"":""QB"",""draft_capital_tier"":""top_10"",""pick_min"":""6"",""pick_max"":""10"",""college_band"":""college_98_99"",""college_ovr_min"":""98"",""college_ovr_max"":""99"",""nfl_rookie_ovr_min"":""68"",""nfl_rookie_ovr_max"":""76"",""nfl_potential_min"":""88"",""nfl_potential_max"":""99"",""translation_uncertainty_sigma"":""0.14"",""readiness_tag"":""premium_day_one"",""rare_exception_allowed"":""yes"",""notes"":""Largest mental/speed translation gap. Even elite college QBs usually enter as low NFL starters or developmental starters.""}"
draft_translation,college_to_nfl_rating_translation.csv,college_to_nfl_rating_translation,runtime_tuning,10,QB,"{""position_group"":""QB"",""draft_capital_tier"":""top_10"",""pick_min"":""6"",""pick_max"":""10"",""college_band"":""college_95_97"",""college_ovr_min"":""95"",""college_ovr_max"":""97"",""nfl_rookie_ovr_min"":""66"",""nfl_rookie_ovr_max"":""74"",""nfl_potential_min"":""87"",""nfl_potential_max"":""99"",""translation_uncertainty_sigma"":""0.14"",""readiness_tag"":""premium_day_one"",""rare_exception_allowed"":""yes"",""notes"":""Largest mental/speed translation gap. Even elite college QBs usually enter as low NFL starters or developmental starters.""}"
draft_translation,college_to_nfl_rating_translation.csv,college_to_nfl_rating_translation,runtime_tuning,11,QB,"{""position_group"":""QB"",""draft_capital_tier"":""top_10"",""pick_min"":""6"",""pick_max"":""10"",""college_band"":""college_90_94"",""college_ovr_min"":""90"",""college_ovr_max"":""94"",""nfl_rookie_ovr_min"":""64"",""nfl_rookie_ovr_max"":""72"",""nfl_potential_min"":""86"",""nfl_potential_max"":""99"",""translation_uncertainty_sigma"":""0.14"",""readiness_tag"":""premium_day_one"",""rare_exception_allowed"":""yes"",""notes"":""Largest mental/speed translation gap. Even elite college QBs usually enter as low NFL starters or developmental starters.""}"
draft_translation,college_to_nfl_rating_translation.csv,college_to_nfl_rating_translation,runtime_tuning,12,QB,"{""position_group"":""QB"",""draft_capital_tier"":""top_10"",""pick_min"":""6"",""pick_max"":""10"",""college_band"":""college_84_89"",""college_ovr_min"":""84"",""college_ovr_max"":""89"",""nfl_rookie_ovr_min"":""61"",""nfl_rookie_ovr_max"":""69"",""nfl_potential_min"":""84"",""nfl_potential_max"":""97"",""translation_uncertainty_sigma"":""0.14"",""readiness_tag"":""premium_day_one"",""rare_exception_allowed"":""yes"",""notes"":""Largest mental/speed translation gap. Even elite college QBs usually enter as low NFL starters or developmental starters.""}"
draft_translation,college_to_nfl_rating_translation.csv,college_to_nfl_rating_translation,runtime_tuning,13,QB,"{""position_group"":""QB"",""draft_capital_tier"":""top_10"",""pick_min"":""6"",""pick_max"":""10"",""college_band"":""college_78_83"",""college_ovr_min"":""78"",""college_ovr_max"":""83"",""nfl_rookie_ovr_min"":""57"",""nfl_rookie_ovr_max"":""65"",""nfl_potential_min"":""82"",""nfl_potential_max"":""95"",""translation_uncertainty_sigma"":""0.14"",""readiness_tag"":""premium_day_one"",""rare_exception_allowed"":""yes"",""notes"":""Largest mental/speed translation gap. Even elite college QBs usually enter as low NFL starters or developmental starters.""}"
draft_translation,college_to_nfl_rating_translation.csv,college_to_nfl_rating_translation,runtime_tuning,14,QB,"{""position_group"":""QB"",""draft_capital_tier"":""top_10"",""pick_min"":""6"",""pick_max"":""10"",""college_band"":""college_70_77"",""college_ovr_min"":""70"",""college_ovr_max"":""77"",""nfl_rookie_ovr_min"":""51"",""nfl_rookie_ovr_max"":""58"",""nfl_potential_min"":""79"",""nfl_potential_max"":""92"",""translation_uncertainty_sigma"":""0.16"",""readiness_tag"":""premium_day_one"",""rare_exception_allowed"":""yes"",""notes"":""Largest mental/speed translation gap. Even elite college QBs usually enter as low NFL starters or developmental starters.""}"
draft_translation,college_to_nfl_rating_translation.csv,college_to_nfl_rating_translation,runtime_tuning,15,QB,"{""position_group"":""QB"",""draft_capital_tier"":""top_10"",""pick_min"":""6"",""pick_max"":""10"",""college_band"":""college_60_69"",""college_ovr_min"":""60"",""college_ovr_max"":""69"",""nfl_rookie_ovr_min"":""43"",""nfl_rookie_ovr_max"":""49"",""nfl_potential_min"":""76"",""nfl_potential_max"":""89"",""translation_uncertainty_sigma"":""0.16"",""readiness_tag"":""premium_day_one"",""rare_exception_allowed"":""yes"",""notes"":""Largest mental/speed translation gap. Even elite college QBs usually enter as low NFL starters or developmental starters.""}"
draft_translation,college_to_nfl_rating_translation.csv,college_to_nfl_rating_translation,runtime_tuning,16,QB,"{""position_group"":""QB"",""draft_capital_tier"":""top_10"",""pick_min"":""6"",""pick_max"":""10"",""college_band"":""college_below_60"",""college_ovr_min"":""1"",""college_ovr_max"":""59"",""nfl_rookie_ovr_min"":""36"",""nfl_rookie_ovr_max"":""42"",""nfl_potential_min"":""72"",""nfl_potential_max"":""85"",""translation_uncertainty_sigma"":""0.16"",""readiness_tag"":""premium_day_one"",""rare_exception_allowed"":""yes"",""notes"":""Largest mental/speed translation gap. Even elite college QBs usually enter as low NFL starters or developmental starters.""}"
draft_translation,college_to_nfl_rating_translation.csv,college_to_nfl_rating_translation,runtime_tuning,17,QB,"{""position_group"":""QB"",""draft_capital_tier"":""round1_early_mid"",""pick_min"":""11"",""pick_max"":""20"",""college_band"":""college_98_99"",""college_ovr_min"":""98"",""college_ovr_max"":""99"",""nfl_rookie_ovr_min"":""66"",""nfl_rookie_ovr_max"":""74"",""nfl_potential_min"":""86"",""nfl_potential_max"":""99"",""translation_uncertainty_sigma"":""0.15"",""readiness_tag"":""day_one_compete"",""rare_exception_allowed"":""yes"",""notes"":""Largest mental/speed translation gap. Even elite college QBs usually enter as low NFL starters or developmental starters.""}"
draft_translation,college_to_nfl_rating_translation.csv,college_to_nfl_rating_translation,runtime_tuning,18,QB,"{""position_group"":""QB"",""draft_capital_tier"":""round1_early_mid"",""pick_min"":""11"",""pick_max"":""20"",""college_band"":""college_95_97"",""college_ovr_min"":""95"",""college_ovr_max"":""97"",""nfl_rookie_ovr_min"":""64"",""nfl_rookie_ovr_max"":""72"",""nfl_potential_min"":""85"",""nfl_potential_max"":""98"",""translation_uncertainty_sigma"":""0.15"",""readiness_tag"":""day_one_compete"",""rare_exception_allowed"":""yes"",""notes"":""Largest mental/speed translation gap. Even elite college QBs usually enter as low NFL starters or developmental starters.""}"
draft_translation,college_to_nfl_rating_translation.csv,college_to_nfl_rating_translation,runtime_tuning,19,QB,"{""position_group"":""QB"",""draft_capital_tier"":""round1_early_mid"",""pick_min"":""11"",""pick_max"":""20"",""college_band"":""college_90_94"",""college_ovr_min"":""90"",""college_ovr_max"":""94"",""nfl_rookie_ovr_min"":""62"",""nfl_rookie_ovr_max"":""70"",""nfl_potential_min"":""84"",""nfl_potential_max"":""97"",""translation_uncertainty_sigma"":""0.15"",""readiness_tag"":""day_one_compete"",""rare_exception_allowed"":""yes"",""notes"":""Largest mental/speed translation gap. Even elite college QBs usually enter as low NFL starters or developmental starters.""}"
draft_translation,college_to_nfl_rating_translation.csv,college_to_nfl_rating_translation,runtime_tuning,20,QB,"{""position_group"":""QB"",""draft_capital_tier"":""round1_early_mid"",""pick_min"":""11"",""pick_max"":""20"",""college_band"":""college_84_89"",""college_ovr_min"":""84"",""college_ovr_max"":""89"",""nfl_rookie_ovr_min"":""59"",""nfl_rookie_ovr_max"":""67"",""nfl_potential_min"":""82"",""nfl_potential_max"":""95"",""translation_uncertainty_sigma"":""0.15"",""readiness_tag"":""day_one_compete"",""rare_exception_allowed"":""yes"",""notes"":""Largest mental/speed translation gap. Even elite college QBs usually enter as low NFL starters or developmental starters.""}"
draft_translation,college_to_nfl_rating_translation.csv,college_to_nfl_rating_translation,runtime_tuning,21,QB,"{""position_group"":""QB"",""draft_capital_tier"":""round1_early_mid"",""pick_min"":""11"",""pick_max"":""20"",""college_band"":""college_78_83"",""college_ovr_min"":""78"",""college_ovr_max"":""83"",""nfl_rookie_ovr_min"":""55"",""nfl_rookie_ovr_max"":""63"",""nfl_potential_min"":""80"",""nfl_potential_max"":""93"",""translation_uncertainty_sigma"":""0.15"",""readiness_tag"":""day_one_compete"",""rare_exception_allowed"":""yes"",""notes"":""Largest mental/speed translation gap. Even elite college QBs usually enter as low NFL starters or developmental starters.""}"
draft_translation,college_to_nfl_rating_translation.csv,college_to_nfl_rating_translation,runtime_tuning,22,QB,"{""position_group"":""QB"",""draft_capital_tier"":""round1_early_mid"",""pick_min"":""11"",""pick_max"":""20"",""college_band"":""college_70_77"",""college_ovr_min"":""70"",""college_ovr_max"":""77"",""nfl_rookie_ovr_min"":""49"",""nfl_rookie_ovr_max"":""56"",""nfl_potential_min"":""77"",""nfl_potential_max"":""90"",""translation_uncertainty_sigma"":""0.17"",""readiness_tag"":""day_one_compete"",""rare_exception_allowed"":""yes"",""notes"":""Largest mental/speed translation gap. Even elite college QBs usually enter as low NFL starters or developmental starters.""}"
draft_translation,college_to_nfl_rating_translation.csv,college_to_nfl_rating_translation,runtime_tuning,23,QB,"{""position_group"":""QB"",""draft_capital_tier"":""round1_early_mid"",""pick_min"":""11"",""pick_max"":""20"",""college_band"":""college_60_69"",""college_ovr_min"":""60"",""college_ovr_max"":""69"",""nfl_rookie_ovr_min"":""41"",""nfl_rookie_ovr_max"":""47"",""nfl_potential_min"":""74"",""nfl_potential_max"":""87"",""translation_uncertainty_sigma"":""0.17"",""readiness_tag"":""day_one_compete"",""rare_exception_allowed"":""yes"",""notes"":""Largest mental/speed translation gap. Even elite college QBs usually enter as low NFL starters or developmental starters.""}"
draft_translation,college_to_nfl_rating_translation.csv,college_to_nfl_rating_translation,runtime_tuning,24,QB,"{""position_group"":""QB"",""draft_capital_tier"":""round1_early_mid"",""pick_min"":""11"",""pick_max"":""20"",""college_band"":""college_below_60"",""college_ovr_min"":""1"",""college_ovr_max"":""59"",""nfl_rookie_ovr_min"":""34"",""nfl_rookie_ovr_max"":""40"",""nfl_potential_min"":""70"",""nfl_potential_max"":""83"",""translation_uncertainty_sigma"":""0.17"",""readiness_tag"":""day_one_compete"",""rare_exception_allowed"":""yes"",""notes"":""Largest mental/speed translation gap. Even elite college QBs usually enter as low NFL starters or developmental starters.""}"
draft_translation,college_to_nfl_rating_translation.csv,college_to_nfl_rating_translation,runtime_tuning,25,QB,"{""position_group"":""QB"",""draft_capital_tier"":""round1_late"",""pick_min"":""21"",""pick_max"":""32"",""college_band"":""college_98_99"",""college_ovr_min"":""98"",""college_ovr_max"":""99"",""nfl_rookie_ovr_min"":""64"",""nfl_rookie_ovr_max"":""72"",""nfl_potential_min"":""85"",""nfl_potential_max"":""98"",""translation_uncertainty_sigma"":""0.16"",""readiness_tag"":""day_one_compete"",""rare_exception_allowed"":""limited"",""notes"":""Largest mental/speed translation gap. Even elite college QBs usually enter as low NFL starters or developmental starters.""}"
draft_translation,college_to_nfl_rating_translation.csv,college_to_nfl_rating_translation,runtime_tuning,26,QB,"{""position_group"":""QB"",""draft_capital_tier"":""round1_late"",""pick_min"":""21"",""pick_max"":""32"",""college_band"":""college_95_97"",""college_ovr_min"":""95"",""college_ovr_max"":""97"",""nfl_rookie_ovr_min"":""62"",""nfl_rookie_ovr_max"":""70"",""nfl_potential_min"":""84"",""nfl_potential_max"":""97"",""translation_uncertainty_sigma"":""0.16"",""readiness_tag"":""day_one_compete"",""rare_exception_allowed"":""limited"",""notes"":""Largest mental/speed translation gap. Even elite college QBs usually enter as low NFL starters or developmental starters.""}"
draft_translation,college_to_nfl_rating_translation.csv,college_to_nfl_rating_translation,runtime_tuning,27,QB,"{""position_group"":""QB"",""draft_capital_tier"":""round1_late"",""pick_min"":""21"",""pick_max"":""32"",""college_band"":""college_90_94"",""college_ovr_min"":""90"",""college_ovr_max"":""94"",""nfl_rookie_ovr_min"":""60"",""nfl_rookie_ovr_max"":""68"",""nfl_potential_min"":""83"",""nfl_potential_max"":""96"",""translation_uncertainty_sigma"":""0.16"",""readiness_tag"":""day_one_compete"",""rare_exception_allowed"":""limited"",""notes"":""Largest mental/speed translation gap. Even elite college QBs usually enter as low NFL starters or developmental starters.""}"
draft_translation,college_to_nfl_rating_translation.csv,college_to_nfl_rating_translation,runtime_tuning,28,QB,"{""position_group"":""QB"",""draft_capital_tier"":""round1_late"",""pick_min"":""21"",""pick_max"":""32"",""college_band"":""college_84_89"",""college_ovr_min"":""84"",""college_ovr_max"":""89"",""nfl_rookie_ovr_min"":""57"",""nfl_rookie_ovr_max"":""65"",""nfl_potential_min"":""81"",""nfl_potential_max"":""94"",""translation_uncertainty_sigma"":""0.16"",""readiness_tag"":""day_one_compete"",""rare_exception_allowed"":""limited"",""notes"":""Largest mental/speed translation gap. Even elite college QBs usually enter as low NFL starters or developmental starters.""}"
draft_translation,college_to_nfl_rating_translation.csv,college_to_nfl_rating_translation,runtime_tuning,29,QB,"{""position_group"":""QB"",""draft_capital_tier"":""round1_late"",""pick_min"":""21"",""pick_max"":""32"",""college_band"":""college_78_83"",""college_ovr_min"":""78"",""college_ovr_max"":""83"",""nfl_rookie_ovr_min"":""53"",""nfl_rookie_ovr_max"":""61"",""nfl_potential_min"":""79"",""nfl_potential_max"":""92"",""translation_uncertainty_sigma"":""0.16"",""readiness_tag"":""day_one_compete"",""rare_exception_allowed"":""limited"",""notes"":""Largest mental/speed translation gap. Even elite college QBs usually enter as low NFL starters or developmental starters.""}"
draft_translation,college_to_nfl_rating_translation.csv,college_to_nfl_rating_translation,runtime_tuning,30,QB,"{""position_group"":""QB"",""draft_capital_tier"":""round1_late"",""pick_min"":""21"",""pick_max"":""32"",""college_band"":""college_70_77"",""college_ovr_min"":""70"",""college_ovr_max"":""77"",""nfl_rookie_ovr_min"":""47"",""nfl_rookie_ovr_max"":""54"",""nfl_potential_min"":""76"",""nfl_potential_max"":""89"",""translation_uncertainty_sigma"":""0.18"",""readiness_tag"":""day_one_compete"",""rare_exception_allowed"":""limited"",""notes"":""Largest mental/speed translation gap. Even elite college QBs usually enter as low NFL starters or developmental starters.""}"
draft_translation,college_to_nfl_rating_translation.csv,college_to_nfl_rating_translation,runtime_tuning,31,QB,"{""position_group"":""QB"",""draft_capital_tier"":""round1_late"",""pick_min"":""21"",""pick_max"":""32"",""college_band"":""college_60_69"",""college_ovr_min"":""60"",""college_ovr_max"":""69"",""nfl_rookie_ovr_min"":""39"",""nfl_rookie_ovr_max"":""45"",""nfl_potential_min"":""73"",""nfl_potential_max"":""86"",""translation_uncertainty_sigma"":""0.18"",""readiness_tag"":""day_one_compete"",""rare_exception_allowed"":""limited"",""notes"":""Largest mental/speed translation gap. Even elite college QBs usually enter as low NFL starters or developmental starters.""}"
draft_translation,college_to_nfl_rating_translation.csv,college_to_nfl_rating_translation,runtime_tuning,32,QB,"{""position_group"":""QB"",""draft_capital_tier"":""round1_late"",""pick_min"":""21"",""pick_max"":""32"",""college_band"":""college_below_60"",""college_ovr_min"":""1"",""college_ovr_max"":""59"",""nfl_rookie_ovr_min"":""34"",""nfl_rookie_ovr_max"":""38"",""nfl_potential_min"":""69"",""nfl_potential_max"":""82"",""translation_uncertainty_sigma"":""0.18"",""readiness_tag"":""day_one_compete"",""rare_exception_allowed"":""limited"",""notes"":""Largest mental/speed translation gap. Even elite college QBs usually enter as low NFL starters or developmental starters.""}"
draft_translation,college_to_nfl_rating_translation.csv,college_to_nfl_rating_translation,runtime_tuning,33,QB,"{""position_group"":""QB"",""draft_capital_tier"":""round2"",""pick_min"":""33"",""pick_max"":""64"",""college_band"":""college_98_99"",""college_ovr_min"":""98"",""college_ovr_max"":""99"",""nfl_rookie_ovr_min"":""61"",""nfl_rookie_ovr_max"":""69"",""nfl_potential_min"":""83"",""nfl_potential_max"":""96"",""translation_uncertainty_sigma"":""0.18"",""readiness_tag"":""rotation_early"",""rare_exception_allowed"":""limited"",""notes"":""Largest mental/speed translation gap. Even elite college QBs usually enter as low NFL starters or developmental starters.""}"
draft_translation,college_to_nfl_rating_translation.csv,college_to_nfl_rating_translation,runtime_tuning,34,QB,"{""position_group"":""QB"",""draft_capital_tier"":""round2"",""pick_min"":""33"",""pick_max"":""64"",""college_band"":""college_95_97"",""college_ovr_min"":""95"",""college_ovr_max"":""97"",""nfl_rookie_ovr_min"":""59"",""nfl_rookie_ovr_max"":""67"",""nfl_potential_min"":""82"",""nfl_potential_max"":""95"",""translation_uncertainty_sigma"":""0.18"",""readiness_tag"":""rotation_early"",""rare_exception_allowed"":""limited"",""notes"":""Largest mental/speed translation gap. Even elite college QBs usually enter as low NFL starters or developmental starters.""}"
draft_translation,college_to_nfl_rating_translation.csv,college_to_nfl_rating_translation,runtime_tuning,35,QB,"{""position_group"":""QB"",""draft_capital_tier"":""round2"",""pick_min"":""33"",""pick_max"":""64"",""college_band"":""college_90_94"",""college_ovr_min"":""90"",""college_ovr_max"":""94"",""nfl_rookie_ovr_min"":""57"",""nfl_rookie_ovr_max"":""65"",""nfl_potential_min"":""81"",""nfl_potential_max"":""94"",""translation_uncertainty_sigma"":""0.18"",""readiness_tag"":""rotation_early"",""rare_exception_allowed"":""limited"",""notes"":""Largest mental/speed translation gap. Even elite college QBs usually enter as low NFL starters or developmental starters.""}"
draft_translation,college_to_nfl_rating_translation.csv,college_to_nfl_rating_translation,runtime_tuning,36,QB,"{""position_group"":""QB"",""draft_capital_tier"":""round2"",""pick_min"":""33"",""pick_max"":""64"",""college_band"":""college_84_89"",""college_ovr_min"":""84"",""college_ovr_max"":""89"",""nfl_rookie_ovr_min"":""54"",""nfl_rookie_ovr_max"":""62"",""nfl_potential_min"":""79"",""nfl_potential_max"":""92"",""translation_uncertainty_sigma"":""0.18"",""readiness_tag"":""rotation_early"",""rare_exception_allowed"":""limited"",""notes"":""Largest mental/speed translation gap. Even elite college QBs usually enter as low NFL starters or developmental starters.""}"
draft_translation,college_to_nfl_rating_translation.csv,college_to_nfl_rating_translation,runtime_tuning,37,QB,"{""position_group"":""QB"",""draft_capital_tier"":""round2"",""pick_min"":""33"",""pick_max"":""64"",""college_band"":""college_78_83"",""college_ovr_min"":""78"",""college_ovr_max"":""83"",""nfl_rookie_ovr_min"":""50"",""nfl_rookie_ovr_max"":""58"",""nfl_potential_min"":""77"",""nfl_potential_max"":""90"",""translation_uncertainty_sigma"":""0.18"",""readiness_tag"":""rotation_early"",""rare_exception_allowed"":""limited"",""notes"":""Largest mental/speed translation gap. Even elite college QBs usually enter as low NFL starters or developmental starters.""}"
draft_translation,college_to_nfl_rating_translation.csv,college_to_nfl_rating_translation,runtime_tuning,38,QB,"{""position_group"":""QB"",""draft_capital_tier"":""round2"",""pick_min"":""33"",""pick_max"":""64"",""college_band"":""college_70_77"",""college_ovr_min"":""70"",""college_ovr_max"":""77"",""nfl_rookie_ovr_min"":""44"",""nfl_rookie_ovr_max"":""51"",""nfl_potential_min"":""74"",""nfl_potential_max"":""87"",""translation_uncertainty_sigma"":""0.2"",""readiness_tag"":""rotation_early"",""rare_exception_allowed"":""limited"",""notes"":""Largest mental/speed translation gap. Even elite college QBs usually enter as low NFL starters or developmental starters.""}"
draft_translation,college_to_nfl_rating_translation.csv,college_to_nfl_rating_translation,runtime_tuning,39,QB,"{""position_group"":""QB"",""draft_capital_tier"":""round2"",""pick_min"":""33"",""pick_max"":""64"",""college_band"":""college_60_69"",""college_ovr_min"":""60"",""college_ovr_max"":""69"",""nfl_rookie_ovr_min"":""36"",""nfl_rookie_ovr_max"":""42"",""nfl_potential_min"":""71"",""nfl_potential_max"":""84"",""translation_uncertainty_sigma"":""0.2"",""readiness_tag"":""rotation_early"",""rare_exception_allowed"":""limited"",""notes"":""Largest mental/speed translation gap. Even elite college QBs usually enter as low NFL starters or developmental starters.""}"
draft_translation,college_to_nfl_rating_translation.csv,college_to_nfl_rating_translation,runtime_tuning,40,QB,"{""position_group"":""QB"",""draft_capital_tier"":""round2"",""pick_min"":""33"",""pick_max"":""64"",""college_band"":""college_below_60"",""college_ovr_min"":""1"",""college_ovr_max"":""59"",""nfl_rookie_ovr_min"":""34"",""nfl_rookie_ovr_max"":""36"",""nfl_potential_min"":""67"",""nfl_potential_max"":""80"",""translation_uncertainty_sigma"":""0.2"",""readiness_tag"":""rotation_early"",""rare_exception_allowed"":""limited"",""notes"":""Largest mental/speed translation gap. Even elite college QBs usually enter as low NFL starters or developmental starters.""}"
draft_translation,college_to_nfl_rating_translation.csv,college_to_nfl_rating_translation,runtime_tuning,41,QB,"{""position_group"":""QB"",""draft_capital_tier"":""round3"",""pick_min"":""65"",""pick_max"":""100"",""college_band"":""college_98_99"",""college_ovr_min"":""98"",""college_ovr_max"":""99"",""nfl_rookie_ovr_min"":""58"",""nfl_rookie_ovr_max"":""66"",""nfl_potential_min"":""81"",""nfl_potential_max"":""94"",""translation_uncertainty_sigma"":""0.21"",""readiness_tag"":""rotation_development"",""rare_exception_allowed"":""limited"",""notes"":""Largest mental/speed translation gap. Even elite college QBs usually enter as low NFL starters or developmental starters.""}"
draft_translation,college_to_nfl_rating_translation.csv,college_to_nfl_rating_translation,runtime_tuning,42,QB,"{""position_group"":""QB"",""draft_capital_tier"":""round3"",""pick_min"":""65"",""pick_max"":""100"",""college_band"":""college_95_97"",""college_ovr_min"":""95"",""college_ovr_max"":""97"",""nfl_rookie_ovr_min"":""56"",""nfl_rookie_ovr_max"":""64"",""nfl_potential_min"":""80"",""nfl_potential_max"":""93"",""translation_uncertainty_sigma"":""0.21"",""readiness_tag"":""rotation_development"",""rare_exception_allowed"":""limited"",""notes"":""Largest mental/speed translation gap. Even elite college QBs usually enter as low NFL starters or developmental starters.""}"
draft_translation,college_to_nfl_rating_translation.csv,college_to_nfl_rating_translation,runtime_tuning,43,QB,"{""position_group"":""QB"",""draft_capital_tier"":""round3"",""pick_min"":""65"",""pick_max"":""100"",""college_band"":""college_90_94"",""college_ovr_min"":""90"",""college_ovr_max"":""94"",""nfl_rookie_ovr_min"":""54"",""nfl_rookie_ovr_max"":""62"",""nfl_potential_min"":""79"",""nfl_potential_max"":""92"",""translation_uncertainty_sigma"":""0.21"",""readiness_tag"":""rotation_development"",""rare_exception_allowed"":""limited"",""notes"":""Largest mental/speed translation gap. Even elite college QBs usually enter as low NFL starters or developmental starters.""}"
draft_translation,college_to_nfl_rating_translation.csv,college_to_nfl_rating_translation,runtime_tuning,44,QB,"{""position_group"":""QB"",""draft_capital_tier"":""round3"",""pick_min"":""65"",""pick_max"":""100"",""college_band"":""college_84_89"",""college_ovr_min"":""84"",""college_ovr_max"":""89"",""nfl_rookie_ovr_min"":""51"",""nfl_rookie_ovr_max"":""59"",""nfl_potential_min"":""77"",""nfl_potential_max"":""90"",""translation_uncertainty_sigma"":""0.21"",""readiness_tag"":""rotation_development"",""rare_exception_allowed"":""limited"",""notes"":""Largest mental/speed translation gap. Even elite college QBs usually enter as low NFL starters or developmental starters.""}"
draft_translation,college_to_nfl_rating_translation.csv,college_to_nfl_rating_translation,runtime_tuning,45,QB,"{""position_group"":""QB"",""draft_capital_tier"":""round3"",""pick_min"":""65"",""pick_max"":""100"",""college_band"":""college_78_83"",""college_ovr_min"":""78"",""college_ovr_max"":""83"",""nfl_rookie_ovr_min"":""47"",""nfl_rookie_ovr_max"":""55"",""nfl_potential_min"":""75"",""nfl_potential_max"":""88"",""translation_uncertainty_sigma"":""0.21"",""readiness_tag"":""rotation_development"",""rare_exception_allowed"":""limited"",""notes"":""Largest mental/speed translation gap. Even elite college QBs usually enter as low NFL starters or developmental starters.""}"
draft_translation,college_to_nfl_rating_translation.csv,college_to_nfl_rating_translation,runtime_tuning,46,QB,"{""position_group"":""QB"",""draft_capital_tier"":""round3"",""pick_min"":""65"",""pick_max"":""100"",""college_band"":""college_70_77"",""college_ovr_min"":""70"",""college_ovr_max"":""77"",""nfl_rookie_ovr_min"":""41"",""nfl_rookie_ovr_max"":""48"",""nfl_potential_min"":""72"",""nfl_potential_max"":""85"",""translation_uncertainty_sigma"":""0.23"",""readiness_tag"":""rotation_development"",""rare_exception_allowed"":""limited"",""notes"":""Largest mental/speed translation gap. Even elite college QBs usually enter as low NFL starters or developmental starters.""}"
draft_translation,college_to_nfl_rating_translation.csv,college_to_nfl_rating_translation,runtime_tuning,47,QB,"{""position_group"":""QB"",""draft_capital_tier"":""round3"",""pick_min"":""65"",""pick_max"":""100"",""college_band"":""college_60_69"",""college_ovr_min"":""60"",""college_ovr_max"":""69"",""nfl_rookie_ovr_min"":""34"",""nfl_rookie_ovr_max"":""39"",""nfl_potential_min"":""69"",""nfl_potential_max"":""82"",""translation_uncertainty_sigma"":""0.23"",""readiness_tag"":""rotation_development"",""rare_exception_allowed"":""limited"",""notes"":""Largest mental/speed translation gap. Even elite college QBs usually enter as low NFL starters or developmental starters.""}"
draft_translation,college_to_nfl_rating_translation.csv,college_to_nfl_rating_translation,runtime_tuning,48,QB,"{""position_group"":""QB"",""draft_capital_tier"":""round3"",""pick_min"":""65"",""pick_max"":""100"",""college_band"":""college_below_60"",""college_ovr_min"":""1"",""college_ovr_max"":""59"",""nfl_rookie_ovr_min"":""34"",""nfl_rookie_ovr_max"":""36"",""nfl_potential_min"":""65"",""nfl_potential_max"":""78"",""translation_uncertainty_sigma"":""0.23"",""readiness_tag"":""rotation_development"",""rare_exception_allowed"":""limited"",""notes"":""Largest mental/speed translation gap. Even elite college QBs usually enter as low NFL starters or developmental starters.""}"
draft_translation,college_to_nfl_rating_translation.csv,college_to_nfl_rating_translation,runtime_tuning,49,QB,"{""position_group"":""QB"",""draft_capital_tier"":""round4"",""pick_min"":""101"",""pick_max"":""140"",""college_band"":""college_98_99"",""college_ovr_min"":""98"",""college_ovr_max"":""99"",""nfl_rookie_ovr_min"":""55"",""nfl_rookie_ovr_max"":""63"",""nfl_potential_min"":""79"",""nfl_potential_max"":""92"",""translation_uncertainty_sigma"":""0.23"",""readiness_tag"":""depth_development"",""rare_exception_allowed"":""limited"",""notes"":""Largest mental/speed translation gap. Even elite college QBs usually enter as low NFL starters or developmental starters.""}"
draft_translation,college_to_nfl_rating_translation.csv,college_to_nfl_rating_translation,runtime_tuning,50,QB,"{""position_group"":""QB"",""draft_capital_tier"":""round4"",""pick_min"":""101"",""pick_max"":""140"",""college_band"":""college_95_97"",""college_ovr_min"":""95"",""college_ovr_max"":""97"",""nfl_rookie_ovr_min"":""53"",""nfl_rookie_ovr_max"":""61"",""nfl_potential_min"":""78"",""nfl_potential_max"":""91"",""translation_uncertainty_sigma"":""0.23"",""readiness_tag"":""depth_development"",""rare_exception_allowed"":""limited"",""notes"":""Largest mental/speed translation gap. Even elite college QBs usually enter as low NFL starters or developmental starters.""}"
draft_translation,college_to_nfl_rating_translation.csv,college_to_nfl_rating_translation,runtime_tuning,51,QB,"{""position_group"":""QB"",""draft_capital_tier"":""round4"",""pick_min"":""101"",""pick_max"":""140"",""college_band"":""college_90_94"",""college_ovr_min"":""90"",""college_ovr_max"":""94"",""nfl_rookie_ovr_min"":""51"",""nfl_rookie_ovr_max"":""59"",""nfl_potential_min"":""77"",""nfl_potential_max"":""90"",""translation_uncertainty_sigma"":""0.23"",""readiness_tag"":""depth_development"",""rare_exception_allowed"":""limited"",""notes"":""Largest mental/speed translation gap. Even elite college QBs usually enter as low NFL starters or developmental starters.""}"
draft_translation,college_to_nfl_rating_translation.csv,college_to_nfl_rating_translation,runtime_tuning,52,QB,"{""position_group"":""QB"",""draft_capital_tier"":""round4"",""pick_min"":""101"",""pick_max"":""140"",""college_band"":""college_84_89"",""college_ovr_min"":""84"",""college_ovr_max"":""89"",""nfl_rookie_ovr_min"":""48"",""nfl_rookie_ovr_max"":""56"",""nfl_potential_min"":""75"",""nfl_potential_max"":""88"",""translation_uncertainty_sigma"":""0.23"",""readiness_tag"":""depth_development"",""rare_exception_allowed"":""limited"",""notes"":""Largest mental/speed translation gap. Even elite college QBs usually enter as low NFL starters or developmental starters.""}"
draft_translation,college_to_nfl_rating_translation.csv,college_to_nfl_rating_translation,runtime_tuning,53,QB,"{""position_group"":""QB"",""draft_capital_tier"":""round4"",""pick_min"":""101"",""pick_max"":""140"",""college_band"":""college_78_83"",""college_ovr_min"":""78"",""college_ovr_max"":""83"",""nfl_rookie_ovr_min"":""44"",""nfl_rookie_ovr_max"":""52"",""nfl_potential_min"":""73"",""nfl_potential_max"":""86"",""translation_uncertainty_sigma"":""0.23"",""readiness_tag"":""depth_development"",""rare_exception_allowed"":""limited"",""notes"":""Largest mental/speed translation gap. Even elite college QBs usually enter as low NFL starters or developmental starters.""}"
draft_translation,college_to_nfl_rating_translation.csv,college_to_nfl_rating_translation,runtime_tuning,54,QB,"{""position_group"":""QB"",""draft_capital_tier"":""round4"",""pick_min"":""101"",""pick_max"":""140"",""college_band"":""college_70_77"",""college_ovr_min"":""70"",""college_ovr_max"":""77"",""nfl_rookie_ovr_min"":""38"",""nfl_rookie_ovr_max"":""45"",""nfl_potential_min"":""70"",""nfl_potential_max"":""83"",""translation_uncertainty_sigma"":""0.25"",""readiness_tag"":""depth_development"",""rare_exception_allowed"":""limited"",""notes"":""Largest mental/speed translation gap. Even elite college QBs usually enter as low NFL starters or developmental starters.""}"
draft_translation,college_to_nfl_rating_translation.csv,college_to_nfl_rating_translation,runtime_tuning,55,QB,"{""position_group"":""QB"",""draft_capital_tier"":""round4"",""pick_min"":""101"",""pick_max"":""140"",""college_band"":""college_60_69"",""college_ovr_min"":""60"",""college_ovr_max"":""69"",""nfl_rookie_ovr_min"":""34"",""nfl_rookie_ovr_max"":""36"",""nfl_potential_min"":""67"",""nfl_potential_max"":""80"",""translation_uncertainty_sigma"":""0.25"",""readiness_tag"":""depth_development"",""rare_exception_allowed"":""limited"",""notes"":""Largest mental/speed translation gap. Even elite college QBs usually enter as low NFL starters or developmental starters.""}"
draft_translation,college_to_nfl_rating_translation.csv,college_to_nfl_rating_translation,runtime_tuning,56,QB,"{""position_group"":""QB"",""draft_capital_tier"":""round4"",""pick_min"":""101"",""pick_max"":""140"",""college_band"":""college_below_60"",""college_ovr_min"":""1"",""college_ovr_max"":""59"",""nfl_rookie_ovr_min"":""34"",""nfl_rookie_ovr_max"":""36"",""nfl_potential_min"":""63"",""nfl_potential_max"":""76"",""translation_uncertainty_sigma"":""0.25"",""readiness_tag"":""depth_development"",""rare_exception_allowed"":""limited"",""notes"":""Largest mental/speed translation gap. Even elite college QBs usually enter as low NFL starters or developmental starters.""}"
draft_translation,college_to_nfl_rating_translation.csv,college_to_nfl_rating_translation,runtime_tuning,57,QB,"{""position_group"":""QB"",""draft_capital_tier"":""round5"",""pick_min"":""141"",""pick_max"":""180"",""college_band"":""college_98_99"",""college_ovr_min"":""98"",""college_ovr_max"":""99"",""nfl_rookie_ovr_min"":""52"",""nfl_rookie_ovr_max"":""60"",""nfl_potential_min"":""77"",""nfl_potential_max"":""90"",""translation_uncertainty_sigma"":""0.25"",""readiness_tag"":""depth_development"",""rare_exception_allowed"":""limited"",""notes"":""Largest mental/speed translation gap. Even elite college QBs usually enter as low NFL starters or developmental starters.""}"
draft_translation,college_to_nfl_rating_translation.csv,college_to_nfl_rating_translation,runtime_tuning,58,QB,"{""position_group"":""QB"",""draft_capital_tier"":""round5"",""pick_min"":""141"",""pick_max"":""180"",""college_band"":""college_95_97"",""college_ovr_min"":""95"",""college_ovr_max"":""97"",""nfl_rookie_ovr_min"":""50"",""nfl_rookie_ovr_max"":""58"",""nfl_potential_min"":""76"",""nfl_potential_max"":""89"",""translation_uncertainty_sigma"":""0.25"",""readiness_tag"":""depth_development"",""rare_exception_allowed"":""limited"",""notes"":""Largest mental/speed translation gap. Even elite college QBs usually enter as low NFL starters or developmental starters.""}"
draft_translation,college_to_nfl_rating_translation.csv,college_to_nfl_rating_translation,runtime_tuning,59,QB,"{""position_group"":""QB"",""draft_capital_tier"":""round5"",""pick_min"":""141"",""pick_max"":""180"",""college_band"":""college_90_94"",""college_ovr_min"":""90"",""college_ovr_max"":""94"",""nfl_rookie_ovr_min"":""48"",""nfl_rookie_ovr_max"":""56"",""nfl_potential_min"":""75"",""nfl_potential_max"":""88"",""translation_uncertainty_sigma"":""0.25"",""readiness_tag"":""depth_development"",""rare_exception_allowed"":""limited"",""notes"":""Largest mental/speed translation gap. Even elite college QBs usually enter as low NFL starters or developmental starters.""}"
draft_translation,college_to_nfl_rating_translation.csv,college_to_nfl_rating_translation,runtime_tuning,60,QB,"{""position_group"":""QB"",""draft_capital_tier"":""round5"",""pick_min"":""141"",""pick_max"":""180"",""college_band"":""college_84_89"",""college_ovr_min"":""84"",""college_ovr_max"":""89"",""nfl_rookie_ovr_min"":""45"",""nfl_rookie_ovr_max"":""53"",""nfl_potential_min"":""73"",""nfl_potential_max"":""86"",""translation_uncertainty_sigma"":""0.25"",""readiness_tag"":""depth_development"",""rare_exception_allowed"":""limited"",""notes"":""Largest mental/speed translation gap. Even elite college QBs usually enter as low NFL starters or developmental starters.""}"
draft_translation,college_to_nfl_rating_translation.csv,college_to_nfl_rating_translation,runtime_tuning,61,QB,"{""position_group"":""QB"",""draft_capital_tier"":""round5"",""pick_min"":""141"",""pick_max"":""180"",""college_band"":""college_78_83"",""college_ovr_min"":""78"",""college_ovr_max"":""83"",""nfl_rookie_ovr_min"":""41"",""nfl_rookie_ovr_max"":""49"",""nfl_potential_min"":""71"",""nfl_potential_max"":""84"",""translation_uncertainty_sigma"":""0.25"",""readiness_tag"":""depth_development"",""rare_exception_allowed"":""limited"",""notes"":""Largest mental/speed translation gap. Even elite college QBs usually enter as low NFL starters or developmental starters.""}"
draft_translation,college_to_nfl_rating_translation.csv,college_to_nfl_rating_translation,runtime_tuning,62,QB,"{""position_group"":""QB"",""draft_capital_tier"":""round5"",""pick_min"":""141"",""pick_max"":""180"",""college_band"":""college_70_77"",""college_ovr_min"":""70"",""college_ovr_max"":""77"",""nfl_rookie_ovr_min"":""35"",""nfl_rookie_ovr_max"":""42"",""nfl_potential_min"":""68"",""nfl_potential_max"":""81"",""translation_uncertainty_sigma"":""0.27"",""readiness_tag"":""depth_development"",""rare_exception_allowed"":""limited"",""notes"":""Largest mental/speed translation gap. Even elite college QBs usually enter as low NFL starters or developmental starters.""}"
draft_translation,college_to_nfl_rating_translation.csv,college_to_nfl_rating_translation,runtime_tuning,63,QB,"{""position_group"":""QB"",""draft_capital_tier"":""round5"",""pick_min"":""141"",""pick_max"":""180"",""college_band"":""college_60_69"",""college_ovr_min"":""60"",""college_ovr_max"":""69"",""nfl_rookie_ovr_min"":""34"",""nfl_rookie_ovr_max"":""36"",""nfl_potential_min"":""65"",""nfl_potential_max"":""78"",""translation_uncertainty_sigma"":""0.27"",""readiness_tag"":""depth_development"",""rare_exception_allowed"":""limited"",""notes"":""Largest mental/speed translation gap. Even elite college QBs usually enter as low NFL starters or developmental starters.""}"
draft_translation,college_to_nfl_rating_translation.csv,college_to_nfl_rating_translation,runtime_tuning,64,QB,"{""position_group"":""QB"",""draft_capital_tier"":""round5"",""pick_min"":""141"",""pick_max"":""180"",""college_band"":""college_below_60"",""college_ovr_min"":""1"",""college_ovr_max"":""59"",""nfl_rookie_ovr_min"":""34"",""nfl_rookie_ovr_max"":""36"",""nfl_potential_min"":""61"",""nfl_potential_max"":""74"",""translation_uncertainty_sigma"":""0.27"",""readiness_tag"":""depth_development"",""rare_exception_allowed"":""limited"",""notes"":""Largest mental/speed translation gap. Even elite college QBs usually enter as low NFL starters or developmental starters.""}"
draft_translation,college_to_nfl_rating_translation.csv,college_to_nfl_rating_translation,runtime_tuning,65,QB,"{""position_group"":""QB"",""draft_capital_tier"":""round6_7"",""pick_min"":""181"",""pick_max"":""260"",""college_band"":""college_98_99"",""college_ovr_min"":""98"",""college_ovr_max"":""99"",""nfl_rookie_ovr_min"":""49"",""nfl_rookie_ovr_max"":""57"",""nfl_potential_min"":""74"",""nfl_potential_max"":""87"",""translation_uncertainty_sigma"":""0.28"",""readiness_tag"":""longshot_roster"",""rare_exception_allowed"":""limited"",""notes"":""Largest mental/speed translation gap. Even elite college QBs usually enter as low NFL starters or developmental starters.""}"
draft_translation,college_to_nfl_rating_translation.csv,college_to_nfl_rating_translation,runtime_tuning,66,QB,"{""position_group"":""QB"",""draft_capital_tier"":""round6_7"",""pick_min"":""181"",""pick_max"":""260"",""college_band"":""college_95_97"",""college_ovr_min"":""95"",""college_ovr_max"":""97"",""nfl_rookie_ovr_min"":""47"",""nfl_rookie_ovr_max"":""55"",""nfl_potential_min"":""73"",""nfl_potential_max"":""86"",""translation_uncertainty_sigma"":""0.28"",""readiness_tag"":""longshot_roster"",""rare_exception_allowed"":""limited"",""notes"":""Largest mental/speed translation gap. Even elite college QBs usually enter as low NFL starters or developmental starters.""}"
draft_translation,college_to_nfl_rating_translation.csv,college_to_nfl_rating_translation,runtime_tuning,67,QB,"{""position_group"":""QB"",""draft_capital_tier"":""round6_7"",""pick_min"":""181"",""pick_max"":""260"",""college_band"":""college_90_94"",""college_ovr_min"":""90"",""college_ovr_max"":""94"",""nfl_rookie_ovr_min"":""45"",""nfl_rookie_ovr_max"":""53"",""nfl_potential_min"":""72"",""nfl_potential_max"":""85"",""translation_uncertainty_sigma"":""0.28"",""readiness_tag"":""longshot_roster"",""rare_exception_allowed"":""limited"",""notes"":""Largest mental/speed translation gap. Even elite college QBs usually enter as low NFL starters or developmental starters.""}"
draft_translation,college_to_nfl_rating_translation.csv,college_to_nfl_rating_translation,runtime_tuning,68,QB,"{""position_group"":""QB"",""draft_capital_tier"":""round6_7"",""pick_min"":""181"",""pick_max"":""260"",""college_band"":""college_84_89"",""college_ovr_min"":""84"",""college_ovr_max"":""89"",""nfl_rookie_ovr_min"":""42"",""nfl_rookie_ovr_max"":""50"",""nfl_potential_min"":""70"",""nfl_potential_max"":""83"",""translation_uncertainty_sigma"":""0.28"",""readiness_tag"":""longshot_roster"",""rare_exception_allowed"":""limited"",""notes"":""Largest mental/speed translation gap. Even elite college QBs usually enter as low NFL starters or developmental starters.""}"
draft_translation,college_to_nfl_rating_translation.csv,college_to_nfl_rating_translation,runtime_tuning,69,QB,"{""position_group"":""QB"",""draft_capital_tier"":""round6_7"",""pick_min"":""181"",""pick_max"":""260"",""college_band"":""college_78_83"",""college_ovr_min"":""78"",""college_ovr_max"":""83"",""nfl_rookie_ovr_min"":""38"",""nfl_rookie_ovr_max"":""46"",""nfl_potential_min"":""68"",""nfl_potential_max"":""81"",""translation_uncertainty_sigma"":""0.28"",""readiness_tag"":""longshot_roster"",""rare_exception_allowed"":""limited"",""notes"":""Largest mental/speed translation gap. Even elite college QBs usually enter as low NFL starters or developmental starters.""}"
draft_translation,college_to_nfl_rating_translation.csv,college_to_nfl_rating_translation,runtime_tuning,70,QB,"{""position_group"":""QB"",""draft_capital_tier"":""round6_7"",""pick_min"":""181"",""pick_max"":""260"",""college_band"":""college_70_77"",""college_ovr_min"":""70"",""college_ovr_max"":""77"",""nfl_rookie_ovr_min"":""34"",""nfl_rookie_ovr_max"":""39"",""nfl_potential_min"":""65"",""nfl_potential_max"":""78"",""translation_uncertainty_sigma"":""0.3"",""readiness_tag"":""longshot_roster"",""rare_exception_allowed"":""limited"",""notes"":""Largest mental/speed translation gap. Even elite college QBs usually enter as low NFL starters or developmental starters.""}"
draft_translation,college_to_nfl_rating_translation.csv,college_to_nfl_rating_translation,runtime_tuning,71,QB,"{""position_group"":""QB"",""draft_capital_tier"":""round6_7"",""pick_min"":""181"",""pick_max"":""260"",""college_band"":""college_60_69"",""college_ovr_min"":""60"",""college_ovr_max"":""69"",""nfl_rookie_ovr_min"":""34"",""nfl_rookie_ovr_max"":""36"",""nfl_potential_min"":""62"",""nfl_potential_max"":""75"",""translation_uncertainty_sigma"":""0.3"",""readiness_tag"":""longshot_roster"",""rare_exception_allowed"":""limited"",""notes"":""Largest mental/speed translation gap. Even elite college QBs usually enter as low NFL starters or developmental starters.""}"
draft_translation,college_to_nfl_rating_translation.csv,college_to_nfl_rating_translation,runtime_tuning,72,QB,"{""position_group"":""QB"",""draft_capital_tier"":""round6_7"",""pick_min"":""181"",""pick_max"":""260"",""college_band"":""college_below_60"",""college_ovr_min"":""1"",""college_ovr_max"":""59"",""nfl_rookie_ovr_min"":""34"",""nfl_rookie_ovr_max"":""36"",""nfl_potential_min"":""58"",""nfl_potential_max"":""71"",""translation_uncertainty_sigma"":""0.3"",""readiness_tag"":""longshot_roster"",""rare_exception_allowed"":""limited"",""notes"":""Largest mental/speed translation gap. Even elite college QBs usually enter as low NFL starters or developmental starters.""}"
draft_translation,college_to_nfl_rating_translation.csv,college_to_nfl_rating_translation,runtime_tuning,73,QB,"{""position_group"":""QB"",""draft_capital_tier"":""priority_udfa"",""pick_min"":""261"",""pick_max"":""999"",""college_band"":""college_98_99"",""college_ovr_min"":""98"",""college_ovr_max"":""99"",""nfl_rookie_ovr_min"":""46"",""nfl_rookie_ovr_max"":""54"",""nfl_potential_min"":""72"",""nfl_potential_max"":""85"",""translation_uncertainty_sigma"":""0.31"",""readiness_tag"":""camp_compete"",""rare_exception_allowed"":""yes"",""notes"":""Largest mental/speed translation gap. Even elite college QBs usually enter as low NFL starters or developmental starters.""}"
draft_translation,college_to_nfl_rating_translation.csv,college_to_nfl_rating_translation,runtime_tuning,74,QB,"{""position_group"":""QB"",""draft_capital_tier"":""priority_udfa"",""pick_min"":""261"",""pick_max"":""999"",""college_band"":""college_95_97"",""college_ovr_min"":""95"",""college_ovr_max"":""97"",""nfl_rookie_ovr_min"":""44"",""nfl_rookie_ovr_max"":""52"",""nfl_potential_min"":""71"",""nfl_potential_max"":""84"",""translation_uncertainty_sigma"":""0.31"",""readiness_tag"":""camp_compete"",""rare_exception_allowed"":""yes"",""notes"":""Largest mental/speed translation gap. Even elite college QBs usually enter as low NFL starters or developmental starters.""}"
draft_translation,college_to_nfl_rating_translation.csv,college_to_nfl_rating_translation,runtime_tuning,75,QB,"{""position_group"":""QB"",""draft_capital_tier"":""priority_udfa"",""pick_min"":""261"",""pick_max"":""999"",""college_band"":""college_90_94"",""college_ovr_min"":""90"",""college_ovr_max"":""94"",""nfl_rookie_ovr_min"":""42"",""nfl_rookie_ovr_max"":""50"",""nfl_potential_min"":""70"",""nfl_potential_max"":""83"",""translation_uncertainty_sigma"":""0.31"",""readiness_tag"":""camp_compete"",""rare_exception_allowed"":""yes"",""notes"":""Largest mental/speed translation gap. Even elite college QBs usually enter as low NFL starters or developmental starters.""}"
draft_translation,college_to_nfl_rating_translation.csv,college_to_nfl_rating_translation,runtime_tuning,76,QB,"{""position_group"":""QB"",""draft_capital_tier"":""priority_udfa"",""pick_min"":""261"",""pick_max"":""999"",""college_band"":""college_84_89"",""college_ovr_min"":""84"",""college_ovr_max"":""89"",""nfl_rookie_ovr_min"":""39"",""nfl_rookie_ovr_max"":""47"",""nfl_potential_min"":""68"",""nfl_potential_max"":""81"",""translation_uncertainty_sigma"":""0.31"",""readiness_tag"":""camp_compete"",""rare_exception_allowed"":""yes"",""notes"":""Largest mental/speed translation gap. Even elite college QBs usually enter as low NFL starters or developmental starters.""}"
draft_translation,college_to_nfl_rating_translation.csv,college_to_nfl_rating_translation,runtime_tuning,77,QB,"{""position_group"":""QB"",""draft_capital_tier"":""priority_udfa"",""pick_min"":""261"",""pick_max"":""999"",""college_band"":""college_78_83"",""college_ovr_min"":""78"",""college_ovr_max"":""83"",""nfl_rookie_ovr_min"":""35"",""nfl_rookie_ovr_max"":""43"",""nfl_potential_min"":""66"",""nfl_potential_max"":""79"",""translation_uncertainty_sigma"":""0.31"",""readiness_tag"":""camp_compete"",""rare_exception_allowed"":""yes"",""notes"":""Largest mental/speed translation gap. Even elite college QBs usually enter as low NFL starters or developmental starters.""}"
draft_translation,college_to_nfl_rating_translation.csv,college_to_nfl_rating_translation,runtime_tuning,78,QB,"{""position_group"":""QB"",""draft_capital_tier"":""priority_udfa"",""pick_min"":""261"",""pick_max"":""999"",""college_band"":""college_70_77"",""college_ovr_min"":""70"",""college_ovr_max"":""77"",""nfl_rookie_ovr_min"":""34"",""nfl_rookie_ovr_max"":""36"",""nfl_potential_min"":""63"",""nfl_potential_max"":""76"",""translation_uncertainty_sigma"":""0.33"",""readiness_tag"":""camp_compete"",""rare_exception_allowed"":""yes"",""notes"":""Largest mental/speed translation gap. Even elite college QBs usually enter as low NFL starters or developmental starters.""}"
draft_translation,college_to_nfl_rating_translation.csv,college_to_nfl_rating_translation,runtime_tuning,79,QB,"{""position_group"":""QB"",""draft_capital_tier"":""priority_udfa"",""pick_min"":""261"",""pick_max"":""999"",""college_band"":""college_60_69"",""college_ovr_min"":""60"",""college_ovr_max"":""69"",""nfl_rookie_ovr_min"":""34"",""nfl_rookie_ovr_max"":""36"",""nfl_potential_min"":""60"",""nfl_potential_max"":""73"",""translation_uncertainty_sigma"":""0.33"",""readiness_tag"":""camp_compete"",""rare_exception_allowed"":""yes"",""notes"":""Largest mental/speed translation gap. Even elite college QBs usually enter as low NFL starters or developmental starters.""}"
draft_translation,college_to_nfl_rating_translation.csv,college_to_nfl_rating_translation,runtime_tuning,80,QB,"{""position_group"":""QB"",""draft_capital_tier"":""priority_udfa"",""pick_min"":""261"",""pick_max"":""999"",""college_band"":""college_below_60"",""college_ovr_min"":""1"",""college_ovr_max"":""59"",""nfl_rookie_ovr_min"":""34"",""nfl_rookie_ovr_max"":""36"",""nfl_potential_min"":""56"",""nfl_potential_max"":""69"",""translation_uncertainty_sigma"":""0.33"",""readiness_tag"":""camp_compete"",""rare_exception_allowed"":""yes"",""notes"":""Largest mental/speed translation gap. Even elite college QBs usually enter as low NFL starters or developmental starters.""}"
draft_translation,college_to_nfl_rating_translation.csv,college_to_nfl_rating_translation,runtime_tuning,81,QB,"{""position_group"":""QB"",""draft_capital_tier"":""camp_udfa"",""pick_min"":""1000"",""pick_max"":""9999"",""college_band"":""college_98_99"",""college_ovr_min"":""98"",""college_ovr_max"":""99"",""nfl_rookie_ovr_min"":""42"",""nfl_rookie_ovr_max"":""50"",""nfl_potential_min"":""69"",""nfl_potential_max"":""82"",""translation_uncertainty_sigma"":""0.34"",""readiness_tag"":""camp_body"",""rare_exception_allowed"":""limited"",""notes"":""Largest mental/speed translation gap. Even elite college QBs usually enter as low NFL starters or developmental starters.""}"
draft_translation,college_to_nfl_rating_translation.csv,college_to_nfl_rating_translation,runtime_tuning,82,QB,"{""position_group"":""QB"",""draft_capital_tier"":""camp_udfa"",""pick_min"":""1000"",""pick_max"":""9999"",""college_band"":""college_95_97"",""college_ovr_min"":""95"",""college_ovr_max"":""97"",""nfl_rookie_ovr_min"":""40"",""nfl_rookie_ovr_max"":""48"",""nfl_potential_min"":""68"",""nfl_potential_max"":""81"",""translation_uncertainty_sigma"":""0.34"",""readiness_tag"":""camp_body"",""rare_exception_allowed"":""limited"",""notes"":""Largest mental/speed translation gap. Even elite college QBs usually enter as low NFL starters or developmental starters.""}"
draft_translation,college_to_nfl_rating_translation.csv,college_to_nfl_rating_translation,runtime_tuning,83,QB,"{""position_group"":""QB"",""draft_capital_tier"":""camp_udfa"",""pick_min"":""1000"",""pick_max"":""9999"",""college_band"":""college_90_94"",""college_ovr_min"":""90"",""college_ovr_max"":""94"",""nfl_rookie_ovr_min"":""38"",""nfl_rookie_ovr_max"":""46"",""nfl_potential_min"":""67"",""nfl_potential_max"":""80"",""translation_uncertainty_sigma"":""0.34"",""readiness_tag"":""camp_body"",""rare_exception_allowed"":""limited"",""notes"":""Largest mental/speed translation gap. Even elite college QBs usually enter as low NFL starters or developmental starters.""}"
draft_translation,college_to_nfl_rating_translation.csv,college_to_nfl_rating_translation,runtime_tuning,84,QB,"{""position_group"":""QB"",""draft_capital_tier"":""camp_udfa"",""pick_min"":""1000"",""pick_max"":""9999"",""college_band"":""college_84_89"",""college_ovr_min"":""84"",""college_ovr_max"":""89"",""nfl_rookie_ovr_min"":""35"",""nfl_rookie_ovr_max"":""43"",""nfl_potential_min"":""65"",""nfl_potential_max"":""78"",""translation_uncertainty_sigma"":""0.34"",""readiness_tag"":""camp_body"",""rare_exception_allowed"":""limited"",""notes"":""Largest mental/speed translation gap. Even elite college QBs usually enter as low NFL starters or developmental starters.""}"
draft_translation,college_to_nfl_rating_translation.csv,college_to_nfl_rating_translation,runtime_tuning,85,QB,"{""position_group"":""QB"",""draft_capital_tier"":""camp_udfa"",""pick_min"":""1000"",""pick_max"":""9999"",""college_band"":""college_78_83"",""college_ovr_min"":""78"",""college_ovr_max"":""83"",""nfl_rookie_ovr_min"":""34"",""nfl_rookie_ovr_max"":""39"",""nfl_potential_min"":""63"",""nfl_potential_max"":""76"",""translation_uncertainty_sigma"":""0.34"",""readiness_tag"":""camp_body"",""rare_exception_allowed"":""limited"",""notes"":""Largest mental/speed translation gap. Even elite college QBs usually enter as low NFL starters or developmental starters.""}"
draft_translation,college_to_nfl_rating_translation.csv,college_to_nfl_rating_translation,runtime_tuning,86,QB,"{""position_group"":""QB"",""draft_capital_tier"":""camp_udfa"",""pick_min"":""1000"",""pick_max"":""9999"",""college_band"":""college_70_77"",""college_ovr_min"":""70"",""college_ovr_max"":""77"",""nfl_rookie_ovr_min"":""34"",""nfl_rookie_ovr_max"":""36"",""nfl_potential_min"":""60"",""nfl_potential_max"":""73"",""translation_uncertainty_sigma"":""0.36"",""readiness_tag"":""camp_body"",""rare_exception_allowed"":""limited"",""notes"":""Largest mental/speed translation gap. Even elite college QBs usually enter as low NFL starters or developmental starters.""}"
draft_translation,college_to_nfl_rating_translation.csv,college_to_nfl_rating_translation,runtime_tuning,87,QB,"{""position_group"":""QB"",""draft_capital_tier"":""camp_udfa"",""pick_min"":""1000"",""pick_max"":""9999"",""college_band"":""college_60_69"",""college_ovr_min"":""60"",""college_ovr_max"":""69"",""nfl_rookie_ovr_min"":""34"",""nfl_rookie_ovr_max"":""36"",""nfl_potential_min"":""57"",""nfl_potential_max"":""70"",""translation_uncertainty_sigma"":""0.36"",""readiness_tag"":""camp_body"",""rare_exception_allowed"":""limited"",""notes"":""Largest mental/speed translation gap. Even elite college QBs usually enter as low NFL starters or developmental starters.""}"
draft_translation,college_to_nfl_rating_translation.csv,college_to_nfl_rating_translation,runtime_tuning,88,QB,"{""position_group"":""QB"",""draft_capital_tier"":""camp_udfa"",""pick_min"":""1000"",""pick_max"":""9999"",""college_band"":""college_below_60"",""college_ovr_min"":""1"",""college_ovr_max"":""59"",""nfl_rookie_ovr_min"":""34"",""nfl_rookie_ovr_max"":""36"",""nfl_potential_min"":""53"",""nfl_potential_max"":""66"",""translation_uncertainty_sigma"":""0.36"",""readiness_tag"":""camp_body"",""rare_exception_allowed"":""limited"",""notes"":""Largest mental/speed translation gap. Even elite college QBs usually enter as low NFL starters or developmental starters.""}"
draft_translation,college_to_nfl_rating_translation.csv,college_to_nfl_rating_translation,runtime_tuning,89,RB,"{""position_group"":""RB"",""draft_capital_tier"":""top_5"",""pick_min"":""1"",""pick_max"":""5"",""college_band"":""college_98_99"",""college_ovr_min"":""98"",""college_ovr_max"":""99"",""nfl_rookie_ovr_min"":""84"",""nfl_rookie_ovr_max"":""88"",""nfl_potential_min"":""88"",""nfl_potential_max"":""97"",""translation_uncertainty_sigma"":""0.06"",""readiness_tag"":""premium_day_one"",""rare_exception_allowed"":""yes"",""notes"":""Running back traits translate fastest; early NFL current rating can be high, but long-term potential/prime window is shorter.""}"
draft_translation,college_to_nfl_rating_translation.csv,college_to_nfl_rating_translation,runtime_tuning,90,RB,"{""position_group"":""RB"",""draft_capital_tier"":""top_5"",""pick_min"":""1"",""pick_max"":""5"",""college_band"":""college_95_97"",""college_ovr_min"":""95"",""college_ovr_max"":""97"",""nfl_rookie_ovr_min"":""82"",""nfl_rookie_ovr_max"":""88"",""nfl_potential_min"":""88"",""nfl_potential_max"":""96"",""translation_uncertainty_sigma"":""0.06"",""readiness_tag"":""premium_day_one"",""rare_exception_allowed"":""yes"",""notes"":""Running back traits translate fastest; early NFL current rating can be high, but long-term potential/prime window is shorter.""}"
draft_translation,college_to_nfl_rating_translation.csv,college_to_nfl_rating_translation,runtime_tuning,91,RB,"{""position_group"":""RB"",""draft_capital_tier"":""top_5"",""pick_min"":""1"",""pick_max"":""5"",""college_band"":""college_90_94"",""college_ovr_min"":""90"",""college_ovr_max"":""94"",""nfl_rookie_ovr_min"":""80"",""nfl_rookie_ovr_max"":""88"",""nfl_potential_min"":""88"",""nfl_potential_max"":""95"",""translation_uncertainty_sigma"":""0.06"",""readiness_tag"":""premium_day_one"",""rare_exception_allowed"":""yes"",""notes"":""Running back traits translate fastest; early NFL current rating can be high, but long-term potential/prime window is shorter.""}"
draft_translation,college_to_nfl_rating_translation.csv,college_to_nfl_rating_translation,runtime_tuning,92,RB,"{""position_group"":""RB"",""draft_capital_tier"":""top_5"",""pick_min"":""1"",""pick_max"":""5"",""college_band"":""college_84_89"",""college_ovr_min"":""84"",""college_ovr_max"":""89"",""nfl_rookie_ovr_min"":""77"",""nfl_rookie_ovr_max"":""85"",""nfl_potential_min"":""85"",""nfl_potential_max"":""93"",""translation_uncertainty_sigma"":""0.06"",""readiness_tag"":""premium_day_one"",""rare_exception_allowed"":""yes"",""notes"":""Running back traits translate fastest; early NFL current rating can be high, but long-term potential/prime window is shorter.""}"
draft_translation,college_to_nfl_rating_translation.csv,college_to_nfl_rating_translation,runtime_tuning,93,RB,"{""position_group"":""RB"",""draft_capital_tier"":""top_5"",""pick_min"":""1"",""pick_max"":""5"",""college_band"":""college_78_83"",""college_ovr_min"":""78"",""college_ovr_max"":""83"",""nfl_rookie_ovr_min"":""73"",""nfl_rookie_ovr_max"":""81"",""nfl_potential_min"":""81"",""nfl_potential_max"":""91"",""translation_uncertainty_sigma"":""0.06"",""readiness_tag"":""premium_day_one"",""rare_exception_allowed"":""yes"",""notes"":""Running back traits translate fastest; early NFL current rating can be high, but long-term potential/prime window is shorter.""}"
draft_translation,college_to_nfl_rating_translation.csv,college_to_nfl_rating_translation,runtime_tuning,94,RB,"{""position_group"":""RB"",""draft_capital_tier"":""top_5"",""pick_min"":""1"",""pick_max"":""5"",""college_band"":""college_70_77"",""college_ovr_min"":""70"",""college_ovr_max"":""77"",""nfl_rookie_ovr_min"":""67"",""nfl_rookie_ovr_max"":""74"",""nfl_potential_min"":""75"",""nfl_potential_max"":""88"",""translation_uncertainty_sigma"":""0.08"",""readiness_tag"":""premium_day_one"",""rare_exception_allowed"":""yes"",""notes"":""Running back traits translate fastest; early NFL current rating can be high, but long-term potential/prime window is shorter.""}"
draft_translation,college_to_nfl_rating_translation.csv,college_to_nfl_rating_translation,runtime_tuning,95,RB,"{""position_group"":""RB"",""draft_capital_tier"":""top_5"",""pick_min"":""1"",""pick_max"":""5"",""college_band"":""college_60_69"",""college_ovr_min"":""60"",""college_ovr_max"":""69"",""nfl_rookie_ovr_min"":""59"",""nfl_rookie_ovr_max"":""65"",""nfl_potential_min"":""72"",""nfl_potential_max"":""85"",""translation_uncertainty_sigma"":""0.08"",""readiness_tag"":""premium_day_one"",""rare_exception_allowed"":""yes"",""notes"":""Running back traits translate fastest; early NFL current rating can be high, but long-term potential/prime window is shorter.""}"
draft_translation,college_to_nfl_rating_translation.csv,college_to_nfl_rating_translation,runtime_tuning,96,RB,"{""position_group"":""RB"",""draft_capital_tier"":""top_5"",""pick_min"":""1"",""pick_max"":""5"",""college_band"":""college_below_60"",""college_ovr_min"":""1"",""college_ovr_max"":""59"",""nfl_rookie_ovr_min"":""52"",""nfl_rookie_ovr_max"":""58"",""nfl_potential_min"":""68"",""nfl_potential_max"":""81"",""translation_uncertainty_sigma"":""0.08"",""readiness_tag"":""premium_day_one"",""rare_exception_allowed"":""yes"",""notes"":""Running back traits translate fastest; early NFL current rating can be high, but long-term potential/prime window is shorter.""}"
draft_translation,college_to_nfl_rating_translation.csv,college_to_nfl_rating_translation,runtime_tuning,97,RB,"{""position_group"":""RB"",""draft_capital_tier"":""top_10"",""pick_min"":""6"",""pick_max"":""10"",""college_band"":""college_98_99"",""college_ovr_min"":""98"",""college_ovr_max"":""99"",""nfl_rookie_ovr_min"":""82"",""nfl_rookie_ovr_max"":""87"",""nfl_potential_min"":""87"",""nfl_potential_max"":""96"",""translation_uncertainty_sigma"":""0.07"",""readiness_tag"":""premium_day_one"",""rare_exception_allowed"":""yes"",""notes"":""Running back traits translate fastest; early NFL current rating can be high, but long-term potential/prime window is shorter.""}"
draft_translation,college_to_nfl_rating_translation.csv,college_to_nfl_rating_translation,runtime_tuning,98,RB,"{""position_group"":""RB"",""draft_capital_tier"":""top_10"",""pick_min"":""6"",""pick_max"":""10"",""college_band"":""college_95_97"",""college_ovr_min"":""95"",""college_ovr_max"":""97"",""nfl_rookie_ovr_min"":""80"",""nfl_rookie_ovr_max"":""87"",""nfl_potential_min"":""87"",""nfl_potential_max"":""95"",""translation_uncertainty_sigma"":""0.07"",""readiness_tag"":""premium_day_one"",""rare_exception_allowed"":""yes"",""notes"":""Running back traits translate fastest; early NFL current rating can be high, but long-term potential/prime window is shorter.""}"
draft_translation,college_to_nfl_rating_translation.csv,college_to_nfl_rating_translation,runtime_tuning,99,RB,"{""position_group"":""RB"",""draft_capital_tier"":""top_10"",""pick_min"":""6"",""pick_max"":""10"",""college_band"":""college_90_94"",""college_ovr_min"":""90"",""college_ovr_max"":""94"",""nfl_rookie_ovr_min"":""78"",""nfl_rookie_ovr_max"":""86"",""nfl_potential_min"":""86"",""nfl_potential_max"":""94"",""translation_uncertainty_sigma"":""0.07"",""readiness_tag"":""premium_day_one"",""rare_exception_allowed"":""yes"",""notes"":""Running back traits translate fastest; early NFL current rating can be high, but long-term potential/prime window is shorter.""}"
draft_translation,college_to_nfl_rating_translation.csv,college_to_nfl_rating_translation,runtime_tuning,100,RB,"{""position_group"":""RB"",""draft_capital_tier"":""top_10"",""pick_min"":""6"",""pick_max"":""10"",""college_band"":""college_84_89"",""college_ovr_min"":""84"",""college_ovr_max"":""89"",""nfl_rookie_ovr_min"":""75"",""nfl_rookie_ovr_max"":""83"",""nfl_potential_min"":""83"",""nfl_potential_max"":""92"",""translation_uncertainty_sigma"":""0.07"",""readiness_tag"":""premium_day_one"",""rare_exception_allowed"":""yes"",""notes"":""Running back traits translate fastest; early NFL current rating can be high, but long-term potential/prime window is shorter.""}"
draft_translation,college_to_nfl_rating_translation.csv,college_to_nfl_rating_translation,runtime_tuning,101,RB,"{""position_group"":""RB"",""draft_capital_tier"":""top_10"",""pick_min"":""6"",""pick_max"":""10"",""college_band"":""college_78_83"",""college_ovr_min"":""78"",""college_ovr_max"":""83"",""nfl_rookie_ovr_min"":""71"",""nfl_rookie_ovr_max"":""79"",""nfl_potential_min"":""79"",""nfl_potential_max"":""90"",""translation_uncertainty_sigma"":""0.07"",""readiness_tag"":""premium_day_one"",""rare_exception_allowed"":""yes"",""notes"":""Running back traits translate fastest; early NFL current rating can be high, but long-term potential/prime window is shorter.""}"
draft_translation,college_to_nfl_rating_translation.csv,college_to_nfl_rating_translation,runtime_tuning,102,RB,"{""position_group"":""RB"",""draft_capital_tier"":""top_10"",""pick_min"":""6"",""pick_max"":""10"",""college_band"":""college_70_77"",""college_ovr_min"":""70"",""college_ovr_max"":""77"",""nfl_rookie_ovr_min"":""65"",""nfl_rookie_ovr_max"":""72"",""nfl_potential_min"":""74"",""nfl_potential_max"":""87"",""translation_uncertainty_sigma"":""0.09"",""readiness_tag"":""premium_day_one"",""rare_exception_allowed"":""yes"",""notes"":""Running back traits translate fastest; early NFL current rating can be high, but long-term potential/prime window is shorter.""}"
draft_translation,college_to_nfl_rating_translation.csv,college_to_nfl_rating_translation,runtime_tuning,103,RB,"{""position_group"":""RB"",""draft_capital_tier"":""top_10"",""pick_min"":""6"",""pick_max"":""10"",""college_band"":""college_60_69"",""college_ovr_min"":""60"",""college_ovr_max"":""69"",""nfl_rookie_ovr_min"":""57"",""nfl_rookie_ovr_max"":""63"",""nfl_potential_min"":""71"",""nfl_potential_max"":""84"",""translation_uncertainty_sigma"":""0.09"",""readiness_tag"":""premium_day_one"",""rare_exception_allowed"":""yes"",""notes"":""Running back traits translate fastest; early NFL current rating can be high, but long-term potential/prime window is shorter.""}"
draft_translation,college_to_nfl_rating_translation.csv,college_to_nfl_rating_translation,runtime_tuning,104,RB,"{""position_group"":""RB"",""draft_capital_tier"":""top_10"",""pick_min"":""6"",""pick_max"":""10"",""college_band"":""college_below_60"",""college_ovr_min"":""1"",""college_ovr_max"":""59"",""nfl_rookie_ovr_min"":""50"",""nfl_rookie_ovr_max"":""56"",""nfl_potential_min"":""67"",""nfl_potential_max"":""80"",""translation_uncertainty_sigma"":""0.09"",""readiness_tag"":""premium_day_one"",""rare_exception_allowed"":""yes"",""notes"":""Running back traits translate fastest; early NFL current rating can be high, but long-term potential/prime window is shorter.""}"
draft_translation,college_to_nfl_rating_translation.csv,college_to_nfl_rating_translation,runtime_tuning,105,RB,"{""position_group"":""RB"",""draft_capital_tier"":""round1_early_mid"",""pick_min"":""11"",""pick_max"":""20"",""college_band"":""college_98_99"",""college_ovr_min"":""98"",""college_ovr_max"":""99"",""nfl_rookie_ovr_min"":""80"",""nfl_rookie_ovr_max"":""86"",""nfl_potential_min"":""86"",""nfl_potential_max"":""94"",""translation_uncertainty_sigma"":""0.08"",""readiness_tag"":""day_one_compete"",""rare_exception_allowed"":""yes"",""notes"":""Running back traits translate fastest; early NFL current rating can be high, but long-term potential/prime window is shorter.""}"
draft_translation,college_to_nfl_rating_translation.csv,college_to_nfl_rating_translation,runtime_tuning,106,RB,"{""position_group"":""RB"",""draft_capital_tier"":""round1_early_mid"",""pick_min"":""11"",""pick_max"":""20"",""college_band"":""college_95_97"",""college_ovr_min"":""95"",""college_ovr_max"":""97"",""nfl_rookie_ovr_min"":""78"",""nfl_rookie_ovr_max"":""86"",""nfl_potential_min"":""86"",""nfl_potential_max"":""93"",""translation_uncertainty_sigma"":""0.08"",""readiness_tag"":""day_one_compete"",""rare_exception_allowed"":""yes"",""notes"":""Running back traits translate fastest; early NFL current rating can be high, but long-term potential/prime window is shorter.""}"
draft_translation,college_to_nfl_rating_translation.csv,college_to_nfl_rating_translation,runtime_tuning,107,RB,"{""position_group"":""RB"",""draft_capital_tier"":""round1_early_mid"",""pick_min"":""11"",""pick_max"":""20"",""college_band"":""college_90_94"",""college_ovr_min"":""90"",""college_ovr_max"":""94"",""nfl_rookie_ovr_min"":""76"",""nfl_rookie_ovr_max"":""84"",""nfl_potential_min"":""84"",""nfl_potential_max"":""92"",""translation_uncertainty_sigma"":""0.08"",""readiness_tag"":""day_one_compete"",""rare_exception_allowed"":""yes"",""notes"":""Running back traits translate fastest; early NFL current rating can be high, but long-term potential/prime window is shorter.""}"
draft_translation,college_to_nfl_rating_translation.csv,college_to_nfl_rating_translation,runtime_tuning,108,RB,"{""position_group"":""RB"",""draft_capital_tier"":""round1_early_mid"",""pick_min"":""11"",""pick_max"":""20"",""college_band"":""college_84_89"",""college_ovr_min"":""84"",""college_ovr_max"":""89"",""nfl_rookie_ovr_min"":""73"",""nfl_rookie_ovr_max"":""81"",""nfl_potential_min"":""81"",""nfl_potential_max"":""90"",""translation_uncertainty_sigma"":""0.08"",""readiness_tag"":""day_one_compete"",""rare_exception_allowed"":""yes"",""notes"":""Running back traits translate fastest; early NFL current rating can be high, but long-term potential/prime window is shorter.""}"
draft_translation,college_to_nfl_rating_translation.csv,college_to_nfl_rating_translation,runtime_tuning,109,RB,"{""position_group"":""RB"",""draft_capital_tier"":""round1_early_mid"",""pick_min"":""11"",""pick_max"":""20"",""college_band"":""college_78_83"",""college_ovr_min"":""78"",""college_ovr_max"":""83"",""nfl_rookie_ovr_min"":""69"",""nfl_rookie_ovr_max"":""77"",""nfl_potential_min"":""77"",""nfl_potential_max"":""88"",""translation_uncertainty_sigma"":""0.08"",""readiness_tag"":""day_one_compete"",""rare_exception_allowed"":""yes"",""notes"":""Running back traits translate fastest; early NFL current rating can be high, but long-term potential/prime window is shorter.""}"
draft_translation,college_to_nfl_rating_translation.csv,college_to_nfl_rating_translation,runtime_tuning,110,RB,"{""position_group"":""RB"",""draft_capital_tier"":""round1_early_mid"",""pick_min"":""11"",""pick_max"":""20"",""college_band"":""college_70_77"",""college_ovr_min"":""70"",""college_ovr_max"":""77"",""nfl_rookie_ovr_min"":""63"",""nfl_rookie_ovr_max"":""70"",""nfl_potential_min"":""72"",""nfl_potential_max"":""85"",""translation_uncertainty_sigma"":""0.1"",""readiness_tag"":""day_one_compete"",""rare_exception_allowed"":""yes"",""notes"":""Running back traits translate fastest; early NFL current rating can be high, but long-term potential/prime window is shorter.""}"
draft_translation,college_to_nfl_rating_translation.csv,college_to_nfl_rating_translation,runtime_tuning,111,RB,"{""position_group"":""RB"",""draft_capital_tier"":""round1_early_mid"",""pick_min"":""11"",""pick_max"":""20"",""college_band"":""college_60_69"",""college_ovr_min"":""60"",""college_ovr_max"":""69"",""nfl_rookie_ovr_min"":""55"",""nfl_rookie_ovr_max"":""61"",""nfl_potential_min"":""69"",""nfl_potential_max"":""82"",""translation_uncertainty_sigma"":""0.1"",""readiness_tag"":""day_one_compete"",""rare_exception_allowed"":""yes"",""notes"":""Running back traits translate fastest; early NFL current rating can be high, but long-term potential/prime window is shorter.""}"
draft_translation,college_to_nfl_rating_translation.csv,college_to_nfl_rating_translation,runtime_tuning,112,RB,"{""position_group"":""RB"",""draft_capital_tier"":""round1_early_mid"",""pick_min"":""11"",""pick_max"":""20"",""college_band"":""college_below_60"",""college_ovr_min"":""1"",""college_ovr_max"":""59"",""nfl_rookie_ovr_min"":""48"",""nfl_rookie_ovr_max"":""54"",""nfl_potential_min"":""65"",""nfl_potential_max"":""78"",""translation_uncertainty_sigma"":""0.1"",""readiness_tag"":""day_one_compete"",""rare_exception_allowed"":""yes"",""notes"":""Running back traits translate fastest; early NFL current rating can be high, but long-term potential/prime window is shorter.""}"
draft_translation,college_to_nfl_rating_translation.csv,college_to_nfl_rating_translation,runtime_tuning,113,RB,"{""position_group"":""RB"",""draft_capital_tier"":""round1_late"",""pick_min"":""21"",""pick_max"":""32"",""college_band"":""college_98_99"",""college_ovr_min"":""98"",""college_ovr_max"":""99"",""nfl_rookie_ovr_min"":""78"",""nfl_rookie_ovr_max"":""85"",""nfl_potential_min"":""85"",""nfl_potential_max"":""93"",""translation_uncertainty_sigma"":""0.09"",""readiness_tag"":""day_one_compete"",""rare_exception_allowed"":""limited"",""notes"":""Running back traits translate fastest; early NFL current rating can be high, but long-term potential/prime window is shorter.""}"
draft_translation,college_to_nfl_rating_translation.csv,college_to_nfl_rating_translation,runtime_tuning,114,RB,"{""position_group"":""RB"",""draft_capital_tier"":""round1_late"",""pick_min"":""21"",""pick_max"":""32"",""college_band"":""college_95_97"",""college_ovr_min"":""95"",""college_ovr_max"":""97"",""nfl_rookie_ovr_min"":""76"",""nfl_rookie_ovr_max"":""84"",""nfl_potential_min"":""84"",""nfl_potential_max"":""92"",""translation_uncertainty_sigma"":""0.09"",""readiness_tag"":""day_one_compete"",""rare_exception_allowed"":""limited"",""notes"":""Running back traits translate fastest; early NFL current rating can be high, but long-term potential/prime window is shorter.""}"
draft_translation,college_to_nfl_rating_translation.csv,college_to_nfl_rating_translation,runtime_tuning,115,RB,"{""position_group"":""RB"",""draft_capital_tier"":""round1_late"",""pick_min"":""21"",""pick_max"":""32"",""college_band"":""college_90_94"",""college_ovr_min"":""90"",""college_ovr_max"":""94"",""nfl_rookie_ovr_min"":""74"",""nfl_rookie_ovr_max"":""82"",""nfl_potential_min"":""82"",""nfl_potential_max"":""91"",""translation_uncertainty_sigma"":""0.09"",""readiness_tag"":""day_one_compete"",""rare_exception_allowed"":""limited"",""notes"":""Running back traits translate fastest; early NFL current rating can be high, but long-term potential/prime window is shorter.""}"
draft_translation,college_to_nfl_rating_translation.csv,college_to_nfl_rating_translation,runtime_tuning,116,RB,"{""position_group"":""RB"",""draft_capital_tier"":""round1_late"",""pick_min"":""21"",""pick_max"":""32"",""college_band"":""college_84_89"",""college_ovr_min"":""84"",""college_ovr_max"":""89"",""nfl_rookie_ovr_min"":""71"",""nfl_rookie_ovr_max"":""79"",""nfl_potential_min"":""79"",""nfl_potential_max"":""89"",""translation_uncertainty_sigma"":""0.09"",""readiness_tag"":""day_one_compete"",""rare_exception_allowed"":""limited"",""notes"":""Running back traits translate fastest; early NFL current rating can be high, but long-term potential/prime window is shorter.""}"
draft_translation,college_to_nfl_rating_translation.csv,college_to_nfl_rating_translation,runtime_tuning,117,RB,"{""position_group"":""RB"",""draft_capital_tier"":""round1_late"",""pick_min"":""21"",""pick_max"":""32"",""college_band"":""college_78_83"",""college_ovr_min"":""78"",""college_ovr_max"":""83"",""nfl_rookie_ovr_min"":""67"",""nfl_rookie_ovr_max"":""75"",""nfl_potential_min"":""75"",""nfl_potential_max"":""87"",""translation_uncertainty_sigma"":""0.09"",""readiness_tag"":""day_one_compete"",""rare_exception_allowed"":""limited"",""notes"":""Running back traits translate fastest; early NFL current rating can be high, but long-term potential/prime window is shorter.""}"
draft_translation,college_to_nfl_rating_translation.csv,college_to_nfl_rating_translation,runtime_tuning,118,RB,"{""position_group"":""RB"",""draft_capital_tier"":""round1_late"",""pick_min"":""21"",""pick_max"":""32"",""college_band"":""college_70_77"",""college_ovr_min"":""70"",""college_ovr_max"":""77"",""nfl_rookie_ovr_min"":""61"",""nfl_rookie_ovr_max"":""68"",""nfl_potential_min"":""71"",""nfl_potential_max"":""84"",""translation_uncertainty_sigma"":""0.11"",""readiness_tag"":""day_one_compete"",""rare_exception_allowed"":""limited"",""notes"":""Running back traits translate fastest; early NFL current rating can be high, but long-term potential/prime window is shorter.""}"
draft_translation,college_to_nfl_rating_translation.csv,college_to_nfl_rating_translation,runtime_tuning,119,RB,"{""position_group"":""RB"",""draft_capital_tier"":""round1_late"",""pick_min"":""21"",""pick_max"":""32"",""college_band"":""college_60_69"",""college_ovr_min"":""60"",""college_ovr_max"":""69"",""nfl_rookie_ovr_min"":""53"",""nfl_rookie_ovr_max"":""59"",""nfl_potential_min"":""68"",""nfl_potential_max"":""81"",""translation_uncertainty_sigma"":""0.11"",""readiness_tag"":""day_one_compete"",""rare_exception_allowed"":""limited"",""notes"":""Running back traits translate fastest; early NFL current rating can be high, but long-term potential/prime window is shorter.""}"
draft_translation,college_to_nfl_rating_translation.csv,college_to_nfl_rating_translation,runtime_tuning,120,RB,"{""position_group"":""RB"",""draft_capital_tier"":""round1_late"",""pick_min"":""21"",""pick_max"":""32"",""college_band"":""college_below_60"",""college_ovr_min"":""1"",""college_ovr_max"":""59"",""nfl_rookie_ovr_min"":""46"",""nfl_rookie_ovr_max"":""52"",""nfl_potential_min"":""64"",""nfl_potential_max"":""77"",""translation_uncertainty_sigma"":""0.11"",""readiness_tag"":""day_one_compete"",""rare_exception_allowed"":""limited"",""notes"":""Running back traits translate fastest; early NFL current rating can be high, but long-term potential/prime window is shorter.""}"
draft_translation,college_to_nfl_rating_translation.csv,college_to_nfl_rating_translation,runtime_tuning,121,RB,"{""position_group"":""RB"",""draft_capital_tier"":""round2"",""pick_min"":""33"",""pick_max"":""64"",""college_band"":""college_98_99"",""college_ovr_min"":""98"",""college_ovr_max"":""99"",""nfl_rookie_ovr_min"":""75"",""nfl_rookie_ovr_max"":""83"",""nfl_potential_min"":""83"",""nfl_potential_max"":""91"",""translation_uncertainty_sigma"":""0.11"",""readiness_tag"":""rotation_early"",""rare_exception_allowed"":""limited"",""notes"":""Running back traits translate fastest; early NFL current rating can be high, but long-term potential/prime window is shorter.""}"
draft_translation,college_to_nfl_rating_translation.csv,college_to_nfl_rating_translation,runtime_tuning,122,RB,"{""position_group"":""RB"",""draft_capital_tier"":""round2"",""pick_min"":""33"",""pick_max"":""64"",""college_band"":""college_95_97"",""college_ovr_min"":""95"",""college_ovr_max"":""97"",""nfl_rookie_ovr_min"":""73"",""nfl_rookie_ovr_max"":""81"",""nfl_potential_min"":""81"",""nfl_potential_max"":""90"",""translation_uncertainty_sigma"":""0.11"",""readiness_tag"":""rotation_early"",""rare_exception_allowed"":""limited"",""notes"":""Running back traits translate fastest; early NFL current rating can be high, but long-term potential/prime window is shorter.""}"
draft_translation,college_to_nfl_rating_translation.csv,college_to_nfl_rating_translation,runtime_tuning,123,RB,"{""position_group"":""RB"",""draft_capital_tier"":""round2"",""pick_min"":""33"",""pick_max"":""64"",""college_band"":""college_90_94"",""college_ovr_min"":""90"",""college_ovr_max"":""94"",""nfl_rookie_ovr_min"":""71"",""nfl_rookie_ovr_max"":""79"",""nfl_potential_min"":""79"",""nfl_potential_max"":""89"",""translation_uncertainty_sigma"":""0.11"",""readiness_tag"":""rotation_early"",""rare_exception_allowed"":""limited"",""notes"":""Running back traits translate fastest; early NFL current rating can be high, but long-term potential/prime window is shorter.""}"
draft_translation,college_to_nfl_rating_translation.csv,college_to_nfl_rating_translation,runtime_tuning,124,RB,"{""position_group"":""RB"",""draft_capital_tier"":""round2"",""pick_min"":""33"",""pick_max"":""64"",""college_band"":""college_84_89"",""college_ovr_min"":""84"",""college_ovr_max"":""89"",""nfl_rookie_ovr_min"":""68"",""nfl_rookie_ovr_max"":""76"",""nfl_potential_min"":""76"",""nfl_potential_max"":""87"",""translation_uncertainty_sigma"":""0.11"",""readiness_tag"":""rotation_early"",""rare_exception_allowed"":""limited"",""notes"":""Running back traits translate fastest; early NFL current rating can be high, but long-term potential/prime window is shorter.""}"
draft_translation,college_to_nfl_rating_translation.csv,college_to_nfl_rating_translation,runtime_tuning,125,RB,"{""position_group"":""RB"",""draft_capital_tier"":""round2"",""pick_min"":""33"",""pick_max"":""64"",""college_band"":""college_78_83"",""college_ovr_min"":""78"",""college_ovr_max"":""83"",""nfl_rookie_ovr_min"":""64"",""nfl_rookie_ovr_max"":""72"",""nfl_potential_min"":""72"",""nfl_potential_max"":""85"",""translation_uncertainty_sigma"":""0.11"",""readiness_tag"":""rotation_early"",""rare_exception_allowed"":""limited"",""notes"":""Running back traits translate fastest; early NFL current rating can be high, but long-term potential/prime window is shorter.""}"
draft_translation,college_to_nfl_rating_translation.csv,college_to_nfl_rating_translation,runtime_tuning,126,RB,"{""position_group"":""RB"",""draft_capital_tier"":""round2"",""pick_min"":""33"",""pick_max"":""64"",""college_band"":""college_70_77"",""college_ovr_min"":""70"",""college_ovr_max"":""77"",""nfl_rookie_ovr_min"":""58"",""nfl_rookie_ovr_max"":""65"",""nfl_potential_min"":""69"",""nfl_potential_max"":""82"",""translation_uncertainty_sigma"":""0.13"",""readiness_tag"":""rotation_early"",""rare_exception_allowed"":""limited"",""notes"":""Running back traits translate fastest; early NFL current rating can be high, but long-term potential/prime window is shorter.""}"
draft_translation,college_to_nfl_rating_translation.csv,college_to_nfl_rating_translation,runtime_tuning,127,RB,"{""position_group"":""RB"",""draft_capital_tier"":""round2"",""pick_min"":""33"",""pick_max"":""64"",""college_band"":""college_60_69"",""college_ovr_min"":""60"",""college_ovr_max"":""69"",""nfl_rookie_ovr_min"":""50"",""nfl_rookie_ovr_max"":""56"",""nfl_potential_min"":""66"",""nfl_potential_max"":""79"",""translation_uncertainty_sigma"":""0.13"",""readiness_tag"":""rotation_early"",""rare_exception_allowed"":""limited"",""notes"":""Running back traits translate fastest; early NFL current rating can be high, but long-term potential/prime window is shorter.""}"
draft_translation,college_to_nfl_rating_translation.csv,college_to_nfl_rating_translation,runtime_tuning,128,RB,"{""position_group"":""RB"",""draft_capital_tier"":""round2"",""pick_min"":""33"",""pick_max"":""64"",""college_band"":""college_below_60"",""college_ovr_min"":""1"",""college_ovr_max"":""59"",""nfl_rookie_ovr_min"":""43"",""nfl_rookie_ovr_max"":""49"",""nfl_potential_min"":""62"",""nfl_potential_max"":""75"",""translation_uncertainty_sigma"":""0.13"",""readiness_tag"":""rotation_early"",""rare_exception_allowed"":""limited"",""notes"":""Running back traits translate fastest; early NFL current rating can be high, but long-term potential/prime window is shorter.""}"
draft_translation,college_to_nfl_rating_translation.csv,college_to_nfl_rating_translation,runtime_tuning,129,RB,"{""position_group"":""RB"",""draft_capital_tier"":""round3"",""pick_min"":""65"",""pick_max"":""100"",""college_band"":""college_98_99"",""college_ovr_min"":""98"",""college_ovr_max"":""99"",""nfl_rookie_ovr_min"":""72"",""nfl_rookie_ovr_max"":""80"",""nfl_potential_min"":""80"",""nfl_potential_max"":""89"",""translation_uncertainty_sigma"":""0.14"",""readiness_tag"":""rotation_development"",""rare_exception_allowed"":""limited"",""notes"":""Running back traits translate fastest; early NFL current rating can be high, but long-term potential/prime window is shorter.""}"
draft_translation,college_to_nfl_rating_translation.csv,college_to_nfl_rating_translation,runtime_tuning,130,RB,"{""position_group"":""RB"",""draft_capital_tier"":""round3"",""pick_min"":""65"",""pick_max"":""100"",""college_band"":""college_95_97"",""college_ovr_min"":""95"",""college_ovr_max"":""97"",""nfl_rookie_ovr_min"":""70"",""nfl_rookie_ovr_max"":""78"",""nfl_potential_min"":""78"",""nfl_potential_max"":""88"",""translation_uncertainty_sigma"":""0.14"",""readiness_tag"":""rotation_development"",""rare_exception_allowed"":""limited"",""notes"":""Running back traits translate fastest; early NFL current rating can be high, but long-term potential/prime window is shorter.""}"
draft_translation,college_to_nfl_rating_translation.csv,college_to_nfl_rating_translation,runtime_tuning,131,RB,"{""position_group"":""RB"",""draft_capital_tier"":""round3"",""pick_min"":""65"",""pick_max"":""100"",""college_band"":""college_90_94"",""college_ovr_min"":""90"",""college_ovr_max"":""94"",""nfl_rookie_ovr_min"":""68"",""nfl_rookie_ovr_max"":""76"",""nfl_potential_min"":""76"",""nfl_potential_max"":""87"",""translation_uncertainty_sigma"":""0.14"",""readiness_tag"":""rotation_development"",""rare_exception_allowed"":""limited"",""notes"":""Running back traits translate fastest; early NFL current rating can be high, but long-term potential/prime window is shorter.""}"
draft_translation,college_to_nfl_rating_translation.csv,college_to_nfl_rating_translation,runtime_tuning,132,RB,"{""position_group"":""RB"",""draft_capital_tier"":""round3"",""pick_min"":""65"",""pick_max"":""100"",""college_band"":""college_84_89"",""college_ovr_min"":""84"",""college_ovr_max"":""89"",""nfl_rookie_ovr_min"":""65"",""nfl_rookie_ovr_max"":""73"",""nfl_potential_min"":""73"",""nfl_potential_max"":""85"",""translation_uncertainty_sigma"":""0.14"",""readiness_tag"":""rotation_development"",""rare_exception_allowed"":""limited"",""notes"":""Running back traits translate fastest; early NFL current rating can be high, but long-term potential/prime window is shorter.""}"
draft_translation,college_to_nfl_rating_translation.csv,college_to_nfl_rating_translation,runtime_tuning,133,RB,"{""position_group"":""RB"",""draft_capital_tier"":""round3"",""pick_min"":""65"",""pick_max"":""100"",""college_band"":""college_78_83"",""college_ovr_min"":""78"",""college_ovr_max"":""83"",""nfl_rookie_ovr_min"":""61"",""nfl_rookie_ovr_max"":""69"",""nfl_potential_min"":""70"",""nfl_potential_max"":""83"",""translation_uncertainty_sigma"":""0.14"",""readiness_tag"":""rotation_development"",""rare_exception_allowed"":""limited"",""notes"":""Running back traits translate fastest; early NFL current rating can be high, but long-term potential/prime window is shorter.""}"
draft_translation,college_to_nfl_rating_translation.csv,college_to_nfl_rating_translation,runtime_tuning,134,RB,"{""position_group"":""RB"",""draft_capital_tier"":""round3"",""pick_min"":""65"",""pick_max"":""100"",""college_band"":""college_70_77"",""college_ovr_min"":""70"",""college_ovr_max"":""77"",""nfl_rookie_ovr_min"":""55"",""nfl_rookie_ovr_max"":""62"",""nfl_potential_min"":""67"",""nfl_potential_max"":""80"",""translation_uncertainty_sigma"":""0.16"",""readiness_tag"":""rotation_development"",""rare_exception_allowed"":""limited"",""notes"":""Running back traits translate fastest; early NFL current rating can be high, but long-term potential/prime window is shorter.""}"
draft_translation,college_to_nfl_rating_translation.csv,college_to_nfl_rating_translation,runtime_tuning,135,RB,"{""position_group"":""RB"",""draft_capital_tier"":""round3"",""pick_min"":""65"",""pick_max"":""100"",""college_band"":""college_60_69"",""college_ovr_min"":""60"",""college_ovr_max"":""69"",""nfl_rookie_ovr_min"":""47"",""nfl_rookie_ovr_max"":""53"",""nfl_potential_min"":""64"",""nfl_potential_max"":""77"",""translation_uncertainty_sigma"":""0.16"",""readiness_tag"":""rotation_development"",""rare_exception_allowed"":""limited"",""notes"":""Running back traits translate fastest; early NFL current rating can be high, but long-term potential/prime window is shorter.""}"
draft_translation,college_to_nfl_rating_translation.csv,college_to_nfl_rating_translation,runtime_tuning,136,RB,"{""position_group"":""RB"",""draft_capital_tier"":""round3"",""pick_min"":""65"",""pick_max"":""100"",""college_band"":""college_below_60"",""college_ovr_min"":""1"",""college_ovr_max"":""59"",""nfl_rookie_ovr_min"":""40"",""nfl_rookie_ovr_max"":""46"",""nfl_potential_min"":""60"",""nfl_potential_max"":""73"",""translation_uncertainty_sigma"":""0.16"",""readiness_tag"":""rotation_development"",""rare_exception_allowed"":""limited"",""notes"":""Running back traits translate fastest; early NFL current rating can be high, but long-term potential/prime window is shorter.""}"
draft_translation,college_to_nfl_rating_translation.csv,college_to_nfl_rating_translation,runtime_tuning,137,RB,"{""position_group"":""RB"",""draft_capital_tier"":""round4"",""pick_min"":""101"",""pick_max"":""140"",""college_band"":""college_98_99"",""college_ovr_min"":""98"",""college_ovr_max"":""99"",""nfl_rookie_ovr_min"":""69"",""nfl_rookie_ovr_max"":""77"",""nfl_potential_min"":""77"",""nfl_potential_max"":""87"",""translation_uncertainty_sigma"":""0.16"",""readiness_tag"":""depth_development"",""rare_exception_allowed"":""limited"",""notes"":""Running back traits translate fastest; early NFL current rating can be high, but long-term potential/prime window is shorter.""}"
draft_translation,college_to_nfl_rating_translation.csv,college_to_nfl_rating_translation,runtime_tuning,138,RB,"{""position_group"":""RB"",""draft_capital_tier"":""round4"",""pick_min"":""101"",""pick_max"":""140"",""college_band"":""college_95_97"",""college_ovr_min"":""95"",""college_ovr_max"":""97"",""nfl_rookie_ovr_min"":""67"",""nfl_rookie_ovr_max"":""75"",""nfl_potential_min"":""75"",""nfl_potential_max"":""86"",""translation_uncertainty_sigma"":""0.16"",""readiness_tag"":""depth_development"",""rare_exception_allowed"":""limited"",""notes"":""Running back traits translate fastest; early NFL current rating can be high, but long-term potential/prime window is shorter.""}"
draft_translation,college_to_nfl_rating_translation.csv,college_to_nfl_rating_translation,runtime_tuning,139,RB,"{""position_group"":""RB"",""draft_capital_tier"":""round4"",""pick_min"":""101"",""pick_max"":""140"",""college_band"":""college_90_94"",""college_ovr_min"":""90"",""college_ovr_max"":""94"",""nfl_rookie_ovr_min"":""65"",""nfl_rookie_ovr_max"":""73"",""nfl_potential_min"":""73"",""nfl_potential_max"":""85"",""translation_uncertainty_sigma"":""0.16"",""readiness_tag"":""depth_development"",""rare_exception_allowed"":""limited"",""notes"":""Running back traits translate fastest; early NFL current rating can be high, but long-term potential/prime window is shorter.""}"
draft_translation,college_to_nfl_rating_translation.csv,college_to_nfl_rating_translation,runtime_tuning,140,RB,"{""position_group"":""RB"",""draft_capital_tier"":""round4"",""pick_min"":""101"",""pick_max"":""140"",""college_band"":""college_84_89"",""college_ovr_min"":""84"",""college_ovr_max"":""89"",""nfl_rookie_ovr_min"":""62"",""nfl_rookie_ovr_max"":""70"",""nfl_potential_min"":""70"",""nfl_potential_max"":""83"",""translation_uncertainty_sigma"":""0.16"",""readiness_tag"":""depth_development"",""rare_exception_allowed"":""limited"",""notes"":""Running back traits translate fastest; early NFL current rating can be high, but long-term potential/prime window is shorter.""}"
draft_translation,college_to_nfl_rating_translation.csv,college_to_nfl_rating_translation,runtime_tuning,141,RB,"{""position_group"":""RB"",""draft_capital_tier"":""round4"",""pick_min"":""101"",""pick_max"":""140"",""college_band"":""college_78_83"",""college_ovr_min"":""78"",""college_ovr_max"":""83"",""nfl_rookie_ovr_min"":""58"",""nfl_rookie_ovr_max"":""66"",""nfl_potential_min"":""68"",""nfl_potential_max"":""81"",""translation_uncertainty_sigma"":""0.16"",""readiness_tag"":""depth_development"",""rare_exception_allowed"":""limited"",""notes"":""Running back traits translate fastest; early NFL current rating can be high, but long-term potential/prime window is shorter.""}"
draft_translation,college_to_nfl_rating_translation.csv,college_to_nfl_rating_translation,runtime_tuning,142,RB,"{""position_group"":""RB"",""draft_capital_tier"":""round4"",""pick_min"":""101"",""pick_max"":""140"",""college_band"":""college_70_77"",""college_ovr_min"":""70"",""college_ovr_max"":""77"",""nfl_rookie_ovr_min"":""52"",""nfl_rookie_ovr_max"":""59"",""nfl_potential_min"":""65"",""nfl_potential_max"":""78"",""translation_uncertainty_sigma"":""0.18"",""readiness_tag"":""depth_development"",""rare_exception_allowed"":""limited"",""notes"":""Running back traits translate fastest; early NFL current rating can be high, but long-term potential/prime window is shorter.""}"
draft_translation,college_to_nfl_rating_translation.csv,college_to_nfl_rating_translation,runtime_tuning,143,RB,"{""position_group"":""RB"",""draft_capital_tier"":""round4"",""pick_min"":""101"",""pick_max"":""140"",""college_band"":""college_60_69"",""college_ovr_min"":""60"",""college_ovr_max"":""69"",""nfl_rookie_ovr_min"":""44"",""nfl_rookie_ovr_max"":""50"",""nfl_potential_min"":""62"",""nfl_potential_max"":""75"",""translation_uncertainty_sigma"":""0.18"",""readiness_tag"":""depth_development"",""rare_exception_allowed"":""limited"",""notes"":""Running back traits translate fastest; early NFL current rating can be high, but long-term potential/prime window is shorter.""}"
draft_translation,college_to_nfl_rating_translation.csv,college_to_nfl_rating_translation,runtime_tuning,144,RB,"{""position_group"":""RB"",""draft_capital_tier"":""round4"",""pick_min"":""101"",""pick_max"":""140"",""college_band"":""college_below_60"",""college_ovr_min"":""1"",""college_ovr_max"":""59"",""nfl_rookie_ovr_min"":""38"",""nfl_rookie_ovr_max"":""43"",""nfl_potential_min"":""58"",""nfl_potential_max"":""71"",""translation_uncertainty_sigma"":""0.18"",""readiness_tag"":""depth_development"",""rare_exception_allowed"":""limited"",""notes"":""Running back traits translate fastest; early NFL current rating can be high, but long-term potential/prime window is shorter.""}"
draft_translation,college_to_nfl_rating_translation.csv,college_to_nfl_rating_translation,runtime_tuning,145,RB,"{""position_group"":""RB"",""draft_capital_tier"":""round5"",""pick_min"":""141"",""pick_max"":""180"",""college_band"":""college_98_99"",""college_ovr_min"":""98"",""college_ovr_max"":""99"",""nfl_rookie_ovr_min"":""66"",""nfl_rookie_ovr_max"":""74"",""nfl_potential_min"":""74"",""nfl_potential_max"":""85"",""translation_uncertainty_sigma"":""0.18"",""readiness_tag"":""depth_development"",""rare_exception_allowed"":""limited"",""notes"":""Running back traits translate fastest; early NFL current rating can be high, but long-term potential/prime window is shorter.""}"
draft_translation,college_to_nfl_rating_translation.csv,college_to_nfl_rating_translation,runtime_tuning,146,RB,"{""position_group"":""RB"",""draft_capital_tier"":""round5"",""pick_min"":""141"",""pick_max"":""180"",""college_band"":""college_95_97"",""college_ovr_min"":""95"",""college_ovr_max"":""97"",""nfl_rookie_ovr_min"":""64"",""nfl_rookie_ovr_max"":""72"",""nfl_potential_min"":""72"",""nfl_potential_max"":""84"",""translation_uncertainty_sigma"":""0.18"",""readiness_tag"":""depth_development"",""rare_exception_allowed"":""limited"",""notes"":""Running back traits translate fastest; early NFL current rating can be high, but long-term potential/prime window is shorter.""}"
draft_translation,college_to_nfl_rating_translation.csv,college_to_nfl_rating_translation,runtime_tuning,147,RB,"{""position_group"":""RB"",""draft_capital_tier"":""round5"",""pick_min"":""141"",""pick_max"":""180"",""college_band"":""college_90_94"",""college_ovr_min"":""90"",""college_ovr_max"":""94"",""nfl_rookie_ovr_min"":""62"",""nfl_rookie_ovr_max"":""70"",""nfl_potential_min"":""70"",""nfl_potential_max"":""83"",""translation_uncertainty_sigma"":""0.18"",""readiness_tag"":""depth_development"",""rare_exception_allowed"":""limited"",""notes"":""Running back traits translate fastest; early NFL current rating can be high, but long-term potential/prime window is shorter.""}"
draft_translation,college_to_nfl_rating_translation.csv,college_to_nfl_rating_translation,runtime_tuning,148,RB,"{""position_group"":""RB"",""draft_capital_tier"":""round5"",""pick_min"":""141"",""pick_max"":""180"",""college_band"":""college_84_89"",""college_ovr_min"":""84"",""college_ovr_max"":""89"",""nfl_rookie_ovr_min"":""59"",""nfl_rookie_ovr_max"":""67"",""nfl_potential_min"":""68"",""nfl_potential_max"":""81"",""translation_uncertainty_sigma"":""0.18"",""readiness_tag"":""depth_development"",""rare_exception_allowed"":""limited"",""notes"":""Running back traits translate fastest; early NFL current rating can be high, but long-term potential/prime window is shorter.""}"
draft_translation,college_to_nfl_rating_translation.csv,college_to_nfl_rating_translation,runtime_tuning,149,RB,"{""position_group"":""RB"",""draft_capital_tier"":""round5"",""pick_min"":""141"",""pick_max"":""180"",""college_band"":""college_78_83"",""college_ovr_min"":""78"",""college_ovr_max"":""83"",""nfl_rookie_ovr_min"":""55"",""nfl_rookie_ovr_max"":""63"",""nfl_potential_min"":""66"",""nfl_potential_max"":""79"",""translation_uncertainty_sigma"":""0.18"",""readiness_tag"":""depth_development"",""rare_exception_allowed"":""limited"",""notes"":""Running back traits translate fastest; early NFL current rating can be high, but long-term potential/prime window is shorter.""}"
draft_translation,college_to_nfl_rating_translation.csv,college_to_nfl_rating_translation,runtime_tuning,150,RB,"{""position_group"":""RB"",""draft_capital_tier"":""round5"",""pick_min"":""141"",""pick_max"":""180"",""college_band"":""college_70_77"",""college_ovr_min"":""70"",""college_ovr_max"":""77"",""nfl_rookie_ovr_min"":""49"",""nfl_rookie_ovr_max"":""56"",""nfl_potential_min"":""63"",""nfl_potential_max"":""76"",""translation_uncertainty_sigma"":""0.2"",""readiness_tag"":""depth_development"",""rare_exception_allowed"":""limited"",""notes"":""Running back traits translate fastest; early NFL current rating can be high, but long-term potential/prime window is shorter.""}"
draft_translation,college_to_nfl_rating_translation.csv,college_to_nfl_rating_translation,runtime_tuning,151,RB,"{""position_group"":""RB"",""draft_capital_tier"":""round5"",""pick_min"":""141"",""pick_max"":""180"",""college_band"":""college_60_69"",""college_ovr_min"":""60"",""college_ovr_max"":""69"",""nfl_rookie_ovr_min"":""41"",""nfl_rookie_ovr_max"":""47"",""nfl_potential_min"":""60"",""nfl_potential_max"":""73"",""translation_uncertainty_sigma"":""0.2"",""readiness_tag"":""depth_development"",""rare_exception_allowed"":""limited"",""notes"":""Running back traits translate fastest; early NFL current rating can be high, but long-term potential/prime window is shorter.""}"
draft_translation,college_to_nfl_rating_translation.csv,college_to_nfl_rating_translation,runtime_tuning,152,RB,"{""position_group"":""RB"",""draft_capital_tier"":""round5"",""pick_min"":""141"",""pick_max"":""180"",""college_band"":""college_below_60"",""college_ovr_min"":""1"",""college_ovr_max"":""59"",""nfl_rookie_ovr_min"":""38"",""nfl_rookie_ovr_max"":""40"",""nfl_potential_min"":""56"",""nfl_potential_max"":""69"",""translation_uncertainty_sigma"":""0.2"",""readiness_tag"":""depth_development"",""rare_exception_allowed"":""limited"",""notes"":""Running back traits translate fastest; early NFL current rating can be high, but long-term potential/prime window is shorter.""}"
draft_translation,college_to_nfl_rating_translation.csv,college_to_nfl_rating_translation,runtime_tuning,153,RB,"{""position_group"":""RB"",""draft_capital_tier"":""round6_7"",""pick_min"":""181"",""pick_max"":""260"",""college_band"":""college_98_99"",""college_ovr_min"":""98"",""college_ovr_max"":""99"",""nfl_rookie_ovr_min"":""63"",""nfl_rookie_ovr_max"":""71"",""nfl_potential_min"":""71"",""nfl_potential_max"":""82"",""translation_uncertainty_sigma"":""0.21"",""readiness_tag"":""longshot_roster"",""rare_exception_allowed"":""limited"",""notes"":""Running back traits translate fastest; early NFL current rating can be high, but long-term potential/prime window is shorter.""}"
draft_translation,college_to_nfl_rating_translation.csv,college_to_nfl_rating_translation,runtime_tuning,154,RB,"{""position_group"":""RB"",""draft_capital_tier"":""round6_7"",""pick_min"":""181"",""pick_max"":""260"",""college_band"":""college_95_97"",""college_ovr_min"":""95"",""college_ovr_max"":""97"",""nfl_rookie_ovr_min"":""61"",""nfl_rookie_ovr_max"":""69"",""nfl_potential_min"":""69"",""nfl_potential_max"":""81"",""translation_uncertainty_sigma"":""0.21"",""readiness_tag"":""longshot_roster"",""rare_exception_allowed"":""limited"",""notes"":""Running back traits translate fastest; early NFL current rating can be high, but long-term potential/prime window is shorter.""}"
draft_translation,college_to_nfl_rating_translation.csv,college_to_nfl_rating_translation,runtime_tuning,155,RB,"{""position_group"":""RB"",""draft_capital_tier"":""round6_7"",""pick_min"":""181"",""pick_max"":""260"",""college_band"":""college_90_94"",""college_ovr_min"":""90"",""college_ovr_max"":""94"",""nfl_rookie_ovr_min"":""59"",""nfl_rookie_ovr_max"":""67"",""nfl_potential_min"":""67"",""nfl_potential_max"":""80"",""translation_uncertainty_sigma"":""0.21"",""readiness_tag"":""longshot_roster"",""rare_exception_allowed"":""limited"",""notes"":""Running back traits translate fastest; early NFL current rating can be high, but long-term potential/prime window is shorter.""}"
draft_translation,college_to_nfl_rating_translation.csv,college_to_nfl_rating_translation,runtime_tuning,156,RB,"{""position_group"":""RB"",""draft_capital_tier"":""round6_7"",""pick_min"":""181"",""pick_max"":""260"",""college_band"":""college_84_89"",""college_ovr_min"":""84"",""college_ovr_max"":""89"",""nfl_rookie_ovr_min"":""56"",""nfl_rookie_ovr_max"":""64"",""nfl_potential_min"":""65"",""nfl_potential_max"":""78"",""translation_uncertainty_sigma"":""0.21"",""readiness_tag"":""longshot_roster"",""rare_exception_allowed"":""limited"",""notes"":""Running back traits translate fastest; early NFL current rating can be high, but long-term potential/prime window is shorter.""}"
draft_translation,college_to_nfl_rating_translation.csv,college_to_nfl_rating_translation,runtime_tuning,157,RB,"{""position_group"":""RB"",""draft_capital_tier"":""round6_7"",""pick_min"":""181"",""pick_max"":""260"",""college_band"":""college_78_83"",""college_ovr_min"":""78"",""college_ovr_max"":""83"",""nfl_rookie_ovr_min"":""52"",""nfl_rookie_ovr_max"":""60"",""nfl_potential_min"":""63"",""nfl_potential_max"":""76"",""translation_uncertainty_sigma"":""0.21"",""readiness_tag"":""longshot_roster"",""rare_exception_allowed"":""limited"",""notes"":""Running back traits translate fastest; early NFL current rating can be high, but long-term potential/prime window is shorter.""}"
draft_translation,college_to_nfl_rating_translation.csv,college_to_nfl_rating_translation,runtime_tuning,158,RB,"{""position_group"":""RB"",""draft_capital_tier"":""round6_7"",""pick_min"":""181"",""pick_max"":""260"",""college_band"":""college_70_77"",""college_ovr_min"":""70"",""college_ovr_max"":""77"",""nfl_rookie_ovr_min"":""46"",""nfl_rookie_ovr_max"":""53"",""nfl_potential_min"":""60"",""nfl_potential_max"":""73"",""translation_uncertainty_sigma"":""0.23"",""readiness_tag"":""longshot_roster"",""rare_exception_allowed"":""limited"",""notes"":""Running back traits translate fastest; early NFL current rating can be high, but long-term potential/prime window is shorter.""}"
draft_translation,college_to_nfl_rating_translation.csv,college_to_nfl_rating_translation,runtime_tuning,159,RB,"{""position_group"":""RB"",""draft_capital_tier"":""round6_7"",""pick_min"":""181"",""pick_max"":""260"",""college_band"":""college_60_69"",""college_ovr_min"":""60"",""college_ovr_max"":""69"",""nfl_rookie_ovr_min"":""38"",""nfl_rookie_ovr_max"":""44"",""nfl_potential_min"":""57"",""nfl_potential_max"":""70"",""translation_uncertainty_sigma"":""0.23"",""readiness_tag"":""longshot_roster"",""rare_exception_allowed"":""limited"",""notes"":""Running back traits translate fastest; early NFL current rating can be high, but long-term potential/prime window is shorter.""}"
draft_translation,college_to_nfl_rating_translation.csv,college_to_nfl_rating_translation,runtime_tuning,160,RB,"{""position_group"":""RB"",""draft_capital_tier"":""round6_7"",""pick_min"":""181"",""pick_max"":""260"",""college_band"":""college_below_60"",""college_ovr_min"":""1"",""college_ovr_max"":""59"",""nfl_rookie_ovr_min"":""38"",""nfl_rookie_ovr_max"":""40"",""nfl_potential_min"":""53"",""nfl_potential_max"":""66"",""translation_uncertainty_sigma"":""0.23"",""readiness_tag"":""longshot_roster"",""rare_exception_allowed"":""limited"",""notes"":""Running back traits translate fastest; early NFL current rating can be high, but long-term potential/prime window is shorter.""}"
draft_translation,college_to_nfl_rating_translation.csv,college_to_nfl_rating_translation,runtime_tuning,161,RB,"{""position_group"":""RB"",""draft_capital_tier"":""priority_udfa"",""pick_min"":""261"",""pick_max"":""999"",""college_band"":""college_98_99"",""college_ovr_min"":""98"",""college_ovr_max"":""99"",""nfl_rookie_ovr_min"":""60"",""nfl_rookie_ovr_max"":""68"",""nfl_potential_min"":""68"",""nfl_potential_max"":""80"",""translation_uncertainty_sigma"":""0.24"",""readiness_tag"":""camp_compete"",""rare_exception_allowed"":""yes"",""notes"":""Running back traits translate fastest; early NFL current rating can be high, but long-term potential/prime window is shorter.""}"
draft_translation,college_to_nfl_rating_translation.csv,college_to_nfl_rating_translation,runtime_tuning,162,RB,"{""position_group"":""RB"",""draft_capital_tier"":""priority_udfa"",""pick_min"":""261"",""pick_max"":""999"",""college_band"":""college_95_97"",""college_ovr_min"":""95"",""college_ovr_max"":""97"",""nfl_rookie_ovr_min"":""58"",""nfl_rookie_ovr_max"":""66"",""nfl_potential_min"":""66"",""nfl_potential_max"":""79"",""translation_uncertainty_sigma"":""0.24"",""readiness_tag"":""camp_compete"",""rare_exception_allowed"":""yes"",""notes"":""Running back traits translate fastest; early NFL current rating can be high, but long-term potential/prime window is shorter.""}"
draft_translation,college_to_nfl_rating_translation.csv,college_to_nfl_rating_translation,runtime_tuning,163,RB,"{""position_group"":""RB"",""draft_capital_tier"":""priority_udfa"",""pick_min"":""261"",""pick_max"":""999"",""college_band"":""college_90_94"",""college_ovr_min"":""90"",""college_ovr_max"":""94"",""nfl_rookie_ovr_min"":""56"",""nfl_rookie_ovr_max"":""64"",""nfl_potential_min"":""65"",""nfl_potential_max"":""78"",""translation_uncertainty_sigma"":""0.24"",""readiness_tag"":""camp_compete"",""rare_exception_allowed"":""yes"",""notes"":""Running back traits translate fastest; early NFL current rating can be high, but long-term potential/prime window is shorter.""}"
draft_translation,college_to_nfl_rating_translation.csv,college_to_nfl_rating_translation,runtime_tuning,164,RB,"{""position_group"":""RB"",""draft_capital_tier"":""priority_udfa"",""pick_min"":""261"",""pick_max"":""999"",""college_band"":""college_84_89"",""college_ovr_min"":""84"",""college_ovr_max"":""89"",""nfl_rookie_ovr_min"":""53"",""nfl_rookie_ovr_max"":""61"",""nfl_potential_min"":""63"",""nfl_potential_max"":""76"",""translation_uncertainty_sigma"":""0.24"",""readiness_tag"":""camp_compete"",""rare_exception_allowed"":""yes"",""notes"":""Running back traits translate fastest; early NFL current rating can be high, but long-term potential/prime window is shorter.""}"
draft_translation,college_to_nfl_rating_translation.csv,college_to_nfl_rating_translation,runtime_tuning,165,RB,"{""position_group"":""RB"",""draft_capital_tier"":""priority_udfa"",""pick_min"":""261"",""pick_max"":""999"",""college_band"":""college_78_83"",""college_ovr_min"":""78"",""college_ovr_max"":""83"",""nfl_rookie_ovr_min"":""49"",""nfl_rookie_ovr_max"":""57"",""nfl_potential_min"":""61"",""nfl_potential_max"":""74"",""translation_uncertainty_sigma"":""0.24"",""readiness_tag"":""camp_compete"",""rare_exception_allowed"":""yes"",""notes"":""Running back traits translate fastest; early NFL current rating can be high, but long-term potential/prime window is shorter.""}"
draft_translation,college_to_nfl_rating_translation.csv,college_to_nfl_rating_translation,runtime_tuning,166,RB,"{""position_group"":""RB"",""draft_capital_tier"":""priority_udfa"",""pick_min"":""261"",""pick_max"":""999"",""college_band"":""college_70_77"",""college_ovr_min"":""70"",""college_ovr_max"":""77"",""nfl_rookie_ovr_min"":""43"",""nfl_rookie_ovr_max"":""50"",""nfl_potential_min"":""58"",""nfl_potential_max"":""71"",""translation_uncertainty_sigma"":""0.26"",""readiness_tag"":""camp_compete"",""rare_exception_allowed"":""yes"",""notes"":""Running back traits translate fastest; early NFL current rating can be high, but long-term potential/prime window is shorter.""}"
draft_translation,college_to_nfl_rating_translation.csv,college_to_nfl_rating_translation,runtime_tuning,167,RB,"{""position_group"":""RB"",""draft_capital_tier"":""priority_udfa"",""pick_min"":""261"",""pick_max"":""999"",""college_band"":""college_60_69"",""college_ovr_min"":""60"",""college_ovr_max"":""69"",""nfl_rookie_ovr_min"":""38"",""nfl_rookie_ovr_max"":""41"",""nfl_potential_min"":""55"",""nfl_potential_max"":""68"",""translation_uncertainty_sigma"":""0.26"",""readiness_tag"":""camp_compete"",""rare_exception_allowed"":""yes"",""notes"":""Running back traits translate fastest; early NFL current rating can be high, but long-term potential/prime window is shorter.""}"
draft_translation,college_to_nfl_rating_translation.csv,college_to_nfl_rating_translation,runtime_tuning,168,RB,"{""position_group"":""RB"",""draft_capital_tier"":""priority_udfa"",""pick_min"":""261"",""pick_max"":""999"",""college_band"":""college_below_60"",""college_ovr_min"":""1"",""college_ovr_max"":""59"",""nfl_rookie_ovr_min"":""38"",""nfl_rookie_ovr_max"":""40"",""nfl_potential_min"":""51"",""nfl_potential_max"":""64"",""translation_uncertainty_sigma"":""0.26"",""readiness_tag"":""camp_compete"",""rare_exception_allowed"":""yes"",""notes"":""Running back traits translate fastest; early NFL current rating can be high, but long-term potential/prime window is shorter.""}"
draft_translation,college_to_nfl_rating_translation.csv,college_to_nfl_rating_translation,runtime_tuning,169,RB,"{""position_group"":""RB"",""draft_capital_tier"":""camp_udfa"",""pick_min"":""1000"",""pick_max"":""9999"",""college_band"":""college_98_99"",""college_ovr_min"":""98"",""college_ovr_max"":""99"",""nfl_rookie_ovr_min"":""56"",""nfl_rookie_ovr_max"":""64"",""nfl_potential_min"":""64"",""nfl_potential_max"":""77"",""translation_uncertainty_sigma"":""0.27"",""readiness_tag"":""camp_body"",""rare_exception_allowed"":""limited"",""notes"":""Running back traits translate fastest; early NFL current rating can be high, but long-term potential/prime window is shorter.""}"
draft_translation,college_to_nfl_rating_translation.csv,college_to_nfl_rating_translation,runtime_tuning,170,RB,"{""position_group"":""RB"",""draft_capital_tier"":""camp_udfa"",""pick_min"":""1000"",""pick_max"":""9999"",""college_band"":""college_95_97"",""college_ovr_min"":""95"",""college_ovr_max"":""97"",""nfl_rookie_ovr_min"":""54"",""nfl_rookie_ovr_max"":""62"",""nfl_potential_min"":""63"",""nfl_potential_max"":""76"",""translation_uncertainty_sigma"":""0.27"",""readiness_tag"":""camp_body"",""rare_exception_allowed"":""limited"",""notes"":""Running back traits translate fastest; early NFL current rating can be high, but long-term potential/prime window is shorter.""}"
draft_translation,college_to_nfl_rating_translation.csv,college_to_nfl_rating_translation,runtime_tuning,171,RB,"{""position_group"":""RB"",""draft_capital_tier"":""camp_udfa"",""pick_min"":""1000"",""pick_max"":""9999"",""college_band"":""college_90_94"",""college_ovr_min"":""90"",""college_ovr_max"":""94"",""nfl_rookie_ovr_min"":""52"",""nfl_rookie_ovr_max"":""60"",""nfl_potential_min"":""62"",""nfl_potential_max"":""75"",""translation_uncertainty_sigma"":""0.27"",""readiness_tag"":""camp_body"",""rare_exception_allowed"":""limited"",""notes"":""Running back traits translate fastest; early NFL current rating can be high, but long-term potential/prime window is shorter.""}"
draft_translation,college_to_nfl_rating_translation.csv,college_to_nfl_rating_translation,runtime_tuning,172,RB,"{""position_group"":""RB"",""draft_capital_tier"":""camp_udfa"",""pick_min"":""1000"",""pick_max"":""9999"",""college_band"":""college_84_89"",""college_ovr_min"":""84"",""college_ovr_max"":""89"",""nfl_rookie_ovr_min"":""49"",""nfl_rookie_ovr_max"":""57"",""nfl_potential_min"":""60"",""nfl_potential_max"":""73"",""translation_uncertainty_sigma"":""0.27"",""readiness_tag"":""camp_body"",""rare_exception_allowed"":""limited"",""notes"":""Running back traits translate fastest; early NFL current rating can be high, but long-term potential/prime window is shorter.""}"
draft_translation,college_to_nfl_rating_translation.csv,college_to_nfl_rating_translation,runtime_tuning,173,RB,"{""position_group"":""RB"",""draft_capital_tier"":""camp_udfa"",""pick_min"":""1000"",""pick_max"":""9999"",""college_band"":""college_78_83"",""college_ovr_min"":""78"",""college_ovr_max"":""83"",""nfl_rookie_ovr_min"":""45"",""nfl_rookie_ovr_max"":""53"",""nfl_potential_min"":""58"",""nfl_potential_max"":""71"",""translation_uncertainty_sigma"":""0.27"",""readiness_tag"":""camp_body"",""rare_exception_allowed"":""limited"",""notes"":""Running back traits translate fastest; early NFL current rating can be high, but long-term potential/prime window is shorter.""}"
draft_translation,college_to_nfl_rating_translation.csv,college_to_nfl_rating_translation,runtime_tuning,174,RB,"{""position_group"":""RB"",""draft_capital_tier"":""camp_udfa"",""pick_min"":""1000"",""pick_max"":""9999"",""college_band"":""college_70_77"",""college_ovr_min"":""70"",""college_ovr_max"":""77"",""nfl_rookie_ovr_min"":""39"",""nfl_rookie_ovr_max"":""46"",""nfl_potential_min"":""55"",""nfl_potential_max"":""68"",""translation_uncertainty_sigma"":""0.29"",""readiness_tag"":""camp_body"",""rare_exception_allowed"":""limited"",""notes"":""Running back traits translate fastest; early NFL current rating can be high, but long-term potential/prime window is shorter.""}"
draft_translation,college_to_nfl_rating_translation.csv,college_to_nfl_rating_translation,runtime_tuning,175,RB,"{""position_group"":""RB"",""draft_capital_tier"":""camp_udfa"",""pick_min"":""1000"",""pick_max"":""9999"",""college_band"":""college_60_69"",""college_ovr_min"":""60"",""college_ovr_max"":""69"",""nfl_rookie_ovr_min"":""38"",""nfl_rookie_ovr_max"":""40"",""nfl_potential_min"":""52"",""nfl_potential_max"":""65"",""translation_uncertainty_sigma"":""0.29"",""readiness_tag"":""camp_body"",""rare_exception_allowed"":""limited"",""notes"":""Running back traits translate fastest; early NFL current rating can be high, but long-term potential/prime window is shorter.""}"
draft_translation,college_to_nfl_rating_translation.csv,college_to_nfl_rating_translation,runtime_tuning,176,RB,"{""position_group"":""RB"",""draft_capital_tier"":""camp_udfa"",""pick_min"":""1000"",""pick_max"":""9999"",""college_band"":""college_below_60"",""college_ovr_min"":""1"",""college_ovr_max"":""59"",""nfl_rookie_ovr_min"":""38"",""nfl_rookie_ovr_max"":""40"",""nfl_potential_min"":""48"",""nfl_potential_max"":""61"",""translation_uncertainty_sigma"":""0.29"",""readiness_tag"":""camp_body"",""rare_exception_allowed"":""limited"",""notes"":""Running back traits translate fastest; early NFL current rating can be high, but long-term potential/prime window is shorter.""}"
draft_translation,college_to_nfl_rating_translation.csv,college_to_nfl_rating_translation,runtime_tuning,177,WR,"{""position_group"":""WR"",""draft_capital_tier"":""top_5"",""pick_min"":""1"",""pick_max"":""5"",""college_band"":""college_98_99"",""college_ovr_min"":""98"",""college_ovr_max"":""99"",""nfl_rookie_ovr_min"":""77"",""nfl_rookie_ovr_max"":""86"",""nfl_potential_min"":""88"",""nfl_potential_max"":""99"",""translation_uncertainty_sigma"":""0.1"",""readiness_tag"":""premium_day_one"",""rare_exception_allowed"":""yes"",""notes"":""Wide receivers vary heavily by route tree, release, separation, and QB/scheme context.""}"
draft_translation,college_to_nfl_rating_translation.csv,college_to_nfl_rating_translation,runtime_tuning,178,WR,"{""position_group"":""WR"",""draft_capital_tier"":""top_5"",""pick_min"":""1"",""pick_max"":""5"",""college_band"":""college_95_97"",""college_ovr_min"":""95"",""college_ovr_max"":""97"",""nfl_rookie_ovr_min"":""75"",""nfl_rookie_ovr_max"":""84"",""nfl_potential_min"":""87"",""nfl_potential_max"":""99"",""translation_uncertainty_sigma"":""0.1"",""readiness_tag"":""premium_day_one"",""rare_exception_allowed"":""yes"",""notes"":""Wide receivers vary heavily by route tree, release, separation, and QB/scheme context.""}"
draft_translation,college_to_nfl_rating_translation.csv,college_to_nfl_rating_translation,runtime_tuning,179,WR,"{""position_group"":""WR"",""draft_capital_tier"":""top_5"",""pick_min"":""1"",""pick_max"":""5"",""college_band"":""college_90_94"",""college_ovr_min"":""90"",""college_ovr_max"":""94"",""nfl_rookie_ovr_min"":""73"",""nfl_rookie_ovr_max"":""82"",""nfl_potential_min"":""86"",""nfl_potential_max"":""99"",""translation_uncertainty_sigma"":""0.1"",""readiness_tag"":""premium_day_one"",""rare_exception_allowed"":""yes"",""notes"":""Wide receivers vary heavily by route tree, release, separation, and QB/scheme context.""}"
draft_translation,college_to_nfl_rating_translation.csv,college_to_nfl_rating_translation,runtime_tuning,180,WR,"{""position_group"":""WR"",""draft_capital_tier"":""top_5"",""pick_min"":""1"",""pick_max"":""5"",""college_band"":""college_84_89"",""college_ovr_min"":""84"",""college_ovr_max"":""89"",""nfl_rookie_ovr_min"":""70"",""nfl_rookie_ovr_max"":""79"",""nfl_potential_min"":""84"",""nfl_potential_max"":""98"",""translation_uncertainty_sigma"":""0.1"",""readiness_tag"":""premium_day_one"",""rare_exception_allowed"":""yes"",""notes"":""Wide receivers vary heavily by route tree, release, separation, and QB/scheme context.""}"
draft_translation,college_to_nfl_rating_translation.csv,college_to_nfl_rating_translation,runtime_tuning,181,WR,"{""position_group"":""WR"",""draft_capital_tier"":""top_5"",""pick_min"":""1"",""pick_max"":""5"",""college_band"":""college_78_83"",""college_ovr_min"":""78"",""college_ovr_max"":""83"",""nfl_rookie_ovr_min"":""66"",""nfl_rookie_ovr_max"":""75"",""nfl_potential_min"":""82"",""nfl_potential_max"":""96"",""translation_uncertainty_sigma"":""0.1"",""readiness_tag"":""premium_day_one"",""rare_exception_allowed"":""yes"",""notes"":""Wide receivers vary heavily by route tree, release, separation, and QB/scheme context.""}"
draft_translation,college_to_nfl_rating_translation.csv,college_to_nfl_rating_translation,runtime_tuning,182,WR,"{""position_group"":""WR"",""draft_capital_tier"":""top_5"",""pick_min"":""1"",""pick_max"":""5"",""college_band"":""college_70_77"",""college_ovr_min"":""70"",""college_ovr_max"":""77"",""nfl_rookie_ovr_min"":""60"",""nfl_rookie_ovr_max"":""68"",""nfl_potential_min"":""79"",""nfl_potential_max"":""93"",""translation_uncertainty_sigma"":""0.12"",""readiness_tag"":""premium_day_one"",""rare_exception_allowed"":""yes"",""notes"":""Wide receivers vary heavily by route tree, release, separation, and QB/scheme context.""}"
draft_translation,college_to_nfl_rating_translation.csv,college_to_nfl_rating_translation,runtime_tuning,183,WR,"{""position_group"":""WR"",""draft_capital_tier"":""top_5"",""pick_min"":""1"",""pick_max"":""5"",""college_band"":""college_60_69"",""college_ovr_min"":""60"",""college_ovr_max"":""69"",""nfl_rookie_ovr_min"":""52"",""nfl_rookie_ovr_max"":""59"",""nfl_potential_min"":""76"",""nfl_potential_max"":""90"",""translation_uncertainty_sigma"":""0.12"",""readiness_tag"":""premium_day_one"",""rare_exception_allowed"":""yes"",""notes"":""Wide receivers vary heavily by route tree, release, separation, and QB/scheme context.""}"
draft_translation,college_to_nfl_rating_translation.csv,college_to_nfl_rating_translation,runtime_tuning,184,WR,"{""position_group"":""WR"",""draft_capital_tier"":""top_5"",""pick_min"":""1"",""pick_max"":""5"",""college_band"":""college_below_60"",""college_ovr_min"":""1"",""college_ovr_max"":""59"",""nfl_rookie_ovr_min"":""45"",""nfl_rookie_ovr_max"":""52"",""nfl_potential_min"":""72"",""nfl_potential_max"":""86"",""translation_uncertainty_sigma"":""0.12"",""readiness_tag"":""premium_day_one"",""rare_exception_allowed"":""yes"",""notes"":""Wide receivers vary heavily by route tree, release, separation, and QB/scheme context.""}"
draft_translation,college_to_nfl_rating_translation.csv,college_to_nfl_rating_translation,runtime_tuning,185,WR,"{""position_group"":""WR"",""draft_capital_tier"":""top_10"",""pick_min"":""6"",""pick_max"":""10"",""college_band"":""college_98_99"",""college_ovr_min"":""98"",""college_ovr_max"":""99"",""nfl_rookie_ovr_min"":""75"",""nfl_rookie_ovr_max"":""84"",""nfl_potential_min"":""87"",""nfl_potential_max"":""99"",""translation_uncertainty_sigma"":""0.11"",""readiness_tag"":""premium_day_one"",""rare_exception_allowed"":""yes"",""notes"":""Wide receivers vary heavily by route tree, release, separation, and QB/scheme context.""}"
draft_translation,college_to_nfl_rating_translation.csv,college_to_nfl_rating_translation,runtime_tuning,186,WR,"{""position_group"":""WR"",""draft_capital_tier"":""top_10"",""pick_min"":""6"",""pick_max"":""10"",""college_band"":""college_95_97"",""college_ovr_min"":""95"",""college_ovr_max"":""97"",""nfl_rookie_ovr_min"":""73"",""nfl_rookie_ovr_max"":""82"",""nfl_potential_min"":""86"",""nfl_potential_max"":""99"",""translation_uncertainty_sigma"":""0.11"",""readiness_tag"":""premium_day_one"",""rare_exception_allowed"":""yes"",""notes"":""Wide receivers vary heavily by route tree, release, separation, and QB/scheme context.""}"
draft_translation,college_to_nfl_rating_translation.csv,college_to_nfl_rating_translation,runtime_tuning,187,WR,"{""position_group"":""WR"",""draft_capital_tier"":""top_10"",""pick_min"":""6"",""pick_max"":""10"",""college_band"":""college_90_94"",""college_ovr_min"":""90"",""college_ovr_max"":""94"",""nfl_rookie_ovr_min"":""71"",""nfl_rookie_ovr_max"":""80"",""nfl_potential_min"":""85"",""nfl_potential_max"":""99"",""translation_uncertainty_sigma"":""0.11"",""readiness_tag"":""premium_day_one"",""rare_exception_allowed"":""yes"",""notes"":""Wide receivers vary heavily by route tree, release, separation, and QB/scheme context.""}"
draft_translation,college_to_nfl_rating_translation.csv,college_to_nfl_rating_translation,runtime_tuning,188,WR,"{""position_group"":""WR"",""draft_capital_tier"":""top_10"",""pick_min"":""6"",""pick_max"":""10"",""college_band"":""college_84_89"",""college_ovr_min"":""84"",""college_ovr_max"":""89"",""nfl_rookie_ovr_min"":""68"",""nfl_rookie_ovr_max"":""77"",""nfl_potential_min"":""83"",""nfl_potential_max"":""97"",""translation_uncertainty_sigma"":""0.11"",""readiness_tag"":""premium_day_one"",""rare_exception_allowed"":""yes"",""notes"":""Wide receivers vary heavily by route tree, release, separation, and QB/scheme context.""}"
draft_translation,college_to_nfl_rating_translation.csv,college_to_nfl_rating_translation,runtime_tuning,189,WR,"{""position_group"":""WR"",""draft_capital_tier"":""top_10"",""pick_min"":""6"",""pick_max"":""10"",""college_band"":""college_78_83"",""college_ovr_min"":""78"",""college_ovr_max"":""83"",""nfl_rookie_ovr_min"":""64"",""nfl_rookie_ovr_max"":""73"",""nfl_potential_min"":""81"",""nfl_potential_max"":""95"",""translation_uncertainty_sigma"":""0.11"",""readiness_tag"":""premium_day_one"",""rare_exception_allowed"":""yes"",""notes"":""Wide receivers vary heavily by route tree, release, separation, and QB/scheme context.""}"
draft_translation,college_to_nfl_rating_translation.csv,college_to_nfl_rating_translation,runtime_tuning,190,WR,"{""position_group"":""WR"",""draft_capital_tier"":""top_10"",""pick_min"":""6"",""pick_max"":""10"",""college_band"":""college_70_77"",""college_ovr_min"":""70"",""college_ovr_max"":""77"",""nfl_rookie_ovr_min"":""58"",""nfl_rookie_ovr_max"":""66"",""nfl_potential_min"":""78"",""nfl_potential_max"":""92"",""translation_uncertainty_sigma"":""0.13"",""readiness_tag"":""premium_day_one"",""rare_exception_allowed"":""yes"",""notes"":""Wide receivers vary heavily by route tree, release, separation, and QB/scheme context.""}"
draft_translation,college_to_nfl_rating_translation.csv,college_to_nfl_rating_translation,runtime_tuning,191,WR,"{""position_group"":""WR"",""draft_capital_tier"":""top_10"",""pick_min"":""6"",""pick_max"":""10"",""college_band"":""college_60_69"",""college_ovr_min"":""60"",""college_ovr_max"":""69"",""nfl_rookie_ovr_min"":""50"",""nfl_rookie_ovr_max"":""57"",""nfl_potential_min"":""75"",""nfl_potential_max"":""89"",""translation_uncertainty_sigma"":""0.13"",""readiness_tag"":""premium_day_one"",""rare_exception_allowed"":""yes"",""notes"":""Wide receivers vary heavily by route tree, release, separation, and QB/scheme context.""}"
draft_translation,college_to_nfl_rating_translation.csv,college_to_nfl_rating_translation,runtime_tuning,192,WR,"{""position_group"":""WR"",""draft_capital_tier"":""top_10"",""pick_min"":""6"",""pick_max"":""10"",""college_band"":""college_below_60"",""college_ovr_min"":""1"",""college_ovr_max"":""59"",""nfl_rookie_ovr_min"":""43"",""nfl_rookie_ovr_max"":""50"",""nfl_potential_min"":""71"",""nfl_potential_max"":""85"",""translation_uncertainty_sigma"":""0.13"",""readiness_tag"":""premium_day_one"",""rare_exception_allowed"":""yes"",""notes"":""Wide receivers vary heavily by route tree, release, separation, and QB/scheme context.""}"
draft_translation,college_to_nfl_rating_translation.csv,college_to_nfl_rating_translation,runtime_tuning,193,WR,"{""position_group"":""WR"",""draft_capital_tier"":""round1_early_mid"",""pick_min"":""11"",""pick_max"":""20"",""college_band"":""college_98_99"",""college_ovr_min"":""98"",""college_ovr_max"":""99"",""nfl_rookie_ovr_min"":""73"",""nfl_rookie_ovr_max"":""82"",""nfl_potential_min"":""85"",""nfl_potential_max"":""99"",""translation_uncertainty_sigma"":""0.12"",""readiness_tag"":""day_one_compete"",""rare_exception_allowed"":""yes"",""notes"":""Wide receivers vary heavily by route tree, release, separation, and QB/scheme context.""}"
draft_translation,college_to_nfl_rating_translation.csv,college_to_nfl_rating_translation,runtime_tuning,194,WR,"{""position_group"":""WR"",""draft_capital_tier"":""round1_early_mid"",""pick_min"":""11"",""pick_max"":""20"",""college_band"":""college_95_97"",""college_ovr_min"":""95"",""college_ovr_max"":""97"",""nfl_rookie_ovr_min"":""71"",""nfl_rookie_ovr_max"":""80"",""nfl_potential_min"":""84"",""nfl_potential_max"":""98"",""translation_uncertainty_sigma"":""0.12"",""readiness_tag"":""day_one_compete"",""rare_exception_allowed"":""yes"",""notes"":""Wide receivers vary heavily by route tree, release, separation, and QB/scheme context.""}"
draft_translation,college_to_nfl_rating_translation.csv,college_to_nfl_rating_translation,runtime_tuning,195,WR,"{""position_group"":""WR"",""draft_capital_tier"":""round1_early_mid"",""pick_min"":""11"",""pick_max"":""20"",""college_band"":""college_90_94"",""college_ovr_min"":""90"",""college_ovr_max"":""94"",""nfl_rookie_ovr_min"":""69"",""nfl_rookie_ovr_max"":""78"",""nfl_potential_min"":""83"",""nfl_potential_max"":""97"",""translation_uncertainty_sigma"":""0.12"",""readiness_tag"":""day_one_compete"",""rare_exception_allowed"":""yes"",""notes"":""Wide receivers vary heavily by route tree, release, separation, and QB/scheme context.""}"
draft_translation,college_to_nfl_rating_translation.csv,college_to_nfl_rating_translation,runtime_tuning,196,WR,"{""position_group"":""WR"",""draft_capital_tier"":""round1_early_mid"",""pick_min"":""11"",""pick_max"":""20"",""college_band"":""college_84_89"",""college_ovr_min"":""84"",""college_ovr_max"":""89"",""nfl_rookie_ovr_min"":""66"",""nfl_rookie_ovr_max"":""75"",""nfl_potential_min"":""81"",""nfl_potential_max"":""95"",""translation_uncertainty_sigma"":""0.12"",""readiness_tag"":""day_one_compete"",""rare_exception_allowed"":""yes"",""notes"":""Wide receivers vary heavily by route tree, release, separation, and QB/scheme context.""}"
draft_translation,college_to_nfl_rating_translation.csv,college_to_nfl_rating_translation,runtime_tuning,197,WR,"{""position_group"":""WR"",""draft_capital_tier"":""round1_early_mid"",""pick_min"":""11"",""pick_max"":""20"",""college_band"":""college_78_83"",""college_ovr_min"":""78"",""college_ovr_max"":""83"",""nfl_rookie_ovr_min"":""62"",""nfl_rookie_ovr_max"":""71"",""nfl_potential_min"":""79"",""nfl_potential_max"":""93"",""translation_uncertainty_sigma"":""0.12"",""readiness_tag"":""day_one_compete"",""rare_exception_allowed"":""yes"",""notes"":""Wide receivers vary heavily by route tree, release, separation, and QB/scheme context.""}"
draft_translation,college_to_nfl_rating_translation.csv,college_to_nfl_rating_translation,runtime_tuning,198,WR,"{""position_group"":""WR"",""draft_capital_tier"":""round1_early_mid"",""pick_min"":""11"",""pick_max"":""20"",""college_band"":""college_70_77"",""college_ovr_min"":""70"",""college_ovr_max"":""77"",""nfl_rookie_ovr_min"":""56"",""nfl_rookie_ovr_max"":""64"",""nfl_potential_min"":""76"",""nfl_potential_max"":""90"",""translation_uncertainty_sigma"":""0.14"",""readiness_tag"":""day_one_compete"",""rare_exception_allowed"":""yes"",""notes"":""Wide receivers vary heavily by route tree, release, separation, and QB/scheme context.""}"
draft_translation,college_to_nfl_rating_translation.csv,college_to_nfl_rating_translation,runtime_tuning,199,WR,"{""position_group"":""WR"",""draft_capital_tier"":""round1_early_mid"",""pick_min"":""11"",""pick_max"":""20"",""college_band"":""college_60_69"",""college_ovr_min"":""60"",""college_ovr_max"":""69"",""nfl_rookie_ovr_min"":""48"",""nfl_rookie_ovr_max"":""55"",""nfl_potential_min"":""73"",""nfl_potential_max"":""87"",""translation_uncertainty_sigma"":""0.14"",""readiness_tag"":""day_one_compete"",""rare_exception_allowed"":""yes"",""notes"":""Wide receivers vary heavily by route tree, release, separation, and QB/scheme context.""}"
draft_translation,college_to_nfl_rating_translation.csv,college_to_nfl_rating_translation,runtime_tuning,200,WR,"{""position_group"":""WR"",""draft_capital_tier"":""round1_early_mid"",""pick_min"":""11"",""pick_max"":""20"",""college_band"":""college_below_60"",""college_ovr_min"":""1"",""college_ovr_max"":""59"",""nfl_rookie_ovr_min"":""41"",""nfl_rookie_ovr_max"":""48"",""nfl_potential_min"":""69"",""nfl_potential_max"":""83"",""translation_uncertainty_sigma"":""0.14"",""readiness_tag"":""day_one_compete"",""rare_exception_allowed"":""yes"",""notes"":""Wide receivers vary heavily by route tree, release, separation, and QB/scheme context.""}"
draft_translation,college_to_nfl_rating_translation.csv,college_to_nfl_rating_translation,runtime_tuning,201,WR,"{""position_group"":""WR"",""draft_capital_tier"":""round1_late"",""pick_min"":""21"",""pick_max"":""32"",""college_band"":""college_98_99"",""college_ovr_min"":""98"",""college_ovr_max"":""99"",""nfl_rookie_ovr_min"":""71"",""nfl_rookie_ovr_max"":""80"",""nfl_potential_min"":""84"",""nfl_potential_max"":""98"",""translation_uncertainty_sigma"":""0.13"",""readiness_tag"":""day_one_compete"",""rare_exception_allowed"":""limited"",""notes"":""Wide receivers vary heavily by route tree, release, separation, and QB/scheme context.""}"
draft_translation,college_to_nfl_rating_translation.csv,college_to_nfl_rating_translation,runtime_tuning,202,WR,"{""position_group"":""WR"",""draft_capital_tier"":""round1_late"",""pick_min"":""21"",""pick_max"":""32"",""college_band"":""college_95_97"",""college_ovr_min"":""95"",""college_ovr_max"":""97"",""nfl_rookie_ovr_min"":""69"",""nfl_rookie_ovr_max"":""78"",""nfl_potential_min"":""83"",""nfl_potential_max"":""97"",""translation_uncertainty_sigma"":""0.13"",""readiness_tag"":""day_one_compete"",""rare_exception_allowed"":""limited"",""notes"":""Wide receivers vary heavily by route tree, release, separation, and QB/scheme context.""}"
draft_translation,college_to_nfl_rating_translation.csv,college_to_nfl_rating_translation,runtime_tuning,203,WR,"{""position_group"":""WR"",""draft_capital_tier"":""round1_late"",""pick_min"":""21"",""pick_max"":""32"",""college_band"":""college_90_94"",""college_ovr_min"":""90"",""college_ovr_max"":""94"",""nfl_rookie_ovr_min"":""67"",""nfl_rookie_ovr_max"":""76"",""nfl_potential_min"":""82"",""nfl_potential_max"":""96"",""translation_uncertainty_sigma"":""0.13"",""readiness_tag"":""day_one_compete"",""rare_exception_allowed"":""limited"",""notes"":""Wide receivers vary heavily by route tree, release, separation, and QB/scheme context.""}"
draft_translation,college_to_nfl_rating_translation.csv,college_to_nfl_rating_translation,runtime_tuning,204,WR,"{""position_group"":""WR"",""draft_capital_tier"":""round1_late"",""pick_min"":""21"",""pick_max"":""32"",""college_band"":""college_84_89"",""college_ovr_min"":""84"",""college_ovr_max"":""89"",""nfl_rookie_ovr_min"":""64"",""nfl_rookie_ovr_max"":""73"",""nfl_potential_min"":""80"",""nfl_potential_max"":""94"",""translation_uncertainty_sigma"":""0.13"",""readiness_tag"":""day_one_compete"",""rare_exception_allowed"":""limited"",""notes"":""Wide receivers vary heavily by route tree, release, separation, and QB/scheme context.""}"
draft_translation,college_to_nfl_rating_translation.csv,college_to_nfl_rating_translation,runtime_tuning,205,WR,"{""position_group"":""WR"",""draft_capital_tier"":""round1_late"",""pick_min"":""21"",""pick_max"":""32"",""college_band"":""college_78_83"",""college_ovr_min"":""78"",""college_ovr_max"":""83"",""nfl_rookie_ovr_min"":""60"",""nfl_rookie_ovr_max"":""69"",""nfl_potential_min"":""78"",""nfl_potential_max"":""92"",""translation_uncertainty_sigma"":""0.13"",""readiness_tag"":""day_one_compete"",""rare_exception_allowed"":""limited"",""notes"":""Wide receivers vary heavily by route tree, release, separation, and QB/scheme context.""}"
draft_translation,college_to_nfl_rating_translation.csv,college_to_nfl_rating_translation,runtime_tuning,206,WR,"{""position_group"":""WR"",""draft_capital_tier"":""round1_late"",""pick_min"":""21"",""pick_max"":""32"",""college_band"":""college_70_77"",""college_ovr_min"":""70"",""college_ovr_max"":""77"",""nfl_rookie_ovr_min"":""54"",""nfl_rookie_ovr_max"":""62"",""nfl_potential_min"":""75"",""nfl_potential_max"":""89"",""translation_uncertainty_sigma"":""0.15"",""readiness_tag"":""day_one_compete"",""rare_exception_allowed"":""limited"",""notes"":""Wide receivers vary heavily by route tree, release, separation, and QB/scheme context.""}"
draft_translation,college_to_nfl_rating_translation.csv,college_to_nfl_rating_translation,runtime_tuning,207,WR,"{""position_group"":""WR"",""draft_capital_tier"":""round1_late"",""pick_min"":""21"",""pick_max"":""32"",""college_band"":""college_60_69"",""college_ovr_min"":""60"",""college_ovr_max"":""69"",""nfl_rookie_ovr_min"":""46"",""nfl_rookie_ovr_max"":""53"",""nfl_potential_min"":""72"",""nfl_potential_max"":""86"",""translation_uncertainty_sigma"":""0.15"",""readiness_tag"":""day_one_compete"",""rare_exception_allowed"":""limited"",""notes"":""Wide receivers vary heavily by route tree, release, separation, and QB/scheme context.""}"
draft_translation,college_to_nfl_rating_translation.csv,college_to_nfl_rating_translation,runtime_tuning,208,WR,"{""position_group"":""WR"",""draft_capital_tier"":""round1_late"",""pick_min"":""21"",""pick_max"":""32"",""college_band"":""college_below_60"",""college_ovr_min"":""1"",""college_ovr_max"":""59"",""nfl_rookie_ovr_min"":""39"",""nfl_rookie_ovr_max"":""46"",""nfl_potential_min"":""68"",""nfl_potential_max"":""82"",""translation_uncertainty_sigma"":""0.15"",""readiness_tag"":""day_one_compete"",""rare_exception_allowed"":""limited"",""notes"":""Wide receivers vary heavily by route tree, release, separation, and QB/scheme context.""}"
draft_translation,college_to_nfl_rating_translation.csv,college_to_nfl_rating_translation,runtime_tuning,209,WR,"{""position_group"":""WR"",""draft_capital_tier"":""round2"",""pick_min"":""33"",""pick_max"":""64"",""college_band"":""college_98_99"",""college_ovr_min"":""98"",""college_ovr_max"":""99"",""nfl_rookie_ovr_min"":""68"",""nfl_rookie_ovr_max"":""77"",""nfl_potential_min"":""82"",""nfl_potential_max"":""96"",""translation_uncertainty_sigma"":""0.15"",""readiness_tag"":""rotation_early"",""rare_exception_allowed"":""limited"",""notes"":""Wide receivers vary heavily by route tree, release, separation, and QB/scheme context.""}"
draft_translation,college_to_nfl_rating_translation.csv,college_to_nfl_rating_translation,runtime_tuning,210,WR,"{""position_group"":""WR"",""draft_capital_tier"":""round2"",""pick_min"":""33"",""pick_max"":""64"",""college_band"":""college_95_97"",""college_ovr_min"":""95"",""college_ovr_max"":""97"",""nfl_rookie_ovr_min"":""66"",""nfl_rookie_ovr_max"":""75"",""nfl_potential_min"":""81"",""nfl_potential_max"":""95"",""translation_uncertainty_sigma"":""0.15"",""readiness_tag"":""rotation_early"",""rare_exception_allowed"":""limited"",""notes"":""Wide receivers vary heavily by route tree, release, separation, and QB/scheme context.""}"
draft_translation,college_to_nfl_rating_translation.csv,college_to_nfl_rating_translation,runtime_tuning,211,WR,"{""position_group"":""WR"",""draft_capital_tier"":""round2"",""pick_min"":""33"",""pick_max"":""64"",""college_band"":""college_90_94"",""college_ovr_min"":""90"",""college_ovr_max"":""94"",""nfl_rookie_ovr_min"":""64"",""nfl_rookie_ovr_max"":""73"",""nfl_potential_min"":""80"",""nfl_potential_max"":""94"",""translation_uncertainty_sigma"":""0.15"",""readiness_tag"":""rotation_early"",""rare_exception_allowed"":""limited"",""notes"":""Wide receivers vary heavily by route tree, release, separation, and QB/scheme context.""}"
draft_translation,college_to_nfl_rating_translation.csv,college_to_nfl_rating_translation,runtime_tuning,212,WR,"{""position_group"":""WR"",""draft_capital_tier"":""round2"",""pick_min"":""33"",""pick_max"":""64"",""college_band"":""college_84_89"",""college_ovr_min"":""84"",""college_ovr_max"":""89"",""nfl_rookie_ovr_min"":""61"",""nfl_rookie_ovr_max"":""70"",""nfl_potential_min"":""78"",""nfl_potential_max"":""92"",""translation_uncertainty_sigma"":""0.15"",""readiness_tag"":""rotation_early"",""rare_exception_allowed"":""limited"",""notes"":""Wide receivers vary heavily by route tree, release, separation, and QB/scheme context.""}"
draft_translation,college_to_nfl_rating_translation.csv,college_to_nfl_rating_translation,runtime_tuning,213,WR,"{""position_group"":""WR"",""draft_capital_tier"":""round2"",""pick_min"":""33"",""pick_max"":""64"",""college_band"":""college_78_83"",""college_ovr_min"":""78"",""college_ovr_max"":""83"",""nfl_rookie_ovr_min"":""57"",""nfl_rookie_ovr_max"":""66"",""nfl_potential_min"":""76"",""nfl_potential_max"":""90"",""translation_uncertainty_sigma"":""0.15"",""readiness_tag"":""rotation_early"",""rare_exception_allowed"":""limited"",""notes"":""Wide receivers vary heavily by route tree, release, separation, and QB/scheme context.""}"
draft_translation,college_to_nfl_rating_translation.csv,college_to_nfl_rating_translation,runtime_tuning,214,WR,"{""position_group"":""WR"",""draft_capital_tier"":""round2"",""pick_min"":""33"",""pick_max"":""64"",""college_band"":""college_70_77"",""college_ovr_min"":""70"",""college_ovr_max"":""77"",""nfl_rookie_ovr_min"":""51"",""nfl_rookie_ovr_max"":""59"",""nfl_potential_min"":""73"",""nfl_potential_max"":""87"",""translation_uncertainty_sigma"":""0.17"",""readiness_tag"":""rotation_early"",""rare_exception_allowed"":""limited"",""notes"":""Wide receivers vary heavily by route tree, release, separation, and QB/scheme context.""}"
draft_translation,college_to_nfl_rating_translation.csv,college_to_nfl_rating_translation,runtime_tuning,215,WR,"{""position_group"":""WR"",""draft_capital_tier"":""round2"",""pick_min"":""33"",""pick_max"":""64"",""college_band"":""college_60_69"",""college_ovr_min"":""60"",""college_ovr_max"":""69"",""nfl_rookie_ovr_min"":""43"",""nfl_rookie_ovr_max"":""50"",""nfl_potential_min"":""70"",""nfl_potential_max"":""84"",""translation_uncertainty_sigma"":""0.17"",""readiness_tag"":""rotation_early"",""rare_exception_allowed"":""limited"",""notes"":""Wide receivers vary heavily by route tree, release, separation, and QB/scheme context.""}"
draft_translation,college_to_nfl_rating_translation.csv,college_to_nfl_rating_translation,runtime_tuning,216,WR,"{""position_group"":""WR"",""draft_capital_tier"":""round2"",""pick_min"":""33"",""pick_max"":""64"",""college_band"":""college_below_60"",""college_ovr_min"":""1"",""college_ovr_max"":""59"",""nfl_rookie_ovr_min"":""36"",""nfl_rookie_ovr_max"":""43"",""nfl_potential_min"":""66"",""nfl_potential_max"":""80"",""translation_uncertainty_sigma"":""0.17"",""readiness_tag"":""rotation_early"",""rare_exception_allowed"":""limited"",""notes"":""Wide receivers vary heavily by route tree, release, separation, and QB/scheme context.""}"
draft_translation,college_to_nfl_rating_translation.csv,college_to_nfl_rating_translation,runtime_tuning,217,WR,"{""position_group"":""WR"",""draft_capital_tier"":""round3"",""pick_min"":""65"",""pick_max"":""100"",""college_band"":""college_98_99"",""college_ovr_min"":""98"",""college_ovr_max"":""99"",""nfl_rookie_ovr_min"":""65"",""nfl_rookie_ovr_max"":""74"",""nfl_potential_min"":""80"",""nfl_potential_max"":""94"",""translation_uncertainty_sigma"":""0.18"",""readiness_tag"":""rotation_development"",""rare_exception_allowed"":""limited"",""notes"":""Wide receivers vary heavily by route tree, release, separation, and QB/scheme context.""}"
draft_translation,college_to_nfl_rating_translation.csv,college_to_nfl_rating_translation,runtime_tuning,218,WR,"{""position_group"":""WR"",""draft_capital_tier"":""round3"",""pick_min"":""65"",""pick_max"":""100"",""college_band"":""college_95_97"",""college_ovr_min"":""95"",""college_ovr_max"":""97"",""nfl_rookie_ovr_min"":""63"",""nfl_rookie_ovr_max"":""72"",""nfl_potential_min"":""79"",""nfl_potential_max"":""93"",""translation_uncertainty_sigma"":""0.18"",""readiness_tag"":""rotation_development"",""rare_exception_allowed"":""limited"",""notes"":""Wide receivers vary heavily by route tree, release, separation, and QB/scheme context.""}"
draft_translation,college_to_nfl_rating_translation.csv,college_to_nfl_rating_translation,runtime_tuning,219,WR,"{""position_group"":""WR"",""draft_capital_tier"":""round3"",""pick_min"":""65"",""pick_max"":""100"",""college_band"":""college_90_94"",""college_ovr_min"":""90"",""college_ovr_max"":""94"",""nfl_rookie_ovr_min"":""61"",""nfl_rookie_ovr_max"":""70"",""nfl_potential_min"":""78"",""nfl_potential_max"":""92"",""translation_uncertainty_sigma"":""0.18"",""readiness_tag"":""rotation_development"",""rare_exception_allowed"":""limited"",""notes"":""Wide receivers vary heavily by route tree, release, separation, and QB/scheme context.""}"
draft_translation,college_to_nfl_rating_translation.csv,college_to_nfl_rating_translation,runtime_tuning,220,WR,"{""position_group"":""WR"",""draft_capital_tier"":""round3"",""pick_min"":""65"",""pick_max"":""100"",""college_band"":""college_84_89"",""college_ovr_min"":""84"",""college_ovr_max"":""89"",""nfl_rookie_ovr_min"":""58"",""nfl_rookie_ovr_max"":""67"",""nfl_potential_min"":""76"",""nfl_potential_max"":""90"",""translation_uncertainty_sigma"":""0.18"",""readiness_tag"":""rotation_development"",""rare_exception_allowed"":""limited"",""notes"":""Wide receivers vary heavily by route tree, release, separation, and QB/scheme context.""}"
draft_translation,college_to_nfl_rating_translation.csv,college_to_nfl_rating_translation,runtime_tuning,221,WR,"{""position_group"":""WR"",""draft_capital_tier"":""round3"",""pick_min"":""65"",""pick_max"":""100"",""college_band"":""college_78_83"",""college_ovr_min"":""78"",""college_ovr_max"":""83"",""nfl_rookie_ovr_min"":""54"",""nfl_rookie_ovr_max"":""63"",""nfl_potential_min"":""74"",""nfl_potential_max"":""88"",""translation_uncertainty_sigma"":""0.18"",""readiness_tag"":""rotation_development"",""rare_exception_allowed"":""limited"",""notes"":""Wide receivers vary heavily by route tree, release, separation, and QB/scheme context.""}"
draft_translation,college_to_nfl_rating_translation.csv,college_to_nfl_rating_translation,runtime_tuning,222,WR,"{""position_group"":""WR"",""draft_capital_tier"":""round3"",""pick_min"":""65"",""pick_max"":""100"",""college_band"":""college_70_77"",""college_ovr_min"":""70"",""college_ovr_max"":""77"",""nfl_rookie_ovr_min"":""48"",""nfl_rookie_ovr_max"":""56"",""nfl_potential_min"":""71"",""nfl_potential_max"":""85"",""translation_uncertainty_sigma"":""0.2"",""readiness_tag"":""rotation_development"",""rare_exception_allowed"":""limited"",""notes"":""Wide receivers vary heavily by route tree, release, separation, and QB/scheme context.""}"
draft_translation,college_to_nfl_rating_translation.csv,college_to_nfl_rating_translation,runtime_tuning,223,WR,"{""position_group"":""WR"",""draft_capital_tier"":""round3"",""pick_min"":""65"",""pick_max"":""100"",""college_band"":""college_60_69"",""college_ovr_min"":""60"",""college_ovr_max"":""69"",""nfl_rookie_ovr_min"":""40"",""nfl_rookie_ovr_max"":""47"",""nfl_potential_min"":""68"",""nfl_potential_max"":""82"",""translation_uncertainty_sigma"":""0.2"",""readiness_tag"":""rotation_development"",""rare_exception_allowed"":""limited"",""notes"":""Wide receivers vary heavily by route tree, release, separation, and QB/scheme context.""}"
draft_translation,college_to_nfl_rating_translation.csv,college_to_nfl_rating_translation,runtime_tuning,224,WR,"{""position_group"":""WR"",""draft_capital_tier"":""round3"",""pick_min"":""65"",""pick_max"":""100"",""college_band"":""college_below_60"",""college_ovr_min"":""1"",""college_ovr_max"":""59"",""nfl_rookie_ovr_min"":""36"",""nfl_rookie_ovr_max"":""40"",""nfl_potential_min"":""64"",""nfl_potential_max"":""78"",""translation_uncertainty_sigma"":""0.2"",""readiness_tag"":""rotation_development"",""rare_exception_allowed"":""limited"",""notes"":""Wide receivers vary heavily by route tree, release, separation, and QB/scheme context.""}"
draft_translation,college_to_nfl_rating_translation.csv,college_to_nfl_rating_translation,runtime_tuning,225,WR,"{""position_group"":""WR"",""draft_capital_tier"":""round4"",""pick_min"":""101"",""pick_max"":""140"",""college_band"":""college_98_99"",""college_ovr_min"":""98"",""college_ovr_max"":""99"",""nfl_rookie_ovr_min"":""62"",""nfl_rookie_ovr_max"":""71"",""nfl_potential_min"":""78"",""nfl_potential_max"":""92"",""translation_uncertainty_sigma"":""0.2"",""readiness_tag"":""depth_development"",""rare_exception_allowed"":""limited"",""notes"":""Wide receivers vary heavily by route tree, release, separation, and QB/scheme context.""}"
draft_translation,college_to_nfl_rating_translation.csv,college_to_nfl_rating_translation,runtime_tuning,226,WR,"{""position_group"":""WR"",""draft_capital_tier"":""round4"",""pick_min"":""101"",""pick_max"":""140"",""college_band"":""college_95_97"",""college_ovr_min"":""95"",""college_ovr_max"":""97"",""nfl_rookie_ovr_min"":""60"",""nfl_rookie_ovr_max"":""69"",""nfl_potential_min"":""77"",""nfl_potential_max"":""91"",""translation_uncertainty_sigma"":""0.2"",""readiness_tag"":""depth_development"",""rare_exception_allowed"":""limited"",""notes"":""Wide receivers vary heavily by route tree, release, separation, and QB/scheme context.""}"
draft_translation,college_to_nfl_rating_translation.csv,college_to_nfl_rating_translation,runtime_tuning,227,WR,"{""position_group"":""WR"",""draft_capital_tier"":""round4"",""pick_min"":""101"",""pick_max"":""140"",""college_band"":""college_90_94"",""college_ovr_min"":""90"",""college_ovr_max"":""94"",""nfl_rookie_ovr_min"":""58"",""nfl_rookie_ovr_max"":""67"",""nfl_potential_min"":""76"",""nfl_potential_max"":""90"",""translation_uncertainty_sigma"":""0.2"",""readiness_tag"":""depth_development"",""rare_exception_allowed"":""limited"",""notes"":""Wide receivers vary heavily by route tree, release, separation, and QB/scheme context.""}"
draft_translation,college_to_nfl_rating_translation.csv,college_to_nfl_rating_translation,runtime_tuning,228,WR,"{""position_group"":""WR"",""draft_capital_tier"":""round4"",""pick_min"":""101"",""pick_max"":""140"",""college_band"":""college_84_89"",""college_ovr_min"":""84"",""college_ovr_max"":""89"",""nfl_rookie_ovr_min"":""55"",""nfl_rookie_ovr_max"":""64"",""nfl_potential_min"":""74"",""nfl_potential_max"":""88"",""translation_uncertainty_sigma"":""0.2"",""readiness_tag"":""depth_development"",""rare_exception_allowed"":""limited"",""notes"":""Wide receivers vary heavily by route tree, release, separation, and QB/scheme context.""}"
draft_translation,college_to_nfl_rating_translation.csv,college_to_nfl_rating_translation,runtime_tuning,229,WR,"{""position_group"":""WR"",""draft_capital_tier"":""round4"",""pick_min"":""101"",""pick_max"":""140"",""college_band"":""college_78_83"",""college_ovr_min"":""78"",""college_ovr_max"":""83"",""nfl_rookie_ovr_min"":""51"",""nfl_rookie_ovr_max"":""60"",""nfl_potential_min"":""72"",""nfl_potential_max"":""86"",""translation_uncertainty_sigma"":""0.2"",""readiness_tag"":""depth_development"",""rare_exception_allowed"":""limited"",""notes"":""Wide receivers vary heavily by route tree, release, separation, and QB/scheme context.""}"
draft_translation,college_to_nfl_rating_translation.csv,college_to_nfl_rating_translation,runtime_tuning,230,WR,"{""position_group"":""WR"",""draft_capital_tier"":""round4"",""pick_min"":""101"",""pick_max"":""140"",""college_band"":""college_70_77"",""college_ovr_min"":""70"",""college_ovr_max"":""77"",""nfl_rookie_ovr_min"":""45"",""nfl_rookie_ovr_max"":""53"",""nfl_potential_min"":""69"",""nfl_potential_max"":""83"",""translation_uncertainty_sigma"":""0.22"",""readiness_tag"":""depth_development"",""rare_exception_allowed"":""limited"",""notes"":""Wide receivers vary heavily by route tree, release, separation, and QB/scheme context.""}"
draft_translation,college_to_nfl_rating_translation.csv,college_to_nfl_rating_translation,runtime_tuning,231,WR,"{""position_group"":""WR"",""draft_capital_tier"":""round4"",""pick_min"":""101"",""pick_max"":""140"",""college_band"":""college_60_69"",""college_ovr_min"":""60"",""college_ovr_max"":""69"",""nfl_rookie_ovr_min"":""37"",""nfl_rookie_ovr_max"":""44"",""nfl_potential_min"":""66"",""nfl_potential_max"":""80"",""translation_uncertainty_sigma"":""0.22"",""readiness_tag"":""depth_development"",""rare_exception_allowed"":""limited"",""notes"":""Wide receivers vary heavily by route tree, release, separation, and QB/scheme context.""}"
draft_translation,college_to_nfl_rating_translation.csv,college_to_nfl_rating_translation,runtime_tuning,232,WR,"{""position_group"":""WR"",""draft_capital_tier"":""round4"",""pick_min"":""101"",""pick_max"":""140"",""college_band"":""college_below_60"",""college_ovr_min"":""1"",""college_ovr_max"":""59"",""nfl_rookie_ovr_min"":""36"",""nfl_rookie_ovr_max"":""38"",""nfl_potential_min"":""62"",""nfl_potential_max"":""76"",""translation_uncertainty_sigma"":""0.22"",""readiness_tag"":""depth_development"",""rare_exception_allowed"":""limited"",""notes"":""Wide receivers vary heavily by route tree, release, separation, and QB/scheme context.""}"
draft_translation,college_to_nfl_rating_translation.csv,college_to_nfl_rating_translation,runtime_tuning,233,WR,"{""position_group"":""WR"",""draft_capital_tier"":""round5"",""pick_min"":""141"",""pick_max"":""180"",""college_band"":""college_98_99"",""college_ovr_min"":""98"",""college_ovr_max"":""99"",""nfl_rookie_ovr_min"":""59"",""nfl_rookie_ovr_max"":""68"",""nfl_potential_min"":""76"",""nfl_potential_max"":""90"",""translation_uncertainty_sigma"":""0.22"",""readiness_tag"":""depth_development"",""rare_exception_allowed"":""limited"",""notes"":""Wide receivers vary heavily by route tree, release, separation, and QB/scheme context.""}"
draft_translation,college_to_nfl_rating_translation.csv,college_to_nfl_rating_translation,runtime_tuning,234,WR,"{""position_group"":""WR"",""draft_capital_tier"":""round5"",""pick_min"":""141"",""pick_max"":""180"",""college_band"":""college_95_97"",""college_ovr_min"":""95"",""college_ovr_max"":""97"",""nfl_rookie_ovr_min"":""57"",""nfl_rookie_ovr_max"":""66"",""nfl_potential_min"":""75"",""nfl_potential_max"":""89"",""translation_uncertainty_sigma"":""0.22"",""readiness_tag"":""depth_development"",""rare_exception_allowed"":""limited"",""notes"":""Wide receivers vary heavily by route tree, release, separation, and QB/scheme context.""}"
draft_translation,college_to_nfl_rating_translation.csv,college_to_nfl_rating_translation,runtime_tuning,235,WR,"{""position_group"":""WR"",""draft_capital_tier"":""round5"",""pick_min"":""141"",""pick_max"":""180"",""college_band"":""college_90_94"",""college_ovr_min"":""90"",""college_ovr_max"":""94"",""nfl_rookie_ovr_min"":""55"",""nfl_rookie_ovr_max"":""64"",""nfl_potential_min"":""74"",""nfl_potential_max"":""88"",""translation_uncertainty_sigma"":""0.22"",""readiness_tag"":""depth_development"",""rare_exception_allowed"":""limited"",""notes"":""Wide receivers vary heavily by route tree, release, separation, and QB/scheme context.""}"
draft_translation,college_to_nfl_rating_translation.csv,college_to_nfl_rating_translation,runtime_tuning,236,WR,"{""position_group"":""WR"",""draft_capital_tier"":""round5"",""pick_min"":""141"",""pick_max"":""180"",""college_band"":""college_84_89"",""college_ovr_min"":""84"",""college_ovr_max"":""89"",""nfl_rookie_ovr_min"":""52"",""nfl_rookie_ovr_max"":""61"",""nfl_potential_min"":""72"",""nfl_potential_max"":""86"",""translation_uncertainty_sigma"":""0.22"",""readiness_tag"":""depth_development"",""rare_exception_allowed"":""limited"",""notes"":""Wide receivers vary heavily by route tree, release, separation, and QB/scheme context.""}"
draft_translation,college_to_nfl_rating_translation.csv,college_to_nfl_rating_translation,runtime_tuning,237,WR,"{""position_group"":""WR"",""draft_capital_tier"":""round5"",""pick_min"":""141"",""pick_max"":""180"",""college_band"":""college_78_83"",""college_ovr_min"":""78"",""college_ovr_max"":""83"",""nfl_rookie_ovr_min"":""48"",""nfl_rookie_ovr_max"":""57"",""nfl_potential_min"":""70"",""nfl_potential_max"":""84"",""translation_uncertainty_sigma"":""0.22"",""readiness_tag"":""depth_development"",""rare_exception_allowed"":""limited"",""notes"":""Wide receivers vary heavily by route tree, release, separation, and QB/scheme context.""}"
draft_translation,college_to_nfl_rating_translation.csv,college_to_nfl_rating_translation,runtime_tuning,238,WR,"{""position_group"":""WR"",""draft_capital_tier"":""round5"",""pick_min"":""141"",""pick_max"":""180"",""college_band"":""college_70_77"",""college_ovr_min"":""70"",""college_ovr_max"":""77"",""nfl_rookie_ovr_min"":""42"",""nfl_rookie_ovr_max"":""50"",""nfl_potential_min"":""67"",""nfl_potential_max"":""81"",""translation_uncertainty_sigma"":""0.24"",""readiness_tag"":""depth_development"",""rare_exception_allowed"":""limited"",""notes"":""Wide receivers vary heavily by route tree, release, separation, and QB/scheme context.""}"
draft_translation,college_to_nfl_rating_translation.csv,college_to_nfl_rating_translation,runtime_tuning,239,WR,"{""position_group"":""WR"",""draft_capital_tier"":""round5"",""pick_min"":""141"",""pick_max"":""180"",""college_band"":""college_60_69"",""college_ovr_min"":""60"",""college_ovr_max"":""69"",""nfl_rookie_ovr_min"":""36"",""nfl_rookie_ovr_max"":""41"",""nfl_potential_min"":""64"",""nfl_potential_max"":""78"",""translation_uncertainty_sigma"":""0.24"",""readiness_tag"":""depth_development"",""rare_exception_allowed"":""limited"",""notes"":""Wide receivers vary heavily by route tree, release, separation, and QB/scheme context.""}"
draft_translation,college_to_nfl_rating_translation.csv,college_to_nfl_rating_translation,runtime_tuning,240,WR,"{""position_group"":""WR"",""draft_capital_tier"":""round5"",""pick_min"":""141"",""pick_max"":""180"",""college_band"":""college_below_60"",""college_ovr_min"":""1"",""college_ovr_max"":""59"",""nfl_rookie_ovr_min"":""36"",""nfl_rookie_ovr_max"":""38"",""nfl_potential_min"":""60"",""nfl_potential_max"":""74"",""translation_uncertainty_sigma"":""0.24"",""readiness_tag"":""depth_development"",""rare_exception_allowed"":""limited"",""notes"":""Wide receivers vary heavily by route tree, release, separation, and QB/scheme context.""}"
draft_translation,college_to_nfl_rating_translation.csv,college_to_nfl_rating_translation,runtime_tuning,241,WR,"{""position_group"":""WR"",""draft_capital_tier"":""round6_7"",""pick_min"":""181"",""pick_max"":""260"",""college_band"":""college_98_99"",""college_ovr_min"":""98"",""college_ovr_max"":""99"",""nfl_rookie_ovr_min"":""56"",""nfl_rookie_ovr_max"":""65"",""nfl_potential_min"":""73"",""nfl_potential_max"":""87"",""translation_uncertainty_sigma"":""0.25"",""readiness_tag"":""longshot_roster"",""rare_exception_allowed"":""limited"",""notes"":""Wide receivers vary heavily by route tree, release, separation, and QB/scheme context.""}"
draft_translation,college_to_nfl_rating_translation.csv,college_to_nfl_rating_translation,runtime_tuning,242,WR,"{""position_group"":""WR"",""draft_capital_tier"":""round6_7"",""pick_min"":""181"",""pick_max"":""260"",""college_band"":""college_95_97"",""college_ovr_min"":""95"",""college_ovr_max"":""97"",""nfl_rookie_ovr_min"":""54"",""nfl_rookie_ovr_max"":""63"",""nfl_potential_min"":""72"",""nfl_potential_max"":""86"",""translation_uncertainty_sigma"":""0.25"",""readiness_tag"":""longshot_roster"",""rare_exception_allowed"":""limited"",""notes"":""Wide receivers vary heavily by route tree, release, separation, and QB/scheme context.""}"
draft_translation,college_to_nfl_rating_translation.csv,college_to_nfl_rating_translation,runtime_tuning,243,WR,"{""position_group"":""WR"",""draft_capital_tier"":""round6_7"",""pick_min"":""181"",""pick_max"":""260"",""college_band"":""college_90_94"",""college_ovr_min"":""90"",""college_ovr_max"":""94"",""nfl_rookie_ovr_min"":""52"",""nfl_rookie_ovr_max"":""61"",""nfl_potential_min"":""71"",""nfl_potential_max"":""85"",""translation_uncertainty_sigma"":""0.25"",""readiness_tag"":""longshot_roster"",""rare_exception_allowed"":""limited"",""notes"":""Wide receivers vary heavily by route tree, release, separation, and QB/scheme context.""}"
draft_translation,college_to_nfl_rating_translation.csv,college_to_nfl_rating_translation,runtime_tuning,244,WR,"{""position_group"":""WR"",""draft_capital_tier"":""round6_7"",""pick_min"":""181"",""pick_max"":""260"",""college_band"":""college_84_89"",""college_ovr_min"":""84"",""college_ovr_max"":""89"",""nfl_rookie_ovr_min"":""49"",""nfl_rookie_ovr_max"":""58"",""nfl_potential_min"":""69"",""nfl_potential_max"":""83"",""translation_uncertainty_sigma"":""0.25"",""readiness_tag"":""longshot_roster"",""rare_exception_allowed"":""limited"",""notes"":""Wide receivers vary heavily by route tree, release, separation, and QB/scheme context.""}"
draft_translation,college_to_nfl_rating_translation.csv,college_to_nfl_rating_translation,runtime_tuning,245,WR,"{""position_group"":""WR"",""draft_capital_tier"":""round6_7"",""pick_min"":""181"",""pick_max"":""260"",""college_band"":""college_78_83"",""college_ovr_min"":""78"",""college_ovr_max"":""83"",""nfl_rookie_ovr_min"":""45"",""nfl_rookie_ovr_max"":""54"",""nfl_potential_min"":""67"",""nfl_potential_max"":""81"",""translation_uncertainty_sigma"":""0.25"",""readiness_tag"":""longshot_roster"",""rare_exception_allowed"":""limited"",""notes"":""Wide receivers vary heavily by route tree, release, separation, and QB/scheme context.""}"
draft_translation,college_to_nfl_rating_translation.csv,college_to_nfl_rating_translation,runtime_tuning,246,WR,"{""position_group"":""WR"",""draft_capital_tier"":""round6_7"",""pick_min"":""181"",""pick_max"":""260"",""college_band"":""college_70_77"",""college_ovr_min"":""70"",""college_ovr_max"":""77"",""nfl_rookie_ovr_min"":""39"",""nfl_rookie_ovr_max"":""47"",""nfl_potential_min"":""64"",""nfl_potential_max"":""78"",""translation_uncertainty_sigma"":""0.27"",""readiness_tag"":""longshot_roster"",""rare_exception_allowed"":""limited"",""notes"":""Wide receivers vary heavily by route tree, release, separation, and QB/scheme context.""}"
draft_translation,college_to_nfl_rating_translation.csv,college_to_nfl_rating_translation,runtime_tuning,247,WR,"{""position_group"":""WR"",""draft_capital_tier"":""round6_7"",""pick_min"":""181"",""pick_max"":""260"",""college_band"":""college_60_69"",""college_ovr_min"":""60"",""college_ovr_max"":""69"",""nfl_rookie_ovr_min"":""36"",""nfl_rookie_ovr_max"":""38"",""nfl_potential_min"":""61"",""nfl_potential_max"":""75"",""translation_uncertainty_sigma"":""0.27"",""readiness_tag"":""longshot_roster"",""rare_exception_allowed"":""limited"",""notes"":""Wide receivers vary heavily by route tree, release, separation, and QB/scheme context.""}"
draft_translation,college_to_nfl_rating_translation.csv,college_to_nfl_rating_translation,runtime_tuning,248,WR,"{""position_group"":""WR"",""draft_capital_tier"":""round6_7"",""pick_min"":""181"",""pick_max"":""260"",""college_band"":""college_below_60"",""college_ovr_min"":""1"",""college_ovr_max"":""59"",""nfl_rookie_ovr_min"":""36"",""nfl_rookie_ovr_max"":""38"",""nfl_potential_min"":""57"",""nfl_potential_max"":""71"",""translation_uncertainty_sigma"":""0.27"",""readiness_tag"":""longshot_roster"",""rare_exception_allowed"":""limited"",""notes"":""Wide receivers vary heavily by route tree, release, separation, and QB/scheme context.""}"
draft_translation,college_to_nfl_rating_translation.csv,college_to_nfl_rating_translation,runtime_tuning,249,WR,"{""position_group"":""WR"",""draft_capital_tier"":""priority_udfa"",""pick_min"":""261"",""pick_max"":""999"",""college_band"":""college_98_99"",""college_ovr_min"":""98"",""college_ovr_max"":""99"",""nfl_rookie_ovr_min"":""53"",""nfl_rookie_ovr_max"":""62"",""nfl_potential_min"":""71"",""nfl_potential_max"":""85"",""translation_uncertainty_sigma"":""0.28"",""readiness_tag"":""camp_compete"",""rare_exception_allowed"":""yes"",""notes"":""Wide receivers vary heavily by route tree, release, separation, and QB/scheme context.""}"
draft_translation,college_to_nfl_rating_translation.csv,college_to_nfl_rating_translation,runtime_tuning,250,WR,"{""position_group"":""WR"",""draft_capital_tier"":""priority_udfa"",""pick_min"":""261"",""pick_max"":""999"",""college_band"":""college_95_97"",""college_ovr_min"":""95"",""college_ovr_max"":""97"",""nfl_rookie_ovr_min"":""51"",""nfl_rookie_ovr_max"":""60"",""nfl_potential_min"":""70"",""nfl_potential_max"":""84"",""translation_uncertainty_sigma"":""0.28"",""readiness_tag"":""camp_compete"",""rare_exception_allowed"":""yes"",""notes"":""Wide receivers vary heavily by route tree, release, separation, and QB/scheme context.""}"
draft_translation,college_to_nfl_rating_translation.csv,college_to_nfl_rating_translation,runtime_tuning,251,WR,"{""position_group"":""WR"",""draft_capital_tier"":""priority_udfa"",""pick_min"":""261"",""pick_max"":""999"",""college_band"":""college_90_94"",""college_ovr_min"":""90"",""college_ovr_max"":""94"",""nfl_rookie_ovr_min"":""49"",""nfl_rookie_ovr_max"":""58"",""nfl_potential_min"":""69"",""nfl_potential_max"":""83"",""translation_uncertainty_sigma"":""0.28"",""readiness_tag"":""camp_compete"",""rare_exception_allowed"":""yes"",""notes"":""Wide receivers vary heavily by route tree, release, separation, and QB/scheme context.""}"
draft_translation,college_to_nfl_rating_translation.csv,college_to_nfl_rating_translation,runtime_tuning,252,WR,"{""position_group"":""WR"",""draft_capital_tier"":""priority_udfa"",""pick_min"":""261"",""pick_max"":""999"",""college_band"":""college_84_89"",""college_ovr_min"":""84"",""college_ovr_max"":""89"",""nfl_rookie_ovr_min"":""46"",""nfl_rookie_ovr_max"":""55"",""nfl_potential_min"":""67"",""nfl_potential_max"":""81"",""translation_uncertainty_sigma"":""0.28"",""readiness_tag"":""camp_compete"",""rare_exception_allowed"":""yes"",""notes"":""Wide receivers vary heavily by route tree, release, separation, and QB/scheme context.""}"
draft_translation,college_to_nfl_rating_translation.csv,college_to_nfl_rating_translation,runtime_tuning,253,WR,"{""position_group"":""WR"",""draft_capital_tier"":""priority_udfa"",""pick_min"":""261"",""pick_max"":""999"",""college_band"":""college_78_83"",""college_ovr_min"":""78"",""college_ovr_max"":""83"",""nfl_rookie_ovr_min"":""42"",""nfl_rookie_ovr_max"":""51"",""nfl_potential_min"":""65"",""nfl_potential_max"":""79"",""translation_uncertainty_sigma"":""0.28"",""readiness_tag"":""camp_compete"",""rare_exception_allowed"":""yes"",""notes"":""Wide receivers vary heavily by route tree, release, separation, and QB/scheme context.""}"
draft_translation,college_to_nfl_rating_translation.csv,college_to_nfl_rating_translation,runtime_tuning,254,WR,"{""position_group"":""WR"",""draft_capital_tier"":""priority_udfa"",""pick_min"":""261"",""pick_max"":""999"",""college_band"":""college_70_77"",""college_ovr_min"":""70"",""college_ovr_max"":""77"",""nfl_rookie_ovr_min"":""36"",""nfl_rookie_ovr_max"":""44"",""nfl_potential_min"":""62"",""nfl_potential_max"":""76"",""translation_uncertainty_sigma"":""0.3"",""readiness_tag"":""camp_compete"",""rare_exception_allowed"":""yes"",""notes"":""Wide receivers vary heavily by route tree, release, separation, and QB/scheme context.""}"
draft_translation,college_to_nfl_rating_translation.csv,college_to_nfl_rating_translation,runtime_tuning,255,WR,"{""position_group"":""WR"",""draft_capital_tier"":""priority_udfa"",""pick_min"":""261"",""pick_max"":""999"",""college_band"":""college_60_69"",""college_ovr_min"":""60"",""college_ovr_max"":""69"",""nfl_rookie_ovr_min"":""36"",""nfl_rookie_ovr_max"":""38"",""nfl_potential_min"":""59"",""nfl_potential_max"":""73"",""translation_uncertainty_sigma"":""0.3"",""readiness_tag"":""camp_compete"",""rare_exception_allowed"":""yes"",""notes"":""Wide receivers vary heavily by route tree, release, separation, and QB/scheme context.""}"
draft_translation,college_to_nfl_rating_translation.csv,college_to_nfl_rating_translation,runtime_tuning,256,WR,"{""position_group"":""WR"",""draft_capital_tier"":""priority_udfa"",""pick_min"":""261"",""pick_max"":""999"",""college_band"":""college_below_60"",""college_ovr_min"":""1"",""college_ovr_max"":""59"",""nfl_rookie_ovr_min"":""36"",""nfl_rookie_ovr_max"":""38"",""nfl_potential_min"":""55"",""nfl_potential_max"":""69"",""translation_uncertainty_sigma"":""0.3"",""readiness_tag"":""camp_compete"",""rare_exception_allowed"":""yes"",""notes"":""Wide receivers vary heavily by route tree, release, separation, and QB/scheme context.""}"
draft_translation,college_to_nfl_rating_translation.csv,college_to_nfl_rating_translation,runtime_tuning,257,WR,"{""position_group"":""WR"",""draft_capital_tier"":""camp_udfa"",""pick_min"":""1000"",""pick_max"":""9999"",""college_band"":""college_98_99"",""college_ovr_min"":""98"",""college_ovr_max"":""99"",""nfl_rookie_ovr_min"":""49"",""nfl_rookie_ovr_max"":""58"",""nfl_potential_min"":""68"",""nfl_potential_max"":""82"",""translation_uncertainty_sigma"":""0.31"",""readiness_tag"":""camp_body"",""rare_exception_allowed"":""limited"",""notes"":""Wide receivers vary heavily by route tree, release, separation, and QB/scheme context.""}"
draft_translation,college_to_nfl_rating_translation.csv,college_to_nfl_rating_translation,runtime_tuning,258,WR,"{""position_group"":""WR"",""draft_capital_tier"":""camp_udfa"",""pick_min"":""1000"",""pick_max"":""9999"",""college_band"":""college_95_97"",""college_ovr_min"":""95"",""college_ovr_max"":""97"",""nfl_rookie_ovr_min"":""47"",""nfl_rookie_ovr_max"":""56"",""nfl_potential_min"":""67"",""nfl_potential_max"":""81"",""translation_uncertainty_sigma"":""0.31"",""readiness_tag"":""camp_body"",""rare_exception_allowed"":""limited"",""notes"":""Wide receivers vary heavily by route tree, release, separation, and QB/scheme context.""}"
draft_translation,college_to_nfl_rating_translation.csv,college_to_nfl_rating_translation,runtime_tuning,259,WR,"{""position_group"":""WR"",""draft_capital_tier"":""camp_udfa"",""pick_min"":""1000"",""pick_max"":""9999"",""college_band"":""college_90_94"",""college_ovr_min"":""90"",""college_ovr_max"":""94"",""nfl_rookie_ovr_min"":""45"",""nfl_rookie_ovr_max"":""54"",""nfl_potential_min"":""66"",""nfl_potential_max"":""80"",""translation_uncertainty_sigma"":""0.31"",""readiness_tag"":""camp_body"",""rare_exception_allowed"":""limited"",""notes"":""Wide receivers vary heavily by route tree, release, separation, and QB/scheme context.""}"
draft_translation,college_to_nfl_rating_translation.csv,college_to_nfl_rating_translation,runtime_tuning,260,WR,"{""position_group"":""WR"",""draft_capital_tier"":""camp_udfa"",""pick_min"":""1000"",""pick_max"":""9999"",""college_band"":""college_84_89"",""college_ovr_min"":""84"",""college_ovr_max"":""89"",""nfl_rookie_ovr_min"":""42"",""nfl_rookie_ovr_max"":""51"",""nfl_potential_min"":""64"",""nfl_potential_max"":""78"",""translation_uncertainty_sigma"":""0.31"",""readiness_tag"":""camp_body"",""rare_exception_allowed"":""limited"",""notes"":""Wide receivers vary heavily by route tree, release, separation, and QB/scheme context.""}"
draft_translation,college_to_nfl_rating_translation.csv,college_to_nfl_rating_translation,runtime_tuning,261,WR,"{""position_group"":""WR"",""draft_capital_tier"":""camp_udfa"",""pick_min"":""1000"",""pick_max"":""9999"",""college_band"":""college_78_83"",""college_ovr_min"":""78"",""college_ovr_max"":""83"",""nfl_rookie_ovr_min"":""38"",""nfl_rookie_ovr_max"":""47"",""nfl_potential_min"":""62"",""nfl_potential_max"":""76"",""translation_uncertainty_sigma"":""0.31"",""readiness_tag"":""camp_body"",""rare_exception_allowed"":""limited"",""notes"":""Wide receivers vary heavily by route tree, release, separation, and QB/scheme context.""}"
draft_translation,college_to_nfl_rating_translation.csv,college_to_nfl_rating_translation,runtime_tuning,262,WR,"{""position_group"":""WR"",""draft_capital_tier"":""camp_udfa"",""pick_min"":""1000"",""pick_max"":""9999"",""college_band"":""college_70_77"",""college_ovr_min"":""70"",""college_ovr_max"":""77"",""nfl_rookie_ovr_min"":""36"",""nfl_rookie_ovr_max"":""40"",""nfl_potential_min"":""59"",""nfl_potential_max"":""73"",""translation_uncertainty_sigma"":""0.33"",""readiness_tag"":""camp_body"",""rare_exception_allowed"":""limited"",""notes"":""Wide receivers vary heavily by route tree, release, separation, and QB/scheme context.""}"
draft_translation,college_to_nfl_rating_translation.csv,college_to_nfl_rating_translation,runtime_tuning,263,WR,"{""position_group"":""WR"",""draft_capital_tier"":""camp_udfa"",""pick_min"":""1000"",""pick_max"":""9999"",""college_band"":""college_60_69"",""college_ovr_min"":""60"",""college_ovr_max"":""69"",""nfl_rookie_ovr_min"":""36"",""nfl_rookie_ovr_max"":""38"",""nfl_potential_min"":""56"",""nfl_potential_max"":""70"",""translation_uncertainty_sigma"":""0.33"",""readiness_tag"":""camp_body"",""rare_exception_allowed"":""limited"",""notes"":""Wide receivers vary heavily by route tree, release, separation, and QB/scheme context.""}"
draft_translation,college_to_nfl_rating_translation.csv,college_to_nfl_rating_translation,runtime_tuning,264,WR,"{""position_group"":""WR"",""draft_capital_tier"":""camp_udfa"",""pick_min"":""1000"",""pick_max"":""9999"",""college_band"":""college_below_60"",""college_ovr_min"":""1"",""college_ovr_max"":""59"",""nfl_rookie_ovr_min"":""36"",""nfl_rookie_ovr_max"":""38"",""nfl_potential_min"":""52"",""nfl_potential_max"":""66"",""translation_uncertainty_sigma"":""0.33"",""readiness_tag"":""camp_body"",""rare_exception_allowed"":""limited"",""notes"":""Wide receivers vary heavily by route tree, release, separation, and QB/scheme context.""}"
draft_translation,college_to_nfl_rating_translation.csv,college_to_nfl_rating_translation,runtime_tuning,265,TE,"{""position_group"":""TE"",""draft_capital_tier"":""top_5"",""pick_min"":""1"",""pick_max"":""5"",""college_band"":""college_98_99"",""college_ovr_min"":""98"",""college_ovr_max"":""99"",""nfl_rookie_ovr_min"":""72"",""nfl_rookie_ovr_max"":""82"",""nfl_potential_min"":""87"",""nfl_potential_max"":""99"",""translation_uncertainty_sigma"":""0.12"",""readiness_tag"":""premium_day_one"",""rare_exception_allowed"":""yes"",""notes"":""TE translation is slower because blocking, route detail, and alignment variety matter.""}"
draft_translation,college_to_nfl_rating_translation.csv,college_to_nfl_rating_translation,runtime_tuning,266,TE,"{""position_group"":""TE"",""draft_capital_tier"":""top_5"",""pick_min"":""1"",""pick_max"":""5"",""college_band"":""college_95_97"",""college_ovr_min"":""95"",""college_ovr_max"":""97"",""nfl_rookie_ovr_min"":""70"",""nfl_rookie_ovr_max"":""80"",""nfl_potential_min"":""86"",""nfl_potential_max"":""99"",""translation_uncertainty_sigma"":""0.12"",""readiness_tag"":""premium_day_one"",""rare_exception_allowed"":""yes"",""notes"":""TE translation is slower because blocking, route detail, and alignment variety matter.""}"
draft_translation,college_to_nfl_rating_translation.csv,college_to_nfl_rating_translation,runtime_tuning,267,TE,"{""position_group"":""TE"",""draft_capital_tier"":""top_5"",""pick_min"":""1"",""pick_max"":""5"",""college_band"":""college_90_94"",""college_ovr_min"":""90"",""college_ovr_max"":""94"",""nfl_rookie_ovr_min"":""68"",""nfl_rookie_ovr_max"":""78"",""nfl_potential_min"":""85"",""nfl_potential_max"":""99"",""translation_uncertainty_sigma"":""0.12"",""readiness_tag"":""premium_day_one"",""rare_exception_allowed"":""yes"",""notes"":""TE translation is slower because blocking, route detail, and alignment variety matter.""}"
draft_translation,college_to_nfl_rating_translation.csv,college_to_nfl_rating_translation,runtime_tuning,268,TE,"{""position_group"":""TE"",""draft_capital_tier"":""top_5"",""pick_min"":""1"",""pick_max"":""5"",""college_band"":""college_84_89"",""college_ovr_min"":""84"",""college_ovr_max"":""89"",""nfl_rookie_ovr_min"":""65"",""nfl_rookie_ovr_max"":""75"",""nfl_potential_min"":""83"",""nfl_potential_max"":""97"",""translation_uncertainty_sigma"":""0.12"",""readiness_tag"":""premium_day_one"",""rare_exception_allowed"":""yes"",""notes"":""TE translation is slower because blocking, route detail, and alignment variety matter.""}"
draft_translation,college_to_nfl_rating_translation.csv,college_to_nfl_rating_translation,runtime_tuning,269,TE,"{""position_group"":""TE"",""draft_capital_tier"":""top_5"",""pick_min"":""1"",""pick_max"":""5"",""college_band"":""college_78_83"",""college_ovr_min"":""78"",""college_ovr_max"":""83"",""nfl_rookie_ovr_min"":""61"",""nfl_rookie_ovr_max"":""71"",""nfl_potential_min"":""81"",""nfl_potential_max"":""95"",""translation_uncertainty_sigma"":""0.12"",""readiness_tag"":""premium_day_one"",""rare_exception_allowed"":""yes"",""notes"":""TE translation is slower because blocking, route detail, and alignment variety matter.""}"
draft_translation,college_to_nfl_rating_translation.csv,college_to_nfl_rating_translation,runtime_tuning,270,TE,"{""position_group"":""TE"",""draft_capital_tier"":""top_5"",""pick_min"":""1"",""pick_max"":""5"",""college_band"":""college_70_77"",""college_ovr_min"":""70"",""college_ovr_max"":""77"",""nfl_rookie_ovr_min"":""55"",""nfl_rookie_ovr_max"":""64"",""nfl_potential_min"":""78"",""nfl_potential_max"":""92"",""translation_uncertainty_sigma"":""0.14"",""readiness_tag"":""premium_day_one"",""rare_exception_allowed"":""yes"",""notes"":""TE translation is slower because blocking, route detail, and alignment variety matter.""}"
draft_translation,college_to_nfl_rating_translation.csv,college_to_nfl_rating_translation,runtime_tuning,271,TE,"{""position_group"":""TE"",""draft_capital_tier"":""top_5"",""pick_min"":""1"",""pick_max"":""5"",""college_band"":""college_60_69"",""college_ovr_min"":""60"",""college_ovr_max"":""69"",""nfl_rookie_ovr_min"":""47"",""nfl_rookie_ovr_max"":""55"",""nfl_potential_min"":""75"",""nfl_potential_max"":""89"",""translation_uncertainty_sigma"":""0.14"",""readiness_tag"":""premium_day_one"",""rare_exception_allowed"":""yes"",""notes"":""TE translation is slower because blocking, route detail, and alignment variety matter.""}"
draft_translation,college_to_nfl_rating_translation.csv,college_to_nfl_rating_translation,runtime_tuning,272,TE,"{""position_group"":""TE"",""draft_capital_tier"":""top_5"",""pick_min"":""1"",""pick_max"":""5"",""college_band"":""college_below_60"",""college_ovr_min"":""1"",""college_ovr_max"":""59"",""nfl_rookie_ovr_min"":""40"",""nfl_rookie_ovr_max"":""48"",""nfl_potential_min"":""71"",""nfl_potential_max"":""85"",""translation_uncertainty_sigma"":""0.14"",""readiness_tag"":""premium_day_one"",""rare_exception_allowed"":""yes"",""notes"":""TE translation is slower because blocking, route detail, and alignment variety matter.""}"
draft_translation,college_to_nfl_rating_translation.csv,college_to_nfl_rating_translation,runtime_tuning,273,TE,"{""position_group"":""TE"",""draft_capital_tier"":""top_10"",""pick_min"":""6"",""pick_max"":""10"",""college_band"":""college_98_99"",""college_ovr_min"":""98"",""college_ovr_max"":""99"",""nfl_rookie_ovr_min"":""70"",""nfl_rookie_ovr_max"":""80"",""nfl_potential_min"":""86"",""nfl_potential_max"":""99"",""translation_uncertainty_sigma"":""0.13"",""readiness_tag"":""premium_day_one"",""rare_exception_allowed"":""yes"",""notes"":""TE translation is slower because blocking, route detail, and alignment variety matter.""}"
draft_translation,college_to_nfl_rating_translation.csv,college_to_nfl_rating_translation,runtime_tuning,274,TE,"{""position_group"":""TE"",""draft_capital_tier"":""top_10"",""pick_min"":""6"",""pick_max"":""10"",""college_band"":""college_95_97"",""college_ovr_min"":""95"",""college_ovr_max"":""97"",""nfl_rookie_ovr_min"":""68"",""nfl_rookie_ovr_max"":""78"",""nfl_potential_min"":""85"",""nfl_potential_max"":""99"",""translation_uncertainty_sigma"":""0.13"",""readiness_tag"":""premium_day_one"",""rare_exception_allowed"":""yes"",""notes"":""TE translation is slower because blocking, route detail, and alignment variety matter.""}"
draft_translation,college_to_nfl_rating_translation.csv,college_to_nfl_rating_translation,runtime_tuning,275,TE,"{""position_group"":""TE"",""draft_capital_tier"":""top_10"",""pick_min"":""6"",""pick_max"":""10"",""college_band"":""college_90_94"",""college_ovr_min"":""90"",""college_ovr_max"":""94"",""nfl_rookie_ovr_min"":""66"",""nfl_rookie_ovr_max"":""76"",""nfl_potential_min"":""84"",""nfl_potential_max"":""98"",""translation_uncertainty_sigma"":""0.13"",""readiness_tag"":""premium_day_one"",""rare_exception_allowed"":""yes"",""notes"":""TE translation is slower because blocking, route detail, and alignment variety matter.""}"
draft_translation,college_to_nfl_rating_translation.csv,college_to_nfl_rating_translation,runtime_tuning,276,TE,"{""position_group"":""TE"",""draft_capital_tier"":""top_10"",""pick_min"":""6"",""pick_max"":""10"",""college_band"":""college_84_89"",""college_ovr_min"":""84"",""college_ovr_max"":""89"",""nfl_rookie_ovr_min"":""63"",""nfl_rookie_ovr_max"":""73"",""nfl_potential_min"":""82"",""nfl_potential_max"":""96"",""translation_uncertainty_sigma"":""0.13"",""readiness_tag"":""premium_day_one"",""rare_exception_allowed"":""yes"",""notes"":""TE translation is slower because blocking, route detail, and alignment variety matter.""}"
draft_translation,college_to_nfl_rating_translation.csv,college_to_nfl_rating_translation,runtime_tuning,277,TE,"{""position_group"":""TE"",""draft_capital_tier"":""top_10"",""pick_min"":""6"",""pick_max"":""10"",""college_band"":""college_78_83"",""college_ovr_min"":""78"",""college_ovr_max"":""83"",""nfl_rookie_ovr_min"":""59"",""nfl_rookie_ovr_max"":""69"",""nfl_potential_min"":""80"",""nfl_potential_max"":""94"",""translation_uncertainty_sigma"":""0.13"",""readiness_tag"":""premium_day_one"",""rare_exception_allowed"":""yes"",""notes"":""TE translation is slower because blocking, route detail, and alignment variety matter.""}"
draft_translation,college_to_nfl_rating_translation.csv,college_to_nfl_rating_translation,runtime_tuning,278,TE,"{""position_group"":""TE"",""draft_capital_tier"":""top_10"",""pick_min"":""6"",""pick_max"":""10"",""college_band"":""college_70_77"",""college_ovr_min"":""70"",""college_ovr_max"":""77"",""nfl_rookie_ovr_min"":""53"",""nfl_rookie_ovr_max"":""62"",""nfl_potential_min"":""77"",""nfl_potential_max"":""91"",""translation_uncertainty_sigma"":""0.15"",""readiness_tag"":""premium_day_one"",""rare_exception_allowed"":""yes"",""notes"":""TE translation is slower because blocking, route detail, and alignment variety matter.""}"
draft_translation,college_to_nfl_rating_translation.csv,college_to_nfl_rating_translation,runtime_tuning,279,TE,"{""position_group"":""TE"",""draft_capital_tier"":""top_10"",""pick_min"":""6"",""pick_max"":""10"",""college_band"":""college_60_69"",""college_ovr_min"":""60"",""college_ovr_max"":""69"",""nfl_rookie_ovr_min"":""45"",""nfl_rookie_ovr_max"":""53"",""nfl_potential_min"":""74"",""nfl_potential_max"":""88"",""translation_uncertainty_sigma"":""0.15"",""readiness_tag"":""premium_day_one"",""rare_exception_allowed"":""yes"",""notes"":""TE translation is slower because blocking, route detail, and alignment variety matter.""}"
draft_translation,college_to_nfl_rating_translation.csv,college_to_nfl_rating_translation,runtime_tuning,280,TE,"{""position_group"":""TE"",""draft_capital_tier"":""top_10"",""pick_min"":""6"",""pick_max"":""10"",""college_band"":""college_below_60"",""college_ovr_min"":""1"",""college_ovr_max"":""59"",""nfl_rookie_ovr_min"":""38"",""nfl_rookie_ovr_max"":""46"",""nfl_potential_min"":""70"",""nfl_potential_max"":""84"",""translation_uncertainty_sigma"":""0.15"",""readiness_tag"":""premium_day_one"",""rare_exception_allowed"":""yes"",""notes"":""TE translation is slower because blocking, route detail, and alignment variety matter.""}"
draft_translation,college_to_nfl_rating_translation.csv,college_to_nfl_rating_translation,runtime_tuning,281,TE,"{""position_group"":""TE"",""draft_capital_tier"":""round1_early_mid"",""pick_min"":""11"",""pick_max"":""20"",""college_band"":""college_98_99"",""college_ovr_min"":""98"",""college_ovr_max"":""99"",""nfl_rookie_ovr_min"":""68"",""nfl_rookie_ovr_max"":""78"",""nfl_potential_min"":""84"",""nfl_potential_max"":""98"",""translation_uncertainty_sigma"":""0.14"",""readiness_tag"":""day_one_compete"",""rare_exception_allowed"":""yes"",""notes"":""TE translation is slower because blocking, route detail, and alignment variety matter.""}"
draft_translation,college_to_nfl_rating_translation.csv,college_to_nfl_rating_translation,runtime_tuning,282,TE,"{""position_group"":""TE"",""draft_capital_tier"":""round1_early_mid"",""pick_min"":""11"",""pick_max"":""20"",""college_band"":""college_95_97"",""college_ovr_min"":""95"",""college_ovr_max"":""97"",""nfl_rookie_ovr_min"":""66"",""nfl_rookie_ovr_max"":""76"",""nfl_potential_min"":""83"",""nfl_potential_max"":""97"",""translation_uncertainty_sigma"":""0.14"",""readiness_tag"":""day_one_compete"",""rare_exception_allowed"":""yes"",""notes"":""TE translation is slower because blocking, route detail, and alignment variety matter.""}"
draft_translation,college_to_nfl_rating_translation.csv,college_to_nfl_rating_translation,runtime_tuning,283,TE,"{""position_group"":""TE"",""draft_capital_tier"":""round1_early_mid"",""pick_min"":""11"",""pick_max"":""20"",""college_band"":""college_90_94"",""college_ovr_min"":""90"",""college_ovr_max"":""94"",""nfl_rookie_ovr_min"":""64"",""nfl_rookie_ovr_max"":""74"",""nfl_potential_min"":""82"",""nfl_potential_max"":""96"",""translation_uncertainty_sigma"":""0.14"",""readiness_tag"":""day_one_compete"",""rare_exception_allowed"":""yes"",""notes"":""TE translation is slower because blocking, route detail, and alignment variety matter.""}"
draft_translation,college_to_nfl_rating_translation.csv,college_to_nfl_rating_translation,runtime_tuning,284,TE,"{""position_group"":""TE"",""draft_capital_tier"":""round1_early_mid"",""pick_min"":""11"",""pick_max"":""20"",""college_band"":""college_84_89"",""college_ovr_min"":""84"",""college_ovr_max"":""89"",""nfl_rookie_ovr_min"":""61"",""nfl_rookie_ovr_max"":""71"",""nfl_potential_min"":""80"",""nfl_potential_max"":""94"",""translation_uncertainty_sigma"":""0.14"",""readiness_tag"":""day_one_compete"",""rare_exception_allowed"":""yes"",""notes"":""TE translation is slower because blocking, route detail, and alignment variety matter.""}"
draft_translation,college_to_nfl_rating_translation.csv,college_to_nfl_rating_translation,runtime_tuning,285,TE,"{""position_group"":""TE"",""draft_capital_tier"":""round1_early_mid"",""pick_min"":""11"",""pick_max"":""20"",""college_band"":""college_78_83"",""college_ovr_min"":""78"",""college_ovr_max"":""83"",""nfl_rookie_ovr_min"":""57"",""nfl_rookie_ovr_max"":""67"",""nfl_potential_min"":""78"",""nfl_potential_max"":""92"",""translation_uncertainty_sigma"":""0.14"",""readiness_tag"":""day_one_compete"",""rare_exception_allowed"":""yes"",""notes"":""TE translation is slower because blocking, route detail, and alignment variety matter.""}"
draft_translation,college_to_nfl_rating_translation.csv,college_to_nfl_rating_translation,runtime_tuning,286,TE,"{""position_group"":""TE"",""draft_capital_tier"":""round1_early_mid"",""pick_min"":""11"",""pick_max"":""20"",""college_band"":""college_70_77"",""college_ovr_min"":""70"",""college_ovr_max"":""77"",""nfl_rookie_ovr_min"":""51"",""nfl_rookie_ovr_max"":""60"",""nfl_potential_min"":""75"",""nfl_potential_max"":""89"",""translation_uncertainty_sigma"":""0.16"",""readiness_tag"":""day_one_compete"",""rare_exception_allowed"":""yes"",""notes"":""TE translation is slower because blocking, route detail, and alignment variety matter.""}"
draft_translation,college_to_nfl_rating_translation.csv,college_to_nfl_rating_translation,runtime_tuning,287,TE,"{""position_group"":""TE"",""draft_capital_tier"":""round1_early_mid"",""pick_min"":""11"",""pick_max"":""20"",""college_band"":""college_60_69"",""college_ovr_min"":""60"",""college_ovr_max"":""69"",""nfl_rookie_ovr_min"":""43"",""nfl_rookie_ovr_max"":""51"",""nfl_potential_min"":""72"",""nfl_potential_max"":""86"",""translation_uncertainty_sigma"":""0.16"",""readiness_tag"":""day_one_compete"",""rare_exception_allowed"":""yes"",""notes"":""TE translation is slower because blocking, route detail, and alignment variety matter.""}"
draft_translation,college_to_nfl_rating_translation.csv,college_to_nfl_rating_translation,runtime_tuning,288,TE,"{""position_group"":""TE"",""draft_capital_tier"":""round1_early_mid"",""pick_min"":""11"",""pick_max"":""20"",""college_band"":""college_below_60"",""college_ovr_min"":""1"",""college_ovr_max"":""59"",""nfl_rookie_ovr_min"":""36"",""nfl_rookie_ovr_max"":""44"",""nfl_potential_min"":""68"",""nfl_potential_max"":""82"",""translation_uncertainty_sigma"":""0.16"",""readiness_tag"":""day_one_compete"",""rare_exception_allowed"":""yes"",""notes"":""TE translation is slower because blocking, route detail, and alignment variety matter.""}"
draft_translation,college_to_nfl_rating_translation.csv,college_to_nfl_rating_translation,runtime_tuning,289,TE,"{""position_group"":""TE"",""draft_capital_tier"":""round1_late"",""pick_min"":""21"",""pick_max"":""32"",""college_band"":""college_98_99"",""college_ovr_min"":""98"",""college_ovr_max"":""99"",""nfl_rookie_ovr_min"":""66"",""nfl_rookie_ovr_max"":""76"",""nfl_potential_min"":""83"",""nfl_potential_max"":""97"",""translation_uncertainty_sigma"":""0.15"",""readiness_tag"":""day_one_compete"",""rare_exception_allowed"":""limited"",""notes"":""TE translation is slower because blocking, route detail, and alignment variety matter.""}"
draft_translation,college_to_nfl_rating_translation.csv,college_to_nfl_rating_translation,runtime_tuning,290,TE,"{""position_group"":""TE"",""draft_capital_tier"":""round1_late"",""pick_min"":""21"",""pick_max"":""32"",""college_band"":""college_95_97"",""college_ovr_min"":""95"",""college_ovr_max"":""97"",""nfl_rookie_ovr_min"":""64"",""nfl_rookie_ovr_max"":""74"",""nfl_potential_min"":""82"",""nfl_potential_max"":""96"",""translation_uncertainty_sigma"":""0.15"",""readiness_tag"":""day_one_compete"",""rare_exception_allowed"":""limited"",""notes"":""TE translation is slower because blocking, route detail, and alignment variety matter.""}"
draft_translation,college_to_nfl_rating_translation.csv,college_to_nfl_rating_translation,runtime_tuning,291,TE,"{""position_group"":""TE"",""draft_capital_tier"":""round1_late"",""pick_min"":""21"",""pick_max"":""32"",""college_band"":""college_90_94"",""college_ovr_min"":""90"",""college_ovr_max"":""94"",""nfl_rookie_ovr_min"":""62"",""nfl_rookie_ovr_max"":""72"",""nfl_potential_min"":""81"",""nfl_potential_max"":""95"",""translation_uncertainty_sigma"":""0.15"",""readiness_tag"":""day_one_compete"",""rare_exception_allowed"":""limited"",""notes"":""TE translation is slower because blocking, route detail, and alignment variety matter.""}"
draft_translation,college_to_nfl_rating_translation.csv,college_to_nfl_rating_translation,runtime_tuning,292,TE,"{""position_group"":""TE"",""draft_capital_tier"":""round1_late"",""pick_min"":""21"",""pick_max"":""32"",""college_band"":""college_84_89"",""college_ovr_min"":""84"",""college_ovr_max"":""89"",""nfl_rookie_ovr_min"":""59"",""nfl_rookie_ovr_max"":""69"",""nfl_potential_min"":""79"",""nfl_potential_max"":""93"",""translation_uncertainty_sigma"":""0.15"",""readiness_tag"":""day_one_compete"",""rare_exception_allowed"":""limited"",""notes"":""TE translation is slower because blocking, route detail, and alignment variety matter.""}"
draft_translation,college_to_nfl_rating_translation.csv,college_to_nfl_rating_translation,runtime_tuning,293,TE,"{""position_group"":""TE"",""draft_capital_tier"":""round1_late"",""pick_min"":""21"",""pick_max"":""32"",""college_band"":""college_78_83"",""college_ovr_min"":""78"",""college_ovr_max"":""83"",""nfl_rookie_ovr_min"":""55"",""nfl_rookie_ovr_max"":""65"",""nfl_potential_min"":""77"",""nfl_potential_max"":""91"",""translation_uncertainty_sigma"":""0.15"",""readiness_tag"":""day_one_compete"",""rare_exception_allowed"":""limited"",""notes"":""TE translation is slower because blocking, route detail, and alignment variety matter.""}"
draft_translation,college_to_nfl_rating_translation.csv,college_to_nfl_rating_translation,runtime_tuning,294,TE,"{""position_group"":""TE"",""draft_capital_tier"":""round1_late"",""pick_min"":""21"",""pick_max"":""32"",""college_band"":""college_70_77"",""college_ovr_min"":""70"",""college_ovr_max"":""77"",""nfl_rookie_ovr_min"":""49"",""nfl_rookie_ovr_max"":""58"",""nfl_potential_min"":""74"",""nfl_potential_max"":""88"",""translation_uncertainty_sigma"":""0.17"",""readiness_tag"":""day_one_compete"",""rare_exception_allowed"":""limited"",""notes"":""TE translation is slower because blocking, route detail, and alignment variety matter.""}"
draft_translation,college_to_nfl_rating_translation.csv,college_to_nfl_rating_translation,runtime_tuning,295,TE,"{""position_group"":""TE"",""draft_capital_tier"":""round1_late"",""pick_min"":""21"",""pick_max"":""32"",""college_band"":""college_60_69"",""college_ovr_min"":""60"",""college_ovr_max"":""69"",""nfl_rookie_ovr_min"":""41"",""nfl_rookie_ovr_max"":""49"",""nfl_potential_min"":""71"",""nfl_potential_max"":""85"",""translation_uncertainty_sigma"":""0.17"",""readiness_tag"":""day_one_compete"",""rare_exception_allowed"":""limited"",""notes"":""TE translation is slower because blocking, route detail, and alignment variety matter.""}"
draft_translation,college_to_nfl_rating_translation.csv,college_to_nfl_rating_translation,runtime_tuning,296,TE,"{""position_group"":""TE"",""draft_capital_tier"":""round1_late"",""pick_min"":""21"",""pick_max"":""32"",""college_band"":""college_below_60"",""college_ovr_min"":""1"",""college_ovr_max"":""59"",""nfl_rookie_ovr_min"":""34"",""nfl_rookie_ovr_max"":""42"",""nfl_potential_min"":""67"",""nfl_potential_max"":""81"",""translation_uncertainty_sigma"":""0.17"",""readiness_tag"":""day_one_compete"",""rare_exception_allowed"":""limited"",""notes"":""TE translation is slower because blocking, route detail, and alignment variety matter.""}"
draft_translation,college_to_nfl_rating_translation.csv,college_to_nfl_rating_translation,runtime_tuning,297,TE,"{""position_group"":""TE"",""draft_capital_tier"":""round2"",""pick_min"":""33"",""pick_max"":""64"",""college_band"":""college_98_99"",""college_ovr_min"":""98"",""college_ovr_max"":""99"",""nfl_rookie_ovr_min"":""63"",""nfl_rookie_ovr_max"":""73"",""nfl_potential_min"":""81"",""nfl_potential_max"":""95"",""translation_uncertainty_sigma"":""0.17"",""readiness_tag"":""rotation_early"",""rare_exception_allowed"":""limited"",""notes"":""TE translation is slower because blocking, route detail, and alignment variety matter.""}"
draft_translation,college_to_nfl_rating_translation.csv,college_to_nfl_rating_translation,runtime_tuning,298,TE,"{""position_group"":""TE"",""draft_capital_tier"":""round2"",""pick_min"":""33"",""pick_max"":""64"",""college_band"":""college_95_97"",""college_ovr_min"":""95"",""college_ovr_max"":""97"",""nfl_rookie_ovr_min"":""61"",""nfl_rookie_ovr_max"":""71"",""nfl_potential_min"":""80"",""nfl_potential_max"":""94"",""translation_uncertainty_sigma"":""0.17"",""readiness_tag"":""rotation_early"",""rare_exception_allowed"":""limited"",""notes"":""TE translation is slower because blocking, route detail, and alignment variety matter.""}"
draft_translation,college_to_nfl_rating_translation.csv,college_to_nfl_rating_translation,runtime_tuning,299,TE,"{""position_group"":""TE"",""draft_capital_tier"":""round2"",""pick_min"":""33"",""pick_max"":""64"",""college_band"":""college_90_94"",""college_ovr_min"":""90"",""college_ovr_max"":""94"",""nfl_rookie_ovr_min"":""59"",""nfl_rookie_ovr_max"":""69"",""nfl_potential_min"":""79"",""nfl_potential_max"":""93"",""translation_uncertainty_sigma"":""0.17"",""readiness_tag"":""rotation_early"",""rare_exception_allowed"":""limited"",""notes"":""TE translation is slower because blocking, route detail, and alignment variety matter.""}"
draft_translation,college_to_nfl_rating_translation.csv,college_to_nfl_rating_translation,runtime_tuning,300,TE,"{""position_group"":""TE"",""draft_capital_tier"":""round2"",""pick_min"":""33"",""pick_max"":""64"",""college_band"":""college_84_89"",""college_ovr_min"":""84"",""college_ovr_max"":""89"",""nfl_rookie_ovr_min"":""56"",""nfl_rookie_ovr_max"":""66"",""nfl_potential_min"":""77"",""nfl_potential_max"":""91"",""translation_uncertainty_sigma"":""0.17"",""readiness_tag"":""rotation_early"",""rare_exception_allowed"":""limited"",""notes"":""TE translation is slower because blocking, route detail, and alignment variety matter.""}"
draft_translation,college_to_nfl_rating_translation.csv,college_to_nfl_rating_translation,runtime_tuning,301,TE,"{""position_group"":""TE"",""draft_capital_tier"":""round2"",""pick_min"":""33"",""pick_max"":""64"",""college_band"":""college_78_83"",""college_ovr_min"":""78"",""college_ovr_max"":""83"",""nfl_rookie_ovr_min"":""52"",""nfl_rookie_ovr_max"":""62"",""nfl_potential_min"":""75"",""nfl_potential_max"":""89"",""translation_uncertainty_sigma"":""0.17"",""readiness_tag"":""rotation_early"",""rare_exception_allowed"":""limited"",""notes"":""TE translation is slower because blocking, route detail, and alignment variety matter.""}"
draft_translation,college_to_nfl_rating_translation.csv,college_to_nfl_rating_translation,runtime_tuning,302,TE,"{""position_group"":""TE"",""draft_capital_tier"":""round2"",""pick_min"":""33"",""pick_max"":""64"",""college_band"":""college_70_77"",""college_ovr_min"":""70"",""college_ovr_max"":""77"",""nfl_rookie_ovr_min"":""46"",""nfl_rookie_ovr_max"":""55"",""nfl_potential_min"":""72"",""nfl_potential_max"":""86"",""translation_uncertainty_sigma"":""0.19"",""readiness_tag"":""rotation_early"",""rare_exception_allowed"":""limited"",""notes"":""TE translation is slower because blocking, route detail, and alignment variety matter.""}"
draft_translation,college_to_nfl_rating_translation.csv,college_to_nfl_rating_translation,runtime_tuning,303,TE,"{""position_group"":""TE"",""draft_capital_tier"":""round2"",""pick_min"":""33"",""pick_max"":""64"",""college_band"":""college_60_69"",""college_ovr_min"":""60"",""college_ovr_max"":""69"",""nfl_rookie_ovr_min"":""38"",""nfl_rookie_ovr_max"":""46"",""nfl_potential_min"":""69"",""nfl_potential_max"":""83"",""translation_uncertainty_sigma"":""0.19"",""readiness_tag"":""rotation_early"",""rare_exception_allowed"":""limited"",""notes"":""TE translation is slower because blocking, route detail, and alignment variety matter.""}"
draft_translation,college_to_nfl_rating_translation.csv,college_to_nfl_rating_translation,runtime_tuning,304,TE,"{""position_group"":""TE"",""draft_capital_tier"":""round2"",""pick_min"":""33"",""pick_max"":""64"",""college_band"":""college_below_60"",""college_ovr_min"":""1"",""college_ovr_max"":""59"",""nfl_rookie_ovr_min"":""34"",""nfl_rookie_ovr_max"":""39"",""nfl_potential_min"":""65"",""nfl_potential_max"":""79"",""translation_uncertainty_sigma"":""0.19"",""readiness_tag"":""rotation_early"",""rare_exception_allowed"":""limited"",""notes"":""TE translation is slower because blocking, route detail, and alignment variety matter.""}"
draft_translation,college_to_nfl_rating_translation.csv,college_to_nfl_rating_translation,runtime_tuning,305,TE,"{""position_group"":""TE"",""draft_capital_tier"":""round3"",""pick_min"":""65"",""pick_max"":""100"",""college_band"":""college_98_99"",""college_ovr_min"":""98"",""college_ovr_max"":""99"",""nfl_rookie_ovr_min"":""60"",""nfl_rookie_ovr_max"":""70"",""nfl_potential_min"":""79"",""nfl_potential_max"":""93"",""translation_uncertainty_sigma"":""0.2"",""readiness_tag"":""rotation_development"",""rare_exception_allowed"":""limited"",""notes"":""TE translation is slower because blocking, route detail, and alignment variety matter.""}"
draft_translation,college_to_nfl_rating_translation.csv,college_to_nfl_rating_translation,runtime_tuning,306,TE,"{""position_group"":""TE"",""draft_capital_tier"":""round3"",""pick_min"":""65"",""pick_max"":""100"",""college_band"":""college_95_97"",""college_ovr_min"":""95"",""college_ovr_max"":""97"",""nfl_rookie_ovr_min"":""58"",""nfl_rookie_ovr_max"":""68"",""nfl_potential_min"":""78"",""nfl_potential_max"":""92"",""translation_uncertainty_sigma"":""0.2"",""readiness_tag"":""rotation_development"",""rare_exception_allowed"":""limited"",""notes"":""TE translation is slower because blocking, route detail, and alignment variety matter.""}"
draft_translation,college_to_nfl_rating_translation.csv,college_to_nfl_rating_translation,runtime_tuning,307,TE,"{""position_group"":""TE"",""draft_capital_tier"":""round3"",""pick_min"":""65"",""pick_max"":""100"",""college_band"":""college_90_94"",""college_ovr_min"":""90"",""college_ovr_max"":""94"",""nfl_rookie_ovr_min"":""56"",""nfl_rookie_ovr_max"":""66"",""nfl_potential_min"":""77"",""nfl_potential_max"":""91"",""translation_uncertainty_sigma"":""0.2"",""readiness_tag"":""rotation_development"",""rare_exception_allowed"":""limited"",""notes"":""TE translation is slower because blocking, route detail, and alignment variety matter.""}"
draft_translation,college_to_nfl_rating_translation.csv,college_to_nfl_rating_translation,runtime_tuning,308,TE,"{""position_group"":""TE"",""draft_capital_tier"":""round3"",""pick_min"":""65"",""pick_max"":""100"",""college_band"":""college_84_89"",""college_ovr_min"":""84"",""college_ovr_max"":""89"",""nfl_rookie_ovr_min"":""53"",""nfl_rookie_ovr_max"":""63"",""nfl_potential_min"":""75"",""nfl_potential_max"":""89"",""translation_uncertainty_sigma"":""0.2"",""readiness_tag"":""rotation_development"",""rare_exception_allowed"":""limited"",""notes"":""TE translation is slower because blocking, route detail, and alignment variety matter.""}"
draft_translation,college_to_nfl_rating_translation.csv,college_to_nfl_rating_translation,runtime_tuning,309,TE,"{""position_group"":""TE"",""draft_capital_tier"":""round3"",""pick_min"":""65"",""pick_max"":""100"",""college_band"":""college_78_83"",""college_ovr_min"":""78"",""college_ovr_max"":""83"",""nfl_rookie_ovr_min"":""49"",""nfl_rookie_ovr_max"":""59"",""nfl_potential_min"":""73"",""nfl_potential_max"":""87"",""translation_uncertainty_sigma"":""0.2"",""readiness_tag"":""rotation_development"",""rare_exception_allowed"":""limited"",""notes"":""TE translation is slower because blocking, route detail, and alignment variety matter.""}"
draft_translation,college_to_nfl_rating_translation.csv,college_to_nfl_rating_translation,runtime_tuning,310,TE,"{""position_group"":""TE"",""draft_capital_tier"":""round3"",""pick_min"":""65"",""pick_max"":""100"",""college_band"":""college_70_77"",""college_ovr_min"":""70"",""college_ovr_max"":""77"",""nfl_rookie_ovr_min"":""43"",""nfl_rookie_ovr_max"":""52"",""nfl_potential_min"":""70"",""nfl_potential_max"":""84"",""translation_uncertainty_sigma"":""0.22"",""readiness_tag"":""rotation_development"",""rare_exception_allowed"":""limited"",""notes"":""TE translation is slower because blocking, route detail, and alignment variety matter.""}"
draft_translation,college_to_nfl_rating_translation.csv,college_to_nfl_rating_translation,runtime_tuning,311,TE,"{""position_group"":""TE"",""draft_capital_tier"":""round3"",""pick_min"":""65"",""pick_max"":""100"",""college_band"":""college_60_69"",""college_ovr_min"":""60"",""college_ovr_max"":""69"",""nfl_rookie_ovr_min"":""35"",""nfl_rookie_ovr_max"":""43"",""nfl_potential_min"":""67"",""nfl_potential_max"":""81"",""translation_uncertainty_sigma"":""0.22"",""readiness_tag"":""rotation_development"",""rare_exception_allowed"":""limited"",""notes"":""TE translation is slower because blocking, route detail, and alignment variety matter.""}"
draft_translation,college_to_nfl_rating_translation.csv,college_to_nfl_rating_translation,runtime_tuning,312,TE,"{""position_group"":""TE"",""draft_capital_tier"":""round3"",""pick_min"":""65"",""pick_max"":""100"",""college_band"":""college_below_60"",""college_ovr_min"":""1"",""college_ovr_max"":""59"",""nfl_rookie_ovr_min"":""34"",""nfl_rookie_ovr_max"":""36"",""nfl_potential_min"":""63"",""nfl_potential_max"":""77"",""translation_uncertainty_sigma"":""0.22"",""readiness_tag"":""rotation_development"",""rare_exception_allowed"":""limited"",""notes"":""TE translation is slower because blocking, route detail, and alignment variety matter.""}"
draft_translation,college_to_nfl_rating_translation.csv,college_to_nfl_rating_translation,runtime_tuning,313,TE,"{""position_group"":""TE"",""draft_capital_tier"":""round4"",""pick_min"":""101"",""pick_max"":""140"",""college_band"":""college_98_99"",""college_ovr_min"":""98"",""college_ovr_max"":""99"",""nfl_rookie_ovr_min"":""57"",""nfl_rookie_ovr_max"":""67"",""nfl_potential_min"":""77"",""nfl_potential_max"":""91"",""translation_uncertainty_sigma"":""0.22"",""readiness_tag"":""depth_development"",""rare_exception_allowed"":""limited"",""notes"":""TE translation is slower because blocking, route detail, and alignment variety matter.""}"
draft_translation,college_to_nfl_rating_translation.csv,college_to_nfl_rating_translation,runtime_tuning,314,TE,"{""position_group"":""TE"",""draft_capital_tier"":""round4"",""pick_min"":""101"",""pick_max"":""140"",""college_band"":""college_95_97"",""college_ovr_min"":""95"",""college_ovr_max"":""97"",""nfl_rookie_ovr_min"":""55"",""nfl_rookie_ovr_max"":""65"",""nfl_potential_min"":""76"",""nfl_potential_max"":""90"",""translation_uncertainty_sigma"":""0.22"",""readiness_tag"":""depth_development"",""rare_exception_allowed"":""limited"",""notes"":""TE translation is slower because blocking, route detail, and alignment variety matter.""}"
draft_translation,college_to_nfl_rating_translation.csv,college_to_nfl_rating_translation,runtime_tuning,315,TE,"{""position_group"":""TE"",""draft_capital_tier"":""round4"",""pick_min"":""101"",""pick_max"":""140"",""college_band"":""college_90_94"",""college_ovr_min"":""90"",""college_ovr_max"":""94"",""nfl_rookie_ovr_min"":""53"",""nfl_rookie_ovr_max"":""63"",""nfl_potential_min"":""75"",""nfl_potential_max"":""89"",""translation_uncertainty_sigma"":""0.22"",""readiness_tag"":""depth_development"",""rare_exception_allowed"":""limited"",""notes"":""TE translation is slower because blocking, route detail, and alignment variety matter.""}"
draft_translation,college_to_nfl_rating_translation.csv,college_to_nfl_rating_translation,runtime_tuning,316,TE,"{""position_group"":""TE"",""draft_capital_tier"":""round4"",""pick_min"":""101"",""pick_max"":""140"",""college_band"":""college_84_89"",""college_ovr_min"":""84"",""college_ovr_max"":""89"",""nfl_rookie_ovr_min"":""50"",""nfl_rookie_ovr_max"":""60"",""nfl_potential_min"":""73"",""nfl_potential_max"":""87"",""translation_uncertainty_sigma"":""0.22"",""readiness_tag"":""depth_development"",""rare_exception_allowed"":""limited"",""notes"":""TE translation is slower because blocking, route detail, and alignment variety matter.""}"
draft_translation,college_to_nfl_rating_translation.csv,college_to_nfl_rating_translation,runtime_tuning,317,TE,"{""position_group"":""TE"",""draft_capital_tier"":""round4"",""pick_min"":""101"",""pick_max"":""140"",""college_band"":""college_78_83"",""college_ovr_min"":""78"",""college_ovr_max"":""83"",""nfl_rookie_ovr_min"":""46"",""nfl_rookie_ovr_max"":""56"",""nfl_potential_min"":""71"",""nfl_potential_max"":""85"",""translation_uncertainty_sigma"":""0.22"",""readiness_tag"":""depth_development"",""rare_exception_allowed"":""limited"",""notes"":""TE translation is slower because blocking, route detail, and alignment variety matter.""}"
draft_translation,college_to_nfl_rating_translation.csv,college_to_nfl_rating_translation,runtime_tuning,318,TE,"{""position_group"":""TE"",""draft_capital_tier"":""round4"",""pick_min"":""101"",""pick_max"":""140"",""college_band"":""college_70_77"",""college_ovr_min"":""70"",""college_ovr_max"":""77"",""nfl_rookie_ovr_min"":""40"",""nfl_rookie_ovr_max"":""49"",""nfl_potential_min"":""68"",""nfl_potential_max"":""82"",""translation_uncertainty_sigma"":""0.24"",""readiness_tag"":""depth_development"",""rare_exception_allowed"":""limited"",""notes"":""TE translation is slower because blocking, route detail, and alignment variety matter.""}"
draft_translation,college_to_nfl_rating_translation.csv,college_to_nfl_rating_translation,runtime_tuning,319,TE,"{""position_group"":""TE"",""draft_capital_tier"":""round4"",""pick_min"":""101"",""pick_max"":""140"",""college_band"":""college_60_69"",""college_ovr_min"":""60"",""college_ovr_max"":""69"",""nfl_rookie_ovr_min"":""34"",""nfl_rookie_ovr_max"":""40"",""nfl_potential_min"":""65"",""nfl_potential_max"":""79"",""translation_uncertainty_sigma"":""0.24"",""readiness_tag"":""depth_development"",""rare_exception_allowed"":""limited"",""notes"":""TE translation is slower because blocking, route detail, and alignment variety matter.""}"
draft_translation,college_to_nfl_rating_translation.csv,college_to_nfl_rating_translation,runtime_tuning,320,TE,"{""position_group"":""TE"",""draft_capital_tier"":""round4"",""pick_min"":""101"",""pick_max"":""140"",""college_band"":""college_below_60"",""college_ovr_min"":""1"",""college_ovr_max"":""59"",""nfl_rookie_ovr_min"":""34"",""nfl_rookie_ovr_max"":""36"",""nfl_potential_min"":""61"",""nfl_potential_max"":""75"",""translation_uncertainty_sigma"":""0.24"",""readiness_tag"":""depth_development"",""rare_exception_allowed"":""limited"",""notes"":""TE translation is slower because blocking, route detail, and alignment variety matter.""}"
draft_translation,college_to_nfl_rating_translation.csv,college_to_nfl_rating_translation,runtime_tuning,321,TE,"{""position_group"":""TE"",""draft_capital_tier"":""round5"",""pick_min"":""141"",""pick_max"":""180"",""college_band"":""college_98_99"",""college_ovr_min"":""98"",""college_ovr_max"":""99"",""nfl_rookie_ovr_min"":""54"",""nfl_rookie_ovr_max"":""64"",""nfl_potential_min"":""75"",""nfl_potential_max"":""89"",""translation_uncertainty_sigma"":""0.24"",""readiness_tag"":""depth_development"",""rare_exception_allowed"":""limited"",""notes"":""TE translation is slower because blocking, route detail, and alignment variety matter.""}"
draft_translation,college_to_nfl_rating_translation.csv,college_to_nfl_rating_translation,runtime_tuning,322,TE,"{""position_group"":""TE"",""draft_capital_tier"":""round5"",""pick_min"":""141"",""pick_max"":""180"",""college_band"":""college_95_97"",""college_ovr_min"":""95"",""college_ovr_max"":""97"",""nfl_rookie_ovr_min"":""52"",""nfl_rookie_ovr_max"":""62"",""nfl_potential_min"":""74"",""nfl_potential_max"":""88"",""translation_uncertainty_sigma"":""0.24"",""readiness_tag"":""depth_development"",""rare_exception_allowed"":""limited"",""notes"":""TE translation is slower because blocking, route detail, and alignment variety matter.""}"
draft_translation,college_to_nfl_rating_translation.csv,college_to_nfl_rating_translation,runtime_tuning,323,TE,"{""position_group"":""TE"",""draft_capital_tier"":""round5"",""pick_min"":""141"",""pick_max"":""180"",""college_band"":""college_90_94"",""college_ovr_min"":""90"",""college_ovr_max"":""94"",""nfl_rookie_ovr_min"":""50"",""nfl_rookie_ovr_max"":""60"",""nfl_potential_min"":""73"",""nfl_potential_max"":""87"",""translation_uncertainty_sigma"":""0.24"",""readiness_tag"":""depth_development"",""rare_exception_allowed"":""limited"",""notes"":""TE translation is slower because blocking, route detail, and alignment variety matter.""}"
draft_translation,college_to_nfl_rating_translation.csv,college_to_nfl_rating_translation,runtime_tuning,324,TE,"{""position_group"":""TE"",""draft_capital_tier"":""round5"",""pick_min"":""141"",""pick_max"":""180"",""college_band"":""college_84_89"",""college_ovr_min"":""84"",""college_ovr_max"":""89"",""nfl_rookie_ovr_min"":""47"",""nfl_rookie_ovr_max"":""57"",""nfl_potential_min"":""71"",""nfl_potential_max"":""85"",""translation_uncertainty_sigma"":""0.24"",""readiness_tag"":""depth_development"",""rare_exception_allowed"":""limited"",""notes"":""TE translation is slower because blocking, route detail, and alignment variety matter.""}"
draft_translation,college_to_nfl_rating_translation.csv,college_to_nfl_rating_translation,runtime_tuning,325,TE,"{""position_group"":""TE"",""draft_capital_tier"":""round5"",""pick_min"":""141"",""pick_max"":""180"",""college_band"":""college_78_83"",""college_ovr_min"":""78"",""college_ovr_max"":""83"",""nfl_rookie_ovr_min"":""43"",""nfl_rookie_ovr_max"":""53"",""nfl_potential_min"":""69"",""nfl_potential_max"":""83"",""translation_uncertainty_sigma"":""0.24"",""readiness_tag"":""depth_development"",""rare_exception_allowed"":""limited"",""notes"":""TE translation is slower because blocking, route detail, and alignment variety matter.""}"
draft_translation,college_to_nfl_rating_translation.csv,college_to_nfl_rating_translation,runtime_tuning,326,TE,"{""position_group"":""TE"",""draft_capital_tier"":""round5"",""pick_min"":""141"",""pick_max"":""180"",""college_band"":""college_70_77"",""college_ovr_min"":""70"",""college_ovr_max"":""77"",""nfl_rookie_ovr_min"":""37"",""nfl_rookie_ovr_max"":""46"",""nfl_potential_min"":""66"",""nfl_potential_max"":""80"",""translation_uncertainty_sigma"":""0.26"",""readiness_tag"":""depth_development"",""rare_exception_allowed"":""limited"",""notes"":""TE translation is slower because blocking, route detail, and alignment variety matter.""}"
draft_translation,college_to_nfl_rating_translation.csv,college_to_nfl_rating_translation,runtime_tuning,327,TE,"{""position_group"":""TE"",""draft_capital_tier"":""round5"",""pick_min"":""141"",""pick_max"":""180"",""college_band"":""college_60_69"",""college_ovr_min"":""60"",""college_ovr_max"":""69"",""nfl_rookie_ovr_min"":""34"",""nfl_rookie_ovr_max"":""37"",""nfl_potential_min"":""63"",""nfl_potential_max"":""77"",""translation_uncertainty_sigma"":""0.26"",""readiness_tag"":""depth_development"",""rare_exception_allowed"":""limited"",""notes"":""TE translation is slower because blocking, route detail, and alignment variety matter.""}"
draft_translation,college_to_nfl_rating_translation.csv,college_to_nfl_rating_translation,runtime_tuning,328,TE,"{""position_group"":""TE"",""draft_capital_tier"":""round5"",""pick_min"":""141"",""pick_max"":""180"",""college_band"":""college_below_60"",""college_ovr_min"":""1"",""college_ovr_max"":""59"",""nfl_rookie_ovr_min"":""34"",""nfl_rookie_ovr_max"":""36"",""nfl_potential_min"":""59"",""nfl_potential_max"":""73"",""translation_uncertainty_sigma"":""0.26"",""readiness_tag"":""depth_development"",""rare_exception_allowed"":""limited"",""notes"":""TE translation is slower because blocking, route detail, and alignment variety matter.""}"
draft_translation,college_to_nfl_rating_translation.csv,college_to_nfl_rating_translation,runtime_tuning,329,TE,"{""position_group"":""TE"",""draft_capital_tier"":""round6_7"",""pick_min"":""181"",""pick_max"":""260"",""college_band"":""college_98_99"",""college_ovr_min"":""98"",""college_ovr_max"":""99"",""nfl_rookie_ovr_min"":""51"",""nfl_rookie_ovr_max"":""61"",""nfl_potential_min"":""72"",""nfl_potential_max"":""86"",""translation_uncertainty_sigma"":""0.27"",""readiness_tag"":""longshot_roster"",""rare_exception_allowed"":""limited"",""notes"":""TE translation is slower because blocking, route detail, and alignment variety matter.""}"
draft_translation,college_to_nfl_rating_translation.csv,college_to_nfl_rating_translation,runtime_tuning,330,TE,"{""position_group"":""TE"",""draft_capital_tier"":""round6_7"",""pick_min"":""181"",""pick_max"":""260"",""college_band"":""college_95_97"",""college_ovr_min"":""95"",""college_ovr_max"":""97"",""nfl_rookie_ovr_min"":""49"",""nfl_rookie_ovr_max"":""59"",""nfl_potential_min"":""71"",""nfl_potential_max"":""85"",""translation_uncertainty_sigma"":""0.27"",""readiness_tag"":""longshot_roster"",""rare_exception_allowed"":""limited"",""notes"":""TE translation is slower because blocking, route detail, and alignment variety matter.""}"
draft_translation,college_to_nfl_rating_translation.csv,college_to_nfl_rating_translation,runtime_tuning,331,TE,"{""position_group"":""TE"",""draft_capital_tier"":""round6_7"",""pick_min"":""181"",""pick_max"":""260"",""college_band"":""college_90_94"",""college_ovr_min"":""90"",""college_ovr_max"":""94"",""nfl_rookie_ovr_min"":""47"",""nfl_rookie_ovr_max"":""57"",""nfl_potential_min"":""70"",""nfl_potential_max"":""84"",""translation_uncertainty_sigma"":""0.27"",""readiness_tag"":""longshot_roster"",""rare_exception_allowed"":""limited"",""notes"":""TE translation is slower because blocking, route detail, and alignment variety matter.""}"
draft_translation,college_to_nfl_rating_translation.csv,college_to_nfl_rating_translation,runtime_tuning,332,TE,"{""position_group"":""TE"",""draft_capital_tier"":""round6_7"",""pick_min"":""181"",""pick_max"":""260"",""college_band"":""college_84_89"",""college_ovr_min"":""84"",""college_ovr_max"":""89"",""nfl_rookie_ovr_min"":""44"",""nfl_rookie_ovr_max"":""54"",""nfl_potential_min"":""68"",""nfl_potential_max"":""82"",""translation_uncertainty_sigma"":""0.27"",""readiness_tag"":""longshot_roster"",""rare_exception_allowed"":""limited"",""notes"":""TE translation is slower because blocking, route detail, and alignment variety matter.""}"
draft_translation,college_to_nfl_rating_translation.csv,college_to_nfl_rating_translation,runtime_tuning,333,TE,"{""position_group"":""TE"",""draft_capital_tier"":""round6_7"",""pick_min"":""181"",""pick_max"":""260"",""college_band"":""college_78_83"",""college_ovr_min"":""78"",""college_ovr_max"":""83"",""nfl_rookie_ovr_min"":""40"",""nfl_rookie_ovr_max"":""50"",""nfl_potential_min"":""66"",""nfl_potential_max"":""80"",""translation_uncertainty_sigma"":""0.27"",""readiness_tag"":""longshot_roster"",""rare_exception_allowed"":""limited"",""notes"":""TE translation is slower because blocking, route detail, and alignment variety matter.""}"
draft_translation,college_to_nfl_rating_translation.csv,college_to_nfl_rating_translation,runtime_tuning,334,TE,"{""position_group"":""TE"",""draft_capital_tier"":""round6_7"",""pick_min"":""181"",""pick_max"":""260"",""college_band"":""college_70_77"",""college_ovr_min"":""70"",""college_ovr_max"":""77"",""nfl_rookie_ovr_min"":""34"",""nfl_rookie_ovr_max"":""43"",""nfl_potential_min"":""63"",""nfl_potential_max"":""77"",""translation_uncertainty_sigma"":""0.29"",""readiness_tag"":""longshot_roster"",""rare_exception_allowed"":""limited"",""notes"":""TE translation is slower because blocking, route detail, and alignment variety matter.""}"
draft_translation,college_to_nfl_rating_translation.csv,college_to_nfl_rating_translation,runtime_tuning,335,TE,"{""position_group"":""TE"",""draft_capital_tier"":""round6_7"",""pick_min"":""181"",""pick_max"":""260"",""college_band"":""college_60_69"",""college_ovr_min"":""60"",""college_ovr_max"":""69"",""nfl_rookie_ovr_min"":""34"",""nfl_rookie_ovr_max"":""36"",""nfl_potential_min"":""60"",""nfl_potential_max"":""74"",""translation_uncertainty_sigma"":""0.29"",""readiness_tag"":""longshot_roster"",""rare_exception_allowed"":""limited"",""notes"":""TE translation is slower because blocking, route detail, and alignment variety matter.""}"
draft_translation,college_to_nfl_rating_translation.csv,college_to_nfl_rating_translation,runtime_tuning,336,TE,"{""position_group"":""TE"",""draft_capital_tier"":""round6_7"",""pick_min"":""181"",""pick_max"":""260"",""college_band"":""college_below_60"",""college_ovr_min"":""1"",""college_ovr_max"":""59"",""nfl_rookie_ovr_min"":""34"",""nfl_rookie_ovr_max"":""36"",""nfl_potential_min"":""56"",""nfl_potential_max"":""70"",""translation_uncertainty_sigma"":""0.29"",""readiness_tag"":""longshot_roster"",""rare_exception_allowed"":""limited"",""notes"":""TE translation is slower because blocking, route detail, and alignment variety matter.""}"
draft_translation,college_to_nfl_rating_translation.csv,college_to_nfl_rating_translation,runtime_tuning,337,TE,"{""position_group"":""TE"",""draft_capital_tier"":""priority_udfa"",""pick_min"":""261"",""pick_max"":""999"",""college_band"":""college_98_99"",""college_ovr_min"":""98"",""college_ovr_max"":""99"",""nfl_rookie_ovr_min"":""48"",""nfl_rookie_ovr_max"":""58"",""nfl_potential_min"":""70"",""nfl_potential_max"":""84"",""translation_uncertainty_sigma"":""0.3"",""readiness_tag"":""camp_compete"",""rare_exception_allowed"":""yes"",""notes"":""TE translation is slower because blocking, route detail, and alignment variety matter.""}"
draft_translation,college_to_nfl_rating_translation.csv,college_to_nfl_rating_translation,runtime_tuning,338,TE,"{""position_group"":""TE"",""draft_capital_tier"":""priority_udfa"",""pick_min"":""261"",""pick_max"":""999"",""college_band"":""college_95_97"",""college_ovr_min"":""95"",""college_ovr_max"":""97"",""nfl_rookie_ovr_min"":""46"",""nfl_rookie_ovr_max"":""56"",""nfl_potential_min"":""69"",""nfl_potential_max"":""83"",""translation_uncertainty_sigma"":""0.3"",""readiness_tag"":""camp_compete"",""rare_exception_allowed"":""yes"",""notes"":""TE translation is slower because blocking, route detail, and alignment variety matter.""}"
draft_translation,college_to_nfl_rating_translation.csv,college_to_nfl_rating_translation,runtime_tuning,339,TE,"{""position_group"":""TE"",""draft_capital_tier"":""priority_udfa"",""pick_min"":""261"",""pick_max"":""999"",""college_band"":""college_90_94"",""college_ovr_min"":""90"",""college_ovr_max"":""94"",""nfl_rookie_ovr_min"":""44"",""nfl_rookie_ovr_max"":""54"",""nfl_potential_min"":""68"",""nfl_potential_max"":""82"",""translation_uncertainty_sigma"":""0.3"",""readiness_tag"":""camp_compete"",""rare_exception_allowed"":""yes"",""notes"":""TE translation is slower because blocking, route detail, and alignment variety matter.""}"
draft_translation,college_to_nfl_rating_translation.csv,college_to_nfl_rating_translation,runtime_tuning,340,TE,"{""position_group"":""TE"",""draft_capital_tier"":""priority_udfa"",""pick_min"":""261"",""pick_max"":""999"",""college_band"":""college_84_89"",""college_ovr_min"":""84"",""college_ovr_max"":""89"",""nfl_rookie_ovr_min"":""41"",""nfl_rookie_ovr_max"":""51"",""nfl_potential_min"":""66"",""nfl_potential_max"":""80"",""translation_uncertainty_sigma"":""0.3"",""readiness_tag"":""camp_compete"",""rare_exception_allowed"":""yes"",""notes"":""TE translation is slower because blocking, route detail, and alignment variety matter.""}"
draft_translation,college_to_nfl_rating_translation.csv,college_to_nfl_rating_translation,runtime_tuning,341,TE,"{""position_group"":""TE"",""draft_capital_tier"":""priority_udfa"",""pick_min"":""261"",""pick_max"":""999"",""college_band"":""college_78_83"",""college_ovr_min"":""78"",""college_ovr_max"":""83"",""nfl_rookie_ovr_min"":""37"",""nfl_rookie_ovr_max"":""47"",""nfl_potential_min"":""64"",""nfl_potential_max"":""78"",""translation_uncertainty_sigma"":""0.3"",""readiness_tag"":""camp_compete"",""rare_exception_allowed"":""yes"",""notes"":""TE translation is slower because blocking, route detail, and alignment variety matter.""}"
draft_translation,college_to_nfl_rating_translation.csv,college_to_nfl_rating_translation,runtime_tuning,342,TE,"{""position_group"":""TE"",""draft_capital_tier"":""priority_udfa"",""pick_min"":""261"",""pick_max"":""999"",""college_band"":""college_70_77"",""college_ovr_min"":""70"",""college_ovr_max"":""77"",""nfl_rookie_ovr_min"":""34"",""nfl_rookie_ovr_max"":""40"",""nfl_potential_min"":""61"",""nfl_potential_max"":""75"",""translation_uncertainty_sigma"":""0.32"",""readiness_tag"":""camp_compete"",""rare_exception_allowed"":""yes"",""notes"":""TE translation is slower because blocking, route detail, and alignment variety matter.""}"
draft_translation,college_to_nfl_rating_translation.csv,college_to_nfl_rating_translation,runtime_tuning,343,TE,"{""position_group"":""TE"",""draft_capital_tier"":""priority_udfa"",""pick_min"":""261"",""pick_max"":""999"",""college_band"":""college_60_69"",""college_ovr_min"":""60"",""college_ovr_max"":""69"",""nfl_rookie_ovr_min"":""34"",""nfl_rookie_ovr_max"":""36"",""nfl_potential_min"":""58"",""nfl_potential_max"":""72"",""translation_uncertainty_sigma"":""0.32"",""readiness_tag"":""camp_compete"",""rare_exception_allowed"":""yes"",""notes"":""TE translation is slower because blocking, route detail, and alignment variety matter.""}"
draft_translation,college_to_nfl_rating_translation.csv,college_to_nfl_rating_translation,runtime_tuning,344,TE,"{""position_group"":""TE"",""draft_capital_tier"":""priority_udfa"",""pick_min"":""261"",""pick_max"":""999"",""college_band"":""college_below_60"",""college_ovr_min"":""1"",""college_ovr_max"":""59"",""nfl_rookie_ovr_min"":""34"",""nfl_rookie_ovr_max"":""36"",""nfl_potential_min"":""54"",""nfl_potential_max"":""68"",""translation_uncertainty_sigma"":""0.32"",""readiness_tag"":""camp_compete"",""rare_exception_allowed"":""yes"",""notes"":""TE translation is slower because blocking, route detail, and alignment variety matter.""}"
draft_translation,college_to_nfl_rating_translation.csv,college_to_nfl_rating_translation,runtime_tuning,345,TE,"{""position_group"":""TE"",""draft_capital_tier"":""camp_udfa"",""pick_min"":""1000"",""pick_max"":""9999"",""college_band"":""college_98_99"",""college_ovr_min"":""98"",""college_ovr_max"":""99"",""nfl_rookie_ovr_min"":""44"",""nfl_rookie_ovr_max"":""54"",""nfl_potential_min"":""67"",""nfl_potential_max"":""81"",""translation_uncertainty_sigma"":""0.33"",""readiness_tag"":""camp_body"",""rare_exception_allowed"":""limited"",""notes"":""TE translation is slower because blocking, route detail, and alignment variety matter.""}"
draft_translation,college_to_nfl_rating_translation.csv,college_to_nfl_rating_translation,runtime_tuning,346,TE,"{""position_group"":""TE"",""draft_capital_tier"":""camp_udfa"",""pick_min"":""1000"",""pick_max"":""9999"",""college_band"":""college_95_97"",""college_ovr_min"":""95"",""college_ovr_max"":""97"",""nfl_rookie_ovr_min"":""42"",""nfl_rookie_ovr_max"":""52"",""nfl_potential_min"":""66"",""nfl_potential_max"":""80"",""translation_uncertainty_sigma"":""0.33"",""readiness_tag"":""camp_body"",""rare_exception_allowed"":""limited"",""notes"":""TE translation is slower because blocking, route detail, and alignment variety matter.""}"
draft_translation,college_to_nfl_rating_translation.csv,college_to_nfl_rating_translation,runtime_tuning,347,TE,"{""position_group"":""TE"",""draft_capital_tier"":""camp_udfa"",""pick_min"":""1000"",""pick_max"":""9999"",""college_band"":""college_90_94"",""college_ovr_min"":""90"",""college_ovr_max"":""94"",""nfl_rookie_ovr_min"":""40"",""nfl_rookie_ovr_max"":""50"",""nfl_potential_min"":""65"",""nfl_potential_max"":""79"",""translation_uncertainty_sigma"":""0.33"",""readiness_tag"":""camp_body"",""rare_exception_allowed"":""limited"",""notes"":""TE translation is slower because blocking, route detail, and alignment variety matter.""}"
draft_translation,college_to_nfl_rating_translation.csv,college_to_nfl_rating_translation,runtime_tuning,348,TE,"{""position_group"":""TE"",""draft_capital_tier"":""camp_udfa"",""pick_min"":""1000"",""pick_max"":""9999"",""college_band"":""college_84_89"",""college_ovr_min"":""84"",""college_ovr_max"":""89"",""nfl_rookie_ovr_min"":""37"",""nfl_rookie_ovr_max"":""47"",""nfl_potential_min"":""63"",""nfl_potential_max"":""77"",""translation_uncertainty_sigma"":""0.33"",""readiness_tag"":""camp_body"",""rare_exception_allowed"":""limited"",""notes"":""TE translation is slower because blocking, route detail, and alignment variety matter.""}"
draft_translation,college_to_nfl_rating_translation.csv,college_to_nfl_rating_translation,runtime_tuning,349,TE,"{""position_group"":""TE"",""draft_capital_tier"":""camp_udfa"",""pick_min"":""1000"",""pick_max"":""9999"",""college_band"":""college_78_83"",""college_ovr_min"":""78"",""college_ovr_max"":""83"",""nfl_rookie_ovr_min"":""34"",""nfl_rookie_ovr_max"":""43"",""nfl_potential_min"":""61"",""nfl_potential_max"":""75"",""translation_uncertainty_sigma"":""0.33"",""readiness_tag"":""camp_body"",""rare_exception_allowed"":""limited"",""notes"":""TE translation is slower because blocking, route detail, and alignment variety matter.""}"
draft_translation,college_to_nfl_rating_translation.csv,college_to_nfl_rating_translation,runtime_tuning,350,TE,"{""position_group"":""TE"",""draft_capital_tier"":""camp_udfa"",""pick_min"":""1000"",""pick_max"":""9999"",""college_band"":""college_70_77"",""college_ovr_min"":""70"",""college_ovr_max"":""77"",""nfl_rookie_ovr_min"":""34"",""nfl_rookie_ovr_max"":""36"",""nfl_potential_min"":""58"",""nfl_potential_max"":""72"",""translation_uncertainty_sigma"":""0.35"",""readiness_tag"":""camp_body"",""rare_exception_allowed"":""limited"",""notes"":""TE translation is slower because blocking, route detail, and alignment variety matter.""}"
draft_translation,college_to_nfl_rating_translation.csv,college_to_nfl_rating_translation,runtime_tuning,351,TE,"{""position_group"":""TE"",""draft_capital_tier"":""camp_udfa"",""pick_min"":""1000"",""pick_max"":""9999"",""college_band"":""college_60_69"",""college_ovr_min"":""60"",""college_ovr_max"":""69"",""nfl_rookie_ovr_min"":""34"",""nfl_rookie_ovr_max"":""36"",""nfl_potential_min"":""55"",""nfl_potential_max"":""69"",""translation_uncertainty_sigma"":""0.35"",""readiness_tag"":""camp_body"",""rare_exception_allowed"":""limited"",""notes"":""TE translation is slower because blocking, route detail, and alignment variety matter.""}"
draft_translation,college_to_nfl_rating_translation.csv,college_to_nfl_rating_translation,runtime_tuning,352,TE,"{""position_group"":""TE"",""draft_capital_tier"":""camp_udfa"",""pick_min"":""1000"",""pick_max"":""9999"",""college_band"":""college_below_60"",""college_ovr_min"":""1"",""college_ovr_max"":""59"",""nfl_rookie_ovr_min"":""34"",""nfl_rookie_ovr_max"":""36"",""nfl_potential_min"":""51"",""nfl_potential_max"":""65"",""translation_uncertainty_sigma"":""0.35"",""readiness_tag"":""camp_body"",""rare_exception_allowed"":""limited"",""notes"":""TE translation is slower because blocking, route detail, and alignment variety matter.""}"
draft_translation,college_to_nfl_rating_translation.csv,college_to_nfl_rating_translation,runtime_tuning,353,OL,"{""position_group"":""OL"",""draft_capital_tier"":""top_5"",""pick_min"":""1"",""pick_max"":""5"",""college_band"":""college_98_99"",""college_ovr_min"":""98"",""college_ovr_max"":""99"",""nfl_rookie_ovr_min"":""79"",""nfl_rookie_ovr_max"":""86"",""nfl_potential_min"":""87"",""nfl_potential_max"":""99"",""translation_uncertainty_sigma"":""0.08"",""readiness_tag"":""premium_day_one"",""rare_exception_allowed"":""yes"",""notes"":""Top OL can start early, but technical and strength translation still matters.""}"
draft_translation,college_to_nfl_rating_translation.csv,college_to_nfl_rating_translation,runtime_tuning,354,OL,"{""position_group"":""OL"",""draft_capital_tier"":""top_5"",""pick_min"":""1"",""pick_max"":""5"",""college_band"":""college_95_97"",""college_ovr_min"":""95"",""college_ovr_max"":""97"",""nfl_rookie_ovr_min"":""77"",""nfl_rookie_ovr_max"":""86"",""nfl_potential_min"":""86"",""nfl_potential_max"":""99"",""translation_uncertainty_sigma"":""0.08"",""readiness_tag"":""premium_day_one"",""rare_exception_allowed"":""yes"",""notes"":""Top OL can start early, but technical and strength translation still matters.""}"
draft_translation,college_to_nfl_rating_translation.csv,college_to_nfl_rating_translation,runtime_tuning,355,OL,"{""position_group"":""OL"",""draft_capital_tier"":""top_5"",""pick_min"":""1"",""pick_max"":""5"",""college_band"":""college_90_94"",""college_ovr_min"":""90"",""college_ovr_max"":""94"",""nfl_rookie_ovr_min"":""75"",""nfl_rookie_ovr_max"":""85"",""nfl_potential_min"":""85"",""nfl_potential_max"":""99"",""translation_uncertainty_sigma"":""0.08"",""readiness_tag"":""premium_day_one"",""rare_exception_allowed"":""yes"",""notes"":""Top OL can start early, but technical and strength translation still matters.""}"
draft_translation,college_to_nfl_rating_translation.csv,college_to_nfl_rating_translation,runtime_tuning,356,OL,"{""position_group"":""OL"",""draft_capital_tier"":""top_5"",""pick_min"":""1"",""pick_max"":""5"",""college_band"":""college_84_89"",""college_ovr_min"":""84"",""college_ovr_max"":""89"",""nfl_rookie_ovr_min"":""72"",""nfl_rookie_ovr_max"":""82"",""nfl_potential_min"":""83"",""nfl_potential_max"":""97"",""translation_uncertainty_sigma"":""0.08"",""readiness_tag"":""premium_day_one"",""rare_exception_allowed"":""yes"",""notes"":""Top OL can start early, but technical and strength translation still matters.""}"
draft_translation,college_to_nfl_rating_translation.csv,college_to_nfl_rating_translation,runtime_tuning,357,OL,"{""position_group"":""OL"",""draft_capital_tier"":""top_5"",""pick_min"":""1"",""pick_max"":""5"",""college_band"":""college_78_83"",""college_ovr_min"":""78"",""college_ovr_max"":""83"",""nfl_rookie_ovr_min"":""68"",""nfl_rookie_ovr_max"":""78"",""nfl_potential_min"":""81"",""nfl_potential_max"":""95"",""translation_uncertainty_sigma"":""0.08"",""readiness_tag"":""premium_day_one"",""rare_exception_allowed"":""yes"",""notes"":""Top OL can start early, but technical and strength translation still matters.""}"
draft_translation,college_to_nfl_rating_translation.csv,college_to_nfl_rating_translation,runtime_tuning,358,OL,"{""position_group"":""OL"",""draft_capital_tier"":""top_5"",""pick_min"":""1"",""pick_max"":""5"",""college_band"":""college_70_77"",""college_ovr_min"":""70"",""college_ovr_max"":""77"",""nfl_rookie_ovr_min"":""62"",""nfl_rookie_ovr_max"":""71"",""nfl_potential_min"":""78"",""nfl_potential_max"":""92"",""translation_uncertainty_sigma"":""0.1"",""readiness_tag"":""premium_day_one"",""rare_exception_allowed"":""yes"",""notes"":""Top OL can start early, but technical and strength translation still matters.""}"
draft_translation,college_to_nfl_rating_translation.csv,college_to_nfl_rating_translation,runtime_tuning,359,OL,"{""position_group"":""OL"",""draft_capital_tier"":""top_5"",""pick_min"":""1"",""pick_max"":""5"",""college_band"":""college_60_69"",""college_ovr_min"":""60"",""college_ovr_max"":""69"",""nfl_rookie_ovr_min"":""54"",""nfl_rookie_ovr_max"":""62"",""nfl_potential_min"":""75"",""nfl_potential_max"":""89"",""translation_uncertainty_sigma"":""0.1"",""readiness_tag"":""premium_day_one"",""rare_exception_allowed"":""yes"",""notes"":""Top OL can start early, but technical and strength translation still matters.""}"
draft_translation,college_to_nfl_rating_translation.csv,college_to_nfl_rating_translation,runtime_tuning,360,OL,"{""position_group"":""OL"",""draft_capital_tier"":""top_5"",""pick_min"":""1"",""pick_max"":""5"",""college_band"":""college_below_60"",""college_ovr_min"":""1"",""college_ovr_max"":""59"",""nfl_rookie_ovr_min"":""47"",""nfl_rookie_ovr_max"":""55"",""nfl_potential_min"":""71"",""nfl_potential_max"":""85"",""translation_uncertainty_sigma"":""0.1"",""readiness_tag"":""premium_day_one"",""rare_exception_allowed"":""yes"",""notes"":""Top OL can start early, but technical and strength translation still matters.""}"
draft_translation,college_to_nfl_rating_translation.csv,college_to_nfl_rating_translation,runtime_tuning,361,OL,"{""position_group"":""OL"",""draft_capital_tier"":""top_10"",""pick_min"":""6"",""pick_max"":""10"",""college_band"":""college_98_99"",""college_ovr_min"":""98"",""college_ovr_max"":""99"",""nfl_rookie_ovr_min"":""77"",""nfl_rookie_ovr_max"":""85"",""nfl_potential_min"":""86"",""nfl_potential_max"":""99"",""translation_uncertainty_sigma"":""0.09"",""readiness_tag"":""premium_day_one"",""rare_exception_allowed"":""yes"",""notes"":""Top OL can start early, but technical and strength translation still matters.""}"
draft_translation,college_to_nfl_rating_translation.csv,college_to_nfl_rating_translation,runtime_tuning,362,OL,"{""position_group"":""OL"",""draft_capital_tier"":""top_10"",""pick_min"":""6"",""pick_max"":""10"",""college_band"":""college_95_97"",""college_ovr_min"":""95"",""college_ovr_max"":""97"",""nfl_rookie_ovr_min"":""75"",""nfl_rookie_ovr_max"":""85"",""nfl_potential_min"":""85"",""nfl_potential_max"":""99"",""translation_uncertainty_sigma"":""0.09"",""readiness_tag"":""premium_day_one"",""rare_exception_allowed"":""yes"",""notes"":""Top OL can start early, but technical and strength translation still matters.""}"
draft_translation,college_to_nfl_rating_translation.csv,college_to_nfl_rating_translation,runtime_tuning,363,OL,"{""position_group"":""OL"",""draft_capital_tier"":""top_10"",""pick_min"":""6"",""pick_max"":""10"",""college_band"":""college_90_94"",""college_ovr_min"":""90"",""college_ovr_max"":""94"",""nfl_rookie_ovr_min"":""73"",""nfl_rookie_ovr_max"":""83"",""nfl_potential_min"":""84"",""nfl_potential_max"":""98"",""translation_uncertainty_sigma"":""0.09"",""readiness_tag"":""premium_day_one"",""rare_exception_allowed"":""yes"",""notes"":""Top OL can start early, but technical and strength translation still matters.""}"
draft_translation,college_to_nfl_rating_translation.csv,college_to_nfl_rating_translation,runtime_tuning,364,OL,"{""position_group"":""OL"",""draft_capital_tier"":""top_10"",""pick_min"":""6"",""pick_max"":""10"",""college_band"":""college_84_89"",""college_ovr_min"":""84"",""college_ovr_max"":""89"",""nfl_rookie_ovr_min"":""70"",""nfl_rookie_ovr_max"":""80"",""nfl_potential_min"":""82"",""nfl_potential_max"":""96"",""translation_uncertainty_sigma"":""0.09"",""readiness_tag"":""premium_day_one"",""rare_exception_allowed"":""yes"",""notes"":""Top OL can start early, but technical and strength translation still matters.""}"
draft_translation,college_to_nfl_rating_translation.csv,college_to_nfl_rating_translation,runtime_tuning,365,OL,"{""position_group"":""OL"",""draft_capital_tier"":""top_10"",""pick_min"":""6"",""pick_max"":""10"",""college_band"":""college_78_83"",""college_ovr_min"":""78"",""college_ovr_max"":""83"",""nfl_rookie_ovr_min"":""66"",""nfl_rookie_ovr_max"":""76"",""nfl_potential_min"":""80"",""nfl_potential_max"":""94"",""translation_uncertainty_sigma"":""0.09"",""readiness_tag"":""premium_day_one"",""rare_exception_allowed"":""yes"",""notes"":""Top OL can start early, but technical and strength translation still matters.""}"
draft_translation,college_to_nfl_rating_translation.csv,college_to_nfl_rating_translation,runtime_tuning,366,OL,"{""position_group"":""OL"",""draft_capital_tier"":""top_10"",""pick_min"":""6"",""pick_max"":""10"",""college_band"":""college_70_77"",""college_ovr_min"":""70"",""college_ovr_max"":""77"",""nfl_rookie_ovr_min"":""60"",""nfl_rookie_ovr_max"":""69"",""nfl_potential_min"":""77"",""nfl_potential_max"":""91"",""translation_uncertainty_sigma"":""0.11"",""readiness_tag"":""premium_day_one"",""rare_exception_allowed"":""yes"",""notes"":""Top OL can start early, but technical and strength translation still matters.""}"
draft_translation,college_to_nfl_rating_translation.csv,college_to_nfl_rating_translation,runtime_tuning,367,OL,"{""position_group"":""OL"",""draft_capital_tier"":""top_10"",""pick_min"":""6"",""pick_max"":""10"",""college_band"":""college_60_69"",""college_ovr_min"":""60"",""college_ovr_max"":""69"",""nfl_rookie_ovr_min"":""52"",""nfl_rookie_ovr_max"":""60"",""nfl_potential_min"":""74"",""nfl_potential_max"":""88"",""translation_uncertainty_sigma"":""0.11"",""readiness_tag"":""premium_day_one"",""rare_exception_allowed"":""yes"",""notes"":""Top OL can start early, but technical and strength translation still matters.""}"
draft_translation,college_to_nfl_rating_translation.csv,college_to_nfl_rating_translation,runtime_tuning,368,OL,"{""position_group"":""OL"",""draft_capital_tier"":""top_10"",""pick_min"":""6"",""pick_max"":""10"",""college_band"":""college_below_60"",""college_ovr_min"":""1"",""college_ovr_max"":""59"",""nfl_rookie_ovr_min"":""45"",""nfl_rookie_ovr_max"":""53"",""nfl_potential_min"":""70"",""nfl_potential_max"":""84"",""translation_uncertainty_sigma"":""0.11"",""readiness_tag"":""premium_day_one"",""rare_exception_allowed"":""yes"",""notes"":""Top OL can start early, but technical and strength translation still matters.""}"
draft_translation,college_to_nfl_rating_translation.csv,college_to_nfl_rating_translation,runtime_tuning,369,OL,"{""position_group"":""OL"",""draft_capital_tier"":""round1_early_mid"",""pick_min"":""11"",""pick_max"":""20"",""college_band"":""college_98_99"",""college_ovr_min"":""98"",""college_ovr_max"":""99"",""nfl_rookie_ovr_min"":""75"",""nfl_rookie_ovr_max"":""84"",""nfl_potential_min"":""84"",""nfl_potential_max"":""98"",""translation_uncertainty_sigma"":""0.1"",""readiness_tag"":""day_one_compete"",""rare_exception_allowed"":""yes"",""notes"":""Top OL can start early, but technical and strength translation still matters.""}"
draft_translation,college_to_nfl_rating_translation.csv,college_to_nfl_rating_translation,runtime_tuning,370,OL,"{""position_group"":""OL"",""draft_capital_tier"":""round1_early_mid"",""pick_min"":""11"",""pick_max"":""20"",""college_band"":""college_95_97"",""college_ovr_min"":""95"",""college_ovr_max"":""97"",""nfl_rookie_ovr_min"":""73"",""nfl_rookie_ovr_max"":""83"",""nfl_potential_min"":""83"",""nfl_potential_max"":""97"",""translation_uncertainty_sigma"":""0.1"",""readiness_tag"":""day_one_compete"",""rare_exception_allowed"":""yes"",""notes"":""Top OL can start early, but technical and strength translation still matters.""}"
draft_translation,college_to_nfl_rating_translation.csv,college_to_nfl_rating_translation,runtime_tuning,371,OL,"{""position_group"":""OL"",""draft_capital_tier"":""round1_early_mid"",""pick_min"":""11"",""pick_max"":""20"",""college_band"":""college_90_94"",""college_ovr_min"":""90"",""college_ovr_max"":""94"",""nfl_rookie_ovr_min"":""71"",""nfl_rookie_ovr_max"":""81"",""nfl_potential_min"":""82"",""nfl_potential_max"":""96"",""translation_uncertainty_sigma"":""0.1"",""readiness_tag"":""day_one_compete"",""rare_exception_allowed"":""yes"",""notes"":""Top OL can start early, but technical and strength translation still matters.""}"
draft_translation,college_to_nfl_rating_translation.csv,college_to_nfl_rating_translation,runtime_tuning,372,OL,"{""position_group"":""OL"",""draft_capital_tier"":""round1_early_mid"",""pick_min"":""11"",""pick_max"":""20"",""college_band"":""college_84_89"",""college_ovr_min"":""84"",""college_ovr_max"":""89"",""nfl_rookie_ovr_min"":""68"",""nfl_rookie_ovr_max"":""78"",""nfl_potential_min"":""80"",""nfl_potential_max"":""94"",""translation_uncertainty_sigma"":""0.1"",""readiness_tag"":""day_one_compete"",""rare_exception_allowed"":""yes"",""notes"":""Top OL can start early, but technical and strength translation still matters.""}"
draft_translation,college_to_nfl_rating_translation.csv,college_to_nfl_rating_translation,runtime_tuning,373,OL,"{""position_group"":""OL"",""draft_capital_tier"":""round1_early_mid"",""pick_min"":""11"",""pick_max"":""20"",""college_band"":""college_78_83"",""college_ovr_min"":""78"",""college_ovr_max"":""83"",""nfl_rookie_ovr_min"":""64"",""nfl_rookie_ovr_max"":""74"",""nfl_potential_min"":""78"",""nfl_potential_max"":""92"",""translation_uncertainty_sigma"":""0.1"",""readiness_tag"":""day_one_compete"",""rare_exception_allowed"":""yes"",""notes"":""Top OL can start early, but technical and strength translation still matters.""}"
draft_translation,college_to_nfl_rating_translation.csv,college_to_nfl_rating_translation,runtime_tuning,374,OL,"{""position_group"":""OL"",""draft_capital_tier"":""round1_early_mid"",""pick_min"":""11"",""pick_max"":""20"",""college_band"":""college_70_77"",""college_ovr_min"":""70"",""college_ovr_max"":""77"",""nfl_rookie_ovr_min"":""58"",""nfl_rookie_ovr_max"":""67"",""nfl_potential_min"":""75"",""nfl_potential_max"":""89"",""translation_uncertainty_sigma"":""0.12"",""readiness_tag"":""day_one_compete"",""rare_exception_allowed"":""yes"",""notes"":""Top OL can start early, but technical and strength translation still matters.""}"
draft_translation,college_to_nfl_rating_translation.csv,college_to_nfl_rating_translation,runtime_tuning,375,OL,"{""position_group"":""OL"",""draft_capital_tier"":""round1_early_mid"",""pick_min"":""11"",""pick_max"":""20"",""college_band"":""college_60_69"",""college_ovr_min"":""60"",""college_ovr_max"":""69"",""nfl_rookie_ovr_min"":""50"",""nfl_rookie_ovr_max"":""58"",""nfl_potential_min"":""72"",""nfl_potential_max"":""86"",""translation_uncertainty_sigma"":""0.12"",""readiness_tag"":""day_one_compete"",""rare_exception_allowed"":""yes"",""notes"":""Top OL can start early, but technical and strength translation still matters.""}"
draft_translation,college_to_nfl_rating_translation.csv,college_to_nfl_rating_translation,runtime_tuning,376,OL,"{""position_group"":""OL"",""draft_capital_tier"":""round1_early_mid"",""pick_min"":""11"",""pick_max"":""20"",""college_band"":""college_below_60"",""college_ovr_min"":""1"",""college_ovr_max"":""59"",""nfl_rookie_ovr_min"":""43"",""nfl_rookie_ovr_max"":""51"",""nfl_potential_min"":""68"",""nfl_potential_max"":""82"",""translation_uncertainty_sigma"":""0.12"",""readiness_tag"":""day_one_compete"",""rare_exception_allowed"":""yes"",""notes"":""Top OL can start early, but technical and strength translation still matters.""}"
draft_translation,college_to_nfl_rating_translation.csv,college_to_nfl_rating_translation,runtime_tuning,377,OL,"{""position_group"":""OL"",""draft_capital_tier"":""round1_late"",""pick_min"":""21"",""pick_max"":""32"",""college_band"":""college_98_99"",""college_ovr_min"":""98"",""college_ovr_max"":""99"",""nfl_rookie_ovr_min"":""73"",""nfl_rookie_ovr_max"":""83"",""nfl_potential_min"":""83"",""nfl_potential_max"":""97"",""translation_uncertainty_sigma"":""0.11"",""readiness_tag"":""day_one_compete"",""rare_exception_allowed"":""limited"",""notes"":""Top OL can start early, but technical and strength translation still matters.""}"
draft_translation,college_to_nfl_rating_translation.csv,college_to_nfl_rating_translation,runtime_tuning,378,OL,"{""position_group"":""OL"",""draft_capital_tier"":""round1_late"",""pick_min"":""21"",""pick_max"":""32"",""college_band"":""college_95_97"",""college_ovr_min"":""95"",""college_ovr_max"":""97"",""nfl_rookie_ovr_min"":""71"",""nfl_rookie_ovr_max"":""81"",""nfl_potential_min"":""82"",""nfl_potential_max"":""96"",""translation_uncertainty_sigma"":""0.11"",""readiness_tag"":""day_one_compete"",""rare_exception_allowed"":""limited"",""notes"":""Top OL can start early, but technical and strength translation still matters.""}"
draft_translation,college_to_nfl_rating_translation.csv,college_to_nfl_rating_translation,runtime_tuning,379,OL,"{""position_group"":""OL"",""draft_capital_tier"":""round1_late"",""pick_min"":""21"",""pick_max"":""32"",""college_band"":""college_90_94"",""college_ovr_min"":""90"",""college_ovr_max"":""94"",""nfl_rookie_ovr_min"":""69"",""nfl_rookie_ovr_max"":""79"",""nfl_potential_min"":""81"",""nfl_potential_max"":""95"",""translation_uncertainty_sigma"":""0.11"",""readiness_tag"":""day_one_compete"",""rare_exception_allowed"":""limited"",""notes"":""Top OL can start early, but technical and strength translation still matters.""}"
draft_translation,college_to_nfl_rating_translation.csv,college_to_nfl_rating_translation,runtime_tuning,380,OL,"{""position_group"":""OL"",""draft_capital_tier"":""round1_late"",""pick_min"":""21"",""pick_max"":""32"",""college_band"":""college_84_89"",""college_ovr_min"":""84"",""college_ovr_max"":""89"",""nfl_rookie_ovr_min"":""66"",""nfl_rookie_ovr_max"":""76"",""nfl_potential_min"":""79"",""nfl_potential_max"":""93"",""translation_uncertainty_sigma"":""0.11"",""readiness_tag"":""day_one_compete"",""rare_exception_allowed"":""limited"",""notes"":""Top OL can start early, but technical and strength translation still matters.""}"
draft_translation,college_to_nfl_rating_translation.csv,college_to_nfl_rating_translation,runtime_tuning,381,OL,"{""position_group"":""OL"",""draft_capital_tier"":""round1_late"",""pick_min"":""21"",""pick_max"":""32"",""college_band"":""college_78_83"",""college_ovr_min"":""78"",""college_ovr_max"":""83"",""nfl_rookie_ovr_min"":""62"",""nfl_rookie_ovr_max"":""72"",""nfl_potential_min"":""77"",""nfl_potential_max"":""91"",""translation_uncertainty_sigma"":""0.11"",""readiness_tag"":""day_one_compete"",""rare_exception_allowed"":""limited"",""notes"":""Top OL can start early, but technical and strength translation still matters.""}"
draft_translation,college_to_nfl_rating_translation.csv,college_to_nfl_rating_translation,runtime_tuning,382,OL,"{""position_group"":""OL"",""draft_capital_tier"":""round1_late"",""pick_min"":""21"",""pick_max"":""32"",""college_band"":""college_70_77"",""college_ovr_min"":""70"",""college_ovr_max"":""77"",""nfl_rookie_ovr_min"":""56"",""nfl_rookie_ovr_max"":""65"",""nfl_potential_min"":""74"",""nfl_potential_max"":""88"",""translation_uncertainty_sigma"":""0.13"",""readiness_tag"":""day_one_compete"",""rare_exception_allowed"":""limited"",""notes"":""Top OL can start early, but technical and strength translation still matters.""}"
draft_translation,college_to_nfl_rating_translation.csv,college_to_nfl_rating_translation,runtime_tuning,383,OL,"{""position_group"":""OL"",""draft_capital_tier"":""round1_late"",""pick_min"":""21"",""pick_max"":""32"",""college_band"":""college_60_69"",""college_ovr_min"":""60"",""college_ovr_max"":""69"",""nfl_rookie_ovr_min"":""48"",""nfl_rookie_ovr_max"":""56"",""nfl_potential_min"":""71"",""nfl_potential_max"":""85"",""translation_uncertainty_sigma"":""0.13"",""readiness_tag"":""day_one_compete"",""rare_exception_allowed"":""limited"",""notes"":""Top OL can start early, but technical and strength translation still matters.""}"
draft_translation,college_to_nfl_rating_translation.csv,college_to_nfl_rating_translation,runtime_tuning,384,OL,"{""position_group"":""OL"",""draft_capital_tier"":""round1_late"",""pick_min"":""21"",""pick_max"":""32"",""college_band"":""college_below_60"",""college_ovr_min"":""1"",""college_ovr_max"":""59"",""nfl_rookie_ovr_min"":""41"",""nfl_rookie_ovr_max"":""49"",""nfl_potential_min"":""67"",""nfl_potential_max"":""81"",""translation_uncertainty_sigma"":""0.13"",""readiness_tag"":""day_one_compete"",""rare_exception_allowed"":""limited"",""notes"":""Top OL can start early, but technical and strength translation still matters.""}"
draft_translation,college_to_nfl_rating_translation.csv,college_to_nfl_rating_translation,runtime_tuning,385,OL,"{""position_group"":""OL"",""draft_capital_tier"":""round2"",""pick_min"":""33"",""pick_max"":""64"",""college_band"":""college_98_99"",""college_ovr_min"":""98"",""college_ovr_max"":""99"",""nfl_rookie_ovr_min"":""70"",""nfl_rookie_ovr_max"":""80"",""nfl_potential_min"":""81"",""nfl_potential_max"":""95"",""translation_uncertainty_sigma"":""0.13"",""readiness_tag"":""rotation_early"",""rare_exception_allowed"":""limited"",""notes"":""Top OL can start early, but technical and strength translation still matters.""}"
draft_translation,college_to_nfl_rating_translation.csv,college_to_nfl_rating_translation,runtime_tuning,386,OL,"{""position_group"":""OL"",""draft_capital_tier"":""round2"",""pick_min"":""33"",""pick_max"":""64"",""college_band"":""college_95_97"",""college_ovr_min"":""95"",""college_ovr_max"":""97"",""nfl_rookie_ovr_min"":""68"",""nfl_rookie_ovr_max"":""78"",""nfl_potential_min"":""80"",""nfl_potential_max"":""94"",""translation_uncertainty_sigma"":""0.13"",""readiness_tag"":""rotation_early"",""rare_exception_allowed"":""limited"",""notes"":""Top OL can start early, but technical and strength translation still matters.""}"
draft_translation,college_to_nfl_rating_translation.csv,college_to_nfl_rating_translation,runtime_tuning,387,OL,"{""position_group"":""OL"",""draft_capital_tier"":""round2"",""pick_min"":""33"",""pick_max"":""64"",""college_band"":""college_90_94"",""college_ovr_min"":""90"",""college_ovr_max"":""94"",""nfl_rookie_ovr_min"":""66"",""nfl_rookie_ovr_max"":""76"",""nfl_potential_min"":""79"",""nfl_potential_max"":""93"",""translation_uncertainty_sigma"":""0.13"",""readiness_tag"":""rotation_early"",""rare_exception_allowed"":""limited"",""notes"":""Top OL can start early, but technical and strength translation still matters.""}"
draft_translation,college_to_nfl_rating_translation.csv,college_to_nfl_rating_translation,runtime_tuning,388,OL,"{""position_group"":""OL"",""draft_capital_tier"":""round2"",""pick_min"":""33"",""pick_max"":""64"",""college_band"":""college_84_89"",""college_ovr_min"":""84"",""college_ovr_max"":""89"",""nfl_rookie_ovr_min"":""63"",""nfl_rookie_ovr_max"":""73"",""nfl_potential_min"":""77"",""nfl_potential_max"":""91"",""translation_uncertainty_sigma"":""0.13"",""readiness_tag"":""rotation_early"",""rare_exception_allowed"":""limited"",""notes"":""Top OL can start early, but technical and strength translation still matters.""}"
draft_translation,college_to_nfl_rating_translation.csv,college_to_nfl_rating_translation,runtime_tuning,389,OL,"{""position_group"":""OL"",""draft_capital_tier"":""round2"",""pick_min"":""33"",""pick_max"":""64"",""college_band"":""college_78_83"",""college_ovr_min"":""78"",""college_ovr_max"":""83"",""nfl_rookie_ovr_min"":""59"",""nfl_rookie_ovr_max"":""69"",""nfl_potential_min"":""75"",""nfl_potential_max"":""89"",""translation_uncertainty_sigma"":""0.13"",""readiness_tag"":""rotation_early"",""rare_exception_allowed"":""limited"",""notes"":""Top OL can start early, but technical and strength translation still matters.""}"
draft_translation,college_to_nfl_rating_translation.csv,college_to_nfl_rating_translation,runtime_tuning,390,OL,"{""position_group"":""OL"",""draft_capital_tier"":""round2"",""pick_min"":""33"",""pick_max"":""64"",""college_band"":""college_70_77"",""college_ovr_min"":""70"",""college_ovr_max"":""77"",""nfl_rookie_ovr_min"":""53"",""nfl_rookie_ovr_max"":""62"",""nfl_potential_min"":""72"",""nfl_potential_max"":""86"",""translation_uncertainty_sigma"":""0.15"",""readiness_tag"":""rotation_early"",""rare_exception_allowed"":""limited"",""notes"":""Top OL can start early, but technical and strength translation still matters.""}"
draft_translation,college_to_nfl_rating_translation.csv,college_to_nfl_rating_translation,runtime_tuning,391,OL,"{""position_group"":""OL"",""draft_capital_tier"":""round2"",""pick_min"":""33"",""pick_max"":""64"",""college_band"":""college_60_69"",""college_ovr_min"":""60"",""college_ovr_max"":""69"",""nfl_rookie_ovr_min"":""45"",""nfl_rookie_ovr_max"":""53"",""nfl_potential_min"":""69"",""nfl_potential_max"":""83"",""translation_uncertainty_sigma"":""0.15"",""readiness_tag"":""rotation_early"",""rare_exception_allowed"":""limited"",""notes"":""Top OL can start early, but technical and strength translation still matters.""}"
draft_translation,college_to_nfl_rating_translation.csv,college_to_nfl_rating_translation,runtime_tuning,392,OL,"{""position_group"":""OL"",""draft_capital_tier"":""round2"",""pick_min"":""33"",""pick_max"":""64"",""college_band"":""college_below_60"",""college_ovr_min"":""1"",""college_ovr_max"":""59"",""nfl_rookie_ovr_min"":""38"",""nfl_rookie_ovr_max"":""46"",""nfl_potential_min"":""65"",""nfl_potential_max"":""79"",""translation_uncertainty_sigma"":""0.15"",""readiness_tag"":""rotation_early"",""rare_exception_allowed"":""limited"",""notes"":""Top OL can start early, but technical and strength translation still matters.""}"
draft_translation,college_to_nfl_rating_translation.csv,college_to_nfl_rating_translation,runtime_tuning,393,OL,"{""position_group"":""OL"",""draft_capital_tier"":""round3"",""pick_min"":""65"",""pick_max"":""100"",""college_band"":""college_98_99"",""college_ovr_min"":""98"",""college_ovr_max"":""99"",""nfl_rookie_ovr_min"":""67"",""nfl_rookie_ovr_max"":""77"",""nfl_potential_min"":""79"",""nfl_potential_max"":""93"",""translation_uncertainty_sigma"":""0.16"",""readiness_tag"":""rotation_development"",""rare_exception_allowed"":""limited"",""notes"":""Top OL can start early, but technical and strength translation still matters.""}"
draft_translation,college_to_nfl_rating_translation.csv,college_to_nfl_rating_translation,runtime_tuning,394,OL,"{""position_group"":""OL"",""draft_capital_tier"":""round3"",""pick_min"":""65"",""pick_max"":""100"",""college_band"":""college_95_97"",""college_ovr_min"":""95"",""college_ovr_max"":""97"",""nfl_rookie_ovr_min"":""65"",""nfl_rookie_ovr_max"":""75"",""nfl_potential_min"":""78"",""nfl_potential_max"":""92"",""translation_uncertainty_sigma"":""0.16"",""readiness_tag"":""rotation_development"",""rare_exception_allowed"":""limited"",""notes"":""Top OL can start early, but technical and strength translation still matters.""}"
draft_translation,college_to_nfl_rating_translation.csv,college_to_nfl_rating_translation,runtime_tuning,395,OL,"{""position_group"":""OL"",""draft_capital_tier"":""round3"",""pick_min"":""65"",""pick_max"":""100"",""college_band"":""college_90_94"",""college_ovr_min"":""90"",""college_ovr_max"":""94"",""nfl_rookie_ovr_min"":""63"",""nfl_rookie_ovr_max"":""73"",""nfl_potential_min"":""77"",""nfl_potential_max"":""91"",""translation_uncertainty_sigma"":""0.16"",""readiness_tag"":""rotation_development"",""rare_exception_allowed"":""limited"",""notes"":""Top OL can start early, but technical and strength translation still matters.""}"
draft_translation,college_to_nfl_rating_translation.csv,college_to_nfl_rating_translation,runtime_tuning,396,OL,"{""position_group"":""OL"",""draft_capital_tier"":""round3"",""pick_min"":""65"",""pick_max"":""100"",""college_band"":""college_84_89"",""college_ovr_min"":""84"",""college_ovr_max"":""89"",""nfl_rookie_ovr_min"":""60"",""nfl_rookie_ovr_max"":""70"",""nfl_potential_min"":""75"",""nfl_potential_max"":""89"",""translation_uncertainty_sigma"":""0.16"",""readiness_tag"":""rotation_development"",""rare_exception_allowed"":""limited"",""notes"":""Top OL can start early, but technical and strength translation still matters.""}"
draft_translation,college_to_nfl_rating_translation.csv,college_to_nfl_rating_translation,runtime_tuning,397,OL,"{""position_group"":""OL"",""draft_capital_tier"":""round3"",""pick_min"":""65"",""pick_max"":""100"",""college_band"":""college_78_83"",""college_ovr_min"":""78"",""college_ovr_max"":""83"",""nfl_rookie_ovr_min"":""56"",""nfl_rookie_ovr_max"":""66"",""nfl_potential_min"":""73"",""nfl_potential_max"":""87"",""translation_uncertainty_sigma"":""0.16"",""readiness_tag"":""rotation_development"",""rare_exception_allowed"":""limited"",""notes"":""Top OL can start early, but technical and strength translation still matters.""}"
draft_translation,college_to_nfl_rating_translation.csv,college_to_nfl_rating_translation,runtime_tuning,398,OL,"{""position_group"":""OL"",""draft_capital_tier"":""round3"",""pick_min"":""65"",""pick_max"":""100"",""college_band"":""college_70_77"",""college_ovr_min"":""70"",""college_ovr_max"":""77"",""nfl_rookie_ovr_min"":""50"",""nfl_rookie_ovr_max"":""59"",""nfl_potential_min"":""70"",""nfl_potential_max"":""84"",""translation_uncertainty_sigma"":""0.18"",""readiness_tag"":""rotation_development"",""rare_exception_allowed"":""limited"",""notes"":""Top OL can start early, but technical and strength translation still matters.""}"
draft_translation,college_to_nfl_rating_translation.csv,college_to_nfl_rating_translation,runtime_tuning,399,OL,"{""position_group"":""OL"",""draft_capital_tier"":""round3"",""pick_min"":""65"",""pick_max"":""100"",""college_band"":""college_60_69"",""college_ovr_min"":""60"",""college_ovr_max"":""69"",""nfl_rookie_ovr_min"":""42"",""nfl_rookie_ovr_max"":""50"",""nfl_potential_min"":""67"",""nfl_potential_max"":""81"",""translation_uncertainty_sigma"":""0.18"",""readiness_tag"":""rotation_development"",""rare_exception_allowed"":""limited"",""notes"":""Top OL can start early, but technical and strength translation still matters.""}"
draft_translation,college_to_nfl_rating_translation.csv,college_to_nfl_rating_translation,runtime_tuning,400,OL,"{""position_group"":""OL"",""draft_capital_tier"":""round3"",""pick_min"":""65"",""pick_max"":""100"",""college_band"":""college_below_60"",""college_ovr_min"":""1"",""college_ovr_max"":""59"",""nfl_rookie_ovr_min"":""38"",""nfl_rookie_ovr_max"":""43"",""nfl_potential_min"":""63"",""nfl_potential_max"":""77"",""translation_uncertainty_sigma"":""0.18"",""readiness_tag"":""rotation_development"",""rare_exception_allowed"":""limited"",""notes"":""Top OL can start early, but technical and strength translation still matters.""}"
draft_translation,college_to_nfl_rating_translation.csv,college_to_nfl_rating_translation,runtime_tuning,401,OL,"{""position_group"":""OL"",""draft_capital_tier"":""round4"",""pick_min"":""101"",""pick_max"":""140"",""college_band"":""college_98_99"",""college_ovr_min"":""98"",""college_ovr_max"":""99"",""nfl_rookie_ovr_min"":""64"",""nfl_rookie_ovr_max"":""74"",""nfl_potential_min"":""77"",""nfl_potential_max"":""91"",""translation_uncertainty_sigma"":""0.18"",""readiness_tag"":""depth_development"",""rare_exception_allowed"":""limited"",""notes"":""Top OL can start early, but technical and strength translation still matters.""}"
draft_translation,college_to_nfl_rating_translation.csv,college_to_nfl_rating_translation,runtime_tuning,402,OL,"{""position_group"":""OL"",""draft_capital_tier"":""round4"",""pick_min"":""101"",""pick_max"":""140"",""college_band"":""college_95_97"",""college_ovr_min"":""95"",""college_ovr_max"":""97"",""nfl_rookie_ovr_min"":""62"",""nfl_rookie_ovr_max"":""72"",""nfl_potential_min"":""76"",""nfl_potential_max"":""90"",""translation_uncertainty_sigma"":""0.18"",""readiness_tag"":""depth_development"",""rare_exception_allowed"":""limited"",""notes"":""Top OL can start early, but technical and strength translation still matters.""}"
draft_translation,college_to_nfl_rating_translation.csv,college_to_nfl_rating_translation,runtime_tuning,403,OL,"{""position_group"":""OL"",""draft_capital_tier"":""round4"",""pick_min"":""101"",""pick_max"":""140"",""college_band"":""college_90_94"",""college_ovr_min"":""90"",""college_ovr_max"":""94"",""nfl_rookie_ovr_min"":""60"",""nfl_rookie_ovr_max"":""70"",""nfl_potential_min"":""75"",""nfl_potential_max"":""89"",""translation_uncertainty_sigma"":""0.18"",""readiness_tag"":""depth_development"",""rare_exception_allowed"":""limited"",""notes"":""Top OL can start early, but technical and strength translation still matters.""}"
draft_translation,college_to_nfl_rating_translation.csv,college_to_nfl_rating_translation,runtime_tuning,404,OL,"{""position_group"":""OL"",""draft_capital_tier"":""round4"",""pick_min"":""101"",""pick_max"":""140"",""college_band"":""college_84_89"",""college_ovr_min"":""84"",""college_ovr_max"":""89"",""nfl_rookie_ovr_min"":""57"",""nfl_rookie_ovr_max"":""67"",""nfl_potential_min"":""73"",""nfl_potential_max"":""87"",""translation_uncertainty_sigma"":""0.18"",""readiness_tag"":""depth_development"",""rare_exception_allowed"":""limited"",""notes"":""Top OL can start early, but technical and strength translation still matters.""}"
draft_translation,college_to_nfl_rating_translation.csv,college_to_nfl_rating_translation,runtime_tuning,405,OL,"{""position_group"":""OL"",""draft_capital_tier"":""round4"",""pick_min"":""101"",""pick_max"":""140"",""college_band"":""college_78_83"",""college_ovr_min"":""78"",""college_ovr_max"":""83"",""nfl_rookie_ovr_min"":""53"",""nfl_rookie_ovr_max"":""63"",""nfl_potential_min"":""71"",""nfl_potential_max"":""85"",""translation_uncertainty_sigma"":""0.18"",""readiness_tag"":""depth_development"",""rare_exception_allowed"":""limited"",""notes"":""Top OL can start early, but technical and strength translation still matters.""}"
draft_translation,college_to_nfl_rating_translation.csv,college_to_nfl_rating_translation,runtime_tuning,406,OL,"{""position_group"":""OL"",""draft_capital_tier"":""round4"",""pick_min"":""101"",""pick_max"":""140"",""college_band"":""college_70_77"",""college_ovr_min"":""70"",""college_ovr_max"":""77"",""nfl_rookie_ovr_min"":""47"",""nfl_rookie_ovr_max"":""56"",""nfl_potential_min"":""68"",""nfl_potential_max"":""82"",""translation_uncertainty_sigma"":""0.2"",""readiness_tag"":""depth_development"",""rare_exception_allowed"":""limited"",""notes"":""Top OL can start early, but technical and strength translation still matters.""}"
draft_translation,college_to_nfl_rating_translation.csv,college_to_nfl_rating_translation,runtime_tuning,407,OL,"{""position_group"":""OL"",""draft_capital_tier"":""round4"",""pick_min"":""101"",""pick_max"":""140"",""college_band"":""college_60_69"",""college_ovr_min"":""60"",""college_ovr_max"":""69"",""nfl_rookie_ovr_min"":""39"",""nfl_rookie_ovr_max"":""47"",""nfl_potential_min"":""65"",""nfl_potential_max"":""79"",""translation_uncertainty_sigma"":""0.2"",""readiness_tag"":""depth_development"",""rare_exception_allowed"":""limited"",""notes"":""Top OL can start early, but technical and strength translation still matters.""}"
draft_translation,college_to_nfl_rating_translation.csv,college_to_nfl_rating_translation,runtime_tuning,408,OL,"{""position_group"":""OL"",""draft_capital_tier"":""round4"",""pick_min"":""101"",""pick_max"":""140"",""college_band"":""college_below_60"",""college_ovr_min"":""1"",""college_ovr_max"":""59"",""nfl_rookie_ovr_min"":""38"",""nfl_rookie_ovr_max"":""40"",""nfl_potential_min"":""61"",""nfl_potential_max"":""75"",""translation_uncertainty_sigma"":""0.2"",""readiness_tag"":""depth_development"",""rare_exception_allowed"":""limited"",""notes"":""Top OL can start early, but technical and strength translation still matters.""}"
draft_translation,college_to_nfl_rating_translation.csv,college_to_nfl_rating_translation,runtime_tuning,409,OL,"{""position_group"":""OL"",""draft_capital_tier"":""round5"",""pick_min"":""141"",""pick_max"":""180"",""college_band"":""college_98_99"",""college_ovr_min"":""98"",""college_ovr_max"":""99"",""nfl_rookie_ovr_min"":""61"",""nfl_rookie_ovr_max"":""71"",""nfl_potential_min"":""75"",""nfl_potential_max"":""89"",""translation_uncertainty_sigma"":""0.2"",""readiness_tag"":""depth_development"",""rare_exception_allowed"":""limited"",""notes"":""Top OL can start early, but technical and strength translation still matters.""}"
draft_translation,college_to_nfl_rating_translation.csv,college_to_nfl_rating_translation,runtime_tuning,410,OL,"{""position_group"":""OL"",""draft_capital_tier"":""round5"",""pick_min"":""141"",""pick_max"":""180"",""college_band"":""college_95_97"",""college_ovr_min"":""95"",""college_ovr_max"":""97"",""nfl_rookie_ovr_min"":""59"",""nfl_rookie_ovr_max"":""69"",""nfl_potential_min"":""74"",""nfl_potential_max"":""88"",""translation_uncertainty_sigma"":""0.2"",""readiness_tag"":""depth_development"",""rare_exception_allowed"":""limited"",""notes"":""Top OL can start early, but technical and strength translation still matters.""}"
draft_translation,college_to_nfl_rating_translation.csv,college_to_nfl_rating_translation,runtime_tuning,411,OL,"{""position_group"":""OL"",""draft_capital_tier"":""round5"",""pick_min"":""141"",""pick_max"":""180"",""college_band"":""college_90_94"",""college_ovr_min"":""90"",""college_ovr_max"":""94"",""nfl_rookie_ovr_min"":""57"",""nfl_rookie_ovr_max"":""67"",""nfl_potential_min"":""73"",""nfl_potential_max"":""87"",""translation_uncertainty_sigma"":""0.2"",""readiness_tag"":""depth_development"",""rare_exception_allowed"":""limited"",""notes"":""Top OL can start early, but technical and strength translation still matters.""}"
draft_translation,college_to_nfl_rating_translation.csv,college_to_nfl_rating_translation,runtime_tuning,412,OL,"{""position_group"":""OL"",""draft_capital_tier"":""round5"",""pick_min"":""141"",""pick_max"":""180"",""college_band"":""college_84_89"",""college_ovr_min"":""84"",""college_ovr_max"":""89"",""nfl_rookie_ovr_min"":""54"",""nfl_rookie_ovr_max"":""64"",""nfl_potential_min"":""71"",""nfl_potential_max"":""85"",""translation_uncertainty_sigma"":""0.2"",""readiness_tag"":""depth_development"",""rare_exception_allowed"":""limited"",""notes"":""Top OL can start early, but technical and strength translation still matters.""}"
draft_translation,college_to_nfl_rating_translation.csv,college_to_nfl_rating_translation,runtime_tuning,413,OL,"{""position_group"":""OL"",""draft_capital_tier"":""round5"",""pick_min"":""141"",""pick_max"":""180"",""college_band"":""college_78_83"",""college_ovr_min"":""78"",""college_ovr_max"":""83"",""nfl_rookie_ovr_min"":""50"",""nfl_rookie_ovr_max"":""60"",""nfl_potential_min"":""69"",""nfl_potential_max"":""83"",""translation_uncertainty_sigma"":""0.2"",""readiness_tag"":""depth_development"",""rare_exception_allowed"":""limited"",""notes"":""Top OL can start early, but technical and strength translation still matters.""}"
draft_translation,college_to_nfl_rating_translation.csv,college_to_nfl_rating_translation,runtime_tuning,414,OL,"{""position_group"":""OL"",""draft_capital_tier"":""round5"",""pick_min"":""141"",""pick_max"":""180"",""college_band"":""college_70_77"",""college_ovr_min"":""70"",""college_ovr_max"":""77"",""nfl_rookie_ovr_min"":""44"",""nfl_rookie_ovr_max"":""53"",""nfl_potential_min"":""66"",""nfl_potential_max"":""80"",""translation_uncertainty_sigma"":""0.22"",""readiness_tag"":""depth_development"",""rare_exception_allowed"":""limited"",""notes"":""Top OL can start early, but technical and strength translation still matters.""}"
draft_translation,college_to_nfl_rating_translation.csv,college_to_nfl_rating_translation,runtime_tuning,415,OL,"{""position_group"":""OL"",""draft_capital_tier"":""round5"",""pick_min"":""141"",""pick_max"":""180"",""college_band"":""college_60_69"",""college_ovr_min"":""60"",""college_ovr_max"":""69"",""nfl_rookie_ovr_min"":""38"",""nfl_rookie_ovr_max"":""44"",""nfl_potential_min"":""63"",""nfl_potential_max"":""77"",""translation_uncertainty_sigma"":""0.22"",""readiness_tag"":""depth_development"",""rare_exception_allowed"":""limited"",""notes"":""Top OL can start early, but technical and strength translation still matters.""}"
draft_translation,college_to_nfl_rating_translation.csv,college_to_nfl_rating_translation,runtime_tuning,416,OL,"{""position_group"":""OL"",""draft_capital_tier"":""round5"",""pick_min"":""141"",""pick_max"":""180"",""college_band"":""college_below_60"",""college_ovr_min"":""1"",""college_ovr_max"":""59"",""nfl_rookie_ovr_min"":""38"",""nfl_rookie_ovr_max"":""40"",""nfl_potential_min"":""59"",""nfl_potential_max"":""73"",""translation_uncertainty_sigma"":""0.22"",""readiness_tag"":""depth_development"",""rare_exception_allowed"":""limited"",""notes"":""Top OL can start early, but technical and strength translation still matters.""}"
draft_translation,college_to_nfl_rating_translation.csv,college_to_nfl_rating_translation,runtime_tuning,417,OL,"{""position_group"":""OL"",""draft_capital_tier"":""round6_7"",""pick_min"":""181"",""pick_max"":""260"",""college_band"":""college_98_99"",""college_ovr_min"":""98"",""college_ovr_max"":""99"",""nfl_rookie_ovr_min"":""58"",""nfl_rookie_ovr_max"":""68"",""nfl_potential_min"":""72"",""nfl_potential_max"":""86"",""translation_uncertainty_sigma"":""0.23"",""readiness_tag"":""longshot_roster"",""rare_exception_allowed"":""limited"",""notes"":""Top OL can start early, but technical and strength translation still matters.""}"
draft_translation,college_to_nfl_rating_translation.csv,college_to_nfl_rating_translation,runtime_tuning,418,OL,"{""position_group"":""OL"",""draft_capital_tier"":""round6_7"",""pick_min"":""181"",""pick_max"":""260"",""college_band"":""college_95_97"",""college_ovr_min"":""95"",""college_ovr_max"":""97"",""nfl_rookie_ovr_min"":""56"",""nfl_rookie_ovr_max"":""66"",""nfl_potential_min"":""71"",""nfl_potential_max"":""85"",""translation_uncertainty_sigma"":""0.23"",""readiness_tag"":""longshot_roster"",""rare_exception_allowed"":""limited"",""notes"":""Top OL can start early, but technical and strength translation still matters.""}"
draft_translation,college_to_nfl_rating_translation.csv,college_to_nfl_rating_translation,runtime_tuning,419,OL,"{""position_group"":""OL"",""draft_capital_tier"":""round6_7"",""pick_min"":""181"",""pick_max"":""260"",""college_band"":""college_90_94"",""college_ovr_min"":""90"",""college_ovr_max"":""94"",""nfl_rookie_ovr_min"":""54"",""nfl_rookie_ovr_max"":""64"",""nfl_potential_min"":""70"",""nfl_potential_max"":""84"",""translation_uncertainty_sigma"":""0.23"",""readiness_tag"":""longshot_roster"",""rare_exception_allowed"":""limited"",""notes"":""Top OL can start early, but technical and strength translation still matters.""}"
draft_translation,college_to_nfl_rating_translation.csv,college_to_nfl_rating_translation,runtime_tuning,420,OL,"{""position_group"":""OL"",""draft_capital_tier"":""round6_7"",""pick_min"":""181"",""pick_max"":""260"",""college_band"":""college_84_89"",""college_ovr_min"":""84"",""college_ovr_max"":""89"",""nfl_rookie_ovr_min"":""51"",""nfl_rookie_ovr_max"":""61"",""nfl_potential_min"":""68"",""nfl_potential_max"":""82"",""translation_uncertainty_sigma"":""0.23"",""readiness_tag"":""longshot_roster"",""rare_exception_allowed"":""limited"",""notes"":""Top OL can start early, but technical and strength translation still matters.""}"
draft_translation,college_to_nfl_rating_translation.csv,college_to_nfl_rating_translation,runtime_tuning,421,OL,"{""position_group"":""OL"",""draft_capital_tier"":""round6_7"",""pick_min"":""181"",""pick_max"":""260"",""college_band"":""college_78_83"",""college_ovr_min"":""78"",""college_ovr_max"":""83"",""nfl_rookie_ovr_min"":""47"",""nfl_rookie_ovr_max"":""57"",""nfl_potential_min"":""66"",""nfl_potential_max"":""80"",""translation_uncertainty_sigma"":""0.23"",""readiness_tag"":""longshot_roster"",""rare_exception_allowed"":""limited"",""notes"":""Top OL can start early, but technical and strength translation still matters.""}"
draft_translation,college_to_nfl_rating_translation.csv,college_to_nfl_rating_translation,runtime_tuning,422,OL,"{""position_group"":""OL"",""draft_capital_tier"":""round6_7"",""pick_min"":""181"",""pick_max"":""260"",""college_band"":""college_70_77"",""college_ovr_min"":""70"",""college_ovr_max"":""77"",""nfl_rookie_ovr_min"":""41"",""nfl_rookie_ovr_max"":""50"",""nfl_potential_min"":""63"",""nfl_potential_max"":""77"",""translation_uncertainty_sigma"":""0.25"",""readiness_tag"":""longshot_roster"",""rare_exception_allowed"":""limited"",""notes"":""Top OL can start early, but technical and strength translation still matters.""}"
draft_translation,college_to_nfl_rating_translation.csv,college_to_nfl_rating_translation,runtime_tuning,423,OL,"{""position_group"":""OL"",""draft_capital_tier"":""round6_7"",""pick_min"":""181"",""pick_max"":""260"",""college_band"":""college_60_69"",""college_ovr_min"":""60"",""college_ovr_max"":""69"",""nfl_rookie_ovr_min"":""38"",""nfl_rookie_ovr_max"":""41"",""nfl_potential_min"":""60"",""nfl_potential_max"":""74"",""translation_uncertainty_sigma"":""0.25"",""readiness_tag"":""longshot_roster"",""rare_exception_allowed"":""limited"",""notes"":""Top OL can start early, but technical and strength translation still matters.""}"
draft_translation,college_to_nfl_rating_translation.csv,college_to_nfl_rating_translation,runtime_tuning,424,OL,"{""position_group"":""OL"",""draft_capital_tier"":""round6_7"",""pick_min"":""181"",""pick_max"":""260"",""college_band"":""college_below_60"",""college_ovr_min"":""1"",""college_ovr_max"":""59"",""nfl_rookie_ovr_min"":""38"",""nfl_rookie_ovr_max"":""40"",""nfl_potential_min"":""56"",""nfl_potential_max"":""70"",""translation_uncertainty_sigma"":""0.25"",""readiness_tag"":""longshot_roster"",""rare_exception_allowed"":""limited"",""notes"":""Top OL can start early, but technical and strength translation still matters.""}"
draft_translation,college_to_nfl_rating_translation.csv,college_to_nfl_rating_translation,runtime_tuning,425,OL,"{""position_group"":""OL"",""draft_capital_tier"":""priority_udfa"",""pick_min"":""261"",""pick_max"":""999"",""college_band"":""college_98_99"",""college_ovr_min"":""98"",""college_ovr_max"":""99"",""nfl_rookie_ovr_min"":""55"",""nfl_rookie_ovr_max"":""65"",""nfl_potential_min"":""70"",""nfl_potential_max"":""84"",""translation_uncertainty_sigma"":""0.26"",""readiness_tag"":""camp_compete"",""rare_exception_allowed"":""yes"",""notes"":""Top OL can start early, but technical and strength translation still matters.""}"
draft_translation,college_to_nfl_rating_translation.csv,college_to_nfl_rating_translation,runtime_tuning,426,OL,"{""position_group"":""OL"",""draft_capital_tier"":""priority_udfa"",""pick_min"":""261"",""pick_max"":""999"",""college_band"":""college_95_97"",""college_ovr_min"":""95"",""college_ovr_max"":""97"",""nfl_rookie_ovr_min"":""53"",""nfl_rookie_ovr_max"":""63"",""nfl_potential_min"":""69"",""nfl_potential_max"":""83"",""translation_uncertainty_sigma"":""0.26"",""readiness_tag"":""camp_compete"",""rare_exception_allowed"":""yes"",""notes"":""Top OL can start early, but technical and strength translation still matters.""}"
draft_translation,college_to_nfl_rating_translation.csv,college_to_nfl_rating_translation,runtime_tuning,427,OL,"{""position_group"":""OL"",""draft_capital_tier"":""priority_udfa"",""pick_min"":""261"",""pick_max"":""999"",""college_band"":""college_90_94"",""college_ovr_min"":""90"",""college_ovr_max"":""94"",""nfl_rookie_ovr_min"":""51"",""nfl_rookie_ovr_max"":""61"",""nfl_potential_min"":""68"",""nfl_potential_max"":""82"",""translation_uncertainty_sigma"":""0.26"",""readiness_tag"":""camp_compete"",""rare_exception_allowed"":""yes"",""notes"":""Top OL can start early, but technical and strength translation still matters.""}"
draft_translation,college_to_nfl_rating_translation.csv,college_to_nfl_rating_translation,runtime_tuning,428,OL,"{""position_group"":""OL"",""draft_capital_tier"":""priority_udfa"",""pick_min"":""261"",""pick_max"":""999"",""college_band"":""college_84_89"",""college_ovr_min"":""84"",""college_ovr_max"":""89"",""nfl_rookie_ovr_min"":""48"",""nfl_rookie_ovr_max"":""58"",""nfl_potential_min"":""66"",""nfl_potential_max"":""80"",""translation_uncertainty_sigma"":""0.26"",""readiness_tag"":""camp_compete"",""rare_exception_allowed"":""yes"",""notes"":""Top OL can start early, but technical and strength translation still matters.""}"
draft_translation,college_to_nfl_rating_translation.csv,college_to_nfl_rating_translation,runtime_tuning,429,OL,"{""position_group"":""OL"",""draft_capital_tier"":""priority_udfa"",""pick_min"":""261"",""pick_max"":""999"",""college_band"":""college_78_83"",""college_ovr_min"":""78"",""college_ovr_max"":""83"",""nfl_rookie_ovr_min"":""44"",""nfl_rookie_ovr_max"":""54"",""nfl_potential_min"":""64"",""nfl_potential_max"":""78"",""translation_uncertainty_sigma"":""0.26"",""readiness_tag"":""camp_compete"",""rare_exception_allowed"":""yes"",""notes"":""Top OL can start early, but technical and strength translation still matters.""}"
draft_translation,college_to_nfl_rating_translation.csv,college_to_nfl_rating_translation,runtime_tuning,430,OL,"{""position_group"":""OL"",""draft_capital_tier"":""priority_udfa"",""pick_min"":""261"",""pick_max"":""999"",""college_band"":""college_70_77"",""college_ovr_min"":""70"",""college_ovr_max"":""77"",""nfl_rookie_ovr_min"":""38"",""nfl_rookie_ovr_max"":""47"",""nfl_potential_min"":""61"",""nfl_potential_max"":""75"",""translation_uncertainty_sigma"":""0.28"",""readiness_tag"":""camp_compete"",""rare_exception_allowed"":""yes"",""notes"":""Top OL can start early, but technical and strength translation still matters.""}"
draft_translation,college_to_nfl_rating_translation.csv,college_to_nfl_rating_translation,runtime_tuning,431,OL,"{""position_group"":""OL"",""draft_capital_tier"":""priority_udfa"",""pick_min"":""261"",""pick_max"":""999"",""college_band"":""college_60_69"",""college_ovr_min"":""60"",""college_ovr_max"":""69"",""nfl_rookie_ovr_min"":""38"",""nfl_rookie_ovr_max"":""40"",""nfl_potential_min"":""58"",""nfl_potential_max"":""72"",""translation_uncertainty_sigma"":""0.28"",""readiness_tag"":""camp_compete"",""rare_exception_allowed"":""yes"",""notes"":""Top OL can start early, but technical and strength translation still matters.""}"
draft_translation,college_to_nfl_rating_translation.csv,college_to_nfl_rating_translation,runtime_tuning,432,OL,"{""position_group"":""OL"",""draft_capital_tier"":""priority_udfa"",""pick_min"":""261"",""pick_max"":""999"",""college_band"":""college_below_60"",""college_ovr_min"":""1"",""college_ovr_max"":""59"",""nfl_rookie_ovr_min"":""38"",""nfl_rookie_ovr_max"":""40"",""nfl_potential_min"":""54"",""nfl_potential_max"":""68"",""translation_uncertainty_sigma"":""0.28"",""readiness_tag"":""camp_compete"",""rare_exception_allowed"":""yes"",""notes"":""Top OL can start early, but technical and strength translation still matters.""}"
draft_translation,college_to_nfl_rating_translation.csv,college_to_nfl_rating_translation,runtime_tuning,433,OL,"{""position_group"":""OL"",""draft_capital_tier"":""camp_udfa"",""pick_min"":""1000"",""pick_max"":""9999"",""college_band"":""college_98_99"",""college_ovr_min"":""98"",""college_ovr_max"":""99"",""nfl_rookie_ovr_min"":""51"",""nfl_rookie_ovr_max"":""61"",""nfl_potential_min"":""67"",""nfl_potential_max"":""81"",""translation_uncertainty_sigma"":""0.29"",""readiness_tag"":""camp_body"",""rare_exception_allowed"":""limited"",""notes"":""Top OL can start early, but technical and strength translation still matters.""}"
draft_translation,college_to_nfl_rating_translation.csv,college_to_nfl_rating_translation,runtime_tuning,434,OL,"{""position_group"":""OL"",""draft_capital_tier"":""camp_udfa"",""pick_min"":""1000"",""pick_max"":""9999"",""college_band"":""college_95_97"",""college_ovr_min"":""95"",""college_ovr_max"":""97"",""nfl_rookie_ovr_min"":""49"",""nfl_rookie_ovr_max"":""59"",""nfl_potential_min"":""66"",""nfl_potential_max"":""80"",""translation_uncertainty_sigma"":""0.29"",""readiness_tag"":""camp_body"",""rare_exception_allowed"":""limited"",""notes"":""Top OL can start early, but technical and strength translation still matters.""}"
draft_translation,college_to_nfl_rating_translation.csv,college_to_nfl_rating_translation,runtime_tuning,435,OL,"{""position_group"":""OL"",""draft_capital_tier"":""camp_udfa"",""pick_min"":""1000"",""pick_max"":""9999"",""college_band"":""college_90_94"",""college_ovr_min"":""90"",""college_ovr_max"":""94"",""nfl_rookie_ovr_min"":""47"",""nfl_rookie_ovr_max"":""57"",""nfl_potential_min"":""65"",""nfl_potential_max"":""79"",""translation_uncertainty_sigma"":""0.29"",""readiness_tag"":""camp_body"",""rare_exception_allowed"":""limited"",""notes"":""Top OL can start early, but technical and strength translation still matters.""}"
draft_translation,college_to_nfl_rating_translation.csv,college_to_nfl_rating_translation,runtime_tuning,436,OL,"{""position_group"":""OL"",""draft_capital_tier"":""camp_udfa"",""pick_min"":""1000"",""pick_max"":""9999"",""college_band"":""college_84_89"",""college_ovr_min"":""84"",""college_ovr_max"":""89"",""nfl_rookie_ovr_min"":""44"",""nfl_rookie_ovr_max"":""54"",""nfl_potential_min"":""63"",""nfl_potential_max"":""77"",""translation_uncertainty_sigma"":""0.29"",""readiness_tag"":""camp_body"",""rare_exception_allowed"":""limited"",""notes"":""Top OL can start early, but technical and strength translation still matters.""}"
draft_translation,college_to_nfl_rating_translation.csv,college_to_nfl_rating_translation,runtime_tuning,437,OL,"{""position_group"":""OL"",""draft_capital_tier"":""camp_udfa"",""pick_min"":""1000"",""pick_max"":""9999"",""college_band"":""college_78_83"",""college_ovr_min"":""78"",""college_ovr_max"":""83"",""nfl_rookie_ovr_min"":""40"",""nfl_rookie_ovr_max"":""50"",""nfl_potential_min"":""61"",""nfl_potential_max"":""75"",""translation_uncertainty_sigma"":""0.29"",""readiness_tag"":""camp_body"",""rare_exception_allowed"":""limited"",""notes"":""Top OL can start early, but technical and strength translation still matters.""}"
draft_translation,college_to_nfl_rating_translation.csv,college_to_nfl_rating_translation,runtime_tuning,438,OL,"{""position_group"":""OL"",""draft_capital_tier"":""camp_udfa"",""pick_min"":""1000"",""pick_max"":""9999"",""college_band"":""college_70_77"",""college_ovr_min"":""70"",""college_ovr_max"":""77"",""nfl_rookie_ovr_min"":""38"",""nfl_rookie_ovr_max"":""43"",""nfl_potential_min"":""58"",""nfl_potential_max"":""72"",""translation_uncertainty_sigma"":""0.31"",""readiness_tag"":""camp_body"",""rare_exception_allowed"":""limited"",""notes"":""Top OL can start early, but technical and strength translation still matters.""}"
draft_translation,college_to_nfl_rating_translation.csv,college_to_nfl_rating_translation,runtime_tuning,439,OL,"{""position_group"":""OL"",""draft_capital_tier"":""camp_udfa"",""pick_min"":""1000"",""pick_max"":""9999"",""college_band"":""college_60_69"",""college_ovr_min"":""60"",""college_ovr_max"":""69"",""nfl_rookie_ovr_min"":""38"",""nfl_rookie_ovr_max"":""40"",""nfl_potential_min"":""55"",""nfl_potential_max"":""69"",""translation_uncertainty_sigma"":""0.31"",""readiness_tag"":""camp_body"",""rare_exception_allowed"":""limited"",""notes"":""Top OL can start early, but technical and strength translation still matters.""}"
draft_translation,college_to_nfl_rating_translation.csv,college_to_nfl_rating_translation,runtime_tuning,440,OL,"{""position_group"":""OL"",""draft_capital_tier"":""camp_udfa"",""pick_min"":""1000"",""pick_max"":""9999"",""college_band"":""college_below_60"",""college_ovr_min"":""1"",""college_ovr_max"":""59"",""nfl_rookie_ovr_min"":""38"",""nfl_rookie_ovr_max"":""40"",""nfl_potential_min"":""51"",""nfl_potential_max"":""65"",""translation_uncertainty_sigma"":""0.31"",""readiness_tag"":""camp_body"",""rare_exception_allowed"":""limited"",""notes"":""Top OL can start early, but technical and strength translation still matters.""}"
draft_translation,college_to_nfl_rating_translation.csv,college_to_nfl_rating_translation,runtime_tuning,441,EDGE,"{""position_group"":""EDGE"",""draft_capital_tier"":""top_5"",""pick_min"":""1"",""pick_max"":""5"",""college_band"":""college_98_99"",""college_ovr_min"":""98"",""college_ovr_max"":""99"",""nfl_rookie_ovr_min"":""77"",""nfl_rookie_ovr_max"":""86"",""nfl_potential_min"":""90"",""nfl_potential_max"":""99"",""translation_uncertainty_sigma"":""0.11"",""readiness_tag"":""premium_day_one"",""rare_exception_allowed"":""yes"",""notes"":""Pass rush traits are valuable, but rookie consistency is volatile.""}"
draft_translation,college_to_nfl_rating_translation.csv,college_to_nfl_rating_translation,runtime_tuning,442,EDGE,"{""position_group"":""EDGE"",""draft_capital_tier"":""top_5"",""pick_min"":""1"",""pick_max"":""5"",""college_band"":""college_95_97"",""college_ovr_min"":""95"",""college_ovr_max"":""97"",""nfl_rookie_ovr_min"":""75"",""nfl_rookie_ovr_max"":""85"",""nfl_potential_min"":""89"",""nfl_potential_max"":""99"",""translation_uncertainty_sigma"":""0.11"",""readiness_tag"":""premium_day_one"",""rare_exception_allowed"":""yes"",""notes"":""Pass rush traits are valuable, but rookie consistency is volatile.""}"
draft_translation,college_to_nfl_rating_translation.csv,college_to_nfl_rating_translation,runtime_tuning,443,EDGE,"{""position_group"":""EDGE"",""draft_capital_tier"":""top_5"",""pick_min"":""1"",""pick_max"":""5"",""college_band"":""college_90_94"",""college_ovr_min"":""90"",""college_ovr_max"":""94"",""nfl_rookie_ovr_min"":""73"",""nfl_rookie_ovr_max"":""83"",""nfl_potential_min"":""88"",""nfl_potential_max"":""99"",""translation_uncertainty_sigma"":""0.11"",""readiness_tag"":""premium_day_one"",""rare_exception_allowed"":""yes"",""notes"":""Pass rush traits are valuable, but rookie consistency is volatile.""}"
draft_translation,college_to_nfl_rating_translation.csv,college_to_nfl_rating_translation,runtime_tuning,444,EDGE,"{""position_group"":""EDGE"",""draft_capital_tier"":""top_5"",""pick_min"":""1"",""pick_max"":""5"",""college_band"":""college_84_89"",""college_ovr_min"":""84"",""college_ovr_max"":""89"",""nfl_rookie_ovr_min"":""70"",""nfl_rookie_ovr_max"":""80"",""nfl_potential_min"":""86"",""nfl_potential_max"":""99"",""translation_uncertainty_sigma"":""0.11"",""readiness_tag"":""premium_day_one"",""rare_exception_allowed"":""yes"",""notes"":""Pass rush traits are valuable, but rookie consistency is volatile.""}"
draft_translation,college_to_nfl_rating_translation.csv,college_to_nfl_rating_translation,runtime_tuning,445,EDGE,"{""position_group"":""EDGE"",""draft_capital_tier"":""top_5"",""pick_min"":""1"",""pick_max"":""5"",""college_band"":""college_78_83"",""college_ovr_min"":""78"",""college_ovr_max"":""83"",""nfl_rookie_ovr_min"":""66"",""nfl_rookie_ovr_max"":""76"",""nfl_potential_min"":""84"",""nfl_potential_max"":""98"",""translation_uncertainty_sigma"":""0.11"",""readiness_tag"":""premium_day_one"",""rare_exception_allowed"":""yes"",""notes"":""Pass rush traits are valuable, but rookie consistency is volatile.""}"
draft_translation,college_to_nfl_rating_translation.csv,college_to_nfl_rating_translation,runtime_tuning,446,EDGE,"{""position_group"":""EDGE"",""draft_capital_tier"":""top_5"",""pick_min"":""1"",""pick_max"":""5"",""college_band"":""college_70_77"",""college_ovr_min"":""70"",""college_ovr_max"":""77"",""nfl_rookie_ovr_min"":""60"",""nfl_rookie_ovr_max"":""69"",""nfl_potential_min"":""81"",""nfl_potential_max"":""95"",""translation_uncertainty_sigma"":""0.13"",""readiness_tag"":""premium_day_one"",""rare_exception_allowed"":""yes"",""notes"":""Pass rush traits are valuable, but rookie consistency is volatile.""}"
draft_translation,college_to_nfl_rating_translation.csv,college_to_nfl_rating_translation,runtime_tuning,447,EDGE,"{""position_group"":""EDGE"",""draft_capital_tier"":""top_5"",""pick_min"":""1"",""pick_max"":""5"",""college_band"":""college_60_69"",""college_ovr_min"":""60"",""college_ovr_max"":""69"",""nfl_rookie_ovr_min"":""52"",""nfl_rookie_ovr_max"":""60"",""nfl_potential_min"":""78"",""nfl_potential_max"":""92"",""translation_uncertainty_sigma"":""0.13"",""readiness_tag"":""premium_day_one"",""rare_exception_allowed"":""yes"",""notes"":""Pass rush traits are valuable, but rookie consistency is volatile.""}"
draft_translation,college_to_nfl_rating_translation.csv,college_to_nfl_rating_translation,runtime_tuning,448,EDGE,"{""position_group"":""EDGE"",""draft_capital_tier"":""top_5"",""pick_min"":""1"",""pick_max"":""5"",""college_band"":""college_below_60"",""college_ovr_min"":""1"",""college_ovr_max"":""59"",""nfl_rookie_ovr_min"":""45"",""nfl_rookie_ovr_max"":""53"",""nfl_potential_min"":""74"",""nfl_potential_max"":""88"",""translation_uncertainty_sigma"":""0.13"",""readiness_tag"":""premium_day_one"",""rare_exception_allowed"":""yes"",""notes"":""Pass rush traits are valuable, but rookie consistency is volatile.""}"
draft_translation,college_to_nfl_rating_translation.csv,college_to_nfl_rating_translation,runtime_tuning,449,EDGE,"{""position_group"":""EDGE"",""draft_capital_tier"":""top_10"",""pick_min"":""6"",""pick_max"":""10"",""college_band"":""college_98_99"",""college_ovr_min"":""98"",""college_ovr_max"":""99"",""nfl_rookie_ovr_min"":""75"",""nfl_rookie_ovr_max"":""85"",""nfl_potential_min"":""89"",""nfl_potential_max"":""99"",""translation_uncertainty_sigma"":""0.12"",""readiness_tag"":""premium_day_one"",""rare_exception_allowed"":""yes"",""notes"":""Pass rush traits are valuable, but rookie consistency is volatile.""}"
draft_translation,college_to_nfl_rating_translation.csv,college_to_nfl_rating_translation,runtime_tuning,450,EDGE,"{""position_group"":""EDGE"",""draft_capital_tier"":""top_10"",""pick_min"":""6"",""pick_max"":""10"",""college_band"":""college_95_97"",""college_ovr_min"":""95"",""college_ovr_max"":""97"",""nfl_rookie_ovr_min"":""73"",""nfl_rookie_ovr_max"":""83"",""nfl_potential_min"":""88"",""nfl_potential_max"":""99"",""translation_uncertainty_sigma"":""0.12"",""readiness_tag"":""premium_day_one"",""rare_exception_allowed"":""yes"",""notes"":""Pass rush traits are valuable, but rookie consistency is volatile.""}"
draft_translation,college_to_nfl_rating_translation.csv,college_to_nfl_rating_translation,runtime_tuning,451,EDGE,"{""position_group"":""EDGE"",""draft_capital_tier"":""top_10"",""pick_min"":""6"",""pick_max"":""10"",""college_band"":""college_90_94"",""college_ovr_min"":""90"",""college_ovr_max"":""94"",""nfl_rookie_ovr_min"":""71"",""nfl_rookie_ovr_max"":""81"",""nfl_potential_min"":""87"",""nfl_potential_max"":""99"",""translation_uncertainty_sigma"":""0.12"",""readiness_tag"":""premium_day_one"",""rare_exception_allowed"":""yes"",""notes"":""Pass rush traits are valuable, but rookie consistency is volatile.""}"
draft_translation,college_to_nfl_rating_translation.csv,college_to_nfl_rating_translation,runtime_tuning,452,EDGE,"{""position_group"":""EDGE"",""draft_capital_tier"":""top_10"",""pick_min"":""6"",""pick_max"":""10"",""college_band"":""college_84_89"",""college_ovr_min"":""84"",""college_ovr_max"":""89"",""nfl_rookie_ovr_min"":""68"",""nfl_rookie_ovr_max"":""78"",""nfl_potential_min"":""85"",""nfl_potential_max"":""99"",""translation_uncertainty_sigma"":""0.12"",""readiness_tag"":""premium_day_one"",""rare_exception_allowed"":""yes"",""notes"":""Pass rush traits are valuable, but rookie consistency is volatile.""}"
draft_translation,college_to_nfl_rating_translation.csv,college_to_nfl_rating_translation,runtime_tuning,453,EDGE,"{""position_group"":""EDGE"",""draft_capital_tier"":""top_10"",""pick_min"":""6"",""pick_max"":""10"",""college_band"":""college_78_83"",""college_ovr_min"":""78"",""college_ovr_max"":""83"",""nfl_rookie_ovr_min"":""64"",""nfl_rookie_ovr_max"":""74"",""nfl_potential_min"":""83"",""nfl_potential_max"":""97"",""translation_uncertainty_sigma"":""0.12"",""readiness_tag"":""premium_day_one"",""rare_exception_allowed"":""yes"",""notes"":""Pass rush traits are valuable, but rookie consistency is volatile.""}"
draft_translation,college_to_nfl_rating_translation.csv,college_to_nfl_rating_translation,runtime_tuning,454,EDGE,"{""position_group"":""EDGE"",""draft_capital_tier"":""top_10"",""pick_min"":""6"",""pick_max"":""10"",""college_band"":""college_70_77"",""college_ovr_min"":""70"",""college_ovr_max"":""77"",""nfl_rookie_ovr_min"":""58"",""nfl_rookie_ovr_max"":""67"",""nfl_potential_min"":""80"",""nfl_potential_max"":""94"",""translation_uncertainty_sigma"":""0.14"",""readiness_tag"":""premium_day_one"",""rare_exception_allowed"":""yes"",""notes"":""Pass rush traits are valuable, but rookie consistency is volatile.""}"
draft_translation,college_to_nfl_rating_translation.csv,college_to_nfl_rating_translation,runtime_tuning,455,EDGE,"{""position_group"":""EDGE"",""draft_capital_tier"":""top_10"",""pick_min"":""6"",""pick_max"":""10"",""college_band"":""college_60_69"",""college_ovr_min"":""60"",""college_ovr_max"":""69"",""nfl_rookie_ovr_min"":""50"",""nfl_rookie_ovr_max"":""58"",""nfl_potential_min"":""77"",""nfl_potential_max"":""91"",""translation_uncertainty_sigma"":""0.14"",""readiness_tag"":""premium_day_one"",""rare_exception_allowed"":""yes"",""notes"":""Pass rush traits are valuable, but rookie consistency is volatile.""}"
draft_translation,college_to_nfl_rating_translation.csv,college_to_nfl_rating_translation,runtime_tuning,456,EDGE,"{""position_group"":""EDGE"",""draft_capital_tier"":""top_10"",""pick_min"":""6"",""pick_max"":""10"",""college_band"":""college_below_60"",""college_ovr_min"":""1"",""college_ovr_max"":""59"",""nfl_rookie_ovr_min"":""43"",""nfl_rookie_ovr_max"":""51"",""nfl_potential_min"":""73"",""nfl_potential_max"":""87"",""translation_uncertainty_sigma"":""0.14"",""readiness_tag"":""premium_day_one"",""rare_exception_allowed"":""yes"",""notes"":""Pass rush traits are valuable, but rookie consistency is volatile.""}"
draft_translation,college_to_nfl_rating_translation.csv,college_to_nfl_rating_translation,runtime_tuning,457,EDGE,"{""position_group"":""EDGE"",""draft_capital_tier"":""round1_early_mid"",""pick_min"":""11"",""pick_max"":""20"",""college_band"":""college_98_99"",""college_ovr_min"":""98"",""college_ovr_max"":""99"",""nfl_rookie_ovr_min"":""73"",""nfl_rookie_ovr_max"":""83"",""nfl_potential_min"":""87"",""nfl_potential_max"":""99"",""translation_uncertainty_sigma"":""0.13"",""readiness_tag"":""day_one_compete"",""rare_exception_allowed"":""yes"",""notes"":""Pass rush traits are valuable, but rookie consistency is volatile.""}"
draft_translation,college_to_nfl_rating_translation.csv,college_to_nfl_rating_translation,runtime_tuning,458,EDGE,"{""position_group"":""EDGE"",""draft_capital_tier"":""round1_early_mid"",""pick_min"":""11"",""pick_max"":""20"",""college_band"":""college_95_97"",""college_ovr_min"":""95"",""college_ovr_max"":""97"",""nfl_rookie_ovr_min"":""71"",""nfl_rookie_ovr_max"":""81"",""nfl_potential_min"":""86"",""nfl_potential_max"":""99"",""translation_uncertainty_sigma"":""0.13"",""readiness_tag"":""day_one_compete"",""rare_exception_allowed"":""yes"",""notes"":""Pass rush traits are valuable, but rookie consistency is volatile.""}"
draft_translation,college_to_nfl_rating_translation.csv,college_to_nfl_rating_translation,runtime_tuning,459,EDGE,"{""position_group"":""EDGE"",""draft_capital_tier"":""round1_early_mid"",""pick_min"":""11"",""pick_max"":""20"",""college_band"":""college_90_94"",""college_ovr_min"":""90"",""college_ovr_max"":""94"",""nfl_rookie_ovr_min"":""69"",""nfl_rookie_ovr_max"":""79"",""nfl_potential_min"":""85"",""nfl_potential_max"":""99"",""translation_uncertainty_sigma"":""0.13"",""readiness_tag"":""day_one_compete"",""rare_exception_allowed"":""yes"",""notes"":""Pass rush traits are valuable, but rookie consistency is volatile.""}"
draft_translation,college_to_nfl_rating_translation.csv,college_to_nfl_rating_translation,runtime_tuning,460,EDGE,"{""position_group"":""EDGE"",""draft_capital_tier"":""round1_early_mid"",""pick_min"":""11"",""pick_max"":""20"",""college_band"":""college_84_89"",""college_ovr_min"":""84"",""college_ovr_max"":""89"",""nfl_rookie_ovr_min"":""66"",""nfl_rookie_ovr_max"":""76"",""nfl_potential_min"":""83"",""nfl_potential_max"":""97"",""translation_uncertainty_sigma"":""0.13"",""readiness_tag"":""day_one_compete"",""rare_exception_allowed"":""yes"",""notes"":""Pass rush traits are valuable, but rookie consistency is volatile.""}"
draft_translation,college_to_nfl_rating_translation.csv,college_to_nfl_rating_translation,runtime_tuning,461,EDGE,"{""position_group"":""EDGE"",""draft_capital_tier"":""round1_early_mid"",""pick_min"":""11"",""pick_max"":""20"",""college_band"":""college_78_83"",""college_ovr_min"":""78"",""college_ovr_max"":""83"",""nfl_rookie_ovr_min"":""62"",""nfl_rookie_ovr_max"":""72"",""nfl_potential_min"":""81"",""nfl_potential_max"":""95"",""translation_uncertainty_sigma"":""0.13"",""readiness_tag"":""day_one_compete"",""rare_exception_allowed"":""yes"",""notes"":""Pass rush traits are valuable, but rookie consistency is volatile.""}"
draft_translation,college_to_nfl_rating_translation.csv,college_to_nfl_rating_translation,runtime_tuning,462,EDGE,"{""position_group"":""EDGE"",""draft_capital_tier"":""round1_early_mid"",""pick_min"":""11"",""pick_max"":""20"",""college_band"":""college_70_77"",""college_ovr_min"":""70"",""college_ovr_max"":""77"",""nfl_rookie_ovr_min"":""56"",""nfl_rookie_ovr_max"":""65"",""nfl_potential_min"":""78"",""nfl_potential_max"":""92"",""translation_uncertainty_sigma"":""0.15"",""readiness_tag"":""day_one_compete"",""rare_exception_allowed"":""yes"",""notes"":""Pass rush traits are valuable, but rookie consistency is volatile.""}"
draft_translation,college_to_nfl_rating_translation.csv,college_to_nfl_rating_translation,runtime_tuning,463,EDGE,"{""position_group"":""EDGE"",""draft_capital_tier"":""round1_early_mid"",""pick_min"":""11"",""pick_max"":""20"",""college_band"":""college_60_69"",""college_ovr_min"":""60"",""college_ovr_max"":""69"",""nfl_rookie_ovr_min"":""48"",""nfl_rookie_ovr_max"":""56"",""nfl_potential_min"":""75"",""nfl_potential_max"":""89"",""translation_uncertainty_sigma"":""0.15"",""readiness_tag"":""day_one_compete"",""rare_exception_allowed"":""yes"",""notes"":""Pass rush traits are valuable, but rookie consistency is volatile.""}"
draft_translation,college_to_nfl_rating_translation.csv,college_to_nfl_rating_translation,runtime_tuning,464,EDGE,"{""position_group"":""EDGE"",""draft_capital_tier"":""round1_early_mid"",""pick_min"":""11"",""pick_max"":""20"",""college_band"":""college_below_60"",""college_ovr_min"":""1"",""college_ovr_max"":""59"",""nfl_rookie_ovr_min"":""41"",""nfl_rookie_ovr_max"":""49"",""nfl_potential_min"":""71"",""nfl_potential_max"":""85"",""translation_uncertainty_sigma"":""0.15"",""readiness_tag"":""day_one_compete"",""rare_exception_allowed"":""yes"",""notes"":""Pass rush traits are valuable, but rookie consistency is volatile.""}"
draft_translation,college_to_nfl_rating_translation.csv,college_to_nfl_rating_translation,runtime_tuning,465,EDGE,"{""position_group"":""EDGE"",""draft_capital_tier"":""round1_late"",""pick_min"":""21"",""pick_max"":""32"",""college_band"":""college_98_99"",""college_ovr_min"":""98"",""college_ovr_max"":""99"",""nfl_rookie_ovr_min"":""71"",""nfl_rookie_ovr_max"":""81"",""nfl_potential_min"":""86"",""nfl_potential_max"":""99"",""translation_uncertainty_sigma"":""0.14"",""readiness_tag"":""day_one_compete"",""rare_exception_allowed"":""limited"",""notes"":""Pass rush traits are valuable, but rookie consistency is volatile.""}"
draft_translation,college_to_nfl_rating_translation.csv,college_to_nfl_rating_translation,runtime_tuning,466,EDGE,"{""position_group"":""EDGE"",""draft_capital_tier"":""round1_late"",""pick_min"":""21"",""pick_max"":""32"",""college_band"":""college_95_97"",""college_ovr_min"":""95"",""college_ovr_max"":""97"",""nfl_rookie_ovr_min"":""69"",""nfl_rookie_ovr_max"":""79"",""nfl_potential_min"":""85"",""nfl_potential_max"":""99"",""translation_uncertainty_sigma"":""0.14"",""readiness_tag"":""day_one_compete"",""rare_exception_allowed"":""limited"",""notes"":""Pass rush traits are valuable, but rookie consistency is volatile.""}"
draft_translation,college_to_nfl_rating_translation.csv,college_to_nfl_rating_translation,runtime_tuning,467,EDGE,"{""position_group"":""EDGE"",""draft_capital_tier"":""round1_late"",""pick_min"":""21"",""pick_max"":""32"",""college_band"":""college_90_94"",""college_ovr_min"":""90"",""college_ovr_max"":""94"",""nfl_rookie_ovr_min"":""67"",""nfl_rookie_ovr_max"":""77"",""nfl_potential_min"":""84"",""nfl_potential_max"":""98"",""translation_uncertainty_sigma"":""0.14"",""readiness_tag"":""day_one_compete"",""rare_exception_allowed"":""limited"",""notes"":""Pass rush traits are valuable, but rookie consistency is volatile.""}"
draft_translation,college_to_nfl_rating_translation.csv,college_to_nfl_rating_translation,runtime_tuning,468,EDGE,"{""position_group"":""EDGE"",""draft_capital_tier"":""round1_late"",""pick_min"":""21"",""pick_max"":""32"",""college_band"":""college_84_89"",""college_ovr_min"":""84"",""college_ovr_max"":""89"",""nfl_rookie_ovr_min"":""64"",""nfl_rookie_ovr_max"":""74"",""nfl_potential_min"":""82"",""nfl_potential_max"":""96"",""translation_uncertainty_sigma"":""0.14"",""readiness_tag"":""day_one_compete"",""rare_exception_allowed"":""limited"",""notes"":""Pass rush traits are valuable, but rookie consistency is volatile.""}"
draft_translation,college_to_nfl_rating_translation.csv,college_to_nfl_rating_translation,runtime_tuning,469,EDGE,"{""position_group"":""EDGE"",""draft_capital_tier"":""round1_late"",""pick_min"":""21"",""pick_max"":""32"",""college_band"":""college_78_83"",""college_ovr_min"":""78"",""college_ovr_max"":""83"",""nfl_rookie_ovr_min"":""60"",""nfl_rookie_ovr_max"":""70"",""nfl_potential_min"":""80"",""nfl_potential_max"":""94"",""translation_uncertainty_sigma"":""0.14"",""readiness_tag"":""day_one_compete"",""rare_exception_allowed"":""limited"",""notes"":""Pass rush traits are valuable, but rookie consistency is volatile.""}"
draft_translation,college_to_nfl_rating_translation.csv,college_to_nfl_rating_translation,runtime_tuning,470,EDGE,"{""position_group"":""EDGE"",""draft_capital_tier"":""round1_late"",""pick_min"":""21"",""pick_max"":""32"",""college_band"":""college_70_77"",""college_ovr_min"":""70"",""college_ovr_max"":""77"",""nfl_rookie_ovr_min"":""54"",""nfl_rookie_ovr_max"":""63"",""nfl_potential_min"":""77"",""nfl_potential_max"":""91"",""translation_uncertainty_sigma"":""0.16"",""readiness_tag"":""day_one_compete"",""rare_exception_allowed"":""limited"",""notes"":""Pass rush traits are valuable, but rookie consistency is volatile.""}"
draft_translation,college_to_nfl_rating_translation.csv,college_to_nfl_rating_translation,runtime_tuning,471,EDGE,"{""position_group"":""EDGE"",""draft_capital_tier"":""round1_late"",""pick_min"":""21"",""pick_max"":""32"",""college_band"":""college_60_69"",""college_ovr_min"":""60"",""college_ovr_max"":""69"",""nfl_rookie_ovr_min"":""46"",""nfl_rookie_ovr_max"":""54"",""nfl_potential_min"":""74"",""nfl_potential_max"":""88"",""translation_uncertainty_sigma"":""0.16"",""readiness_tag"":""day_one_compete"",""rare_exception_allowed"":""limited"",""notes"":""Pass rush traits are valuable, but rookie consistency is volatile.""}"
draft_translation,college_to_nfl_rating_translation.csv,college_to_nfl_rating_translation,runtime_tuning,472,EDGE,"{""position_group"":""EDGE"",""draft_capital_tier"":""round1_late"",""pick_min"":""21"",""pick_max"":""32"",""college_band"":""college_below_60"",""college_ovr_min"":""1"",""college_ovr_max"":""59"",""nfl_rookie_ovr_min"":""39"",""nfl_rookie_ovr_max"":""47"",""nfl_potential_min"":""70"",""nfl_potential_max"":""84"",""translation_uncertainty_sigma"":""0.16"",""readiness_tag"":""day_one_compete"",""rare_exception_allowed"":""limited"",""notes"":""Pass rush traits are valuable, but rookie consistency is volatile.""}"
draft_translation,college_to_nfl_rating_translation.csv,college_to_nfl_rating_translation,runtime_tuning,473,EDGE,"{""position_group"":""EDGE"",""draft_capital_tier"":""round2"",""pick_min"":""33"",""pick_max"":""64"",""college_band"":""college_98_99"",""college_ovr_min"":""98"",""college_ovr_max"":""99"",""nfl_rookie_ovr_min"":""68"",""nfl_rookie_ovr_max"":""78"",""nfl_potential_min"":""84"",""nfl_potential_max"":""98"",""translation_uncertainty_sigma"":""0.16"",""readiness_tag"":""rotation_early"",""rare_exception_allowed"":""limited"",""notes"":""Pass rush traits are valuable, but rookie consistency is volatile.""}"
draft_translation,college_to_nfl_rating_translation.csv,college_to_nfl_rating_translation,runtime_tuning,474,EDGE,"{""position_group"":""EDGE"",""draft_capital_tier"":""round2"",""pick_min"":""33"",""pick_max"":""64"",""college_band"":""college_95_97"",""college_ovr_min"":""95"",""college_ovr_max"":""97"",""nfl_rookie_ovr_min"":""66"",""nfl_rookie_ovr_max"":""76"",""nfl_potential_min"":""83"",""nfl_potential_max"":""97"",""translation_uncertainty_sigma"":""0.16"",""readiness_tag"":""rotation_early"",""rare_exception_allowed"":""limited"",""notes"":""Pass rush traits are valuable, but rookie consistency is volatile.""}"
draft_translation,college_to_nfl_rating_translation.csv,college_to_nfl_rating_translation,runtime_tuning,475,EDGE,"{""position_group"":""EDGE"",""draft_capital_tier"":""round2"",""pick_min"":""33"",""pick_max"":""64"",""college_band"":""college_90_94"",""college_ovr_min"":""90"",""college_ovr_max"":""94"",""nfl_rookie_ovr_min"":""64"",""nfl_rookie_ovr_max"":""74"",""nfl_potential_min"":""82"",""nfl_potential_max"":""96"",""translation_uncertainty_sigma"":""0.16"",""readiness_tag"":""rotation_early"",""rare_exception_allowed"":""limited"",""notes"":""Pass rush traits are valuable, but rookie consistency is volatile.""}"
draft_translation,college_to_nfl_rating_translation.csv,college_to_nfl_rating_translation,runtime_tuning,476,EDGE,"{""position_group"":""EDGE"",""draft_capital_tier"":""round2"",""pick_min"":""33"",""pick_max"":""64"",""college_band"":""college_84_89"",""college_ovr_min"":""84"",""college_ovr_max"":""89"",""nfl_rookie_ovr_min"":""61"",""nfl_rookie_ovr_max"":""71"",""nfl_potential_min"":""80"",""nfl_potential_max"":""94"",""translation_uncertainty_sigma"":""0.16"",""readiness_tag"":""rotation_early"",""rare_exception_allowed"":""limited"",""notes"":""Pass rush traits are valuable, but rookie consistency is volatile.""}"
draft_translation,college_to_nfl_rating_translation.csv,college_to_nfl_rating_translation,runtime_tuning,477,EDGE,"{""position_group"":""EDGE"",""draft_capital_tier"":""round2"",""pick_min"":""33"",""pick_max"":""64"",""college_band"":""college_78_83"",""college_ovr_min"":""78"",""college_ovr_max"":""83"",""nfl_rookie_ovr_min"":""57"",""nfl_rookie_ovr_max"":""67"",""nfl_potential_min"":""78"",""nfl_potential_max"":""92"",""translation_uncertainty_sigma"":""0.16"",""readiness_tag"":""rotation_early"",""rare_exception_allowed"":""limited"",""notes"":""Pass rush traits are valuable, but rookie consistency is volatile.""}"
draft_translation,college_to_nfl_rating_translation.csv,college_to_nfl_rating_translation,runtime_tuning,478,EDGE,"{""position_group"":""EDGE"",""draft_capital_tier"":""round2"",""pick_min"":""33"",""pick_max"":""64"",""college_band"":""college_70_77"",""college_ovr_min"":""70"",""college_ovr_max"":""77"",""nfl_rookie_ovr_min"":""51"",""nfl_rookie_ovr_max"":""60"",""nfl_potential_min"":""75"",""nfl_potential_max"":""89"",""translation_uncertainty_sigma"":""0.18"",""readiness_tag"":""rotation_early"",""rare_exception_allowed"":""limited"",""notes"":""Pass rush traits are valuable, but rookie consistency is volatile.""}"
draft_translation,college_to_nfl_rating_translation.csv,college_to_nfl_rating_translation,runtime_tuning,479,EDGE,"{""position_group"":""EDGE"",""draft_capital_tier"":""round2"",""pick_min"":""33"",""pick_max"":""64"",""college_band"":""college_60_69"",""college_ovr_min"":""60"",""college_ovr_max"":""69"",""nfl_rookie_ovr_min"":""43"",""nfl_rookie_ovr_max"":""51"",""nfl_potential_min"":""72"",""nfl_potential_max"":""86"",""translation_uncertainty_sigma"":""0.18"",""readiness_tag"":""rotation_early"",""rare_exception_allowed"":""limited"",""notes"":""Pass rush traits are valuable, but rookie consistency is volatile.""}"
draft_translation,college_to_nfl_rating_translation.csv,college_to_nfl_rating_translation,runtime_tuning,480,EDGE,"{""position_group"":""EDGE"",""draft_capital_tier"":""round2"",""pick_min"":""33"",""pick_max"":""64"",""college_band"":""college_below_60"",""college_ovr_min"":""1"",""college_ovr_max"":""59"",""nfl_rookie_ovr_min"":""36"",""nfl_rookie_ovr_max"":""44"",""nfl_potential_min"":""68"",""nfl_potential_max"":""82"",""translation_uncertainty_sigma"":""0.18"",""readiness_tag"":""rotation_early"",""rare_exception_allowed"":""limited"",""notes"":""Pass rush traits are valuable, but rookie consistency is volatile.""}"
draft_translation,college_to_nfl_rating_translation.csv,college_to_nfl_rating_translation,runtime_tuning,481,EDGE,"{""position_group"":""EDGE"",""draft_capital_tier"":""round3"",""pick_min"":""65"",""pick_max"":""100"",""college_band"":""college_98_99"",""college_ovr_min"":""98"",""college_ovr_max"":""99"",""nfl_rookie_ovr_min"":""65"",""nfl_rookie_ovr_max"":""75"",""nfl_potential_min"":""82"",""nfl_potential_max"":""96"",""translation_uncertainty_sigma"":""0.19"",""readiness_tag"":""rotation_development"",""rare_exception_allowed"":""limited"",""notes"":""Pass rush traits are valuable, but rookie consistency is volatile.""}"
draft_translation,college_to_nfl_rating_translation.csv,college_to_nfl_rating_translation,runtime_tuning,482,EDGE,"{""position_group"":""EDGE"",""draft_capital_tier"":""round3"",""pick_min"":""65"",""pick_max"":""100"",""college_band"":""college_95_97"",""college_ovr_min"":""95"",""college_ovr_max"":""97"",""nfl_rookie_ovr_min"":""63"",""nfl_rookie_ovr_max"":""73"",""nfl_potential_min"":""81"",""nfl_potential_max"":""95"",""translation_uncertainty_sigma"":""0.19"",""readiness_tag"":""rotation_development"",""rare_exception_allowed"":""limited"",""notes"":""Pass rush traits are valuable, but rookie consistency is volatile.""}"
draft_translation,college_to_nfl_rating_translation.csv,college_to_nfl_rating_translation,runtime_tuning,483,EDGE,"{""position_group"":""EDGE"",""draft_capital_tier"":""round3"",""pick_min"":""65"",""pick_max"":""100"",""college_band"":""college_90_94"",""college_ovr_min"":""90"",""college_ovr_max"":""94"",""nfl_rookie_ovr_min"":""61"",""nfl_rookie_ovr_max"":""71"",""nfl_potential_min"":""80"",""nfl_potential_max"":""94"",""translation_uncertainty_sigma"":""0.19"",""readiness_tag"":""rotation_development"",""rare_exception_allowed"":""limited"",""notes"":""Pass rush traits are valuable, but rookie consistency is volatile.""}"
draft_translation,college_to_nfl_rating_translation.csv,college_to_nfl_rating_translation,runtime_tuning,484,EDGE,"{""position_group"":""EDGE"",""draft_capital_tier"":""round3"",""pick_min"":""65"",""pick_max"":""100"",""college_band"":""college_84_89"",""college_ovr_min"":""84"",""college_ovr_max"":""89"",""nfl_rookie_ovr_min"":""58"",""nfl_rookie_ovr_max"":""68"",""nfl_potential_min"":""78"",""nfl_potential_max"":""92"",""translation_uncertainty_sigma"":""0.19"",""readiness_tag"":""rotation_development"",""rare_exception_allowed"":""limited"",""notes"":""Pass rush traits are valuable, but rookie consistency is volatile.""}"
draft_translation,college_to_nfl_rating_translation.csv,college_to_nfl_rating_translation,runtime_tuning,485,EDGE,"{""position_group"":""EDGE"",""draft_capital_tier"":""round3"",""pick_min"":""65"",""pick_max"":""100"",""college_band"":""college_78_83"",""college_ovr_min"":""78"",""college_ovr_max"":""83"",""nfl_rookie_ovr_min"":""54"",""nfl_rookie_ovr_max"":""64"",""nfl_potential_min"":""76"",""nfl_potential_max"":""90"",""translation_uncertainty_sigma"":""0.19"",""readiness_tag"":""rotation_development"",""rare_exception_allowed"":""limited"",""notes"":""Pass rush traits are valuable, but rookie consistency is volatile.""}"
draft_translation,college_to_nfl_rating_translation.csv,college_to_nfl_rating_translation,runtime_tuning,486,EDGE,"{""position_group"":""EDGE"",""draft_capital_tier"":""round3"",""pick_min"":""65"",""pick_max"":""100"",""college_band"":""college_70_77"",""college_ovr_min"":""70"",""college_ovr_max"":""77"",""nfl_rookie_ovr_min"":""48"",""nfl_rookie_ovr_max"":""57"",""nfl_potential_min"":""73"",""nfl_potential_max"":""87"",""translation_uncertainty_sigma"":""0.21"",""readiness_tag"":""rotation_development"",""rare_exception_allowed"":""limited"",""notes"":""Pass rush traits are valuable, but rookie consistency is volatile.""}"
draft_translation,college_to_nfl_rating_translation.csv,college_to_nfl_rating_translation,runtime_tuning,487,EDGE,"{""position_group"":""EDGE"",""draft_capital_tier"":""round3"",""pick_min"":""65"",""pick_max"":""100"",""college_band"":""college_60_69"",""college_ovr_min"":""60"",""college_ovr_max"":""69"",""nfl_rookie_ovr_min"":""40"",""nfl_rookie_ovr_max"":""48"",""nfl_potential_min"":""70"",""nfl_potential_max"":""84"",""translation_uncertainty_sigma"":""0.21"",""readiness_tag"":""rotation_development"",""rare_exception_allowed"":""limited"",""notes"":""Pass rush traits are valuable, but rookie consistency is volatile.""}"
draft_translation,college_to_nfl_rating_translation.csv,college_to_nfl_rating_translation,runtime_tuning,488,EDGE,"{""position_group"":""EDGE"",""draft_capital_tier"":""round3"",""pick_min"":""65"",""pick_max"":""100"",""college_band"":""college_below_60"",""college_ovr_min"":""1"",""college_ovr_max"":""59"",""nfl_rookie_ovr_min"":""36"",""nfl_rookie_ovr_max"":""41"",""nfl_potential_min"":""66"",""nfl_potential_max"":""80"",""translation_uncertainty_sigma"":""0.21"",""readiness_tag"":""rotation_development"",""rare_exception_allowed"":""limited"",""notes"":""Pass rush traits are valuable, but rookie consistency is volatile.""}"
draft_translation,college_to_nfl_rating_translation.csv,college_to_nfl_rating_translation,runtime_tuning,489,EDGE,"{""position_group"":""EDGE"",""draft_capital_tier"":""round4"",""pick_min"":""101"",""pick_max"":""140"",""college_band"":""college_98_99"",""college_ovr_min"":""98"",""college_ovr_max"":""99"",""nfl_rookie_ovr_min"":""62"",""nfl_rookie_ovr_max"":""72"",""nfl_potential_min"":""80"",""nfl_potential_max"":""94"",""translation_uncertainty_sigma"":""0.21"",""readiness_tag"":""depth_development"",""rare_exception_allowed"":""limited"",""notes"":""Pass rush traits are valuable, but rookie consistency is volatile.""}"
draft_translation,college_to_nfl_rating_translation.csv,college_to_nfl_rating_translation,runtime_tuning,490,EDGE,"{""position_group"":""EDGE"",""draft_capital_tier"":""round4"",""pick_min"":""101"",""pick_max"":""140"",""college_band"":""college_95_97"",""college_ovr_min"":""95"",""college_ovr_max"":""97"",""nfl_rookie_ovr_min"":""60"",""nfl_rookie_ovr_max"":""70"",""nfl_potential_min"":""79"",""nfl_potential_max"":""93"",""translation_uncertainty_sigma"":""0.21"",""readiness_tag"":""depth_development"",""rare_exception_allowed"":""limited"",""notes"":""Pass rush traits are valuable, but rookie consistency is volatile.""}"
draft_translation,college_to_nfl_rating_translation.csv,college_to_nfl_rating_translation,runtime_tuning,491,EDGE,"{""position_group"":""EDGE"",""draft_capital_tier"":""round4"",""pick_min"":""101"",""pick_max"":""140"",""college_band"":""college_90_94"",""college_ovr_min"":""90"",""college_ovr_max"":""94"",""nfl_rookie_ovr_min"":""58"",""nfl_rookie_ovr_max"":""68"",""nfl_potential_min"":""78"",""nfl_potential_max"":""92"",""translation_uncertainty_sigma"":""0.21"",""readiness_tag"":""depth_development"",""rare_exception_allowed"":""limited"",""notes"":""Pass rush traits are valuable, but rookie consistency is volatile.""}"
draft_translation,college_to_nfl_rating_translation.csv,college_to_nfl_rating_translation,runtime_tuning,492,EDGE,"{""position_group"":""EDGE"",""draft_capital_tier"":""round4"",""pick_min"":""101"",""pick_max"":""140"",""college_band"":""college_84_89"",""college_ovr_min"":""84"",""college_ovr_max"":""89"",""nfl_rookie_ovr_min"":""55"",""nfl_rookie_ovr_max"":""65"",""nfl_potential_min"":""76"",""nfl_potential_max"":""90"",""translation_uncertainty_sigma"":""0.21"",""readiness_tag"":""depth_development"",""rare_exception_allowed"":""limited"",""notes"":""Pass rush traits are valuable, but rookie consistency is volatile.""}"
draft_translation,college_to_nfl_rating_translation.csv,college_to_nfl_rating_translation,runtime_tuning,493,EDGE,"{""position_group"":""EDGE"",""draft_capital_tier"":""round4"",""pick_min"":""101"",""pick_max"":""140"",""college_band"":""college_78_83"",""college_ovr_min"":""78"",""college_ovr_max"":""83"",""nfl_rookie_ovr_min"":""51"",""nfl_rookie_ovr_max"":""61"",""nfl_potential_min"":""74"",""nfl_potential_max"":""88"",""translation_uncertainty_sigma"":""0.21"",""readiness_tag"":""depth_development"",""rare_exception_allowed"":""limited"",""notes"":""Pass rush traits are valuable, but rookie consistency is volatile.""}"
draft_translation,college_to_nfl_rating_translation.csv,college_to_nfl_rating_translation,runtime_tuning,494,EDGE,"{""position_group"":""EDGE"",""draft_capital_tier"":""round4"",""pick_min"":""101"",""pick_max"":""140"",""college_band"":""college_70_77"",""college_ovr_min"":""70"",""college_ovr_max"":""77"",""nfl_rookie_ovr_min"":""45"",""nfl_rookie_ovr_max"":""54"",""nfl_potential_min"":""71"",""nfl_potential_max"":""85"",""translation_uncertainty_sigma"":""0.23"",""readiness_tag"":""depth_development"",""rare_exception_allowed"":""limited"",""notes"":""Pass rush traits are valuable, but rookie consistency is volatile.""}"
draft_translation,college_to_nfl_rating_translation.csv,college_to_nfl_rating_translation,runtime_tuning,495,EDGE,"{""position_group"":""EDGE"",""draft_capital_tier"":""round4"",""pick_min"":""101"",""pick_max"":""140"",""college_band"":""college_60_69"",""college_ovr_min"":""60"",""college_ovr_max"":""69"",""nfl_rookie_ovr_min"":""37"",""nfl_rookie_ovr_max"":""45"",""nfl_potential_min"":""68"",""nfl_potential_max"":""82"",""translation_uncertainty_sigma"":""0.23"",""readiness_tag"":""depth_development"",""rare_exception_allowed"":""limited"",""notes"":""Pass rush traits are valuable, but rookie consistency is volatile.""}"
draft_translation,college_to_nfl_rating_translation.csv,college_to_nfl_rating_translation,runtime_tuning,496,EDGE,"{""position_group"":""EDGE"",""draft_capital_tier"":""round4"",""pick_min"":""101"",""pick_max"":""140"",""college_band"":""college_below_60"",""college_ovr_min"":""1"",""college_ovr_max"":""59"",""nfl_rookie_ovr_min"":""36"",""nfl_rookie_ovr_max"":""38"",""nfl_potential_min"":""64"",""nfl_potential_max"":""78"",""translation_uncertainty_sigma"":""0.23"",""readiness_tag"":""depth_development"",""rare_exception_allowed"":""limited"",""notes"":""Pass rush traits are valuable, but rookie consistency is volatile.""}"
draft_translation,college_to_nfl_rating_translation.csv,college_to_nfl_rating_translation,runtime_tuning,497,EDGE,"{""position_group"":""EDGE"",""draft_capital_tier"":""round5"",""pick_min"":""141"",""pick_max"":""180"",""college_band"":""college_98_99"",""college_ovr_min"":""98"",""college_ovr_max"":""99"",""nfl_rookie_ovr_min"":""59"",""nfl_rookie_ovr_max"":""69"",""nfl_potential_min"":""78"",""nfl_potential_max"":""92"",""translation_uncertainty_sigma"":""0.23"",""readiness_tag"":""depth_development"",""rare_exception_allowed"":""limited"",""notes"":""Pass rush traits are valuable, but rookie consistency is volatile.""}"
draft_translation,college_to_nfl_rating_translation.csv,college_to_nfl_rating_translation,runtime_tuning,498,EDGE,"{""position_group"":""EDGE"",""draft_capital_tier"":""round5"",""pick_min"":""141"",""pick_max"":""180"",""college_band"":""college_95_97"",""college_ovr_min"":""95"",""college_ovr_max"":""97"",""nfl_rookie_ovr_min"":""57"",""nfl_rookie_ovr_max"":""67"",""nfl_potential_min"":""77"",""nfl_potential_max"":""91"",""translation_uncertainty_sigma"":""0.23"",""readiness_tag"":""depth_development"",""rare_exception_allowed"":""limited"",""notes"":""Pass rush traits are valuable, but rookie consistency is volatile.""}"
draft_translation,college_to_nfl_rating_translation.csv,college_to_nfl_rating_translation,runtime_tuning,499,EDGE,"{""position_group"":""EDGE"",""draft_capital_tier"":""round5"",""pick_min"":""141"",""pick_max"":""180"",""college_band"":""college_90_94"",""college_ovr_min"":""90"",""college_ovr_max"":""94"",""nfl_rookie_ovr_min"":""55"",""nfl_rookie_ovr_max"":""65"",""nfl_potential_min"":""76"",""nfl_potential_max"":""90"",""translation_uncertainty_sigma"":""0.23"",""readiness_tag"":""depth_development"",""rare_exception_allowed"":""limited"",""notes"":""Pass rush traits are valuable, but rookie consistency is volatile.""}"
draft_translation,college_to_nfl_rating_translation.csv,college_to_nfl_rating_translation,runtime_tuning,500,EDGE,"{""position_group"":""EDGE"",""draft_capital_tier"":""round5"",""pick_min"":""141"",""pick_max"":""180"",""college_band"":""college_84_89"",""college_ovr_min"":""84"",""college_ovr_max"":""89"",""nfl_rookie_ovr_min"":""52"",""nfl_rookie_ovr_max"":""62"",""nfl_potential_min"":""74"",""nfl_potential_max"":""88"",""translation_uncertainty_sigma"":""0.23"",""readiness_tag"":""depth_development"",""rare_exception_allowed"":""limited"",""notes"":""Pass rush traits are valuable, but rookie consistency is volatile.""}"
draft_translation,college_to_nfl_rating_translation.csv,college_to_nfl_rating_translation,runtime_tuning,501,EDGE,"{""position_group"":""EDGE"",""draft_capital_tier"":""round5"",""pick_min"":""141"",""pick_max"":""180"",""college_band"":""college_78_83"",""college_ovr_min"":""78"",""college_ovr_max"":""83"",""nfl_rookie_ovr_min"":""48"",""nfl_rookie_ovr_max"":""58"",""nfl_potential_min"":""72"",""nfl_potential_max"":""86"",""translation_uncertainty_sigma"":""0.23"",""readiness_tag"":""depth_development"",""rare_exception_allowed"":""limited"",""notes"":""Pass rush traits are valuable, but rookie consistency is volatile.""}"
draft_translation,college_to_nfl_rating_translation.csv,college_to_nfl_rating_translation,runtime_tuning,502,EDGE,"{""position_group"":""EDGE"",""draft_capital_tier"":""round5"",""pick_min"":""141"",""pick_max"":""180"",""college_band"":""college_70_77"",""college_ovr_min"":""70"",""college_ovr_max"":""77"",""nfl_rookie_ovr_min"":""42"",""nfl_rookie_ovr_max"":""51"",""nfl_potential_min"":""69"",""nfl_potential_max"":""83"",""translation_uncertainty_sigma"":""0.25"",""readiness_tag"":""depth_development"",""rare_exception_allowed"":""limited"",""notes"":""Pass rush traits are valuable, but rookie consistency is volatile.""}"
draft_translation,college_to_nfl_rating_translation.csv,college_to_nfl_rating_translation,runtime_tuning,503,EDGE,"{""position_group"":""EDGE"",""draft_capital_tier"":""round5"",""pick_min"":""141"",""pick_max"":""180"",""college_band"":""college_60_69"",""college_ovr_min"":""60"",""college_ovr_max"":""69"",""nfl_rookie_ovr_min"":""36"",""nfl_rookie_ovr_max"":""42"",""nfl_potential_min"":""66"",""nfl_potential_max"":""80"",""translation_uncertainty_sigma"":""0.25"",""readiness_tag"":""depth_development"",""rare_exception_allowed"":""limited"",""notes"":""Pass rush traits are valuable, but rookie consistency is volatile.""}"
draft_translation,college_to_nfl_rating_translation.csv,college_to_nfl_rating_translation,runtime_tuning,504,EDGE,"{""position_group"":""EDGE"",""draft_capital_tier"":""round5"",""pick_min"":""141"",""pick_max"":""180"",""college_band"":""college_below_60"",""college_ovr_min"":""1"",""college_ovr_max"":""59"",""nfl_rookie_ovr_min"":""36"",""nfl_rookie_ovr_max"":""38"",""nfl_potential_min"":""62"",""nfl_potential_max"":""76"",""translation_uncertainty_sigma"":""0.25"",""readiness_tag"":""depth_development"",""rare_exception_allowed"":""limited"",""notes"":""Pass rush traits are valuable, but rookie consistency is volatile.""}"
draft_translation,college_to_nfl_rating_translation.csv,college_to_nfl_rating_translation,runtime_tuning,505,EDGE,"{""position_group"":""EDGE"",""draft_capital_tier"":""round6_7"",""pick_min"":""181"",""pick_max"":""260"",""college_band"":""college_98_99"",""college_ovr_min"":""98"",""college_ovr_max"":""99"",""nfl_rookie_ovr_min"":""56"",""nfl_rookie_ovr_max"":""66"",""nfl_potential_min"":""75"",""nfl_potential_max"":""89"",""translation_uncertainty_sigma"":""0.26"",""readiness_tag"":""longshot_roster"",""rare_exception_allowed"":""limited"",""notes"":""Pass rush traits are valuable, but rookie consistency is volatile.""}"
draft_translation,college_to_nfl_rating_translation.csv,college_to_nfl_rating_translation,runtime_tuning,506,EDGE,"{""position_group"":""EDGE"",""draft_capital_tier"":""round6_7"",""pick_min"":""181"",""pick_max"":""260"",""college_band"":""college_95_97"",""college_ovr_min"":""95"",""college_ovr_max"":""97"",""nfl_rookie_ovr_min"":""54"",""nfl_rookie_ovr_max"":""64"",""nfl_potential_min"":""74"",""nfl_potential_max"":""88"",""translation_uncertainty_sigma"":""0.26"",""readiness_tag"":""longshot_roster"",""rare_exception_allowed"":""limited"",""notes"":""Pass rush traits are valuable, but rookie consistency is volatile.""}"
draft_translation,college_to_nfl_rating_translation.csv,college_to_nfl_rating_translation,runtime_tuning,507,EDGE,"{""position_group"":""EDGE"",""draft_capital_tier"":""round6_7"",""pick_min"":""181"",""pick_max"":""260"",""college_band"":""college_90_94"",""college_ovr_min"":""90"",""college_ovr_max"":""94"",""nfl_rookie_ovr_min"":""52"",""nfl_rookie_ovr_max"":""62"",""nfl_potential_min"":""73"",""nfl_potential_max"":""87"",""translation_uncertainty_sigma"":""0.26"",""readiness_tag"":""longshot_roster"",""rare_exception_allowed"":""limited"",""notes"":""Pass rush traits are valuable, but rookie consistency is volatile.""}"
draft_translation,college_to_nfl_rating_translation.csv,college_to_nfl_rating_translation,runtime_tuning,508,EDGE,"{""position_group"":""EDGE"",""draft_capital_tier"":""round6_7"",""pick_min"":""181"",""pick_max"":""260"",""college_band"":""college_84_89"",""college_ovr_min"":""84"",""college_ovr_max"":""89"",""nfl_rookie_ovr_min"":""49"",""nfl_rookie_ovr_max"":""59"",""nfl_potential_min"":""71"",""nfl_potential_max"":""85"",""translation_uncertainty_sigma"":""0.26"",""readiness_tag"":""longshot_roster"",""rare_exception_allowed"":""limited"",""notes"":""Pass rush traits are valuable, but rookie consistency is volatile.""}"
draft_translation,college_to_nfl_rating_translation.csv,college_to_nfl_rating_translation,runtime_tuning,509,EDGE,"{""position_group"":""EDGE"",""draft_capital_tier"":""round6_7"",""pick_min"":""181"",""pick_max"":""260"",""college_band"":""college_78_83"",""college_ovr_min"":""78"",""college_ovr_max"":""83"",""nfl_rookie_ovr_min"":""45"",""nfl_rookie_ovr_max"":""55"",""nfl_potential_min"":""69"",""nfl_potential_max"":""83"",""translation_uncertainty_sigma"":""0.26"",""readiness_tag"":""longshot_roster"",""rare_exception_allowed"":""limited"",""notes"":""Pass rush traits are valuable, but rookie consistency is volatile.""}"
draft_translation,college_to_nfl_rating_translation.csv,college_to_nfl_rating_translation,runtime_tuning,510,EDGE,"{""position_group"":""EDGE"",""draft_capital_tier"":""round6_7"",""pick_min"":""181"",""pick_max"":""260"",""college_band"":""college_70_77"",""college_ovr_min"":""70"",""college_ovr_max"":""77"",""nfl_rookie_ovr_min"":""39"",""nfl_rookie_ovr_max"":""48"",""nfl_potential_min"":""66"",""nfl_potential_max"":""80"",""translation_uncertainty_sigma"":""0.28"",""readiness_tag"":""longshot_roster"",""rare_exception_allowed"":""limited"",""notes"":""Pass rush traits are valuable, but rookie consistency is volatile.""}"
draft_translation,college_to_nfl_rating_translation.csv,college_to_nfl_rating_translation,runtime_tuning,511,EDGE,"{""position_group"":""EDGE"",""draft_capital_tier"":""round6_7"",""pick_min"":""181"",""pick_max"":""260"",""college_band"":""college_60_69"",""college_ovr_min"":""60"",""college_ovr_max"":""69"",""nfl_rookie_ovr_min"":""36"",""nfl_rookie_ovr_max"":""39"",""nfl_potential_min"":""63"",""nfl_potential_max"":""77"",""translation_uncertainty_sigma"":""0.28"",""readiness_tag"":""longshot_roster"",""rare_exception_allowed"":""limited"",""notes"":""Pass rush traits are valuable, but rookie consistency is volatile.""}"
draft_translation,college_to_nfl_rating_translation.csv,college_to_nfl_rating_translation,runtime_tuning,512,EDGE,"{""position_group"":""EDGE"",""draft_capital_tier"":""round6_7"",""pick_min"":""181"",""pick_max"":""260"",""college_band"":""college_below_60"",""college_ovr_min"":""1"",""college_ovr_max"":""59"",""nfl_rookie_ovr_min"":""36"",""nfl_rookie_ovr_max"":""38"",""nfl_potential_min"":""59"",""nfl_potential_max"":""73"",""translation_uncertainty_sigma"":""0.28"",""readiness_tag"":""longshot_roster"",""rare_exception_allowed"":""limited"",""notes"":""Pass rush traits are valuable, but rookie consistency is volatile.""}"
draft_translation,college_to_nfl_rating_translation.csv,college_to_nfl_rating_translation,runtime_tuning,513,EDGE,"{""position_group"":""EDGE"",""draft_capital_tier"":""priority_udfa"",""pick_min"":""261"",""pick_max"":""999"",""college_band"":""college_98_99"",""college_ovr_min"":""98"",""college_ovr_max"":""99"",""nfl_rookie_ovr_min"":""53"",""nfl_rookie_ovr_max"":""63"",""nfl_potential_min"":""73"",""nfl_potential_max"":""87"",""translation_uncertainty_sigma"":""0.29"",""readiness_tag"":""camp_compete"",""rare_exception_allowed"":""yes"",""notes"":""Pass rush traits are valuable, but rookie consistency is volatile.""}"
draft_translation,college_to_nfl_rating_translation.csv,college_to_nfl_rating_translation,runtime_tuning,514,EDGE,"{""position_group"":""EDGE"",""draft_capital_tier"":""priority_udfa"",""pick_min"":""261"",""pick_max"":""999"",""college_band"":""college_95_97"",""college_ovr_min"":""95"",""college_ovr_max"":""97"",""nfl_rookie_ovr_min"":""51"",""nfl_rookie_ovr_max"":""61"",""nfl_potential_min"":""72"",""nfl_potential_max"":""86"",""translation_uncertainty_sigma"":""0.29"",""readiness_tag"":""camp_compete"",""rare_exception_allowed"":""yes"",""notes"":""Pass rush traits are valuable, but rookie consistency is volatile.""}"
draft_translation,college_to_nfl_rating_translation.csv,college_to_nfl_rating_translation,runtime_tuning,515,EDGE,"{""position_group"":""EDGE"",""draft_capital_tier"":""priority_udfa"",""pick_min"":""261"",""pick_max"":""999"",""college_band"":""college_90_94"",""college_ovr_min"":""90"",""college_ovr_max"":""94"",""nfl_rookie_ovr_min"":""49"",""nfl_rookie_ovr_max"":""59"",""nfl_potential_min"":""71"",""nfl_potential_max"":""85"",""translation_uncertainty_sigma"":""0.29"",""readiness_tag"":""camp_compete"",""rare_exception_allowed"":""yes"",""notes"":""Pass rush traits are valuable, but rookie consistency is volatile.""}"
draft_translation,college_to_nfl_rating_translation.csv,college_to_nfl_rating_translation,runtime_tuning,516,EDGE,"{""position_group"":""EDGE"",""draft_capital_tier"":""priority_udfa"",""pick_min"":""261"",""pick_max"":""999"",""college_band"":""college_84_89"",""college_ovr_min"":""84"",""college_ovr_max"":""89"",""nfl_rookie_ovr_min"":""46"",""nfl_rookie_ovr_max"":""56"",""nfl_potential_min"":""69"",""nfl_potential_max"":""83"",""translation_uncertainty_sigma"":""0.29"",""readiness_tag"":""camp_compete"",""rare_exception_allowed"":""yes"",""notes"":""Pass rush traits are valuable, but rookie consistency is volatile.""}"
draft_translation,college_to_nfl_rating_translation.csv,college_to_nfl_rating_translation,runtime_tuning,517,EDGE,"{""position_group"":""EDGE"",""draft_capital_tier"":""priority_udfa"",""pick_min"":""261"",""pick_max"":""999"",""college_band"":""college_78_83"",""college_ovr_min"":""78"",""college_ovr_max"":""83"",""nfl_rookie_ovr_min"":""42"",""nfl_rookie_ovr_max"":""52"",""nfl_potential_min"":""67"",""nfl_potential_max"":""81"",""translation_uncertainty_sigma"":""0.29"",""readiness_tag"":""camp_compete"",""rare_exception_allowed"":""yes"",""notes"":""Pass rush traits are valuable, but rookie consistency is volatile.""}"
draft_translation,college_to_nfl_rating_translation.csv,college_to_nfl_rating_translation,runtime_tuning,518,EDGE,"{""position_group"":""EDGE"",""draft_capital_tier"":""priority_udfa"",""pick_min"":""261"",""pick_max"":""999"",""college_band"":""college_70_77"",""college_ovr_min"":""70"",""college_ovr_max"":""77"",""nfl_rookie_ovr_min"":""36"",""nfl_rookie_ovr_max"":""45"",""nfl_potential_min"":""64"",""nfl_potential_max"":""78"",""translation_uncertainty_sigma"":""0.31"",""readiness_tag"":""camp_compete"",""rare_exception_allowed"":""yes"",""notes"":""Pass rush traits are valuable, but rookie consistency is volatile.""}"
draft_translation,college_to_nfl_rating_translation.csv,college_to_nfl_rating_translation,runtime_tuning,519,EDGE,"{""position_group"":""EDGE"",""draft_capital_tier"":""priority_udfa"",""pick_min"":""261"",""pick_max"":""999"",""college_band"":""college_60_69"",""college_ovr_min"":""60"",""college_ovr_max"":""69"",""nfl_rookie_ovr_min"":""36"",""nfl_rookie_ovr_max"":""38"",""nfl_potential_min"":""61"",""nfl_potential_max"":""75"",""translation_uncertainty_sigma"":""0.31"",""readiness_tag"":""camp_compete"",""rare_exception_allowed"":""yes"",""notes"":""Pass rush traits are valuable, but rookie consistency is volatile.""}"
draft_translation,college_to_nfl_rating_translation.csv,college_to_nfl_rating_translation,runtime_tuning,520,EDGE,"{""position_group"":""EDGE"",""draft_capital_tier"":""priority_udfa"",""pick_min"":""261"",""pick_max"":""999"",""college_band"":""college_below_60"",""college_ovr_min"":""1"",""college_ovr_max"":""59"",""nfl_rookie_ovr_min"":""36"",""nfl_rookie_ovr_max"":""38"",""nfl_potential_min"":""57"",""nfl_potential_max"":""71"",""translation_uncertainty_sigma"":""0.31"",""readiness_tag"":""camp_compete"",""rare_exception_allowed"":""yes"",""notes"":""Pass rush traits are valuable, but rookie consistency is volatile.""}"
draft_translation,college_to_nfl_rating_translation.csv,college_to_nfl_rating_translation,runtime_tuning,521,EDGE,"{""position_group"":""EDGE"",""draft_capital_tier"":""camp_udfa"",""pick_min"":""1000"",""pick_max"":""9999"",""college_band"":""college_98_99"",""college_ovr_min"":""98"",""college_ovr_max"":""99"",""nfl_rookie_ovr_min"":""49"",""nfl_rookie_ovr_max"":""59"",""nfl_potential_min"":""70"",""nfl_potential_max"":""84"",""translation_uncertainty_sigma"":""0.32"",""readiness_tag"":""camp_body"",""rare_exception_allowed"":""limited"",""notes"":""Pass rush traits are valuable, but rookie consistency is volatile.""}"
draft_translation,college_to_nfl_rating_translation.csv,college_to_nfl_rating_translation,runtime_tuning,522,EDGE,"{""position_group"":""EDGE"",""draft_capital_tier"":""camp_udfa"",""pick_min"":""1000"",""pick_max"":""9999"",""college_band"":""college_95_97"",""college_ovr_min"":""95"",""college_ovr_max"":""97"",""nfl_rookie_ovr_min"":""47"",""nfl_rookie_ovr_max"":""57"",""nfl_potential_min"":""69"",""nfl_potential_max"":""83"",""translation_uncertainty_sigma"":""0.32"",""readiness_tag"":""camp_body"",""rare_exception_allowed"":""limited"",""notes"":""Pass rush traits are valuable, but rookie consistency is volatile.""}"
draft_translation,college_to_nfl_rating_translation.csv,college_to_nfl_rating_translation,runtime_tuning,523,EDGE,"{""position_group"":""EDGE"",""draft_capital_tier"":""camp_udfa"",""pick_min"":""1000"",""pick_max"":""9999"",""college_band"":""college_90_94"",""college_ovr_min"":""90"",""college_ovr_max"":""94"",""nfl_rookie_ovr_min"":""45"",""nfl_rookie_ovr_max"":""55"",""nfl_potential_min"":""68"",""nfl_potential_max"":""82"",""translation_uncertainty_sigma"":""0.32"",""readiness_tag"":""camp_body"",""rare_exception_allowed"":""limited"",""notes"":""Pass rush traits are valuable, but rookie consistency is volatile.""}"
draft_translation,college_to_nfl_rating_translation.csv,college_to_nfl_rating_translation,runtime_tuning,524,EDGE,"{""position_group"":""EDGE"",""draft_capital_tier"":""camp_udfa"",""pick_min"":""1000"",""pick_max"":""9999"",""college_band"":""college_84_89"",""college_ovr_min"":""84"",""college_ovr_max"":""89"",""nfl_rookie_ovr_min"":""42"",""nfl_rookie_ovr_max"":""52"",""nfl_potential_min"":""66"",""nfl_potential_max"":""80"",""translation_uncertainty_sigma"":""0.32"",""readiness_tag"":""camp_body"",""rare_exception_allowed"":""limited"",""notes"":""Pass rush traits are valuable, but rookie consistency is volatile.""}"
draft_translation,college_to_nfl_rating_translation.csv,college_to_nfl_rating_translation,runtime_tuning,525,EDGE,"{""position_group"":""EDGE"",""draft_capital_tier"":""camp_udfa"",""pick_min"":""1000"",""pick_max"":""9999"",""college_band"":""college_78_83"",""college_ovr_min"":""78"",""college_ovr_max"":""83"",""nfl_rookie_ovr_min"":""38"",""nfl_rookie_ovr_max"":""48"",""nfl_potential_min"":""64"",""nfl_potential_max"":""78"",""translation_uncertainty_sigma"":""0.32"",""readiness_tag"":""camp_body"",""rare_exception_allowed"":""limited"",""notes"":""Pass rush traits are valuable, but rookie consistency is volatile.""}"
draft_translation,college_to_nfl_rating_translation.csv,college_to_nfl_rating_translation,runtime_tuning,526,EDGE,"{""position_group"":""EDGE"",""draft_capital_tier"":""camp_udfa"",""pick_min"":""1000"",""pick_max"":""9999"",""college_band"":""college_70_77"",""college_ovr_min"":""70"",""college_ovr_max"":""77"",""nfl_rookie_ovr_min"":""36"",""nfl_rookie_ovr_max"":""41"",""nfl_potential_min"":""61"",""nfl_potential_max"":""75"",""translation_uncertainty_sigma"":""0.34"",""readiness_tag"":""camp_body"",""rare_exception_allowed"":""limited"",""notes"":""Pass rush traits are valuable, but rookie consistency is volatile.""}"
draft_translation,college_to_nfl_rating_translation.csv,college_to_nfl_rating_translation,runtime_tuning,527,EDGE,"{""position_group"":""EDGE"",""draft_capital_tier"":""camp_udfa"",""pick_min"":""1000"",""pick_max"":""9999"",""college_band"":""college_60_69"",""college_ovr_min"":""60"",""college_ovr_max"":""69"",""nfl_rookie_ovr_min"":""36"",""nfl_rookie_ovr_max"":""38"",""nfl_potential_min"":""58"",""nfl_potential_max"":""72"",""translation_uncertainty_sigma"":""0.34"",""readiness_tag"":""camp_body"",""rare_exception_allowed"":""limited"",""notes"":""Pass rush traits are valuable, but rookie consistency is volatile.""}"
draft_translation,college_to_nfl_rating_translation.csv,college_to_nfl_rating_translation,runtime_tuning,528,EDGE,"{""position_group"":""EDGE"",""draft_capital_tier"":""camp_udfa"",""pick_min"":""1000"",""pick_max"":""9999"",""college_band"":""college_below_60"",""college_ovr_min"":""1"",""college_ovr_max"":""59"",""nfl_rookie_ovr_min"":""36"",""nfl_rookie_ovr_max"":""38"",""nfl_potential_min"":""54"",""nfl_potential_max"":""68"",""translation_uncertainty_sigma"":""0.34"",""readiness_tag"":""camp_body"",""rare_exception_allowed"":""limited"",""notes"":""Pass rush traits are valuable, but rookie consistency is volatile.""}"
draft_translation,college_to_nfl_rating_translation.csv,college_to_nfl_rating_translation,runtime_tuning,529,DL,"{""position_group"":""DL"",""draft_capital_tier"":""top_5"",""pick_min"":""1"",""pick_max"":""5"",""college_band"":""college_98_99"",""college_ovr_min"":""98"",""college_ovr_max"":""99"",""nfl_rookie_ovr_min"":""79"",""nfl_rookie_ovr_max"":""86"",""nfl_potential_min"":""87"",""nfl_potential_max"":""99"",""translation_uncertainty_sigma"":""0.09"",""readiness_tag"":""premium_day_one"",""rare_exception_allowed"":""yes"",""notes"":""Interior DL power can translate early; conditioning and technique drive variance.""}"
draft_translation,college_to_nfl_rating_translation.csv,college_to_nfl_rating_translation,runtime_tuning,530,DL,"{""position_group"":""DL"",""draft_capital_tier"":""top_5"",""pick_min"":""1"",""pick_max"":""5"",""college_band"":""college_95_97"",""college_ovr_min"":""95"",""college_ovr_max"":""97"",""nfl_rookie_ovr_min"":""77"",""nfl_rookie_ovr_max"":""86"",""nfl_potential_min"":""86"",""nfl_potential_max"":""99"",""translation_uncertainty_sigma"":""0.09"",""readiness_tag"":""premium_day_one"",""rare_exception_allowed"":""yes"",""notes"":""Interior DL power can translate early; conditioning and technique drive variance.""}"
draft_translation,college_to_nfl_rating_translation.csv,college_to_nfl_rating_translation,runtime_tuning,531,DL,"{""position_group"":""DL"",""draft_capital_tier"":""top_5"",""pick_min"":""1"",""pick_max"":""5"",""college_band"":""college_90_94"",""college_ovr_min"":""90"",""college_ovr_max"":""94"",""nfl_rookie_ovr_min"":""75"",""nfl_rookie_ovr_max"":""85"",""nfl_potential_min"":""85"",""nfl_potential_max"":""99"",""translation_uncertainty_sigma"":""0.09"",""readiness_tag"":""premium_day_one"",""rare_exception_allowed"":""yes"",""notes"":""Interior DL power can translate early; conditioning and technique drive variance.""}"
draft_translation,college_to_nfl_rating_translation.csv,college_to_nfl_rating_translation,runtime_tuning,532,DL,"{""position_group"":""DL"",""draft_capital_tier"":""top_5"",""pick_min"":""1"",""pick_max"":""5"",""college_band"":""college_84_89"",""college_ovr_min"":""84"",""college_ovr_max"":""89"",""nfl_rookie_ovr_min"":""72"",""nfl_rookie_ovr_max"":""82"",""nfl_potential_min"":""83"",""nfl_potential_max"":""97"",""translation_uncertainty_sigma"":""0.09"",""readiness_tag"":""premium_day_one"",""rare_exception_allowed"":""yes"",""notes"":""Interior DL power can translate early; conditioning and technique drive variance.""}"
draft_translation,college_to_nfl_rating_translation.csv,college_to_nfl_rating_translation,runtime_tuning,533,DL,"{""position_group"":""DL"",""draft_capital_tier"":""top_5"",""pick_min"":""1"",""pick_max"":""5"",""college_band"":""college_78_83"",""college_ovr_min"":""78"",""college_ovr_max"":""83"",""nfl_rookie_ovr_min"":""68"",""nfl_rookie_ovr_max"":""78"",""nfl_potential_min"":""81"",""nfl_potential_max"":""95"",""translation_uncertainty_sigma"":""0.09"",""readiness_tag"":""premium_day_one"",""rare_exception_allowed"":""yes"",""notes"":""Interior DL power can translate early; conditioning and technique drive variance.""}"
draft_translation,college_to_nfl_rating_translation.csv,college_to_nfl_rating_translation,runtime_tuning,534,DL,"{""position_group"":""DL"",""draft_capital_tier"":""top_5"",""pick_min"":""1"",""pick_max"":""5"",""college_band"":""college_70_77"",""college_ovr_min"":""70"",""college_ovr_max"":""77"",""nfl_rookie_ovr_min"":""62"",""nfl_rookie_ovr_max"":""71"",""nfl_potential_min"":""78"",""nfl_potential_max"":""92"",""translation_uncertainty_sigma"":""0.11"",""readiness_tag"":""premium_day_one"",""rare_exception_allowed"":""yes"",""notes"":""Interior DL power can translate early; conditioning and technique drive variance.""}"
draft_translation,college_to_nfl_rating_translation.csv,college_to_nfl_rating_translation,runtime_tuning,535,DL,"{""position_group"":""DL"",""draft_capital_tier"":""top_5"",""pick_min"":""1"",""pick_max"":""5"",""college_band"":""college_60_69"",""college_ovr_min"":""60"",""college_ovr_max"":""69"",""nfl_rookie_ovr_min"":""54"",""nfl_rookie_ovr_max"":""62"",""nfl_potential_min"":""75"",""nfl_potential_max"":""89"",""translation_uncertainty_sigma"":""0.11"",""readiness_tag"":""premium_day_one"",""rare_exception_allowed"":""yes"",""notes"":""Interior DL power can translate early; conditioning and technique drive variance.""}"
draft_translation,college_to_nfl_rating_translation.csv,college_to_nfl_rating_translation,runtime_tuning,536,DL,"{""position_group"":""DL"",""draft_capital_tier"":""top_5"",""pick_min"":""1"",""pick_max"":""5"",""college_band"":""college_below_60"",""college_ovr_min"":""1"",""college_ovr_max"":""59"",""nfl_rookie_ovr_min"":""47"",""nfl_rookie_ovr_max"":""55"",""nfl_potential_min"":""71"",""nfl_potential_max"":""85"",""translation_uncertainty_sigma"":""0.11"",""readiness_tag"":""premium_day_one"",""rare_exception_allowed"":""yes"",""notes"":""Interior DL power can translate early; conditioning and technique drive variance.""}"
draft_translation,college_to_nfl_rating_translation.csv,college_to_nfl_rating_translation,runtime_tuning,537,DL,"{""position_group"":""DL"",""draft_capital_tier"":""top_10"",""pick_min"":""6"",""pick_max"":""10"",""college_band"":""college_98_99"",""college_ovr_min"":""98"",""college_ovr_max"":""99"",""nfl_rookie_ovr_min"":""77"",""nfl_rookie_ovr_max"":""85"",""nfl_potential_min"":""86"",""nfl_potential_max"":""99"",""translation_uncertainty_sigma"":""0.1"",""readiness_tag"":""premium_day_one"",""rare_exception_allowed"":""yes"",""notes"":""Interior DL power can translate early; conditioning and technique drive variance.""}"
draft_translation,college_to_nfl_rating_translation.csv,college_to_nfl_rating_translation,runtime_tuning,538,DL,"{""position_group"":""DL"",""draft_capital_tier"":""top_10"",""pick_min"":""6"",""pick_max"":""10"",""college_band"":""college_95_97"",""college_ovr_min"":""95"",""college_ovr_max"":""97"",""nfl_rookie_ovr_min"":""75"",""nfl_rookie_ovr_max"":""85"",""nfl_potential_min"":""85"",""nfl_potential_max"":""99"",""translation_uncertainty_sigma"":""0.1"",""readiness_tag"":""premium_day_one"",""rare_exception_allowed"":""yes"",""notes"":""Interior DL power can translate early; conditioning and technique drive variance.""}"
draft_translation,college_to_nfl_rating_translation.csv,college_to_nfl_rating_translation,runtime_tuning,539,DL,"{""position_group"":""DL"",""draft_capital_tier"":""top_10"",""pick_min"":""6"",""pick_max"":""10"",""college_band"":""college_90_94"",""college_ovr_min"":""90"",""college_ovr_max"":""94"",""nfl_rookie_ovr_min"":""73"",""nfl_rookie_ovr_max"":""83"",""nfl_potential_min"":""84"",""nfl_potential_max"":""98"",""translation_uncertainty_sigma"":""0.1"",""readiness_tag"":""premium_day_one"",""rare_exception_allowed"":""yes"",""notes"":""Interior DL power can translate early; conditioning and technique drive variance.""}"
draft_translation,college_to_nfl_rating_translation.csv,college_to_nfl_rating_translation,runtime_tuning,540,DL,"{""position_group"":""DL"",""draft_capital_tier"":""top_10"",""pick_min"":""6"",""pick_max"":""10"",""college_band"":""college_84_89"",""college_ovr_min"":""84"",""college_ovr_max"":""89"",""nfl_rookie_ovr_min"":""70"",""nfl_rookie_ovr_max"":""80"",""nfl_potential_min"":""82"",""nfl_potential_max"":""96"",""translation_uncertainty_sigma"":""0.1"",""readiness_tag"":""premium_day_one"",""rare_exception_allowed"":""yes"",""notes"":""Interior DL power can translate early; conditioning and technique drive variance.""}"
draft_translation,college_to_nfl_rating_translation.csv,college_to_nfl_rating_translation,runtime_tuning,541,DL,"{""position_group"":""DL"",""draft_capital_tier"":""top_10"",""pick_min"":""6"",""pick_max"":""10"",""college_band"":""college_78_83"",""college_ovr_min"":""78"",""college_ovr_max"":""83"",""nfl_rookie_ovr_min"":""66"",""nfl_rookie_ovr_max"":""76"",""nfl_potential_min"":""80"",""nfl_potential_max"":""94"",""translation_uncertainty_sigma"":""0.1"",""readiness_tag"":""premium_day_one"",""rare_exception_allowed"":""yes"",""notes"":""Interior DL power can translate early; conditioning and technique drive variance.""}"
draft_translation,college_to_nfl_rating_translation.csv,college_to_nfl_rating_translation,runtime_tuning,542,DL,"{""position_group"":""DL"",""draft_capital_tier"":""top_10"",""pick_min"":""6"",""pick_max"":""10"",""college_band"":""college_70_77"",""college_ovr_min"":""70"",""college_ovr_max"":""77"",""nfl_rookie_ovr_min"":""60"",""nfl_rookie_ovr_max"":""69"",""nfl_potential_min"":""77"",""nfl_potential_max"":""91"",""translation_uncertainty_sigma"":""0.12"",""readiness_tag"":""premium_day_one"",""rare_exception_allowed"":""yes"",""notes"":""Interior DL power can translate early; conditioning and technique drive variance.""}"
draft_translation,college_to_nfl_rating_translation.csv,college_to_nfl_rating_translation,runtime_tuning,543,DL,"{""position_group"":""DL"",""draft_capital_tier"":""top_10"",""pick_min"":""6"",""pick_max"":""10"",""college_band"":""college_60_69"",""college_ovr_min"":""60"",""college_ovr_max"":""69"",""nfl_rookie_ovr_min"":""52"",""nfl_rookie_ovr_max"":""60"",""nfl_potential_min"":""74"",""nfl_potential_max"":""88"",""translation_uncertainty_sigma"":""0.12"",""readiness_tag"":""premium_day_one"",""rare_exception_allowed"":""yes"",""notes"":""Interior DL power can translate early; conditioning and technique drive variance.""}"
draft_translation,college_to_nfl_rating_translation.csv,college_to_nfl_rating_translation,runtime_tuning,544,DL,"{""position_group"":""DL"",""draft_capital_tier"":""top_10"",""pick_min"":""6"",""pick_max"":""10"",""college_band"":""college_below_60"",""college_ovr_min"":""1"",""college_ovr_max"":""59"",""nfl_rookie_ovr_min"":""45"",""nfl_rookie_ovr_max"":""53"",""nfl_potential_min"":""70"",""nfl_potential_max"":""84"",""translation_uncertainty_sigma"":""0.12"",""readiness_tag"":""premium_day_one"",""rare_exception_allowed"":""yes"",""notes"":""Interior DL power can translate early; conditioning and technique drive variance.""}"
draft_translation,college_to_nfl_rating_translation.csv,college_to_nfl_rating_translation,runtime_tuning,545,DL,"{""position_group"":""DL"",""draft_capital_tier"":""round1_early_mid"",""pick_min"":""11"",""pick_max"":""20"",""college_band"":""college_98_99"",""college_ovr_min"":""98"",""college_ovr_max"":""99"",""nfl_rookie_ovr_min"":""75"",""nfl_rookie_ovr_max"":""84"",""nfl_potential_min"":""84"",""nfl_potential_max"":""98"",""translation_uncertainty_sigma"":""0.11"",""readiness_tag"":""day_one_compete"",""rare_exception_allowed"":""yes"",""notes"":""Interior DL power can translate early; conditioning and technique drive variance.""}"
draft_translation,college_to_nfl_rating_translation.csv,college_to_nfl_rating_translation,runtime_tuning,546,DL,"{""position_group"":""DL"",""draft_capital_tier"":""round1_early_mid"",""pick_min"":""11"",""pick_max"":""20"",""college_band"":""college_95_97"",""college_ovr_min"":""95"",""college_ovr_max"":""97"",""nfl_rookie_ovr_min"":""73"",""nfl_rookie_ovr_max"":""83"",""nfl_potential_min"":""83"",""nfl_potential_max"":""97"",""translation_uncertainty_sigma"":""0.11"",""readiness_tag"":""day_one_compete"",""rare_exception_allowed"":""yes"",""notes"":""Interior DL power can translate early; conditioning and technique drive variance.""}"
draft_translation,college_to_nfl_rating_translation.csv,college_to_nfl_rating_translation,runtime_tuning,547,DL,"{""position_group"":""DL"",""draft_capital_tier"":""round1_early_mid"",""pick_min"":""11"",""pick_max"":""20"",""college_band"":""college_90_94"",""college_ovr_min"":""90"",""college_ovr_max"":""94"",""nfl_rookie_ovr_min"":""71"",""nfl_rookie_ovr_max"":""81"",""nfl_potential_min"":""82"",""nfl_potential_max"":""96"",""translation_uncertainty_sigma"":""0.11"",""readiness_tag"":""day_one_compete"",""rare_exception_allowed"":""yes"",""notes"":""Interior DL power can translate early; conditioning and technique drive variance.""}"
draft_translation,college_to_nfl_rating_translation.csv,college_to_nfl_rating_translation,runtime_tuning,548,DL,"{""position_group"":""DL"",""draft_capital_tier"":""round1_early_mid"",""pick_min"":""11"",""pick_max"":""20"",""college_band"":""college_84_89"",""college_ovr_min"":""84"",""college_ovr_max"":""89"",""nfl_rookie_ovr_min"":""68"",""nfl_rookie_ovr_max"":""78"",""nfl_potential_min"":""80"",""nfl_potential_max"":""94"",""translation_uncertainty_sigma"":""0.11"",""readiness_tag"":""day_one_compete"",""rare_exception_allowed"":""yes"",""notes"":""Interior DL power can translate early; conditioning and technique drive variance.""}"
draft_translation,college_to_nfl_rating_translation.csv,college_to_nfl_rating_translation,runtime_tuning,549,DL,"{""position_group"":""DL"",""draft_capital_tier"":""round1_early_mid"",""pick_min"":""11"",""pick_max"":""20"",""college_band"":""college_78_83"",""college_ovr_min"":""78"",""college_ovr_max"":""83"",""nfl_rookie_ovr_min"":""64"",""nfl_rookie_ovr_max"":""74"",""nfl_potential_min"":""78"",""nfl_potential_max"":""92"",""translation_uncertainty_sigma"":""0.11"",""readiness_tag"":""day_one_compete"",""rare_exception_allowed"":""yes"",""notes"":""Interior DL power can translate early; conditioning and technique drive variance.""}"
draft_translation,college_to_nfl_rating_translation.csv,college_to_nfl_rating_translation,runtime_tuning,550,DL,"{""position_group"":""DL"",""draft_capital_tier"":""round1_early_mid"",""pick_min"":""11"",""pick_max"":""20"",""college_band"":""college_70_77"",""college_ovr_min"":""70"",""college_ovr_max"":""77"",""nfl_rookie_ovr_min"":""58"",""nfl_rookie_ovr_max"":""67"",""nfl_potential_min"":""75"",""nfl_potential_max"":""89"",""translation_uncertainty_sigma"":""0.13"",""readiness_tag"":""day_one_compete"",""rare_exception_allowed"":""yes"",""notes"":""Interior DL power can translate early; conditioning and technique drive variance.""}"
draft_translation,college_to_nfl_rating_translation.csv,college_to_nfl_rating_translation,runtime_tuning,551,DL,"{""position_group"":""DL"",""draft_capital_tier"":""round1_early_mid"",""pick_min"":""11"",""pick_max"":""20"",""college_band"":""college_60_69"",""college_ovr_min"":""60"",""college_ovr_max"":""69"",""nfl_rookie_ovr_min"":""50"",""nfl_rookie_ovr_max"":""58"",""nfl_potential_min"":""72"",""nfl_potential_max"":""86"",""translation_uncertainty_sigma"":""0.13"",""readiness_tag"":""day_one_compete"",""rare_exception_allowed"":""yes"",""notes"":""Interior DL power can translate early; conditioning and technique drive variance.""}"
draft_translation,college_to_nfl_rating_translation.csv,college_to_nfl_rating_translation,runtime_tuning,552,DL,"{""position_group"":""DL"",""draft_capital_tier"":""round1_early_mid"",""pick_min"":""11"",""pick_max"":""20"",""college_band"":""college_below_60"",""college_ovr_min"":""1"",""college_ovr_max"":""59"",""nfl_rookie_ovr_min"":""43"",""nfl_rookie_ovr_max"":""51"",""nfl_potential_min"":""68"",""nfl_potential_max"":""82"",""translation_uncertainty_sigma"":""0.13"",""readiness_tag"":""day_one_compete"",""rare_exception_allowed"":""yes"",""notes"":""Interior DL power can translate early; conditioning and technique drive variance.""}"
draft_translation,college_to_nfl_rating_translation.csv,college_to_nfl_rating_translation,runtime_tuning,553,DL,"{""position_group"":""DL"",""draft_capital_tier"":""round1_late"",""pick_min"":""21"",""pick_max"":""32"",""college_band"":""college_98_99"",""college_ovr_min"":""98"",""college_ovr_max"":""99"",""nfl_rookie_ovr_min"":""73"",""nfl_rookie_ovr_max"":""83"",""nfl_potential_min"":""83"",""nfl_potential_max"":""97"",""translation_uncertainty_sigma"":""0.12"",""readiness_tag"":""day_one_compete"",""rare_exception_allowed"":""limited"",""notes"":""Interior DL power can translate early; conditioning and technique drive variance.""}"
draft_translation,college_to_nfl_rating_translation.csv,college_to_nfl_rating_translation,runtime_tuning,554,DL,"{""position_group"":""DL"",""draft_capital_tier"":""round1_late"",""pick_min"":""21"",""pick_max"":""32"",""college_band"":""college_95_97"",""college_ovr_min"":""95"",""college_ovr_max"":""97"",""nfl_rookie_ovr_min"":""71"",""nfl_rookie_ovr_max"":""81"",""nfl_potential_min"":""82"",""nfl_potential_max"":""96"",""translation_uncertainty_sigma"":""0.12"",""readiness_tag"":""day_one_compete"",""rare_exception_allowed"":""limited"",""notes"":""Interior DL power can translate early; conditioning and technique drive variance.""}"
draft_translation,college_to_nfl_rating_translation.csv,college_to_nfl_rating_translation,runtime_tuning,555,DL,"{""position_group"":""DL"",""draft_capital_tier"":""round1_late"",""pick_min"":""21"",""pick_max"":""32"",""college_band"":""college_90_94"",""college_ovr_min"":""90"",""college_ovr_max"":""94"",""nfl_rookie_ovr_min"":""69"",""nfl_rookie_ovr_max"":""79"",""nfl_potential_min"":""81"",""nfl_potential_max"":""95"",""translation_uncertainty_sigma"":""0.12"",""readiness_tag"":""day_one_compete"",""rare_exception_allowed"":""limited"",""notes"":""Interior DL power can translate early; conditioning and technique drive variance.""}"
draft_translation,college_to_nfl_rating_translation.csv,college_to_nfl_rating_translation,runtime_tuning,556,DL,"{""position_group"":""DL"",""draft_capital_tier"":""round1_late"",""pick_min"":""21"",""pick_max"":""32"",""college_band"":""college_84_89"",""college_ovr_min"":""84"",""college_ovr_max"":""89"",""nfl_rookie_ovr_min"":""66"",""nfl_rookie_ovr_max"":""76"",""nfl_potential_min"":""79"",""nfl_potential_max"":""93"",""translation_uncertainty_sigma"":""0.12"",""readiness_tag"":""day_one_compete"",""rare_exception_allowed"":""limited"",""notes"":""Interior DL power can translate early; conditioning and technique drive variance.""}"
draft_translation,college_to_nfl_rating_translation.csv,college_to_nfl_rating_translation,runtime_tuning,557,DL,"{""position_group"":""DL"",""draft_capital_tier"":""round1_late"",""pick_min"":""21"",""pick_max"":""32"",""college_band"":""college_78_83"",""college_ovr_min"":""78"",""college_ovr_max"":""83"",""nfl_rookie_ovr_min"":""62"",""nfl_rookie_ovr_max"":""72"",""nfl_potential_min"":""77"",""nfl_potential_max"":""91"",""translation_uncertainty_sigma"":""0.12"",""readiness_tag"":""day_one_compete"",""rare_exception_allowed"":""limited"",""notes"":""Interior DL power can translate early; conditioning and technique drive variance.""}"
draft_translation,college_to_nfl_rating_translation.csv,college_to_nfl_rating_translation,runtime_tuning,558,DL,"{""position_group"":""DL"",""draft_capital_tier"":""round1_late"",""pick_min"":""21"",""pick_max"":""32"",""college_band"":""college_70_77"",""college_ovr_min"":""70"",""college_ovr_max"":""77"",""nfl_rookie_ovr_min"":""56"",""nfl_rookie_ovr_max"":""65"",""nfl_potential_min"":""74"",""nfl_potential_max"":""88"",""translation_uncertainty_sigma"":""0.14"",""readiness_tag"":""day_one_compete"",""rare_exception_allowed"":""limited"",""notes"":""Interior DL power can translate early; conditioning and technique drive variance.""}"
draft_translation,college_to_nfl_rating_translation.csv,college_to_nfl_rating_translation,runtime_tuning,559,DL,"{""position_group"":""DL"",""draft_capital_tier"":""round1_late"",""pick_min"":""21"",""pick_max"":""32"",""college_band"":""college_60_69"",""college_ovr_min"":""60"",""college_ovr_max"":""69"",""nfl_rookie_ovr_min"":""48"",""nfl_rookie_ovr_max"":""56"",""nfl_potential_min"":""71"",""nfl_potential_max"":""85"",""translation_uncertainty_sigma"":""0.14"",""readiness_tag"":""day_one_compete"",""rare_exception_allowed"":""limited"",""notes"":""Interior DL power can translate early; conditioning and technique drive variance.""}"
draft_translation,college_to_nfl_rating_translation.csv,college_to_nfl_rating_translation,runtime_tuning,560,DL,"{""position_group"":""DL"",""draft_capital_tier"":""round1_late"",""pick_min"":""21"",""pick_max"":""32"",""college_band"":""college_below_60"",""college_ovr_min"":""1"",""college_ovr_max"":""59"",""nfl_rookie_ovr_min"":""41"",""nfl_rookie_ovr_max"":""49"",""nfl_potential_min"":""67"",""nfl_potential_max"":""81"",""translation_uncertainty_sigma"":""0.14"",""readiness_tag"":""day_one_compete"",""rare_exception_allowed"":""limited"",""notes"":""Interior DL power can translate early; conditioning and technique drive variance.""}"
draft_translation,college_to_nfl_rating_translation.csv,college_to_nfl_rating_translation,runtime_tuning,561,DL,"{""position_group"":""DL"",""draft_capital_tier"":""round2"",""pick_min"":""33"",""pick_max"":""64"",""college_band"":""college_98_99"",""college_ovr_min"":""98"",""college_ovr_max"":""99"",""nfl_rookie_ovr_min"":""70"",""nfl_rookie_ovr_max"":""80"",""nfl_potential_min"":""81"",""nfl_potential_max"":""95"",""translation_uncertainty_sigma"":""0.14"",""readiness_tag"":""rotation_early"",""rare_exception_allowed"":""limited"",""notes"":""Interior DL power can translate early; conditioning and technique drive variance.""}"
draft_translation,college_to_nfl_rating_translation.csv,college_to_nfl_rating_translation,runtime_tuning,562,DL,"{""position_group"":""DL"",""draft_capital_tier"":""round2"",""pick_min"":""33"",""pick_max"":""64"",""college_band"":""college_95_97"",""college_ovr_min"":""95"",""college_ovr_max"":""97"",""nfl_rookie_ovr_min"":""68"",""nfl_rookie_ovr_max"":""78"",""nfl_potential_min"":""80"",""nfl_potential_max"":""94"",""translation_uncertainty_sigma"":""0.14"",""readiness_tag"":""rotation_early"",""rare_exception_allowed"":""limited"",""notes"":""Interior DL power can translate early; conditioning and technique drive variance.""}"
draft_translation,college_to_nfl_rating_translation.csv,college_to_nfl_rating_translation,runtime_tuning,563,DL,"{""position_group"":""DL"",""draft_capital_tier"":""round2"",""pick_min"":""33"",""pick_max"":""64"",""college_band"":""college_90_94"",""college_ovr_min"":""90"",""college_ovr_max"":""94"",""nfl_rookie_ovr_min"":""66"",""nfl_rookie_ovr_max"":""76"",""nfl_potential_min"":""79"",""nfl_potential_max"":""93"",""translation_uncertainty_sigma"":""0.14"",""readiness_tag"":""rotation_early"",""rare_exception_allowed"":""limited"",""notes"":""Interior DL power can translate early; conditioning and technique drive variance.""}"
draft_translation,college_to_nfl_rating_translation.csv,college_to_nfl_rating_translation,runtime_tuning,564,DL,"{""position_group"":""DL"",""draft_capital_tier"":""round2"",""pick_min"":""33"",""pick_max"":""64"",""college_band"":""college_84_89"",""college_ovr_min"":""84"",""college_ovr_max"":""89"",""nfl_rookie_ovr_min"":""63"",""nfl_rookie_ovr_max"":""73"",""nfl_potential_min"":""77"",""nfl_potential_max"":""91"",""translation_uncertainty_sigma"":""0.14"",""readiness_tag"":""rotation_early"",""rare_exception_allowed"":""limited"",""notes"":""Interior DL power can translate early; conditioning and technique drive variance.""}"
draft_translation,college_to_nfl_rating_translation.csv,college_to_nfl_rating_translation,runtime_tuning,565,DL,"{""position_group"":""DL"",""draft_capital_tier"":""round2"",""pick_min"":""33"",""pick_max"":""64"",""college_band"":""college_78_83"",""college_ovr_min"":""78"",""college_ovr_max"":""83"",""nfl_rookie_ovr_min"":""59"",""nfl_rookie_ovr_max"":""69"",""nfl_potential_min"":""75"",""nfl_potential_max"":""89"",""translation_uncertainty_sigma"":""0.14"",""readiness_tag"":""rotation_early"",""rare_exception_allowed"":""limited"",""notes"":""Interior DL power can translate early; conditioning and technique drive variance.""}"
draft_translation,college_to_nfl_rating_translation.csv,college_to_nfl_rating_translation,runtime_tuning,566,DL,"{""position_group"":""DL"",""draft_capital_tier"":""round2"",""pick_min"":""33"",""pick_max"":""64"",""college_band"":""college_70_77"",""college_ovr_min"":""70"",""college_ovr_max"":""77"",""nfl_rookie_ovr_min"":""53"",""nfl_rookie_ovr_max"":""62"",""nfl_potential_min"":""72"",""nfl_potential_max"":""86"",""translation_uncertainty_sigma"":""0.16"",""readiness_tag"":""rotation_early"",""rare_exception_allowed"":""limited"",""notes"":""Interior DL power can translate early; conditioning and technique drive variance.""}"
draft_translation,college_to_nfl_rating_translation.csv,college_to_nfl_rating_translation,runtime_tuning,567,DL,"{""position_group"":""DL"",""draft_capital_tier"":""round2"",""pick_min"":""33"",""pick_max"":""64"",""college_band"":""college_60_69"",""college_ovr_min"":""60"",""college_ovr_max"":""69"",""nfl_rookie_ovr_min"":""45"",""nfl_rookie_ovr_max"":""53"",""nfl_potential_min"":""69"",""nfl_potential_max"":""83"",""translation_uncertainty_sigma"":""0.16"",""readiness_tag"":""rotation_early"",""rare_exception_allowed"":""limited"",""notes"":""Interior DL power can translate early; conditioning and technique drive variance.""}"
draft_translation,college_to_nfl_rating_translation.csv,college_to_nfl_rating_translation,runtime_tuning,568,DL,"{""position_group"":""DL"",""draft_capital_tier"":""round2"",""pick_min"":""33"",""pick_max"":""64"",""college_band"":""college_below_60"",""college_ovr_min"":""1"",""college_ovr_max"":""59"",""nfl_rookie_ovr_min"":""38"",""nfl_rookie_ovr_max"":""46"",""nfl_potential_min"":""65"",""nfl_potential_max"":""79"",""translation_uncertainty_sigma"":""0.16"",""readiness_tag"":""rotation_early"",""rare_exception_allowed"":""limited"",""notes"":""Interior DL power can translate early; conditioning and technique drive variance.""}"
draft_translation,college_to_nfl_rating_translation.csv,college_to_nfl_rating_translation,runtime_tuning,569,DL,"{""position_group"":""DL"",""draft_capital_tier"":""round3"",""pick_min"":""65"",""pick_max"":""100"",""college_band"":""college_98_99"",""college_ovr_min"":""98"",""college_ovr_max"":""99"",""nfl_rookie_ovr_min"":""67"",""nfl_rookie_ovr_max"":""77"",""nfl_potential_min"":""79"",""nfl_potential_max"":""93"",""translation_uncertainty_sigma"":""0.17"",""readiness_tag"":""rotation_development"",""rare_exception_allowed"":""limited"",""notes"":""Interior DL power can translate early; conditioning and technique drive variance.""}"
draft_translation,college_to_nfl_rating_translation.csv,college_to_nfl_rating_translation,runtime_tuning,570,DL,"{""position_group"":""DL"",""draft_capital_tier"":""round3"",""pick_min"":""65"",""pick_max"":""100"",""college_band"":""college_95_97"",""college_ovr_min"":""95"",""college_ovr_max"":""97"",""nfl_rookie_ovr_min"":""65"",""nfl_rookie_ovr_max"":""75"",""nfl_potential_min"":""78"",""nfl_potential_max"":""92"",""translation_uncertainty_sigma"":""0.17"",""readiness_tag"":""rotation_development"",""rare_exception_allowed"":""limited"",""notes"":""Interior DL power can translate early; conditioning and technique drive variance.""}"
draft_translation,college_to_nfl_rating_translation.csv,college_to_nfl_rating_translation,runtime_tuning,571,DL,"{""position_group"":""DL"",""draft_capital_tier"":""round3"",""pick_min"":""65"",""pick_max"":""100"",""college_band"":""college_90_94"",""college_ovr_min"":""90"",""college_ovr_max"":""94"",""nfl_rookie_ovr_min"":""63"",""nfl_rookie_ovr_max"":""73"",""nfl_potential_min"":""77"",""nfl_potential_max"":""91"",""translation_uncertainty_sigma"":""0.17"",""readiness_tag"":""rotation_development"",""rare_exception_allowed"":""limited"",""notes"":""Interior DL power can translate early; conditioning and technique drive variance.""}"
draft_translation,college_to_nfl_rating_translation.csv,college_to_nfl_rating_translation,runtime_tuning,572,DL,"{""position_group"":""DL"",""draft_capital_tier"":""round3"",""pick_min"":""65"",""pick_max"":""100"",""college_band"":""college_84_89"",""college_ovr_min"":""84"",""college_ovr_max"":""89"",""nfl_rookie_ovr_min"":""60"",""nfl_rookie_ovr_max"":""70"",""nfl_potential_min"":""75"",""nfl_potential_max"":""89"",""translation_uncertainty_sigma"":""0.17"",""readiness_tag"":""rotation_development"",""rare_exception_allowed"":""limited"",""notes"":""Interior DL power can translate early; conditioning and technique drive variance.""}"
draft_translation,college_to_nfl_rating_translation.csv,college_to_nfl_rating_translation,runtime_tuning,573,DL,"{""position_group"":""DL"",""draft_capital_tier"":""round3"",""pick_min"":""65"",""pick_max"":""100"",""college_band"":""college_78_83"",""college_ovr_min"":""78"",""college_ovr_max"":""83"",""nfl_rookie_ovr_min"":""56"",""nfl_rookie_ovr_max"":""66"",""nfl_potential_min"":""73"",""nfl_potential_max"":""87"",""translation_uncertainty_sigma"":""0.17"",""readiness_tag"":""rotation_development"",""rare_exception_allowed"":""limited"",""notes"":""Interior DL power can translate early; conditioning and technique drive variance.""}"
draft_translation,college_to_nfl_rating_translation.csv,college_to_nfl_rating_translation,runtime_tuning,574,DL,"{""position_group"":""DL"",""draft_capital_tier"":""round3"",""pick_min"":""65"",""pick_max"":""100"",""college_band"":""college_70_77"",""college_ovr_min"":""70"",""college_ovr_max"":""77"",""nfl_rookie_ovr_min"":""50"",""nfl_rookie_ovr_max"":""59"",""nfl_potential_min"":""70"",""nfl_potential_max"":""84"",""translation_uncertainty_sigma"":""0.19"",""readiness_tag"":""rotation_development"",""rare_exception_allowed"":""limited"",""notes"":""Interior DL power can translate early; conditioning and technique drive variance.""}"
draft_translation,college_to_nfl_rating_translation.csv,college_to_nfl_rating_translation,runtime_tuning,575,DL,"{""position_group"":""DL"",""draft_capital_tier"":""round3"",""pick_min"":""65"",""pick_max"":""100"",""college_band"":""college_60_69"",""college_ovr_min"":""60"",""college_ovr_max"":""69"",""nfl_rookie_ovr_min"":""42"",""nfl_rookie_ovr_max"":""50"",""nfl_potential_min"":""67"",""nfl_potential_max"":""81"",""translation_uncertainty_sigma"":""0.19"",""readiness_tag"":""rotation_development"",""rare_exception_allowed"":""limited"",""notes"":""Interior DL power can translate early; conditioning and technique drive variance.""}"
draft_translation,college_to_nfl_rating_translation.csv,college_to_nfl_rating_translation,runtime_tuning,576,DL,"{""position_group"":""DL"",""draft_capital_tier"":""round3"",""pick_min"":""65"",""pick_max"":""100"",""college_band"":""college_below_60"",""college_ovr_min"":""1"",""college_ovr_max"":""59"",""nfl_rookie_ovr_min"":""38"",""nfl_rookie_ovr_max"":""43"",""nfl_potential_min"":""63"",""nfl_potential_max"":""77"",""translation_uncertainty_sigma"":""0.19"",""readiness_tag"":""rotation_development"",""rare_exception_allowed"":""limited"",""notes"":""Interior DL power can translate early; conditioning and technique drive variance.""}"
draft_translation,college_to_nfl_rating_translation.csv,college_to_nfl_rating_translation,runtime_tuning,577,DL,"{""position_group"":""DL"",""draft_capital_tier"":""round4"",""pick_min"":""101"",""pick_max"":""140"",""college_band"":""college_98_99"",""college_ovr_min"":""98"",""college_ovr_max"":""99"",""nfl_rookie_ovr_min"":""64"",""nfl_rookie_ovr_max"":""74"",""nfl_potential_min"":""77"",""nfl_potential_max"":""91"",""translation_uncertainty_sigma"":""0.19"",""readiness_tag"":""depth_development"",""rare_exception_allowed"":""limited"",""notes"":""Interior DL power can translate early; conditioning and technique drive variance.""}"
draft_translation,college_to_nfl_rating_translation.csv,college_to_nfl_rating_translation,runtime_tuning,578,DL,"{""position_group"":""DL"",""draft_capital_tier"":""round4"",""pick_min"":""101"",""pick_max"":""140"",""college_band"":""college_95_97"",""college_ovr_min"":""95"",""college_ovr_max"":""97"",""nfl_rookie_ovr_min"":""62"",""nfl_rookie_ovr_max"":""72"",""nfl_potential_min"":""76"",""nfl_potential_max"":""90"",""translation_uncertainty_sigma"":""0.19"",""readiness_tag"":""depth_development"",""rare_exception_allowed"":""limited"",""notes"":""Interior DL power can translate early; conditioning and technique drive variance.""}"
draft_translation,college_to_nfl_rating_translation.csv,college_to_nfl_rating_translation,runtime_tuning,579,DL,"{""position_group"":""DL"",""draft_capital_tier"":""round4"",""pick_min"":""101"",""pick_max"":""140"",""college_band"":""college_90_94"",""college_ovr_min"":""90"",""college_ovr_max"":""94"",""nfl_rookie_ovr_min"":""60"",""nfl_rookie_ovr_max"":""70"",""nfl_potential_min"":""75"",""nfl_potential_max"":""89"",""translation_uncertainty_sigma"":""0.19"",""readiness_tag"":""depth_development"",""rare_exception_allowed"":""limited"",""notes"":""Interior DL power can translate early; conditioning and technique drive variance.""}"
draft_translation,college_to_nfl_rating_translation.csv,college_to_nfl_rating_translation,runtime_tuning,580,DL,"{""position_group"":""DL"",""draft_capital_tier"":""round4"",""pick_min"":""101"",""pick_max"":""140"",""college_band"":""college_84_89"",""college_ovr_min"":""84"",""college_ovr_max"":""89"",""nfl_rookie_ovr_min"":""57"",""nfl_rookie_ovr_max"":""67"",""nfl_potential_min"":""73"",""nfl_potential_max"":""87"",""translation_uncertainty_sigma"":""0.19"",""readiness_tag"":""depth_development"",""rare_exception_allowed"":""limited"",""notes"":""Interior DL power can translate early; conditioning and technique drive variance.""}"
draft_translation,college_to_nfl_rating_translation.csv,college_to_nfl_rating_translation,runtime_tuning,581,DL,"{""position_group"":""DL"",""draft_capital_tier"":""round4"",""pick_min"":""101"",""pick_max"":""140"",""college_band"":""college_78_83"",""college_ovr_min"":""78"",""college_ovr_max"":""83"",""nfl_rookie_ovr_min"":""53"",""nfl_rookie_ovr_max"":""63"",""nfl_potential_min"":""71"",""nfl_potential_max"":""85"",""translation_uncertainty_sigma"":""0.19"",""readiness_tag"":""depth_development"",""rare_exception_allowed"":""limited"",""notes"":""Interior DL power can translate early; conditioning and technique drive variance.""}"
draft_translation,college_to_nfl_rating_translation.csv,college_to_nfl_rating_translation,runtime_tuning,582,DL,"{""position_group"":""DL"",""draft_capital_tier"":""round4"",""pick_min"":""101"",""pick_max"":""140"",""college_band"":""college_70_77"",""college_ovr_min"":""70"",""college_ovr_max"":""77"",""nfl_rookie_ovr_min"":""47"",""nfl_rookie_ovr_max"":""56"",""nfl_potential_min"":""68"",""nfl_potential_max"":""82"",""translation_uncertainty_sigma"":""0.21"",""readiness_tag"":""depth_development"",""rare_exception_allowed"":""limited"",""notes"":""Interior DL power can translate early; conditioning and technique drive variance.""}"
draft_translation,college_to_nfl_rating_translation.csv,college_to_nfl_rating_translation,runtime_tuning,583,DL,"{""position_group"":""DL"",""draft_capital_tier"":""round4"",""pick_min"":""101"",""pick_max"":""140"",""college_band"":""college_60_69"",""college_ovr_min"":""60"",""college_ovr_max"":""69"",""nfl_rookie_ovr_min"":""39"",""nfl_rookie_ovr_max"":""47"",""nfl_potential_min"":""65"",""nfl_potential_max"":""79"",""translation_uncertainty_sigma"":""0.21"",""readiness_tag"":""depth_development"",""rare_exception_allowed"":""limited"",""notes"":""Interior DL power can translate early; conditioning and technique drive variance.""}"
draft_translation,college_to_nfl_rating_translation.csv,college_to_nfl_rating_translation,runtime_tuning,584,DL,"{""position_group"":""DL"",""draft_capital_tier"":""round4"",""pick_min"":""101"",""pick_max"":""140"",""college_band"":""college_below_60"",""college_ovr_min"":""1"",""college_ovr_max"":""59"",""nfl_rookie_ovr_min"":""38"",""nfl_rookie_ovr_max"":""40"",""nfl_potential_min"":""61"",""nfl_potential_max"":""75"",""translation_uncertainty_sigma"":""0.21"",""readiness_tag"":""depth_development"",""rare_exception_allowed"":""limited"",""notes"":""Interior DL power can translate early; conditioning and technique drive variance.""}"
draft_translation,college_to_nfl_rating_translation.csv,college_to_nfl_rating_translation,runtime_tuning,585,DL,"{""position_group"":""DL"",""draft_capital_tier"":""round5"",""pick_min"":""141"",""pick_max"":""180"",""college_band"":""college_98_99"",""college_ovr_min"":""98"",""college_ovr_max"":""99"",""nfl_rookie_ovr_min"":""61"",""nfl_rookie_ovr_max"":""71"",""nfl_potential_min"":""75"",""nfl_potential_max"":""89"",""translation_uncertainty_sigma"":""0.21"",""readiness_tag"":""depth_development"",""rare_exception_allowed"":""limited"",""notes"":""Interior DL power can translate early; conditioning and technique drive variance.""}"
draft_translation,college_to_nfl_rating_translation.csv,college_to_nfl_rating_translation,runtime_tuning,586,DL,"{""position_group"":""DL"",""draft_capital_tier"":""round5"",""pick_min"":""141"",""pick_max"":""180"",""college_band"":""college_95_97"",""college_ovr_min"":""95"",""college_ovr_max"":""97"",""nfl_rookie_ovr_min"":""59"",""nfl_rookie_ovr_max"":""69"",""nfl_potential_min"":""74"",""nfl_potential_max"":""88"",""translation_uncertainty_sigma"":""0.21"",""readiness_tag"":""depth_development"",""rare_exception_allowed"":""limited"",""notes"":""Interior DL power can translate early; conditioning and technique drive variance.""}"
draft_translation,college_to_nfl_rating_translation.csv,college_to_nfl_rating_translation,runtime_tuning,587,DL,"{""position_group"":""DL"",""draft_capital_tier"":""round5"",""pick_min"":""141"",""pick_max"":""180"",""college_band"":""college_90_94"",""college_ovr_min"":""90"",""college_ovr_max"":""94"",""nfl_rookie_ovr_min"":""57"",""nfl_rookie_ovr_max"":""67"",""nfl_potential_min"":""73"",""nfl_potential_max"":""87"",""translation_uncertainty_sigma"":""0.21"",""readiness_tag"":""depth_development"",""rare_exception_allowed"":""limited"",""notes"":""Interior DL power can translate early; conditioning and technique drive variance.""}"
draft_translation,college_to_nfl_rating_translation.csv,college_to_nfl_rating_translation,runtime_tuning,588,DL,"{""position_group"":""DL"",""draft_capital_tier"":""round5"",""pick_min"":""141"",""pick_max"":""180"",""college_band"":""college_84_89"",""college_ovr_min"":""84"",""college_ovr_max"":""89"",""nfl_rookie_ovr_min"":""54"",""nfl_rookie_ovr_max"":""64"",""nfl_potential_min"":""71"",""nfl_potential_max"":""85"",""translation_uncertainty_sigma"":""0.21"",""readiness_tag"":""depth_development"",""rare_exception_allowed"":""limited"",""notes"":""Interior DL power can translate early; conditioning and technique drive variance.""}"
draft_translation,college_to_nfl_rating_translation.csv,college_to_nfl_rating_translation,runtime_tuning,589,DL,"{""position_group"":""DL"",""draft_capital_tier"":""round5"",""pick_min"":""141"",""pick_max"":""180"",""college_band"":""college_78_83"",""college_ovr_min"":""78"",""college_ovr_max"":""83"",""nfl_rookie_ovr_min"":""50"",""nfl_rookie_ovr_max"":""60"",""nfl_potential_min"":""69"",""nfl_potential_max"":""83"",""translation_uncertainty_sigma"":""0.21"",""readiness_tag"":""depth_development"",""rare_exception_allowed"":""limited"",""notes"":""Interior DL power can translate early; conditioning and technique drive variance.""}"
draft_translation,college_to_nfl_rating_translation.csv,college_to_nfl_rating_translation,runtime_tuning,590,DL,"{""position_group"":""DL"",""draft_capital_tier"":""round5"",""pick_min"":""141"",""pick_max"":""180"",""college_band"":""college_70_77"",""college_ovr_min"":""70"",""college_ovr_max"":""77"",""nfl_rookie_ovr_min"":""44"",""nfl_rookie_ovr_max"":""53"",""nfl_potential_min"":""66"",""nfl_potential_max"":""80"",""translation_uncertainty_sigma"":""0.23"",""readiness_tag"":""depth_development"",""rare_exception_allowed"":""limited"",""notes"":""Interior DL power can translate early; conditioning and technique drive variance.""}"
draft_translation,college_to_nfl_rating_translation.csv,college_to_nfl_rating_translation,runtime_tuning,591,DL,"{""position_group"":""DL"",""draft_capital_tier"":""round5"",""pick_min"":""141"",""pick_max"":""180"",""college_band"":""college_60_69"",""college_ovr_min"":""60"",""college_ovr_max"":""69"",""nfl_rookie_ovr_min"":""38"",""nfl_rookie_ovr_max"":""44"",""nfl_potential_min"":""63"",""nfl_potential_max"":""77"",""translation_uncertainty_sigma"":""0.23"",""readiness_tag"":""depth_development"",""rare_exception_allowed"":""limited"",""notes"":""Interior DL power can translate early; conditioning and technique drive variance.""}"
draft_translation,college_to_nfl_rating_translation.csv,college_to_nfl_rating_translation,runtime_tuning,592,DL,"{""position_group"":""DL"",""draft_capital_tier"":""round5"",""pick_min"":""141"",""pick_max"":""180"",""college_band"":""college_below_60"",""college_ovr_min"":""1"",""college_ovr_max"":""59"",""nfl_rookie_ovr_min"":""38"",""nfl_rookie_ovr_max"":""40"",""nfl_potential_min"":""59"",""nfl_potential_max"":""73"",""translation_uncertainty_sigma"":""0.23"",""readiness_tag"":""depth_development"",""rare_exception_allowed"":""limited"",""notes"":""Interior DL power can translate early; conditioning and technique drive variance.""}"
draft_translation,college_to_nfl_rating_translation.csv,college_to_nfl_rating_translation,runtime_tuning,593,DL,"{""position_group"":""DL"",""draft_capital_tier"":""round6_7"",""pick_min"":""181"",""pick_max"":""260"",""college_band"":""college_98_99"",""college_ovr_min"":""98"",""college_ovr_max"":""99"",""nfl_rookie_ovr_min"":""58"",""nfl_rookie_ovr_max"":""68"",""nfl_potential_min"":""72"",""nfl_potential_max"":""86"",""translation_uncertainty_sigma"":""0.24"",""readiness_tag"":""longshot_roster"",""rare_exception_allowed"":""limited"",""notes"":""Interior DL power can translate early; conditioning and technique drive variance.""}"
draft_translation,college_to_nfl_rating_translation.csv,college_to_nfl_rating_translation,runtime_tuning,594,DL,"{""position_group"":""DL"",""draft_capital_tier"":""round6_7"",""pick_min"":""181"",""pick_max"":""260"",""college_band"":""college_95_97"",""college_ovr_min"":""95"",""college_ovr_max"":""97"",""nfl_rookie_ovr_min"":""56"",""nfl_rookie_ovr_max"":""66"",""nfl_potential_min"":""71"",""nfl_potential_max"":""85"",""translation_uncertainty_sigma"":""0.24"",""readiness_tag"":""longshot_roster"",""rare_exception_allowed"":""limited"",""notes"":""Interior DL power can translate early; conditioning and technique drive variance.""}"
draft_translation,college_to_nfl_rating_translation.csv,college_to_nfl_rating_translation,runtime_tuning,595,DL,"{""position_group"":""DL"",""draft_capital_tier"":""round6_7"",""pick_min"":""181"",""pick_max"":""260"",""college_band"":""college_90_94"",""college_ovr_min"":""90"",""college_ovr_max"":""94"",""nfl_rookie_ovr_min"":""54"",""nfl_rookie_ovr_max"":""64"",""nfl_potential_min"":""70"",""nfl_potential_max"":""84"",""translation_uncertainty_sigma"":""0.24"",""readiness_tag"":""longshot_roster"",""rare_exception_allowed"":""limited"",""notes"":""Interior DL power can translate early; conditioning and technique drive variance.""}"
draft_translation,college_to_nfl_rating_translation.csv,college_to_nfl_rating_translation,runtime_tuning,596,DL,"{""position_group"":""DL"",""draft_capital_tier"":""round6_7"",""pick_min"":""181"",""pick_max"":""260"",""college_band"":""college_84_89"",""college_ovr_min"":""84"",""college_ovr_max"":""89"",""nfl_rookie_ovr_min"":""51"",""nfl_rookie_ovr_max"":""61"",""nfl_potential_min"":""68"",""nfl_potential_max"":""82"",""translation_uncertainty_sigma"":""0.24"",""readiness_tag"":""longshot_roster"",""rare_exception_allowed"":""limited"",""notes"":""Interior DL power can translate early; conditioning and technique drive variance.""}"
draft_translation,college_to_nfl_rating_translation.csv,college_to_nfl_rating_translation,runtime_tuning,597,DL,"{""position_group"":""DL"",""draft_capital_tier"":""round6_7"",""pick_min"":""181"",""pick_max"":""260"",""college_band"":""college_78_83"",""college_ovr_min"":""78"",""college_ovr_max"":""83"",""nfl_rookie_ovr_min"":""47"",""nfl_rookie_ovr_max"":""57"",""nfl_potential_min"":""66"",""nfl_potential_max"":""80"",""translation_uncertainty_sigma"":""0.24"",""readiness_tag"":""longshot_roster"",""rare_exception_allowed"":""limited"",""notes"":""Interior DL power can translate early; conditioning and technique drive variance.""}"
draft_translation,college_to_nfl_rating_translation.csv,college_to_nfl_rating_translation,runtime_tuning,598,DL,"{""position_group"":""DL"",""draft_capital_tier"":""round6_7"",""pick_min"":""181"",""pick_max"":""260"",""college_band"":""college_70_77"",""college_ovr_min"":""70"",""college_ovr_max"":""77"",""nfl_rookie_ovr_min"":""41"",""nfl_rookie_ovr_max"":""50"",""nfl_potential_min"":""63"",""nfl_potential_max"":""77"",""translation_uncertainty_sigma"":""0.26"",""readiness_tag"":""longshot_roster"",""rare_exception_allowed"":""limited"",""notes"":""Interior DL power can translate early; conditioning and technique drive variance.""}"
draft_translation,college_to_nfl_rating_translation.csv,college_to_nfl_rating_translation,runtime_tuning,599,DL,"{""position_group"":""DL"",""draft_capital_tier"":""round6_7"",""pick_min"":""181"",""pick_max"":""260"",""college_band"":""college_60_69"",""college_ovr_min"":""60"",""college_ovr_max"":""69"",""nfl_rookie_ovr_min"":""38"",""nfl_rookie_ovr_max"":""41"",""nfl_potential_min"":""60"",""nfl_potential_max"":""74"",""translation_uncertainty_sigma"":""0.26"",""readiness_tag"":""longshot_roster"",""rare_exception_allowed"":""limited"",""notes"":""Interior DL power can translate early; conditioning and technique drive variance.""}"
draft_translation,college_to_nfl_rating_translation.csv,college_to_nfl_rating_translation,runtime_tuning,600,DL,"{""position_group"":""DL"",""draft_capital_tier"":""round6_7"",""pick_min"":""181"",""pick_max"":""260"",""college_band"":""college_below_60"",""college_ovr_min"":""1"",""college_ovr_max"":""59"",""nfl_rookie_ovr_min"":""38"",""nfl_rookie_ovr_max"":""40"",""nfl_potential_min"":""56"",""nfl_potential_max"":""70"",""translation_uncertainty_sigma"":""0.26"",""readiness_tag"":""longshot_roster"",""rare_exception_allowed"":""limited"",""notes"":""Interior DL power can translate early; conditioning and technique drive variance.""}"
draft_translation,college_to_nfl_rating_translation.csv,college_to_nfl_rating_translation,runtime_tuning,601,DL,"{""position_group"":""DL"",""draft_capital_tier"":""priority_udfa"",""pick_min"":""261"",""pick_max"":""999"",""college_band"":""college_98_99"",""college_ovr_min"":""98"",""college_ovr_max"":""99"",""nfl_rookie_ovr_min"":""55"",""nfl_rookie_ovr_max"":""65"",""nfl_potential_min"":""70"",""nfl_potential_max"":""84"",""translation_uncertainty_sigma"":""0.27"",""readiness_tag"":""camp_compete"",""rare_exception_allowed"":""yes"",""notes"":""Interior DL power can translate early; conditioning and technique drive variance.""}"
draft_translation,college_to_nfl_rating_translation.csv,college_to_nfl_rating_translation,runtime_tuning,602,DL,"{""position_group"":""DL"",""draft_capital_tier"":""priority_udfa"",""pick_min"":""261"",""pick_max"":""999"",""college_band"":""college_95_97"",""college_ovr_min"":""95"",""college_ovr_max"":""97"",""nfl_rookie_ovr_min"":""53"",""nfl_rookie_ovr_max"":""63"",""nfl_potential_min"":""69"",""nfl_potential_max"":""83"",""translation_uncertainty_sigma"":""0.27"",""readiness_tag"":""camp_compete"",""rare_exception_allowed"":""yes"",""notes"":""Interior DL power can translate early; conditioning and technique drive variance.""}"
draft_translation,college_to_nfl_rating_translation.csv,college_to_nfl_rating_translation,runtime_tuning,603,DL,"{""position_group"":""DL"",""draft_capital_tier"":""priority_udfa"",""pick_min"":""261"",""pick_max"":""999"",""college_band"":""college_90_94"",""college_ovr_min"":""90"",""college_ovr_max"":""94"",""nfl_rookie_ovr_min"":""51"",""nfl_rookie_ovr_max"":""61"",""nfl_potential_min"":""68"",""nfl_potential_max"":""82"",""translation_uncertainty_sigma"":""0.27"",""readiness_tag"":""camp_compete"",""rare_exception_allowed"":""yes"",""notes"":""Interior DL power can translate early; conditioning and technique drive variance.""}"
draft_translation,college_to_nfl_rating_translation.csv,college_to_nfl_rating_translation,runtime_tuning,604,DL,"{""position_group"":""DL"",""draft_capital_tier"":""priority_udfa"",""pick_min"":""261"",""pick_max"":""999"",""college_band"":""college_84_89"",""college_ovr_min"":""84"",""college_ovr_max"":""89"",""nfl_rookie_ovr_min"":""48"",""nfl_rookie_ovr_max"":""58"",""nfl_potential_min"":""66"",""nfl_potential_max"":""80"",""translation_uncertainty_sigma"":""0.27"",""readiness_tag"":""camp_compete"",""rare_exception_allowed"":""yes"",""notes"":""Interior DL power can translate early; conditioning and technique drive variance.""}"
draft_translation,college_to_nfl_rating_translation.csv,college_to_nfl_rating_translation,runtime_tuning,605,DL,"{""position_group"":""DL"",""draft_capital_tier"":""priority_udfa"",""pick_min"":""261"",""pick_max"":""999"",""college_band"":""college_78_83"",""college_ovr_min"":""78"",""college_ovr_max"":""83"",""nfl_rookie_ovr_min"":""44"",""nfl_rookie_ovr_max"":""54"",""nfl_potential_min"":""64"",""nfl_potential_max"":""78"",""translation_uncertainty_sigma"":""0.27"",""readiness_tag"":""camp_compete"",""rare_exception_allowed"":""yes"",""notes"":""Interior DL power can translate early; conditioning and technique drive variance.""}"
draft_translation,college_to_nfl_rating_translation.csv,college_to_nfl_rating_translation,runtime_tuning,606,DL,"{""position_group"":""DL"",""draft_capital_tier"":""priority_udfa"",""pick_min"":""261"",""pick_max"":""999"",""college_band"":""college_70_77"",""college_ovr_min"":""70"",""college_ovr_max"":""77"",""nfl_rookie_ovr_min"":""38"",""nfl_rookie_ovr_max"":""47"",""nfl_potential_min"":""61"",""nfl_potential_max"":""75"",""translation_uncertainty_sigma"":""0.29"",""readiness_tag"":""camp_compete"",""rare_exception_allowed"":""yes"",""notes"":""Interior DL power can translate early; conditioning and technique drive variance.""}"
draft_translation,college_to_nfl_rating_translation.csv,college_to_nfl_rating_translation,runtime_tuning,607,DL,"{""position_group"":""DL"",""draft_capital_tier"":""priority_udfa"",""pick_min"":""261"",""pick_max"":""999"",""college_band"":""college_60_69"",""college_ovr_min"":""60"",""college_ovr_max"":""69"",""nfl_rookie_ovr_min"":""38"",""nfl_rookie_ovr_max"":""40"",""nfl_potential_min"":""58"",""nfl_potential_max"":""72"",""translation_uncertainty_sigma"":""0.29"",""readiness_tag"":""camp_compete"",""rare_exception_allowed"":""yes"",""notes"":""Interior DL power can translate early; conditioning and technique drive variance.""}"
draft_translation,college_to_nfl_rating_translation.csv,college_to_nfl_rating_translation,runtime_tuning,608,DL,"{""position_group"":""DL"",""draft_capital_tier"":""priority_udfa"",""pick_min"":""261"",""pick_max"":""999"",""college_band"":""college_below_60"",""college_ovr_min"":""1"",""college_ovr_max"":""59"",""nfl_rookie_ovr_min"":""38"",""nfl_rookie_ovr_max"":""40"",""nfl_potential_min"":""54"",""nfl_potential_max"":""68"",""translation_uncertainty_sigma"":""0.29"",""readiness_tag"":""camp_compete"",""rare_exception_allowed"":""yes"",""notes"":""Interior DL power can translate early; conditioning and technique drive variance.""}"
draft_translation,college_to_nfl_rating_translation.csv,college_to_nfl_rating_translation,runtime_tuning,609,DL,"{""position_group"":""DL"",""draft_capital_tier"":""camp_udfa"",""pick_min"":""1000"",""pick_max"":""9999"",""college_band"":""college_98_99"",""college_ovr_min"":""98"",""college_ovr_max"":""99"",""nfl_rookie_ovr_min"":""51"",""nfl_rookie_ovr_max"":""61"",""nfl_potential_min"":""67"",""nfl_potential_max"":""81"",""translation_uncertainty_sigma"":""0.3"",""readiness_tag"":""camp_body"",""rare_exception_allowed"":""limited"",""notes"":""Interior DL power can translate early; conditioning and technique drive variance.""}"
draft_translation,college_to_nfl_rating_translation.csv,college_to_nfl_rating_translation,runtime_tuning,610,DL,"{""position_group"":""DL"",""draft_capital_tier"":""camp_udfa"",""pick_min"":""1000"",""pick_max"":""9999"",""college_band"":""college_95_97"",""college_ovr_min"":""95"",""college_ovr_max"":""97"",""nfl_rookie_ovr_min"":""49"",""nfl_rookie_ovr_max"":""59"",""nfl_potential_min"":""66"",""nfl_potential_max"":""80"",""translation_uncertainty_sigma"":""0.3"",""readiness_tag"":""camp_body"",""rare_exception_allowed"":""limited"",""notes"":""Interior DL power can translate early; conditioning and technique drive variance.""}"
draft_translation,college_to_nfl_rating_translation.csv,college_to_nfl_rating_translation,runtime_tuning,611,DL,"{""position_group"":""DL"",""draft_capital_tier"":""camp_udfa"",""pick_min"":""1000"",""pick_max"":""9999"",""college_band"":""college_90_94"",""college_ovr_min"":""90"",""college_ovr_max"":""94"",""nfl_rookie_ovr_min"":""47"",""nfl_rookie_ovr_max"":""57"",""nfl_potential_min"":""65"",""nfl_potential_max"":""79"",""translation_uncertainty_sigma"":""0.3"",""readiness_tag"":""camp_body"",""rare_exception_allowed"":""limited"",""notes"":""Interior DL power can translate early; conditioning and technique drive variance.""}"
draft_translation,college_to_nfl_rating_translation.csv,college_to_nfl_rating_translation,runtime_tuning,612,DL,"{""position_group"":""DL"",""draft_capital_tier"":""camp_udfa"",""pick_min"":""1000"",""pick_max"":""9999"",""college_band"":""college_84_89"",""college_ovr_min"":""84"",""college_ovr_max"":""89"",""nfl_rookie_ovr_min"":""44"",""nfl_rookie_ovr_max"":""54"",""nfl_potential_min"":""63"",""nfl_potential_max"":""77"",""translation_uncertainty_sigma"":""0.3"",""readiness_tag"":""camp_body"",""rare_exception_allowed"":""limited"",""notes"":""Interior DL power can translate early; conditioning and technique drive variance.""}"
draft_translation,college_to_nfl_rating_translation.csv,college_to_nfl_rating_translation,runtime_tuning,613,DL,"{""position_group"":""DL"",""draft_capital_tier"":""camp_udfa"",""pick_min"":""1000"",""pick_max"":""9999"",""college_band"":""college_78_83"",""college_ovr_min"":""78"",""college_ovr_max"":""83"",""nfl_rookie_ovr_min"":""40"",""nfl_rookie_ovr_max"":""50"",""nfl_potential_min"":""61"",""nfl_potential_max"":""75"",""translation_uncertainty_sigma"":""0.3"",""readiness_tag"":""camp_body"",""rare_exception_allowed"":""limited"",""notes"":""Interior DL power can translate early; conditioning and technique drive variance.""}"
draft_translation,college_to_nfl_rating_translation.csv,college_to_nfl_rating_translation,runtime_tuning,614,DL,"{""position_group"":""DL"",""draft_capital_tier"":""camp_udfa"",""pick_min"":""1000"",""pick_max"":""9999"",""college_band"":""college_70_77"",""college_ovr_min"":""70"",""college_ovr_max"":""77"",""nfl_rookie_ovr_min"":""38"",""nfl_rookie_ovr_max"":""43"",""nfl_potential_min"":""58"",""nfl_potential_max"":""72"",""translation_uncertainty_sigma"":""0.32"",""readiness_tag"":""camp_body"",""rare_exception_allowed"":""limited"",""notes"":""Interior DL power can translate early; conditioning and technique drive variance.""}"
draft_translation,college_to_nfl_rating_translation.csv,college_to_nfl_rating_translation,runtime_tuning,615,DL,"{""position_group"":""DL"",""draft_capital_tier"":""camp_udfa"",""pick_min"":""1000"",""pick_max"":""9999"",""college_band"":""college_60_69"",""college_ovr_min"":""60"",""college_ovr_max"":""69"",""nfl_rookie_ovr_min"":""38"",""nfl_rookie_ovr_max"":""40"",""nfl_potential_min"":""55"",""nfl_potential_max"":""69"",""translation_uncertainty_sigma"":""0.32"",""readiness_tag"":""camp_body"",""rare_exception_allowed"":""limited"",""notes"":""Interior DL power can translate early; conditioning and technique drive variance.""}"
draft_translation,college_to_nfl_rating_translation.csv,college_to_nfl_rating_translation,runtime_tuning,616,DL,"{""position_group"":""DL"",""draft_capital_tier"":""camp_udfa"",""pick_min"":""1000"",""pick_max"":""9999"",""college_band"":""college_below_60"",""college_ovr_min"":""1"",""college_ovr_max"":""59"",""nfl_rookie_ovr_min"":""38"",""nfl_rookie_ovr_max"":""40"",""nfl_potential_min"":""51"",""nfl_potential_max"":""65"",""translation_uncertainty_sigma"":""0.32"",""readiness_tag"":""camp_body"",""rare_exception_allowed"":""limited"",""notes"":""Interior DL power can translate early; conditioning and technique drive variance.""}"
draft_translation,college_to_nfl_rating_translation.csv,college_to_nfl_rating_translation,runtime_tuning,617,LB,"{""position_group"":""LB"",""draft_capital_tier"":""top_5"",""pick_min"":""1"",""pick_max"":""5"",""college_band"":""college_98_99"",""college_ovr_min"":""98"",""college_ovr_max"":""99"",""nfl_rookie_ovr_min"":""76"",""nfl_rookie_ovr_max"":""85"",""nfl_potential_min"":""85"",""nfl_potential_max"":""98"",""translation_uncertainty_sigma"":""0.09"",""readiness_tag"":""premium_day_one"",""rare_exception_allowed"":""yes"",""notes"":""Linebackers need processing/speed fit; mid-round value is more plausible than at premium positions.""}"
draft_translation,college_to_nfl_rating_translation.csv,college_to_nfl_rating_translation,runtime_tuning,618,LB,"{""position_group"":""LB"",""draft_capital_tier"":""top_5"",""pick_min"":""1"",""pick_max"":""5"",""college_band"":""college_95_97"",""college_ovr_min"":""95"",""college_ovr_max"":""97"",""nfl_rookie_ovr_min"":""74"",""nfl_rookie_ovr_max"":""83"",""nfl_potential_min"":""83"",""nfl_potential_max"":""97"",""translation_uncertainty_sigma"":""0.09"",""readiness_tag"":""premium_day_one"",""rare_exception_allowed"":""yes"",""notes"":""Linebackers need processing/speed fit; mid-round value is more plausible than at premium positions.""}"
draft_translation,college_to_nfl_rating_translation.csv,college_to_nfl_rating_translation,runtime_tuning,619,LB,"{""position_group"":""LB"",""draft_capital_tier"":""top_5"",""pick_min"":""1"",""pick_max"":""5"",""college_band"":""college_90_94"",""college_ovr_min"":""90"",""college_ovr_max"":""94"",""nfl_rookie_ovr_min"":""72"",""nfl_rookie_ovr_max"":""81"",""nfl_potential_min"":""82"",""nfl_potential_max"":""96"",""translation_uncertainty_sigma"":""0.09"",""readiness_tag"":""premium_day_one"",""rare_exception_allowed"":""yes"",""notes"":""Linebackers need processing/speed fit; mid-round value is more plausible than at premium positions.""}"
draft_translation,college_to_nfl_rating_translation.csv,college_to_nfl_rating_translation,runtime_tuning,620,LB,"{""position_group"":""LB"",""draft_capital_tier"":""top_5"",""pick_min"":""1"",""pick_max"":""5"",""college_band"":""college_84_89"",""college_ovr_min"":""84"",""college_ovr_max"":""89"",""nfl_rookie_ovr_min"":""69"",""nfl_rookie_ovr_max"":""78"",""nfl_potential_min"":""80"",""nfl_potential_max"":""94"",""translation_uncertainty_sigma"":""0.09"",""readiness_tag"":""premium_day_one"",""rare_exception_allowed"":""yes"",""notes"":""Linebackers need processing/speed fit; mid-round value is more plausible than at premium positions.""}"
draft_translation,college_to_nfl_rating_translation.csv,college_to_nfl_rating_translation,runtime_tuning,621,LB,"{""position_group"":""LB"",""draft_capital_tier"":""top_5"",""pick_min"":""1"",""pick_max"":""5"",""college_band"":""college_78_83"",""college_ovr_min"":""78"",""college_ovr_max"":""83"",""nfl_rookie_ovr_min"":""65"",""nfl_rookie_ovr_max"":""74"",""nfl_potential_min"":""78"",""nfl_potential_max"":""92"",""translation_uncertainty_sigma"":""0.09"",""readiness_tag"":""premium_day_one"",""rare_exception_allowed"":""yes"",""notes"":""Linebackers need processing/speed fit; mid-round value is more plausible than at premium positions.""}"
draft_translation,college_to_nfl_rating_translation.csv,college_to_nfl_rating_translation,runtime_tuning,622,LB,"{""position_group"":""LB"",""draft_capital_tier"":""top_5"",""pick_min"":""1"",""pick_max"":""5"",""college_band"":""college_70_77"",""college_ovr_min"":""70"",""college_ovr_max"":""77"",""nfl_rookie_ovr_min"":""59"",""nfl_rookie_ovr_max"":""67"",""nfl_potential_min"":""75"",""nfl_potential_max"":""89"",""translation_uncertainty_sigma"":""0.11"",""readiness_tag"":""premium_day_one"",""rare_exception_allowed"":""yes"",""notes"":""Linebackers need processing/speed fit; mid-round value is more plausible than at premium positions.""}"
draft_translation,college_to_nfl_rating_translation.csv,college_to_nfl_rating_translation,runtime_tuning,623,LB,"{""position_group"":""LB"",""draft_capital_tier"":""top_5"",""pick_min"":""1"",""pick_max"":""5"",""college_band"":""college_60_69"",""college_ovr_min"":""60"",""college_ovr_max"":""69"",""nfl_rookie_ovr_min"":""51"",""nfl_rookie_ovr_max"":""58"",""nfl_potential_min"":""72"",""nfl_potential_max"":""86"",""translation_uncertainty_sigma"":""0.11"",""readiness_tag"":""premium_day_one"",""rare_exception_allowed"":""yes"",""notes"":""Linebackers need processing/speed fit; mid-round value is more plausible than at premium positions.""}"
draft_translation,college_to_nfl_rating_translation.csv,college_to_nfl_rating_translation,runtime_tuning,624,LB,"{""position_group"":""LB"",""draft_capital_tier"":""top_5"",""pick_min"":""1"",""pick_max"":""5"",""college_band"":""college_below_60"",""college_ovr_min"":""1"",""college_ovr_max"":""59"",""nfl_rookie_ovr_min"":""44"",""nfl_rookie_ovr_max"":""51"",""nfl_potential_min"":""68"",""nfl_potential_max"":""82"",""translation_uncertainty_sigma"":""0.11"",""readiness_tag"":""premium_day_one"",""rare_exception_allowed"":""yes"",""notes"":""Linebackers need processing/speed fit; mid-round value is more plausible than at premium positions.""}"
draft_translation,college_to_nfl_rating_translation.csv,college_to_nfl_rating_translation,runtime_tuning,625,LB,"{""position_group"":""LB"",""draft_capital_tier"":""top_10"",""pick_min"":""6"",""pick_max"":""10"",""college_band"":""college_98_99"",""college_ovr_min"":""98"",""college_ovr_max"":""99"",""nfl_rookie_ovr_min"":""74"",""nfl_rookie_ovr_max"":""83"",""nfl_potential_min"":""83"",""nfl_potential_max"":""97"",""translation_uncertainty_sigma"":""0.1"",""readiness_tag"":""premium_day_one"",""rare_exception_allowed"":""yes"",""notes"":""Linebackers need processing/speed fit; mid-round value is more plausible than at premium positions.""}"
draft_translation,college_to_nfl_rating_translation.csv,college_to_nfl_rating_translation,runtime_tuning,626,LB,"{""position_group"":""LB"",""draft_capital_tier"":""top_10"",""pick_min"":""6"",""pick_max"":""10"",""college_band"":""college_95_97"",""college_ovr_min"":""95"",""college_ovr_max"":""97"",""nfl_rookie_ovr_min"":""72"",""nfl_rookie_ovr_max"":""81"",""nfl_potential_min"":""82"",""nfl_potential_max"":""96"",""translation_uncertainty_sigma"":""0.1"",""readiness_tag"":""premium_day_one"",""rare_exception_allowed"":""yes"",""notes"":""Linebackers need processing/speed fit; mid-round value is more plausible than at premium positions.""}"
draft_translation,college_to_nfl_rating_translation.csv,college_to_nfl_rating_translation,runtime_tuning,627,LB,"{""position_group"":""LB"",""draft_capital_tier"":""top_10"",""pick_min"":""6"",""pick_max"":""10"",""college_band"":""college_90_94"",""college_ovr_min"":""90"",""college_ovr_max"":""94"",""nfl_rookie_ovr_min"":""70"",""nfl_rookie_ovr_max"":""79"",""nfl_potential_min"":""81"",""nfl_potential_max"":""95"",""translation_uncertainty_sigma"":""0.1"",""readiness_tag"":""premium_day_one"",""rare_exception_allowed"":""yes"",""notes"":""Linebackers need processing/speed fit; mid-round value is more plausible than at premium positions.""}"
draft_translation,college_to_nfl_rating_translation.csv,college_to_nfl_rating_translation,runtime_tuning,628,LB,"{""position_group"":""LB"",""draft_capital_tier"":""top_10"",""pick_min"":""6"",""pick_max"":""10"",""college_band"":""college_84_89"",""college_ovr_min"":""84"",""college_ovr_max"":""89"",""nfl_rookie_ovr_min"":""67"",""nfl_rookie_ovr_max"":""76"",""nfl_potential_min"":""79"",""nfl_potential_max"":""93"",""translation_uncertainty_sigma"":""0.1"",""readiness_tag"":""premium_day_one"",""rare_exception_allowed"":""yes"",""notes"":""Linebackers need processing/speed fit; mid-round value is more plausible than at premium positions.""}"
draft_translation,college_to_nfl_rating_translation.csv,college_to_nfl_rating_translation,runtime_tuning,629,LB,"{""position_group"":""LB"",""draft_capital_tier"":""top_10"",""pick_min"":""6"",""pick_max"":""10"",""college_band"":""college_78_83"",""college_ovr_min"":""78"",""college_ovr_max"":""83"",""nfl_rookie_ovr_min"":""63"",""nfl_rookie_ovr_max"":""72"",""nfl_potential_min"":""77"",""nfl_potential_max"":""91"",""translation_uncertainty_sigma"":""0.1"",""readiness_tag"":""premium_day_one"",""rare_exception_allowed"":""yes"",""notes"":""Linebackers need processing/speed fit; mid-round value is more plausible than at premium positions.""}"
draft_translation,college_to_nfl_rating_translation.csv,college_to_nfl_rating_translation,runtime_tuning,630,LB,"{""position_group"":""LB"",""draft_capital_tier"":""top_10"",""pick_min"":""6"",""pick_max"":""10"",""college_band"":""college_70_77"",""college_ovr_min"":""70"",""college_ovr_max"":""77"",""nfl_rookie_ovr_min"":""57"",""nfl_rookie_ovr_max"":""65"",""nfl_potential_min"":""74"",""nfl_potential_max"":""88"",""translation_uncertainty_sigma"":""0.12"",""readiness_tag"":""premium_day_one"",""rare_exception_allowed"":""yes"",""notes"":""Linebackers need processing/speed fit; mid-round value is more plausible than at premium positions.""}"
draft_translation,college_to_nfl_rating_translation.csv,college_to_nfl_rating_translation,runtime_tuning,631,LB,"{""position_group"":""LB"",""draft_capital_tier"":""top_10"",""pick_min"":""6"",""pick_max"":""10"",""college_band"":""college_60_69"",""college_ovr_min"":""60"",""college_ovr_max"":""69"",""nfl_rookie_ovr_min"":""49"",""nfl_rookie_ovr_max"":""56"",""nfl_potential_min"":""71"",""nfl_potential_max"":""85"",""translation_uncertainty_sigma"":""0.12"",""readiness_tag"":""premium_day_one"",""rare_exception_allowed"":""yes"",""notes"":""Linebackers need processing/speed fit; mid-round value is more plausible than at premium positions.""}"
draft_translation,college_to_nfl_rating_translation.csv,college_to_nfl_rating_translation,runtime_tuning,632,LB,"{""position_group"":""LB"",""draft_capital_tier"":""top_10"",""pick_min"":""6"",""pick_max"":""10"",""college_band"":""college_below_60"",""college_ovr_min"":""1"",""college_ovr_max"":""59"",""nfl_rookie_ovr_min"":""42"",""nfl_rookie_ovr_max"":""49"",""nfl_potential_min"":""67"",""nfl_potential_max"":""81"",""translation_uncertainty_sigma"":""0.12"",""readiness_tag"":""premium_day_one"",""rare_exception_allowed"":""yes"",""notes"":""Linebackers need processing/speed fit; mid-round value is more plausible than at premium positions.""}"
draft_translation,college_to_nfl_rating_translation.csv,college_to_nfl_rating_translation,runtime_tuning,633,LB,"{""position_group"":""LB"",""draft_capital_tier"":""round1_early_mid"",""pick_min"":""11"",""pick_max"":""20"",""college_band"":""college_98_99"",""college_ovr_min"":""98"",""college_ovr_max"":""99"",""nfl_rookie_ovr_min"":""72"",""nfl_rookie_ovr_max"":""81"",""nfl_potential_min"":""81"",""nfl_potential_max"":""95"",""translation_uncertainty_sigma"":""0.11"",""readiness_tag"":""day_one_compete"",""rare_exception_allowed"":""yes"",""notes"":""Linebackers need processing/speed fit; mid-round value is more plausible than at premium positions.""}"
draft_translation,college_to_nfl_rating_translation.csv,college_to_nfl_rating_translation,runtime_tuning,634,LB,"{""position_group"":""LB"",""draft_capital_tier"":""round1_early_mid"",""pick_min"":""11"",""pick_max"":""20"",""college_band"":""college_95_97"",""college_ovr_min"":""95"",""college_ovr_max"":""97"",""nfl_rookie_ovr_min"":""70"",""nfl_rookie_ovr_max"":""79"",""nfl_potential_min"":""80"",""nfl_potential_max"":""94"",""translation_uncertainty_sigma"":""0.11"",""readiness_tag"":""day_one_compete"",""rare_exception_allowed"":""yes"",""notes"":""Linebackers need processing/speed fit; mid-round value is more plausible than at premium positions.""}"
draft_translation,college_to_nfl_rating_translation.csv,college_to_nfl_rating_translation,runtime_tuning,635,LB,"{""position_group"":""LB"",""draft_capital_tier"":""round1_early_mid"",""pick_min"":""11"",""pick_max"":""20"",""college_band"":""college_90_94"",""college_ovr_min"":""90"",""college_ovr_max"":""94"",""nfl_rookie_ovr_min"":""68"",""nfl_rookie_ovr_max"":""77"",""nfl_potential_min"":""79"",""nfl_potential_max"":""93"",""translation_uncertainty_sigma"":""0.11"",""readiness_tag"":""day_one_compete"",""rare_exception_allowed"":""yes"",""notes"":""Linebackers need processing/speed fit; mid-round value is more plausible than at premium positions.""}"
draft_translation,college_to_nfl_rating_translation.csv,college_to_nfl_rating_translation,runtime_tuning,636,LB,"{""position_group"":""LB"",""draft_capital_tier"":""round1_early_mid"",""pick_min"":""11"",""pick_max"":""20"",""college_band"":""college_84_89"",""college_ovr_min"":""84"",""college_ovr_max"":""89"",""nfl_rookie_ovr_min"":""65"",""nfl_rookie_ovr_max"":""74"",""nfl_potential_min"":""77"",""nfl_potential_max"":""91"",""translation_uncertainty_sigma"":""0.11"",""readiness_tag"":""day_one_compete"",""rare_exception_allowed"":""yes"",""notes"":""Linebackers need processing/speed fit; mid-round value is more plausible than at premium positions.""}"
draft_translation,college_to_nfl_rating_translation.csv,college_to_nfl_rating_translation,runtime_tuning,637,LB,"{""position_group"":""LB"",""draft_capital_tier"":""round1_early_mid"",""pick_min"":""11"",""pick_max"":""20"",""college_band"":""college_78_83"",""college_ovr_min"":""78"",""college_ovr_max"":""83"",""nfl_rookie_ovr_min"":""61"",""nfl_rookie_ovr_max"":""70"",""nfl_potential_min"":""75"",""nfl_potential_max"":""89"",""translation_uncertainty_sigma"":""0.11"",""readiness_tag"":""day_one_compete"",""rare_exception_allowed"":""yes"",""notes"":""Linebackers need processing/speed fit; mid-round value is more plausible than at premium positions.""}"
draft_translation,college_to_nfl_rating_translation.csv,college_to_nfl_rating_translation,runtime_tuning,638,LB,"{""position_group"":""LB"",""draft_capital_tier"":""round1_early_mid"",""pick_min"":""11"",""pick_max"":""20"",""college_band"":""college_70_77"",""college_ovr_min"":""70"",""college_ovr_max"":""77"",""nfl_rookie_ovr_min"":""55"",""nfl_rookie_ovr_max"":""63"",""nfl_potential_min"":""72"",""nfl_potential_max"":""86"",""translation_uncertainty_sigma"":""0.13"",""readiness_tag"":""day_one_compete"",""rare_exception_allowed"":""yes"",""notes"":""Linebackers need processing/speed fit; mid-round value is more plausible than at premium positions.""}"
draft_translation,college_to_nfl_rating_translation.csv,college_to_nfl_rating_translation,runtime_tuning,639,LB,"{""position_group"":""LB"",""draft_capital_tier"":""round1_early_mid"",""pick_min"":""11"",""pick_max"":""20"",""college_band"":""college_60_69"",""college_ovr_min"":""60"",""college_ovr_max"":""69"",""nfl_rookie_ovr_min"":""47"",""nfl_rookie_ovr_max"":""54"",""nfl_potential_min"":""69"",""nfl_potential_max"":""83"",""translation_uncertainty_sigma"":""0.13"",""readiness_tag"":""day_one_compete"",""rare_exception_allowed"":""yes"",""notes"":""Linebackers need processing/speed fit; mid-round value is more plausible than at premium positions.""}"
draft_translation,college_to_nfl_rating_translation.csv,college_to_nfl_rating_translation,runtime_tuning,640,LB,"{""position_group"":""LB"",""draft_capital_tier"":""round1_early_mid"",""pick_min"":""11"",""pick_max"":""20"",""college_band"":""college_below_60"",""college_ovr_min"":""1"",""college_ovr_max"":""59"",""nfl_rookie_ovr_min"":""40"",""nfl_rookie_ovr_max"":""47"",""nfl_potential_min"":""65"",""nfl_potential_max"":""79"",""translation_uncertainty_sigma"":""0.13"",""readiness_tag"":""day_one_compete"",""rare_exception_allowed"":""yes"",""notes"":""Linebackers need processing/speed fit; mid-round value is more plausible than at premium positions.""}"
draft_translation,college_to_nfl_rating_translation.csv,college_to_nfl_rating_translation,runtime_tuning,641,LB,"{""position_group"":""LB"",""draft_capital_tier"":""round1_late"",""pick_min"":""21"",""pick_max"":""32"",""college_band"":""college_98_99"",""college_ovr_min"":""98"",""college_ovr_max"":""99"",""nfl_rookie_ovr_min"":""70"",""nfl_rookie_ovr_max"":""79"",""nfl_potential_min"":""80"",""nfl_potential_max"":""94"",""translation_uncertainty_sigma"":""0.12"",""readiness_tag"":""day_one_compete"",""rare_exception_allowed"":""limited"",""notes"":""Linebackers need processing/speed fit; mid-round value is more plausible than at premium positions.""}"
draft_translation,college_to_nfl_rating_translation.csv,college_to_nfl_rating_translation,runtime_tuning,642,LB,"{""position_group"":""LB"",""draft_capital_tier"":""round1_late"",""pick_min"":""21"",""pick_max"":""32"",""college_band"":""college_95_97"",""college_ovr_min"":""95"",""college_ovr_max"":""97"",""nfl_rookie_ovr_min"":""68"",""nfl_rookie_ovr_max"":""77"",""nfl_potential_min"":""79"",""nfl_potential_max"":""93"",""translation_uncertainty_sigma"":""0.12"",""readiness_tag"":""day_one_compete"",""rare_exception_allowed"":""limited"",""notes"":""Linebackers need processing/speed fit; mid-round value is more plausible than at premium positions.""}"
draft_translation,college_to_nfl_rating_translation.csv,college_to_nfl_rating_translation,runtime_tuning,643,LB,"{""position_group"":""LB"",""draft_capital_tier"":""round1_late"",""pick_min"":""21"",""pick_max"":""32"",""college_band"":""college_90_94"",""college_ovr_min"":""90"",""college_ovr_max"":""94"",""nfl_rookie_ovr_min"":""66"",""nfl_rookie_ovr_max"":""75"",""nfl_potential_min"":""78"",""nfl_potential_max"":""92"",""translation_uncertainty_sigma"":""0.12"",""readiness_tag"":""day_one_compete"",""rare_exception_allowed"":""limited"",""notes"":""Linebackers need processing/speed fit; mid-round value is more plausible than at premium positions.""}"
draft_translation,college_to_nfl_rating_translation.csv,college_to_nfl_rating_translation,runtime_tuning,644,LB,"{""position_group"":""LB"",""draft_capital_tier"":""round1_late"",""pick_min"":""21"",""pick_max"":""32"",""college_band"":""college_84_89"",""college_ovr_min"":""84"",""college_ovr_max"":""89"",""nfl_rookie_ovr_min"":""63"",""nfl_rookie_ovr_max"":""72"",""nfl_potential_min"":""76"",""nfl_potential_max"":""90"",""translation_uncertainty_sigma"":""0.12"",""readiness_tag"":""day_one_compete"",""rare_exception_allowed"":""limited"",""notes"":""Linebackers need processing/speed fit; mid-round value is more plausible than at premium positions.""}"
draft_translation,college_to_nfl_rating_translation.csv,college_to_nfl_rating_translation,runtime_tuning,645,LB,"{""position_group"":""LB"",""draft_capital_tier"":""round1_late"",""pick_min"":""21"",""pick_max"":""32"",""college_band"":""college_78_83"",""college_ovr_min"":""78"",""college_ovr_max"":""83"",""nfl_rookie_ovr_min"":""59"",""nfl_rookie_ovr_max"":""68"",""nfl_potential_min"":""74"",""nfl_potential_max"":""88"",""translation_uncertainty_sigma"":""0.12"",""readiness_tag"":""day_one_compete"",""rare_exception_allowed"":""limited"",""notes"":""Linebackers need processing/speed fit; mid-round value is more plausible than at premium positions.""}"
draft_translation,college_to_nfl_rating_translation.csv,college_to_nfl_rating_translation,runtime_tuning,646,LB,"{""position_group"":""LB"",""draft_capital_tier"":""round1_late"",""pick_min"":""21"",""pick_max"":""32"",""college_band"":""college_70_77"",""college_ovr_min"":""70"",""college_ovr_max"":""77"",""nfl_rookie_ovr_min"":""53"",""nfl_rookie_ovr_max"":""61"",""nfl_potential_min"":""71"",""nfl_potential_max"":""85"",""translation_uncertainty_sigma"":""0.14"",""readiness_tag"":""day_one_compete"",""rare_exception_allowed"":""limited"",""notes"":""Linebackers need processing/speed fit; mid-round value is more plausible than at premium positions.""}"
draft_translation,college_to_nfl_rating_translation.csv,college_to_nfl_rating_translation,runtime_tuning,647,LB,"{""position_group"":""LB"",""draft_capital_tier"":""round1_late"",""pick_min"":""21"",""pick_max"":""32"",""college_band"":""college_60_69"",""college_ovr_min"":""60"",""college_ovr_max"":""69"",""nfl_rookie_ovr_min"":""45"",""nfl_rookie_ovr_max"":""52"",""nfl_potential_min"":""68"",""nfl_potential_max"":""82"",""translation_uncertainty_sigma"":""0.14"",""readiness_tag"":""day_one_compete"",""rare_exception_allowed"":""limited"",""notes"":""Linebackers need processing/speed fit; mid-round value is more plausible than at premium positions.""}"
draft_translation,college_to_nfl_rating_translation.csv,college_to_nfl_rating_translation,runtime_tuning,648,LB,"{""position_group"":""LB"",""draft_capital_tier"":""round1_late"",""pick_min"":""21"",""pick_max"":""32"",""college_band"":""college_below_60"",""college_ovr_min"":""1"",""college_ovr_max"":""59"",""nfl_rookie_ovr_min"":""38"",""nfl_rookie_ovr_max"":""45"",""nfl_potential_min"":""64"",""nfl_potential_max"":""78"",""translation_uncertainty_sigma"":""0.14"",""readiness_tag"":""day_one_compete"",""rare_exception_allowed"":""limited"",""notes"":""Linebackers need processing/speed fit; mid-round value is more plausible than at premium positions.""}"
draft_translation,college_to_nfl_rating_translation.csv,college_to_nfl_rating_translation,runtime_tuning,649,LB,"{""position_group"":""LB"",""draft_capital_tier"":""round2"",""pick_min"":""33"",""pick_max"":""64"",""college_band"":""college_98_99"",""college_ovr_min"":""98"",""college_ovr_max"":""99"",""nfl_rookie_ovr_min"":""67"",""nfl_rookie_ovr_max"":""76"",""nfl_potential_min"":""78"",""nfl_potential_max"":""92"",""translation_uncertainty_sigma"":""0.14"",""readiness_tag"":""rotation_early"",""rare_exception_allowed"":""limited"",""notes"":""Linebackers need processing/speed fit; mid-round value is more plausible than at premium positions.""}"
draft_translation,college_to_nfl_rating_translation.csv,college_to_nfl_rating_translation,runtime_tuning,650,LB,"{""position_group"":""LB"",""draft_capital_tier"":""round2"",""pick_min"":""33"",""pick_max"":""64"",""college_band"":""college_95_97"",""college_ovr_min"":""95"",""college_ovr_max"":""97"",""nfl_rookie_ovr_min"":""65"",""nfl_rookie_ovr_max"":""74"",""nfl_potential_min"":""77"",""nfl_potential_max"":""91"",""translation_uncertainty_sigma"":""0.14"",""readiness_tag"":""rotation_early"",""rare_exception_allowed"":""limited"",""notes"":""Linebackers need processing/speed fit; mid-round value is more plausible than at premium positions.""}"
draft_translation,college_to_nfl_rating_translation.csv,college_to_nfl_rating_translation,runtime_tuning,651,LB,"{""position_group"":""LB"",""draft_capital_tier"":""round2"",""pick_min"":""33"",""pick_max"":""64"",""college_band"":""college_90_94"",""college_ovr_min"":""90"",""college_ovr_max"":""94"",""nfl_rookie_ovr_min"":""63"",""nfl_rookie_ovr_max"":""72"",""nfl_potential_min"":""76"",""nfl_potential_max"":""90"",""translation_uncertainty_sigma"":""0.14"",""readiness_tag"":""rotation_early"",""rare_exception_allowed"":""limited"",""notes"":""Linebackers need processing/speed fit; mid-round value is more plausible than at premium positions.""}"
draft_translation,college_to_nfl_rating_translation.csv,college_to_nfl_rating_translation,runtime_tuning,652,LB,"{""position_group"":""LB"",""draft_capital_tier"":""round2"",""pick_min"":""33"",""pick_max"":""64"",""college_band"":""college_84_89"",""college_ovr_min"":""84"",""college_ovr_max"":""89"",""nfl_rookie_ovr_min"":""60"",""nfl_rookie_ovr_max"":""69"",""nfl_potential_min"":""74"",""nfl_potential_max"":""88"",""translation_uncertainty_sigma"":""0.14"",""readiness_tag"":""rotation_early"",""rare_exception_allowed"":""limited"",""notes"":""Linebackers need processing/speed fit; mid-round value is more plausible than at premium positions.""}"
draft_translation,college_to_nfl_rating_translation.csv,college_to_nfl_rating_translation,runtime_tuning,653,LB,"{""position_group"":""LB"",""draft_capital_tier"":""round2"",""pick_min"":""33"",""pick_max"":""64"",""college_band"":""college_78_83"",""college_ovr_min"":""78"",""college_ovr_max"":""83"",""nfl_rookie_ovr_min"":""56"",""nfl_rookie_ovr_max"":""65"",""nfl_potential_min"":""72"",""nfl_potential_max"":""86"",""translation_uncertainty_sigma"":""0.14"",""readiness_tag"":""rotation_early"",""rare_exception_allowed"":""limited"",""notes"":""Linebackers need processing/speed fit; mid-round value is more plausible than at premium positions.""}"
draft_translation,college_to_nfl_rating_translation.csv,college_to_nfl_rating_translation,runtime_tuning,654,LB,"{""position_group"":""LB"",""draft_capital_tier"":""round2"",""pick_min"":""33"",""pick_max"":""64"",""college_band"":""college_70_77"",""college_ovr_min"":""70"",""college_ovr_max"":""77"",""nfl_rookie_ovr_min"":""50"",""nfl_rookie_ovr_max"":""58"",""nfl_potential_min"":""69"",""nfl_potential_max"":""83"",""translation_uncertainty_sigma"":""0.16"",""readiness_tag"":""rotation_early"",""rare_exception_allowed"":""limited"",""notes"":""Linebackers need processing/speed fit; mid-round value is more plausible than at premium positions.""}"
draft_translation,college_to_nfl_rating_translation.csv,college_to_nfl_rating_translation,runtime_tuning,655,LB,"{""position_group"":""LB"",""draft_capital_tier"":""round2"",""pick_min"":""33"",""pick_max"":""64"",""college_band"":""college_60_69"",""college_ovr_min"":""60"",""college_ovr_max"":""69"",""nfl_rookie_ovr_min"":""42"",""nfl_rookie_ovr_max"":""49"",""nfl_potential_min"":""66"",""nfl_potential_max"":""80"",""translation_uncertainty_sigma"":""0.16"",""readiness_tag"":""rotation_early"",""rare_exception_allowed"":""limited"",""notes"":""Linebackers need processing/speed fit; mid-round value is more plausible than at premium positions.""}"
draft_translation,college_to_nfl_rating_translation.csv,college_to_nfl_rating_translation,runtime_tuning,656,LB,"{""position_group"":""LB"",""draft_capital_tier"":""round2"",""pick_min"":""33"",""pick_max"":""64"",""college_band"":""college_below_60"",""college_ovr_min"":""1"",""college_ovr_max"":""59"",""nfl_rookie_ovr_min"":""36"",""nfl_rookie_ovr_max"":""42"",""nfl_potential_min"":""62"",""nfl_potential_max"":""76"",""translation_uncertainty_sigma"":""0.16"",""readiness_tag"":""rotation_early"",""rare_exception_allowed"":""limited"",""notes"":""Linebackers need processing/speed fit; mid-round value is more plausible than at premium positions.""}"
draft_translation,college_to_nfl_rating_translation.csv,college_to_nfl_rating_translation,runtime_tuning,657,LB,"{""position_group"":""LB"",""draft_capital_tier"":""round3"",""pick_min"":""65"",""pick_max"":""100"",""college_band"":""college_98_99"",""college_ovr_min"":""98"",""college_ovr_max"":""99"",""nfl_rookie_ovr_min"":""64"",""nfl_rookie_ovr_max"":""73"",""nfl_potential_min"":""76"",""nfl_potential_max"":""90"",""translation_uncertainty_sigma"":""0.17"",""readiness_tag"":""rotation_development"",""rare_exception_allowed"":""limited"",""notes"":""Linebackers need processing/speed fit; mid-round value is more plausible than at premium positions.""}"
draft_translation,college_to_nfl_rating_translation.csv,college_to_nfl_rating_translation,runtime_tuning,658,LB,"{""position_group"":""LB"",""draft_capital_tier"":""round3"",""pick_min"":""65"",""pick_max"":""100"",""college_band"":""college_95_97"",""college_ovr_min"":""95"",""college_ovr_max"":""97"",""nfl_rookie_ovr_min"":""62"",""nfl_rookie_ovr_max"":""71"",""nfl_potential_min"":""75"",""nfl_potential_max"":""89"",""translation_uncertainty_sigma"":""0.17"",""readiness_tag"":""rotation_development"",""rare_exception_allowed"":""limited"",""notes"":""Linebackers need processing/speed fit; mid-round value is more plausible than at premium positions.""}"
draft_translation,college_to_nfl_rating_translation.csv,college_to_nfl_rating_translation,runtime_tuning,659,LB,"{""position_group"":""LB"",""draft_capital_tier"":""round3"",""pick_min"":""65"",""pick_max"":""100"",""college_band"":""college_90_94"",""college_ovr_min"":""90"",""college_ovr_max"":""94"",""nfl_rookie_ovr_min"":""60"",""nfl_rookie_ovr_max"":""69"",""nfl_potential_min"":""74"",""nfl_potential_max"":""88"",""translation_uncertainty_sigma"":""0.17"",""readiness_tag"":""rotation_development"",""rare_exception_allowed"":""limited"",""notes"":""Linebackers need processing/speed fit; mid-round value is more plausible than at premium positions.""}"
draft_translation,college_to_nfl_rating_translation.csv,college_to_nfl_rating_translation,runtime_tuning,660,LB,"{""position_group"":""LB"",""draft_capital_tier"":""round3"",""pick_min"":""65"",""pick_max"":""100"",""college_band"":""college_84_89"",""college_ovr_min"":""84"",""college_ovr_max"":""89"",""nfl_rookie_ovr_min"":""57"",""nfl_rookie_ovr_max"":""66"",""nfl_potential_min"":""72"",""nfl_potential_max"":""86"",""translation_uncertainty_sigma"":""0.17"",""readiness_tag"":""rotation_development"",""rare_exception_allowed"":""limited"",""notes"":""Linebackers need processing/speed fit; mid-round value is more plausible than at premium positions.""}"
draft_translation,college_to_nfl_rating_translation.csv,college_to_nfl_rating_translation,runtime_tuning,661,LB,"{""position_group"":""LB"",""draft_capital_tier"":""round3"",""pick_min"":""65"",""pick_max"":""100"",""college_band"":""college_78_83"",""college_ovr_min"":""78"",""college_ovr_max"":""83"",""nfl_rookie_ovr_min"":""53"",""nfl_rookie_ovr_max"":""62"",""nfl_potential_min"":""70"",""nfl_potential_max"":""84"",""translation_uncertainty_sigma"":""0.17"",""readiness_tag"":""rotation_development"",""rare_exception_allowed"":""limited"",""notes"":""Linebackers need processing/speed fit; mid-round value is more plausible than at premium positions.""}"
draft_translation,college_to_nfl_rating_translation.csv,college_to_nfl_rating_translation,runtime_tuning,662,LB,"{""position_group"":""LB"",""draft_capital_tier"":""round3"",""pick_min"":""65"",""pick_max"":""100"",""college_band"":""college_70_77"",""college_ovr_min"":""70"",""college_ovr_max"":""77"",""nfl_rookie_ovr_min"":""47"",""nfl_rookie_ovr_max"":""55"",""nfl_potential_min"":""67"",""nfl_potential_max"":""81"",""translation_uncertainty_sigma"":""0.19"",""readiness_tag"":""rotation_development"",""rare_exception_allowed"":""limited"",""notes"":""Linebackers need processing/speed fit; mid-round value is more plausible than at premium positions.""}"
draft_translation,college_to_nfl_rating_translation.csv,college_to_nfl_rating_translation,runtime_tuning,663,LB,"{""position_group"":""LB"",""draft_capital_tier"":""round3"",""pick_min"":""65"",""pick_max"":""100"",""college_band"":""college_60_69"",""college_ovr_min"":""60"",""college_ovr_max"":""69"",""nfl_rookie_ovr_min"":""39"",""nfl_rookie_ovr_max"":""46"",""nfl_potential_min"":""64"",""nfl_potential_max"":""78"",""translation_uncertainty_sigma"":""0.19"",""readiness_tag"":""rotation_development"",""rare_exception_allowed"":""limited"",""notes"":""Linebackers need processing/speed fit; mid-round value is more plausible than at premium positions.""}"
draft_translation,college_to_nfl_rating_translation.csv,college_to_nfl_rating_translation,runtime_tuning,664,LB,"{""position_group"":""LB"",""draft_capital_tier"":""round3"",""pick_min"":""65"",""pick_max"":""100"",""college_band"":""college_below_60"",""college_ovr_min"":""1"",""college_ovr_max"":""59"",""nfl_rookie_ovr_min"":""36"",""nfl_rookie_ovr_max"":""39"",""nfl_potential_min"":""60"",""nfl_potential_max"":""74"",""translation_uncertainty_sigma"":""0.19"",""readiness_tag"":""rotation_development"",""rare_exception_allowed"":""limited"",""notes"":""Linebackers need processing/speed fit; mid-round value is more plausible than at premium positions.""}"
draft_translation,college_to_nfl_rating_translation.csv,college_to_nfl_rating_translation,runtime_tuning,665,LB,"{""position_group"":""LB"",""draft_capital_tier"":""round4"",""pick_min"":""101"",""pick_max"":""140"",""college_band"":""college_98_99"",""college_ovr_min"":""98"",""college_ovr_max"":""99"",""nfl_rookie_ovr_min"":""61"",""nfl_rookie_ovr_max"":""70"",""nfl_potential_min"":""74"",""nfl_potential_max"":""88"",""translation_uncertainty_sigma"":""0.19"",""readiness_tag"":""depth_development"",""rare_exception_allowed"":""limited"",""notes"":""Linebackers need processing/speed fit; mid-round value is more plausible than at premium positions.""}"
draft_translation,college_to_nfl_rating_translation.csv,college_to_nfl_rating_translation,runtime_tuning,666,LB,"{""position_group"":""LB"",""draft_capital_tier"":""round4"",""pick_min"":""101"",""pick_max"":""140"",""college_band"":""college_95_97"",""college_ovr_min"":""95"",""college_ovr_max"":""97"",""nfl_rookie_ovr_min"":""59"",""nfl_rookie_ovr_max"":""68"",""nfl_potential_min"":""73"",""nfl_potential_max"":""87"",""translation_uncertainty_sigma"":""0.19"",""readiness_tag"":""depth_development"",""rare_exception_allowed"":""limited"",""notes"":""Linebackers need processing/speed fit; mid-round value is more plausible than at premium positions.""}"
draft_translation,college_to_nfl_rating_translation.csv,college_to_nfl_rating_translation,runtime_tuning,667,LB,"{""position_group"":""LB"",""draft_capital_tier"":""round4"",""pick_min"":""101"",""pick_max"":""140"",""college_band"":""college_90_94"",""college_ovr_min"":""90"",""college_ovr_max"":""94"",""nfl_rookie_ovr_min"":""57"",""nfl_rookie_ovr_max"":""66"",""nfl_potential_min"":""72"",""nfl_potential_max"":""86"",""translation_uncertainty_sigma"":""0.19"",""readiness_tag"":""depth_development"",""rare_exception_allowed"":""limited"",""notes"":""Linebackers need processing/speed fit; mid-round value is more plausible than at premium positions.""}"
draft_translation,college_to_nfl_rating_translation.csv,college_to_nfl_rating_translation,runtime_tuning,668,LB,"{""position_group"":""LB"",""draft_capital_tier"":""round4"",""pick_min"":""101"",""pick_max"":""140"",""college_band"":""college_84_89"",""college_ovr_min"":""84"",""college_ovr_max"":""89"",""nfl_rookie_ovr_min"":""54"",""nfl_rookie_ovr_max"":""63"",""nfl_potential_min"":""70"",""nfl_potential_max"":""84"",""translation_uncertainty_sigma"":""0.19"",""readiness_tag"":""depth_development"",""rare_exception_allowed"":""limited"",""notes"":""Linebackers need processing/speed fit; mid-round value is more plausible than at premium positions.""}"
draft_translation,college_to_nfl_rating_translation.csv,college_to_nfl_rating_translation,runtime_tuning,669,LB,"{""position_group"":""LB"",""draft_capital_tier"":""round4"",""pick_min"":""101"",""pick_max"":""140"",""college_band"":""college_78_83"",""college_ovr_min"":""78"",""college_ovr_max"":""83"",""nfl_rookie_ovr_min"":""50"",""nfl_rookie_ovr_max"":""59"",""nfl_potential_min"":""68"",""nfl_potential_max"":""82"",""translation_uncertainty_sigma"":""0.19"",""readiness_tag"":""depth_development"",""rare_exception_allowed"":""limited"",""notes"":""Linebackers need processing/speed fit; mid-round value is more plausible than at premium positions.""}"
draft_translation,college_to_nfl_rating_translation.csv,college_to_nfl_rating_translation,runtime_tuning,670,LB,"{""position_group"":""LB"",""draft_capital_tier"":""round4"",""pick_min"":""101"",""pick_max"":""140"",""college_band"":""college_70_77"",""college_ovr_min"":""70"",""college_ovr_max"":""77"",""nfl_rookie_ovr_min"":""44"",""nfl_rookie_ovr_max"":""52"",""nfl_potential_min"":""65"",""nfl_potential_max"":""79"",""translation_uncertainty_sigma"":""0.21"",""readiness_tag"":""depth_development"",""rare_exception_allowed"":""limited"",""notes"":""Linebackers need processing/speed fit; mid-round value is more plausible than at premium positions.""}"
draft_translation,college_to_nfl_rating_translation.csv,college_to_nfl_rating_translation,runtime_tuning,671,LB,"{""position_group"":""LB"",""draft_capital_tier"":""round4"",""pick_min"":""101"",""pick_max"":""140"",""college_band"":""college_60_69"",""college_ovr_min"":""60"",""college_ovr_max"":""69"",""nfl_rookie_ovr_min"":""36"",""nfl_rookie_ovr_max"":""43"",""nfl_potential_min"":""62"",""nfl_potential_max"":""76"",""translation_uncertainty_sigma"":""0.21"",""readiness_tag"":""depth_development"",""rare_exception_allowed"":""limited"",""notes"":""Linebackers need processing/speed fit; mid-round value is more plausible than at premium positions.""}"
draft_translation,college_to_nfl_rating_translation.csv,college_to_nfl_rating_translation,runtime_tuning,672,LB,"{""position_group"":""LB"",""draft_capital_tier"":""round4"",""pick_min"":""101"",""pick_max"":""140"",""college_band"":""college_below_60"",""college_ovr_min"":""1"",""college_ovr_max"":""59"",""nfl_rookie_ovr_min"":""36"",""nfl_rookie_ovr_max"":""38"",""nfl_potential_min"":""58"",""nfl_potential_max"":""72"",""translation_uncertainty_sigma"":""0.21"",""readiness_tag"":""depth_development"",""rare_exception_allowed"":""limited"",""notes"":""Linebackers need processing/speed fit; mid-round value is more plausible than at premium positions.""}"
draft_translation,college_to_nfl_rating_translation.csv,college_to_nfl_rating_translation,runtime_tuning,673,LB,"{""position_group"":""LB"",""draft_capital_tier"":""round5"",""pick_min"":""141"",""pick_max"":""180"",""college_band"":""college_98_99"",""college_ovr_min"":""98"",""college_ovr_max"":""99"",""nfl_rookie_ovr_min"":""58"",""nfl_rookie_ovr_max"":""67"",""nfl_potential_min"":""72"",""nfl_potential_max"":""86"",""translation_uncertainty_sigma"":""0.21"",""readiness_tag"":""depth_development"",""rare_exception_allowed"":""limited"",""notes"":""Linebackers need processing/speed fit; mid-round value is more plausible than at premium positions.""}"
draft_translation,college_to_nfl_rating_translation.csv,college_to_nfl_rating_translation,runtime_tuning,674,LB,"{""position_group"":""LB"",""draft_capital_tier"":""round5"",""pick_min"":""141"",""pick_max"":""180"",""college_band"":""college_95_97"",""college_ovr_min"":""95"",""college_ovr_max"":""97"",""nfl_rookie_ovr_min"":""56"",""nfl_rookie_ovr_max"":""65"",""nfl_potential_min"":""71"",""nfl_potential_max"":""85"",""translation_uncertainty_sigma"":""0.21"",""readiness_tag"":""depth_development"",""rare_exception_allowed"":""limited"",""notes"":""Linebackers need processing/speed fit; mid-round value is more plausible than at premium positions.""}"
draft_translation,college_to_nfl_rating_translation.csv,college_to_nfl_rating_translation,runtime_tuning,675,LB,"{""position_group"":""LB"",""draft_capital_tier"":""round5"",""pick_min"":""141"",""pick_max"":""180"",""college_band"":""college_90_94"",""college_ovr_min"":""90"",""college_ovr_max"":""94"",""nfl_rookie_ovr_min"":""54"",""nfl_rookie_ovr_max"":""63"",""nfl_potential_min"":""70"",""nfl_potential_max"":""84"",""translation_uncertainty_sigma"":""0.21"",""readiness_tag"":""depth_development"",""rare_exception_allowed"":""limited"",""notes"":""Linebackers need processing/speed fit; mid-round value is more plausible than at premium positions.""}"
draft_translation,college_to_nfl_rating_translation.csv,college_to_nfl_rating_translation,runtime_tuning,676,LB,"{""position_group"":""LB"",""draft_capital_tier"":""round5"",""pick_min"":""141"",""pick_max"":""180"",""college_band"":""college_84_89"",""college_ovr_min"":""84"",""college_ovr_max"":""89"",""nfl_rookie_ovr_min"":""51"",""nfl_rookie_ovr_max"":""60"",""nfl_potential_min"":""68"",""nfl_potential_max"":""82"",""translation_uncertainty_sigma"":""0.21"",""readiness_tag"":""depth_development"",""rare_exception_allowed"":""limited"",""notes"":""Linebackers need processing/speed fit; mid-round value is more plausible than at premium positions.""}"
draft_translation,college_to_nfl_rating_translation.csv,college_to_nfl_rating_translation,runtime_tuning,677,LB,"{""position_group"":""LB"",""draft_capital_tier"":""round5"",""pick_min"":""141"",""pick_max"":""180"",""college_band"":""college_78_83"",""college_ovr_min"":""78"",""college_ovr_max"":""83"",""nfl_rookie_ovr_min"":""47"",""nfl_rookie_ovr_max"":""56"",""nfl_potential_min"":""66"",""nfl_potential_max"":""80"",""translation_uncertainty_sigma"":""0.21"",""readiness_tag"":""depth_development"",""rare_exception_allowed"":""limited"",""notes"":""Linebackers need processing/speed fit; mid-round value is more plausible than at premium positions.""}"
draft_translation,college_to_nfl_rating_translation.csv,college_to_nfl_rating_translation,runtime_tuning,678,LB,"{""position_group"":""LB"",""draft_capital_tier"":""round5"",""pick_min"":""141"",""pick_max"":""180"",""college_band"":""college_70_77"",""college_ovr_min"":""70"",""college_ovr_max"":""77"",""nfl_rookie_ovr_min"":""41"",""nfl_rookie_ovr_max"":""49"",""nfl_potential_min"":""63"",""nfl_potential_max"":""77"",""translation_uncertainty_sigma"":""0.23"",""readiness_tag"":""depth_development"",""rare_exception_allowed"":""limited"",""notes"":""Linebackers need processing/speed fit; mid-round value is more plausible than at premium positions.""}"
draft_translation,college_to_nfl_rating_translation.csv,college_to_nfl_rating_translation,runtime_tuning,679,LB,"{""position_group"":""LB"",""draft_capital_tier"":""round5"",""pick_min"":""141"",""pick_max"":""180"",""college_band"":""college_60_69"",""college_ovr_min"":""60"",""college_ovr_max"":""69"",""nfl_rookie_ovr_min"":""36"",""nfl_rookie_ovr_max"":""40"",""nfl_potential_min"":""60"",""nfl_potential_max"":""74"",""translation_uncertainty_sigma"":""0.23"",""readiness_tag"":""depth_development"",""rare_exception_allowed"":""limited"",""notes"":""Linebackers need processing/speed fit; mid-round value is more plausible than at premium positions.""}"
draft_translation,college_to_nfl_rating_translation.csv,college_to_nfl_rating_translation,runtime_tuning,680,LB,"{""position_group"":""LB"",""draft_capital_tier"":""round5"",""pick_min"":""141"",""pick_max"":""180"",""college_band"":""college_below_60"",""college_ovr_min"":""1"",""college_ovr_max"":""59"",""nfl_rookie_ovr_min"":""36"",""nfl_rookie_ovr_max"":""38"",""nfl_potential_min"":""56"",""nfl_potential_max"":""70"",""translation_uncertainty_sigma"":""0.23"",""readiness_tag"":""depth_development"",""rare_exception_allowed"":""limited"",""notes"":""Linebackers need processing/speed fit; mid-round value is more plausible than at premium positions.""}"
draft_translation,college_to_nfl_rating_translation.csv,college_to_nfl_rating_translation,runtime_tuning,681,LB,"{""position_group"":""LB"",""draft_capital_tier"":""round6_7"",""pick_min"":""181"",""pick_max"":""260"",""college_band"":""college_98_99"",""college_ovr_min"":""98"",""college_ovr_max"":""99"",""nfl_rookie_ovr_min"":""55"",""nfl_rookie_ovr_max"":""64"",""nfl_potential_min"":""69"",""nfl_potential_max"":""83"",""translation_uncertainty_sigma"":""0.24"",""readiness_tag"":""longshot_roster"",""rare_exception_allowed"":""limited"",""notes"":""Linebackers need processing/speed fit; mid-round value is more plausible than at premium positions.""}"
draft_translation,college_to_nfl_rating_translation.csv,college_to_nfl_rating_translation,runtime_tuning,682,LB,"{""position_group"":""LB"",""draft_capital_tier"":""round6_7"",""pick_min"":""181"",""pick_max"":""260"",""college_band"":""college_95_97"",""college_ovr_min"":""95"",""college_ovr_max"":""97"",""nfl_rookie_ovr_min"":""53"",""nfl_rookie_ovr_max"":""62"",""nfl_potential_min"":""68"",""nfl_potential_max"":""82"",""translation_uncertainty_sigma"":""0.24"",""readiness_tag"":""longshot_roster"",""rare_exception_allowed"":""limited"",""notes"":""Linebackers need processing/speed fit; mid-round value is more plausible than at premium positions.""}"
draft_translation,college_to_nfl_rating_translation.csv,college_to_nfl_rating_translation,runtime_tuning,683,LB,"{""position_group"":""LB"",""draft_capital_tier"":""round6_7"",""pick_min"":""181"",""pick_max"":""260"",""college_band"":""college_90_94"",""college_ovr_min"":""90"",""college_ovr_max"":""94"",""nfl_rookie_ovr_min"":""51"",""nfl_rookie_ovr_max"":""60"",""nfl_potential_min"":""67"",""nfl_potential_max"":""81"",""translation_uncertainty_sigma"":""0.24"",""readiness_tag"":""longshot_roster"",""rare_exception_allowed"":""limited"",""notes"":""Linebackers need processing/speed fit; mid-round value is more plausible than at premium positions.""}"
draft_translation,college_to_nfl_rating_translation.csv,college_to_nfl_rating_translation,runtime_tuning,684,LB,"{""position_group"":""LB"",""draft_capital_tier"":""round6_7"",""pick_min"":""181"",""pick_max"":""260"",""college_band"":""college_84_89"",""college_ovr_min"":""84"",""college_ovr_max"":""89"",""nfl_rookie_ovr_min"":""48"",""nfl_rookie_ovr_max"":""57"",""nfl_potential_min"":""65"",""nfl_potential_max"":""79"",""translation_uncertainty_sigma"":""0.24"",""readiness_tag"":""longshot_roster"",""rare_exception_allowed"":""limited"",""notes"":""Linebackers need processing/speed fit; mid-round value is more plausible than at premium positions.""}"
draft_translation,college_to_nfl_rating_translation.csv,college_to_nfl_rating_translation,runtime_tuning,685,LB,"{""position_group"":""LB"",""draft_capital_tier"":""round6_7"",""pick_min"":""181"",""pick_max"":""260"",""college_band"":""college_78_83"",""college_ovr_min"":""78"",""college_ovr_max"":""83"",""nfl_rookie_ovr_min"":""44"",""nfl_rookie_ovr_max"":""53"",""nfl_potential_min"":""63"",""nfl_potential_max"":""77"",""translation_uncertainty_sigma"":""0.24"",""readiness_tag"":""longshot_roster"",""rare_exception_allowed"":""limited"",""notes"":""Linebackers need processing/speed fit; mid-round value is more plausible than at premium positions.""}"
draft_translation,college_to_nfl_rating_translation.csv,college_to_nfl_rating_translation,runtime_tuning,686,LB,"{""position_group"":""LB"",""draft_capital_tier"":""round6_7"",""pick_min"":""181"",""pick_max"":""260"",""college_band"":""college_70_77"",""college_ovr_min"":""70"",""college_ovr_max"":""77"",""nfl_rookie_ovr_min"":""38"",""nfl_rookie_ovr_max"":""46"",""nfl_potential_min"":""60"",""nfl_potential_max"":""74"",""translation_uncertainty_sigma"":""0.26"",""readiness_tag"":""longshot_roster"",""rare_exception_allowed"":""limited"",""notes"":""Linebackers need processing/speed fit; mid-round value is more plausible than at premium positions.""}"
draft_translation,college_to_nfl_rating_translation.csv,college_to_nfl_rating_translation,runtime_tuning,687,LB,"{""position_group"":""LB"",""draft_capital_tier"":""round6_7"",""pick_min"":""181"",""pick_max"":""260"",""college_band"":""college_60_69"",""college_ovr_min"":""60"",""college_ovr_max"":""69"",""nfl_rookie_ovr_min"":""36"",""nfl_rookie_ovr_max"":""38"",""nfl_potential_min"":""57"",""nfl_potential_max"":""71"",""translation_uncertainty_sigma"":""0.26"",""readiness_tag"":""longshot_roster"",""rare_exception_allowed"":""limited"",""notes"":""Linebackers need processing/speed fit; mid-round value is more plausible than at premium positions.""}"
draft_translation,college_to_nfl_rating_translation.csv,college_to_nfl_rating_translation,runtime_tuning,688,LB,"{""position_group"":""LB"",""draft_capital_tier"":""round6_7"",""pick_min"":""181"",""pick_max"":""260"",""college_band"":""college_below_60"",""college_ovr_min"":""1"",""college_ovr_max"":""59"",""nfl_rookie_ovr_min"":""36"",""nfl_rookie_ovr_max"":""38"",""nfl_potential_min"":""53"",""nfl_potential_max"":""67"",""translation_uncertainty_sigma"":""0.26"",""readiness_tag"":""longshot_roster"",""rare_exception_allowed"":""limited"",""notes"":""Linebackers need processing/speed fit; mid-round value is more plausible than at premium positions.""}"
draft_translation,college_to_nfl_rating_translation.csv,college_to_nfl_rating_translation,runtime_tuning,689,LB,"{""position_group"":""LB"",""draft_capital_tier"":""priority_udfa"",""pick_min"":""261"",""pick_max"":""999"",""college_band"":""college_98_99"",""college_ovr_min"":""98"",""college_ovr_max"":""99"",""nfl_rookie_ovr_min"":""52"",""nfl_rookie_ovr_max"":""61"",""nfl_potential_min"":""67"",""nfl_potential_max"":""81"",""translation_uncertainty_sigma"":""0.27"",""readiness_tag"":""camp_compete"",""rare_exception_allowed"":""yes"",""notes"":""Linebackers need processing/speed fit; mid-round value is more plausible than at premium positions.""}"
draft_translation,college_to_nfl_rating_translation.csv,college_to_nfl_rating_translation,runtime_tuning,690,LB,"{""position_group"":""LB"",""draft_capital_tier"":""priority_udfa"",""pick_min"":""261"",""pick_max"":""999"",""college_band"":""college_95_97"",""college_ovr_min"":""95"",""college_ovr_max"":""97"",""nfl_rookie_ovr_min"":""50"",""nfl_rookie_ovr_max"":""59"",""nfl_potential_min"":""66"",""nfl_potential_max"":""80"",""translation_uncertainty_sigma"":""0.27"",""readiness_tag"":""camp_compete"",""rare_exception_allowed"":""yes"",""notes"":""Linebackers need processing/speed fit; mid-round value is more plausible than at premium positions.""}"
draft_translation,college_to_nfl_rating_translation.csv,college_to_nfl_rating_translation,runtime_tuning,691,LB,"{""position_group"":""LB"",""draft_capital_tier"":""priority_udfa"",""pick_min"":""261"",""pick_max"":""999"",""college_band"":""college_90_94"",""college_ovr_min"":""90"",""college_ovr_max"":""94"",""nfl_rookie_ovr_min"":""48"",""nfl_rookie_ovr_max"":""57"",""nfl_potential_min"":""65"",""nfl_potential_max"":""79"",""translation_uncertainty_sigma"":""0.27"",""readiness_tag"":""camp_compete"",""rare_exception_allowed"":""yes"",""notes"":""Linebackers need processing/speed fit; mid-round value is more plausible than at premium positions.""}"
draft_translation,college_to_nfl_rating_translation.csv,college_to_nfl_rating_translation,runtime_tuning,692,LB,"{""position_group"":""LB"",""draft_capital_tier"":""priority_udfa"",""pick_min"":""261"",""pick_max"":""999"",""college_band"":""college_84_89"",""college_ovr_min"":""84"",""college_ovr_max"":""89"",""nfl_rookie_ovr_min"":""45"",""nfl_rookie_ovr_max"":""54"",""nfl_potential_min"":""63"",""nfl_potential_max"":""77"",""translation_uncertainty_sigma"":""0.27"",""readiness_tag"":""camp_compete"",""rare_exception_allowed"":""yes"",""notes"":""Linebackers need processing/speed fit; mid-round value is more plausible than at premium positions.""}"
draft_translation,college_to_nfl_rating_translation.csv,college_to_nfl_rating_translation,runtime_tuning,693,LB,"{""position_group"":""LB"",""draft_capital_tier"":""priority_udfa"",""pick_min"":""261"",""pick_max"":""999"",""college_band"":""college_78_83"",""college_ovr_min"":""78"",""college_ovr_max"":""83"",""nfl_rookie_ovr_min"":""41"",""nfl_rookie_ovr_max"":""50"",""nfl_potential_min"":""61"",""nfl_potential_max"":""75"",""translation_uncertainty_sigma"":""0.27"",""readiness_tag"":""camp_compete"",""rare_exception_allowed"":""yes"",""notes"":""Linebackers need processing/speed fit; mid-round value is more plausible than at premium positions.""}"
draft_translation,college_to_nfl_rating_translation.csv,college_to_nfl_rating_translation,runtime_tuning,694,LB,"{""position_group"":""LB"",""draft_capital_tier"":""priority_udfa"",""pick_min"":""261"",""pick_max"":""999"",""college_band"":""college_70_77"",""college_ovr_min"":""70"",""college_ovr_max"":""77"",""nfl_rookie_ovr_min"":""36"",""nfl_rookie_ovr_max"":""43"",""nfl_potential_min"":""58"",""nfl_potential_max"":""72"",""translation_uncertainty_sigma"":""0.29"",""readiness_tag"":""camp_compete"",""rare_exception_allowed"":""yes"",""notes"":""Linebackers need processing/speed fit; mid-round value is more plausible than at premium positions.""}"
draft_translation,college_to_nfl_rating_translation.csv,college_to_nfl_rating_translation,runtime_tuning,695,LB,"{""position_group"":""LB"",""draft_capital_tier"":""priority_udfa"",""pick_min"":""261"",""pick_max"":""999"",""college_band"":""college_60_69"",""college_ovr_min"":""60"",""college_ovr_max"":""69"",""nfl_rookie_ovr_min"":""36"",""nfl_rookie_ovr_max"":""38"",""nfl_potential_min"":""55"",""nfl_potential_max"":""69"",""translation_uncertainty_sigma"":""0.29"",""readiness_tag"":""camp_compete"",""rare_exception_allowed"":""yes"",""notes"":""Linebackers need processing/speed fit; mid-round value is more plausible than at premium positions.""}"
draft_translation,college_to_nfl_rating_translation.csv,college_to_nfl_rating_translation,runtime_tuning,696,LB,"{""position_group"":""LB"",""draft_capital_tier"":""priority_udfa"",""pick_min"":""261"",""pick_max"":""999"",""college_band"":""college_below_60"",""college_ovr_min"":""1"",""college_ovr_max"":""59"",""nfl_rookie_ovr_min"":""36"",""nfl_rookie_ovr_max"":""38"",""nfl_potential_min"":""51"",""nfl_potential_max"":""65"",""translation_uncertainty_sigma"":""0.29"",""readiness_tag"":""camp_compete"",""rare_exception_allowed"":""yes"",""notes"":""Linebackers need processing/speed fit; mid-round value is more plausible than at premium positions.""}"
draft_translation,college_to_nfl_rating_translation.csv,college_to_nfl_rating_translation,runtime_tuning,697,LB,"{""position_group"":""LB"",""draft_capital_tier"":""camp_udfa"",""pick_min"":""1000"",""pick_max"":""9999"",""college_band"":""college_98_99"",""college_ovr_min"":""98"",""college_ovr_max"":""99"",""nfl_rookie_ovr_min"":""48"",""nfl_rookie_ovr_max"":""57"",""nfl_potential_min"":""64"",""nfl_potential_max"":""78"",""translation_uncertainty_sigma"":""0.3"",""readiness_tag"":""camp_body"",""rare_exception_allowed"":""limited"",""notes"":""Linebackers need processing/speed fit; mid-round value is more plausible than at premium positions.""}"
draft_translation,college_to_nfl_rating_translation.csv,college_to_nfl_rating_translation,runtime_tuning,698,LB,"{""position_group"":""LB"",""draft_capital_tier"":""camp_udfa"",""pick_min"":""1000"",""pick_max"":""9999"",""college_band"":""college_95_97"",""college_ovr_min"":""95"",""college_ovr_max"":""97"",""nfl_rookie_ovr_min"":""46"",""nfl_rookie_ovr_max"":""55"",""nfl_potential_min"":""63"",""nfl_potential_max"":""77"",""translation_uncertainty_sigma"":""0.3"",""readiness_tag"":""camp_body"",""rare_exception_allowed"":""limited"",""notes"":""Linebackers need processing/speed fit; mid-round value is more plausible than at premium positions.""}"
draft_translation,college_to_nfl_rating_translation.csv,college_to_nfl_rating_translation,runtime_tuning,699,LB,"{""position_group"":""LB"",""draft_capital_tier"":""camp_udfa"",""pick_min"":""1000"",""pick_max"":""9999"",""college_band"":""college_90_94"",""college_ovr_min"":""90"",""college_ovr_max"":""94"",""nfl_rookie_ovr_min"":""44"",""nfl_rookie_ovr_max"":""53"",""nfl_potential_min"":""62"",""nfl_potential_max"":""76"",""translation_uncertainty_sigma"":""0.3"",""readiness_tag"":""camp_body"",""rare_exception_allowed"":""limited"",""notes"":""Linebackers need processing/speed fit; mid-round value is more plausible than at premium positions.""}"
draft_translation,college_to_nfl_rating_translation.csv,college_to_nfl_rating_translation,runtime_tuning,700,LB,"{""position_group"":""LB"",""draft_capital_tier"":""camp_udfa"",""pick_min"":""1000"",""pick_max"":""9999"",""college_band"":""college_84_89"",""college_ovr_min"":""84"",""college_ovr_max"":""89"",""nfl_rookie_ovr_min"":""41"",""nfl_rookie_ovr_max"":""50"",""nfl_potential_min"":""60"",""nfl_potential_max"":""74"",""translation_uncertainty_sigma"":""0.3"",""readiness_tag"":""camp_body"",""rare_exception_allowed"":""limited"",""notes"":""Linebackers need processing/speed fit; mid-round value is more plausible than at premium positions.""}"
draft_translation,college_to_nfl_rating_translation.csv,college_to_nfl_rating_translation,runtime_tuning,701,LB,"{""position_group"":""LB"",""draft_capital_tier"":""camp_udfa"",""pick_min"":""1000"",""pick_max"":""9999"",""college_band"":""college_78_83"",""college_ovr_min"":""78"",""college_ovr_max"":""83"",""nfl_rookie_ovr_min"":""37"",""nfl_rookie_ovr_max"":""46"",""nfl_potential_min"":""58"",""nfl_potential_max"":""72"",""translation_uncertainty_sigma"":""0.3"",""readiness_tag"":""camp_body"",""rare_exception_allowed"":""limited"",""notes"":""Linebackers need processing/speed fit; mid-round value is more plausible than at premium positions.""}"
draft_translation,college_to_nfl_rating_translation.csv,college_to_nfl_rating_translation,runtime_tuning,702,LB,"{""position_group"":""LB"",""draft_capital_tier"":""camp_udfa"",""pick_min"":""1000"",""pick_max"":""9999"",""college_band"":""college_70_77"",""college_ovr_min"":""70"",""college_ovr_max"":""77"",""nfl_rookie_ovr_min"":""36"",""nfl_rookie_ovr_max"":""39"",""nfl_potential_min"":""55"",""nfl_potential_max"":""69"",""translation_uncertainty_sigma"":""0.32"",""readiness_tag"":""camp_body"",""rare_exception_allowed"":""limited"",""notes"":""Linebackers need processing/speed fit; mid-round value is more plausible than at premium positions.""}"
draft_translation,college_to_nfl_rating_translation.csv,college_to_nfl_rating_translation,runtime_tuning,703,LB,"{""position_group"":""LB"",""draft_capital_tier"":""camp_udfa"",""pick_min"":""1000"",""pick_max"":""9999"",""college_band"":""college_60_69"",""college_ovr_min"":""60"",""college_ovr_max"":""69"",""nfl_rookie_ovr_min"":""36"",""nfl_rookie_ovr_max"":""38"",""nfl_potential_min"":""52"",""nfl_potential_max"":""66"",""translation_uncertainty_sigma"":""0.32"",""readiness_tag"":""camp_body"",""rare_exception_allowed"":""limited"",""notes"":""Linebackers need processing/speed fit; mid-round value is more plausible than at premium positions.""}"
draft_translation,college_to_nfl_rating_translation.csv,college_to_nfl_rating_translation,runtime_tuning,704,LB,"{""position_group"":""LB"",""draft_capital_tier"":""camp_udfa"",""pick_min"":""1000"",""pick_max"":""9999"",""college_band"":""college_below_60"",""college_ovr_min"":""1"",""college_ovr_max"":""59"",""nfl_rookie_ovr_min"":""36"",""nfl_rookie_ovr_max"":""38"",""nfl_potential_min"":""48"",""nfl_potential_max"":""62"",""translation_uncertainty_sigma"":""0.32"",""readiness_tag"":""camp_body"",""rare_exception_allowed"":""limited"",""notes"":""Linebackers need processing/speed fit; mid-round value is more plausible than at premium positions.""}"
draft_translation,college_to_nfl_rating_translation.csv,college_to_nfl_rating_translation,runtime_tuning,705,CB,"{""position_group"":""CB"",""draft_capital_tier"":""top_5"",""pick_min"":""1"",""pick_max"":""5"",""college_band"":""college_98_99"",""college_ovr_min"":""98"",""college_ovr_max"":""99"",""nfl_rookie_ovr_min"":""75"",""nfl_rookie_ovr_max"":""85"",""nfl_potential_min"":""89"",""nfl_potential_max"":""99"",""translation_uncertainty_sigma"":""0.12"",""readiness_tag"":""premium_day_one"",""rare_exception_allowed"":""yes"",""notes"":""CB has high ceiling but large technique and mental variance.""}"
draft_translation,college_to_nfl_rating_translation.csv,college_to_nfl_rating_translation,runtime_tuning,706,CB,"{""position_group"":""CB"",""draft_capital_tier"":""top_5"",""pick_min"":""1"",""pick_max"":""5"",""college_band"":""college_95_97"",""college_ovr_min"":""95"",""college_ovr_max"":""97"",""nfl_rookie_ovr_min"":""73"",""nfl_rookie_ovr_max"":""83"",""nfl_potential_min"":""88"",""nfl_potential_max"":""99"",""translation_uncertainty_sigma"":""0.12"",""readiness_tag"":""premium_day_one"",""rare_exception_allowed"":""yes"",""notes"":""CB has high ceiling but large technique and mental variance.""}"
draft_translation,college_to_nfl_rating_translation.csv,college_to_nfl_rating_translation,runtime_tuning,707,CB,"{""position_group"":""CB"",""draft_capital_tier"":""top_5"",""pick_min"":""1"",""pick_max"":""5"",""college_band"":""college_90_94"",""college_ovr_min"":""90"",""college_ovr_max"":""94"",""nfl_rookie_ovr_min"":""71"",""nfl_rookie_ovr_max"":""81"",""nfl_potential_min"":""87"",""nfl_potential_max"":""99"",""translation_uncertainty_sigma"":""0.12"",""readiness_tag"":""premium_day_one"",""rare_exception_allowed"":""yes"",""notes"":""CB has high ceiling but large technique and mental variance.""}"
draft_translation,college_to_nfl_rating_translation.csv,college_to_nfl_rating_translation,runtime_tuning,708,CB,"{""position_group"":""CB"",""draft_capital_tier"":""top_5"",""pick_min"":""1"",""pick_max"":""5"",""college_band"":""college_84_89"",""college_ovr_min"":""84"",""college_ovr_max"":""89"",""nfl_rookie_ovr_min"":""68"",""nfl_rookie_ovr_max"":""78"",""nfl_potential_min"":""85"",""nfl_potential_max"":""99"",""translation_uncertainty_sigma"":""0.12"",""readiness_tag"":""premium_day_one"",""rare_exception_allowed"":""yes"",""notes"":""CB has high ceiling but large technique and mental variance.""}"
draft_translation,college_to_nfl_rating_translation.csv,college_to_nfl_rating_translation,runtime_tuning,709,CB,"{""position_group"":""CB"",""draft_capital_tier"":""top_5"",""pick_min"":""1"",""pick_max"":""5"",""college_band"":""college_78_83"",""college_ovr_min"":""78"",""college_ovr_max"":""83"",""nfl_rookie_ovr_min"":""64"",""nfl_rookie_ovr_max"":""74"",""nfl_potential_min"":""83"",""nfl_potential_max"":""98"",""translation_uncertainty_sigma"":""0.12"",""readiness_tag"":""premium_day_one"",""rare_exception_allowed"":""yes"",""notes"":""CB has high ceiling but large technique and mental variance.""}"
draft_translation,college_to_nfl_rating_translation.csv,college_to_nfl_rating_translation,runtime_tuning,710,CB,"{""position_group"":""CB"",""draft_capital_tier"":""top_5"",""pick_min"":""1"",""pick_max"":""5"",""college_band"":""college_70_77"",""college_ovr_min"":""70"",""college_ovr_max"":""77"",""nfl_rookie_ovr_min"":""58"",""nfl_rookie_ovr_max"":""67"",""nfl_potential_min"":""80"",""nfl_potential_max"":""95"",""translation_uncertainty_sigma"":""0.14"",""readiness_tag"":""premium_day_one"",""rare_exception_allowed"":""yes"",""notes"":""CB has high ceiling but large technique and mental variance.""}"
draft_translation,college_to_nfl_rating_translation.csv,college_to_nfl_rating_translation,runtime_tuning,711,CB,"{""position_group"":""CB"",""draft_capital_tier"":""top_5"",""pick_min"":""1"",""pick_max"":""5"",""college_band"":""college_60_69"",""college_ovr_min"":""60"",""college_ovr_max"":""69"",""nfl_rookie_ovr_min"":""50"",""nfl_rookie_ovr_max"":""58"",""nfl_potential_min"":""77"",""nfl_potential_max"":""92"",""translation_uncertainty_sigma"":""0.14"",""readiness_tag"":""premium_day_one"",""rare_exception_allowed"":""yes"",""notes"":""CB has high ceiling but large technique and mental variance.""}"
draft_translation,college_to_nfl_rating_translation.csv,college_to_nfl_rating_translation,runtime_tuning,712,CB,"{""position_group"":""CB"",""draft_capital_tier"":""top_5"",""pick_min"":""1"",""pick_max"":""5"",""college_band"":""college_below_60"",""college_ovr_min"":""1"",""college_ovr_max"":""59"",""nfl_rookie_ovr_min"":""43"",""nfl_rookie_ovr_max"":""51"",""nfl_potential_min"":""73"",""nfl_potential_max"":""88"",""translation_uncertainty_sigma"":""0.14"",""readiness_tag"":""premium_day_one"",""rare_exception_allowed"":""yes"",""notes"":""CB has high ceiling but large technique and mental variance.""}"
draft_translation,college_to_nfl_rating_translation.csv,college_to_nfl_rating_translation,runtime_tuning,713,CB,"{""position_group"":""CB"",""draft_capital_tier"":""top_10"",""pick_min"":""6"",""pick_max"":""10"",""college_band"":""college_98_99"",""college_ovr_min"":""98"",""college_ovr_max"":""99"",""nfl_rookie_ovr_min"":""73"",""nfl_rookie_ovr_max"":""83"",""nfl_potential_min"":""88"",""nfl_potential_max"":""99"",""translation_uncertainty_sigma"":""0.13"",""readiness_tag"":""premium_day_one"",""rare_exception_allowed"":""yes"",""notes"":""CB has high ceiling but large technique and mental variance.""}"
draft_translation,college_to_nfl_rating_translation.csv,college_to_nfl_rating_translation,runtime_tuning,714,CB,"{""position_group"":""CB"",""draft_capital_tier"":""top_10"",""pick_min"":""6"",""pick_max"":""10"",""college_band"":""college_95_97"",""college_ovr_min"":""95"",""college_ovr_max"":""97"",""nfl_rookie_ovr_min"":""71"",""nfl_rookie_ovr_max"":""81"",""nfl_potential_min"":""87"",""nfl_potential_max"":""99"",""translation_uncertainty_sigma"":""0.13"",""readiness_tag"":""premium_day_one"",""rare_exception_allowed"":""yes"",""notes"":""CB has high ceiling but large technique and mental variance.""}"
draft_translation,college_to_nfl_rating_translation.csv,college_to_nfl_rating_translation,runtime_tuning,715,CB,"{""position_group"":""CB"",""draft_capital_tier"":""top_10"",""pick_min"":""6"",""pick_max"":""10"",""college_band"":""college_90_94"",""college_ovr_min"":""90"",""college_ovr_max"":""94"",""nfl_rookie_ovr_min"":""69"",""nfl_rookie_ovr_max"":""79"",""nfl_potential_min"":""86"",""nfl_potential_max"":""99"",""translation_uncertainty_sigma"":""0.13"",""readiness_tag"":""premium_day_one"",""rare_exception_allowed"":""yes"",""notes"":""CB has high ceiling but large technique and mental variance.""}"
draft_translation,college_to_nfl_rating_translation.csv,college_to_nfl_rating_translation,runtime_tuning,716,CB,"{""position_group"":""CB"",""draft_capital_tier"":""top_10"",""pick_min"":""6"",""pick_max"":""10"",""college_band"":""college_84_89"",""college_ovr_min"":""84"",""college_ovr_max"":""89"",""nfl_rookie_ovr_min"":""66"",""nfl_rookie_ovr_max"":""76"",""nfl_potential_min"":""84"",""nfl_potential_max"":""99"",""translation_uncertainty_sigma"":""0.13"",""readiness_tag"":""premium_day_one"",""rare_exception_allowed"":""yes"",""notes"":""CB has high ceiling but large technique and mental variance.""}"
draft_translation,college_to_nfl_rating_translation.csv,college_to_nfl_rating_translation,runtime_tuning,717,CB,"{""position_group"":""CB"",""draft_capital_tier"":""top_10"",""pick_min"":""6"",""pick_max"":""10"",""college_band"":""college_78_83"",""college_ovr_min"":""78"",""college_ovr_max"":""83"",""nfl_rookie_ovr_min"":""62"",""nfl_rookie_ovr_max"":""72"",""nfl_potential_min"":""82"",""nfl_potential_max"":""97"",""translation_uncertainty_sigma"":""0.13"",""readiness_tag"":""premium_day_one"",""rare_exception_allowed"":""yes"",""notes"":""CB has high ceiling but large technique and mental variance.""}"
draft_translation,college_to_nfl_rating_translation.csv,college_to_nfl_rating_translation,runtime_tuning,718,CB,"{""position_group"":""CB"",""draft_capital_tier"":""top_10"",""pick_min"":""6"",""pick_max"":""10"",""college_band"":""college_70_77"",""college_ovr_min"":""70"",""college_ovr_max"":""77"",""nfl_rookie_ovr_min"":""56"",""nfl_rookie_ovr_max"":""65"",""nfl_potential_min"":""79"",""nfl_potential_max"":""94"",""translation_uncertainty_sigma"":""0.15"",""readiness_tag"":""premium_day_one"",""rare_exception_allowed"":""yes"",""notes"":""CB has high ceiling but large technique and mental variance.""}"
draft_translation,college_to_nfl_rating_translation.csv,college_to_nfl_rating_translation,runtime_tuning,719,CB,"{""position_group"":""CB"",""draft_capital_tier"":""top_10"",""pick_min"":""6"",""pick_max"":""10"",""college_band"":""college_60_69"",""college_ovr_min"":""60"",""college_ovr_max"":""69"",""nfl_rookie_ovr_min"":""48"",""nfl_rookie_ovr_max"":""56"",""nfl_potential_min"":""76"",""nfl_potential_max"":""91"",""translation_uncertainty_sigma"":""0.15"",""readiness_tag"":""premium_day_one"",""rare_exception_allowed"":""yes"",""notes"":""CB has high ceiling but large technique and mental variance.""}"
draft_translation,college_to_nfl_rating_translation.csv,college_to_nfl_rating_translation,runtime_tuning,720,CB,"{""position_group"":""CB"",""draft_capital_tier"":""top_10"",""pick_min"":""6"",""pick_max"":""10"",""college_band"":""college_below_60"",""college_ovr_min"":""1"",""college_ovr_max"":""59"",""nfl_rookie_ovr_min"":""41"",""nfl_rookie_ovr_max"":""49"",""nfl_potential_min"":""72"",""nfl_potential_max"":""87"",""translation_uncertainty_sigma"":""0.15"",""readiness_tag"":""premium_day_one"",""rare_exception_allowed"":""yes"",""notes"":""CB has high ceiling but large technique and mental variance.""}"
draft_translation,college_to_nfl_rating_translation.csv,college_to_nfl_rating_translation,runtime_tuning,721,CB,"{""position_group"":""CB"",""draft_capital_tier"":""round1_early_mid"",""pick_min"":""11"",""pick_max"":""20"",""college_band"":""college_98_99"",""college_ovr_min"":""98"",""college_ovr_max"":""99"",""nfl_rookie_ovr_min"":""71"",""nfl_rookie_ovr_max"":""81"",""nfl_potential_min"":""86"",""nfl_potential_max"":""99"",""translation_uncertainty_sigma"":""0.14"",""readiness_tag"":""day_one_compete"",""rare_exception_allowed"":""yes"",""notes"":""CB has high ceiling but large technique and mental variance.""}"
draft_translation,college_to_nfl_rating_translation.csv,college_to_nfl_rating_translation,runtime_tuning,722,CB,"{""position_group"":""CB"",""draft_capital_tier"":""round1_early_mid"",""pick_min"":""11"",""pick_max"":""20"",""college_band"":""college_95_97"",""college_ovr_min"":""95"",""college_ovr_max"":""97"",""nfl_rookie_ovr_min"":""69"",""nfl_rookie_ovr_max"":""79"",""nfl_potential_min"":""85"",""nfl_potential_max"":""99"",""translation_uncertainty_sigma"":""0.14"",""readiness_tag"":""day_one_compete"",""rare_exception_allowed"":""yes"",""notes"":""CB has high ceiling but large technique and mental variance.""}"
draft_translation,college_to_nfl_rating_translation.csv,college_to_nfl_rating_translation,runtime_tuning,723,CB,"{""position_group"":""CB"",""draft_capital_tier"":""round1_early_mid"",""pick_min"":""11"",""pick_max"":""20"",""college_band"":""college_90_94"",""college_ovr_min"":""90"",""college_ovr_max"":""94"",""nfl_rookie_ovr_min"":""67"",""nfl_rookie_ovr_max"":""77"",""nfl_potential_min"":""84"",""nfl_potential_max"":""99"",""translation_uncertainty_sigma"":""0.14"",""readiness_tag"":""day_one_compete"",""rare_exception_allowed"":""yes"",""notes"":""CB has high ceiling but large technique and mental variance.""}"
draft_translation,college_to_nfl_rating_translation.csv,college_to_nfl_rating_translation,runtime_tuning,724,CB,"{""position_group"":""CB"",""draft_capital_tier"":""round1_early_mid"",""pick_min"":""11"",""pick_max"":""20"",""college_band"":""college_84_89"",""college_ovr_min"":""84"",""college_ovr_max"":""89"",""nfl_rookie_ovr_min"":""64"",""nfl_rookie_ovr_max"":""74"",""nfl_potential_min"":""82"",""nfl_potential_max"":""97"",""translation_uncertainty_sigma"":""0.14"",""readiness_tag"":""day_one_compete"",""rare_exception_allowed"":""yes"",""notes"":""CB has high ceiling but large technique and mental variance.""}"
draft_translation,college_to_nfl_rating_translation.csv,college_to_nfl_rating_translation,runtime_tuning,725,CB,"{""position_group"":""CB"",""draft_capital_tier"":""round1_early_mid"",""pick_min"":""11"",""pick_max"":""20"",""college_band"":""college_78_83"",""college_ovr_min"":""78"",""college_ovr_max"":""83"",""nfl_rookie_ovr_min"":""60"",""nfl_rookie_ovr_max"":""70"",""nfl_potential_min"":""80"",""nfl_potential_max"":""95"",""translation_uncertainty_sigma"":""0.14"",""readiness_tag"":""day_one_compete"",""rare_exception_allowed"":""yes"",""notes"":""CB has high ceiling but large technique and mental variance.""}"
draft_translation,college_to_nfl_rating_translation.csv,college_to_nfl_rating_translation,runtime_tuning,726,CB,"{""position_group"":""CB"",""draft_capital_tier"":""round1_early_mid"",""pick_min"":""11"",""pick_max"":""20"",""college_band"":""college_70_77"",""college_ovr_min"":""70"",""college_ovr_max"":""77"",""nfl_rookie_ovr_min"":""54"",""nfl_rookie_ovr_max"":""63"",""nfl_potential_min"":""77"",""nfl_potential_max"":""92"",""translation_uncertainty_sigma"":""0.16"",""readiness_tag"":""day_one_compete"",""rare_exception_allowed"":""yes"",""notes"":""CB has high ceiling but large technique and mental variance.""}"
draft_translation,college_to_nfl_rating_translation.csv,college_to_nfl_rating_translation,runtime_tuning,727,CB,"{""position_group"":""CB"",""draft_capital_tier"":""round1_early_mid"",""pick_min"":""11"",""pick_max"":""20"",""college_band"":""college_60_69"",""college_ovr_min"":""60"",""college_ovr_max"":""69"",""nfl_rookie_ovr_min"":""46"",""nfl_rookie_ovr_max"":""54"",""nfl_potential_min"":""74"",""nfl_potential_max"":""89"",""translation_uncertainty_sigma"":""0.16"",""readiness_tag"":""day_one_compete"",""rare_exception_allowed"":""yes"",""notes"":""CB has high ceiling but large technique and mental variance.""}"
draft_translation,college_to_nfl_rating_translation.csv,college_to_nfl_rating_translation,runtime_tuning,728,CB,"{""position_group"":""CB"",""draft_capital_tier"":""round1_early_mid"",""pick_min"":""11"",""pick_max"":""20"",""college_band"":""college_below_60"",""college_ovr_min"":""1"",""college_ovr_max"":""59"",""nfl_rookie_ovr_min"":""39"",""nfl_rookie_ovr_max"":""47"",""nfl_potential_min"":""70"",""nfl_potential_max"":""85"",""translation_uncertainty_sigma"":""0.16"",""readiness_tag"":""day_one_compete"",""rare_exception_allowed"":""yes"",""notes"":""CB has high ceiling but large technique and mental variance.""}"
draft_translation,college_to_nfl_rating_translation.csv,college_to_nfl_rating_translation,runtime_tuning,729,CB,"{""position_group"":""CB"",""draft_capital_tier"":""round1_late"",""pick_min"":""21"",""pick_max"":""32"",""college_band"":""college_98_99"",""college_ovr_min"":""98"",""college_ovr_max"":""99"",""nfl_rookie_ovr_min"":""69"",""nfl_rookie_ovr_max"":""79"",""nfl_potential_min"":""85"",""nfl_potential_max"":""99"",""translation_uncertainty_sigma"":""0.15"",""readiness_tag"":""day_one_compete"",""rare_exception_allowed"":""limited"",""notes"":""CB has high ceiling but large technique and mental variance.""}"
draft_translation,college_to_nfl_rating_translation.csv,college_to_nfl_rating_translation,runtime_tuning,730,CB,"{""position_group"":""CB"",""draft_capital_tier"":""round1_late"",""pick_min"":""21"",""pick_max"":""32"",""college_band"":""college_95_97"",""college_ovr_min"":""95"",""college_ovr_max"":""97"",""nfl_rookie_ovr_min"":""67"",""nfl_rookie_ovr_max"":""77"",""nfl_potential_min"":""84"",""nfl_potential_max"":""99"",""translation_uncertainty_sigma"":""0.15"",""readiness_tag"":""day_one_compete"",""rare_exception_allowed"":""limited"",""notes"":""CB has high ceiling but large technique and mental variance.""}"
draft_translation,college_to_nfl_rating_translation.csv,college_to_nfl_rating_translation,runtime_tuning,731,CB,"{""position_group"":""CB"",""draft_capital_tier"":""round1_late"",""pick_min"":""21"",""pick_max"":""32"",""college_band"":""college_90_94"",""college_ovr_min"":""90"",""college_ovr_max"":""94"",""nfl_rookie_ovr_min"":""65"",""nfl_rookie_ovr_max"":""75"",""nfl_potential_min"":""83"",""nfl_potential_max"":""98"",""translation_uncertainty_sigma"":""0.15"",""readiness_tag"":""day_one_compete"",""rare_exception_allowed"":""limited"",""notes"":""CB has high ceiling but large technique and mental variance.""}"
draft_translation,college_to_nfl_rating_translation.csv,college_to_nfl_rating_translation,runtime_tuning,732,CB,"{""position_group"":""CB"",""draft_capital_tier"":""round1_late"",""pick_min"":""21"",""pick_max"":""32"",""college_band"":""college_84_89"",""college_ovr_min"":""84"",""college_ovr_max"":""89"",""nfl_rookie_ovr_min"":""62"",""nfl_rookie_ovr_max"":""72"",""nfl_potential_min"":""81"",""nfl_potential_max"":""96"",""translation_uncertainty_sigma"":""0.15"",""readiness_tag"":""day_one_compete"",""rare_exception_allowed"":""limited"",""notes"":""CB has high ceiling but large technique and mental variance.""}"
draft_translation,college_to_nfl_rating_translation.csv,college_to_nfl_rating_translation,runtime_tuning,733,CB,"{""position_group"":""CB"",""draft_capital_tier"":""round1_late"",""pick_min"":""21"",""pick_max"":""32"",""college_band"":""college_78_83"",""college_ovr_min"":""78"",""college_ovr_max"":""83"",""nfl_rookie_ovr_min"":""58"",""nfl_rookie_ovr_max"":""68"",""nfl_potential_min"":""79"",""nfl_potential_max"":""94"",""translation_uncertainty_sigma"":""0.15"",""readiness_tag"":""day_one_compete"",""rare_exception_allowed"":""limited"",""notes"":""CB has high ceiling but large technique and mental variance.""}"
draft_translation,college_to_nfl_rating_translation.csv,college_to_nfl_rating_translation,runtime_tuning,734,CB,"{""position_group"":""CB"",""draft_capital_tier"":""round1_late"",""pick_min"":""21"",""pick_max"":""32"",""college_band"":""college_70_77"",""college_ovr_min"":""70"",""college_ovr_max"":""77"",""nfl_rookie_ovr_min"":""52"",""nfl_rookie_ovr_max"":""61"",""nfl_potential_min"":""76"",""nfl_potential_max"":""91"",""translation_uncertainty_sigma"":""0.17"",""readiness_tag"":""day_one_compete"",""rare_exception_allowed"":""limited"",""notes"":""CB has high ceiling but large technique and mental variance.""}"
draft_translation,college_to_nfl_rating_translation.csv,college_to_nfl_rating_translation,runtime_tuning,735,CB,"{""position_group"":""CB"",""draft_capital_tier"":""round1_late"",""pick_min"":""21"",""pick_max"":""32"",""college_band"":""college_60_69"",""college_ovr_min"":""60"",""college_ovr_max"":""69"",""nfl_rookie_ovr_min"":""44"",""nfl_rookie_ovr_max"":""52"",""nfl_potential_min"":""73"",""nfl_potential_max"":""88"",""translation_uncertainty_sigma"":""0.17"",""readiness_tag"":""day_one_compete"",""rare_exception_allowed"":""limited"",""notes"":""CB has high ceiling but large technique and mental variance.""}"
draft_translation,college_to_nfl_rating_translation.csv,college_to_nfl_rating_translation,runtime_tuning,736,CB,"{""position_group"":""CB"",""draft_capital_tier"":""round1_late"",""pick_min"":""21"",""pick_max"":""32"",""college_band"":""college_below_60"",""college_ovr_min"":""1"",""college_ovr_max"":""59"",""nfl_rookie_ovr_min"":""37"",""nfl_rookie_ovr_max"":""45"",""nfl_potential_min"":""69"",""nfl_potential_max"":""84"",""translation_uncertainty_sigma"":""0.17"",""readiness_tag"":""day_one_compete"",""rare_exception_allowed"":""limited"",""notes"":""CB has high ceiling but large technique and mental variance.""}"
draft_translation,college_to_nfl_rating_translation.csv,college_to_nfl_rating_translation,runtime_tuning,737,CB,"{""position_group"":""CB"",""draft_capital_tier"":""round2"",""pick_min"":""33"",""pick_max"":""64"",""college_band"":""college_98_99"",""college_ovr_min"":""98"",""college_ovr_max"":""99"",""nfl_rookie_ovr_min"":""66"",""nfl_rookie_ovr_max"":""76"",""nfl_potential_min"":""83"",""nfl_potential_max"":""98"",""translation_uncertainty_sigma"":""0.17"",""readiness_tag"":""rotation_early"",""rare_exception_allowed"":""limited"",""notes"":""CB has high ceiling but large technique and mental variance.""}"
draft_translation,college_to_nfl_rating_translation.csv,college_to_nfl_rating_translation,runtime_tuning,738,CB,"{""position_group"":""CB"",""draft_capital_tier"":""round2"",""pick_min"":""33"",""pick_max"":""64"",""college_band"":""college_95_97"",""college_ovr_min"":""95"",""college_ovr_max"":""97"",""nfl_rookie_ovr_min"":""64"",""nfl_rookie_ovr_max"":""74"",""nfl_potential_min"":""82"",""nfl_potential_max"":""97"",""translation_uncertainty_sigma"":""0.17"",""readiness_tag"":""rotation_early"",""rare_exception_allowed"":""limited"",""notes"":""CB has high ceiling but large technique and mental variance.""}"
draft_translation,college_to_nfl_rating_translation.csv,college_to_nfl_rating_translation,runtime_tuning,739,CB,"{""position_group"":""CB"",""draft_capital_tier"":""round2"",""pick_min"":""33"",""pick_max"":""64"",""college_band"":""college_90_94"",""college_ovr_min"":""90"",""college_ovr_max"":""94"",""nfl_rookie_ovr_min"":""62"",""nfl_rookie_ovr_max"":""72"",""nfl_potential_min"":""81"",""nfl_potential_max"":""96"",""translation_uncertainty_sigma"":""0.17"",""readiness_tag"":""rotation_early"",""rare_exception_allowed"":""limited"",""notes"":""CB has high ceiling but large technique and mental variance.""}"
draft_translation,college_to_nfl_rating_translation.csv,college_to_nfl_rating_translation,runtime_tuning,740,CB,"{""position_group"":""CB"",""draft_capital_tier"":""round2"",""pick_min"":""33"",""pick_max"":""64"",""college_band"":""college_84_89"",""college_ovr_min"":""84"",""college_ovr_max"":""89"",""nfl_rookie_ovr_min"":""59"",""nfl_rookie_ovr_max"":""69"",""nfl_potential_min"":""79"",""nfl_potential_max"":""94"",""translation_uncertainty_sigma"":""0.17"",""readiness_tag"":""rotation_early"",""rare_exception_allowed"":""limited"",""notes"":""CB has high ceiling but large technique and mental variance.""}"
draft_translation,college_to_nfl_rating_translation.csv,college_to_nfl_rating_translation,runtime_tuning,741,CB,"{""position_group"":""CB"",""draft_capital_tier"":""round2"",""pick_min"":""33"",""pick_max"":""64"",""college_band"":""college_78_83"",""college_ovr_min"":""78"",""college_ovr_max"":""83"",""nfl_rookie_ovr_min"":""55"",""nfl_rookie_ovr_max"":""65"",""nfl_potential_min"":""77"",""nfl_potential_max"":""92"",""translation_uncertainty_sigma"":""0.17"",""readiness_tag"":""rotation_early"",""rare_exception_allowed"":""limited"",""notes"":""CB has high ceiling but large technique and mental variance.""}"
draft_translation,college_to_nfl_rating_translation.csv,college_to_nfl_rating_translation,runtime_tuning,742,CB,"{""position_group"":""CB"",""draft_capital_tier"":""round2"",""pick_min"":""33"",""pick_max"":""64"",""college_band"":""college_70_77"",""college_ovr_min"":""70"",""college_ovr_max"":""77"",""nfl_rookie_ovr_min"":""49"",""nfl_rookie_ovr_max"":""58"",""nfl_potential_min"":""74"",""nfl_potential_max"":""89"",""translation_uncertainty_sigma"":""0.19"",""readiness_tag"":""rotation_early"",""rare_exception_allowed"":""limited"",""notes"":""CB has high ceiling but large technique and mental variance.""}"
draft_translation,college_to_nfl_rating_translation.csv,college_to_nfl_rating_translation,runtime_tuning,743,CB,"{""position_group"":""CB"",""draft_capital_tier"":""round2"",""pick_min"":""33"",""pick_max"":""64"",""college_band"":""college_60_69"",""college_ovr_min"":""60"",""college_ovr_max"":""69"",""nfl_rookie_ovr_min"":""41"",""nfl_rookie_ovr_max"":""49"",""nfl_potential_min"":""71"",""nfl_potential_max"":""86"",""translation_uncertainty_sigma"":""0.19"",""readiness_tag"":""rotation_early"",""rare_exception_allowed"":""limited"",""notes"":""CB has high ceiling but large technique and mental variance.""}"
draft_translation,college_to_nfl_rating_translation.csv,college_to_nfl_rating_translation,runtime_tuning,744,CB,"{""position_group"":""CB"",""draft_capital_tier"":""round2"",""pick_min"":""33"",""pick_max"":""64"",""college_band"":""college_below_60"",""college_ovr_min"":""1"",""college_ovr_max"":""59"",""nfl_rookie_ovr_min"":""36"",""nfl_rookie_ovr_max"":""42"",""nfl_potential_min"":""67"",""nfl_potential_max"":""82"",""translation_uncertainty_sigma"":""0.19"",""readiness_tag"":""rotation_early"",""rare_exception_allowed"":""limited"",""notes"":""CB has high ceiling but large technique and mental variance.""}"
draft_translation,college_to_nfl_rating_translation.csv,college_to_nfl_rating_translation,runtime_tuning,745,CB,"{""position_group"":""CB"",""draft_capital_tier"":""round3"",""pick_min"":""65"",""pick_max"":""100"",""college_band"":""college_98_99"",""college_ovr_min"":""98"",""college_ovr_max"":""99"",""nfl_rookie_ovr_min"":""63"",""nfl_rookie_ovr_max"":""73"",""nfl_potential_min"":""81"",""nfl_potential_max"":""96"",""translation_uncertainty_sigma"":""0.2"",""readiness_tag"":""rotation_development"",""rare_exception_allowed"":""limited"",""notes"":""CB has high ceiling but large technique and mental variance.""}"
draft_translation,college_to_nfl_rating_translation.csv,college_to_nfl_rating_translation,runtime_tuning,746,CB,"{""position_group"":""CB"",""draft_capital_tier"":""round3"",""pick_min"":""65"",""pick_max"":""100"",""college_band"":""college_95_97"",""college_ovr_min"":""95"",""college_ovr_max"":""97"",""nfl_rookie_ovr_min"":""61"",""nfl_rookie_ovr_max"":""71"",""nfl_potential_min"":""80"",""nfl_potential_max"":""95"",""translation_uncertainty_sigma"":""0.2"",""readiness_tag"":""rotation_development"",""rare_exception_allowed"":""limited"",""notes"":""CB has high ceiling but large technique and mental variance.""}"
draft_translation,college_to_nfl_rating_translation.csv,college_to_nfl_rating_translation,runtime_tuning,747,CB,"{""position_group"":""CB"",""draft_capital_tier"":""round3"",""pick_min"":""65"",""pick_max"":""100"",""college_band"":""college_90_94"",""college_ovr_min"":""90"",""college_ovr_max"":""94"",""nfl_rookie_ovr_min"":""59"",""nfl_rookie_ovr_max"":""69"",""nfl_potential_min"":""79"",""nfl_potential_max"":""94"",""translation_uncertainty_sigma"":""0.2"",""readiness_tag"":""rotation_development"",""rare_exception_allowed"":""limited"",""notes"":""CB has high ceiling but large technique and mental variance.""}"
draft_translation,college_to_nfl_rating_translation.csv,college_to_nfl_rating_translation,runtime_tuning,748,CB,"{""position_group"":""CB"",""draft_capital_tier"":""round3"",""pick_min"":""65"",""pick_max"":""100"",""college_band"":""college_84_89"",""college_ovr_min"":""84"",""college_ovr_max"":""89"",""nfl_rookie_ovr_min"":""56"",""nfl_rookie_ovr_max"":""66"",""nfl_potential_min"":""77"",""nfl_potential_max"":""92"",""translation_uncertainty_sigma"":""0.2"",""readiness_tag"":""rotation_development"",""rare_exception_allowed"":""limited"",""notes"":""CB has high ceiling but large technique and mental variance.""}"
draft_translation,college_to_nfl_rating_translation.csv,college_to_nfl_rating_translation,runtime_tuning,749,CB,"{""position_group"":""CB"",""draft_capital_tier"":""round3"",""pick_min"":""65"",""pick_max"":""100"",""college_band"":""college_78_83"",""college_ovr_min"":""78"",""college_ovr_max"":""83"",""nfl_rookie_ovr_min"":""52"",""nfl_rookie_ovr_max"":""62"",""nfl_potential_min"":""75"",""nfl_potential_max"":""90"",""translation_uncertainty_sigma"":""0.2"",""readiness_tag"":""rotation_development"",""rare_exception_allowed"":""limited"",""notes"":""CB has high ceiling but large technique and mental variance.""}"
draft_translation,college_to_nfl_rating_translation.csv,college_to_nfl_rating_translation,runtime_tuning,750,CB,"{""position_group"":""CB"",""draft_capital_tier"":""round3"",""pick_min"":""65"",""pick_max"":""100"",""college_band"":""college_70_77"",""college_ovr_min"":""70"",""college_ovr_max"":""77"",""nfl_rookie_ovr_min"":""46"",""nfl_rookie_ovr_max"":""55"",""nfl_potential_min"":""72"",""nfl_potential_max"":""87"",""translation_uncertainty_sigma"":""0.22"",""readiness_tag"":""rotation_development"",""rare_exception_allowed"":""limited"",""notes"":""CB has high ceiling but large technique and mental variance.""}"
draft_translation,college_to_nfl_rating_translation.csv,college_to_nfl_rating_translation,runtime_tuning,751,CB,"{""position_group"":""CB"",""draft_capital_tier"":""round3"",""pick_min"":""65"",""pick_max"":""100"",""college_band"":""college_60_69"",""college_ovr_min"":""60"",""college_ovr_max"":""69"",""nfl_rookie_ovr_min"":""38"",""nfl_rookie_ovr_max"":""46"",""nfl_potential_min"":""69"",""nfl_potential_max"":""84"",""translation_uncertainty_sigma"":""0.22"",""readiness_tag"":""rotation_development"",""rare_exception_allowed"":""limited"",""notes"":""CB has high ceiling but large technique and mental variance.""}"
draft_translation,college_to_nfl_rating_translation.csv,college_to_nfl_rating_translation,runtime_tuning,752,CB,"{""position_group"":""CB"",""draft_capital_tier"":""round3"",""pick_min"":""65"",""pick_max"":""100"",""college_band"":""college_below_60"",""college_ovr_min"":""1"",""college_ovr_max"":""59"",""nfl_rookie_ovr_min"":""36"",""nfl_rookie_ovr_max"":""39"",""nfl_potential_min"":""65"",""nfl_potential_max"":""80"",""translation_uncertainty_sigma"":""0.22"",""readiness_tag"":""rotation_development"",""rare_exception_allowed"":""limited"",""notes"":""CB has high ceiling but large technique and mental variance.""}"
draft_translation,college_to_nfl_rating_translation.csv,college_to_nfl_rating_translation,runtime_tuning,753,CB,"{""position_group"":""CB"",""draft_capital_tier"":""round4"",""pick_min"":""101"",""pick_max"":""140"",""college_band"":""college_98_99"",""college_ovr_min"":""98"",""college_ovr_max"":""99"",""nfl_rookie_ovr_min"":""60"",""nfl_rookie_ovr_max"":""70"",""nfl_potential_min"":""79"",""nfl_potential_max"":""94"",""translation_uncertainty_sigma"":""0.22"",""readiness_tag"":""depth_development"",""rare_exception_allowed"":""limited"",""notes"":""CB has high ceiling but large technique and mental variance.""}"
draft_translation,college_to_nfl_rating_translation.csv,college_to_nfl_rating_translation,runtime_tuning,754,CB,"{""position_group"":""CB"",""draft_capital_tier"":""round4"",""pick_min"":""101"",""pick_max"":""140"",""college_band"":""college_95_97"",""college_ovr_min"":""95"",""college_ovr_max"":""97"",""nfl_rookie_ovr_min"":""58"",""nfl_rookie_ovr_max"":""68"",""nfl_potential_min"":""78"",""nfl_potential_max"":""93"",""translation_uncertainty_sigma"":""0.22"",""readiness_tag"":""depth_development"",""rare_exception_allowed"":""limited"",""notes"":""CB has high ceiling but large technique and mental variance.""}"
draft_translation,college_to_nfl_rating_translation.csv,college_to_nfl_rating_translation,runtime_tuning,755,CB,"{""position_group"":""CB"",""draft_capital_tier"":""round4"",""pick_min"":""101"",""pick_max"":""140"",""college_band"":""college_90_94"",""college_ovr_min"":""90"",""college_ovr_max"":""94"",""nfl_rookie_ovr_min"":""56"",""nfl_rookie_ovr_max"":""66"",""nfl_potential_min"":""77"",""nfl_potential_max"":""92"",""translation_uncertainty_sigma"":""0.22"",""readiness_tag"":""depth_development"",""rare_exception_allowed"":""limited"",""notes"":""CB has high ceiling but large technique and mental variance.""}"
draft_translation,college_to_nfl_rating_translation.csv,college_to_nfl_rating_translation,runtime_tuning,756,CB,"{""position_group"":""CB"",""draft_capital_tier"":""round4"",""pick_min"":""101"",""pick_max"":""140"",""college_band"":""college_84_89"",""college_ovr_min"":""84"",""college_ovr_max"":""89"",""nfl_rookie_ovr_min"":""53"",""nfl_rookie_ovr_max"":""63"",""nfl_potential_min"":""75"",""nfl_potential_max"":""90"",""translation_uncertainty_sigma"":""0.22"",""readiness_tag"":""depth_development"",""rare_exception_allowed"":""limited"",""notes"":""CB has high ceiling but large technique and mental variance.""}"
draft_translation,college_to_nfl_rating_translation.csv,college_to_nfl_rating_translation,runtime_tuning,757,CB,"{""position_group"":""CB"",""draft_capital_tier"":""round4"",""pick_min"":""101"",""pick_max"":""140"",""college_band"":""college_78_83"",""college_ovr_min"":""78"",""college_ovr_max"":""83"",""nfl_rookie_ovr_min"":""49"",""nfl_rookie_ovr_max"":""59"",""nfl_potential_min"":""73"",""nfl_potential_max"":""88"",""translation_uncertainty_sigma"":""0.22"",""readiness_tag"":""depth_development"",""rare_exception_allowed"":""limited"",""notes"":""CB has high ceiling but large technique and mental variance.""}"
draft_translation,college_to_nfl_rating_translation.csv,college_to_nfl_rating_translation,runtime_tuning,758,CB,"{""position_group"":""CB"",""draft_capital_tier"":""round4"",""pick_min"":""101"",""pick_max"":""140"",""college_band"":""college_70_77"",""college_ovr_min"":""70"",""college_ovr_max"":""77"",""nfl_rookie_ovr_min"":""43"",""nfl_rookie_ovr_max"":""52"",""nfl_potential_min"":""70"",""nfl_potential_max"":""85"",""translation_uncertainty_sigma"":""0.24"",""readiness_tag"":""depth_development"",""rare_exception_allowed"":""limited"",""notes"":""CB has high ceiling but large technique and mental variance.""}"
draft_translation,college_to_nfl_rating_translation.csv,college_to_nfl_rating_translation,runtime_tuning,759,CB,"{""position_group"":""CB"",""draft_capital_tier"":""round4"",""pick_min"":""101"",""pick_max"":""140"",""college_band"":""college_60_69"",""college_ovr_min"":""60"",""college_ovr_max"":""69"",""nfl_rookie_ovr_min"":""36"",""nfl_rookie_ovr_max"":""43"",""nfl_potential_min"":""67"",""nfl_potential_max"":""82"",""translation_uncertainty_sigma"":""0.24"",""readiness_tag"":""depth_development"",""rare_exception_allowed"":""limited"",""notes"":""CB has high ceiling but large technique and mental variance.""}"
draft_translation,college_to_nfl_rating_translation.csv,college_to_nfl_rating_translation,runtime_tuning,760,CB,"{""position_group"":""CB"",""draft_capital_tier"":""round4"",""pick_min"":""101"",""pick_max"":""140"",""college_band"":""college_below_60"",""college_ovr_min"":""1"",""college_ovr_max"":""59"",""nfl_rookie_ovr_min"":""36"",""nfl_rookie_ovr_max"":""38"",""nfl_potential_min"":""63"",""nfl_potential_max"":""78"",""translation_uncertainty_sigma"":""0.24"",""readiness_tag"":""depth_development"",""rare_exception_allowed"":""limited"",""notes"":""CB has high ceiling but large technique and mental variance.""}"
draft_translation,college_to_nfl_rating_translation.csv,college_to_nfl_rating_translation,runtime_tuning,761,CB,"{""position_group"":""CB"",""draft_capital_tier"":""round5"",""pick_min"":""141"",""pick_max"":""180"",""college_band"":""college_98_99"",""college_ovr_min"":""98"",""college_ovr_max"":""99"",""nfl_rookie_ovr_min"":""57"",""nfl_rookie_ovr_max"":""67"",""nfl_potential_min"":""77"",""nfl_potential_max"":""92"",""translation_uncertainty_sigma"":""0.24"",""readiness_tag"":""depth_development"",""rare_exception_allowed"":""limited"",""notes"":""CB has high ceiling but large technique and mental variance.""}"
draft_translation,college_to_nfl_rating_translation.csv,college_to_nfl_rating_translation,runtime_tuning,762,CB,"{""position_group"":""CB"",""draft_capital_tier"":""round5"",""pick_min"":""141"",""pick_max"":""180"",""college_band"":""college_95_97"",""college_ovr_min"":""95"",""college_ovr_max"":""97"",""nfl_rookie_ovr_min"":""55"",""nfl_rookie_ovr_max"":""65"",""nfl_potential_min"":""76"",""nfl_potential_max"":""91"",""translation_uncertainty_sigma"":""0.24"",""readiness_tag"":""depth_development"",""rare_exception_allowed"":""limited"",""notes"":""CB has high ceiling but large technique and mental variance.""}"
draft_translation,college_to_nfl_rating_translation.csv,college_to_nfl_rating_translation,runtime_tuning,763,CB,"{""position_group"":""CB"",""draft_capital_tier"":""round5"",""pick_min"":""141"",""pick_max"":""180"",""college_band"":""college_90_94"",""college_ovr_min"":""90"",""college_ovr_max"":""94"",""nfl_rookie_ovr_min"":""53"",""nfl_rookie_ovr_max"":""63"",""nfl_potential_min"":""75"",""nfl_potential_max"":""90"",""translation_uncertainty_sigma"":""0.24"",""readiness_tag"":""depth_development"",""rare_exception_allowed"":""limited"",""notes"":""CB has high ceiling but large technique and mental variance.""}"
draft_translation,college_to_nfl_rating_translation.csv,college_to_nfl_rating_translation,runtime_tuning,764,CB,"{""position_group"":""CB"",""draft_capital_tier"":""round5"",""pick_min"":""141"",""pick_max"":""180"",""college_band"":""college_84_89"",""college_ovr_min"":""84"",""college_ovr_max"":""89"",""nfl_rookie_ovr_min"":""50"",""nfl_rookie_ovr_max"":""60"",""nfl_potential_min"":""73"",""nfl_potential_max"":""88"",""translation_uncertainty_sigma"":""0.24"",""readiness_tag"":""depth_development"",""rare_exception_allowed"":""limited"",""notes"":""CB has high ceiling but large technique and mental variance.""}"
draft_translation,college_to_nfl_rating_translation.csv,college_to_nfl_rating_translation,runtime_tuning,765,CB,"{""position_group"":""CB"",""draft_capital_tier"":""round5"",""pick_min"":""141"",""pick_max"":""180"",""college_band"":""college_78_83"",""college_ovr_min"":""78"",""college_ovr_max"":""83"",""nfl_rookie_ovr_min"":""46"",""nfl_rookie_ovr_max"":""56"",""nfl_potential_min"":""71"",""nfl_potential_max"":""86"",""translation_uncertainty_sigma"":""0.24"",""readiness_tag"":""depth_development"",""rare_exception_allowed"":""limited"",""notes"":""CB has high ceiling but large technique and mental variance.""}"
draft_translation,college_to_nfl_rating_translation.csv,college_to_nfl_rating_translation,runtime_tuning,766,CB,"{""position_group"":""CB"",""draft_capital_tier"":""round5"",""pick_min"":""141"",""pick_max"":""180"",""college_band"":""college_70_77"",""college_ovr_min"":""70"",""college_ovr_max"":""77"",""nfl_rookie_ovr_min"":""40"",""nfl_rookie_ovr_max"":""49"",""nfl_potential_min"":""68"",""nfl_potential_max"":""83"",""translation_uncertainty_sigma"":""0.26"",""readiness_tag"":""depth_development"",""rare_exception_allowed"":""limited"",""notes"":""CB has high ceiling but large technique and mental variance.""}"
draft_translation,college_to_nfl_rating_translation.csv,college_to_nfl_rating_translation,runtime_tuning,767,CB,"{""position_group"":""CB"",""draft_capital_tier"":""round5"",""pick_min"":""141"",""pick_max"":""180"",""college_band"":""college_60_69"",""college_ovr_min"":""60"",""college_ovr_max"":""69"",""nfl_rookie_ovr_min"":""36"",""nfl_rookie_ovr_max"":""40"",""nfl_potential_min"":""65"",""nfl_potential_max"":""80"",""translation_uncertainty_sigma"":""0.26"",""readiness_tag"":""depth_development"",""rare_exception_allowed"":""limited"",""notes"":""CB has high ceiling but large technique and mental variance.""}"
draft_translation,college_to_nfl_rating_translation.csv,college_to_nfl_rating_translation,runtime_tuning,768,CB,"{""position_group"":""CB"",""draft_capital_tier"":""round5"",""pick_min"":""141"",""pick_max"":""180"",""college_band"":""college_below_60"",""college_ovr_min"":""1"",""college_ovr_max"":""59"",""nfl_rookie_ovr_min"":""36"",""nfl_rookie_ovr_max"":""38"",""nfl_potential_min"":""61"",""nfl_potential_max"":""76"",""translation_uncertainty_sigma"":""0.26"",""readiness_tag"":""depth_development"",""rare_exception_allowed"":""limited"",""notes"":""CB has high ceiling but large technique and mental variance.""}"
draft_translation,college_to_nfl_rating_translation.csv,college_to_nfl_rating_translation,runtime_tuning,769,CB,"{""position_group"":""CB"",""draft_capital_tier"":""round6_7"",""pick_min"":""181"",""pick_max"":""260"",""college_band"":""college_98_99"",""college_ovr_min"":""98"",""college_ovr_max"":""99"",""nfl_rookie_ovr_min"":""54"",""nfl_rookie_ovr_max"":""64"",""nfl_potential_min"":""74"",""nfl_potential_max"":""89"",""translation_uncertainty_sigma"":""0.27"",""readiness_tag"":""longshot_roster"",""rare_exception_allowed"":""limited"",""notes"":""CB has high ceiling but large technique and mental variance.""}"
draft_translation,college_to_nfl_rating_translation.csv,college_to_nfl_rating_translation,runtime_tuning,770,CB,"{""position_group"":""CB"",""draft_capital_tier"":""round6_7"",""pick_min"":""181"",""pick_max"":""260"",""college_band"":""college_95_97"",""college_ovr_min"":""95"",""college_ovr_max"":""97"",""nfl_rookie_ovr_min"":""52"",""nfl_rookie_ovr_max"":""62"",""nfl_potential_min"":""73"",""nfl_potential_max"":""88"",""translation_uncertainty_sigma"":""0.27"",""readiness_tag"":""longshot_roster"",""rare_exception_allowed"":""limited"",""notes"":""CB has high ceiling but large technique and mental variance.""}"
draft_translation,college_to_nfl_rating_translation.csv,college_to_nfl_rating_translation,runtime_tuning,771,CB,"{""position_group"":""CB"",""draft_capital_tier"":""round6_7"",""pick_min"":""181"",""pick_max"":""260"",""college_band"":""college_90_94"",""college_ovr_min"":""90"",""college_ovr_max"":""94"",""nfl_rookie_ovr_min"":""50"",""nfl_rookie_ovr_max"":""60"",""nfl_potential_min"":""72"",""nfl_potential_max"":""87"",""translation_uncertainty_sigma"":""0.27"",""readiness_tag"":""longshot_roster"",""rare_exception_allowed"":""limited"",""notes"":""CB has high ceiling but large technique and mental variance.""}"
draft_translation,college_to_nfl_rating_translation.csv,college_to_nfl_rating_translation,runtime_tuning,772,CB,"{""position_group"":""CB"",""draft_capital_tier"":""round6_7"",""pick_min"":""181"",""pick_max"":""260"",""college_band"":""college_84_89"",""college_ovr_min"":""84"",""college_ovr_max"":""89"",""nfl_rookie_ovr_min"":""47"",""nfl_rookie_ovr_max"":""57"",""nfl_potential_min"":""70"",""nfl_potential_max"":""85"",""translation_uncertainty_sigma"":""0.27"",""readiness_tag"":""longshot_roster"",""rare_exception_allowed"":""limited"",""notes"":""CB has high ceiling but large technique and mental variance.""}"
draft_translation,college_to_nfl_rating_translation.csv,college_to_nfl_rating_translation,runtime_tuning,773,CB,"{""position_group"":""CB"",""draft_capital_tier"":""round6_7"",""pick_min"":""181"",""pick_max"":""260"",""college_band"":""college_78_83"",""college_ovr_min"":""78"",""college_ovr_max"":""83"",""nfl_rookie_ovr_min"":""43"",""nfl_rookie_ovr_max"":""53"",""nfl_potential_min"":""68"",""nfl_potential_max"":""83"",""translation_uncertainty_sigma"":""0.27"",""readiness_tag"":""longshot_roster"",""rare_exception_allowed"":""limited"",""notes"":""CB has high ceiling but large technique and mental variance.""}"
draft_translation,college_to_nfl_rating_translation.csv,college_to_nfl_rating_translation,runtime_tuning,774,CB,"{""position_group"":""CB"",""draft_capital_tier"":""round6_7"",""pick_min"":""181"",""pick_max"":""260"",""college_band"":""college_70_77"",""college_ovr_min"":""70"",""college_ovr_max"":""77"",""nfl_rookie_ovr_min"":""37"",""nfl_rookie_ovr_max"":""46"",""nfl_potential_min"":""65"",""nfl_potential_max"":""80"",""translation_uncertainty_sigma"":""0.29"",""readiness_tag"":""longshot_roster"",""rare_exception_allowed"":""limited"",""notes"":""CB has high ceiling but large technique and mental variance.""}"
draft_translation,college_to_nfl_rating_translation.csv,college_to_nfl_rating_translation,runtime_tuning,775,CB,"{""position_group"":""CB"",""draft_capital_tier"":""round6_7"",""pick_min"":""181"",""pick_max"":""260"",""college_band"":""college_60_69"",""college_ovr_min"":""60"",""college_ovr_max"":""69"",""nfl_rookie_ovr_min"":""36"",""nfl_rookie_ovr_max"":""38"",""nfl_potential_min"":""62"",""nfl_potential_max"":""77"",""translation_uncertainty_sigma"":""0.29"",""readiness_tag"":""longshot_roster"",""rare_exception_allowed"":""limited"",""notes"":""CB has high ceiling but large technique and mental variance.""}"
draft_translation,college_to_nfl_rating_translation.csv,college_to_nfl_rating_translation,runtime_tuning,776,CB,"{""position_group"":""CB"",""draft_capital_tier"":""round6_7"",""pick_min"":""181"",""pick_max"":""260"",""college_band"":""college_below_60"",""college_ovr_min"":""1"",""college_ovr_max"":""59"",""nfl_rookie_ovr_min"":""36"",""nfl_rookie_ovr_max"":""38"",""nfl_potential_min"":""58"",""nfl_potential_max"":""73"",""translation_uncertainty_sigma"":""0.29"",""readiness_tag"":""longshot_roster"",""rare_exception_allowed"":""limited"",""notes"":""CB has high ceiling but large technique and mental variance.""}"
draft_translation,college_to_nfl_rating_translation.csv,college_to_nfl_rating_translation,runtime_tuning,777,CB,"{""position_group"":""CB"",""draft_capital_tier"":""priority_udfa"",""pick_min"":""261"",""pick_max"":""999"",""college_band"":""college_98_99"",""college_ovr_min"":""98"",""college_ovr_max"":""99"",""nfl_rookie_ovr_min"":""51"",""nfl_rookie_ovr_max"":""61"",""nfl_potential_min"":""72"",""nfl_potential_max"":""87"",""translation_uncertainty_sigma"":""0.3"",""readiness_tag"":""camp_compete"",""rare_exception_allowed"":""yes"",""notes"":""CB has high ceiling but large technique and mental variance.""}"
draft_translation,college_to_nfl_rating_translation.csv,college_to_nfl_rating_translation,runtime_tuning,778,CB,"{""position_group"":""CB"",""draft_capital_tier"":""priority_udfa"",""pick_min"":""261"",""pick_max"":""999"",""college_band"":""college_95_97"",""college_ovr_min"":""95"",""college_ovr_max"":""97"",""nfl_rookie_ovr_min"":""49"",""nfl_rookie_ovr_max"":""59"",""nfl_potential_min"":""71"",""nfl_potential_max"":""86"",""translation_uncertainty_sigma"":""0.3"",""readiness_tag"":""camp_compete"",""rare_exception_allowed"":""yes"",""notes"":""CB has high ceiling but large technique and mental variance.""}"
draft_translation,college_to_nfl_rating_translation.csv,college_to_nfl_rating_translation,runtime_tuning,779,CB,"{""position_group"":""CB"",""draft_capital_tier"":""priority_udfa"",""pick_min"":""261"",""pick_max"":""999"",""college_band"":""college_90_94"",""college_ovr_min"":""90"",""college_ovr_max"":""94"",""nfl_rookie_ovr_min"":""47"",""nfl_rookie_ovr_max"":""57"",""nfl_potential_min"":""70"",""nfl_potential_max"":""85"",""translation_uncertainty_sigma"":""0.3"",""readiness_tag"":""camp_compete"",""rare_exception_allowed"":""yes"",""notes"":""CB has high ceiling but large technique and mental variance.""}"
draft_translation,college_to_nfl_rating_translation.csv,college_to_nfl_rating_translation,runtime_tuning,780,CB,"{""position_group"":""CB"",""draft_capital_tier"":""priority_udfa"",""pick_min"":""261"",""pick_max"":""999"",""college_band"":""college_84_89"",""college_ovr_min"":""84"",""college_ovr_max"":""89"",""nfl_rookie_ovr_min"":""44"",""nfl_rookie_ovr_max"":""54"",""nfl_potential_min"":""68"",""nfl_potential_max"":""83"",""translation_uncertainty_sigma"":""0.3"",""readiness_tag"":""camp_compete"",""rare_exception_allowed"":""yes"",""notes"":""CB has high ceiling but large technique and mental variance.""}"
draft_translation,college_to_nfl_rating_translation.csv,college_to_nfl_rating_translation,runtime_tuning,781,CB,"{""position_group"":""CB"",""draft_capital_tier"":""priority_udfa"",""pick_min"":""261"",""pick_max"":""999"",""college_band"":""college_78_83"",""college_ovr_min"":""78"",""college_ovr_max"":""83"",""nfl_rookie_ovr_min"":""40"",""nfl_rookie_ovr_max"":""50"",""nfl_potential_min"":""66"",""nfl_potential_max"":""81"",""translation_uncertainty_sigma"":""0.3"",""readiness_tag"":""camp_compete"",""rare_exception_allowed"":""yes"",""notes"":""CB has high ceiling but large technique and mental variance.""}"
draft_translation,college_to_nfl_rating_translation.csv,college_to_nfl_rating_translation,runtime_tuning,782,CB,"{""position_group"":""CB"",""draft_capital_tier"":""priority_udfa"",""pick_min"":""261"",""pick_max"":""999"",""college_band"":""college_70_77"",""college_ovr_min"":""70"",""college_ovr_max"":""77"",""nfl_rookie_ovr_min"":""36"",""nfl_rookie_ovr_max"":""43"",""nfl_potential_min"":""63"",""nfl_potential_max"":""78"",""translation_uncertainty_sigma"":""0.32"",""readiness_tag"":""camp_compete"",""rare_exception_allowed"":""yes"",""notes"":""CB has high ceiling but large technique and mental variance.""}"
draft_translation,college_to_nfl_rating_translation.csv,college_to_nfl_rating_translation,runtime_tuning,783,CB,"{""position_group"":""CB"",""draft_capital_tier"":""priority_udfa"",""pick_min"":""261"",""pick_max"":""999"",""college_band"":""college_60_69"",""college_ovr_min"":""60"",""college_ovr_max"":""69"",""nfl_rookie_ovr_min"":""36"",""nfl_rookie_ovr_max"":""38"",""nfl_potential_min"":""60"",""nfl_potential_max"":""75"",""translation_uncertainty_sigma"":""0.32"",""readiness_tag"":""camp_compete"",""rare_exception_allowed"":""yes"",""notes"":""CB has high ceiling but large technique and mental variance.""}"
draft_translation,college_to_nfl_rating_translation.csv,college_to_nfl_rating_translation,runtime_tuning,784,CB,"{""position_group"":""CB"",""draft_capital_tier"":""priority_udfa"",""pick_min"":""261"",""pick_max"":""999"",""college_band"":""college_below_60"",""college_ovr_min"":""1"",""college_ovr_max"":""59"",""nfl_rookie_ovr_min"":""36"",""nfl_rookie_ovr_max"":""38"",""nfl_potential_min"":""56"",""nfl_potential_max"":""71"",""translation_uncertainty_sigma"":""0.32"",""readiness_tag"":""camp_compete"",""rare_exception_allowed"":""yes"",""notes"":""CB has high ceiling but large technique and mental variance.""}"
draft_translation,college_to_nfl_rating_translation.csv,college_to_nfl_rating_translation,runtime_tuning,785,CB,"{""position_group"":""CB"",""draft_capital_tier"":""camp_udfa"",""pick_min"":""1000"",""pick_max"":""9999"",""college_band"":""college_98_99"",""college_ovr_min"":""98"",""college_ovr_max"":""99"",""nfl_rookie_ovr_min"":""47"",""nfl_rookie_ovr_max"":""57"",""nfl_potential_min"":""69"",""nfl_potential_max"":""84"",""translation_uncertainty_sigma"":""0.33"",""readiness_tag"":""camp_body"",""rare_exception_allowed"":""limited"",""notes"":""CB has high ceiling but large technique and mental variance.""}"
draft_translation,college_to_nfl_rating_translation.csv,college_to_nfl_rating_translation,runtime_tuning,786,CB,"{""position_group"":""CB"",""draft_capital_tier"":""camp_udfa"",""pick_min"":""1000"",""pick_max"":""9999"",""college_band"":""college_95_97"",""college_ovr_min"":""95"",""college_ovr_max"":""97"",""nfl_rookie_ovr_min"":""45"",""nfl_rookie_ovr_max"":""55"",""nfl_potential_min"":""68"",""nfl_potential_max"":""83"",""translation_uncertainty_sigma"":""0.33"",""readiness_tag"":""camp_body"",""rare_exception_allowed"":""limited"",""notes"":""CB has high ceiling but large technique and mental variance.""}"
draft_translation,college_to_nfl_rating_translation.csv,college_to_nfl_rating_translation,runtime_tuning,787,CB,"{""position_group"":""CB"",""draft_capital_tier"":""camp_udfa"",""pick_min"":""1000"",""pick_max"":""9999"",""college_band"":""college_90_94"",""college_ovr_min"":""90"",""college_ovr_max"":""94"",""nfl_rookie_ovr_min"":""43"",""nfl_rookie_ovr_max"":""53"",""nfl_potential_min"":""67"",""nfl_potential_max"":""82"",""translation_uncertainty_sigma"":""0.33"",""readiness_tag"":""camp_body"",""rare_exception_allowed"":""limited"",""notes"":""CB has high ceiling but large technique and mental variance.""}"
draft_translation,college_to_nfl_rating_translation.csv,college_to_nfl_rating_translation,runtime_tuning,788,CB,"{""position_group"":""CB"",""draft_capital_tier"":""camp_udfa"",""pick_min"":""1000"",""pick_max"":""9999"",""college_band"":""college_84_89"",""college_ovr_min"":""84"",""college_ovr_max"":""89"",""nfl_rookie_ovr_min"":""40"",""nfl_rookie_ovr_max"":""50"",""nfl_potential_min"":""65"",""nfl_potential_max"":""80"",""translation_uncertainty_sigma"":""0.33"",""readiness_tag"":""camp_body"",""rare_exception_allowed"":""limited"",""notes"":""CB has high ceiling but large technique and mental variance.""}"
draft_translation,college_to_nfl_rating_translation.csv,college_to_nfl_rating_translation,runtime_tuning,789,CB,"{""position_group"":""CB"",""draft_capital_tier"":""camp_udfa"",""pick_min"":""1000"",""pick_max"":""9999"",""college_band"":""college_78_83"",""college_ovr_min"":""78"",""college_ovr_max"":""83"",""nfl_rookie_ovr_min"":""36"",""nfl_rookie_ovr_max"":""46"",""nfl_potential_min"":""63"",""nfl_potential_max"":""78"",""translation_uncertainty_sigma"":""0.33"",""readiness_tag"":""camp_body"",""rare_exception_allowed"":""limited"",""notes"":""CB has high ceiling but large technique and mental variance.""}"
draft_translation,college_to_nfl_rating_translation.csv,college_to_nfl_rating_translation,runtime_tuning,790,CB,"{""position_group"":""CB"",""draft_capital_tier"":""camp_udfa"",""pick_min"":""1000"",""pick_max"":""9999"",""college_band"":""college_70_77"",""college_ovr_min"":""70"",""college_ovr_max"":""77"",""nfl_rookie_ovr_min"":""36"",""nfl_rookie_ovr_max"":""39"",""nfl_potential_min"":""60"",""nfl_potential_max"":""75"",""translation_uncertainty_sigma"":""0.35"",""readiness_tag"":""camp_body"",""rare_exception_allowed"":""limited"",""notes"":""CB has high ceiling but large technique and mental variance.""}"
draft_translation,college_to_nfl_rating_translation.csv,college_to_nfl_rating_translation,runtime_tuning,791,CB,"{""position_group"":""CB"",""draft_capital_tier"":""camp_udfa"",""pick_min"":""1000"",""pick_max"":""9999"",""college_band"":""college_60_69"",""college_ovr_min"":""60"",""college_ovr_max"":""69"",""nfl_rookie_ovr_min"":""36"",""nfl_rookie_ovr_max"":""38"",""nfl_potential_min"":""57"",""nfl_potential_max"":""72"",""translation_uncertainty_sigma"":""0.35"",""readiness_tag"":""camp_body"",""rare_exception_allowed"":""limited"",""notes"":""CB has high ceiling but large technique and mental variance.""}"
draft_translation,college_to_nfl_rating_translation.csv,college_to_nfl_rating_translation,runtime_tuning,792,CB,"{""position_group"":""CB"",""draft_capital_tier"":""camp_udfa"",""pick_min"":""1000"",""pick_max"":""9999"",""college_band"":""college_below_60"",""college_ovr_min"":""1"",""college_ovr_max"":""59"",""nfl_rookie_ovr_min"":""36"",""nfl_rookie_ovr_max"":""38"",""nfl_potential_min"":""53"",""nfl_potential_max"":""68"",""translation_uncertainty_sigma"":""0.35"",""readiness_tag"":""camp_body"",""rare_exception_allowed"":""limited"",""notes"":""CB has high ceiling but large technique and mental variance.""}"
draft_translation,college_to_nfl_rating_translation.csv,college_to_nfl_rating_translation,runtime_tuning,793,S,"{""position_group"":""S"",""draft_capital_tier"":""top_5"",""pick_min"":""1"",""pick_max"":""5"",""college_band"":""college_98_99"",""college_ovr_min"":""98"",""college_ovr_max"":""99"",""nfl_rookie_ovr_min"":""77"",""nfl_rookie_ovr_max"":""85"",""nfl_potential_min"":""85"",""nfl_potential_max"":""99"",""translation_uncertainty_sigma"":""0.09"",""readiness_tag"":""premium_day_one"",""rare_exception_allowed"":""yes"",""notes"":""Safety processing and role versatility can translate faster than outside CB.""}"
draft_translation,college_to_nfl_rating_translation.csv,college_to_nfl_rating_translation,runtime_tuning,794,S,"{""position_group"":""S"",""draft_capital_tier"":""top_5"",""pick_min"":""1"",""pick_max"":""5"",""college_band"":""college_95_97"",""college_ovr_min"":""95"",""college_ovr_max"":""97"",""nfl_rookie_ovr_min"":""75"",""nfl_rookie_ovr_max"":""84"",""nfl_potential_min"":""84"",""nfl_potential_max"":""98"",""translation_uncertainty_sigma"":""0.09"",""readiness_tag"":""premium_day_one"",""rare_exception_allowed"":""yes"",""notes"":""Safety processing and role versatility can translate faster than outside CB.""}"
draft_translation,college_to_nfl_rating_translation.csv,college_to_nfl_rating_translation,runtime_tuning,795,S,"{""position_group"":""S"",""draft_capital_tier"":""top_5"",""pick_min"":""1"",""pick_max"":""5"",""college_band"":""college_90_94"",""college_ovr_min"":""90"",""college_ovr_max"":""94"",""nfl_rookie_ovr_min"":""73"",""nfl_rookie_ovr_max"":""82"",""nfl_potential_min"":""83"",""nfl_potential_max"":""97"",""translation_uncertainty_sigma"":""0.09"",""readiness_tag"":""premium_day_one"",""rare_exception_allowed"":""yes"",""notes"":""Safety processing and role versatility can translate faster than outside CB.""}"
draft_translation,college_to_nfl_rating_translation.csv,college_to_nfl_rating_translation,runtime_tuning,796,S,"{""position_group"":""S"",""draft_capital_tier"":""top_5"",""pick_min"":""1"",""pick_max"":""5"",""college_band"":""college_84_89"",""college_ovr_min"":""84"",""college_ovr_max"":""89"",""nfl_rookie_ovr_min"":""70"",""nfl_rookie_ovr_max"":""79"",""nfl_potential_min"":""81"",""nfl_potential_max"":""95"",""translation_uncertainty_sigma"":""0.09"",""readiness_tag"":""premium_day_one"",""rare_exception_allowed"":""yes"",""notes"":""Safety processing and role versatility can translate faster than outside CB.""}"
draft_translation,college_to_nfl_rating_translation.csv,college_to_nfl_rating_translation,runtime_tuning,797,S,"{""position_group"":""S"",""draft_capital_tier"":""top_5"",""pick_min"":""1"",""pick_max"":""5"",""college_band"":""college_78_83"",""college_ovr_min"":""78"",""college_ovr_max"":""83"",""nfl_rookie_ovr_min"":""66"",""nfl_rookie_ovr_max"":""75"",""nfl_potential_min"":""79"",""nfl_potential_max"":""93"",""translation_uncertainty_sigma"":""0.09"",""readiness_tag"":""premium_day_one"",""rare_exception_allowed"":""yes"",""notes"":""Safety processing and role versatility can translate faster than outside CB.""}"
draft_translation,college_to_nfl_rating_translation.csv,college_to_nfl_rating_translation,runtime_tuning,798,S,"{""position_group"":""S"",""draft_capital_tier"":""top_5"",""pick_min"":""1"",""pick_max"":""5"",""college_band"":""college_70_77"",""college_ovr_min"":""70"",""college_ovr_max"":""77"",""nfl_rookie_ovr_min"":""60"",""nfl_rookie_ovr_max"":""68"",""nfl_potential_min"":""76"",""nfl_potential_max"":""90"",""translation_uncertainty_sigma"":""0.11"",""readiness_tag"":""premium_day_one"",""rare_exception_allowed"":""yes"",""notes"":""Safety processing and role versatility can translate faster than outside CB.""}"
draft_translation,college_to_nfl_rating_translation.csv,college_to_nfl_rating_translation,runtime_tuning,799,S,"{""position_group"":""S"",""draft_capital_tier"":""top_5"",""pick_min"":""1"",""pick_max"":""5"",""college_band"":""college_60_69"",""college_ovr_min"":""60"",""college_ovr_max"":""69"",""nfl_rookie_ovr_min"":""52"",""nfl_rookie_ovr_max"":""59"",""nfl_potential_min"":""73"",""nfl_potential_max"":""87"",""translation_uncertainty_sigma"":""0.11"",""readiness_tag"":""premium_day_one"",""rare_exception_allowed"":""yes"",""notes"":""Safety processing and role versatility can translate faster than outside CB.""}"
draft_translation,college_to_nfl_rating_translation.csv,college_to_nfl_rating_translation,runtime_tuning,800,S,"{""position_group"":""S"",""draft_capital_tier"":""top_5"",""pick_min"":""1"",""pick_max"":""5"",""college_band"":""college_below_60"",""college_ovr_min"":""1"",""college_ovr_max"":""59"",""nfl_rookie_ovr_min"":""45"",""nfl_rookie_ovr_max"":""52"",""nfl_potential_min"":""69"",""nfl_potential_max"":""83"",""translation_uncertainty_sigma"":""0.11"",""readiness_tag"":""premium_day_one"",""rare_exception_allowed"":""yes"",""notes"":""Safety processing and role versatility can translate faster than outside CB.""}"
draft_translation,college_to_nfl_rating_translation.csv,college_to_nfl_rating_translation,runtime_tuning,801,S,"{""position_group"":""S"",""draft_capital_tier"":""top_10"",""pick_min"":""6"",""pick_max"":""10"",""college_band"":""college_98_99"",""college_ovr_min"":""98"",""college_ovr_max"":""99"",""nfl_rookie_ovr_min"":""75"",""nfl_rookie_ovr_max"":""84"",""nfl_potential_min"":""84"",""nfl_potential_max"":""98"",""translation_uncertainty_sigma"":""0.1"",""readiness_tag"":""premium_day_one"",""rare_exception_allowed"":""yes"",""notes"":""Safety processing and role versatility can translate faster than outside CB.""}"
draft_translation,college_to_nfl_rating_translation.csv,college_to_nfl_rating_translation,runtime_tuning,802,S,"{""position_group"":""S"",""draft_capital_tier"":""top_10"",""pick_min"":""6"",""pick_max"":""10"",""college_band"":""college_95_97"",""college_ovr_min"":""95"",""college_ovr_max"":""97"",""nfl_rookie_ovr_min"":""73"",""nfl_rookie_ovr_max"":""82"",""nfl_potential_min"":""83"",""nfl_potential_max"":""97"",""translation_uncertainty_sigma"":""0.1"",""readiness_tag"":""premium_day_one"",""rare_exception_allowed"":""yes"",""notes"":""Safety processing and role versatility can translate faster than outside CB.""}"
draft_translation,college_to_nfl_rating_translation.csv,college_to_nfl_rating_translation,runtime_tuning,803,S,"{""position_group"":""S"",""draft_capital_tier"":""top_10"",""pick_min"":""6"",""pick_max"":""10"",""college_band"":""college_90_94"",""college_ovr_min"":""90"",""college_ovr_max"":""94"",""nfl_rookie_ovr_min"":""71"",""nfl_rookie_ovr_max"":""80"",""nfl_potential_min"":""82"",""nfl_potential_max"":""96"",""translation_uncertainty_sigma"":""0.1"",""readiness_tag"":""premium_day_one"",""rare_exception_allowed"":""yes"",""notes"":""Safety processing and role versatility can translate faster than outside CB.""}"
draft_translation,college_to_nfl_rating_translation.csv,college_to_nfl_rating_translation,runtime_tuning,804,S,"{""position_group"":""S"",""draft_capital_tier"":""top_10"",""pick_min"":""6"",""pick_max"":""10"",""college_band"":""college_84_89"",""college_ovr_min"":""84"",""college_ovr_max"":""89"",""nfl_rookie_ovr_min"":""68"",""nfl_rookie_ovr_max"":""77"",""nfl_potential_min"":""80"",""nfl_potential_max"":""94"",""translation_uncertainty_sigma"":""0.1"",""readiness_tag"":""premium_day_one"",""rare_exception_allowed"":""yes"",""notes"":""Safety processing and role versatility can translate faster than outside CB.""}"
draft_translation,college_to_nfl_rating_translation.csv,college_to_nfl_rating_translation,runtime_tuning,805,S,"{""position_group"":""S"",""draft_capital_tier"":""top_10"",""pick_min"":""6"",""pick_max"":""10"",""college_band"":""college_78_83"",""college_ovr_min"":""78"",""college_ovr_max"":""83"",""nfl_rookie_ovr_min"":""64"",""nfl_rookie_ovr_max"":""73"",""nfl_potential_min"":""78"",""nfl_potential_max"":""92"",""translation_uncertainty_sigma"":""0.1"",""readiness_tag"":""premium_day_one"",""rare_exception_allowed"":""yes"",""notes"":""Safety processing and role versatility can translate faster than outside CB.""}"
draft_translation,college_to_nfl_rating_translation.csv,college_to_nfl_rating_translation,runtime_tuning,806,S,"{""position_group"":""S"",""draft_capital_tier"":""top_10"",""pick_min"":""6"",""pick_max"":""10"",""college_band"":""college_70_77"",""college_ovr_min"":""70"",""college_ovr_max"":""77"",""nfl_rookie_ovr_min"":""58"",""nfl_rookie_ovr_max"":""66"",""nfl_potential_min"":""75"",""nfl_potential_max"":""89"",""translation_uncertainty_sigma"":""0.12"",""readiness_tag"":""premium_day_one"",""rare_exception_allowed"":""yes"",""notes"":""Safety processing and role versatility can translate faster than outside CB.""}"
draft_translation,college_to_nfl_rating_translation.csv,college_to_nfl_rating_translation,runtime_tuning,807,S,"{""position_group"":""S"",""draft_capital_tier"":""top_10"",""pick_min"":""6"",""pick_max"":""10"",""college_band"":""college_60_69"",""college_ovr_min"":""60"",""college_ovr_max"":""69"",""nfl_rookie_ovr_min"":""50"",""nfl_rookie_ovr_max"":""57"",""nfl_potential_min"":""72"",""nfl_potential_max"":""86"",""translation_uncertainty_sigma"":""0.12"",""readiness_tag"":""premium_day_one"",""rare_exception_allowed"":""yes"",""notes"":""Safety processing and role versatility can translate faster than outside CB.""}"
draft_translation,college_to_nfl_rating_translation.csv,college_to_nfl_rating_translation,runtime_tuning,808,S,"{""position_group"":""S"",""draft_capital_tier"":""top_10"",""pick_min"":""6"",""pick_max"":""10"",""college_band"":""college_below_60"",""college_ovr_min"":""1"",""college_ovr_max"":""59"",""nfl_rookie_ovr_min"":""43"",""nfl_rookie_ovr_max"":""50"",""nfl_potential_min"":""68"",""nfl_potential_max"":""82"",""translation_uncertainty_sigma"":""0.12"",""readiness_tag"":""premium_day_one"",""rare_exception_allowed"":""yes"",""notes"":""Safety processing and role versatility can translate faster than outside CB.""}"
draft_translation,college_to_nfl_rating_translation.csv,college_to_nfl_rating_translation,runtime_tuning,809,S,"{""position_group"":""S"",""draft_capital_tier"":""round1_early_mid"",""pick_min"":""11"",""pick_max"":""20"",""college_band"":""college_98_99"",""college_ovr_min"":""98"",""college_ovr_max"":""99"",""nfl_rookie_ovr_min"":""73"",""nfl_rookie_ovr_max"":""82"",""nfl_potential_min"":""82"",""nfl_potential_max"":""96"",""translation_uncertainty_sigma"":""0.11"",""readiness_tag"":""day_one_compete"",""rare_exception_allowed"":""yes"",""notes"":""Safety processing and role versatility can translate faster than outside CB.""}"
draft_translation,college_to_nfl_rating_translation.csv,college_to_nfl_rating_translation,runtime_tuning,810,S,"{""position_group"":""S"",""draft_capital_tier"":""round1_early_mid"",""pick_min"":""11"",""pick_max"":""20"",""college_band"":""college_95_97"",""college_ovr_min"":""95"",""college_ovr_max"":""97"",""nfl_rookie_ovr_min"":""71"",""nfl_rookie_ovr_max"":""80"",""nfl_potential_min"":""81"",""nfl_potential_max"":""95"",""translation_uncertainty_sigma"":""0.11"",""readiness_tag"":""day_one_compete"",""rare_exception_allowed"":""yes"",""notes"":""Safety processing and role versatility can translate faster than outside CB.""}"
draft_translation,college_to_nfl_rating_translation.csv,college_to_nfl_rating_translation,runtime_tuning,811,S,"{""position_group"":""S"",""draft_capital_tier"":""round1_early_mid"",""pick_min"":""11"",""pick_max"":""20"",""college_band"":""college_90_94"",""college_ovr_min"":""90"",""college_ovr_max"":""94"",""nfl_rookie_ovr_min"":""69"",""nfl_rookie_ovr_max"":""78"",""nfl_potential_min"":""80"",""nfl_potential_max"":""94"",""translation_uncertainty_sigma"":""0.11"",""readiness_tag"":""day_one_compete"",""rare_exception_allowed"":""yes"",""notes"":""Safety processing and role versatility can translate faster than outside CB.""}"
draft_translation,college_to_nfl_rating_translation.csv,college_to_nfl_rating_translation,runtime_tuning,812,S,"{""position_group"":""S"",""draft_capital_tier"":""round1_early_mid"",""pick_min"":""11"",""pick_max"":""20"",""college_band"":""college_84_89"",""college_ovr_min"":""84"",""college_ovr_max"":""89"",""nfl_rookie_ovr_min"":""66"",""nfl_rookie_ovr_max"":""75"",""nfl_potential_min"":""78"",""nfl_potential_max"":""92"",""translation_uncertainty_sigma"":""0.11"",""readiness_tag"":""day_one_compete"",""rare_exception_allowed"":""yes"",""notes"":""Safety processing and role versatility can translate faster than outside CB.""}"
draft_translation,college_to_nfl_rating_translation.csv,college_to_nfl_rating_translation,runtime_tuning,813,S,"{""position_group"":""S"",""draft_capital_tier"":""round1_early_mid"",""pick_min"":""11"",""pick_max"":""20"",""college_band"":""college_78_83"",""college_ovr_min"":""78"",""college_ovr_max"":""83"",""nfl_rookie_ovr_min"":""62"",""nfl_rookie_ovr_max"":""71"",""nfl_potential_min"":""76"",""nfl_potential_max"":""90"",""translation_uncertainty_sigma"":""0.11"",""readiness_tag"":""day_one_compete"",""rare_exception_allowed"":""yes"",""notes"":""Safety processing and role versatility can translate faster than outside CB.""}"
draft_translation,college_to_nfl_rating_translation.csv,college_to_nfl_rating_translation,runtime_tuning,814,S,"{""position_group"":""S"",""draft_capital_tier"":""round1_early_mid"",""pick_min"":""11"",""pick_max"":""20"",""college_band"":""college_70_77"",""college_ovr_min"":""70"",""college_ovr_max"":""77"",""nfl_rookie_ovr_min"":""56"",""nfl_rookie_ovr_max"":""64"",""nfl_potential_min"":""73"",""nfl_potential_max"":""87"",""translation_uncertainty_sigma"":""0.13"",""readiness_tag"":""day_one_compete"",""rare_exception_allowed"":""yes"",""notes"":""Safety processing and role versatility can translate faster than outside CB.""}"
draft_translation,college_to_nfl_rating_translation.csv,college_to_nfl_rating_translation,runtime_tuning,815,S,"{""position_group"":""S"",""draft_capital_tier"":""round1_early_mid"",""pick_min"":""11"",""pick_max"":""20"",""college_band"":""college_60_69"",""college_ovr_min"":""60"",""college_ovr_max"":""69"",""nfl_rookie_ovr_min"":""48"",""nfl_rookie_ovr_max"":""55"",""nfl_potential_min"":""70"",""nfl_potential_max"":""84"",""translation_uncertainty_sigma"":""0.13"",""readiness_tag"":""day_one_compete"",""rare_exception_allowed"":""yes"",""notes"":""Safety processing and role versatility can translate faster than outside CB.""}"
draft_translation,college_to_nfl_rating_translation.csv,college_to_nfl_rating_translation,runtime_tuning,816,S,"{""position_group"":""S"",""draft_capital_tier"":""round1_early_mid"",""pick_min"":""11"",""pick_max"":""20"",""college_band"":""college_below_60"",""college_ovr_min"":""1"",""college_ovr_max"":""59"",""nfl_rookie_ovr_min"":""41"",""nfl_rookie_ovr_max"":""48"",""nfl_potential_min"":""66"",""nfl_potential_max"":""80"",""translation_uncertainty_sigma"":""0.13"",""readiness_tag"":""day_one_compete"",""rare_exception_allowed"":""yes"",""notes"":""Safety processing and role versatility can translate faster than outside CB.""}"
draft_translation,college_to_nfl_rating_translation.csv,college_to_nfl_rating_translation,runtime_tuning,817,S,"{""position_group"":""S"",""draft_capital_tier"":""round1_late"",""pick_min"":""21"",""pick_max"":""32"",""college_band"":""college_98_99"",""college_ovr_min"":""98"",""college_ovr_max"":""99"",""nfl_rookie_ovr_min"":""71"",""nfl_rookie_ovr_max"":""80"",""nfl_potential_min"":""81"",""nfl_potential_max"":""95"",""translation_uncertainty_sigma"":""0.12"",""readiness_tag"":""day_one_compete"",""rare_exception_allowed"":""limited"",""notes"":""Safety processing and role versatility can translate faster than outside CB.""}"
draft_translation,college_to_nfl_rating_translation.csv,college_to_nfl_rating_translation,runtime_tuning,818,S,"{""position_group"":""S"",""draft_capital_tier"":""round1_late"",""pick_min"":""21"",""pick_max"":""32"",""college_band"":""college_95_97"",""college_ovr_min"":""95"",""college_ovr_max"":""97"",""nfl_rookie_ovr_min"":""69"",""nfl_rookie_ovr_max"":""78"",""nfl_potential_min"":""80"",""nfl_potential_max"":""94"",""translation_uncertainty_sigma"":""0.12"",""readiness_tag"":""day_one_compete"",""rare_exception_allowed"":""limited"",""notes"":""Safety processing and role versatility can translate faster than outside CB.""}"
draft_translation,college_to_nfl_rating_translation.csv,college_to_nfl_rating_translation,runtime_tuning,819,S,"{""position_group"":""S"",""draft_capital_tier"":""round1_late"",""pick_min"":""21"",""pick_max"":""32"",""college_band"":""college_90_94"",""college_ovr_min"":""90"",""college_ovr_max"":""94"",""nfl_rookie_ovr_min"":""67"",""nfl_rookie_ovr_max"":""76"",""nfl_potential_min"":""79"",""nfl_potential_max"":""93"",""translation_uncertainty_sigma"":""0.12"",""readiness_tag"":""day_one_compete"",""rare_exception_allowed"":""limited"",""notes"":""Safety processing and role versatility can translate faster than outside CB.""}"
draft_translation,college_to_nfl_rating_translation.csv,college_to_nfl_rating_translation,runtime_tuning,820,S,"{""position_group"":""S"",""draft_capital_tier"":""round1_late"",""pick_min"":""21"",""pick_max"":""32"",""college_band"":""college_84_89"",""college_ovr_min"":""84"",""college_ovr_max"":""89"",""nfl_rookie_ovr_min"":""64"",""nfl_rookie_ovr_max"":""73"",""nfl_potential_min"":""77"",""nfl_potential_max"":""91"",""translation_uncertainty_sigma"":""0.12"",""readiness_tag"":""day_one_compete"",""rare_exception_allowed"":""limited"",""notes"":""Safety processing and role versatility can translate faster than outside CB.""}"
draft_translation,college_to_nfl_rating_translation.csv,college_to_nfl_rating_translation,runtime_tuning,821,S,"{""position_group"":""S"",""draft_capital_tier"":""round1_late"",""pick_min"":""21"",""pick_max"":""32"",""college_band"":""college_78_83"",""college_ovr_min"":""78"",""college_ovr_max"":""83"",""nfl_rookie_ovr_min"":""60"",""nfl_rookie_ovr_max"":""69"",""nfl_potential_min"":""75"",""nfl_potential_max"":""89"",""translation_uncertainty_sigma"":""0.12"",""readiness_tag"":""day_one_compete"",""rare_exception_allowed"":""limited"",""notes"":""Safety processing and role versatility can translate faster than outside CB.""}"
draft_translation,college_to_nfl_rating_translation.csv,college_to_nfl_rating_translation,runtime_tuning,822,S,"{""position_group"":""S"",""draft_capital_tier"":""round1_late"",""pick_min"":""21"",""pick_max"":""32"",""college_band"":""college_70_77"",""college_ovr_min"":""70"",""college_ovr_max"":""77"",""nfl_rookie_ovr_min"":""54"",""nfl_rookie_ovr_max"":""62"",""nfl_potential_min"":""72"",""nfl_potential_max"":""86"",""translation_uncertainty_sigma"":""0.14"",""readiness_tag"":""day_one_compete"",""rare_exception_allowed"":""limited"",""notes"":""Safety processing and role versatility can translate faster than outside CB.""}"
draft_translation,college_to_nfl_rating_translation.csv,college_to_nfl_rating_translation,runtime_tuning,823,S,"{""position_group"":""S"",""draft_capital_tier"":""round1_late"",""pick_min"":""21"",""pick_max"":""32"",""college_band"":""college_60_69"",""college_ovr_min"":""60"",""college_ovr_max"":""69"",""nfl_rookie_ovr_min"":""46"",""nfl_rookie_ovr_max"":""53"",""nfl_potential_min"":""69"",""nfl_potential_max"":""83"",""translation_uncertainty_sigma"":""0.14"",""readiness_tag"":""day_one_compete"",""rare_exception_allowed"":""limited"",""notes"":""Safety processing and role versatility can translate faster than outside CB.""}"
draft_translation,college_to_nfl_rating_translation.csv,college_to_nfl_rating_translation,runtime_tuning,824,S,"{""position_group"":""S"",""draft_capital_tier"":""round1_late"",""pick_min"":""21"",""pick_max"":""32"",""college_band"":""college_below_60"",""college_ovr_min"":""1"",""college_ovr_max"":""59"",""nfl_rookie_ovr_min"":""39"",""nfl_rookie_ovr_max"":""46"",""nfl_potential_min"":""65"",""nfl_potential_max"":""79"",""translation_uncertainty_sigma"":""0.14"",""readiness_tag"":""day_one_compete"",""rare_exception_allowed"":""limited"",""notes"":""Safety processing and role versatility can translate faster than outside CB.""}"
draft_translation,college_to_nfl_rating_translation.csv,college_to_nfl_rating_translation,runtime_tuning,825,S,"{""position_group"":""S"",""draft_capital_tier"":""round2"",""pick_min"":""33"",""pick_max"":""64"",""college_band"":""college_98_99"",""college_ovr_min"":""98"",""college_ovr_max"":""99"",""nfl_rookie_ovr_min"":""68"",""nfl_rookie_ovr_max"":""77"",""nfl_potential_min"":""79"",""nfl_potential_max"":""93"",""translation_uncertainty_sigma"":""0.14"",""readiness_tag"":""rotation_early"",""rare_exception_allowed"":""limited"",""notes"":""Safety processing and role versatility can translate faster than outside CB.""}"
draft_translation,college_to_nfl_rating_translation.csv,college_to_nfl_rating_translation,runtime_tuning,826,S,"{""position_group"":""S"",""draft_capital_tier"":""round2"",""pick_min"":""33"",""pick_max"":""64"",""college_band"":""college_95_97"",""college_ovr_min"":""95"",""college_ovr_max"":""97"",""nfl_rookie_ovr_min"":""66"",""nfl_rookie_ovr_max"":""75"",""nfl_potential_min"":""78"",""nfl_potential_max"":""92"",""translation_uncertainty_sigma"":""0.14"",""readiness_tag"":""rotation_early"",""rare_exception_allowed"":""limited"",""notes"":""Safety processing and role versatility can translate faster than outside CB.""}"
draft_translation,college_to_nfl_rating_translation.csv,college_to_nfl_rating_translation,runtime_tuning,827,S,"{""position_group"":""S"",""draft_capital_tier"":""round2"",""pick_min"":""33"",""pick_max"":""64"",""college_band"":""college_90_94"",""college_ovr_min"":""90"",""college_ovr_max"":""94"",""nfl_rookie_ovr_min"":""64"",""nfl_rookie_ovr_max"":""73"",""nfl_potential_min"":""77"",""nfl_potential_max"":""91"",""translation_uncertainty_sigma"":""0.14"",""readiness_tag"":""rotation_early"",""rare_exception_allowed"":""limited"",""notes"":""Safety processing and role versatility can translate faster than outside CB.""}"
draft_translation,college_to_nfl_rating_translation.csv,college_to_nfl_rating_translation,runtime_tuning,828,S,"{""position_group"":""S"",""draft_capital_tier"":""round2"",""pick_min"":""33"",""pick_max"":""64"",""college_band"":""college_84_89"",""college_ovr_min"":""84"",""college_ovr_max"":""89"",""nfl_rookie_ovr_min"":""61"",""nfl_rookie_ovr_max"":""70"",""nfl_potential_min"":""75"",""nfl_potential_max"":""89"",""translation_uncertainty_sigma"":""0.14"",""readiness_tag"":""rotation_early"",""rare_exception_allowed"":""limited"",""notes"":""Safety processing and role versatility can translate faster than outside CB.""}"
draft_translation,college_to_nfl_rating_translation.csv,college_to_nfl_rating_translation,runtime_tuning,829,S,"{""position_group"":""S"",""draft_capital_tier"":""round2"",""pick_min"":""33"",""pick_max"":""64"",""college_band"":""college_78_83"",""college_ovr_min"":""78"",""college_ovr_max"":""83"",""nfl_rookie_ovr_min"":""57"",""nfl_rookie_ovr_max"":""66"",""nfl_potential_min"":""73"",""nfl_potential_max"":""87"",""translation_uncertainty_sigma"":""0.14"",""readiness_tag"":""rotation_early"",""rare_exception_allowed"":""limited"",""notes"":""Safety processing and role versatility can translate faster than outside CB.""}"
draft_translation,college_to_nfl_rating_translation.csv,college_to_nfl_rating_translation,runtime_tuning,830,S,"{""position_group"":""S"",""draft_capital_tier"":""round2"",""pick_min"":""33"",""pick_max"":""64"",""college_band"":""college_70_77"",""college_ovr_min"":""70"",""college_ovr_max"":""77"",""nfl_rookie_ovr_min"":""51"",""nfl_rookie_ovr_max"":""59"",""nfl_potential_min"":""70"",""nfl_potential_max"":""84"",""translation_uncertainty_sigma"":""0.16"",""readiness_tag"":""rotation_early"",""rare_exception_allowed"":""limited"",""notes"":""Safety processing and role versatility can translate faster than outside CB.""}"
draft_translation,college_to_nfl_rating_translation.csv,college_to_nfl_rating_translation,runtime_tuning,831,S,"{""position_group"":""S"",""draft_capital_tier"":""round2"",""pick_min"":""33"",""pick_max"":""64"",""college_band"":""college_60_69"",""college_ovr_min"":""60"",""college_ovr_max"":""69"",""nfl_rookie_ovr_min"":""43"",""nfl_rookie_ovr_max"":""50"",""nfl_potential_min"":""67"",""nfl_potential_max"":""81"",""translation_uncertainty_sigma"":""0.16"",""readiness_tag"":""rotation_early"",""rare_exception_allowed"":""limited"",""notes"":""Safety processing and role versatility can translate faster than outside CB.""}"
draft_translation,college_to_nfl_rating_translation.csv,college_to_nfl_rating_translation,runtime_tuning,832,S,"{""position_group"":""S"",""draft_capital_tier"":""round2"",""pick_min"":""33"",""pick_max"":""64"",""college_band"":""college_below_60"",""college_ovr_min"":""1"",""college_ovr_max"":""59"",""nfl_rookie_ovr_min"":""36"",""nfl_rookie_ovr_max"":""43"",""nfl_potential_min"":""63"",""nfl_potential_max"":""77"",""translation_uncertainty_sigma"":""0.16"",""readiness_tag"":""rotation_early"",""rare_exception_allowed"":""limited"",""notes"":""Safety processing and role versatility can translate faster than outside CB.""}"
draft_translation,college_to_nfl_rating_translation.csv,college_to_nfl_rating_translation,runtime_tuning,833,S,"{""position_group"":""S"",""draft_capital_tier"":""round3"",""pick_min"":""65"",""pick_max"":""100"",""college_band"":""college_98_99"",""college_ovr_min"":""98"",""college_ovr_max"":""99"",""nfl_rookie_ovr_min"":""65"",""nfl_rookie_ovr_max"":""74"",""nfl_potential_min"":""77"",""nfl_potential_max"":""91"",""translation_uncertainty_sigma"":""0.17"",""readiness_tag"":""rotation_development"",""rare_exception_allowed"":""limited"",""notes"":""Safety processing and role versatility can translate faster than outside CB.""}"
draft_translation,college_to_nfl_rating_translation.csv,college_to_nfl_rating_translation,runtime_tuning,834,S,"{""position_group"":""S"",""draft_capital_tier"":""round3"",""pick_min"":""65"",""pick_max"":""100"",""college_band"":""college_95_97"",""college_ovr_min"":""95"",""college_ovr_max"":""97"",""nfl_rookie_ovr_min"":""63"",""nfl_rookie_ovr_max"":""72"",""nfl_potential_min"":""76"",""nfl_potential_max"":""90"",""translation_uncertainty_sigma"":""0.17"",""readiness_tag"":""rotation_development"",""rare_exception_allowed"":""limited"",""notes"":""Safety processing and role versatility can translate faster than outside CB.""}"
draft_translation,college_to_nfl_rating_translation.csv,college_to_nfl_rating_translation,runtime_tuning,835,S,"{""position_group"":""S"",""draft_capital_tier"":""round3"",""pick_min"":""65"",""pick_max"":""100"",""college_band"":""college_90_94"",""college_ovr_min"":""90"",""college_ovr_max"":""94"",""nfl_rookie_ovr_min"":""61"",""nfl_rookie_ovr_max"":""70"",""nfl_potential_min"":""75"",""nfl_potential_max"":""89"",""translation_uncertainty_sigma"":""0.17"",""readiness_tag"":""rotation_development"",""rare_exception_allowed"":""limited"",""notes"":""Safety processing and role versatility can translate faster than outside CB.""}"
draft_translation,college_to_nfl_rating_translation.csv,college_to_nfl_rating_translation,runtime_tuning,836,S,"{""position_group"":""S"",""draft_capital_tier"":""round3"",""pick_min"":""65"",""pick_max"":""100"",""college_band"":""college_84_89"",""college_ovr_min"":""84"",""college_ovr_max"":""89"",""nfl_rookie_ovr_min"":""58"",""nfl_rookie_ovr_max"":""67"",""nfl_potential_min"":""73"",""nfl_potential_max"":""87"",""translation_uncertainty_sigma"":""0.17"",""readiness_tag"":""rotation_development"",""rare_exception_allowed"":""limited"",""notes"":""Safety processing and role versatility can translate faster than outside CB.""}"
draft_translation,college_to_nfl_rating_translation.csv,college_to_nfl_rating_translation,runtime_tuning,837,S,"{""position_group"":""S"",""draft_capital_tier"":""round3"",""pick_min"":""65"",""pick_max"":""100"",""college_band"":""college_78_83"",""college_ovr_min"":""78"",""college_ovr_max"":""83"",""nfl_rookie_ovr_min"":""54"",""nfl_rookie_ovr_max"":""63"",""nfl_potential_min"":""71"",""nfl_potential_max"":""85"",""translation_uncertainty_sigma"":""0.17"",""readiness_tag"":""rotation_development"",""rare_exception_allowed"":""limited"",""notes"":""Safety processing and role versatility can translate faster than outside CB.""}"
draft_translation,college_to_nfl_rating_translation.csv,college_to_nfl_rating_translation,runtime_tuning,838,S,"{""position_group"":""S"",""draft_capital_tier"":""round3"",""pick_min"":""65"",""pick_max"":""100"",""college_band"":""college_70_77"",""college_ovr_min"":""70"",""college_ovr_max"":""77"",""nfl_rookie_ovr_min"":""48"",""nfl_rookie_ovr_max"":""56"",""nfl_potential_min"":""68"",""nfl_potential_max"":""82"",""translation_uncertainty_sigma"":""0.19"",""readiness_tag"":""rotation_development"",""rare_exception_allowed"":""limited"",""notes"":""Safety processing and role versatility can translate faster than outside CB.""}"
draft_translation,college_to_nfl_rating_translation.csv,college_to_nfl_rating_translation,runtime_tuning,839,S,"{""position_group"":""S"",""draft_capital_tier"":""round3"",""pick_min"":""65"",""pick_max"":""100"",""college_band"":""college_60_69"",""college_ovr_min"":""60"",""college_ovr_max"":""69"",""nfl_rookie_ovr_min"":""40"",""nfl_rookie_ovr_max"":""47"",""nfl_potential_min"":""65"",""nfl_potential_max"":""79"",""translation_uncertainty_sigma"":""0.19"",""readiness_tag"":""rotation_development"",""rare_exception_allowed"":""limited"",""notes"":""Safety processing and role versatility can translate faster than outside CB.""}"
draft_translation,college_to_nfl_rating_translation.csv,college_to_nfl_rating_translation,runtime_tuning,840,S,"{""position_group"":""S"",""draft_capital_tier"":""round3"",""pick_min"":""65"",""pick_max"":""100"",""college_band"":""college_below_60"",""college_ovr_min"":""1"",""college_ovr_max"":""59"",""nfl_rookie_ovr_min"":""36"",""nfl_rookie_ovr_max"":""40"",""nfl_potential_min"":""61"",""nfl_potential_max"":""75"",""translation_uncertainty_sigma"":""0.19"",""readiness_tag"":""rotation_development"",""rare_exception_allowed"":""limited"",""notes"":""Safety processing and role versatility can translate faster than outside CB.""}"
draft_translation,college_to_nfl_rating_translation.csv,college_to_nfl_rating_translation,runtime_tuning,841,S,"{""position_group"":""S"",""draft_capital_tier"":""round4"",""pick_min"":""101"",""pick_max"":""140"",""college_band"":""college_98_99"",""college_ovr_min"":""98"",""college_ovr_max"":""99"",""nfl_rookie_ovr_min"":""62"",""nfl_rookie_ovr_max"":""71"",""nfl_potential_min"":""75"",""nfl_potential_max"":""89"",""translation_uncertainty_sigma"":""0.19"",""readiness_tag"":""depth_development"",""rare_exception_allowed"":""limited"",""notes"":""Safety processing and role versatility can translate faster than outside CB.""}"
draft_translation,college_to_nfl_rating_translation.csv,college_to_nfl_rating_translation,runtime_tuning,842,S,"{""position_group"":""S"",""draft_capital_tier"":""round4"",""pick_min"":""101"",""pick_max"":""140"",""college_band"":""college_95_97"",""college_ovr_min"":""95"",""college_ovr_max"":""97"",""nfl_rookie_ovr_min"":""60"",""nfl_rookie_ovr_max"":""69"",""nfl_potential_min"":""74"",""nfl_potential_max"":""88"",""translation_uncertainty_sigma"":""0.19"",""readiness_tag"":""depth_development"",""rare_exception_allowed"":""limited"",""notes"":""Safety processing and role versatility can translate faster than outside CB.""}"
draft_translation,college_to_nfl_rating_translation.csv,college_to_nfl_rating_translation,runtime_tuning,843,S,"{""position_group"":""S"",""draft_capital_tier"":""round4"",""pick_min"":""101"",""pick_max"":""140"",""college_band"":""college_90_94"",""college_ovr_min"":""90"",""college_ovr_max"":""94"",""nfl_rookie_ovr_min"":""58"",""nfl_rookie_ovr_max"":""67"",""nfl_potential_min"":""73"",""nfl_potential_max"":""87"",""translation_uncertainty_sigma"":""0.19"",""readiness_tag"":""depth_development"",""rare_exception_allowed"":""limited"",""notes"":""Safety processing and role versatility can translate faster than outside CB.""}"
draft_translation,college_to_nfl_rating_translation.csv,college_to_nfl_rating_translation,runtime_tuning,844,S,"{""position_group"":""S"",""draft_capital_tier"":""round4"",""pick_min"":""101"",""pick_max"":""140"",""college_band"":""college_84_89"",""college_ovr_min"":""84"",""college_ovr_max"":""89"",""nfl_rookie_ovr_min"":""55"",""nfl_rookie_ovr_max"":""64"",""nfl_potential_min"":""71"",""nfl_potential_max"":""85"",""translation_uncertainty_sigma"":""0.19"",""readiness_tag"":""depth_development"",""rare_exception_allowed"":""limited"",""notes"":""Safety processing and role versatility can translate faster than outside CB.""}"
draft_translation,college_to_nfl_rating_translation.csv,college_to_nfl_rating_translation,runtime_tuning,845,S,"{""position_group"":""S"",""draft_capital_tier"":""round4"",""pick_min"":""101"",""pick_max"":""140"",""college_band"":""college_78_83"",""college_ovr_min"":""78"",""college_ovr_max"":""83"",""nfl_rookie_ovr_min"":""51"",""nfl_rookie_ovr_max"":""60"",""nfl_potential_min"":""69"",""nfl_potential_max"":""83"",""translation_uncertainty_sigma"":""0.19"",""readiness_tag"":""depth_development"",""rare_exception_allowed"":""limited"",""notes"":""Safety processing and role versatility can translate faster than outside CB.""}"
draft_translation,college_to_nfl_rating_translation.csv,college_to_nfl_rating_translation,runtime_tuning,846,S,"{""position_group"":""S"",""draft_capital_tier"":""round4"",""pick_min"":""101"",""pick_max"":""140"",""college_band"":""college_70_77"",""college_ovr_min"":""70"",""college_ovr_max"":""77"",""nfl_rookie_ovr_min"":""45"",""nfl_rookie_ovr_max"":""53"",""nfl_potential_min"":""66"",""nfl_potential_max"":""80"",""translation_uncertainty_sigma"":""0.21"",""readiness_tag"":""depth_development"",""rare_exception_allowed"":""limited"",""notes"":""Safety processing and role versatility can translate faster than outside CB.""}"
draft_translation,college_to_nfl_rating_translation.csv,college_to_nfl_rating_translation,runtime_tuning,847,S,"{""position_group"":""S"",""draft_capital_tier"":""round4"",""pick_min"":""101"",""pick_max"":""140"",""college_band"":""college_60_69"",""college_ovr_min"":""60"",""college_ovr_max"":""69"",""nfl_rookie_ovr_min"":""37"",""nfl_rookie_ovr_max"":""44"",""nfl_potential_min"":""63"",""nfl_potential_max"":""77"",""translation_uncertainty_sigma"":""0.21"",""readiness_tag"":""depth_development"",""rare_exception_allowed"":""limited"",""notes"":""Safety processing and role versatility can translate faster than outside CB.""}"
draft_translation,college_to_nfl_rating_translation.csv,college_to_nfl_rating_translation,runtime_tuning,848,S,"{""position_group"":""S"",""draft_capital_tier"":""round4"",""pick_min"":""101"",""pick_max"":""140"",""college_band"":""college_below_60"",""college_ovr_min"":""1"",""college_ovr_max"":""59"",""nfl_rookie_ovr_min"":""36"",""nfl_rookie_ovr_max"":""38"",""nfl_potential_min"":""59"",""nfl_potential_max"":""73"",""translation_uncertainty_sigma"":""0.21"",""readiness_tag"":""depth_development"",""rare_exception_allowed"":""limited"",""notes"":""Safety processing and role versatility can translate faster than outside CB.""}"
draft_translation,college_to_nfl_rating_translation.csv,college_to_nfl_rating_translation,runtime_tuning,849,S,"{""position_group"":""S"",""draft_capital_tier"":""round5"",""pick_min"":""141"",""pick_max"":""180"",""college_band"":""college_98_99"",""college_ovr_min"":""98"",""college_ovr_max"":""99"",""nfl_rookie_ovr_min"":""59"",""nfl_rookie_ovr_max"":""68"",""nfl_potential_min"":""73"",""nfl_potential_max"":""87"",""translation_uncertainty_sigma"":""0.21"",""readiness_tag"":""depth_development"",""rare_exception_allowed"":""limited"",""notes"":""Safety processing and role versatility can translate faster than outside CB.""}"
draft_translation,college_to_nfl_rating_translation.csv,college_to_nfl_rating_translation,runtime_tuning,850,S,"{""position_group"":""S"",""draft_capital_tier"":""round5"",""pick_min"":""141"",""pick_max"":""180"",""college_band"":""college_95_97"",""college_ovr_min"":""95"",""college_ovr_max"":""97"",""nfl_rookie_ovr_min"":""57"",""nfl_rookie_ovr_max"":""66"",""nfl_potential_min"":""72"",""nfl_potential_max"":""86"",""translation_uncertainty_sigma"":""0.21"",""readiness_tag"":""depth_development"",""rare_exception_allowed"":""limited"",""notes"":""Safety processing and role versatility can translate faster than outside CB.""}"
draft_translation,college_to_nfl_rating_translation.csv,college_to_nfl_rating_translation,runtime_tuning,851,S,"{""position_group"":""S"",""draft_capital_tier"":""round5"",""pick_min"":""141"",""pick_max"":""180"",""college_band"":""college_90_94"",""college_ovr_min"":""90"",""college_ovr_max"":""94"",""nfl_rookie_ovr_min"":""55"",""nfl_rookie_ovr_max"":""64"",""nfl_potential_min"":""71"",""nfl_potential_max"":""85"",""translation_uncertainty_sigma"":""0.21"",""readiness_tag"":""depth_development"",""rare_exception_allowed"":""limited"",""notes"":""Safety processing and role versatility can translate faster than outside CB.""}"
draft_translation,college_to_nfl_rating_translation.csv,college_to_nfl_rating_translation,runtime_tuning,852,S,"{""position_group"":""S"",""draft_capital_tier"":""round5"",""pick_min"":""141"",""pick_max"":""180"",""college_band"":""college_84_89"",""college_ovr_min"":""84"",""college_ovr_max"":""89"",""nfl_rookie_ovr_min"":""52"",""nfl_rookie_ovr_max"":""61"",""nfl_potential_min"":""69"",""nfl_potential_max"":""83"",""translation_uncertainty_sigma"":""0.21"",""readiness_tag"":""depth_development"",""rare_exception_allowed"":""limited"",""notes"":""Safety processing and role versatility can translate faster than outside CB.""}"
draft_translation,college_to_nfl_rating_translation.csv,college_to_nfl_rating_translation,runtime_tuning,853,S,"{""position_group"":""S"",""draft_capital_tier"":""round5"",""pick_min"":""141"",""pick_max"":""180"",""college_band"":""college_78_83"",""college_ovr_min"":""78"",""college_ovr_max"":""83"",""nfl_rookie_ovr_min"":""48"",""nfl_rookie_ovr_max"":""57"",""nfl_potential_min"":""67"",""nfl_potential_max"":""81"",""translation_uncertainty_sigma"":""0.21"",""readiness_tag"":""depth_development"",""rare_exception_allowed"":""limited"",""notes"":""Safety processing and role versatility can translate faster than outside CB.""}"
draft_translation,college_to_nfl_rating_translation.csv,college_to_nfl_rating_translation,runtime_tuning,854,S,"{""position_group"":""S"",""draft_capital_tier"":""round5"",""pick_min"":""141"",""pick_max"":""180"",""college_band"":""college_70_77"",""college_ovr_min"":""70"",""college_ovr_max"":""77"",""nfl_rookie_ovr_min"":""42"",""nfl_rookie_ovr_max"":""50"",""nfl_potential_min"":""64"",""nfl_potential_max"":""78"",""translation_uncertainty_sigma"":""0.23"",""readiness_tag"":""depth_development"",""rare_exception_allowed"":""limited"",""notes"":""Safety processing and role versatility can translate faster than outside CB.""}"
draft_translation,college_to_nfl_rating_translation.csv,college_to_nfl_rating_translation,runtime_tuning,855,S,"{""position_group"":""S"",""draft_capital_tier"":""round5"",""pick_min"":""141"",""pick_max"":""180"",""college_band"":""college_60_69"",""college_ovr_min"":""60"",""college_ovr_max"":""69"",""nfl_rookie_ovr_min"":""36"",""nfl_rookie_ovr_max"":""41"",""nfl_potential_min"":""61"",""nfl_potential_max"":""75"",""translation_uncertainty_sigma"":""0.23"",""readiness_tag"":""depth_development"",""rare_exception_allowed"":""limited"",""notes"":""Safety processing and role versatility can translate faster than outside CB.""}"
draft_translation,college_to_nfl_rating_translation.csv,college_to_nfl_rating_translation,runtime_tuning,856,S,"{""position_group"":""S"",""draft_capital_tier"":""round5"",""pick_min"":""141"",""pick_max"":""180"",""college_band"":""college_below_60"",""college_ovr_min"":""1"",""college_ovr_max"":""59"",""nfl_rookie_ovr_min"":""36"",""nfl_rookie_ovr_max"":""38"",""nfl_potential_min"":""57"",""nfl_potential_max"":""71"",""translation_uncertainty_sigma"":""0.23"",""readiness_tag"":""depth_development"",""rare_exception_allowed"":""limited"",""notes"":""Safety processing and role versatility can translate faster than outside CB.""}"
draft_translation,college_to_nfl_rating_translation.csv,college_to_nfl_rating_translation,runtime_tuning,857,S,"{""position_group"":""S"",""draft_capital_tier"":""round6_7"",""pick_min"":""181"",""pick_max"":""260"",""college_band"":""college_98_99"",""college_ovr_min"":""98"",""college_ovr_max"":""99"",""nfl_rookie_ovr_min"":""56"",""nfl_rookie_ovr_max"":""65"",""nfl_potential_min"":""70"",""nfl_potential_max"":""84"",""translation_uncertainty_sigma"":""0.24"",""readiness_tag"":""longshot_roster"",""rare_exception_allowed"":""limited"",""notes"":""Safety processing and role versatility can translate faster than outside CB.""}"
draft_translation,college_to_nfl_rating_translation.csv,college_to_nfl_rating_translation,runtime_tuning,858,S,"{""position_group"":""S"",""draft_capital_tier"":""round6_7"",""pick_min"":""181"",""pick_max"":""260"",""college_band"":""college_95_97"",""college_ovr_min"":""95"",""college_ovr_max"":""97"",""nfl_rookie_ovr_min"":""54"",""nfl_rookie_ovr_max"":""63"",""nfl_potential_min"":""69"",""nfl_potential_max"":""83"",""translation_uncertainty_sigma"":""0.24"",""readiness_tag"":""longshot_roster"",""rare_exception_allowed"":""limited"",""notes"":""Safety processing and role versatility can translate faster than outside CB.""}"
draft_translation,college_to_nfl_rating_translation.csv,college_to_nfl_rating_translation,runtime_tuning,859,S,"{""position_group"":""S"",""draft_capital_tier"":""round6_7"",""pick_min"":""181"",""pick_max"":""260"",""college_band"":""college_90_94"",""college_ovr_min"":""90"",""college_ovr_max"":""94"",""nfl_rookie_ovr_min"":""52"",""nfl_rookie_ovr_max"":""61"",""nfl_potential_min"":""68"",""nfl_potential_max"":""82"",""translation_uncertainty_sigma"":""0.24"",""readiness_tag"":""longshot_roster"",""rare_exception_allowed"":""limited"",""notes"":""Safety processing and role versatility can translate faster than outside CB.""}"
draft_translation,college_to_nfl_rating_translation.csv,college_to_nfl_rating_translation,runtime_tuning,860,S,"{""position_group"":""S"",""draft_capital_tier"":""round6_7"",""pick_min"":""181"",""pick_max"":""260"",""college_band"":""college_84_89"",""college_ovr_min"":""84"",""college_ovr_max"":""89"",""nfl_rookie_ovr_min"":""49"",""nfl_rookie_ovr_max"":""58"",""nfl_potential_min"":""66"",""nfl_potential_max"":""80"",""translation_uncertainty_sigma"":""0.24"",""readiness_tag"":""longshot_roster"",""rare_exception_allowed"":""limited"",""notes"":""Safety processing and role versatility can translate faster than outside CB.""}"
draft_translation,college_to_nfl_rating_translation.csv,college_to_nfl_rating_translation,runtime_tuning,861,S,"{""position_group"":""S"",""draft_capital_tier"":""round6_7"",""pick_min"":""181"",""pick_max"":""260"",""college_band"":""college_78_83"",""college_ovr_min"":""78"",""college_ovr_max"":""83"",""nfl_rookie_ovr_min"":""45"",""nfl_rookie_ovr_max"":""54"",""nfl_potential_min"":""64"",""nfl_potential_max"":""78"",""translation_uncertainty_sigma"":""0.24"",""readiness_tag"":""longshot_roster"",""rare_exception_allowed"":""limited"",""notes"":""Safety processing and role versatility can translate faster than outside CB.""}"
draft_translation,college_to_nfl_rating_translation.csv,college_to_nfl_rating_translation,runtime_tuning,862,S,"{""position_group"":""S"",""draft_capital_tier"":""round6_7"",""pick_min"":""181"",""pick_max"":""260"",""college_band"":""college_70_77"",""college_ovr_min"":""70"",""college_ovr_max"":""77"",""nfl_rookie_ovr_min"":""39"",""nfl_rookie_ovr_max"":""47"",""nfl_potential_min"":""61"",""nfl_potential_max"":""75"",""translation_uncertainty_sigma"":""0.26"",""readiness_tag"":""longshot_roster"",""rare_exception_allowed"":""limited"",""notes"":""Safety processing and role versatility can translate faster than outside CB.""}"
draft_translation,college_to_nfl_rating_translation.csv,college_to_nfl_rating_translation,runtime_tuning,863,S,"{""position_group"":""S"",""draft_capital_tier"":""round6_7"",""pick_min"":""181"",""pick_max"":""260"",""college_band"":""college_60_69"",""college_ovr_min"":""60"",""college_ovr_max"":""69"",""nfl_rookie_ovr_min"":""36"",""nfl_rookie_ovr_max"":""38"",""nfl_potential_min"":""58"",""nfl_potential_max"":""72"",""translation_uncertainty_sigma"":""0.26"",""readiness_tag"":""longshot_roster"",""rare_exception_allowed"":""limited"",""notes"":""Safety processing and role versatility can translate faster than outside CB.""}"
draft_translation,college_to_nfl_rating_translation.csv,college_to_nfl_rating_translation,runtime_tuning,864,S,"{""position_group"":""S"",""draft_capital_tier"":""round6_7"",""pick_min"":""181"",""pick_max"":""260"",""college_band"":""college_below_60"",""college_ovr_min"":""1"",""college_ovr_max"":""59"",""nfl_rookie_ovr_min"":""36"",""nfl_rookie_ovr_max"":""38"",""nfl_potential_min"":""54"",""nfl_potential_max"":""68"",""translation_uncertainty_sigma"":""0.26"",""readiness_tag"":""longshot_roster"",""rare_exception_allowed"":""limited"",""notes"":""Safety processing and role versatility can translate faster than outside CB.""}"
draft_translation,college_to_nfl_rating_translation.csv,college_to_nfl_rating_translation,runtime_tuning,865,S,"{""position_group"":""S"",""draft_capital_tier"":""priority_udfa"",""pick_min"":""261"",""pick_max"":""999"",""college_band"":""college_98_99"",""college_ovr_min"":""98"",""college_ovr_max"":""99"",""nfl_rookie_ovr_min"":""53"",""nfl_rookie_ovr_max"":""62"",""nfl_potential_min"":""68"",""nfl_potential_max"":""82"",""translation_uncertainty_sigma"":""0.27"",""readiness_tag"":""camp_compete"",""rare_exception_allowed"":""yes"",""notes"":""Safety processing and role versatility can translate faster than outside CB.""}"
draft_translation,college_to_nfl_rating_translation.csv,college_to_nfl_rating_translation,runtime_tuning,866,S,"{""position_group"":""S"",""draft_capital_tier"":""priority_udfa"",""pick_min"":""261"",""pick_max"":""999"",""college_band"":""college_95_97"",""college_ovr_min"":""95"",""college_ovr_max"":""97"",""nfl_rookie_ovr_min"":""51"",""nfl_rookie_ovr_max"":""60"",""nfl_potential_min"":""67"",""nfl_potential_max"":""81"",""translation_uncertainty_sigma"":""0.27"",""readiness_tag"":""camp_compete"",""rare_exception_allowed"":""yes"",""notes"":""Safety processing and role versatility can translate faster than outside CB.""}"
draft_translation,college_to_nfl_rating_translation.csv,college_to_nfl_rating_translation,runtime_tuning,867,S,"{""position_group"":""S"",""draft_capital_tier"":""priority_udfa"",""pick_min"":""261"",""pick_max"":""999"",""college_band"":""college_90_94"",""college_ovr_min"":""90"",""college_ovr_max"":""94"",""nfl_rookie_ovr_min"":""49"",""nfl_rookie_ovr_max"":""58"",""nfl_potential_min"":""66"",""nfl_potential_max"":""80"",""translation_uncertainty_sigma"":""0.27"",""readiness_tag"":""camp_compete"",""rare_exception_allowed"":""yes"",""notes"":""Safety processing and role versatility can translate faster than outside CB.""}"
draft_translation,college_to_nfl_rating_translation.csv,college_to_nfl_rating_translation,runtime_tuning,868,S,"{""position_group"":""S"",""draft_capital_tier"":""priority_udfa"",""pick_min"":""261"",""pick_max"":""999"",""college_band"":""college_84_89"",""college_ovr_min"":""84"",""college_ovr_max"":""89"",""nfl_rookie_ovr_min"":""46"",""nfl_rookie_ovr_max"":""55"",""nfl_potential_min"":""64"",""nfl_potential_max"":""78"",""translation_uncertainty_sigma"":""0.27"",""readiness_tag"":""camp_compete"",""rare_exception_allowed"":""yes"",""notes"":""Safety processing and role versatility can translate faster than outside CB.""}"
draft_translation,college_to_nfl_rating_translation.csv,college_to_nfl_rating_translation,runtime_tuning,869,S,"{""position_group"":""S"",""draft_capital_tier"":""priority_udfa"",""pick_min"":""261"",""pick_max"":""999"",""college_band"":""college_78_83"",""college_ovr_min"":""78"",""college_ovr_max"":""83"",""nfl_rookie_ovr_min"":""42"",""nfl_rookie_ovr_max"":""51"",""nfl_potential_min"":""62"",""nfl_potential_max"":""76"",""translation_uncertainty_sigma"":""0.27"",""readiness_tag"":""camp_compete"",""rare_exception_allowed"":""yes"",""notes"":""Safety processing and role versatility can translate faster than outside CB.""}"
draft_translation,college_to_nfl_rating_translation.csv,college_to_nfl_rating_translation,runtime_tuning,870,S,"{""position_group"":""S"",""draft_capital_tier"":""priority_udfa"",""pick_min"":""261"",""pick_max"":""999"",""college_band"":""college_70_77"",""college_ovr_min"":""70"",""college_ovr_max"":""77"",""nfl_rookie_ovr_min"":""36"",""nfl_rookie_ovr_max"":""44"",""nfl_potential_min"":""59"",""nfl_potential_max"":""73"",""translation_uncertainty_sigma"":""0.29"",""readiness_tag"":""camp_compete"",""rare_exception_allowed"":""yes"",""notes"":""Safety processing and role versatility can translate faster than outside CB.""}"
draft_translation,college_to_nfl_rating_translation.csv,college_to_nfl_rating_translation,runtime_tuning,871,S,"{""position_group"":""S"",""draft_capital_tier"":""priority_udfa"",""pick_min"":""261"",""pick_max"":""999"",""college_band"":""college_60_69"",""college_ovr_min"":""60"",""college_ovr_max"":""69"",""nfl_rookie_ovr_min"":""36"",""nfl_rookie_ovr_max"":""38"",""nfl_potential_min"":""56"",""nfl_potential_max"":""70"",""translation_uncertainty_sigma"":""0.29"",""readiness_tag"":""camp_compete"",""rare_exception_allowed"":""yes"",""notes"":""Safety processing and role versatility can translate faster than outside CB.""}"
draft_translation,college_to_nfl_rating_translation.csv,college_to_nfl_rating_translation,runtime_tuning,872,S,"{""position_group"":""S"",""draft_capital_tier"":""priority_udfa"",""pick_min"":""261"",""pick_max"":""999"",""college_band"":""college_below_60"",""college_ovr_min"":""1"",""college_ovr_max"":""59"",""nfl_rookie_ovr_min"":""36"",""nfl_rookie_ovr_max"":""38"",""nfl_potential_min"":""52"",""nfl_potential_max"":""66"",""translation_uncertainty_sigma"":""0.29"",""readiness_tag"":""camp_compete"",""rare_exception_allowed"":""yes"",""notes"":""Safety processing and role versatility can translate faster than outside CB.""}"
draft_translation,college_to_nfl_rating_translation.csv,college_to_nfl_rating_translation,runtime_tuning,873,S,"{""position_group"":""S"",""draft_capital_tier"":""camp_udfa"",""pick_min"":""1000"",""pick_max"":""9999"",""college_band"":""college_98_99"",""college_ovr_min"":""98"",""college_ovr_max"":""99"",""nfl_rookie_ovr_min"":""49"",""nfl_rookie_ovr_max"":""58"",""nfl_potential_min"":""65"",""nfl_potential_max"":""79"",""translation_uncertainty_sigma"":""0.3"",""readiness_tag"":""camp_body"",""rare_exception_allowed"":""limited"",""notes"":""Safety processing and role versatility can translate faster than outside CB.""}"
draft_translation,college_to_nfl_rating_translation.csv,college_to_nfl_rating_translation,runtime_tuning,874,S,"{""position_group"":""S"",""draft_capital_tier"":""camp_udfa"",""pick_min"":""1000"",""pick_max"":""9999"",""college_band"":""college_95_97"",""college_ovr_min"":""95"",""college_ovr_max"":""97"",""nfl_rookie_ovr_min"":""47"",""nfl_rookie_ovr_max"":""56"",""nfl_potential_min"":""64"",""nfl_potential_max"":""78"",""translation_uncertainty_sigma"":""0.3"",""readiness_tag"":""camp_body"",""rare_exception_allowed"":""limited"",""notes"":""Safety processing and role versatility can translate faster than outside CB.""}"
draft_translation,college_to_nfl_rating_translation.csv,college_to_nfl_rating_translation,runtime_tuning,875,S,"{""position_group"":""S"",""draft_capital_tier"":""camp_udfa"",""pick_min"":""1000"",""pick_max"":""9999"",""college_band"":""college_90_94"",""college_ovr_min"":""90"",""college_ovr_max"":""94"",""nfl_rookie_ovr_min"":""45"",""nfl_rookie_ovr_max"":""54"",""nfl_potential_min"":""63"",""nfl_potential_max"":""77"",""translation_uncertainty_sigma"":""0.3"",""readiness_tag"":""camp_body"",""rare_exception_allowed"":""limited"",""notes"":""Safety processing and role versatility can translate faster than outside CB.""}"
draft_translation,college_to_nfl_rating_translation.csv,college_to_nfl_rating_translation,runtime_tuning,876,S,"{""position_group"":""S"",""draft_capital_tier"":""camp_udfa"",""pick_min"":""1000"",""pick_max"":""9999"",""college_band"":""college_84_89"",""college_ovr_min"":""84"",""college_ovr_max"":""89"",""nfl_rookie_ovr_min"":""42"",""nfl_rookie_ovr_max"":""51"",""nfl_potential_min"":""61"",""nfl_potential_max"":""75"",""translation_uncertainty_sigma"":""0.3"",""readiness_tag"":""camp_body"",""rare_exception_allowed"":""limited"",""notes"":""Safety processing and role versatility can translate faster than outside CB.""}"
draft_translation,college_to_nfl_rating_translation.csv,college_to_nfl_rating_translation,runtime_tuning,877,S,"{""position_group"":""S"",""draft_capital_tier"":""camp_udfa"",""pick_min"":""1000"",""pick_max"":""9999"",""college_band"":""college_78_83"",""college_ovr_min"":""78"",""college_ovr_max"":""83"",""nfl_rookie_ovr_min"":""38"",""nfl_rookie_ovr_max"":""47"",""nfl_potential_min"":""59"",""nfl_potential_max"":""73"",""translation_uncertainty_sigma"":""0.3"",""readiness_tag"":""camp_body"",""rare_exception_allowed"":""limited"",""notes"":""Safety processing and role versatility can translate faster than outside CB.""}"
draft_translation,college_to_nfl_rating_translation.csv,college_to_nfl_rating_translation,runtime_tuning,878,S,"{""position_group"":""S"",""draft_capital_tier"":""camp_udfa"",""pick_min"":""1000"",""pick_max"":""9999"",""college_band"":""college_70_77"",""college_ovr_min"":""70"",""college_ovr_max"":""77"",""nfl_rookie_ovr_min"":""36"",""nfl_rookie_ovr_max"":""40"",""nfl_potential_min"":""56"",""nfl_potential_max"":""70"",""translation_uncertainty_sigma"":""0.32"",""readiness_tag"":""camp_body"",""rare_exception_allowed"":""limited"",""notes"":""Safety processing and role versatility can translate faster than outside CB.""}"
draft_translation,college_to_nfl_rating_translation.csv,college_to_nfl_rating_translation,runtime_tuning,879,S,"{""position_group"":""S"",""draft_capital_tier"":""camp_udfa"",""pick_min"":""1000"",""pick_max"":""9999"",""college_band"":""college_60_69"",""college_ovr_min"":""60"",""college_ovr_max"":""69"",""nfl_rookie_ovr_min"":""36"",""nfl_rookie_ovr_max"":""38"",""nfl_potential_min"":""53"",""nfl_potential_max"":""67"",""translation_uncertainty_sigma"":""0.32"",""readiness_tag"":""camp_body"",""rare_exception_allowed"":""limited"",""notes"":""Safety processing and role versatility can translate faster than outside CB.""}"
draft_translation,college_to_nfl_rating_translation.csv,college_to_nfl_rating_translation,runtime_tuning,880,S,"{""position_group"":""S"",""draft_capital_tier"":""camp_udfa"",""pick_min"":""1000"",""pick_max"":""9999"",""college_band"":""college_below_60"",""college_ovr_min"":""1"",""college_ovr_max"":""59"",""nfl_rookie_ovr_min"":""36"",""nfl_rookie_ovr_max"":""38"",""nfl_potential_min"":""49"",""nfl_potential_max"":""63"",""translation_uncertainty_sigma"":""0.32"",""readiness_tag"":""camp_body"",""rare_exception_allowed"":""limited"",""notes"":""Safety processing and role versatility can translate faster than outside CB.""}"
draft_translation,college_to_nfl_rating_translation.csv,college_to_nfl_rating_translation,runtime_tuning,881,Specialist,"{""position_group"":""Specialist"",""draft_capital_tier"":""top_5"",""pick_min"":""1"",""pick_max"":""5"",""college_band"":""college_98_99"",""college_ovr_min"":""98"",""college_ovr_max"":""99"",""nfl_rookie_ovr_min"":""83"",""nfl_rookie_ovr_max"":""89"",""nfl_potential_min"":""89"",""nfl_potential_max"":""96"",""translation_uncertainty_sigma"":""0.07"",""readiness_tag"":""premium_day_one"",""rare_exception_allowed"":""yes"",""notes"":""K/P can translate directly; current rating can be comparatively high even with modest draft capital.""}"
draft_translation,college_to_nfl_rating_translation.csv,college_to_nfl_rating_translation,runtime_tuning,882,Specialist,"{""position_group"":""Specialist"",""draft_capital_tier"":""top_5"",""pick_min"":""1"",""pick_max"":""5"",""college_band"":""college_95_97"",""college_ovr_min"":""95"",""college_ovr_max"":""97"",""nfl_rookie_ovr_min"":""81"",""nfl_rookie_ovr_max"":""89"",""nfl_potential_min"":""89"",""nfl_potential_max"":""95"",""translation_uncertainty_sigma"":""0.07"",""readiness_tag"":""premium_day_one"",""rare_exception_allowed"":""yes"",""notes"":""K/P can translate directly; current rating can be comparatively high even with modest draft capital.""}"
draft_translation,college_to_nfl_rating_translation.csv,college_to_nfl_rating_translation,runtime_tuning,883,Specialist,"{""position_group"":""Specialist"",""draft_capital_tier"":""top_5"",""pick_min"":""1"",""pick_max"":""5"",""college_band"":""college_90_94"",""college_ovr_min"":""90"",""college_ovr_max"":""94"",""nfl_rookie_ovr_min"":""79"",""nfl_rookie_ovr_max"":""89"",""nfl_potential_min"":""89"",""nfl_potential_max"":""94"",""translation_uncertainty_sigma"":""0.07"",""readiness_tag"":""premium_day_one"",""rare_exception_allowed"":""yes"",""notes"":""K/P can translate directly; current rating can be comparatively high even with modest draft capital.""}"
draft_translation,college_to_nfl_rating_translation.csv,college_to_nfl_rating_translation,runtime_tuning,884,Specialist,"{""position_group"":""Specialist"",""draft_capital_tier"":""top_5"",""pick_min"":""1"",""pick_max"":""5"",""college_band"":""college_84_89"",""college_ovr_min"":""84"",""college_ovr_max"":""89"",""nfl_rookie_ovr_min"":""76"",""nfl_rookie_ovr_max"":""86"",""nfl_potential_min"":""86"",""nfl_potential_max"":""92"",""translation_uncertainty_sigma"":""0.07"",""readiness_tag"":""premium_day_one"",""rare_exception_allowed"":""yes"",""notes"":""K/P can translate directly; current rating can be comparatively high even with modest draft capital.""}"
draft_translation,college_to_nfl_rating_translation.csv,college_to_nfl_rating_translation,runtime_tuning,885,Specialist,"{""position_group"":""Specialist"",""draft_capital_tier"":""top_5"",""pick_min"":""1"",""pick_max"":""5"",""college_band"":""college_78_83"",""college_ovr_min"":""78"",""college_ovr_max"":""83"",""nfl_rookie_ovr_min"":""72"",""nfl_rookie_ovr_max"":""82"",""nfl_potential_min"":""82"",""nfl_potential_max"":""90"",""translation_uncertainty_sigma"":""0.07"",""readiness_tag"":""premium_day_one"",""rare_exception_allowed"":""yes"",""notes"":""K/P can translate directly; current rating can be comparatively high even with modest draft capital.""}"
draft_translation,college_to_nfl_rating_translation.csv,college_to_nfl_rating_translation,runtime_tuning,886,Specialist,"{""position_group"":""Specialist"",""draft_capital_tier"":""top_5"",""pick_min"":""1"",""pick_max"":""5"",""college_band"":""college_70_77"",""college_ovr_min"":""70"",""college_ovr_max"":""77"",""nfl_rookie_ovr_min"":""66"",""nfl_rookie_ovr_max"":""75"",""nfl_potential_min"":""75"",""nfl_potential_max"":""87"",""translation_uncertainty_sigma"":""0.09"",""readiness_tag"":""premium_day_one"",""rare_exception_allowed"":""yes"",""notes"":""K/P can translate directly; current rating can be comparatively high even with modest draft capital.""}"
draft_translation,college_to_nfl_rating_translation.csv,college_to_nfl_rating_translation,runtime_tuning,887,Specialist,"{""position_group"":""Specialist"",""draft_capital_tier"":""top_5"",""pick_min"":""1"",""pick_max"":""5"",""college_band"":""college_60_69"",""college_ovr_min"":""60"",""college_ovr_max"":""69"",""nfl_rookie_ovr_min"":""58"",""nfl_rookie_ovr_max"":""66"",""nfl_potential_min"":""70"",""nfl_potential_max"":""84"",""translation_uncertainty_sigma"":""0.09"",""readiness_tag"":""premium_day_one"",""rare_exception_allowed"":""yes"",""notes"":""K/P can translate directly; current rating can be comparatively high even with modest draft capital.""}"
draft_translation,college_to_nfl_rating_translation.csv,college_to_nfl_rating_translation,runtime_tuning,888,Specialist,"{""position_group"":""Specialist"",""draft_capital_tier"":""top_5"",""pick_min"":""1"",""pick_max"":""5"",""college_band"":""college_below_60"",""college_ovr_min"":""1"",""college_ovr_max"":""59"",""nfl_rookie_ovr_min"":""51"",""nfl_rookie_ovr_max"":""59"",""nfl_potential_min"":""66"",""nfl_potential_max"":""80"",""translation_uncertainty_sigma"":""0.09"",""readiness_tag"":""premium_day_one"",""rare_exception_allowed"":""yes"",""notes"":""K/P can translate directly; current rating can be comparatively high even with modest draft capital.""}"
draft_translation,college_to_nfl_rating_translation.csv,college_to_nfl_rating_translation,runtime_tuning,889,Specialist,"{""position_group"":""Specialist"",""draft_capital_tier"":""top_10"",""pick_min"":""6"",""pick_max"":""10"",""college_band"":""college_98_99"",""college_ovr_min"":""98"",""college_ovr_max"":""99"",""nfl_rookie_ovr_min"":""81"",""nfl_rookie_ovr_max"":""88"",""nfl_potential_min"":""88"",""nfl_potential_max"":""95"",""translation_uncertainty_sigma"":""0.08"",""readiness_tag"":""premium_day_one"",""rare_exception_allowed"":""yes"",""notes"":""K/P can translate directly; current rating can be comparatively high even with modest draft capital.""}"
draft_translation,college_to_nfl_rating_translation.csv,college_to_nfl_rating_translation,runtime_tuning,890,Specialist,"{""position_group"":""Specialist"",""draft_capital_tier"":""top_10"",""pick_min"":""6"",""pick_max"":""10"",""college_band"":""college_95_97"",""college_ovr_min"":""95"",""college_ovr_max"":""97"",""nfl_rookie_ovr_min"":""79"",""nfl_rookie_ovr_max"":""88"",""nfl_potential_min"":""88"",""nfl_potential_max"":""94"",""translation_uncertainty_sigma"":""0.08"",""readiness_tag"":""premium_day_one"",""rare_exception_allowed"":""yes"",""notes"":""K/P can translate directly; current rating can be comparatively high even with modest draft capital.""}"
draft_translation,college_to_nfl_rating_translation.csv,college_to_nfl_rating_translation,runtime_tuning,891,Specialist,"{""position_group"":""Specialist"",""draft_capital_tier"":""top_10"",""pick_min"":""6"",""pick_max"":""10"",""college_band"":""college_90_94"",""college_ovr_min"":""90"",""college_ovr_max"":""94"",""nfl_rookie_ovr_min"":""77"",""nfl_rookie_ovr_max"":""87"",""nfl_potential_min"":""87"",""nfl_potential_max"":""93"",""translation_uncertainty_sigma"":""0.08"",""readiness_tag"":""premium_day_one"",""rare_exception_allowed"":""yes"",""notes"":""K/P can translate directly; current rating can be comparatively high even with modest draft capital.""}"
draft_translation,college_to_nfl_rating_translation.csv,college_to_nfl_rating_translation,runtime_tuning,892,Specialist,"{""position_group"":""Specialist"",""draft_capital_tier"":""top_10"",""pick_min"":""6"",""pick_max"":""10"",""college_band"":""college_84_89"",""college_ovr_min"":""84"",""college_ovr_max"":""89"",""nfl_rookie_ovr_min"":""74"",""nfl_rookie_ovr_max"":""84"",""nfl_potential_min"":""84"",""nfl_potential_max"":""91"",""translation_uncertainty_sigma"":""0.08"",""readiness_tag"":""premium_day_one"",""rare_exception_allowed"":""yes"",""notes"":""K/P can translate directly; current rating can be comparatively high even with modest draft capital.""}"
draft_translation,college_to_nfl_rating_translation.csv,college_to_nfl_rating_translation,runtime_tuning,893,Specialist,"{""position_group"":""Specialist"",""draft_capital_tier"":""top_10"",""pick_min"":""6"",""pick_max"":""10"",""college_band"":""college_78_83"",""college_ovr_min"":""78"",""college_ovr_max"":""83"",""nfl_rookie_ovr_min"":""70"",""nfl_rookie_ovr_max"":""80"",""nfl_potential_min"":""80"",""nfl_potential_max"":""89"",""translation_uncertainty_sigma"":""0.08"",""readiness_tag"":""premium_day_one"",""rare_exception_allowed"":""yes"",""notes"":""K/P can translate directly; current rating can be comparatively high even with modest draft capital.""}"
draft_translation,college_to_nfl_rating_translation.csv,college_to_nfl_rating_translation,runtime_tuning,894,Specialist,"{""position_group"":""Specialist"",""draft_capital_tier"":""top_10"",""pick_min"":""6"",""pick_max"":""10"",""college_band"":""college_70_77"",""college_ovr_min"":""70"",""college_ovr_max"":""77"",""nfl_rookie_ovr_min"":""64"",""nfl_rookie_ovr_max"":""73"",""nfl_potential_min"":""73"",""nfl_potential_max"":""86"",""translation_uncertainty_sigma"":""0.1"",""readiness_tag"":""premium_day_one"",""rare_exception_allowed"":""yes"",""notes"":""K/P can translate directly; current rating can be comparatively high even with modest draft capital.""}"
draft_translation,college_to_nfl_rating_translation.csv,college_to_nfl_rating_translation,runtime_tuning,895,Specialist,"{""position_group"":""Specialist"",""draft_capital_tier"":""top_10"",""pick_min"":""6"",""pick_max"":""10"",""college_band"":""college_60_69"",""college_ovr_min"":""60"",""college_ovr_max"":""69"",""nfl_rookie_ovr_min"":""56"",""nfl_rookie_ovr_max"":""64"",""nfl_potential_min"":""69"",""nfl_potential_max"":""83"",""translation_uncertainty_sigma"":""0.1"",""readiness_tag"":""premium_day_one"",""rare_exception_allowed"":""yes"",""notes"":""K/P can translate directly; current rating can be comparatively high even with modest draft capital.""}"
draft_translation,college_to_nfl_rating_translation.csv,college_to_nfl_rating_translation,runtime_tuning,896,Specialist,"{""position_group"":""Specialist"",""draft_capital_tier"":""top_10"",""pick_min"":""6"",""pick_max"":""10"",""college_band"":""college_below_60"",""college_ovr_min"":""1"",""college_ovr_max"":""59"",""nfl_rookie_ovr_min"":""49"",""nfl_rookie_ovr_max"":""57"",""nfl_potential_min"":""65"",""nfl_potential_max"":""79"",""translation_uncertainty_sigma"":""0.1"",""readiness_tag"":""premium_day_one"",""rare_exception_allowed"":""yes"",""notes"":""K/P can translate directly; current rating can be comparatively high even with modest draft capital.""}"
draft_translation,college_to_nfl_rating_translation.csv,college_to_nfl_rating_translation,runtime_tuning,897,Specialist,"{""position_group"":""Specialist"",""draft_capital_tier"":""round1_early_mid"",""pick_min"":""11"",""pick_max"":""20"",""college_band"":""college_98_99"",""college_ovr_min"":""98"",""college_ovr_max"":""99"",""nfl_rookie_ovr_min"":""79"",""nfl_rookie_ovr_max"":""87"",""nfl_potential_min"":""87"",""nfl_potential_max"":""93"",""translation_uncertainty_sigma"":""0.09"",""readiness_tag"":""day_one_compete"",""rare_exception_allowed"":""yes"",""notes"":""K/P can translate directly; current rating can be comparatively high even with modest draft capital.""}"
draft_translation,college_to_nfl_rating_translation.csv,college_to_nfl_rating_translation,runtime_tuning,898,Specialist,"{""position_group"":""Specialist"",""draft_capital_tier"":""round1_early_mid"",""pick_min"":""11"",""pick_max"":""20"",""college_band"":""college_95_97"",""college_ovr_min"":""95"",""college_ovr_max"":""97"",""nfl_rookie_ovr_min"":""77"",""nfl_rookie_ovr_max"":""87"",""nfl_potential_min"":""87"",""nfl_potential_max"":""92"",""translation_uncertainty_sigma"":""0.09"",""readiness_tag"":""day_one_compete"",""rare_exception_allowed"":""yes"",""notes"":""K/P can translate directly; current rating can be comparatively high even with modest draft capital.""}"
draft_translation,college_to_nfl_rating_translation.csv,college_to_nfl_rating_translation,runtime_tuning,899,Specialist,"{""position_group"":""Specialist"",""draft_capital_tier"":""round1_early_mid"",""pick_min"":""11"",""pick_max"":""20"",""college_band"":""college_90_94"",""college_ovr_min"":""90"",""college_ovr_max"":""94"",""nfl_rookie_ovr_min"":""75"",""nfl_rookie_ovr_max"":""85"",""nfl_potential_min"":""85"",""nfl_potential_max"":""91"",""translation_uncertainty_sigma"":""0.09"",""readiness_tag"":""day_one_compete"",""rare_exception_allowed"":""yes"",""notes"":""K/P can translate directly; current rating can be comparatively high even with modest draft capital.""}"
draft_translation,college_to_nfl_rating_translation.csv,college_to_nfl_rating_translation,runtime_tuning,900,Specialist,"{""position_group"":""Specialist"",""draft_capital_tier"":""round1_early_mid"",""pick_min"":""11"",""pick_max"":""20"",""college_band"":""college_84_89"",""college_ovr_min"":""84"",""college_ovr_max"":""89"",""nfl_rookie_ovr_min"":""72"",""nfl_rookie_ovr_max"":""82"",""nfl_potential_min"":""82"",""nfl_potential_max"":""89"",""translation_uncertainty_sigma"":""0.09"",""readiness_tag"":""day_one_compete"",""rare_exception_allowed"":""yes"",""notes"":""K/P can translate directly; current rating can be comparatively high even with modest draft capital.""}"
draft_translation,college_to_nfl_rating_translation.csv,college_to_nfl_rating_translation,runtime_tuning,901,Specialist,"{""position_group"":""Specialist"",""draft_capital_tier"":""round1_early_mid"",""pick_min"":""11"",""pick_max"":""20"",""college_band"":""college_78_83"",""college_ovr_min"":""78"",""college_ovr_max"":""83"",""nfl_rookie_ovr_min"":""68"",""nfl_rookie_ovr_max"":""78"",""nfl_potential_min"":""78"",""nfl_potential_max"":""87"",""translation_uncertainty_sigma"":""0.09"",""readiness_tag"":""day_one_compete"",""rare_exception_allowed"":""yes"",""notes"":""K/P can translate directly; current rating can be comparatively high even with modest draft capital.""}"
draft_translation,college_to_nfl_rating_translation.csv,college_to_nfl_rating_translation,runtime_tuning,902,Specialist,"{""position_group"":""Specialist"",""draft_capital_tier"":""round1_early_mid"",""pick_min"":""11"",""pick_max"":""20"",""college_band"":""college_70_77"",""college_ovr_min"":""70"",""college_ovr_max"":""77"",""nfl_rookie_ovr_min"":""62"",""nfl_rookie_ovr_max"":""71"",""nfl_potential_min"":""71"",""nfl_potential_max"":""84"",""translation_uncertainty_sigma"":""0.11"",""readiness_tag"":""day_one_compete"",""rare_exception_allowed"":""yes"",""notes"":""K/P can translate directly; current rating can be comparatively high even with modest draft capital.""}"
draft_translation,college_to_nfl_rating_translation.csv,college_to_nfl_rating_translation,runtime_tuning,903,Specialist,"{""position_group"":""Specialist"",""draft_capital_tier"":""round1_early_mid"",""pick_min"":""11"",""pick_max"":""20"",""college_band"":""college_60_69"",""college_ovr_min"":""60"",""college_ovr_max"":""69"",""nfl_rookie_ovr_min"":""54"",""nfl_rookie_ovr_max"":""62"",""nfl_potential_min"":""67"",""nfl_potential_max"":""81"",""translation_uncertainty_sigma"":""0.11"",""readiness_tag"":""day_one_compete"",""rare_exception_allowed"":""yes"",""notes"":""K/P can translate directly; current rating can be comparatively high even with modest draft capital.""}"
draft_translation,college_to_nfl_rating_translation.csv,college_to_nfl_rating_translation,runtime_tuning,904,Specialist,"{""position_group"":""Specialist"",""draft_capital_tier"":""round1_early_mid"",""pick_min"":""11"",""pick_max"":""20"",""college_band"":""college_below_60"",""college_ovr_min"":""1"",""college_ovr_max"":""59"",""nfl_rookie_ovr_min"":""47"",""nfl_rookie_ovr_max"":""55"",""nfl_potential_min"":""63"",""nfl_potential_max"":""77"",""translation_uncertainty_sigma"":""0.11"",""readiness_tag"":""day_one_compete"",""rare_exception_allowed"":""yes"",""notes"":""K/P can translate directly; current rating can be comparatively high even with modest draft capital.""}"
draft_translation,college_to_nfl_rating_translation.csv,college_to_nfl_rating_translation,runtime_tuning,905,Specialist,"{""position_group"":""Specialist"",""draft_capital_tier"":""round1_late"",""pick_min"":""21"",""pick_max"":""32"",""college_band"":""college_98_99"",""college_ovr_min"":""98"",""college_ovr_max"":""99"",""nfl_rookie_ovr_min"":""77"",""nfl_rookie_ovr_max"":""86"",""nfl_potential_min"":""86"",""nfl_potential_max"":""92"",""translation_uncertainty_sigma"":""0.1"",""readiness_tag"":""day_one_compete"",""rare_exception_allowed"":""limited"",""notes"":""K/P can translate directly; current rating can be comparatively high even with modest draft capital.""}"
draft_translation,college_to_nfl_rating_translation.csv,college_to_nfl_rating_translation,runtime_tuning,906,Specialist,"{""position_group"":""Specialist"",""draft_capital_tier"":""round1_late"",""pick_min"":""21"",""pick_max"":""32"",""college_band"":""college_95_97"",""college_ovr_min"":""95"",""college_ovr_max"":""97"",""nfl_rookie_ovr_min"":""75"",""nfl_rookie_ovr_max"":""85"",""nfl_potential_min"":""85"",""nfl_potential_max"":""91"",""translation_uncertainty_sigma"":""0.1"",""readiness_tag"":""day_one_compete"",""rare_exception_allowed"":""limited"",""notes"":""K/P can translate directly; current rating can be comparatively high even with modest draft capital.""}"
draft_translation,college_to_nfl_rating_translation.csv,college_to_nfl_rating_translation,runtime_tuning,907,Specialist,"{""position_group"":""Specialist"",""draft_capital_tier"":""round1_late"",""pick_min"":""21"",""pick_max"":""32"",""college_band"":""college_90_94"",""college_ovr_min"":""90"",""college_ovr_max"":""94"",""nfl_rookie_ovr_min"":""73"",""nfl_rookie_ovr_max"":""83"",""nfl_potential_min"":""83"",""nfl_potential_max"":""90"",""translation_uncertainty_sigma"":""0.1"",""readiness_tag"":""day_one_compete"",""rare_exception_allowed"":""limited"",""notes"":""K/P can translate directly; current rating can be comparatively high even with modest draft capital.""}"
draft_translation,college_to_nfl_rating_translation.csv,college_to_nfl_rating_translation,runtime_tuning,908,Specialist,"{""position_group"":""Specialist"",""draft_capital_tier"":""round1_late"",""pick_min"":""21"",""pick_max"":""32"",""college_band"":""college_84_89"",""college_ovr_min"":""84"",""college_ovr_max"":""89"",""nfl_rookie_ovr_min"":""70"",""nfl_rookie_ovr_max"":""80"",""nfl_potential_min"":""80"",""nfl_potential_max"":""88"",""translation_uncertainty_sigma"":""0.1"",""readiness_tag"":""day_one_compete"",""rare_exception_allowed"":""limited"",""notes"":""K/P can translate directly; current rating can be comparatively high even with modest draft capital.""}"
draft_translation,college_to_nfl_rating_translation.csv,college_to_nfl_rating_translation,runtime_tuning,909,Specialist,"{""position_group"":""Specialist"",""draft_capital_tier"":""round1_late"",""pick_min"":""21"",""pick_max"":""32"",""college_band"":""college_78_83"",""college_ovr_min"":""78"",""college_ovr_max"":""83"",""nfl_rookie_ovr_min"":""66"",""nfl_rookie_ovr_max"":""76"",""nfl_potential_min"":""76"",""nfl_potential_max"":""86"",""translation_uncertainty_sigma"":""0.1"",""readiness_tag"":""day_one_compete"",""rare_exception_allowed"":""limited"",""notes"":""K/P can translate directly; current rating can be comparatively high even with modest draft capital.""}"
draft_translation,college_to_nfl_rating_translation.csv,college_to_nfl_rating_translation,runtime_tuning,910,Specialist,"{""position_group"":""Specialist"",""draft_capital_tier"":""round1_late"",""pick_min"":""21"",""pick_max"":""32"",""college_band"":""college_70_77"",""college_ovr_min"":""70"",""college_ovr_max"":""77"",""nfl_rookie_ovr_min"":""60"",""nfl_rookie_ovr_max"":""69"",""nfl_potential_min"":""69"",""nfl_potential_max"":""83"",""translation_uncertainty_sigma"":""0.12"",""readiness_tag"":""day_one_compete"",""rare_exception_allowed"":""limited"",""notes"":""K/P can translate directly; current rating can be comparatively high even with modest draft capital.""}"
draft_translation,college_to_nfl_rating_translation.csv,college_to_nfl_rating_translation,runtime_tuning,911,Specialist,"{""position_group"":""Specialist"",""draft_capital_tier"":""round1_late"",""pick_min"":""21"",""pick_max"":""32"",""college_band"":""college_60_69"",""college_ovr_min"":""60"",""college_ovr_max"":""69"",""nfl_rookie_ovr_min"":""52"",""nfl_rookie_ovr_max"":""60"",""nfl_potential_min"":""66"",""nfl_potential_max"":""80"",""translation_uncertainty_sigma"":""0.12"",""readiness_tag"":""day_one_compete"",""rare_exception_allowed"":""limited"",""notes"":""K/P can translate directly; current rating can be comparatively high even with modest draft capital.""}"
draft_translation,college_to_nfl_rating_translation.csv,college_to_nfl_rating_translation,runtime_tuning,912,Specialist,"{""position_group"":""Specialist"",""draft_capital_tier"":""round1_late"",""pick_min"":""21"",""pick_max"":""32"",""college_band"":""college_below_60"",""college_ovr_min"":""1"",""college_ovr_max"":""59"",""nfl_rookie_ovr_min"":""45"",""nfl_rookie_ovr_max"":""53"",""nfl_potential_min"":""62"",""nfl_potential_max"":""76"",""translation_uncertainty_sigma"":""0.12"",""readiness_tag"":""day_one_compete"",""rare_exception_allowed"":""limited"",""notes"":""K/P can translate directly; current rating can be comparatively high even with modest draft capital.""}"
draft_translation,college_to_nfl_rating_translation.csv,college_to_nfl_rating_translation,runtime_tuning,913,Specialist,"{""position_group"":""Specialist"",""draft_capital_tier"":""round2"",""pick_min"":""33"",""pick_max"":""64"",""college_band"":""college_98_99"",""college_ovr_min"":""98"",""college_ovr_max"":""99"",""nfl_rookie_ovr_min"":""74"",""nfl_rookie_ovr_max"":""84"",""nfl_potential_min"":""84"",""nfl_potential_max"":""90"",""translation_uncertainty_sigma"":""0.12"",""readiness_tag"":""rotation_early"",""rare_exception_allowed"":""limited"",""notes"":""K/P can translate directly; current rating can be comparatively high even with modest draft capital.""}"
draft_translation,college_to_nfl_rating_translation.csv,college_to_nfl_rating_translation,runtime_tuning,914,Specialist,"{""position_group"":""Specialist"",""draft_capital_tier"":""round2"",""pick_min"":""33"",""pick_max"":""64"",""college_band"":""college_95_97"",""college_ovr_min"":""95"",""college_ovr_max"":""97"",""nfl_rookie_ovr_min"":""72"",""nfl_rookie_ovr_max"":""82"",""nfl_potential_min"":""82"",""nfl_potential_max"":""89"",""translation_uncertainty_sigma"":""0.12"",""readiness_tag"":""rotation_early"",""rare_exception_allowed"":""limited"",""notes"":""K/P can translate directly; current rating can be comparatively high even with modest draft capital.""}"
draft_translation,college_to_nfl_rating_translation.csv,college_to_nfl_rating_translation,runtime_tuning,915,Specialist,"{""position_group"":""Specialist"",""draft_capital_tier"":""round2"",""pick_min"":""33"",""pick_max"":""64"",""college_band"":""college_90_94"",""college_ovr_min"":""90"",""college_ovr_max"":""94"",""nfl_rookie_ovr_min"":""70"",""nfl_rookie_ovr_max"":""80"",""nfl_potential_min"":""80"",""nfl_potential_max"":""88"",""translation_uncertainty_sigma"":""0.12"",""readiness_tag"":""rotation_early"",""rare_exception_allowed"":""limited"",""notes"":""K/P can translate directly; current rating can be comparatively high even with modest draft capital.""}"
draft_translation,college_to_nfl_rating_translation.csv,college_to_nfl_rating_translation,runtime_tuning,916,Specialist,"{""position_group"":""Specialist"",""draft_capital_tier"":""round2"",""pick_min"":""33"",""pick_max"":""64"",""college_band"":""college_84_89"",""college_ovr_min"":""84"",""college_ovr_max"":""89"",""nfl_rookie_ovr_min"":""67"",""nfl_rookie_ovr_max"":""77"",""nfl_potential_min"":""77"",""nfl_potential_max"":""86"",""translation_uncertainty_sigma"":""0.12"",""readiness_tag"":""rotation_early"",""rare_exception_allowed"":""limited"",""notes"":""K/P can translate directly; current rating can be comparatively high even with modest draft capital.""}"
draft_translation,college_to_nfl_rating_translation.csv,college_to_nfl_rating_translation,runtime_tuning,917,Specialist,"{""position_group"":""Specialist"",""draft_capital_tier"":""round2"",""pick_min"":""33"",""pick_max"":""64"",""college_band"":""college_78_83"",""college_ovr_min"":""78"",""college_ovr_max"":""83"",""nfl_rookie_ovr_min"":""63"",""nfl_rookie_ovr_max"":""73"",""nfl_potential_min"":""73"",""nfl_potential_max"":""84"",""translation_uncertainty_sigma"":""0.12"",""readiness_tag"":""rotation_early"",""rare_exception_allowed"":""limited"",""notes"":""K/P can translate directly; current rating can be comparatively high even with modest draft capital.""}"
draft_translation,college_to_nfl_rating_translation.csv,college_to_nfl_rating_translation,runtime_tuning,918,Specialist,"{""position_group"":""Specialist"",""draft_capital_tier"":""round2"",""pick_min"":""33"",""pick_max"":""64"",""college_band"":""college_70_77"",""college_ovr_min"":""70"",""college_ovr_max"":""77"",""nfl_rookie_ovr_min"":""57"",""nfl_rookie_ovr_max"":""66"",""nfl_potential_min"":""67"",""nfl_potential_max"":""81"",""translation_uncertainty_sigma"":""0.14"",""readiness_tag"":""rotation_early"",""rare_exception_allowed"":""limited"",""notes"":""K/P can translate directly; current rating can be comparatively high even with modest draft capital.""}"
draft_translation,college_to_nfl_rating_translation.csv,college_to_nfl_rating_translation,runtime_tuning,919,Specialist,"{""position_group"":""Specialist"",""draft_capital_tier"":""round2"",""pick_min"":""33"",""pick_max"":""64"",""college_band"":""college_60_69"",""college_ovr_min"":""60"",""college_ovr_max"":""69"",""nfl_rookie_ovr_min"":""49"",""nfl_rookie_ovr_max"":""57"",""nfl_potential_min"":""64"",""nfl_potential_max"":""78"",""translation_uncertainty_sigma"":""0.14"",""readiness_tag"":""rotation_early"",""rare_exception_allowed"":""limited"",""notes"":""K/P can translate directly; current rating can be comparatively high even with modest draft capital.""}"
draft_translation,college_to_nfl_rating_translation.csv,college_to_nfl_rating_translation,runtime_tuning,920,Specialist,"{""position_group"":""Specialist"",""draft_capital_tier"":""round2"",""pick_min"":""33"",""pick_max"":""64"",""college_band"":""college_below_60"",""college_ovr_min"":""1"",""college_ovr_max"":""59"",""nfl_rookie_ovr_min"":""42"",""nfl_rookie_ovr_max"":""50"",""nfl_potential_min"":""60"",""nfl_potential_max"":""74"",""translation_uncertainty_sigma"":""0.14"",""readiness_tag"":""rotation_early"",""rare_exception_allowed"":""limited"",""notes"":""K/P can translate directly; current rating can be comparatively high even with modest draft capital.""}"
draft_translation,college_to_nfl_rating_translation.csv,college_to_nfl_rating_translation,runtime_tuning,921,Specialist,"{""position_group"":""Specialist"",""draft_capital_tier"":""round3"",""pick_min"":""65"",""pick_max"":""100"",""college_band"":""college_98_99"",""college_ovr_min"":""98"",""college_ovr_max"":""99"",""nfl_rookie_ovr_min"":""71"",""nfl_rookie_ovr_max"":""81"",""nfl_potential_min"":""81"",""nfl_potential_max"":""88"",""translation_uncertainty_sigma"":""0.15"",""readiness_tag"":""rotation_development"",""rare_exception_allowed"":""limited"",""notes"":""K/P can translate directly; current rating can be comparatively high even with modest draft capital.""}"
draft_translation,college_to_nfl_rating_translation.csv,college_to_nfl_rating_translation,runtime_tuning,922,Specialist,"{""position_group"":""Specialist"",""draft_capital_tier"":""round3"",""pick_min"":""65"",""pick_max"":""100"",""college_band"":""college_95_97"",""college_ovr_min"":""95"",""college_ovr_max"":""97"",""nfl_rookie_ovr_min"":""69"",""nfl_rookie_ovr_max"":""79"",""nfl_potential_min"":""79"",""nfl_potential_max"":""87"",""translation_uncertainty_sigma"":""0.15"",""readiness_tag"":""rotation_development"",""rare_exception_allowed"":""limited"",""notes"":""K/P can translate directly; current rating can be comparatively high even with modest draft capital.""}"
draft_translation,college_to_nfl_rating_translation.csv,college_to_nfl_rating_translation,runtime_tuning,923,Specialist,"{""position_group"":""Specialist"",""draft_capital_tier"":""round3"",""pick_min"":""65"",""pick_max"":""100"",""college_band"":""college_90_94"",""college_ovr_min"":""90"",""college_ovr_max"":""94"",""nfl_rookie_ovr_min"":""67"",""nfl_rookie_ovr_max"":""77"",""nfl_potential_min"":""77"",""nfl_potential_max"":""86"",""translation_uncertainty_sigma"":""0.15"",""readiness_tag"":""rotation_development"",""rare_exception_allowed"":""limited"",""notes"":""K/P can translate directly; current rating can be comparatively high even with modest draft capital.""}"
draft_translation,college_to_nfl_rating_translation.csv,college_to_nfl_rating_translation,runtime_tuning,924,Specialist,"{""position_group"":""Specialist"",""draft_capital_tier"":""round3"",""pick_min"":""65"",""pick_max"":""100"",""college_band"":""college_84_89"",""college_ovr_min"":""84"",""college_ovr_max"":""89"",""nfl_rookie_ovr_min"":""64"",""nfl_rookie_ovr_max"":""74"",""nfl_potential_min"":""74"",""nfl_potential_max"":""84"",""translation_uncertainty_sigma"":""0.15"",""readiness_tag"":""rotation_development"",""rare_exception_allowed"":""limited"",""notes"":""K/P can translate directly; current rating can be comparatively high even with modest draft capital.""}"
draft_translation,college_to_nfl_rating_translation.csv,college_to_nfl_rating_translation,runtime_tuning,925,Specialist,"{""position_group"":""Specialist"",""draft_capital_tier"":""round3"",""pick_min"":""65"",""pick_max"":""100"",""college_band"":""college_78_83"",""college_ovr_min"":""78"",""college_ovr_max"":""83"",""nfl_rookie_ovr_min"":""60"",""nfl_rookie_ovr_max"":""70"",""nfl_potential_min"":""70"",""nfl_potential_max"":""82"",""translation_uncertainty_sigma"":""0.15"",""readiness_tag"":""rotation_development"",""rare_exception_allowed"":""limited"",""notes"":""K/P can translate directly; current rating can be comparatively high even with modest draft capital.""}"
draft_translation,college_to_nfl_rating_translation.csv,college_to_nfl_rating_translation,runtime_tuning,926,Specialist,"{""position_group"":""Specialist"",""draft_capital_tier"":""round3"",""pick_min"":""65"",""pick_max"":""100"",""college_band"":""college_70_77"",""college_ovr_min"":""70"",""college_ovr_max"":""77"",""nfl_rookie_ovr_min"":""54"",""nfl_rookie_ovr_max"":""63"",""nfl_potential_min"":""65"",""nfl_potential_max"":""79"",""translation_uncertainty_sigma"":""0.17"",""readiness_tag"":""rotation_development"",""rare_exception_allowed"":""limited"",""notes"":""K/P can translate directly; current rating can be comparatively high even with modest draft capital.""}"
draft_translation,college_to_nfl_rating_translation.csv,college_to_nfl_rating_translation,runtime_tuning,927,Specialist,"{""position_group"":""Specialist"",""draft_capital_tier"":""round3"",""pick_min"":""65"",""pick_max"":""100"",""college_band"":""college_60_69"",""college_ovr_min"":""60"",""college_ovr_max"":""69"",""nfl_rookie_ovr_min"":""46"",""nfl_rookie_ovr_max"":""54"",""nfl_potential_min"":""62"",""nfl_potential_max"":""76"",""translation_uncertainty_sigma"":""0.17"",""readiness_tag"":""rotation_development"",""rare_exception_allowed"":""limited"",""notes"":""K/P can translate directly; current rating can be comparatively high even with modest draft capital.""}"
draft_translation,college_to_nfl_rating_translation.csv,college_to_nfl_rating_translation,runtime_tuning,928,Specialist,"{""position_group"":""Specialist"",""draft_capital_tier"":""round3"",""pick_min"":""65"",""pick_max"":""100"",""college_band"":""college_below_60"",""college_ovr_min"":""1"",""college_ovr_max"":""59"",""nfl_rookie_ovr_min"":""42"",""nfl_rookie_ovr_max"":""47"",""nfl_potential_min"":""58"",""nfl_potential_max"":""72"",""translation_uncertainty_sigma"":""0.17"",""readiness_tag"":""rotation_development"",""rare_exception_allowed"":""limited"",""notes"":""K/P can translate directly; current rating can be comparatively high even with modest draft capital.""}"
draft_translation,college_to_nfl_rating_translation.csv,college_to_nfl_rating_translation,runtime_tuning,929,Specialist,"{""position_group"":""Specialist"",""draft_capital_tier"":""round4"",""pick_min"":""101"",""pick_max"":""140"",""college_band"":""college_98_99"",""college_ovr_min"":""98"",""college_ovr_max"":""99"",""nfl_rookie_ovr_min"":""68"",""nfl_rookie_ovr_max"":""78"",""nfl_potential_min"":""78"",""nfl_potential_max"":""86"",""translation_uncertainty_sigma"":""0.17"",""readiness_tag"":""depth_development"",""rare_exception_allowed"":""limited"",""notes"":""K/P can translate directly; current rating can be comparatively high even with modest draft capital.""}"
draft_translation,college_to_nfl_rating_translation.csv,college_to_nfl_rating_translation,runtime_tuning,930,Specialist,"{""position_group"":""Specialist"",""draft_capital_tier"":""round4"",""pick_min"":""101"",""pick_max"":""140"",""college_band"":""college_95_97"",""college_ovr_min"":""95"",""college_ovr_max"":""97"",""nfl_rookie_ovr_min"":""66"",""nfl_rookie_ovr_max"":""76"",""nfl_potential_min"":""76"",""nfl_potential_max"":""85"",""translation_uncertainty_sigma"":""0.17"",""readiness_tag"":""depth_development"",""rare_exception_allowed"":""limited"",""notes"":""K/P can translate directly; current rating can be comparatively high even with modest draft capital.""}"
draft_translation,college_to_nfl_rating_translation.csv,college_to_nfl_rating_translation,runtime_tuning,931,Specialist,"{""position_group"":""Specialist"",""draft_capital_tier"":""round4"",""pick_min"":""101"",""pick_max"":""140"",""college_band"":""college_90_94"",""college_ovr_min"":""90"",""college_ovr_max"":""94"",""nfl_rookie_ovr_min"":""64"",""nfl_rookie_ovr_max"":""74"",""nfl_potential_min"":""74"",""nfl_potential_max"":""84"",""translation_uncertainty_sigma"":""0.17"",""readiness_tag"":""depth_development"",""rare_exception_allowed"":""limited"",""notes"":""K/P can translate directly; current rating can be comparatively high even with modest draft capital.""}"
draft_translation,college_to_nfl_rating_translation.csv,college_to_nfl_rating_translation,runtime_tuning,932,Specialist,"{""position_group"":""Specialist"",""draft_capital_tier"":""round4"",""pick_min"":""101"",""pick_max"":""140"",""college_band"":""college_84_89"",""college_ovr_min"":""84"",""college_ovr_max"":""89"",""nfl_rookie_ovr_min"":""61"",""nfl_rookie_ovr_max"":""71"",""nfl_potential_min"":""71"",""nfl_potential_max"":""82"",""translation_uncertainty_sigma"":""0.17"",""readiness_tag"":""depth_development"",""rare_exception_allowed"":""limited"",""notes"":""K/P can translate directly; current rating can be comparatively high even with modest draft capital.""}"
draft_translation,college_to_nfl_rating_translation.csv,college_to_nfl_rating_translation,runtime_tuning,933,Specialist,"{""position_group"":""Specialist"",""draft_capital_tier"":""round4"",""pick_min"":""101"",""pick_max"":""140"",""college_band"":""college_78_83"",""college_ovr_min"":""78"",""college_ovr_max"":""83"",""nfl_rookie_ovr_min"":""57"",""nfl_rookie_ovr_max"":""67"",""nfl_potential_min"":""67"",""nfl_potential_max"":""80"",""translation_uncertainty_sigma"":""0.17"",""readiness_tag"":""depth_development"",""rare_exception_allowed"":""limited"",""notes"":""K/P can translate directly; current rating can be comparatively high even with modest draft capital.""}"
draft_translation,college_to_nfl_rating_translation.csv,college_to_nfl_rating_translation,runtime_tuning,934,Specialist,"{""position_group"":""Specialist"",""draft_capital_tier"":""round4"",""pick_min"":""101"",""pick_max"":""140"",""college_band"":""college_70_77"",""college_ovr_min"":""70"",""college_ovr_max"":""77"",""nfl_rookie_ovr_min"":""51"",""nfl_rookie_ovr_max"":""60"",""nfl_potential_min"":""63"",""nfl_potential_max"":""77"",""translation_uncertainty_sigma"":""0.19"",""readiness_tag"":""depth_development"",""rare_exception_allowed"":""limited"",""notes"":""K/P can translate directly; current rating can be comparatively high even with modest draft capital.""}"
draft_translation,college_to_nfl_rating_translation.csv,college_to_nfl_rating_translation,runtime_tuning,935,Specialist,"{""position_group"":""Specialist"",""draft_capital_tier"":""round4"",""pick_min"":""101"",""pick_max"":""140"",""college_band"":""college_60_69"",""college_ovr_min"":""60"",""college_ovr_max"":""69"",""nfl_rookie_ovr_min"":""43"",""nfl_rookie_ovr_max"":""51"",""nfl_potential_min"":""60"",""nfl_potential_max"":""74"",""translation_uncertainty_sigma"":""0.19"",""readiness_tag"":""depth_development"",""rare_exception_allowed"":""limited"",""notes"":""K/P can translate directly; current rating can be comparatively high even with modest draft capital.""}"
draft_translation,college_to_nfl_rating_translation.csv,college_to_nfl_rating_translation,runtime_tuning,936,Specialist,"{""position_group"":""Specialist"",""draft_capital_tier"":""round4"",""pick_min"":""101"",""pick_max"":""140"",""college_band"":""college_below_60"",""college_ovr_min"":""1"",""college_ovr_max"":""59"",""nfl_rookie_ovr_min"":""42"",""nfl_rookie_ovr_max"":""44"",""nfl_potential_min"":""56"",""nfl_potential_max"":""70"",""translation_uncertainty_sigma"":""0.19"",""readiness_tag"":""depth_development"",""rare_exception_allowed"":""limited"",""notes"":""K/P can translate directly; current rating can be comparatively high even with modest draft capital.""}"
draft_translation,college_to_nfl_rating_translation.csv,college_to_nfl_rating_translation,runtime_tuning,937,Specialist,"{""position_group"":""Specialist"",""draft_capital_tier"":""round5"",""pick_min"":""141"",""pick_max"":""180"",""college_band"":""college_98_99"",""college_ovr_min"":""98"",""college_ovr_max"":""99"",""nfl_rookie_ovr_min"":""65"",""nfl_rookie_ovr_max"":""75"",""nfl_potential_min"":""75"",""nfl_potential_max"":""84"",""translation_uncertainty_sigma"":""0.19"",""readiness_tag"":""depth_development"",""rare_exception_allowed"":""limited"",""notes"":""K/P can translate directly; current rating can be comparatively high even with modest draft capital.""}"
draft_translation,college_to_nfl_rating_translation.csv,college_to_nfl_rating_translation,runtime_tuning,938,Specialist,"{""position_group"":""Specialist"",""draft_capital_tier"":""round5"",""pick_min"":""141"",""pick_max"":""180"",""college_band"":""college_95_97"",""college_ovr_min"":""95"",""college_ovr_max"":""97"",""nfl_rookie_ovr_min"":""63"",""nfl_rookie_ovr_max"":""73"",""nfl_potential_min"":""73"",""nfl_potential_max"":""83"",""translation_uncertainty_sigma"":""0.19"",""readiness_tag"":""depth_development"",""rare_exception_allowed"":""limited"",""notes"":""K/P can translate directly; current rating can be comparatively high even with modest draft capital.""}"
draft_translation,college_to_nfl_rating_translation.csv,college_to_nfl_rating_translation,runtime_tuning,939,Specialist,"{""position_group"":""Specialist"",""draft_capital_tier"":""round5"",""pick_min"":""141"",""pick_max"":""180"",""college_band"":""college_90_94"",""college_ovr_min"":""90"",""college_ovr_max"":""94"",""nfl_rookie_ovr_min"":""61"",""nfl_rookie_ovr_max"":""71"",""nfl_potential_min"":""71"",""nfl_potential_max"":""82"",""translation_uncertainty_sigma"":""0.19"",""readiness_tag"":""depth_development"",""rare_exception_allowed"":""limited"",""notes"":""K/P can translate directly; current rating can be comparatively high even with modest draft capital.""}"
draft_translation,college_to_nfl_rating_translation.csv,college_to_nfl_rating_translation,runtime_tuning,940,Specialist,"{""position_group"":""Specialist"",""draft_capital_tier"":""round5"",""pick_min"":""141"",""pick_max"":""180"",""college_band"":""college_84_89"",""college_ovr_min"":""84"",""college_ovr_max"":""89"",""nfl_rookie_ovr_min"":""58"",""nfl_rookie_ovr_max"":""68"",""nfl_potential_min"":""68"",""nfl_potential_max"":""80"",""translation_uncertainty_sigma"":""0.19"",""readiness_tag"":""depth_development"",""rare_exception_allowed"":""limited"",""notes"":""K/P can translate directly; current rating can be comparatively high even with modest draft capital.""}"
draft_translation,college_to_nfl_rating_translation.csv,college_to_nfl_rating_translation,runtime_tuning,941,Specialist,"{""position_group"":""Specialist"",""draft_capital_tier"":""round5"",""pick_min"":""141"",""pick_max"":""180"",""college_band"":""college_78_83"",""college_ovr_min"":""78"",""college_ovr_max"":""83"",""nfl_rookie_ovr_min"":""54"",""nfl_rookie_ovr_max"":""64"",""nfl_potential_min"":""64"",""nfl_potential_max"":""78"",""translation_uncertainty_sigma"":""0.19"",""readiness_tag"":""depth_development"",""rare_exception_allowed"":""limited"",""notes"":""K/P can translate directly; current rating can be comparatively high even with modest draft capital.""}"
draft_translation,college_to_nfl_rating_translation.csv,college_to_nfl_rating_translation,runtime_tuning,942,Specialist,"{""position_group"":""Specialist"",""draft_capital_tier"":""round5"",""pick_min"":""141"",""pick_max"":""180"",""college_band"":""college_70_77"",""college_ovr_min"":""70"",""college_ovr_max"":""77"",""nfl_rookie_ovr_min"":""48"",""nfl_rookie_ovr_max"":""57"",""nfl_potential_min"":""61"",""nfl_potential_max"":""75"",""translation_uncertainty_sigma"":""0.21"",""readiness_tag"":""depth_development"",""rare_exception_allowed"":""limited"",""notes"":""K/P can translate directly; current rating can be comparatively high even with modest draft capital.""}"
draft_translation,college_to_nfl_rating_translation.csv,college_to_nfl_rating_translation,runtime_tuning,943,Specialist,"{""position_group"":""Specialist"",""draft_capital_tier"":""round5"",""pick_min"":""141"",""pick_max"":""180"",""college_band"":""college_60_69"",""college_ovr_min"":""60"",""college_ovr_max"":""69"",""nfl_rookie_ovr_min"":""42"",""nfl_rookie_ovr_max"":""48"",""nfl_potential_min"":""58"",""nfl_potential_max"":""72"",""translation_uncertainty_sigma"":""0.21"",""readiness_tag"":""depth_development"",""rare_exception_allowed"":""limited"",""notes"":""K/P can translate directly; current rating can be comparatively high even with modest draft capital.""}"
draft_translation,college_to_nfl_rating_translation.csv,college_to_nfl_rating_translation,runtime_tuning,944,Specialist,"{""position_group"":""Specialist"",""draft_capital_tier"":""round5"",""pick_min"":""141"",""pick_max"":""180"",""college_band"":""college_below_60"",""college_ovr_min"":""1"",""college_ovr_max"":""59"",""nfl_rookie_ovr_min"":""42"",""nfl_rookie_ovr_max"":""44"",""nfl_potential_min"":""54"",""nfl_potential_max"":""68"",""translation_uncertainty_sigma"":""0.21"",""readiness_tag"":""depth_development"",""rare_exception_allowed"":""limited"",""notes"":""K/P can translate directly; current rating can be comparatively high even with modest draft capital.""}"
draft_translation,college_to_nfl_rating_translation.csv,college_to_nfl_rating_translation,runtime_tuning,945,Specialist,"{""position_group"":""Specialist"",""draft_capital_tier"":""round6_7"",""pick_min"":""181"",""pick_max"":""260"",""college_band"":""college_98_99"",""college_ovr_min"":""98"",""college_ovr_max"":""99"",""nfl_rookie_ovr_min"":""62"",""nfl_rookie_ovr_max"":""72"",""nfl_potential_min"":""72"",""nfl_potential_max"":""81"",""translation_uncertainty_sigma"":""0.22"",""readiness_tag"":""longshot_roster"",""rare_exception_allowed"":""limited"",""notes"":""K/P can translate directly; current rating can be comparatively high even with modest draft capital.""}"
draft_translation,college_to_nfl_rating_translation.csv,college_to_nfl_rating_translation,runtime_tuning,946,Specialist,"{""position_group"":""Specialist"",""draft_capital_tier"":""round6_7"",""pick_min"":""181"",""pick_max"":""260"",""college_band"":""college_95_97"",""college_ovr_min"":""95"",""college_ovr_max"":""97"",""nfl_rookie_ovr_min"":""60"",""nfl_rookie_ovr_max"":""70"",""nfl_potential_min"":""70"",""nfl_potential_max"":""80"",""translation_uncertainty_sigma"":""0.22"",""readiness_tag"":""longshot_roster"",""rare_exception_allowed"":""limited"",""notes"":""K/P can translate directly; current rating can be comparatively high even with modest draft capital.""}"
draft_translation,college_to_nfl_rating_translation.csv,college_to_nfl_rating_translation,runtime_tuning,947,Specialist,"{""position_group"":""Specialist"",""draft_capital_tier"":""round6_7"",""pick_min"":""181"",""pick_max"":""260"",""college_band"":""college_90_94"",""college_ovr_min"":""90"",""college_ovr_max"":""94"",""nfl_rookie_ovr_min"":""58"",""nfl_rookie_ovr_max"":""68"",""nfl_potential_min"":""68"",""nfl_potential_max"":""79"",""translation_uncertainty_sigma"":""0.22"",""readiness_tag"":""longshot_roster"",""rare_exception_allowed"":""limited"",""notes"":""K/P can translate directly; current rating can be comparatively high even with modest draft capital.""}"
draft_translation,college_to_nfl_rating_translation.csv,college_to_nfl_rating_translation,runtime_tuning,948,Specialist,"{""position_group"":""Specialist"",""draft_capital_tier"":""round6_7"",""pick_min"":""181"",""pick_max"":""260"",""college_band"":""college_84_89"",""college_ovr_min"":""84"",""college_ovr_max"":""89"",""nfl_rookie_ovr_min"":""55"",""nfl_rookie_ovr_max"":""65"",""nfl_potential_min"":""65"",""nfl_potential_max"":""77"",""translation_uncertainty_sigma"":""0.22"",""readiness_tag"":""longshot_roster"",""rare_exception_allowed"":""limited"",""notes"":""K/P can translate directly; current rating can be comparatively high even with modest draft capital.""}"
draft_translation,college_to_nfl_rating_translation.csv,college_to_nfl_rating_translation,runtime_tuning,949,Specialist,"{""position_group"":""Specialist"",""draft_capital_tier"":""round6_7"",""pick_min"":""181"",""pick_max"":""260"",""college_band"":""college_78_83"",""college_ovr_min"":""78"",""college_ovr_max"":""83"",""nfl_rookie_ovr_min"":""51"",""nfl_rookie_ovr_max"":""61"",""nfl_potential_min"":""61"",""nfl_potential_max"":""75"",""translation_uncertainty_sigma"":""0.22"",""readiness_tag"":""longshot_roster"",""rare_exception_allowed"":""limited"",""notes"":""K/P can translate directly; current rating can be comparatively high even with modest draft capital.""}"
draft_translation,college_to_nfl_rating_translation.csv,college_to_nfl_rating_translation,runtime_tuning,950,Specialist,"{""position_group"":""Specialist"",""draft_capital_tier"":""round6_7"",""pick_min"":""181"",""pick_max"":""260"",""college_band"":""college_70_77"",""college_ovr_min"":""70"",""college_ovr_max"":""77"",""nfl_rookie_ovr_min"":""45"",""nfl_rookie_ovr_max"":""54"",""nfl_potential_min"":""58"",""nfl_potential_max"":""72"",""translation_uncertainty_sigma"":""0.24"",""readiness_tag"":""longshot_roster"",""rare_exception_allowed"":""limited"",""notes"":""K/P can translate directly; current rating can be comparatively high even with modest draft capital.""}"
draft_translation,college_to_nfl_rating_translation.csv,college_to_nfl_rating_translation,runtime_tuning,951,Specialist,"{""position_group"":""Specialist"",""draft_capital_tier"":""round6_7"",""pick_min"":""181"",""pick_max"":""260"",""college_band"":""college_60_69"",""college_ovr_min"":""60"",""college_ovr_max"":""69"",""nfl_rookie_ovr_min"":""42"",""nfl_rookie_ovr_max"":""45"",""nfl_potential_min"":""55"",""nfl_potential_max"":""69"",""translation_uncertainty_sigma"":""0.24"",""readiness_tag"":""longshot_roster"",""rare_exception_allowed"":""limited"",""notes"":""K/P can translate directly; current rating can be comparatively high even with modest draft capital.""}"
draft_translation,college_to_nfl_rating_translation.csv,college_to_nfl_rating_translation,runtime_tuning,952,Specialist,"{""position_group"":""Specialist"",""draft_capital_tier"":""round6_7"",""pick_min"":""181"",""pick_max"":""260"",""college_band"":""college_below_60"",""college_ovr_min"":""1"",""college_ovr_max"":""59"",""nfl_rookie_ovr_min"":""42"",""nfl_rookie_ovr_max"":""44"",""nfl_potential_min"":""51"",""nfl_potential_max"":""65"",""translation_uncertainty_sigma"":""0.24"",""readiness_tag"":""longshot_roster"",""rare_exception_allowed"":""limited"",""notes"":""K/P can translate directly; current rating can be comparatively high even with modest draft capital.""}"
draft_translation,college_to_nfl_rating_translation.csv,college_to_nfl_rating_translation,runtime_tuning,953,Specialist,"{""position_group"":""Specialist"",""draft_capital_tier"":""priority_udfa"",""pick_min"":""261"",""pick_max"":""999"",""college_band"":""college_98_99"",""college_ovr_min"":""98"",""college_ovr_max"":""99"",""nfl_rookie_ovr_min"":""59"",""nfl_rookie_ovr_max"":""69"",""nfl_potential_min"":""69"",""nfl_potential_max"":""79"",""translation_uncertainty_sigma"":""0.25"",""readiness_tag"":""camp_compete"",""rare_exception_allowed"":""yes"",""notes"":""K/P can translate directly; current rating can be comparatively high even with modest draft capital.""}"
draft_translation,college_to_nfl_rating_translation.csv,college_to_nfl_rating_translation,runtime_tuning,954,Specialist,"{""position_group"":""Specialist"",""draft_capital_tier"":""priority_udfa"",""pick_min"":""261"",""pick_max"":""999"",""college_band"":""college_95_97"",""college_ovr_min"":""95"",""college_ovr_max"":""97"",""nfl_rookie_ovr_min"":""57"",""nfl_rookie_ovr_max"":""67"",""nfl_potential_min"":""67"",""nfl_potential_max"":""78"",""translation_uncertainty_sigma"":""0.25"",""readiness_tag"":""camp_compete"",""rare_exception_allowed"":""yes"",""notes"":""K/P can translate directly; current rating can be comparatively high even with modest draft capital.""}"
draft_translation,college_to_nfl_rating_translation.csv,college_to_nfl_rating_translation,runtime_tuning,955,Specialist,"{""position_group"":""Specialist"",""draft_capital_tier"":""priority_udfa"",""pick_min"":""261"",""pick_max"":""999"",""college_band"":""college_90_94"",""college_ovr_min"":""90"",""college_ovr_max"":""94"",""nfl_rookie_ovr_min"":""55"",""nfl_rookie_ovr_max"":""65"",""nfl_potential_min"":""65"",""nfl_potential_max"":""77"",""translation_uncertainty_sigma"":""0.25"",""readiness_tag"":""camp_compete"",""rare_exception_allowed"":""yes"",""notes"":""K/P can translate directly; current rating can be comparatively high even with modest draft capital.""}"
draft_translation,college_to_nfl_rating_translation.csv,college_to_nfl_rating_translation,runtime_tuning,956,Specialist,"{""position_group"":""Specialist"",""draft_capital_tier"":""priority_udfa"",""pick_min"":""261"",""pick_max"":""999"",""college_band"":""college_84_89"",""college_ovr_min"":""84"",""college_ovr_max"":""89"",""nfl_rookie_ovr_min"":""52"",""nfl_rookie_ovr_max"":""62"",""nfl_potential_min"":""62"",""nfl_potential_max"":""75"",""translation_uncertainty_sigma"":""0.25"",""readiness_tag"":""camp_compete"",""rare_exception_allowed"":""yes"",""notes"":""K/P can translate directly; current rating can be comparatively high even with modest draft capital.""}"
draft_translation,college_to_nfl_rating_translation.csv,college_to_nfl_rating_translation,runtime_tuning,957,Specialist,"{""position_group"":""Specialist"",""draft_capital_tier"":""priority_udfa"",""pick_min"":""261"",""pick_max"":""999"",""college_band"":""college_78_83"",""college_ovr_min"":""78"",""college_ovr_max"":""83"",""nfl_rookie_ovr_min"":""48"",""nfl_rookie_ovr_max"":""58"",""nfl_potential_min"":""59"",""nfl_potential_max"":""73"",""translation_uncertainty_sigma"":""0.25"",""readiness_tag"":""camp_compete"",""rare_exception_allowed"":""yes"",""notes"":""K/P can translate directly; current rating can be comparatively high even with modest draft capital.""}"
draft_translation,college_to_nfl_rating_translation.csv,college_to_nfl_rating_translation,runtime_tuning,958,Specialist,"{""position_group"":""Specialist"",""draft_capital_tier"":""priority_udfa"",""pick_min"":""261"",""pick_max"":""999"",""college_band"":""college_70_77"",""college_ovr_min"":""70"",""college_ovr_max"":""77"",""nfl_rookie_ovr_min"":""42"",""nfl_rookie_ovr_max"":""51"",""nfl_potential_min"":""56"",""nfl_potential_max"":""70"",""translation_uncertainty_sigma"":""0.27"",""readiness_tag"":""camp_compete"",""rare_exception_allowed"":""yes"",""notes"":""K/P can translate directly; current rating can be comparatively high even with modest draft capital.""}"
draft_translation,college_to_nfl_rating_translation.csv,college_to_nfl_rating_translation,runtime_tuning,959,Specialist,"{""position_group"":""Specialist"",""draft_capital_tier"":""priority_udfa"",""pick_min"":""261"",""pick_max"":""999"",""college_band"":""college_60_69"",""college_ovr_min"":""60"",""college_ovr_max"":""69"",""nfl_rookie_ovr_min"":""42"",""nfl_rookie_ovr_max"":""44"",""nfl_potential_min"":""53"",""nfl_potential_max"":""67"",""translation_uncertainty_sigma"":""0.27"",""readiness_tag"":""camp_compete"",""rare_exception_allowed"":""yes"",""notes"":""K/P can translate directly; current rating can be comparatively high even with modest draft capital.""}"
draft_translation,college_to_nfl_rating_translation.csv,college_to_nfl_rating_translation,runtime_tuning,960,Specialist,"{""position_group"":""Specialist"",""draft_capital_tier"":""priority_udfa"",""pick_min"":""261"",""pick_max"":""999"",""college_band"":""college_below_60"",""college_ovr_min"":""1"",""college_ovr_max"":""59"",""nfl_rookie_ovr_min"":""42"",""nfl_rookie_ovr_max"":""44"",""nfl_potential_min"":""49"",""nfl_potential_max"":""63"",""translation_uncertainty_sigma"":""0.27"",""readiness_tag"":""camp_compete"",""rare_exception_allowed"":""yes"",""notes"":""K/P can translate directly; current rating can be comparatively high even with modest draft capital.""}"
draft_translation,college_to_nfl_rating_translation.csv,college_to_nfl_rating_translation,runtime_tuning,961,Specialist,"{""position_group"":""Specialist"",""draft_capital_tier"":""camp_udfa"",""pick_min"":""1000"",""pick_max"":""9999"",""college_band"":""college_98_99"",""college_ovr_min"":""98"",""college_ovr_max"":""99"",""nfl_rookie_ovr_min"":""55"",""nfl_rookie_ovr_max"":""65"",""nfl_potential_min"":""65"",""nfl_potential_max"":""76"",""translation_uncertainty_sigma"":""0.28"",""readiness_tag"":""camp_body"",""rare_exception_allowed"":""limited"",""notes"":""K/P can translate directly; current rating can be comparatively high even with modest draft capital.""}"
draft_translation,college_to_nfl_rating_translation.csv,college_to_nfl_rating_translation,runtime_tuning,962,Specialist,"{""position_group"":""Specialist"",""draft_capital_tier"":""camp_udfa"",""pick_min"":""1000"",""pick_max"":""9999"",""college_band"":""college_95_97"",""college_ovr_min"":""95"",""college_ovr_max"":""97"",""nfl_rookie_ovr_min"":""53"",""nfl_rookie_ovr_max"":""63"",""nfl_potential_min"":""63"",""nfl_potential_max"":""75"",""translation_uncertainty_sigma"":""0.28"",""readiness_tag"":""camp_body"",""rare_exception_allowed"":""limited"",""notes"":""K/P can translate directly; current rating can be comparatively high even with modest draft capital.""}"
draft_translation,college_to_nfl_rating_translation.csv,college_to_nfl_rating_translation,runtime_tuning,963,Specialist,"{""position_group"":""Specialist"",""draft_capital_tier"":""camp_udfa"",""pick_min"":""1000"",""pick_max"":""9999"",""college_band"":""college_90_94"",""college_ovr_min"":""90"",""college_ovr_max"":""94"",""nfl_rookie_ovr_min"":""51"",""nfl_rookie_ovr_max"":""61"",""nfl_potential_min"":""61"",""nfl_potential_max"":""74"",""translation_uncertainty_sigma"":""0.28"",""readiness_tag"":""camp_body"",""rare_exception_allowed"":""limited"",""notes"":""K/P can translate directly; current rating can be comparatively high even with modest draft capital.""}"
draft_translation,college_to_nfl_rating_translation.csv,college_to_nfl_rating_translation,runtime_tuning,964,Specialist,"{""position_group"":""Specialist"",""draft_capital_tier"":""camp_udfa"",""pick_min"":""1000"",""pick_max"":""9999"",""college_band"":""college_84_89"",""college_ovr_min"":""84"",""college_ovr_max"":""89"",""nfl_rookie_ovr_min"":""48"",""nfl_rookie_ovr_max"":""58"",""nfl_potential_min"":""58"",""nfl_potential_max"":""72"",""translation_uncertainty_sigma"":""0.28"",""readiness_tag"":""camp_body"",""rare_exception_allowed"":""limited"",""notes"":""K/P can translate directly; current rating can be comparatively high even with modest draft capital.""}"
draft_translation,college_to_nfl_rating_translation.csv,college_to_nfl_rating_translation,runtime_tuning,965,Specialist,"{""position_group"":""Specialist"",""draft_capital_tier"":""camp_udfa"",""pick_min"":""1000"",""pick_max"":""9999"",""college_band"":""college_78_83"",""college_ovr_min"":""78"",""college_ovr_max"":""83"",""nfl_rookie_ovr_min"":""44"",""nfl_rookie_ovr_max"":""54"",""nfl_potential_min"":""56"",""nfl_potential_max"":""70"",""translation_uncertainty_sigma"":""0.28"",""readiness_tag"":""camp_body"",""rare_exception_allowed"":""limited"",""notes"":""K/P can translate directly; current rating can be comparatively high even with modest draft capital.""}"
draft_translation,college_to_nfl_rating_translation.csv,college_to_nfl_rating_translation,runtime_tuning,966,Specialist,"{""position_group"":""Specialist"",""draft_capital_tier"":""camp_udfa"",""pick_min"":""1000"",""pick_max"":""9999"",""college_band"":""college_70_77"",""college_ovr_min"":""70"",""college_ovr_max"":""77"",""nfl_rookie_ovr_min"":""42"",""nfl_rookie_ovr_max"":""47"",""nfl_potential_min"":""53"",""nfl_potential_max"":""67"",""translation_uncertainty_sigma"":""0.3"",""readiness_tag"":""camp_body"",""rare_exception_allowed"":""limited"",""notes"":""K/P can translate directly; current rating can be comparatively high even with modest draft capital.""}"
draft_translation,college_to_nfl_rating_translation.csv,college_to_nfl_rating_translation,runtime_tuning,967,Specialist,"{""position_group"":""Specialist"",""draft_capital_tier"":""camp_udfa"",""pick_min"":""1000"",""pick_max"":""9999"",""college_band"":""college_60_69"",""college_ovr_min"":""60"",""college_ovr_max"":""69"",""nfl_rookie_ovr_min"":""42"",""nfl_rookie_ovr_max"":""44"",""nfl_potential_min"":""50"",""nfl_potential_max"":""64"",""translation_uncertainty_sigma"":""0.3"",""readiness_tag"":""camp_body"",""rare_exception_allowed"":""limited"",""notes"":""K/P can translate directly; current rating can be comparatively high even with modest draft capital.""}"
draft_translation,college_to_nfl_rating_translation.csv,college_to_nfl_rating_translation,runtime_tuning,968,Specialist,"{""position_group"":""Specialist"",""draft_capital_tier"":""camp_udfa"",""pick_min"":""1000"",""pick_max"":""9999"",""college_band"":""college_below_60"",""college_ovr_min"":""1"",""college_ovr_max"":""59"",""nfl_rookie_ovr_min"":""42"",""nfl_rookie_ovr_max"":""44"",""nfl_potential_min"":""46"",""nfl_potential_max"":""60"",""translation_uncertainty_sigma"":""0.3"",""readiness_tag"":""camp_body"",""rare_exception_allowed"":""limited"",""notes"":""K/P can translate directly; current rating can be comparatively high even with modest draft capital.""}"
draft_translation,college_to_nfl_translation_examples.csv,college_to_nfl_translation_examples,example,1,CB,"{""example_id"":""top5_non_qb_blue_chip"",""position_group"":""CB"",""draft_capital_tier"":""top_5"",""college_overall"":""96"",""college_potential"":""98"",""modifier_summary"":""elite_fbs,dominant_adjusted,athletic_elite,clean_medical"",""expected_nfl_rookie_current_range"":""78-84"",""expected_nfl_potential_range"":""88-96"",""notes"":""Reflects rare top rookie profile similar to top Madden rookie anchors.""}"
draft_translation,college_to_nfl_translation_examples.csv,college_to_nfl_translation_examples,example,2,QB,"{""example_id"":""top5_qb_standard"",""position_group"":""QB"",""draft_capital_tier"":""top_5"",""college_overall"":""94"",""college_potential"":""97"",""modifier_summary"":""power_fbs,good_production,good_athletic,standard_age"",""expected_nfl_rookie_current_range"":""69-75"",""expected_nfl_potential_range"":""82-92"",""notes"":""Top drafted QBs should usually start much lower than elite college rating implies.""}"
draft_translation,college_to_nfl_translation_examples.csv,college_to_nfl_translation_examples,example,3,OL,"{""example_id"":""round1_ol_ready"",""position_group"":""OL"",""draft_capital_tier"":""round1_late"",""college_overall"":""91"",""college_potential"":""94"",""modifier_summary"":""elite_fbs,pass_pro_ready,clean_medical"",""expected_nfl_rookie_current_range"":""70-78"",""expected_nfl_potential_range"":""82-91"",""notes"":""OL can be day-one ready but still not NFL elite.""}"
draft_translation,college_to_nfl_translation_examples.csv,college_to_nfl_translation_examples,example,4,EDGE,"{""example_id"":""round2_edge_traits"",""position_group"":""EDGE"",""draft_capital_tier"":""round2"",""college_overall"":""88"",""college_potential"":""94"",""modifier_summary"":""athletic_elite,production_average,raw_technique"",""expected_nfl_rookie_current_range"":""61-70"",""expected_nfl_potential_range"":""80-91"",""notes"":""Traits keep upside high; current impact remains variable.""}"
draft_translation,college_to_nfl_translation_examples.csv,college_to_nfl_translation_examples,example,5,QB,"{""example_id"":""round5_qb"",""position_group"":""QB"",""draft_capital_tier"":""round5"",""college_overall"":""87"",""college_potential"":""91"",""modifier_summary"":""experienced_age,good_production,processing_good"",""expected_nfl_rookie_current_range"":""55-64"",""expected_nfl_potential_range"":""68-82"",""notes"":""Late QBs can be interesting, but current rating should not rival top picks by default.""}"
draft_translation,college_to_nfl_translation_examples.csv,college_to_nfl_translation_examples,example,6,RB,"{""example_id"":""priority_udfa_rb"",""position_group"":""RB"",""draft_capital_tier"":""priority_udfa"",""college_overall"":""82"",""college_potential"":""88"",""modifier_summary"":""athletic_good,production_good,pass_pro_low"",""expected_nfl_rookie_current_range"":""54-65"",""expected_nfl_potential_range"":""66-78"",""notes"":""UDFA RBs can compete, but need rare exception to be instant high starter.""}"
draft_translation,college_to_nfl_translation_modifiers.csv,college_to_nfl_translation_modifiers,modifier,1,college_to_nfl_translation_modifiers:1,"{""modifier_id"":""competition_elite_fbs"",""category"":""competition"",""applies_to"":""ALL"",""input_min"":""elite_fbs"",""input_max"":""elite_fbs"",""current_delta_min"":""1"",""current_delta_max"":""3"",""potential_delta_min"":""0"",""potential_delta_max"":""1"",""uncertainty_delta"":""-0.02"",""notes"":""Power schedule reduces translation uncertainty and boosts readiness.""}"
draft_translation,college_to_nfl_translation_modifiers.csv,college_to_nfl_translation_modifiers,modifier,2,college_to_nfl_translation_modifiers:2,"{""modifier_id"":""competition_power_fbs"",""category"":""competition"",""applies_to"":""ALL"",""input_min"":""power_fbs"",""input_max"":""power_fbs"",""current_delta_min"":""0"",""current_delta_max"":""2"",""potential_delta_min"":""0"",""potential_delta_max"":""1"",""uncertainty_delta"":""-0.01"",""notes"":""Strong FBS competition with moderate confidence bump.""}"
draft_translation,college_to_nfl_translation_modifiers.csv,college_to_nfl_translation_modifiers,modifier,3,college_to_nfl_translation_modifiers:3,"{""modifier_id"":""competition_g5"",""category"":""competition"",""applies_to"":""ALL"",""input_min"":""g5"",""input_max"":""g5"",""current_delta_min"":""-2"",""current_delta_max"":""1"",""potential_delta_min"":""0"",""potential_delta_max"":""2"",""uncertainty_delta"":""0.03"",""notes"":""Lower competition adds uncertainty but can preserve upside.""}"
draft_translation,college_to_nfl_translation_modifiers.csv,college_to_nfl_translation_modifiers,modifier,4,college_to_nfl_translation_modifiers:4,"{""modifier_id"":""competition_fcs_elite"",""category"":""competition"",""applies_to"":""ALL"",""input_min"":""fcs_elite"",""input_max"":""fcs_elite"",""current_delta_min"":""-3"",""current_delta_max"":""0"",""potential_delta_min"":""0"",""potential_delta_max"":""3"",""uncertainty_delta"":""0.05"",""notes"":""Elite FCS players can translate but need wider projection bands.""}"
draft_translation,college_to_nfl_translation_modifiers.csv,college_to_nfl_translation_modifiers,modifier,5,college_to_nfl_translation_modifiers:5,"{""modifier_id"":""competition_fcs_lower"",""category"":""competition"",""applies_to"":""ALL"",""input_min"":""fcs_lower"",""input_max"":""fcs_lower"",""current_delta_min"":""-5"",""current_delta_max"":""-1"",""potential_delta_min"":""-1"",""potential_delta_max"":""3"",""uncertainty_delta"":""0.08"",""notes"":""Small-school translation requires larger uncertainty and more scouting.""}"
draft_translation,college_to_nfl_translation_modifiers.csv,college_to_nfl_translation_modifiers,modifier,6,college_to_nfl_translation_modifiers:6,"{""modifier_id"":""age_20_21_young"",""category"":""draft_age"",""applies_to"":""ALL"",""input_min"":""20"",""input_max"":""21"",""current_delta_min"":""-1"",""current_delta_max"":""1"",""potential_delta_min"":""2"",""potential_delta_max"":""5"",""uncertainty_delta"":""0.02"",""notes"":""Young prospects may be less ready but keep more NFL upside.""}"
draft_translation,college_to_nfl_translation_modifiers.csv,college_to_nfl_translation_modifiers,modifier,7,college_to_nfl_translation_modifiers:7,"{""modifier_id"":""age_22_standard"",""category"":""draft_age"",""applies_to"":""ALL"",""input_min"":""22"",""input_max"":""22"",""current_delta_min"":""0"",""current_delta_max"":""1"",""potential_delta_min"":""0"",""potential_delta_max"":""2"",""uncertainty_delta"":""0"",""notes"":""Standard draft-age range.""}"
draft_translation,college_to_nfl_translation_modifiers.csv,college_to_nfl_translation_modifiers,modifier,8,college_to_nfl_translation_modifiers:8,"{""modifier_id"":""age_23_experienced"",""category"":""draft_age"",""applies_to"":""ALL"",""input_min"":""23"",""input_max"":""23"",""current_delta_min"":""1"",""current_delta_max"":""3"",""potential_delta_min"":""-2"",""potential_delta_max"":""0"",""uncertainty_delta"":""-0.01"",""notes"":""Older experienced prospects can be more ready but have less upside.""}"
draft_translation,college_to_nfl_translation_modifiers.csv,college_to_nfl_translation_modifiers,modifier,9,college_to_nfl_translation_modifiers:9,"{""modifier_id"":""age_24_plus_old"",""category"":""draft_age"",""applies_to"":""ALL"",""input_min"":""24"",""input_max"":""27"",""current_delta_min"":""1"",""current_delta_max"":""4"",""potential_delta_min"":""-6"",""potential_delta_max"":""-2"",""uncertainty_delta"":""0.01"",""notes"":""Older draftees may be more polished, but cap long-term growth. Do not auto-bury them because modern drafts include older prospects.""}"
draft_translation,college_to_nfl_translation_modifiers.csv,college_to_nfl_translation_modifiers,modifier,10,college_to_nfl_translation_modifiers:10,"{""modifier_id"":""production_dominant_adjusted"",""category"":""production"",""applies_to"":""ALL"",""input_min"":""90"",""input_max"":""99"",""current_delta_min"":""2"",""current_delta_max"":""4"",""potential_delta_min"":""0"",""potential_delta_max"":""2"",""uncertainty_delta"":""-0.02"",""notes"":""Dominant competition-adjusted production supports readiness.""}"
draft_translation,college_to_nfl_translation_modifiers.csv,college_to_nfl_translation_modifiers,modifier,11,college_to_nfl_translation_modifiers:11,"{""modifier_id"":""production_good_adjusted"",""category"":""production"",""applies_to"":""ALL"",""input_min"":""75"",""input_max"":""89"",""current_delta_min"":""1"",""current_delta_max"":""2"",""potential_delta_min"":""0"",""potential_delta_max"":""1"",""uncertainty_delta"":""-0.01"",""notes"":""Strong production supports a small current boost.""}"
draft_translation,college_to_nfl_translation_modifiers.csv,college_to_nfl_translation_modifiers,modifier,12,college_to_nfl_translation_modifiers:12,"{""modifier_id"":""production_average"",""category"":""production"",""applies_to"":""ALL"",""input_min"":""55"",""input_max"":""74"",""current_delta_min"":""-1"",""current_delta_max"":""1"",""potential_delta_min"":""0"",""potential_delta_max"":""1"",""uncertainty_delta"":""0"",""notes"":""Average production is neutral.""}"
draft_translation,college_to_nfl_translation_modifiers.csv,college_to_nfl_translation_modifiers,modifier,13,college_to_nfl_translation_modifiers:13,"{""modifier_id"":""production_low"",""category"":""production"",""applies_to"":""ALL"",""input_min"":""1"",""input_max"":""54"",""current_delta_min"":""-4"",""current_delta_max"":""-1"",""potential_delta_min"":""-2"",""potential_delta_max"":""1"",""uncertainty_delta"":""0.04"",""notes"":""Low production adds risk unless traits are elite.""}"
draft_translation,college_to_nfl_translation_modifiers.csv,college_to_nfl_translation_modifiers,modifier,14,college_to_nfl_translation_modifiers:14,"{""modifier_id"":""athletic_elite"",""category"":""athletic_testing"",""applies_to"":""ALL"",""input_min"":""90"",""input_max"":""99"",""current_delta_min"":""1"",""current_delta_max"":""3"",""potential_delta_min"":""3"",""potential_delta_max"":""6"",""uncertainty_delta"":""0.02"",""notes"":""Elite testing raises ceiling more than floor; combine-like signals should not overdetermine long-term success.""}"
draft_translation,college_to_nfl_translation_modifiers.csv,college_to_nfl_translation_modifiers,modifier,15,college_to_nfl_translation_modifiers:15,"{""modifier_id"":""athletic_good"",""category"":""athletic_testing"",""applies_to"":""ALL"",""input_min"":""75"",""input_max"":""89"",""current_delta_min"":""0"",""current_delta_max"":""2"",""potential_delta_min"":""1"",""potential_delta_max"":""3"",""uncertainty_delta"":""0.01"",""notes"":""Good testing supports role fit.""}"
draft_translation,college_to_nfl_translation_modifiers.csv,college_to_nfl_translation_modifiers,modifier,16,college_to_nfl_translation_modifiers:16,"{""modifier_id"":""athletic_poor"",""category"":""athletic_testing"",""applies_to"":""ALL"",""input_min"":""1"",""input_max"":""49"",""current_delta_min"":""-5"",""current_delta_max"":""-2"",""potential_delta_min"":""-6"",""potential_delta_max"":""-2"",""uncertainty_delta"":""0.05"",""notes"":""Poor athletic profile lowers both current translation and ceiling.""}"
draft_translation,college_to_nfl_translation_modifiers.csv,college_to_nfl_translation_modifiers,modifier,17,college_to_nfl_translation_modifiers:17,"{""modifier_id"":""medical_clean"",""category"":""medical"",""applies_to"":""ALL"",""input_min"":""80"",""input_max"":""99"",""current_delta_min"":""0"",""current_delta_max"":""1"",""potential_delta_min"":""0"",""potential_delta_max"":""1"",""uncertainty_delta"":""-0.01"",""notes"":""Clean medical slightly reduces uncertainty.""}"
draft_translation,college_to_nfl_translation_modifiers.csv,college_to_nfl_translation_modifiers,modifier,18,college_to_nfl_translation_modifiers:18,"{""modifier_id"":""medical_flag"",""category"":""medical"",""applies_to"":""ALL"",""input_min"":""1"",""input_max"":""49"",""current_delta_min"":""-6"",""current_delta_max"":""-2"",""potential_delta_min"":""-8"",""potential_delta_max"":""-3"",""uncertainty_delta"":""0.08"",""notes"":""Medical red flag should materially lower and widen translation.""}"
draft_translation,college_to_nfl_translation_modifiers.csv,college_to_nfl_translation_modifiers,modifier,19,college_to_nfl_translation_modifiers:19,"{""modifier_id"":""work_ethic_high"",""category"":""work_ethic"",""applies_to"":""ALL"",""input_min"":""80"",""input_max"":""99"",""current_delta_min"":""0"",""current_delta_max"":""2"",""potential_delta_min"":""2"",""potential_delta_max"":""5"",""uncertainty_delta"":""-0.01"",""notes"":""High work ethic matters more to potential than immediate current rating.""}"
draft_translation,college_to_nfl_translation_modifiers.csv,college_to_nfl_translation_modifiers,modifier,20,college_to_nfl_translation_modifiers:20,"{""modifier_id"":""work_ethic_low"",""category"":""work_ethic"",""applies_to"":""ALL"",""input_min"":""1"",""input_max"":""44"",""current_delta_min"":""-3"",""current_delta_max"":""-1"",""potential_delta_min"":""-7"",""potential_delta_max"":""-3"",""uncertainty_delta"":""0.04"",""notes"":""Low work ethic is a development risk.""}"
draft_translation,college_to_nfl_translation_modifiers.csv,college_to_nfl_translation_modifiers,modifier,21,college_to_nfl_translation_modifiers:21,"{""modifier_id"":""qb_processing_elite"",""category"":""position_skill"",""applies_to"":""QB"",""input_min"":""85"",""input_max"":""99"",""current_delta_min"":""2"",""current_delta_max"":""4"",""potential_delta_min"":""2"",""potential_delta_max"":""4"",""uncertainty_delta"":""-0.03"",""notes"":""Elite processing is the rare QB readiness booster.""}"
draft_translation,college_to_nfl_translation_modifiers.csv,college_to_nfl_translation_modifiers,modifier,22,college_to_nfl_translation_modifiers:22,"{""modifier_id"":""qb_processing_poor"",""category"":""position_skill"",""applies_to"":""QB"",""input_min"":""1"",""input_max"":""54"",""current_delta_min"":""-6"",""current_delta_max"":""-2"",""potential_delta_min"":""-4"",""potential_delta_max"":""-1"",""uncertainty_delta"":""0.06"",""notes"":""Poor processing should suppress QB rookie current more than arm talent alone.""}"
draft_translation,college_to_nfl_translation_modifiers.csv,college_to_nfl_translation_modifiers,modifier,23,college_to_nfl_translation_modifiers:23,"{""modifier_id"":""rb_pass_pro_low"",""category"":""position_skill"",""applies_to"":""RB"",""input_min"":""1"",""input_max"":""54"",""current_delta_min"":""-4"",""current_delta_max"":""-1"",""potential_delta_min"":""-2"",""potential_delta_max"":""0"",""uncertainty_delta"":""0.03"",""notes"":""RBs with weak pass protection lose NFL readiness despite rushing talent.""}"
draft_translation,college_to_nfl_translation_modifiers.csv,college_to_nfl_translation_modifiers,modifier,24,college_to_nfl_translation_modifiers:24,"{""modifier_id"":""wr_route_tree_limited"",""category"":""position_skill"",""applies_to"":""WR"",""input_min"":""1"",""input_max"":""54"",""current_delta_min"":""-4"",""current_delta_max"":""-1"",""potential_delta_min"":""-1"",""potential_delta_max"":""2"",""uncertainty_delta"":""0.05"",""notes"":""Limited college route tree slows WR translation.""}"
draft_translation,college_to_nfl_translation_modifiers.csv,college_to_nfl_translation_modifiers,modifier,25,college_to_nfl_translation_modifiers:25,"{""modifier_id"":""ol_pass_pro_ready"",""category"":""position_skill"",""applies_to"":""OL"",""input_min"":""80"",""input_max"":""99"",""current_delta_min"":""1"",""current_delta_max"":""4"",""potential_delta_min"":""0"",""potential_delta_max"":""2"",""uncertainty_delta"":""-0.02"",""notes"":""Pass protection readiness helps OL start early.""}"
draft_translation,college_to_nfl_translation_modifiers.csv,college_to_nfl_translation_modifiers,modifier,26,college_to_nfl_translation_modifiers:26,"{""modifier_id"":""cb_press_man_raw"",""category"":""position_skill"",""applies_to"":""CB"",""input_min"":""1"",""input_max"":""54"",""current_delta_min"":""-4"",""current_delta_max"":""-1"",""potential_delta_min"":""0"",""potential_delta_max"":""3"",""uncertainty_delta"":""0.05"",""notes"":""Raw coverage technique widens CB projection.""}"
draft_translation,draft_class_eligibility_rules.csv,draft_class_eligibility_rules,rule,1,senior_auto_eligible,"{""rule_id"":""senior_auto_eligible"",""class_year"":""SR|RS_SR"",""min_age"":""21"",""max_age"":""25"",""eligibility_weight"":""1.0"",""early_declare"":""no"",""notes"":""Seniors are draft eligible.""}"
draft_translation,draft_class_eligibility_rules.csv,draft_class_eligibility_rules,rule,2,rs_junior_likely_eligible,"{""rule_id"":""rs_junior_likely_eligible"",""class_year"":""RS_JR"",""min_age"":""21"",""max_age"":""24"",""eligibility_weight"":""0.88"",""early_declare"":""yes"",""notes"":""RS juniors commonly draft eligible.""}"
draft_translation,draft_class_eligibility_rules.csv,draft_class_eligibility_rules,rule,3,junior_early_declare,"{""rule_id"":""junior_early_declare"",""class_year"":""JR"",""min_age"":""20"",""max_age"":""23"",""eligibility_weight"":""0.42"",""early_declare"":""yes"",""notes"":""Junior early declaration weighted by projection.""}"
draft_translation,draft_class_eligibility_rules.csv,draft_class_eligibility_rules,rule,4,rs_sophomore_rare_eligible,"{""rule_id"":""rs_sophomore_rare_eligible"",""class_year"":""RS_SO"",""min_age"":""20"",""max_age"":""23"",""eligibility_weight"":""0.08"",""early_declare"":""yes"",""notes"":""Rare but possible if enough years removed and highly rated.""}"
draft_translation,draft_class_eligibility_rules.csv,draft_class_eligibility_rules,rule,5,underclass_block,"{""rule_id"":""underclass_block"",""class_year"":""FR|RS_FR|SO"",""min_age"":""18"",""max_age"":""22"",""eligibility_weight"":""0.0"",""early_declare"":""no"",""notes"":""Not eligible by default for Year Zero draft.""}"
draft_translation,draft_class_selection_weights.csv,draft_class_selection_weights,weight_distribution,1,draft_class_selection_weights:1,"{""factor"":""nfl_projection"",""weight"":""0.32"",""direction"":""higher_better"",""cap_min"":""0"",""cap_max"":""99"",""notes"":""Most important draft board factor.""}"
draft_translation,draft_class_selection_weights.csv,draft_class_selection_weights,weight_distribution,2,draft_class_selection_weights:2,"{""factor"":""college_overall"",""weight"":""0.14"",""direction"":""higher_better"",""cap_min"":""0"",""cap_max"":""99"",""notes"":""College ability still matters.""}"
draft_translation,draft_class_selection_weights.csv,draft_class_selection_weights,weight_distribution,3,draft_class_selection_weights:3,"{""factor"":""production_history"",""weight"":""0.14"",""direction"":""higher_better"",""cap_min"":""0"",""cap_max"":""99"",""notes"":""Past performance.""}"
draft_translation,draft_class_selection_weights.csv,draft_class_selection_weights,weight_distribution,4,draft_class_selection_weights:4,"{""factor"":""position_value"",""weight"":""0.11"",""direction"":""higher_better"",""cap_min"":""0"",""cap_max"":""99"",""notes"":""Premium positions rise.""}"
draft_translation,draft_class_selection_weights.csv,draft_class_selection_weights,weight_distribution,5,draft_class_selection_weights:5,"{""factor"":""athletic_testing_proxy"",""weight"":""0.09"",""direction"":""higher_better"",""cap_min"":""0"",""cap_max"":""99"",""notes"":""Combine/pro day proxy.""}"
draft_translation,draft_class_selection_weights.csv,draft_class_selection_weights,weight_distribution,6,draft_class_selection_weights:6,"{""factor"":""age"",""weight"":""0.05"",""direction"":""younger_better"",""cap_min"":""18"",""cap_max"":""26"",""notes"":""Younger prospects get modest boost.""}"
draft_translation,draft_class_selection_weights.csv,draft_class_selection_weights,weight_distribution,7,draft_class_selection_weights:7,"{""factor"":""medical_risk"",""weight"":""0.06"",""direction"":""lower_better"",""cap_min"":""0"",""cap_max"":""99"",""notes"":""Medical risk discount.""}"
draft_translation,draft_class_selection_weights.csv,draft_class_selection_weights,weight_distribution,8,draft_class_selection_weights:8,"{""factor"":""character_risk"",""weight"":""0.03"",""direction"":""lower_better"",""cap_min"":""0"",""cap_max"":""99"",""notes"":""Character risk.""}"
draft_translation,draft_class_selection_weights.csv,draft_class_selection_weights,weight_distribution,9,draft_class_selection_weights:9,"{""factor"":""work_ethic"",""weight"":""0.04"",""direction"":""higher_better"",""cap_min"":""0"",""cap_max"":""99"",""notes"":""Development confidence.""}"
draft_translation,draft_class_selection_weights.csv,draft_class_selection_weights,weight_distribution,10,draft_class_selection_weights:10,"{""factor"":""competition_level"",""weight"":""0.02"",""direction"":""higher_better"",""cap_min"":""0"",""cap_max"":""99"",""notes"":""Competition translation.""}"
draft_translation,draft_tier_rookie_rating_anchors.csv,draft_tier_rookie_rating_anchors,runtime_tuning,1,draft_tier_rookie_rating_anchors:1,"{""draft_capital_tier"":""top_5"",""pick_min"":""1"",""pick_max"":""5"",""current_modifier"":""7"",""potential_modifier"":""8"",""uncertainty_modifier"":""-0.05"",""current_ceiling_bonus"":""4"",""readiness_tag"":""premium_day_one"",""expected_role_year_1"":""starter_or_major_rotation"",""notes"":""Draft capital is not the only input; it anchors NFL opportunity and team confidence, then college rating/traits/medical modify.""}"
draft_translation,draft_tier_rookie_rating_anchors.csv,draft_tier_rookie_rating_anchors,runtime_tuning,2,draft_tier_rookie_rating_anchors:2,"{""draft_capital_tier"":""top_10"",""pick_min"":""6"",""pick_max"":""10"",""current_modifier"":""5"",""potential_modifier"":""7"",""uncertainty_modifier"":""-0.04"",""current_ceiling_bonus"":""3"",""readiness_tag"":""premium_day_one"",""expected_role_year_1"":""starter_or_major_rotation"",""notes"":""Draft capital is not the only input; it anchors NFL opportunity and team confidence, then college rating/traits/medical modify.""}"
draft_translation,draft_tier_rookie_rating_anchors.csv,draft_tier_rookie_rating_anchors,runtime_tuning,3,draft_tier_rookie_rating_anchors:3,"{""draft_capital_tier"":""round1_early_mid"",""pick_min"":""11"",""pick_max"":""20"",""current_modifier"":""3"",""potential_modifier"":""5"",""uncertainty_modifier"":""-0.03"",""current_ceiling_bonus"":""2"",""readiness_tag"":""day_one_compete"",""expected_role_year_1"":""starter_compete"",""notes"":""Draft capital is not the only input; it anchors NFL opportunity and team confidence, then college rating/traits/medical modify.""}"
draft_translation,draft_tier_rookie_rating_anchors.csv,draft_tier_rookie_rating_anchors,runtime_tuning,4,draft_tier_rookie_rating_anchors:4,"{""draft_capital_tier"":""round1_late"",""pick_min"":""21"",""pick_max"":""32"",""current_modifier"":""1"",""potential_modifier"":""4"",""uncertainty_modifier"":""-0.02"",""current_ceiling_bonus"":""1"",""readiness_tag"":""day_one_compete"",""expected_role_year_1"":""starter_compete"",""notes"":""Draft capital is not the only input; it anchors NFL opportunity and team confidence, then college rating/traits/medical modify.""}"
draft_translation,draft_tier_rookie_rating_anchors.csv,draft_tier_rookie_rating_anchors,runtime_tuning,5,draft_tier_rookie_rating_anchors:5,"{""draft_capital_tier"":""round2"",""pick_min"":""33"",""pick_max"":""64"",""current_modifier"":""-2"",""potential_modifier"":""2"",""uncertainty_modifier"":""0.0"",""current_ceiling_bonus"":""0"",""readiness_tag"":""rotation_early"",""expected_role_year_1"":""rotation_compete"",""notes"":""Draft capital is not the only input; it anchors NFL opportunity and team confidence, then college rating/traits/medical modify.""}"
draft_translation,draft_tier_rookie_rating_anchors.csv,draft_tier_rookie_rating_anchors,runtime_tuning,6,draft_tier_rookie_rating_anchors:6,"{""draft_capital_tier"":""round3"",""pick_min"":""65"",""pick_max"":""100"",""current_modifier"":""-5"",""potential_modifier"":""0"",""uncertainty_modifier"":""0.03"",""current_ceiling_bonus"":""-1"",""readiness_tag"":""rotation_development"",""expected_role_year_1"":""rotation_depth"",""notes"":""Draft capital is not the only input; it anchors NFL opportunity and team confidence, then college rating/traits/medical modify.""}"
draft_translation,draft_tier_rookie_rating_anchors.csv,draft_tier_rookie_rating_anchors,runtime_tuning,7,draft_tier_rookie_rating_anchors:7,"{""draft_capital_tier"":""round4"",""pick_min"":""101"",""pick_max"":""140"",""current_modifier"":""-8"",""potential_modifier"":""-2"",""uncertainty_modifier"":""0.05"",""current_ceiling_bonus"":""-2"",""readiness_tag"":""depth_development"",""expected_role_year_1"":""depth_special_teams"",""notes"":""Draft capital is not the only input; it anchors NFL opportunity and team confidence, then college rating/traits/medical modify.""}"
draft_translation,draft_tier_rookie_rating_anchors.csv,draft_tier_rookie_rating_anchors,runtime_tuning,8,draft_tier_rookie_rating_anchors:8,"{""draft_capital_tier"":""round5"",""pick_min"":""141"",""pick_max"":""180"",""current_modifier"":""-11"",""potential_modifier"":""-4"",""uncertainty_modifier"":""0.07"",""current_ceiling_bonus"":""-3"",""readiness_tag"":""depth_development"",""expected_role_year_1"":""depth_special_teams"",""notes"":""Draft capital is not the only input; it anchors NFL opportunity and team confidence, then college rating/traits/medical modify.""}"
draft_translation,draft_tier_rookie_rating_anchors.csv,draft_tier_rookie_rating_anchors,runtime_tuning,9,draft_tier_rookie_rating_anchors:9,"{""draft_capital_tier"":""round6_7"",""pick_min"":""181"",""pick_max"":""260"",""current_modifier"":""-14"",""potential_modifier"":""-7"",""uncertainty_modifier"":""0.1"",""current_ceiling_bonus"":""-4"",""readiness_tag"":""longshot_roster"",""expected_role_year_1"":""roster_bubble"",""notes"":""Draft capital is not the only input; it anchors NFL opportunity and team confidence, then college rating/traits/medical modify.""}"
draft_translation,draft_tier_rookie_rating_anchors.csv,draft_tier_rookie_rating_anchors,runtime_tuning,10,draft_tier_rookie_rating_anchors:10,"{""draft_capital_tier"":""priority_udfa"",""pick_min"":""261"",""pick_max"":""999"",""current_modifier"":""-17"",""potential_modifier"":""-9"",""uncertainty_modifier"":""0.13"",""current_ceiling_bonus"":""-5"",""readiness_tag"":""camp_compete"",""expected_role_year_1"":""camp_compete"",""notes"":""Draft capital is not the only input; it anchors NFL opportunity and team confidence, then college rating/traits/medical modify.""}"
draft_translation,draft_tier_rookie_rating_anchors.csv,draft_tier_rookie_rating_anchors,runtime_tuning,11,draft_tier_rookie_rating_anchors:11,"{""draft_capital_tier"":""camp_udfa"",""pick_min"":""1000"",""pick_max"":""9999"",""current_modifier"":""-21"",""potential_modifier"":""-12"",""uncertainty_modifier"":""0.16"",""current_ceiling_bonus"":""-6"",""readiness_tag"":""camp_body"",""expected_role_year_1"":""camp_body"",""notes"":""Draft capital is not the only input; it anchors NFL opportunity and team confidence, then college rating/traits/medical modify.""}"
draft_translation,initial_draft_class_targets.csv,initial_draft_class_targets,target,1,initial_draft_class_targets:1,"{""segment"":""round_1"",""pick_min"":""1"",""pick_max"":""32"",""target_count"":""32"",""selection_pool"":""draft_eligible_college_players"",""min_nfl_projection"":""64"",""max_nfl_projection"":""82"",""notes"":""Best projected NFL rookies.""}"
draft_translation,initial_draft_class_targets.csv,initial_draft_class_targets,target,2,initial_draft_class_targets:2,"{""segment"":""round_2"",""pick_min"":""33"",""pick_max"":""64"",""target_count"":""32"",""selection_pool"":""draft_eligible_college_players"",""min_nfl_projection"":""60"",""max_nfl_projection"":""76"",""notes"":""Second-round values.""}"
draft_translation,initial_draft_class_targets.csv,initial_draft_class_targets,target,3,initial_draft_class_targets:3,"{""segment"":""round_3"",""pick_min"":""65"",""pick_max"":""96"",""target_count"":""32"",""selection_pool"":""draft_eligible_college_players"",""min_nfl_projection"":""56"",""max_nfl_projection"":""72"",""notes"":""Third-round values.""}"
draft_translation,initial_draft_class_targets.csv,initial_draft_class_targets,target,4,initial_draft_class_targets:4,"{""segment"":""round_4"",""pick_min"":""97"",""pick_max"":""128"",""target_count"":""32"",""selection_pool"":""draft_eligible_college_players"",""min_nfl_projection"":""52"",""max_nfl_projection"":""69"",""notes"":""Fourth-round values.""}"
draft_translation,initial_draft_class_targets.csv,initial_draft_class_targets,target,5,initial_draft_class_targets:5,"{""segment"":""round_5"",""pick_min"":""129"",""pick_max"":""160"",""target_count"":""32"",""selection_pool"":""draft_eligible_college_players"",""min_nfl_projection"":""49"",""max_nfl_projection"":""66"",""notes"":""Fifth-round values.""}"
draft_translation,initial_draft_class_targets.csv,initial_draft_class_targets,target,6,initial_draft_class_targets:6,"{""segment"":""round_6"",""pick_min"":""161"",""pick_max"":""192"",""target_count"":""32"",""selection_pool"":""draft_eligible_college_players"",""min_nfl_projection"":""46"",""max_nfl_projection"":""63"",""notes"":""Sixth-round values.""}"
draft_translation,initial_draft_class_targets.csv,initial_draft_class_targets,target,7,initial_draft_class_targets:7,"{""segment"":""round_7"",""pick_min"":""193"",""pick_max"":""224"",""target_count"":""32"",""selection_pool"":""draft_eligible_college_players"",""min_nfl_projection"":""43"",""max_nfl_projection"":""60"",""notes"":""Seventh-round values. Comp picks can extend later.""}"
draft_translation,initial_draft_class_targets.csv,initial_draft_class_targets,target,8,initial_draft_class_targets:8,"{""segment"":""udfa_priority"",""pick_min"":""225"",""pick_max"":""320"",""target_count"":""96"",""selection_pool"":""draft_eligible_college_players"",""min_nfl_projection"":""39"",""max_nfl_projection"":""58"",""notes"":""Priority UDFAs.""}"
draft_translation,initial_draft_class_targets.csv,initial_draft_class_targets,target,9,initial_draft_class_targets:9,"{""segment"":""udfa_depth"",""pick_min"":""321"",""pick_max"":""520"",""target_count"":""200"",""selection_pool"":""draft_eligible_college_players"",""min_nfl_projection"":""32"",""max_nfl_projection"":""52"",""notes"":""Deep UDFA market.""}"
draft_translation,player_rating_scale_model.csv,player_rating_scale_model,runtime_tuning,1,player_rating_scale_model:1,"{""scale"":""high_school"",""band"":""elite_national"",""overall_min"":""88"",""overall_max"":""99"",""meaning"":""Immediate elite recruit; rare 5-star/generational profile."",""comparable"":""Top national recruit."",""translation_guidance"":""Can become 90+ college with development; not directly translated to NFL without college path.""}"
draft_translation,player_rating_scale_model.csv,player_rating_scale_model,runtime_tuning,2,player_rating_scale_model:2,"{""scale"":""high_school"",""band"":""blue_chip"",""overall_min"":""78"",""overall_max"":""89"",""meaning"":""Major college prospect."",""comparable"":""4-star and strong 5-star fringe."",""translation_guidance"":""Usually enters college as future starter candidate.""}"
draft_translation,player_rating_scale_model.csv,player_rating_scale_model,runtime_tuning,3,player_rating_scale_model:3,"{""scale"":""high_school"",""band"":""solid_recruit"",""overall_min"":""62"",""overall_max"":""80"",""meaning"":""Useful recruit with development path."",""comparable"":""3-star range."",""translation_guidance"":""Can become draftable if development/history rolls hit.""}"
draft_translation,player_rating_scale_model.csv,player_rating_scale_model,runtime_tuning,4,player_rating_scale_model:4,"{""scale"":""high_school"",""band"":""low_recruit"",""overall_min"":""45"",""overall_max"":""65"",""meaning"":""Depth or lower-level prospect."",""comparable"":""2-star/unranked."",""translation_guidance"":""Mostly depth, rare sleeper path.""}"
draft_translation,player_rating_scale_model.csv,player_rating_scale_model,runtime_tuning,5,player_rating_scale_model:5,"{""scale"":""college"",""band"":""national_superstar"",""overall_min"":""94"",""overall_max"":""99"",""meaning"":""Best players in college football."",""comparable"":""All-American/top-10 draft conversation."",""translation_guidance"":""Usually 70-84 NFL rookie current depending on position; QB usually lower.""}"
draft_translation,player_rating_scale_model.csv,player_rating_scale_model,runtime_tuning,6,player_rating_scale_model:6,"{""scale"":""college"",""band"":""elite_starter"",""overall_min"":""88"",""overall_max"":""93"",""meaning"":""High-end college starter."",""comparable"":""All-conference/early draftable."",""translation_guidance"":""Usually 62-78 NFL rookie current depending on draft tier and position.""}"
draft_translation,player_rating_scale_model.csv,player_rating_scale_model,runtime_tuning,7,player_rating_scale_model:7,"{""scale"":""college"",""band"":""solid_starter"",""overall_min"":""78"",""overall_max"":""87"",""meaning"":""Good college starter."",""comparable"":""Starter at many programs."",""translation_guidance"":""Usually 52-70 NFL projection; may be mid/late draft if traits fit.""}"
draft_translation,player_rating_scale_model.csv,player_rating_scale_model,runtime_tuning,8,player_rating_scale_model:8,"{""scale"":""college"",""band"":""rotation"",""overall_min"":""66"",""overall_max"":""77"",""meaning"":""College rotation or lower-tier starter."",""comparable"":""Role player."",""translation_guidance"":""Usually NFL camp/depth unless exceptional traits or position scarcity.""}"
draft_translation,player_rating_scale_model.csv,player_rating_scale_model,runtime_tuning,9,player_rating_scale_model:9,"{""scale"":""college"",""band"":""depth"",""overall_min"":""42"",""overall_max"":""65"",""meaning"":""Depth, developmental, walk-on."",""comparable"":""Back-end roster."",""translation_guidance"":""Usually not draftable; may become UDFA/camp body only through rare exception.""}"
draft_translation,player_rating_scale_model.csv,player_rating_scale_model,runtime_tuning,10,player_rating_scale_model:10,"{""scale"":""nfl"",""band"":""all_pro"",""overall_min"":""92"",""overall_max"":""99"",""meaning"":""League-best NFL player."",""comparable"":""All-Pro caliber."",""translation_guidance"":""Rookies almost never begin here.""}"
draft_translation,player_rating_scale_model.csv,player_rating_scale_model,runtime_tuning,11,player_rating_scale_model:11,"{""scale"":""nfl"",""band"":""pro_bowl"",""overall_min"":""84"",""overall_max"":""91"",""meaning"":""High-end NFL starter."",""comparable"":""Pro Bowl caliber."",""translation_guidance"":""Only rare top rookies at immediate-translating positions approach lower bound.""}"
draft_translation,player_rating_scale_model.csv,player_rating_scale_model,runtime_tuning,12,player_rating_scale_model:12,"{""scale"":""nfl"",""band"":""quality_starter"",""overall_min"":""74"",""overall_max"":""83"",""meaning"":""Good NFL starter."",""comparable"":""Stable starter."",""translation_guidance"":""High-end rookie starter zone; common ceiling for top rookies year 1.""}"
draft_translation,player_rating_scale_model.csv,player_rating_scale_model,runtime_tuning,13,player_rating_scale_model:13,"{""scale"":""nfl"",""band"":""low_starter_high_backup"",""overall_min"":""64"",""overall_max"":""73"",""meaning"":""Low starter or strong backup."",""comparable"":""Rookie starter/bridge veteran."",""translation_guidance"":""Typical first/second-round rookie current zone.""}"
draft_translation,player_rating_scale_model.csv,player_rating_scale_model,runtime_tuning,14,player_rating_scale_model:14,"{""scale"":""nfl"",""band"":""roster_depth"",""overall_min"":""52"",""overall_max"":""63"",""meaning"":""Roster depth, young players, specialists."",""comparable"":""Backup or role player."",""translation_guidance"":""Typical day-three/UDFA current zone.""}"
draft_translation,player_rating_scale_model.csv,player_rating_scale_model,runtime_tuning,15,player_rating_scale_model:15,"{""scale"":""nfl"",""band"":""replacement"",""overall_min"":""38"",""overall_max"":""51"",""meaning"":""Replacement level or practice squad."",""comparable"":""Camp body/emergency depth."",""translation_guidance"":""Low-end late-round or camp-body current zone.""}"
