domain,source_file,source_table,record_category,source_row,row_key,payload_json
high_school_recruits,high_school_position_distribution.csv,high_school_position_distribution,weight_distribution,1,high_school_position_distribution:1,"{""generation_position"":""QB"",""weight"":""0.065"",""weight_group"":""hs_position_distribution"",""final_position_required"":""no"",""notes"":""Generation position. Broad labels must convert before roster import.""}"
high_school_recruits,high_school_position_distribution.csv,high_school_position_distribution,weight_distribution,2,high_school_position_distribution:2,"{""generation_position"":""RB"",""weight"":""0.085"",""weight_group"":""hs_position_distribution"",""final_position_required"":""no"",""notes"":""Generation position. Broad labels must convert before roster import.""}"
high_school_recruits,high_school_position_distribution.csv,high_school_position_distribution,weight_distribution,3,high_school_position_distribution:3,"{""generation_position"":""WR"",""weight"":""0.155"",""weight_group"":""hs_position_distribution"",""final_position_required"":""no"",""notes"":""Generation position. Broad labels must convert before roster import.""}"
high_school_recruits,high_school_position_distribution.csv,high_school_position_distribution,weight_distribution,4,high_school_position_distribution:4,"{""generation_position"":""TE"",""weight"":""0.065"",""weight_group"":""hs_position_distribution"",""final_position_required"":""no"",""notes"":""Generation position. Broad labels must convert before roster import.""}"
high_school_recruits,high_school_position_distribution.csv,high_school_position_distribution,weight_distribution,5,high_school_position_distribution:5,"{""generation_position"":""OT"",""weight"":""0.075"",""weight_group"":""hs_position_distribution"",""final_position_required"":""yes"",""notes"":""Generation position. Broad labels must convert before roster import.""}"
high_school_recruits,high_school_position_distribution.csv,high_school_position_distribution,weight_distribution,6,high_school_position_distribution:6,"{""generation_position"":""IOL"",""weight"":""0.08"",""weight_group"":""hs_position_distribution"",""final_position_required"":""yes"",""notes"":""Generation position. Broad labels must convert before roster import.""}"
high_school_recruits,high_school_position_distribution.csv,high_school_position_distribution,weight_distribution,7,high_school_position_distribution:7,"{""generation_position"":""EDGE"",""weight"":""0.09"",""weight_group"":""hs_position_distribution"",""final_position_required"":""no"",""notes"":""Generation position. Broad labels must convert before roster import.""}"
high_school_recruits,high_school_position_distribution.csv,high_school_position_distribution,weight_distribution,8,high_school_position_distribution:8,"{""generation_position"":""IDL"",""weight"":""0.095"",""weight_group"":""hs_position_distribution"",""final_position_required"":""yes"",""notes"":""Generation position. Broad labels must convert before roster import.""}"
high_school_recruits,high_school_position_distribution.csv,high_school_position_distribution,weight_distribution,9,high_school_position_distribution:9,"{""generation_position"":""LB"",""weight"":""0.105"",""weight_group"":""hs_position_distribution"",""final_position_required"":""no"",""notes"":""Generation position. Broad labels must convert before roster import.""}"
high_school_recruits,high_school_position_distribution.csv,high_school_position_distribution,weight_distribution,10,high_school_position_distribution:10,"{""generation_position"":""CB"",""weight"":""0.105"",""weight_group"":""hs_position_distribution"",""final_position_required"":""no"",""notes"":""Generation position. Broad labels must convert before roster import.""}"
high_school_recruits,high_school_position_distribution.csv,high_school_position_distribution,weight_distribution,11,high_school_position_distribution:11,"{""generation_position"":""S"",""weight"":""0.07"",""weight_group"":""hs_position_distribution"",""final_position_required"":""no"",""notes"":""Generation position. Broad labels must convert before roster import.""}"
high_school_recruits,high_school_position_distribution.csv,high_school_position_distribution,weight_distribution,12,high_school_position_distribution:12,"{""generation_position"":""ATH"",""weight"":""0.055"",""weight_group"":""hs_position_distribution"",""final_position_required"":""yes"",""notes"":""Generation position. Broad labels must convert before roster import.""}"
high_school_recruits,high_school_position_distribution.csv,high_school_position_distribution,weight_distribution,13,high_school_position_distribution:13,"{""generation_position"":""ST"",""weight"":""0.015"",""weight_group"":""hs_position_distribution"",""final_position_required"":""yes"",""notes"":""Generation position. Broad labels must convert before roster import.""}"
high_school_recruits,high_school_scouting_uncertainty.csv,high_school_scouting_uncertainty,runtime_tuning,1,5,"{""star_level"":""5"",""baseline_confidence_min"":""58"",""baseline_confidence_max"":""82"",""current_range_width_min"":""4"",""current_range_width_max"":""10"",""potential_range_width_min"":""5"",""potential_range_width_max"":""12"",""notes"":""Elite prospects are more visible, but still uncertain.""}"
high_school_recruits,high_school_scouting_uncertainty.csv,high_school_scouting_uncertainty,runtime_tuning,2,4,"{""star_level"":""4"",""baseline_confidence_min"":""46"",""baseline_confidence_max"":""74"",""current_range_width_min"":""6"",""current_range_width_max"":""14"",""potential_range_width_min"":""8"",""potential_range_width_max"":""18"",""notes"":""Blue-chip uncertainty.""}"
high_school_recruits,high_school_scouting_uncertainty.csv,high_school_scouting_uncertainty,runtime_tuning,3,3,"{""star_level"":""3"",""baseline_confidence_min"":""32"",""baseline_confidence_max"":""64"",""current_range_width_min"":""8"",""current_range_width_max"":""20"",""potential_range_width_min"":""10"",""potential_range_width_max"":""26"",""notes"":""Wider uncertainty.""}"
high_school_recruits,high_school_scouting_uncertainty.csv,high_school_scouting_uncertainty,runtime_tuning,4,2_or_unranked,"{""star_level"":""2_or_unranked"",""baseline_confidence_min"":""18"",""baseline_confidence_max"":""50"",""current_range_width_min"":""12"",""current_range_width_max"":""30"",""potential_range_width_min"":""14"",""potential_range_width_max"":""36"",""notes"":""Largest uncertainty, especially sleepers.""}"
high_school_recruits,hs_athlete_body_type_archetypes.csv,hs_athlete_body_type_archetypes,runtime_tuning,1,hs_athlete_body_type_archetypes:1,"{""ath_archetype"":""big_skill"",""height_min_in"":""74"",""height_max_in"":""78"",""weight_min_lb"":""205"",""weight_max_lb"":""245"",""speed_min"":""78"",""speed_max"":""94"",""strength_min"":""60"",""strength_max"":""84"",""likely_positions"":""TE|EDGE|LB|WR"",""weight"":""0.18""}"
high_school_recruits,hs_athlete_body_type_archetypes.csv,hs_athlete_body_type_archetypes,runtime_tuning,2,hs_athlete_body_type_archetypes:2,"{""ath_archetype"":""slot_returner"",""height_min_in"":""67"",""height_max_in"":""72"",""weight_min_lb"":""160"",""weight_max_lb"":""195"",""speed_min"":""86"",""speed_max"":""99"",""strength_min"":""40"",""strength_max"":""66"",""likely_positions"":""WR|RB|CB"",""weight"":""0.18""}"
high_school_recruits,hs_athlete_body_type_archetypes.csv,hs_athlete_body_type_archetypes,runtime_tuning,3,hs_athlete_body_type_archetypes:3,"{""ath_archetype"":""two_way_db_wr"",""height_min_in"":""70"",""height_max_in"":""75"",""weight_min_lb"":""170"",""weight_max_lb"":""205"",""speed_min"":""82"",""speed_max"":""97"",""strength_min"":""45"",""strength_max"":""72"",""likely_positions"":""CB|S|WR"",""weight"":""0.24""}"
high_school_recruits,hs_athlete_body_type_archetypes.csv,hs_athlete_body_type_archetypes,runtime_tuning,4,hs_athlete_body_type_archetypes:4,"{""ath_archetype"":""power_athlete"",""height_min_in"":""71"",""height_max_in"":""75"",""weight_min_lb"":""205"",""weight_max_lb"":""240"",""speed_min"":""75"",""speed_max"":""90"",""strength_min"":""65"",""strength_max"":""86"",""likely_positions"":""RB|LB|S"",""weight"":""0.14""}"
high_school_recruits,hs_athlete_body_type_archetypes.csv,hs_athlete_body_type_archetypes,runtime_tuning,5,hs_athlete_body_type_archetypes:5,"{""ath_archetype"":""jumbo_athlete"",""height_min_in"":""76"",""height_max_in"":""80"",""weight_min_lb"":""245"",""weight_max_lb"":""315"",""speed_min"":""62"",""speed_max"":""82"",""strength_min"":""72"",""strength_max"":""92"",""likely_positions"":""TE|EDGE|DL|IOL|OT"",""weight"":""0.09""}"
high_school_recruits,hs_athlete_body_type_archetypes.csv,hs_athlete_body_type_archetypes,runtime_tuning,6,hs_athlete_body_type_archetypes:6,"{""ath_archetype"":""dual_threat_qb_ath"",""height_min_in"":""71"",""height_max_in"":""77"",""weight_min_lb"":""185"",""weight_max_lb"":""225"",""speed_min"":""78"",""speed_max"":""94"",""strength_min"":""50"",""strength_max"":""75"",""likely_positions"":""QB|WR|S|RB"",""weight"":""0.1""}"
high_school_recruits,hs_athlete_body_type_archetypes.csv,hs_athlete_body_type_archetypes,runtime_tuning,7,hs_athlete_body_type_archetypes:7,"{""ath_archetype"":""small_school_projector"",""height_min_in"":""70"",""height_max_in"":""77"",""weight_min_lb"":""170"",""weight_max_lb"":""235"",""speed_min"":""72"",""speed_max"":""92"",""strength_min"":""45"",""strength_max"":""82"",""likely_positions"":""WR|S|LB|TE|EDGE"",""weight"":""0.07""}"
high_school_recruits,hs_athlete_conversion_projection_weights.csv,hs_athlete_conversion_projection_weights,weight_distribution,1,hs_athlete_conversion_projection_weights:1,"{""ath_archetype"":""big_skill"",""target_generation_position"":""TE"",""weight"":""0.3"",""need_modifier_allowed"":""yes"",""notes"":""Final choice should combine body archetype, ratings fit, school need, and promise/role fit, then normalize.""}"
high_school_recruits,hs_athlete_conversion_projection_weights.csv,hs_athlete_conversion_projection_weights,weight_distribution,2,hs_athlete_conversion_projection_weights:2,"{""ath_archetype"":""big_skill"",""target_generation_position"":""EDGE"",""weight"":""0.25"",""need_modifier_allowed"":""yes"",""notes"":""Final choice should combine body archetype, ratings fit, school need, and promise/role fit, then normalize.""}"
high_school_recruits,hs_athlete_conversion_projection_weights.csv,hs_athlete_conversion_projection_weights,weight_distribution,3,hs_athlete_conversion_projection_weights:3,"{""ath_archetype"":""big_skill"",""target_generation_position"":""LB"",""weight"":""0.2"",""need_modifier_allowed"":""yes"",""notes"":""Final choice should combine body archetype, ratings fit, school need, and promise/role fit, then normalize.""}"
high_school_recruits,hs_athlete_conversion_projection_weights.csv,hs_athlete_conversion_projection_weights,weight_distribution,4,hs_athlete_conversion_projection_weights:4,"{""ath_archetype"":""big_skill"",""target_generation_position"":""WR"",""weight"":""0.15"",""need_modifier_allowed"":""yes"",""notes"":""Final choice should combine body archetype, ratings fit, school need, and promise/role fit, then normalize.""}"
high_school_recruits,hs_athlete_conversion_projection_weights.csv,hs_athlete_conversion_projection_weights,weight_distribution,5,hs_athlete_conversion_projection_weights:5,"{""ath_archetype"":""big_skill"",""target_generation_position"":""S"",""weight"":""0.1"",""need_modifier_allowed"":""yes"",""notes"":""Final choice should combine body archetype, ratings fit, school need, and promise/role fit, then normalize.""}"
high_school_recruits,hs_athlete_conversion_projection_weights.csv,hs_athlete_conversion_projection_weights,weight_distribution,6,hs_athlete_conversion_projection_weights:6,"{""ath_archetype"":""slot_returner"",""target_generation_position"":""WR"",""weight"":""0.42"",""need_modifier_allowed"":""yes"",""notes"":""Final choice should combine body archetype, ratings fit, school need, and promise/role fit, then normalize.""}"
high_school_recruits,hs_athlete_conversion_projection_weights.csv,hs_athlete_conversion_projection_weights,weight_distribution,7,hs_athlete_conversion_projection_weights:7,"{""ath_archetype"":""slot_returner"",""target_generation_position"":""CB"",""weight"":""0.24"",""need_modifier_allowed"":""yes"",""notes"":""Final choice should combine body archetype, ratings fit, school need, and promise/role fit, then normalize.""}"
high_school_recruits,hs_athlete_conversion_projection_weights.csv,hs_athlete_conversion_projection_weights,weight_distribution,8,hs_athlete_conversion_projection_weights:8,"{""ath_archetype"":""slot_returner"",""target_generation_position"":""RB"",""weight"":""0.22"",""need_modifier_allowed"":""yes"",""notes"":""Final choice should combine body archetype, ratings fit, school need, and promise/role fit, then normalize.""}"
high_school_recruits,hs_athlete_conversion_projection_weights.csv,hs_athlete_conversion_projection_weights,weight_distribution,9,hs_athlete_conversion_projection_weights:9,"{""ath_archetype"":""slot_returner"",""target_generation_position"":""S"",""weight"":""0.08"",""need_modifier_allowed"":""yes"",""notes"":""Final choice should combine body archetype, ratings fit, school need, and promise/role fit, then normalize.""}"
high_school_recruits,hs_athlete_conversion_projection_weights.csv,hs_athlete_conversion_projection_weights,weight_distribution,10,hs_athlete_conversion_projection_weights:10,"{""ath_archetype"":""slot_returner"",""target_generation_position"":""TE"",""weight"":""0.04"",""need_modifier_allowed"":""yes"",""notes"":""Final choice should combine body archetype, ratings fit, school need, and promise/role fit, then normalize.""}"
high_school_recruits,hs_athlete_conversion_projection_weights.csv,hs_athlete_conversion_projection_weights,weight_distribution,11,hs_athlete_conversion_projection_weights:11,"{""ath_archetype"":""two_way_db_wr"",""target_generation_position"":""CB"",""weight"":""0.32"",""need_modifier_allowed"":""yes"",""notes"":""Final choice should combine body archetype, ratings fit, school need, and promise/role fit, then normalize.""}"
high_school_recruits,hs_athlete_conversion_projection_weights.csv,hs_athlete_conversion_projection_weights,weight_distribution,12,hs_athlete_conversion_projection_weights:12,"{""ath_archetype"":""two_way_db_wr"",""target_generation_position"":""S"",""weight"":""0.26"",""need_modifier_allowed"":""yes"",""notes"":""Final choice should combine body archetype, ratings fit, school need, and promise/role fit, then normalize.""}"
high_school_recruits,hs_athlete_conversion_projection_weights.csv,hs_athlete_conversion_projection_weights,weight_distribution,13,hs_athlete_conversion_projection_weights:13,"{""ath_archetype"":""two_way_db_wr"",""target_generation_position"":""WR"",""weight"":""0.26"",""need_modifier_allowed"":""yes"",""notes"":""Final choice should combine body archetype, ratings fit, school need, and promise/role fit, then normalize.""}"
high_school_recruits,hs_athlete_conversion_projection_weights.csv,hs_athlete_conversion_projection_weights,weight_distribution,14,hs_athlete_conversion_projection_weights:14,"{""ath_archetype"":""two_way_db_wr"",""target_generation_position"":""RB"",""weight"":""0.08"",""need_modifier_allowed"":""yes"",""notes"":""Final choice should combine body archetype, ratings fit, school need, and promise/role fit, then normalize.""}"
high_school_recruits,hs_athlete_conversion_projection_weights.csv,hs_athlete_conversion_projection_weights,weight_distribution,15,hs_athlete_conversion_projection_weights:15,"{""ath_archetype"":""two_way_db_wr"",""target_generation_position"":""LB"",""weight"":""0.08"",""need_modifier_allowed"":""yes"",""notes"":""Final choice should combine body archetype, ratings fit, school need, and promise/role fit, then normalize.""}"
high_school_recruits,hs_athlete_conversion_projection_weights.csv,hs_athlete_conversion_projection_weights,weight_distribution,16,hs_athlete_conversion_projection_weights:16,"{""ath_archetype"":""power_athlete"",""target_generation_position"":""RB"",""weight"":""0.3"",""need_modifier_allowed"":""yes"",""notes"":""Final choice should combine body archetype, ratings fit, school need, and promise/role fit, then normalize.""}"
high_school_recruits,hs_athlete_conversion_projection_weights.csv,hs_athlete_conversion_projection_weights,weight_distribution,17,hs_athlete_conversion_projection_weights:17,"{""ath_archetype"":""power_athlete"",""target_generation_position"":""LB"",""weight"":""0.3"",""need_modifier_allowed"":""yes"",""notes"":""Final choice should combine body archetype, ratings fit, school need, and promise/role fit, then normalize.""}"
high_school_recruits,hs_athlete_conversion_projection_weights.csv,hs_athlete_conversion_projection_weights,weight_distribution,18,hs_athlete_conversion_projection_weights:18,"{""ath_archetype"":""power_athlete"",""target_generation_position"":""S"",""weight"":""0.2"",""need_modifier_allowed"":""yes"",""notes"":""Final choice should combine body archetype, ratings fit, school need, and promise/role fit, then normalize.""}"
high_school_recruits,hs_athlete_conversion_projection_weights.csv,hs_athlete_conversion_projection_weights,weight_distribution,19,hs_athlete_conversion_projection_weights:19,"{""ath_archetype"":""power_athlete"",""target_generation_position"":""WR"",""weight"":""0.08"",""need_modifier_allowed"":""yes"",""notes"":""Final choice should combine body archetype, ratings fit, school need, and promise/role fit, then normalize.""}"
high_school_recruits,hs_athlete_conversion_projection_weights.csv,hs_athlete_conversion_projection_weights,weight_distribution,20,hs_athlete_conversion_projection_weights:20,"{""ath_archetype"":""power_athlete"",""target_generation_position"":""EDGE"",""weight"":""0.07"",""need_modifier_allowed"":""yes"",""notes"":""Final choice should combine body archetype, ratings fit, school need, and promise/role fit, then normalize.""}"
high_school_recruits,hs_athlete_conversion_projection_weights.csv,hs_athlete_conversion_projection_weights,weight_distribution,21,hs_athlete_conversion_projection_weights:21,"{""ath_archetype"":""power_athlete"",""target_generation_position"":""TE"",""weight"":""0.05"",""need_modifier_allowed"":""yes"",""notes"":""Final choice should combine body archetype, ratings fit, school need, and promise/role fit, then normalize.""}"
high_school_recruits,hs_athlete_conversion_projection_weights.csv,hs_athlete_conversion_projection_weights,weight_distribution,22,hs_athlete_conversion_projection_weights:22,"{""ath_archetype"":""jumbo_athlete"",""target_generation_position"":""TE"",""weight"":""0.23"",""need_modifier_allowed"":""yes"",""notes"":""Final choice should combine body archetype, ratings fit, school need, and promise/role fit, then normalize.""}"
high_school_recruits,hs_athlete_conversion_projection_weights.csv,hs_athlete_conversion_projection_weights,weight_distribution,23,hs_athlete_conversion_projection_weights:23,"{""ath_archetype"":""jumbo_athlete"",""target_generation_position"":""EDGE"",""weight"":""0.22"",""need_modifier_allowed"":""yes"",""notes"":""Final choice should combine body archetype, ratings fit, school need, and promise/role fit, then normalize.""}"
high_school_recruits,hs_athlete_conversion_projection_weights.csv,hs_athlete_conversion_projection_weights,weight_distribution,24,hs_athlete_conversion_projection_weights:24,"{""ath_archetype"":""jumbo_athlete"",""target_generation_position"":""DL"",""weight"":""0.18"",""need_modifier_allowed"":""yes"",""notes"":""Final choice should combine body archetype, ratings fit, school need, and promise/role fit, then normalize.""}"
high_school_recruits,hs_athlete_conversion_projection_weights.csv,hs_athlete_conversion_projection_weights,weight_distribution,25,hs_athlete_conversion_projection_weights:25,"{""ath_archetype"":""jumbo_athlete"",""target_generation_position"":""OT"",""weight"":""0.16"",""need_modifier_allowed"":""yes"",""notes"":""Final choice should combine body archetype, ratings fit, school need, and promise/role fit, then normalize.""}"
high_school_recruits,hs_athlete_conversion_projection_weights.csv,hs_athlete_conversion_projection_weights,weight_distribution,26,hs_athlete_conversion_projection_weights:26,"{""ath_archetype"":""jumbo_athlete"",""target_generation_position"":""IOL"",""weight"":""0.14"",""need_modifier_allowed"":""yes"",""notes"":""Final choice should combine body archetype, ratings fit, school need, and promise/role fit, then normalize.""}"
high_school_recruits,hs_athlete_conversion_projection_weights.csv,hs_athlete_conversion_projection_weights,weight_distribution,27,hs_athlete_conversion_projection_weights:27,"{""ath_archetype"":""jumbo_athlete"",""target_generation_position"":""LB"",""weight"":""0.07"",""need_modifier_allowed"":""yes"",""notes"":""Final choice should combine body archetype, ratings fit, school need, and promise/role fit, then normalize.""}"
high_school_recruits,hs_athlete_conversion_projection_weights.csv,hs_athlete_conversion_projection_weights,weight_distribution,28,hs_athlete_conversion_projection_weights:28,"{""ath_archetype"":""dual_threat_qb_ath"",""target_generation_position"":""QB"",""weight"":""0.36"",""need_modifier_allowed"":""yes"",""notes"":""Final choice should combine body archetype, ratings fit, school need, and promise/role fit, then normalize.""}"
high_school_recruits,hs_athlete_conversion_projection_weights.csv,hs_athlete_conversion_projection_weights,weight_distribution,29,hs_athlete_conversion_projection_weights:29,"{""ath_archetype"":""dual_threat_qb_ath"",""target_generation_position"":""WR"",""weight"":""0.22"",""need_modifier_allowed"":""yes"",""notes"":""Final choice should combine body archetype, ratings fit, school need, and promise/role fit, then normalize.""}"
high_school_recruits,hs_athlete_conversion_projection_weights.csv,hs_athlete_conversion_projection_weights,weight_distribution,30,hs_athlete_conversion_projection_weights:30,"{""ath_archetype"":""dual_threat_qb_ath"",""target_generation_position"":""S"",""weight"":""0.16"",""need_modifier_allowed"":""yes"",""notes"":""Final choice should combine body archetype, ratings fit, school need, and promise/role fit, then normalize.""}"
high_school_recruits,hs_athlete_conversion_projection_weights.csv,hs_athlete_conversion_projection_weights,weight_distribution,31,hs_athlete_conversion_projection_weights:31,"{""ath_archetype"":""dual_threat_qb_ath"",""target_generation_position"":""RB"",""weight"":""0.14"",""need_modifier_allowed"":""yes"",""notes"":""Final choice should combine body archetype, ratings fit, school need, and promise/role fit, then normalize.""}"
high_school_recruits,hs_athlete_conversion_projection_weights.csv,hs_athlete_conversion_projection_weights,weight_distribution,32,hs_athlete_conversion_projection_weights:32,"{""ath_archetype"":""dual_threat_qb_ath"",""target_generation_position"":""CB"",""weight"":""0.08"",""need_modifier_allowed"":""yes"",""notes"":""Final choice should combine body archetype, ratings fit, school need, and promise/role fit, then normalize.""}"
high_school_recruits,hs_athlete_conversion_projection_weights.csv,hs_athlete_conversion_projection_weights,weight_distribution,33,hs_athlete_conversion_projection_weights:33,"{""ath_archetype"":""dual_threat_qb_ath"",""target_generation_position"":""ATH"",""weight"":""0.04"",""need_modifier_allowed"":""yes"",""notes"":""Final choice should combine body archetype, ratings fit, school need, and promise/role fit, then normalize.""}"
high_school_recruits,hs_athlete_conversion_projection_weights.csv,hs_athlete_conversion_projection_weights,weight_distribution,34,hs_athlete_conversion_projection_weights:34,"{""ath_archetype"":""small_school_projector"",""target_generation_position"":""WR"",""weight"":""0.2"",""need_modifier_allowed"":""yes"",""notes"":""Final choice should combine body archetype, ratings fit, school need, and promise/role fit, then normalize.""}"
high_school_recruits,hs_athlete_conversion_projection_weights.csv,hs_athlete_conversion_projection_weights,weight_distribution,35,hs_athlete_conversion_projection_weights:35,"{""ath_archetype"":""small_school_projector"",""target_generation_position"":""S"",""weight"":""0.18"",""need_modifier_allowed"":""yes"",""notes"":""Final choice should combine body archetype, ratings fit, school need, and promise/role fit, then normalize.""}"
high_school_recruits,hs_athlete_conversion_projection_weights.csv,hs_athlete_conversion_projection_weights,weight_distribution,36,hs_athlete_conversion_projection_weights:36,"{""ath_archetype"":""small_school_projector"",""target_generation_position"":""LB"",""weight"":""0.17"",""need_modifier_allowed"":""yes"",""notes"":""Final choice should combine body archetype, ratings fit, school need, and promise/role fit, then normalize.""}"
high_school_recruits,hs_athlete_conversion_projection_weights.csv,hs_athlete_conversion_projection_weights,weight_distribution,37,hs_athlete_conversion_projection_weights:37,"{""ath_archetype"":""small_school_projector"",""target_generation_position"":""TE"",""weight"":""0.15"",""need_modifier_allowed"":""yes"",""notes"":""Final choice should combine body archetype, ratings fit, school need, and promise/role fit, then normalize.""}"
high_school_recruits,hs_athlete_conversion_projection_weights.csv,hs_athlete_conversion_projection_weights,weight_distribution,38,hs_athlete_conversion_projection_weights:38,"{""ath_archetype"":""small_school_projector"",""target_generation_position"":""EDGE"",""weight"":""0.14"",""need_modifier_allowed"":""yes"",""notes"":""Final choice should combine body archetype, ratings fit, school need, and promise/role fit, then normalize.""}"
high_school_recruits,hs_athlete_conversion_projection_weights.csv,hs_athlete_conversion_projection_weights,weight_distribution,39,hs_athlete_conversion_projection_weights:39,"{""ath_archetype"":""small_school_projector"",""target_generation_position"":""CB"",""weight"":""0.1"",""need_modifier_allowed"":""yes"",""notes"":""Final choice should combine body archetype, ratings fit, school need, and promise/role fit, then normalize.""}"
high_school_recruits,hs_athlete_conversion_projection_weights.csv,hs_athlete_conversion_projection_weights,weight_distribution,40,hs_athlete_conversion_projection_weights:40,"{""ath_archetype"":""small_school_projector"",""target_generation_position"":""RB"",""weight"":""0.06"",""need_modifier_allowed"":""yes"",""notes"":""Final choice should combine body archetype, ratings fit, school need, and promise/role fit, then normalize.""}"
high_school_recruits,hs_broad_position_conversion_to_college.csv,hs_broad_position_conversion_to_college,runtime_tuning,1,hs_broad_position_conversion_to_college:1,"{""generation_position"":""OT"",""final_position"":""LT"",""weight"":""0.52"",""rule"":""prefer LT for better pass_block/length/agility; otherwise RT"",""notes"":""Must convert before final college roster.""}"
high_school_recruits,hs_broad_position_conversion_to_college.csv,hs_broad_position_conversion_to_college,runtime_tuning,2,hs_broad_position_conversion_to_college:2,"{""generation_position"":""OT"",""final_position"":""RT"",""weight"":""0.48"",""rule"":""prefer RT for power/run_block/mauler profile"",""notes"":""Must convert before final college roster.""}"
high_school_recruits,hs_broad_position_conversion_to_college.csv,hs_broad_position_conversion_to_college,runtime_tuning,3,hs_broad_position_conversion_to_college:3,"{""generation_position"":""IOL"",""final_position"":""LG"",""weight"":""0.36"",""rule"":""guard if power/size profile and no elite awareness/anchor center score"",""notes"":""Must convert before final college roster.""}"
high_school_recruits,hs_broad_position_conversion_to_college.csv,hs_broad_position_conversion_to_college,runtime_tuning,4,hs_broad_position_conversion_to_college:4,"{""generation_position"":""IOL"",""final_position"":""C"",""weight"":""0.24"",""rule"":""center if awareness, discipline, leverage, and snap support tag fit"",""notes"":""Must convert before final college roster.""}"
high_school_recruits,hs_broad_position_conversion_to_college.csv,hs_broad_position_conversion_to_college,runtime_tuning,5,hs_broad_position_conversion_to_college:5,"{""generation_position"":""IOL"",""final_position"":""RG"",""weight"":""0.4"",""rule"":""guard if power/size profile or roster need favors RG"",""notes"":""Must convert before final college roster.""}"
high_school_recruits,hs_broad_position_conversion_to_college.csv,hs_broad_position_conversion_to_college,runtime_tuning,6,hs_broad_position_conversion_to_college:6,"{""generation_position"":""ST"",""final_position"":""K"",""weight"":""0.3"",""rule"":""only if kicking leg profile is strongest"",""notes"":""Otherwise attach support role to non-specialist player.""}"
high_school_recruits,hs_broad_position_conversion_to_college.csv,hs_broad_position_conversion_to_college,runtime_tuning,7,hs_broad_position_conversion_to_college:7,"{""generation_position"":""ST"",""final_position"":""P"",""weight"":""0.22"",""rule"":""only if punting leg/hang-time profile is strongest"",""notes"":""Otherwise attach support role to non-specialist player.""}"
high_school_recruits,hs_broad_position_conversion_to_college.csv,hs_broad_position_conversion_to_college,runtime_tuning,8,hs_broad_position_conversion_to_college:8,"{""generation_position"":""ST"",""final_position"":""TE"",""weight"":""0.16"",""rule"":""long snapper body often maps to TE/OL/LB support profile"",""notes"":""Attach long_snapper tag.""}"
high_school_recruits,hs_broad_position_conversion_to_college.csv,hs_broad_position_conversion_to_college,runtime_tuning,9,hs_broad_position_conversion_to_college:9,"{""generation_position"":""ST"",""final_position"":""LB"",""weight"":""0.16"",""rule"":""coverage/snapper support athlete maps to LB"",""notes"":""Attach long_snapper or coverage_ace tag.""}"
high_school_recruits,hs_broad_position_conversion_to_college.csv,hs_broad_position_conversion_to_college,runtime_tuning,10,hs_broad_position_conversion_to_college:10,"{""generation_position"":""ST"",""final_position"":""C"",""weight"":""0.16"",""rule"":""snapper with OL body can map to C"",""notes"":""Attach long_snapper tag.""}"
high_school_recruits,hs_position_balance_targets.csv,hs_position_balance_targets,validation_target,1,hs_position_balance_targets:1,"{""metric_id"":""national_position_share_qb"",""target_min"":""0.045"",""target_max"":""0.068"",""severity"":""warning"",""notes"":""Avoid QB overproduction, especially at 4/5-star levels.""}"
high_school_recruits,hs_position_balance_targets.csv,hs_position_balance_targets,validation_target,2,hs_position_balance_targets:2,"{""metric_id"":""national_position_share_wr"",""target_min"":""0.115"",""target_max"":""0.155"",""severity"":""warning"",""notes"":""WR should remain the largest skill position pool.""}"
high_school_recruits,hs_position_balance_targets.csv,hs_position_balance_targets,validation_target,3,hs_position_balance_targets:3,"{""metric_id"":""national_position_share_ol_total"",""target_min"":""0.145"",""target_max"":""0.19"",""severity"":""error"",""notes"":""OT+IOL must support full college roster needs.""}"
high_school_recruits,hs_position_balance_targets.csv,hs_position_balance_targets,validation_target,4,hs_position_balance_targets:4,"{""metric_id"":""national_position_share_dl_edge_total"",""target_min"":""0.15"",""target_max"":""0.19"",""severity"":""error"",""notes"":""EDGE+DL must support defensive front pipelines.""}"
high_school_recruits,hs_position_balance_targets.csv,hs_position_balance_targets,validation_target,5,hs_position_balance_targets:5,"{""metric_id"":""national_position_share_db_total"",""target_min"":""0.155"",""target_max"":""0.195"",""severity"":""warning"",""notes"":""CB+S should reflect modern nickel depth.""}"
high_school_recruits,hs_position_balance_targets.csv,hs_position_balance_targets,validation_target,6,hs_position_balance_targets:6,"{""metric_id"":""national_position_share_ath"",""target_min"":""0.055"",""target_max"":""0.095"",""severity"":""warning"",""notes"":""ATH should be common enough for projection stories but not a substitute for all skill positions.""}"
high_school_recruits,hs_position_balance_targets.csv,hs_position_balance_targets,validation_target,7,hs_position_balance_targets:7,"{""metric_id"":""specialist_total_share"",""target_min"":""0.012"",""target_max"":""0.026"",""severity"":""warning"",""notes"":""K+P+ST support should be low but nonzero.""}"
high_school_recruits,hs_position_balance_targets.csv,hs_position_balance_targets,validation_target,8,hs_position_balance_targets:8,"{""metric_id"":""five_star_qb_edge_ot_cb_ath_share"",""target_min"":""0.46"",""target_max"":""0.68"",""severity"":""warning"",""notes"":""Premium positions should be overweighted in elite bands but not dominate completely.""}"
high_school_recruits,hs_position_balance_targets.csv,hs_position_balance_targets,validation_target,9,hs_position_balance_targets:9,"{""metric_id"":""ath_conversion_unresolved_final_roster"",""target_min"":""0.0"",""target_max"":""0.0"",""severity"":""error"",""notes"":""No final college roster player may remain ATH.""}"
high_school_recruits,hs_position_balance_targets.csv,hs_position_balance_targets,validation_target,10,hs_position_balance_targets:10,"{""metric_id"":""ot_iol_unresolved_final_roster"",""target_min"":""0.0"",""target_max"":""0.0"",""severity"":""error"",""notes"":""No final college roster player may remain OT or IOL.""}"
high_school_recruits,hs_position_balance_targets.csv,hs_position_balance_targets,validation_target,11,hs_position_balance_targets:11,"{""metric_id"":""ls_final_position_count"",""target_min"":""0.0"",""target_max"":""0.0"",""severity"":""error"",""notes"":""Long snapper should be a support role unless the core game adds LS as canonical position.""}"
high_school_recruits,hs_position_distribution_examples.csv,hs_position_distribution_examples,example,1,hs_position_distribution_examples:1,"{""example_id"":""national_6000_default"",""class_size"":""6000"",""expected_counts_or_bias"":""QB 337; RB 396; WR 819; OT 434; IOL 540; TE 325; EDGE 440; DL 572; LB 533; CB 519; S 524; ATH 463; K 49; P 28; ST 19"",""notes"":""Expected counts using base_247_anchored_v2_10 distribution.""}"
high_school_recruits,hs_position_distribution_examples.csv,hs_position_distribution_examples,example,2,hs_position_distribution_examples:2,"{""example_id"":""elite_40_five_stars"",""class_size"":""40"",""expected_counts_or_bias"":""QB 5; WR 5; OT 5; EDGE 6; CB 4; ATH 4, with few/no specialists"",""notes"":""Five-star band intentionally overweights high-value and high-scouting-visibility positions.""}"
high_school_recruits,hs_position_distribution_examples.csv,hs_position_distribution_examples,example,3,hs_position_distribution_examples:3,"{""example_id"":""texas_500_region_pool"",""class_size"":""500"",""expected_counts_or_bias"":""higher WR/ATH/CB; slightly lower TE/OL"",""notes"":""Apply texas_spread_skill multipliers and normalize.""}"
high_school_recruits,hs_position_distribution_examples.csv,hs_position_distribution_examples,example,4,hs_position_distribution_examples:4,"{""example_id"":""midwest_500_region_pool"",""class_size"":""500"",""expected_counts_or_bias"":""higher OT/IOL/TE/DL; lower WR/CB/ATH"",""notes"":""Apply midwest_trenches multipliers and normalize.""}"
high_school_recruits,hs_position_dual_sport_dual_role_tags.csv,hs_position_dual_sport_dual_role_tags,runtime_tuning,1,hs_position_dual_sport_dual_role_tags:1,"{""tag_id"":""two_way_wr_cb"",""eligible_positions"":""WR|CB|S|ATH"",""weight"":""0.18"",""notes"":""High school two-way skill player; can project to WR/CB/S.""}"
high_school_recruits,hs_position_dual_sport_dual_role_tags.csv,hs_position_dual_sport_dual_role_tags,runtime_tuning,2,hs_position_dual_sport_dual_role_tags:2,"{""tag_id"":""return_specialist"",""eligible_positions"":""WR|RB|CB|S|ATH"",""weight"":""0.16"",""notes"":""Return ability tag; not a final position.""}"
high_school_recruits,hs_position_dual_sport_dual_role_tags.csv,hs_position_dual_sport_dual_role_tags,runtime_tuning,3,hs_position_dual_sport_dual_role_tags:3,"{""tag_id"":""basketball_length"",""eligible_positions"":""TE|WR|EDGE|S|ATH"",""weight"":""0.08"",""notes"":""Length/body control bonus; common for TE/WR/EDGE projection.""}"
high_school_recruits,hs_position_dual_sport_dual_role_tags.csv,hs_position_dual_sport_dual_role_tags,runtime_tuning,4,hs_position_dual_sport_dual_role_tags:4,"{""tag_id"":""track_speed"",""eligible_positions"":""WR|RB|CB|S|ATH"",""weight"":""0.14"",""notes"":""Sprint/jump profile; speed ceiling boost and scouting visibility boost.""}"
high_school_recruits,hs_position_dual_sport_dual_role_tags.csv,hs_position_dual_sport_dual_role_tags,runtime_tuning,5,hs_position_dual_sport_dual_role_tags:5,"{""tag_id"":""wrestling_leverage"",""eligible_positions"":""IOL|DL|LB|EDGE|TE"",""weight"":""0.06"",""notes"":""Leverage/strength profile; interior and defensive front projection.""}"
high_school_recruits,hs_position_dual_sport_dual_role_tags.csv,hs_position_dual_sport_dual_role_tags,runtime_tuning,6,hs_position_dual_sport_dual_role_tags:6,"{""tag_id"":""baseball_arm"",""eligible_positions"":""QB|S|P|ATH"",""weight"":""0.03"",""notes"":""Arm talent tag; can affect QB/P and deep safety projection.""}"
high_school_recruits,hs_position_dual_sport_dual_role_tags.csv,hs_position_dual_sport_dual_role_tags,runtime_tuning,7,hs_position_dual_sport_dual_role_tags:7,"{""tag_id"":""multi_sport_general"",""eligible_positions"":""ALL"",""weight"":""0.14"",""notes"":""Generic multi-sport athletic background.""}"
high_school_recruits,hs_position_dual_sport_dual_role_tags.csv,hs_position_dual_sport_dual_role_tags,runtime_tuning,8,hs_position_dual_sport_dual_role_tags:8,"{""tag_id"":""raw_one_sport_specialist"",""eligible_positions"":""K|P|ST"",""weight"":""0.03"",""notes"":""Specialist-only path; low position conversion likelihood.""}"
high_school_recruits,hs_position_dual_sport_dual_role_tags.csv,hs_position_dual_sport_dual_role_tags,runtime_tuning,9,hs_position_dual_sport_dual_role_tags:9,"{""tag_id"":""late_growth_spurt"",""eligible_positions"":""TE|OT|IOL|EDGE|DL|ATH"",""weight"":""0.06"",""notes"":""Body has recently changed; higher projection uncertainty.""}"
high_school_recruits,hs_position_dual_sport_dual_role_tags.csv,hs_position_dual_sport_dual_role_tags,runtime_tuning,10,hs_position_dual_sport_dual_role_tags:10,"{""tag_id"":""small_school_dominant"",""eligible_positions"":""ALL"",""weight"":""0.12"",""notes"":""Dominant production against lower competition; wider scouting uncertainty.""}"
high_school_recruits,hs_position_generation_algorithm.csv,hs_position_generation_algorithm,algorithm,1,hs_position_generation_algorithm:1,"{""step"":""1"",""step_id"":""load_anchor_distribution"",""instruction"":""Load hs_recruit_generation_position_distribution.csv and validate weights sum to 1.""}"
high_school_recruits,hs_position_generation_algorithm.csv,hs_position_generation_algorithm,algorithm,2,hs_position_generation_algorithm:2,"{""step"":""2"",""step_id"":""select_star_band"",""instruction"":""Select/assign star band from star distribution before position if star-specific position shape is needed.""}"
high_school_recruits,hs_position_generation_algorithm.csv,hs_position_generation_algorithm,algorithm,3,hs_position_generation_algorithm:3,"{""step"":""3"",""step_id"":""apply_star_position_weights"",""instruction"":""Use hs_recruit_position_distribution_by_star_band.csv when generating rated/ranked recruits; use base distribution for deep unranked pool.""}"
high_school_recruits,hs_position_generation_algorithm.csv,hs_position_generation_algorithm,algorithm,4,hs_position_generation_algorithm:4,"{""step"":""4"",""step_id"":""apply_region_style"",""instruction"":""Apply region-style multipliers and normalize if generating a state/region-specific class.""}"
high_school_recruits,hs_position_generation_algorithm.csv,hs_position_generation_algorithm,algorithm,5,hs_position_generation_algorithm:5,"{""step"":""5"",""step_id"":""apply_school_or_scheme_context"",""instruction"":""Apply scheme-tendency modifiers only for school-specific recruiting boards or targeted pools, not raw national generation unless intended.""}"
high_school_recruits,hs_position_generation_algorithm.csv,hs_position_generation_algorithm,algorithm,6,hs_position_generation_algorithm:6,"{""step"":""6"",""step_id"":""sample_generation_position"",""instruction"":""Use deterministic RNG stream hs_recruit_position_selection.""}"
high_school_recruits,hs_position_generation_algorithm.csv,hs_position_generation_algorithm,algorithm,7,hs_position_generation_algorithm:7,"{""step"":""7"",""step_id"":""generate_body_profile"",""instruction"":""Use hs_position_size_profile_rules.csv; if ATH use hs_athlete_body_type_archetypes.csv first.""}"
high_school_recruits,hs_position_generation_algorithm.csv,hs_position_generation_algorithm,algorithm,8,hs_position_generation_algorithm:8,"{""step"":""8"",""step_id"":""assign_archetype"",""instruction"":""Use hs_position_rating_archetype_weights.csv to create coherent rating clusters.""}"
high_school_recruits,hs_position_generation_algorithm.csv,hs_position_generation_algorithm,algorithm,9,hs_position_generation_algorithm:9,"{""step"":""9"",""step_id"":""assign_support_tags"",""instruction"":""Use dual-role and specialist support-role CSVs; do not create unsupported final positions such as LS.""}"
high_school_recruits,hs_position_generation_algorithm.csv,hs_position_generation_algorithm,algorithm,10,hs_position_generation_algorithm:10,"{""step"":""10"",""step_id"":""convert_broad_positions"",""instruction"":""Before roster import, convert ATH, OT, IOL, and ST according to conversion rules and player fit.""}"
high_school_recruits,hs_position_generation_algorithm.csv,hs_position_generation_algorithm,algorithm,11,hs_position_generation_algorithm:11,"{""step"":""11"",""step_id"":""validate_balance"",""instruction"":""Check position shares, minimum specialist coverage, and broad-position conversion rates.""}"
high_school_recruits,hs_position_rating_archetype_weights.csv,hs_position_rating_archetype_weights,weight_distribution,1,hs_position_rating_archetype_weights:1,"{""generation_position"":""QB"",""rating_archetype"":""pocket_passer"",""weight"":""0.34"",""notes"":""Position-specific rating archetype used after generation position selection.""}"
high_school_recruits,hs_position_rating_archetype_weights.csv,hs_position_rating_archetype_weights,weight_distribution,2,hs_position_rating_archetype_weights:2,"{""generation_position"":""QB"",""rating_archetype"":""dual_threat"",""weight"":""0.34"",""notes"":""Position-specific rating archetype used after generation position selection.""}"
high_school_recruits,hs_position_rating_archetype_weights.csv,hs_position_rating_archetype_weights,weight_distribution,3,hs_position_rating_archetype_weights:3,"{""generation_position"":""QB"",""rating_archetype"":""toolsy_project"",""weight"":""0.16"",""notes"":""Position-specific rating archetype used after generation position selection.""}"
high_school_recruits,hs_position_rating_archetype_weights.csv,hs_position_rating_archetype_weights,weight_distribution,4,hs_position_rating_archetype_weights:4,"{""generation_position"":""QB"",""rating_archetype"":""processor_floor"",""weight"":""0.1"",""notes"":""Position-specific rating archetype used after generation position selection.""}"
high_school_recruits,hs_position_rating_archetype_weights.csv,hs_position_rating_archetype_weights,weight_distribution,5,hs_position_rating_archetype_weights:5,"{""generation_position"":""QB"",""rating_archetype"":""small_school_gunslinger"",""weight"":""0.06"",""notes"":""Position-specific rating archetype used after generation position selection.""}"
high_school_recruits,hs_position_rating_archetype_weights.csv,hs_position_rating_archetype_weights,weight_distribution,6,hs_position_rating_archetype_weights:6,"{""generation_position"":""RB"",""rating_archetype"":""speed_back"",""weight"":""0.25"",""notes"":""Position-specific rating archetype used after generation position selection.""}"
high_school_recruits,hs_position_rating_archetype_weights.csv,hs_position_rating_archetype_weights,weight_distribution,7,hs_position_rating_archetype_weights:7,"{""generation_position"":""RB"",""rating_archetype"":""power_back"",""weight"":""0.22"",""notes"":""Position-specific rating archetype used after generation position selection.""}"
high_school_recruits,hs_position_rating_archetype_weights.csv,hs_position_rating_archetype_weights,weight_distribution,8,hs_position_rating_archetype_weights:8,"{""generation_position"":""RB"",""rating_archetype"":""all_purpose"",""weight"":""0.25"",""notes"":""Position-specific rating archetype used after generation position selection.""}"
high_school_recruits,hs_position_rating_archetype_weights.csv,hs_position_rating_archetype_weights,weight_distribution,9,hs_position_rating_archetype_weights:9,"{""generation_position"":""RB"",""rating_archetype"":""receiving_back"",""weight"":""0.14"",""notes"":""Position-specific rating archetype used after generation position selection.""}"
high_school_recruits,hs_position_rating_archetype_weights.csv,hs_position_rating_archetype_weights,weight_distribution,10,hs_position_rating_archetype_weights:10,"{""generation_position"":""RB"",""rating_archetype"":""short_yardage"",""weight"":""0.14"",""notes"":""Position-specific rating archetype used after generation position selection.""}"
high_school_recruits,hs_position_rating_archetype_weights.csv,hs_position_rating_archetype_weights,weight_distribution,11,hs_position_rating_archetype_weights:11,"{""generation_position"":""WR"",""rating_archetype"":""outside_x"",""weight"":""0.24"",""notes"":""Position-specific rating archetype used after generation position selection.""}"
high_school_recruits,hs_position_rating_archetype_weights.csv,hs_position_rating_archetype_weights,weight_distribution,12,hs_position_rating_archetype_weights:12,"{""generation_position"":""WR"",""rating_archetype"":""slot_separator"",""weight"":""0.24"",""notes"":""Position-specific rating archetype used after generation position selection.""}"
high_school_recruits,hs_position_rating_archetype_weights.csv,hs_position_rating_archetype_weights,weight_distribution,13,hs_position_rating_archetype_weights:13,"{""generation_position"":""WR"",""rating_archetype"":""deep_threat"",""weight"":""0.2"",""notes"":""Position-specific rating archetype used after generation position selection.""}"
high_school_recruits,hs_position_rating_archetype_weights.csv,hs_position_rating_archetype_weights,weight_distribution,14,hs_position_rating_archetype_weights:14,"{""generation_position"":""WR"",""rating_archetype"":""big_body"",""weight"":""0.16"",""notes"":""Position-specific rating archetype used after generation position selection.""}"
high_school_recruits,hs_position_rating_archetype_weights.csv,hs_position_rating_archetype_weights,weight_distribution,15,hs_position_rating_archetype_weights:15,"{""generation_position"":""WR"",""rating_archetype"":""return_slot"",""weight"":""0.16"",""notes"":""Position-specific rating archetype used after generation position selection.""}"
high_school_recruits,hs_position_rating_archetype_weights.csv,hs_position_rating_archetype_weights,weight_distribution,16,hs_position_rating_archetype_weights:16,"{""generation_position"":""TE"",""rating_archetype"":""inline_blocker"",""weight"":""0.22"",""notes"":""Position-specific rating archetype used after generation position selection.""}"
high_school_recruits,hs_position_rating_archetype_weights.csv,hs_position_rating_archetype_weights,weight_distribution,17,hs_position_rating_archetype_weights:17,"{""generation_position"":""TE"",""rating_archetype"":""move_te"",""weight"":""0.24"",""notes"":""Position-specific rating archetype used after generation position selection.""}"
high_school_recruits,hs_position_rating_archetype_weights.csv,hs_position_rating_archetype_weights,weight_distribution,18,hs_position_rating_archetype_weights:18,"{""generation_position"":""TE"",""rating_archetype"":""big_receiver"",""weight"":""0.22"",""notes"":""Position-specific rating archetype used after generation position selection.""}"
high_school_recruits,hs_position_rating_archetype_weights.csv,hs_position_rating_archetype_weights,weight_distribution,19,hs_position_rating_archetype_weights:19,"{""generation_position"":""TE"",""rating_archetype"":""developmental_frame"",""weight"":""0.2"",""notes"":""Position-specific rating archetype used after generation position selection.""}"
high_school_recruits,hs_position_rating_archetype_weights.csv,hs_position_rating_archetype_weights,weight_distribution,20,hs_position_rating_archetype_weights:20,"{""generation_position"":""TE"",""rating_archetype"":""h_back"",""weight"":""0.12"",""notes"":""Position-specific rating archetype used after generation position selection.""}"
high_school_recruits,hs_position_rating_archetype_weights.csv,hs_position_rating_archetype_weights,weight_distribution,21,hs_position_rating_archetype_weights:21,"{""generation_position"":""OT"",""rating_archetype"":""left_tackle_frame"",""weight"":""0.34"",""notes"":""Position-specific rating archetype used after generation position selection.""}"
high_school_recruits,hs_position_rating_archetype_weights.csv,hs_position_rating_archetype_weights,weight_distribution,22,hs_position_rating_archetype_weights:22,"{""generation_position"":""OT"",""rating_archetype"":""right_tackle_power"",""weight"":""0.28"",""notes"":""Position-specific rating archetype used after generation position selection.""}"
high_school_recruits,hs_position_rating_archetype_weights.csv,hs_position_rating_archetype_weights,weight_distribution,23,hs_position_rating_archetype_weights:23,"{""generation_position"":""OT"",""rating_archetype"":""raw_length_project"",""weight"":""0.22"",""notes"":""Position-specific rating archetype used after generation position selection.""}"
high_school_recruits,hs_position_rating_archetype_weights.csv,hs_position_rating_archetype_weights,weight_distribution,24,hs_position_rating_archetype_weights:24,"{""generation_position"":""OT"",""rating_archetype"":""mauler"",""weight"":""0.16"",""notes"":""Position-specific rating archetype used after generation position selection.""}"
high_school_recruits,hs_position_rating_archetype_weights.csv,hs_position_rating_archetype_weights,weight_distribution,25,hs_position_rating_archetype_weights:25,"{""generation_position"":""IOL"",""rating_archetype"":""center_processor"",""weight"":""0.2"",""notes"":""Position-specific rating archetype used after generation position selection.""}"
high_school_recruits,hs_position_rating_archetype_weights.csv,hs_position_rating_archetype_weights,weight_distribution,26,hs_position_rating_archetype_weights:26,"{""generation_position"":""IOL"",""rating_archetype"":""guard_mauler"",""weight"":""0.34"",""notes"":""Position-specific rating archetype used after generation position selection.""}"
high_school_recruits,hs_position_rating_archetype_weights.csv,hs_position_rating_archetype_weights,weight_distribution,27,hs_position_rating_archetype_weights:27,"{""generation_position"":""IOL"",""rating_archetype"":""zone_mover"",""weight"":""0.22"",""notes"":""Position-specific rating archetype used after generation position selection.""}"
high_school_recruits,hs_position_rating_archetype_weights.csv,hs_position_rating_archetype_weights,weight_distribution,28,hs_position_rating_archetype_weights:28,"{""generation_position"":""IOL"",""rating_archetype"":""raw_power_project"",""weight"":""0.24"",""notes"":""Position-specific rating archetype used after generation position selection.""}"
high_school_recruits,hs_position_rating_archetype_weights.csv,hs_position_rating_archetype_weights,weight_distribution,29,hs_position_rating_archetype_weights:29,"{""generation_position"":""EDGE"",""rating_archetype"":""speed_rusher"",""weight"":""0.3"",""notes"":""Position-specific rating archetype used after generation position selection.""}"
high_school_recruits,hs_position_rating_archetype_weights.csv,hs_position_rating_archetype_weights,weight_distribution,30,hs_position_rating_archetype_weights:30,"{""generation_position"":""EDGE"",""rating_archetype"":""power_edge"",""weight"":""0.22"",""notes"":""Position-specific rating archetype used after generation position selection.""}"
high_school_recruits,hs_position_rating_archetype_weights.csv,hs_position_rating_archetype_weights,weight_distribution,31,hs_position_rating_archetype_weights:31,"{""generation_position"":""EDGE"",""rating_archetype"":""standup_olb"",""weight"":""0.2"",""notes"":""Position-specific rating archetype used after generation position selection.""}"
high_school_recruits,hs_position_rating_archetype_weights.csv,hs_position_rating_archetype_weights,weight_distribution,32,hs_position_rating_archetype_weights:32,"{""generation_position"":""EDGE"",""rating_archetype"":""raw_burst_project"",""weight"":""0.18"",""notes"":""Position-specific rating archetype used after generation position selection.""}"
high_school_recruits,hs_position_rating_archetype_weights.csv,hs_position_rating_archetype_weights,weight_distribution,33,hs_position_rating_archetype_weights:33,"{""generation_position"":""EDGE"",""rating_archetype"":""run_edge"",""weight"":""0.1"",""notes"":""Position-specific rating archetype used after generation position selection.""}"
high_school_recruits,hs_position_rating_archetype_weights.csv,hs_position_rating_archetype_weights,weight_distribution,34,hs_position_rating_archetype_weights:34,"{""generation_position"":""DL"",""rating_archetype"":""nose_anchor"",""weight"":""0.24"",""notes"":""Position-specific rating archetype used after generation position selection.""}"
high_school_recruits,hs_position_rating_archetype_weights.csv,hs_position_rating_archetype_weights,weight_distribution,35,hs_position_rating_archetype_weights:35,"{""generation_position"":""DL"",""rating_archetype"":""three_tech_disruptor"",""weight"":""0.3"",""notes"":""Position-specific rating archetype used after generation position selection.""}"
high_school_recruits,hs_position_rating_archetype_weights.csv,hs_position_rating_archetype_weights,weight_distribution,36,hs_position_rating_archetype_weights:36,"{""generation_position"":""DL"",""rating_archetype"":""big_end"",""weight"":""0.18"",""notes"":""Position-specific rating archetype used after generation position selection.""}"
high_school_recruits,hs_position_rating_archetype_weights.csv,hs_position_rating_archetype_weights,weight_distribution,37,hs_position_rating_archetype_weights:37,"{""generation_position"":""DL"",""rating_archetype"":""raw_size_project"",""weight"":""0.18"",""notes"":""Position-specific rating archetype used after generation position selection.""}"
high_school_recruits,hs_position_rating_archetype_weights.csv,hs_position_rating_archetype_weights,weight_distribution,38,hs_position_rating_archetype_weights:38,"{""generation_position"":""DL"",""rating_archetype"":""run_stuffer"",""weight"":""0.1"",""notes"":""Position-specific rating archetype used after generation position selection.""}"
high_school_recruits,hs_position_rating_archetype_weights.csv,hs_position_rating_archetype_weights,weight_distribution,39,hs_position_rating_archetype_weights:39,"{""generation_position"":""LB"",""rating_archetype"":""inside_thumper"",""weight"":""0.22"",""notes"":""Position-specific rating archetype used after generation position selection.""}"
high_school_recruits,hs_position_rating_archetype_weights.csv,hs_position_rating_archetype_weights,weight_distribution,40,hs_position_rating_archetype_weights:40,"{""generation_position"":""LB"",""rating_archetype"":""coverage_lb"",""weight"":""0.22"",""notes"":""Position-specific rating archetype used after generation position selection.""}"
high_school_recruits,hs_position_rating_archetype_weights.csv,hs_position_rating_archetype_weights,weight_distribution,41,hs_position_rating_archetype_weights:41,"{""generation_position"":""LB"",""rating_archetype"":""sideline_range"",""weight"":""0.26"",""notes"":""Position-specific rating archetype used after generation position selection.""}"
high_school_recruits,hs_position_rating_archetype_weights.csv,hs_position_rating_archetype_weights,weight_distribution,42,hs_position_rating_archetype_weights:42,"{""generation_position"":""LB"",""rating_archetype"":""edge_hybrid"",""weight"":""0.16"",""notes"":""Position-specific rating archetype used after generation position selection.""}"
high_school_recruits,hs_position_rating_archetype_weights.csv,hs_position_rating_archetype_weights,weight_distribution,43,hs_position_rating_archetype_weights:43,"{""generation_position"":""LB"",""rating_archetype"":""developmental_special_teams"",""weight"":""0.14"",""notes"":""Position-specific rating archetype used after generation position selection.""}"
high_school_recruits,hs_position_rating_archetype_weights.csv,hs_position_rating_archetype_weights,weight_distribution,44,hs_position_rating_archetype_weights:44,"{""generation_position"":""CB"",""rating_archetype"":""press_corner"",""weight"":""0.24"",""notes"":""Position-specific rating archetype used after generation position selection.""}"
high_school_recruits,hs_position_rating_archetype_weights.csv,hs_position_rating_archetype_weights,weight_distribution,45,hs_position_rating_archetype_weights:45,"{""generation_position"":""CB"",""rating_archetype"":""off_coverage"",""weight"":""0.22"",""notes"":""Position-specific rating archetype used after generation position selection.""}"
high_school_recruits,hs_position_rating_archetype_weights.csv,hs_position_rating_archetype_weights,weight_distribution,46,hs_position_rating_archetype_weights:46,"{""generation_position"":""CB"",""rating_archetype"":""slot_corner"",""weight"":""0.2"",""notes"":""Position-specific rating archetype used after generation position selection.""}"
high_school_recruits,hs_position_rating_archetype_weights.csv,hs_position_rating_archetype_weights,weight_distribution,47,hs_position_rating_archetype_weights:47,"{""generation_position"":""CB"",""rating_archetype"":""speed_project"",""weight"":""0.22"",""notes"":""Position-specific rating archetype used after generation position selection.""}"
high_school_recruits,hs_position_rating_archetype_weights.csv,hs_position_rating_archetype_weights,weight_distribution,48,hs_position_rating_archetype_weights:48,"{""generation_position"":""CB"",""rating_archetype"":""return_corner"",""weight"":""0.12"",""notes"":""Position-specific rating archetype used after generation position selection.""}"
high_school_recruits,hs_position_rating_archetype_weights.csv,hs_position_rating_archetype_weights,weight_distribution,49,hs_position_rating_archetype_weights:49,"{""generation_position"":""S"",""rating_archetype"":""deep_safety"",""weight"":""0.24"",""notes"":""Position-specific rating archetype used after generation position selection.""}"
high_school_recruits,hs_position_rating_archetype_weights.csv,hs_position_rating_archetype_weights,weight_distribution,50,hs_position_rating_archetype_weights:50,"{""generation_position"":""S"",""rating_archetype"":""box_safety"",""weight"":""0.24"",""notes"":""Position-specific rating archetype used after generation position selection.""}"
high_school_recruits,hs_position_rating_archetype_weights.csv,hs_position_rating_archetype_weights,weight_distribution,51,hs_position_rating_archetype_weights:51,"{""generation_position"":""S"",""rating_archetype"":""nickel_safety"",""weight"":""0.2"",""notes"":""Position-specific rating archetype used after generation position selection.""}"
high_school_recruits,hs_position_rating_archetype_weights.csv,hs_position_rating_archetype_weights,weight_distribution,52,hs_position_rating_archetype_weights:52,"{""generation_position"":""S"",""rating_archetype"":""range_project"",""weight"":""0.2"",""notes"":""Position-specific rating archetype used after generation position selection.""}"
high_school_recruits,hs_position_rating_archetype_weights.csv,hs_position_rating_archetype_weights,weight_distribution,53,hs_position_rating_archetype_weights:53,"{""generation_position"":""S"",""rating_archetype"":""special_teams_core"",""weight"":""0.12"",""notes"":""Position-specific rating archetype used after generation position selection.""}"
high_school_recruits,hs_position_rating_archetype_weights.csv,hs_position_rating_archetype_weights,weight_distribution,54,hs_position_rating_archetype_weights:54,"{""generation_position"":""ATH"",""rating_archetype"":""skill_athlete"",""weight"":""0.3"",""notes"":""Position-specific rating archetype used after generation position selection.""}"
high_school_recruits,hs_position_rating_archetype_weights.csv,hs_position_rating_archetype_weights,weight_distribution,55,hs_position_rating_archetype_weights:55,"{""generation_position"":""ATH"",""rating_archetype"":""big_skill"",""weight"":""0.18"",""notes"":""Position-specific rating archetype used after generation position selection.""}"
high_school_recruits,hs_position_rating_archetype_weights.csv,hs_position_rating_archetype_weights,weight_distribution,56,hs_position_rating_archetype_weights:56,"{""generation_position"":""ATH"",""rating_archetype"":""two_way_db_wr"",""weight"":""0.22"",""notes"":""Position-specific rating archetype used after generation position selection.""}"
high_school_recruits,hs_position_rating_archetype_weights.csv,hs_position_rating_archetype_weights,weight_distribution,57,hs_position_rating_archetype_weights:57,"{""generation_position"":""ATH"",""rating_archetype"":""power_athlete"",""weight"":""0.14"",""notes"":""Position-specific rating archetype used after generation position selection.""}"
high_school_recruits,hs_position_rating_archetype_weights.csv,hs_position_rating_archetype_weights,weight_distribution,58,hs_position_rating_archetype_weights:58,"{""generation_position"":""ATH"",""rating_archetype"":""dual_threat_qb_ath"",""weight"":""0.1"",""notes"":""Position-specific rating archetype used after generation position selection.""}"
high_school_recruits,hs_position_rating_archetype_weights.csv,hs_position_rating_archetype_weights,weight_distribution,59,hs_position_rating_archetype_weights:59,"{""generation_position"":""ATH"",""rating_archetype"":""jumbo_athlete"",""weight"":""0.06"",""notes"":""Position-specific rating archetype used after generation position selection.""}"
high_school_recruits,hs_position_rating_archetype_weights.csv,hs_position_rating_archetype_weights,weight_distribution,60,hs_position_rating_archetype_weights:60,"{""generation_position"":""K"",""rating_archetype"":""accuracy_kicker"",""weight"":""0.4"",""notes"":""Position-specific rating archetype used after generation position selection.""}"
high_school_recruits,hs_position_rating_archetype_weights.csv,hs_position_rating_archetype_weights,weight_distribution,61,hs_position_rating_archetype_weights:61,"{""generation_position"":""K"",""rating_archetype"":""big_leg_kicker"",""weight"":""0.3"",""notes"":""Position-specific rating archetype used after generation position selection.""}"
high_school_recruits,hs_position_rating_archetype_weights.csv,hs_position_rating_archetype_weights,weight_distribution,62,hs_position_rating_archetype_weights:62,"{""generation_position"":""K"",""rating_archetype"":""kickoff_specialist"",""weight"":""0.2"",""notes"":""Position-specific rating archetype used after generation position selection.""}"
high_school_recruits,hs_position_rating_archetype_weights.csv,hs_position_rating_archetype_weights,weight_distribution,63,hs_position_rating_archetype_weights:63,"{""generation_position"":""K"",""rating_archetype"":""raw_specialist"",""weight"":""0.1"",""notes"":""Position-specific rating archetype used after generation position selection.""}"
high_school_recruits,hs_position_rating_archetype_weights.csv,hs_position_rating_archetype_weights,weight_distribution,64,hs_position_rating_archetype_weights:64,"{""generation_position"":""P"",""rating_archetype"":""hang_time_punter"",""weight"":""0.34"",""notes"":""Position-specific rating archetype used after generation position selection.""}"
high_school_recruits,hs_position_rating_archetype_weights.csv,hs_position_rating_archetype_weights,weight_distribution,65,hs_position_rating_archetype_weights:65,"{""generation_position"":""P"",""rating_archetype"":""directional_punter"",""weight"":""0.28"",""notes"":""Position-specific rating archetype used after generation position selection.""}"
high_school_recruits,hs_position_rating_archetype_weights.csv,hs_position_rating_archetype_weights,weight_distribution,66,hs_position_rating_archetype_weights:66,"{""generation_position"":""P"",""rating_archetype"":""big_leg_punter"",""weight"":""0.28"",""notes"":""Position-specific rating archetype used after generation position selection.""}"
high_school_recruits,hs_position_rating_archetype_weights.csv,hs_position_rating_archetype_weights,weight_distribution,67,hs_position_rating_archetype_weights:67,"{""generation_position"":""P"",""rating_archetype"":""raw_specialist"",""weight"":""0.1"",""notes"":""Position-specific rating archetype used after generation position selection.""}"
high_school_recruits,hs_position_rating_archetype_weights.csv,hs_position_rating_archetype_weights,weight_distribution,68,hs_position_rating_archetype_weights:68,"{""generation_position"":""ST"",""rating_archetype"":""long_snapper_support"",""weight"":""0.55"",""notes"":""Position-specific rating archetype used after generation position selection.""}"
high_school_recruits,hs_position_rating_archetype_weights.csv,hs_position_rating_archetype_weights,weight_distribution,69,hs_position_rating_archetype_weights:69,"{""generation_position"":""ST"",""rating_archetype"":""returner_support"",""weight"":""0.25"",""notes"":""Position-specific rating archetype used after generation position selection.""}"
high_school_recruits,hs_position_rating_archetype_weights.csv,hs_position_rating_archetype_weights,weight_distribution,70,hs_position_rating_archetype_weights:70,"{""generation_position"":""ST"",""rating_archetype"":""coverage_support"",""weight"":""0.2"",""notes"":""Position-specific rating archetype used after generation position selection.""}"
high_school_recruits,hs_position_research_basis.csv,hs_position_research_basis,research_basis,1,hs_position_research_basis:1,"{""basis_id"":""247_all_count"",""source"":""247Sports 2026 Composite Recruit Rankings"",""fact_used"":""Total 2026 high school football recruits listed at 3,398; position filters list distinct position categories."",""implementation_use"":""Anchor national high school recruit position distribution.""}"
high_school_recruits,hs_position_research_basis.csv,hs_position_research_basis,research_basis,2,hs_position_research_basis:2,"{""basis_id"":""247_position_categories"",""source"":""247Sports 2026 Composite position filters"",""fact_used"":""Position filters include QB, RB, WR, OT, IOL, TE, Edge, DL, LB, CB, S, ATH, K, P, LS, RET."",""implementation_use"":""Align generation labels to recruiting-site categories while converting unsupported final positions.""}"
high_school_recruits,hs_position_research_basis.csv,hs_position_research_basis,research_basis,3,hs_position_research_basis:3,"{""basis_id"":""247_position_counts"",""source"":""247Sports 2026 position pages"",""fact_used"":""Key counts captured: QB 191, RB 204, WR 424, OT 246, IOL 306, TE 184, Edge 249, DL 324, LB 302, CB 274, S 282, ATH 252, K 28, P 16, LS 11."",""implementation_use"":""Build base_247_anchored_v2_10 distribution.""}"
high_school_recruits,hs_position_research_basis.csv,hs_position_research_basis,research_basis,4,hs_position_research_basis:4,"{""basis_id"":""football_positions"",""source"":""American football positions overview"",""fact_used"":""Modern football formations use varied numbers of backs, receivers, tight ends, and defenders depending on scheme."",""implementation_use"":""Justifies scheme modifiers and support-role tagging.""}"
high_school_recruits,hs_position_research_basis.csv,hs_position_research_basis,research_basis,5,hs_position_research_basis:5,"{""basis_id"":""te_hybrid"",""source"":""Tight end position overview"",""fact_used"":""TE is a hybrid of receiver and offensive lineman responsibilities."",""implementation_use"":""TE body archetype and conversion rules.""}"
high_school_recruits,hs_position_research_basis.csv,hs_position_research_basis,research_basis,6,hs_position_research_basis:6,"{""basis_id"":""linebacker_hybrid"",""source"":""Linebacker position overview"",""fact_used"":""Linebackers often blend run support, pass rush, and coverage depending on alignment and staff philosophy."",""implementation_use"":""LB/EDGE/S/ATH conversion and projection.""}"
high_school_recruits,hs_position_scarcity_value_modifiers.csv,hs_position_scarcity_value_modifiers,modifier,1,hs_position_scarcity_value_modifiers:1,"{""generation_position"":""QB"",""scarcity_value_modifier"":""1.3"",""min_value_modifier"":""0.92"",""max_value_modifier"":""1.45"",""notes"":""High scarcity and scouting focus; avoid overproducing elite QBs.""}"
high_school_recruits,hs_position_scarcity_value_modifiers.csv,hs_position_scarcity_value_modifiers,modifier,2,hs_position_scarcity_value_modifiers:2,"{""generation_position"":""RB"",""scarcity_value_modifier"":""0.92"",""min_value_modifier"":""0.8"",""max_value_modifier"":""1.1"",""notes"":""Plentiful relative to pro value, but needed for college depth.""}"
high_school_recruits,hs_position_scarcity_value_modifiers.csv,hs_position_scarcity_value_modifiers,modifier,3,hs_position_scarcity_value_modifiers:3,"{""generation_position"":""WR"",""scarcity_value_modifier"":""1.05"",""min_value_modifier"":""0.9"",""max_value_modifier"":""1.18"",""notes"":""Large pool; scheme-dependent and high transfer/recruiting churn.""}"
high_school_recruits,hs_position_scarcity_value_modifiers.csv,hs_position_scarcity_value_modifiers,modifier,4,hs_position_scarcity_value_modifiers:4,"{""generation_position"":""TE"",""scarcity_value_modifier"":""1.12"",""min_value_modifier"":""0.9"",""max_value_modifier"":""1.3"",""notes"":""Harder projection because TE hybridizes receiver and OL traits.""}"
high_school_recruits,hs_position_scarcity_value_modifiers.csv,hs_position_scarcity_value_modifiers,modifier,5,hs_position_scarcity_value_modifiers:5,"{""generation_position"":""OT"",""scarcity_value_modifier"":""1.28"",""min_value_modifier"":""1.0"",""max_value_modifier"":""1.45"",""notes"":""Premium scarcity due to height/length requirements.""}"
high_school_recruits,hs_position_scarcity_value_modifiers.csv,hs_position_scarcity_value_modifiers,modifier,6,hs_position_scarcity_value_modifiers:6,"{""generation_position"":""IOL"",""scarcity_value_modifier"":""0.95"",""min_value_modifier"":""0.8"",""max_value_modifier"":""1.12"",""notes"":""Larger pool but more developmental conversion from OT/DL possible.""}"
high_school_recruits,hs_position_scarcity_value_modifiers.csv,hs_position_scarcity_value_modifiers,modifier,7,hs_position_scarcity_value_modifiers:7,"{""generation_position"":""EDGE"",""scarcity_value_modifier"":""1.32"",""min_value_modifier"":""1.0"",""max_value_modifier"":""1.5"",""notes"":""Premium pass-rusher scarcity.""}"
high_school_recruits,hs_position_scarcity_value_modifiers.csv,hs_position_scarcity_value_modifiers,modifier,8,hs_position_scarcity_value_modifiers:8,"{""generation_position"":""DL"",""scarcity_value_modifier"":""1.12"",""min_value_modifier"":""0.92"",""max_value_modifier"":""1.3"",""notes"":""Size scarcity but broader body pool than EDGE.""}"
high_school_recruits,hs_position_scarcity_value_modifiers.csv,hs_position_scarcity_value_modifiers,modifier,9,hs_position_scarcity_value_modifiers:9,"{""generation_position"":""LB"",""scarcity_value_modifier"":""0.95"",""min_value_modifier"":""0.82"",""max_value_modifier"":""1.1"",""notes"":""Many high school roles convert here; scheme-dependent.""}"
high_school_recruits,hs_position_scarcity_value_modifiers.csv,hs_position_scarcity_value_modifiers,modifier,10,hs_position_scarcity_value_modifiers:10,"{""generation_position"":""CB"",""scarcity_value_modifier"":""1.22"",""min_value_modifier"":""0.98"",""max_value_modifier"":""1.4"",""notes"":""Speed/coverage scarcity and high premium.""}"
high_school_recruits,hs_position_scarcity_value_modifiers.csv,hs_position_scarcity_value_modifiers,modifier,11,hs_position_scarcity_value_modifiers:11,"{""generation_position"":""S"",""scarcity_value_modifier"":""1.0"",""min_value_modifier"":""0.85"",""max_value_modifier"":""1.18"",""notes"":""Often conversion target from ATH/CB/LB.""}"
high_school_recruits,hs_position_scarcity_value_modifiers.csv,hs_position_scarcity_value_modifiers,modifier,12,hs_position_scarcity_value_modifiers:12,"{""generation_position"":""ATH"",""scarcity_value_modifier"":""1.1"",""min_value_modifier"":""0.9"",""max_value_modifier"":""1.35"",""notes"":""Projection flexibility; should be high-uncertainty.""}"
high_school_recruits,hs_position_scarcity_value_modifiers.csv,hs_position_scarcity_value_modifiers,modifier,13,hs_position_scarcity_value_modifiers:13,"{""generation_position"":""K"",""scarcity_value_modifier"":""0.7"",""min_value_modifier"":""0.5"",""max_value_modifier"":""0.95"",""notes"":""Specialist scarcity low in recruiting rankings but roster necessity high.""}"
high_school_recruits,hs_position_scarcity_value_modifiers.csv,hs_position_scarcity_value_modifiers,modifier,14,hs_position_scarcity_value_modifiers:14,"{""generation_position"":""P"",""scarcity_value_modifier"":""0.68"",""min_value_modifier"":""0.5"",""max_value_modifier"":""0.95"",""notes"":""Specialist scarcity low but roster necessity high.""}"
high_school_recruits,hs_position_scarcity_value_modifiers.csv,hs_position_scarcity_value_modifiers,modifier,15,hs_position_scarcity_value_modifiers:15,"{""generation_position"":""ST"",""scarcity_value_modifier"":""0.55"",""min_value_modifier"":""0.4"",""max_value_modifier"":""0.75"",""notes"":""Support role only; do not overvalue as scholarship-equivalent.""}"
high_school_recruits,hs_position_size_profile_rules.csv,hs_position_size_profile_rules,rule,1,hs_position_size_profile_rules:1,"{""generation_position"":""QB"",""height_min_in"":""72"",""height_max_in"":""78"",""weight_min_lb"":""185"",""weight_max_lb"":""235"",""speed_min"":""40"",""speed_max"":""85"",""strength_min"":""50"",""strength_max"":""92"",""notes"":""arm_accuracy_pocket_or_dual_threat""}"
high_school_recruits,hs_position_size_profile_rules.csv,hs_position_size_profile_rules,rule,2,hs_position_size_profile_rules:2,"{""generation_position"":""RB"",""height_min_in"":""67"",""height_max_in"":""74"",""weight_min_lb"":""175"",""weight_max_lb"":""225"",""speed_min"":""70"",""speed_max"":""99"",""strength_min"":""48"",""strength_max"":""86"",""notes"":""burst_contact_balance_receiving""}"
high_school_recruits,hs_position_size_profile_rules.csv,hs_position_size_profile_rules,rule,3,hs_position_size_profile_rules:3,"{""generation_position"":""WR"",""height_min_in"":""68"",""height_max_in"":""78"",""weight_min_lb"":""160"",""weight_max_lb"":""225"",""speed_min"":""76"",""speed_max"":""99"",""strength_min"":""35"",""strength_max"":""78"",""notes"":""speed_separation_catch_radius""}"
high_school_recruits,hs_position_size_profile_rules.csv,hs_position_size_profile_rules,rule,4,hs_position_size_profile_rules:4,"{""generation_position"":""TE"",""height_min_in"":""74"",""height_max_in"":""80"",""weight_min_lb"":""220"",""weight_max_lb"":""270"",""speed_min"":""58"",""speed_max"":""90"",""strength_min"":""60"",""strength_max"":""88"",""notes"":""hybrid_block_receive_body""}"
high_school_recruits,hs_position_size_profile_rules.csv,hs_position_size_profile_rules,rule,5,hs_position_size_profile_rules:5,"{""generation_position"":""OT"",""height_min_in"":""76"",""height_max_in"":""81"",""weight_min_lb"":""265"",""weight_max_lb"":""355"",""speed_min"":""45"",""speed_max"":""75"",""strength_min"":""70"",""strength_max"":""96"",""notes"":""length_frame_strength_development""}"
high_school_recruits,hs_position_size_profile_rules.csv,hs_position_size_profile_rules,rule,6,hs_position_size_profile_rules:6,"{""generation_position"":""IOL"",""height_min_in"":""73"",""height_max_in"":""79"",""weight_min_lb"":""270"",""weight_max_lb"":""360"",""speed_min"":""42"",""speed_max"":""72"",""strength_min"":""72"",""strength_max"":""98"",""notes"":""mass_leverage_power""}"
high_school_recruits,hs_position_size_profile_rules.csv,hs_position_size_profile_rules,rule,7,hs_position_size_profile_rules:7,"{""generation_position"":""EDGE"",""height_min_in"":""73"",""height_max_in"":""79"",""weight_min_lb"":""215"",""weight_max_lb"":""285"",""speed_min"":""64"",""speed_max"":""92"",""strength_min"":""62"",""strength_max"":""92"",""notes"":""burst_length_pass_rush""}"
high_school_recruits,hs_position_size_profile_rules.csv,hs_position_size_profile_rules,rule,8,hs_position_size_profile_rules:8,"{""generation_position"":""DL"",""height_min_in"":""72"",""height_max_in"":""79"",""weight_min_lb"":""260"",""weight_max_lb"":""360"",""speed_min"":""42"",""speed_max"":""78"",""strength_min"":""75"",""strength_max"":""99"",""notes"":""mass_power_anchor""}"
high_school_recruits,hs_position_size_profile_rules.csv,hs_position_size_profile_rules,rule,9,hs_position_size_profile_rules:9,"{""generation_position"":""LB"",""height_min_in"":""71"",""height_max_in"":""77"",""weight_min_lb"":""205"",""weight_max_lb"":""245"",""speed_min"":""65"",""speed_max"":""92"",""strength_min"":""62"",""strength_max"":""90"",""notes"":""range_tackle_instinct""}"
high_school_recruits,hs_position_size_profile_rules.csv,hs_position_size_profile_rules,rule,10,hs_position_size_profile_rules:10,"{""generation_position"":""CB"",""height_min_in"":""68"",""height_max_in"":""75"",""weight_min_lb"":""160"",""weight_max_lb"":""205"",""speed_min"":""80"",""speed_max"":""99"",""strength_min"":""40"",""strength_max"":""78"",""notes"":""speed_fluidity_cover""}"
high_school_recruits,hs_position_size_profile_rules.csv,hs_position_size_profile_rules,rule,11,hs_position_size_profile_rules:11,"{""generation_position"":""S"",""height_min_in"":""69"",""height_max_in"":""76"",""weight_min_lb"":""175"",""weight_max_lb"":""220"",""speed_min"":""72"",""speed_max"":""96"",""strength_min"":""50"",""strength_max"":""84"",""notes"":""range_tackle_coverage""}"
high_school_recruits,hs_position_size_profile_rules.csv,hs_position_size_profile_rules,rule,12,hs_position_size_profile_rules:12,"{""generation_position"":""ATH"",""height_min_in"":""67"",""height_max_in"":""80"",""weight_min_lb"":""155"",""weight_max_lb"":""315"",""speed_min"":""62"",""speed_max"":""99"",""strength_min"":""40"",""strength_max"":""96"",""notes"":""multi_position_projection""}"
high_school_recruits,hs_position_size_profile_rules.csv,hs_position_size_profile_rules,rule,13,hs_position_size_profile_rules:13,"{""generation_position"":""K"",""height_min_in"":""68"",""height_max_in"":""76"",""weight_min_lb"":""160"",""weight_max_lb"":""220"",""speed_min"":""40"",""speed_max"":""72"",""strength_min"":""35"",""strength_max"":""72"",""notes"":""leg_accuracy_specialist""}"
high_school_recruits,hs_position_size_profile_rules.csv,hs_position_size_profile_rules,rule,14,hs_position_size_profile_rules:14,"{""generation_position"":""P"",""height_min_in"":""70"",""height_max_in"":""78"",""weight_min_lb"":""170"",""weight_max_lb"":""230"",""speed_min"":""38"",""speed_max"":""72"",""strength_min"":""38"",""strength_max"":""76"",""notes"":""leg_strength_hang_time""}"
high_school_recruits,hs_position_size_profile_rules.csv,hs_position_size_profile_rules,rule,15,hs_position_size_profile_rules:15,"{""generation_position"":""ST"",""height_min_in"":""69"",""height_max_in"":""78"",""weight_min_lb"":""185"",""weight_max_lb"":""250"",""speed_min"":""45"",""speed_max"":""78"",""strength_min"":""45"",""strength_max"":""82"",""notes"":""long_snapper_returner_support_tag""}"
high_school_recruits,hs_recruit_generation_position_distribution.csv,hs_recruit_generation_position_distribution,weight_distribution,1,hs_recruit_generation_position_distribution:1,"{""distribution_id"":""base_247_anchored_v2_10"",""generation_position"":""QB"",""target_weight"":""0.05621"",""source_count_equivalent"":""191"",""min_share"":""0.040471"",""max_share"":""0.071948"",""final_roster_handling"":""direct_final_position"",""notes"":""247Sports position-count anchored distribution with returner/other bucket redistributed into WR/RB/CB/S/ATH and LS handled as support-role ST.""}"
high_school_recruits,hs_recruit_generation_position_distribution.csv,hs_recruit_generation_position_distribution,weight_distribution,2,hs_recruit_generation_position_distribution:2,"{""distribution_id"":""base_247_anchored_v2_10"",""generation_position"":""RB"",""target_weight"":""0.065921"",""source_count_equivalent"":""224"",""min_share"":""0.047463"",""max_share"":""0.084379"",""final_roster_handling"":""direct_final_position"",""notes"":""247Sports position-count anchored distribution with returner/other bucket redistributed into WR/RB/CB/S/ATH and LS handled as support-role ST.""}"
high_school_recruits,hs_recruit_generation_position_distribution.csv,hs_recruit_generation_position_distribution,weight_distribution,3,hs_recruit_generation_position_distribution:3,"{""distribution_id"":""base_247_anchored_v2_10"",""generation_position"":""WR"",""target_weight"":""0.136551"",""source_count_equivalent"":""464"",""min_share"":""0.098317"",""max_share"":""0.174785"",""final_roster_handling"":""direct_final_position"",""notes"":""247Sports position-count anchored distribution with returner/other bucket redistributed into WR/RB/CB/S/ATH and LS handled as support-role ST.""}"
high_school_recruits,hs_recruit_generation_position_distribution.csv,hs_recruit_generation_position_distribution,weight_distribution,4,hs_recruit_generation_position_distribution:4,"{""distribution_id"":""base_247_anchored_v2_10"",""generation_position"":""OT"",""target_weight"":""0.072396"",""source_count_equivalent"":""246"",""min_share"":""0.052125"",""max_share"":""0.092666"",""final_roster_handling"":""convert_to_LT_RT"",""notes"":""247Sports position-count anchored distribution with returner/other bucket redistributed into WR/RB/CB/S/ATH and LS handled as support-role ST.""}"
high_school_recruits,hs_recruit_generation_position_distribution.csv,hs_recruit_generation_position_distribution,weight_distribution,5,hs_recruit_generation_position_distribution:5,"{""distribution_id"":""base_247_anchored_v2_10"",""generation_position"":""IOL"",""target_weight"":""0.090053"",""source_count_equivalent"":""306"",""min_share"":""0.064838"",""max_share"":""0.115268"",""final_roster_handling"":""convert_to_LG_C_RG"",""notes"":""247Sports position-count anchored distribution with returner/other bucket redistributed into WR/RB/CB/S/ATH and LS handled as support-role ST.""}"
high_school_recruits,hs_recruit_generation_position_distribution.csv,hs_recruit_generation_position_distribution,weight_distribution,6,hs_recruit_generation_position_distribution:6,"{""distribution_id"":""base_247_anchored_v2_10"",""generation_position"":""TE"",""target_weight"":""0.054149"",""source_count_equivalent"":""184"",""min_share"":""0.038988"",""max_share"":""0.069311"",""final_roster_handling"":""direct_final_position"",""notes"":""247Sports position-count anchored distribution with returner/other bucket redistributed into WR/RB/CB/S/ATH and LS handled as support-role ST.""}"
high_school_recruits,hs_recruit_generation_position_distribution.csv,hs_recruit_generation_position_distribution,weight_distribution,7,hs_recruit_generation_position_distribution:7,"{""distribution_id"":""base_247_anchored_v2_10"",""generation_position"":""EDGE"",""target_weight"":""0.073278"",""source_count_equivalent"":""249"",""min_share"":""0.05276"",""max_share"":""0.093796"",""final_roster_handling"":""direct_final_position"",""notes"":""247Sports position-count anchored distribution with returner/other bucket redistributed into WR/RB/CB/S/ATH and LS handled as support-role ST.""}"
high_school_recruits,hs_recruit_generation_position_distribution.csv,hs_recruit_generation_position_distribution,weight_distribution,8,hs_recruit_generation_position_distribution:8,"{""distribution_id"":""base_247_anchored_v2_10"",""generation_position"":""DL"",""target_weight"":""0.09535"",""source_count_equivalent"":""324"",""min_share"":""0.068652"",""max_share"":""0.122048"",""final_roster_handling"":""direct_final_position"",""notes"":""247Sports position-count anchored distribution with returner/other bucket redistributed into WR/RB/CB/S/ATH and LS handled as support-role ST.""}"
high_school_recruits,hs_recruit_generation_position_distribution.csv,hs_recruit_generation_position_distribution,weight_distribution,9,hs_recruit_generation_position_distribution:9,"{""distribution_id"":""base_247_anchored_v2_10"",""generation_position"":""LB"",""target_weight"":""0.088876"",""source_count_equivalent"":""302"",""min_share"":""0.063991"",""max_share"":""0.113761"",""final_roster_handling"":""direct_final_position"",""notes"":""247Sports position-count anchored distribution with returner/other bucket redistributed into WR/RB/CB/S/ATH and LS handled as support-role ST.""}"
high_school_recruits,hs_recruit_generation_position_distribution.csv,hs_recruit_generation_position_distribution,weight_distribution,10,hs_recruit_generation_position_distribution:10,"{""distribution_id"":""base_247_anchored_v2_10"",""generation_position"":""CB"",""target_weight"":""0.086521"",""source_count_equivalent"":""294"",""min_share"":""0.062295"",""max_share"":""0.110747"",""final_roster_handling"":""direct_final_position"",""notes"":""247Sports position-count anchored distribution with returner/other bucket redistributed into WR/RB/CB/S/ATH and LS handled as support-role ST.""}"
high_school_recruits,hs_recruit_generation_position_distribution.csv,hs_recruit_generation_position_distribution,weight_distribution,11,hs_recruit_generation_position_distribution:11,"{""distribution_id"":""base_247_anchored_v2_10"",""generation_position"":""S"",""target_weight"":""0.087404"",""source_count_equivalent"":""297"",""min_share"":""0.062931"",""max_share"":""0.111878"",""final_roster_handling"":""direct_final_position"",""notes"":""247Sports position-count anchored distribution with returner/other bucket redistributed into WR/RB/CB/S/ATH and LS handled as support-role ST.""}"
high_school_recruits,hs_recruit_generation_position_distribution.csv,hs_recruit_generation_position_distribution,weight_distribution,12,hs_recruit_generation_position_distribution:12,"{""distribution_id"":""base_247_anchored_v2_10"",""generation_position"":""ATH"",""target_weight"":""0.077104"",""source_count_equivalent"":""262"",""min_share"":""0.055515"",""max_share"":""0.098693"",""final_roster_handling"":""convert_to_final_position_before_roster"",""notes"":""247Sports position-count anchored distribution with returner/other bucket redistributed into WR/RB/CB/S/ATH and LS handled as support-role ST.""}"
high_school_recruits,hs_recruit_generation_position_distribution.csv,hs_recruit_generation_position_distribution,weight_distribution,13,hs_recruit_generation_position_distribution:13,"{""distribution_id"":""base_247_anchored_v2_10"",""generation_position"":""K"",""target_weight"":""0.00824"",""source_count_equivalent"":""28"",""min_share"":""0.005933"",""max_share"":""0.010547"",""final_roster_handling"":""direct_final_position"",""notes"":""247Sports position-count anchored distribution with returner/other bucket redistributed into WR/RB/CB/S/ATH and LS handled as support-role ST.""}"
high_school_recruits,hs_recruit_generation_position_distribution.csv,hs_recruit_generation_position_distribution,weight_distribution,14,hs_recruit_generation_position_distribution:14,"{""distribution_id"":""base_247_anchored_v2_10"",""generation_position"":""P"",""target_weight"":""0.004709"",""source_count_equivalent"":""16"",""min_share"":""0.00339"",""max_share"":""0.006027"",""final_roster_handling"":""direct_final_position"",""notes"":""247Sports position-count anchored distribution with returner/other bucket redistributed into WR/RB/CB/S/ATH and LS handled as support-role ST.""}"
high_school_recruits,hs_recruit_generation_position_distribution.csv,hs_recruit_generation_position_distribution,weight_distribution,15,hs_recruit_generation_position_distribution:15,"{""distribution_id"":""base_247_anchored_v2_10"",""generation_position"":""ST"",""target_weight"":""0.003237"",""source_count_equivalent"":""11"",""min_share"":""0.002331"",""max_share"":""0.004144"",""final_roster_handling"":""support_role_only_not_final_position"",""notes"":""247Sports position-count anchored distribution with returner/other bucket redistributed into WR/RB/CB/S/ATH and LS handled as support-role ST.""}"
high_school_recruits,hs_recruit_position_count_anchors_247_2026.csv,hs_recruit_position_count_anchors_247_2026,runtime_tuning,1,hs_recruit_position_count_anchors_247_2026:1,"{""source_id"":""247_2026_composite_all"",""position_label"":""ALL"",""raw_count"":""3398"",""sim_position"":""ALL"",""sim_handling"":""class_total_anchor"",""notes"":""247Sports 2026 Composite high school recruit page listed 3,398 total recruits when captured.""}"
high_school_recruits,hs_recruit_position_count_anchors_247_2026.csv,hs_recruit_position_count_anchors_247_2026,runtime_tuning,2,hs_recruit_position_count_anchors_247_2026:2,"{""source_id"":""247_2026_composite_qb"",""position_label"":""QB"",""raw_count"":""191"",""sim_position"":""QB"",""sim_handling"":""direct_generation_position"",""notes"":""Quarterback position count anchor.""}"
high_school_recruits,hs_recruit_position_count_anchors_247_2026.csv,hs_recruit_position_count_anchors_247_2026,runtime_tuning,3,hs_recruit_position_count_anchors_247_2026:3,"{""source_id"":""247_2026_composite_rb"",""position_label"":""RB"",""raw_count"":""204"",""sim_position"":""RB"",""sim_handling"":""direct_generation_position"",""notes"":""Running back position count anchor.""}"
high_school_recruits,hs_recruit_position_count_anchors_247_2026.csv,hs_recruit_position_count_anchors_247_2026,runtime_tuning,4,hs_recruit_position_count_anchors_247_2026:4,"{""source_id"":""247_2026_composite_wr"",""position_label"":""WR"",""raw_count"":""424"",""sim_position"":""WR"",""sim_handling"":""direct_generation_position"",""notes"":""Wide receiver position count anchor.""}"
high_school_recruits,hs_recruit_position_count_anchors_247_2026.csv,hs_recruit_position_count_anchors_247_2026,runtime_tuning,5,hs_recruit_position_count_anchors_247_2026:5,"{""source_id"":""247_2026_composite_ot"",""position_label"":""OT"",""raw_count"":""246"",""sim_position"":""OT"",""sim_handling"":""broad_generation_position_convert_to_LT_RT"",""notes"":""Offensive tackle remains a generation label and must convert to LT or RT before final roster.""}"
high_school_recruits,hs_recruit_position_count_anchors_247_2026.csv,hs_recruit_position_count_anchors_247_2026,runtime_tuning,6,hs_recruit_position_count_anchors_247_2026:6,"{""source_id"":""247_2026_composite_iol"",""position_label"":""IOL"",""raw_count"":""306"",""sim_position"":""IOL"",""sim_handling"":""broad_generation_position_convert_to_LG_C_RG"",""notes"":""Interior offensive line remains a generation label and must convert to LG/C/RG before final roster.""}"
high_school_recruits,hs_recruit_position_count_anchors_247_2026.csv,hs_recruit_position_count_anchors_247_2026,runtime_tuning,7,hs_recruit_position_count_anchors_247_2026:7,"{""source_id"":""247_2026_composite_te"",""position_label"":""TE"",""raw_count"":""184"",""sim_position"":""TE"",""sim_handling"":""direct_generation_position"",""notes"":""Tight end anchor.""}"
high_school_recruits,hs_recruit_position_count_anchors_247_2026.csv,hs_recruit_position_count_anchors_247_2026,runtime_tuning,8,hs_recruit_position_count_anchors_247_2026:8,"{""source_id"":""247_2026_composite_edge"",""position_label"":""Edge"",""raw_count"":""249"",""sim_position"":""EDGE"",""sim_handling"":""direct_generation_position"",""notes"":""Edge is retained as canonical pass-rush/edge defender position.""}"
high_school_recruits,hs_recruit_position_count_anchors_247_2026.csv,hs_recruit_position_count_anchors_247_2026,runtime_tuning,9,hs_recruit_position_count_anchors_247_2026:9,"{""source_id"":""247_2026_composite_dl"",""position_label"":""DL"",""raw_count"":""324"",""sim_position"":""DL"",""sim_handling"":""direct_generation_position"",""notes"":""Defensive line anchor.""}"
high_school_recruits,hs_recruit_position_count_anchors_247_2026.csv,hs_recruit_position_count_anchors_247_2026,runtime_tuning,10,hs_recruit_position_count_anchors_247_2026:10,"{""source_id"":""247_2026_composite_lb"",""position_label"":""LB"",""raw_count"":""302"",""sim_position"":""LB"",""sim_handling"":""direct_generation_position"",""notes"":""Linebacker anchor.""}"
high_school_recruits,hs_recruit_position_count_anchors_247_2026.csv,hs_recruit_position_count_anchors_247_2026,runtime_tuning,11,hs_recruit_position_count_anchors_247_2026:11,"{""source_id"":""247_2026_composite_cb"",""position_label"":""CB"",""raw_count"":""274"",""sim_position"":""CB"",""sim_handling"":""direct_generation_position"",""notes"":""Cornerback anchor.""}"
high_school_recruits,hs_recruit_position_count_anchors_247_2026.csv,hs_recruit_position_count_anchors_247_2026,runtime_tuning,12,hs_recruit_position_count_anchors_247_2026:12,"{""source_id"":""247_2026_composite_s"",""position_label"":""S"",""raw_count"":""282"",""sim_position"":""S"",""sim_handling"":""direct_generation_position"",""notes"":""Safety anchor.""}"
high_school_recruits,hs_recruit_position_count_anchors_247_2026.csv,hs_recruit_position_count_anchors_247_2026,runtime_tuning,13,hs_recruit_position_count_anchors_247_2026:13,"{""source_id"":""247_2026_composite_ath"",""position_label"":""ATH"",""raw_count"":""252"",""sim_position"":""ATH"",""sim_handling"":""broad_generation_position_convert_by_body_and_fit"",""notes"":""Athlete is a high school recruiting label and must convert before final roster.""}"
high_school_recruits,hs_recruit_position_count_anchors_247_2026.csv,hs_recruit_position_count_anchors_247_2026,runtime_tuning,14,hs_recruit_position_count_anchors_247_2026:14,"{""source_id"":""247_2026_composite_k"",""position_label"":""K"",""raw_count"":""28"",""sim_position"":""K"",""sim_handling"":""specialist_direct_generation_position"",""notes"":""Kicker count is low in public recruiting lists; game should still preserve enough specialists over large class sizes.""}"
high_school_recruits,hs_recruit_position_count_anchors_247_2026.csv,hs_recruit_position_count_anchors_247_2026,runtime_tuning,15,hs_recruit_position_count_anchors_247_2026:15,"{""source_id"":""247_2026_composite_p"",""position_label"":""P"",""raw_count"":""16"",""sim_position"":""P"",""sim_handling"":""specialist_direct_generation_position"",""notes"":""Punter count is low in public recruiting lists; specialists are often under-scouted.""}"
high_school_recruits,hs_recruit_position_count_anchors_247_2026.csv,hs_recruit_position_count_anchors_247_2026,runtime_tuning,16,hs_recruit_position_count_anchors_247_2026:16,"{""source_id"":""247_2026_composite_ls"",""position_label"":""LS"",""raw_count"":""11"",""sim_position"":""ST"",""sim_handling"":""support_role_tag_not_final_position"",""notes"":""Long snapper is not a canonical final position in the package; generate as support role on TE/LB/OL/P or ST tag.""}"
high_school_recruits,hs_recruit_position_count_anchors_247_2026.csv,hs_recruit_position_count_anchors_247_2026,runtime_tuning,17,hs_recruit_position_count_anchors_247_2026:17,"{""source_id"":""247_2026_composite_unallocated"",""position_label"":""unallocated_or_returner_other"",""raw_count"":""105"",""sim_position"":""ATH|WR|RB|CB|S"",""sim_handling"":""redistribute_to_returner_and_athletic_skill_buckets"",""notes"":""Difference between all count and named position counts. Treat mostly as returner/athletic skill pool for sim tuning.""}"
high_school_recruits,hs_recruit_position_distribution_by_region_style.csv,hs_recruit_position_distribution_by_region_style,weight_distribution,1,hs_recruit_position_distribution_by_region_style:1,"{""region_style"":""texas_spread_skill"",""generation_position"":""QB"",""weight_multiplier"":""1.05"",""notes"":""Apply after base/star-band weights and normalize within eligible rows.""}"
high_school_recruits,hs_recruit_position_distribution_by_region_style.csv,hs_recruit_position_distribution_by_region_style,weight_distribution,2,hs_recruit_position_distribution_by_region_style:2,"{""region_style"":""texas_spread_skill"",""generation_position"":""RB"",""weight_multiplier"":""0.95"",""notes"":""Apply after base/star-band weights and normalize within eligible rows.""}"
high_school_recruits,hs_recruit_position_distribution_by_region_style.csv,hs_recruit_position_distribution_by_region_style,weight_distribution,3,hs_recruit_position_distribution_by_region_style:3,"{""region_style"":""texas_spread_skill"",""generation_position"":""WR"",""weight_multiplier"":""1.18"",""notes"":""Apply after base/star-band weights and normalize within eligible rows.""}"
high_school_recruits,hs_recruit_position_distribution_by_region_style.csv,hs_recruit_position_distribution_by_region_style,weight_distribution,4,hs_recruit_position_distribution_by_region_style:4,"{""region_style"":""texas_spread_skill"",""generation_position"":""OT"",""weight_multiplier"":""0.96"",""notes"":""Apply after base/star-band weights and normalize within eligible rows.""}"
high_school_recruits,hs_recruit_position_distribution_by_region_style.csv,hs_recruit_position_distribution_by_region_style,weight_distribution,5,hs_recruit_position_distribution_by_region_style:5,"{""region_style"":""texas_spread_skill"",""generation_position"":""IOL"",""weight_multiplier"":""0.96"",""notes"":""Apply after base/star-band weights and normalize within eligible rows.""}"
high_school_recruits,hs_recruit_position_distribution_by_region_style.csv,hs_recruit_position_distribution_by_region_style,weight_distribution,6,hs_recruit_position_distribution_by_region_style:6,"{""region_style"":""texas_spread_skill"",""generation_position"":""TE"",""weight_multiplier"":""0.88"",""notes"":""Apply after base/star-band weights and normalize within eligible rows.""}"
high_school_recruits,hs_recruit_position_distribution_by_region_style.csv,hs_recruit_position_distribution_by_region_style,weight_distribution,7,hs_recruit_position_distribution_by_region_style:7,"{""region_style"":""texas_spread_skill"",""generation_position"":""EDGE"",""weight_multiplier"":""1.02"",""notes"":""Apply after base/star-band weights and normalize within eligible rows.""}"
high_school_recruits,hs_recruit_position_distribution_by_region_style.csv,hs_recruit_position_distribution_by_region_style,weight_distribution,8,hs_recruit_position_distribution_by_region_style:8,"{""region_style"":""texas_spread_skill"",""generation_position"":""DL"",""weight_multiplier"":""1.0"",""notes"":""Apply after base/star-band weights and normalize within eligible rows.""}"
high_school_recruits,hs_recruit_position_distribution_by_region_style.csv,hs_recruit_position_distribution_by_region_style,weight_distribution,9,hs_recruit_position_distribution_by_region_style:9,"{""region_style"":""texas_spread_skill"",""generation_position"":""LB"",""weight_multiplier"":""0.95"",""notes"":""Apply after base/star-band weights and normalize within eligible rows.""}"
high_school_recruits,hs_recruit_position_distribution_by_region_style.csv,hs_recruit_position_distribution_by_region_style,weight_distribution,10,hs_recruit_position_distribution_by_region_style:10,"{""region_style"":""texas_spread_skill"",""generation_position"":""CB"",""weight_multiplier"":""1.08"",""notes"":""Apply after base/star-band weights and normalize within eligible rows.""}"
high_school_recruits,hs_recruit_position_distribution_by_region_style.csv,hs_recruit_position_distribution_by_region_style,weight_distribution,11,hs_recruit_position_distribution_by_region_style:11,"{""region_style"":""texas_spread_skill"",""generation_position"":""S"",""weight_multiplier"":""1.05"",""notes"":""Apply after base/star-band weights and normalize within eligible rows.""}"
high_school_recruits,hs_recruit_position_distribution_by_region_style.csv,hs_recruit_position_distribution_by_region_style,weight_distribution,12,hs_recruit_position_distribution_by_region_style:12,"{""region_style"":""texas_spread_skill"",""generation_position"":""ATH"",""weight_multiplier"":""1.12"",""notes"":""Apply after base/star-band weights and normalize within eligible rows.""}"
high_school_recruits,hs_recruit_position_distribution_by_region_style.csv,hs_recruit_position_distribution_by_region_style,weight_distribution,13,hs_recruit_position_distribution_by_region_style:13,"{""region_style"":""texas_spread_skill"",""generation_position"":""K"",""weight_multiplier"":""1.0"",""notes"":""Apply after base/star-band weights and normalize within eligible rows.""}"
high_school_recruits,hs_recruit_position_distribution_by_region_style.csv,hs_recruit_position_distribution_by_region_style,weight_distribution,14,hs_recruit_position_distribution_by_region_style:14,"{""region_style"":""texas_spread_skill"",""generation_position"":""P"",""weight_multiplier"":""1.0"",""notes"":""Apply after base/star-band weights and normalize within eligible rows.""}"
high_school_recruits,hs_recruit_position_distribution_by_region_style.csv,hs_recruit_position_distribution_by_region_style,weight_distribution,15,hs_recruit_position_distribution_by_region_style:15,"{""region_style"":""texas_spread_skill"",""generation_position"":""ST"",""weight_multiplier"":""1.0"",""notes"":""Apply after base/star-band weights and normalize within eligible rows.""}"
high_school_recruits,hs_recruit_position_distribution_by_region_style.csv,hs_recruit_position_distribution_by_region_style,weight_distribution,16,hs_recruit_position_distribution_by_region_style:16,"{""region_style"":""southeast_power_speed"",""generation_position"":""QB"",""weight_multiplier"":""1.0"",""notes"":""Apply after base/star-band weights and normalize within eligible rows.""}"
high_school_recruits,hs_recruit_position_distribution_by_region_style.csv,hs_recruit_position_distribution_by_region_style,weight_distribution,17,hs_recruit_position_distribution_by_region_style:17,"{""region_style"":""southeast_power_speed"",""generation_position"":""RB"",""weight_multiplier"":""1.08"",""notes"":""Apply after base/star-band weights and normalize within eligible rows.""}"
high_school_recruits,hs_recruit_position_distribution_by_region_style.csv,hs_recruit_position_distribution_by_region_style,weight_distribution,18,hs_recruit_position_distribution_by_region_style:18,"{""region_style"":""southeast_power_speed"",""generation_position"":""WR"",""weight_multiplier"":""1.08"",""notes"":""Apply after base/star-band weights and normalize within eligible rows.""}"
high_school_recruits,hs_recruit_position_distribution_by_region_style.csv,hs_recruit_position_distribution_by_region_style,weight_distribution,19,hs_recruit_position_distribution_by_region_style:19,"{""region_style"":""southeast_power_speed"",""generation_position"":""OT"",""weight_multiplier"":""1.03"",""notes"":""Apply after base/star-band weights and normalize within eligible rows.""}"
high_school_recruits,hs_recruit_position_distribution_by_region_style.csv,hs_recruit_position_distribution_by_region_style,weight_distribution,20,hs_recruit_position_distribution_by_region_style:20,"{""region_style"":""southeast_power_speed"",""generation_position"":""IOL"",""weight_multiplier"":""1.02"",""notes"":""Apply after base/star-band weights and normalize within eligible rows.""}"
high_school_recruits,hs_recruit_position_distribution_by_region_style.csv,hs_recruit_position_distribution_by_region_style,weight_distribution,21,hs_recruit_position_distribution_by_region_style:21,"{""region_style"":""southeast_power_speed"",""generation_position"":""TE"",""weight_multiplier"":""0.96"",""notes"":""Apply after base/star-band weights and normalize within eligible rows.""}"
high_school_recruits,hs_recruit_position_distribution_by_region_style.csv,hs_recruit_position_distribution_by_region_style,weight_distribution,22,hs_recruit_position_distribution_by_region_style:22,"{""region_style"":""southeast_power_speed"",""generation_position"":""EDGE"",""weight_multiplier"":""1.1"",""notes"":""Apply after base/star-band weights and normalize within eligible rows.""}"
high_school_recruits,hs_recruit_position_distribution_by_region_style.csv,hs_recruit_position_distribution_by_region_style,weight_distribution,23,hs_recruit_position_distribution_by_region_style:23,"{""region_style"":""southeast_power_speed"",""generation_position"":""DL"",""weight_multiplier"":""1.08"",""notes"":""Apply after base/star-band weights and normalize within eligible rows.""}"
high_school_recruits,hs_recruit_position_distribution_by_region_style.csv,hs_recruit_position_distribution_by_region_style,weight_distribution,24,hs_recruit_position_distribution_by_region_style:24,"{""region_style"":""southeast_power_speed"",""generation_position"":""LB"",""weight_multiplier"":""1.05"",""notes"":""Apply after base/star-band weights and normalize within eligible rows.""}"
high_school_recruits,hs_recruit_position_distribution_by_region_style.csv,hs_recruit_position_distribution_by_region_style,weight_distribution,25,hs_recruit_position_distribution_by_region_style:25,"{""region_style"":""southeast_power_speed"",""generation_position"":""CB"",""weight_multiplier"":""1.06"",""notes"":""Apply after base/star-band weights and normalize within eligible rows.""}"
high_school_recruits,hs_recruit_position_distribution_by_region_style.csv,hs_recruit_position_distribution_by_region_style,weight_distribution,26,hs_recruit_position_distribution_by_region_style:26,"{""region_style"":""southeast_power_speed"",""generation_position"":""S"",""weight_multiplier"":""1.06"",""notes"":""Apply after base/star-band weights and normalize within eligible rows.""}"
high_school_recruits,hs_recruit_position_distribution_by_region_style.csv,hs_recruit_position_distribution_by_region_style,weight_distribution,27,hs_recruit_position_distribution_by_region_style:27,"{""region_style"":""southeast_power_speed"",""generation_position"":""ATH"",""weight_multiplier"":""1.1"",""notes"":""Apply after base/star-band weights and normalize within eligible rows.""}"
high_school_recruits,hs_recruit_position_distribution_by_region_style.csv,hs_recruit_position_distribution_by_region_style,weight_distribution,28,hs_recruit_position_distribution_by_region_style:28,"{""region_style"":""southeast_power_speed"",""generation_position"":""K"",""weight_multiplier"":""0.9"",""notes"":""Apply after base/star-band weights and normalize within eligible rows.""}"
high_school_recruits,hs_recruit_position_distribution_by_region_style.csv,hs_recruit_position_distribution_by_region_style,weight_distribution,29,hs_recruit_position_distribution_by_region_style:29,"{""region_style"":""southeast_power_speed"",""generation_position"":""P"",""weight_multiplier"":""0.9"",""notes"":""Apply after base/star-band weights and normalize within eligible rows.""}"
high_school_recruits,hs_recruit_position_distribution_by_region_style.csv,hs_recruit_position_distribution_by_region_style,weight_distribution,30,hs_recruit_position_distribution_by_region_style:30,"{""region_style"":""southeast_power_speed"",""generation_position"":""ST"",""weight_multiplier"":""1.0"",""notes"":""Apply after base/star-band weights and normalize within eligible rows.""}"
high_school_recruits,hs_recruit_position_distribution_by_region_style.csv,hs_recruit_position_distribution_by_region_style,weight_distribution,31,hs_recruit_position_distribution_by_region_style:31,"{""region_style"":""california_passing_skill"",""generation_position"":""QB"",""weight_multiplier"":""1.12"",""notes"":""Apply after base/star-band weights and normalize within eligible rows.""}"
high_school_recruits,hs_recruit_position_distribution_by_region_style.csv,hs_recruit_position_distribution_by_region_style,weight_distribution,32,hs_recruit_position_distribution_by_region_style:32,"{""region_style"":""california_passing_skill"",""generation_position"":""RB"",""weight_multiplier"":""0.92"",""notes"":""Apply after base/star-band weights and normalize within eligible rows.""}"
high_school_recruits,hs_recruit_position_distribution_by_region_style.csv,hs_recruit_position_distribution_by_region_style,weight_distribution,33,hs_recruit_position_distribution_by_region_style:33,"{""region_style"":""california_passing_skill"",""generation_position"":""WR"",""weight_multiplier"":""1.15"",""notes"":""Apply after base/star-band weights and normalize within eligible rows.""}"
high_school_recruits,hs_recruit_position_distribution_by_region_style.csv,hs_recruit_position_distribution_by_region_style,weight_distribution,34,hs_recruit_position_distribution_by_region_style:34,"{""region_style"":""california_passing_skill"",""generation_position"":""OT"",""weight_multiplier"":""0.98"",""notes"":""Apply after base/star-band weights and normalize within eligible rows.""}"
high_school_recruits,hs_recruit_position_distribution_by_region_style.csv,hs_recruit_position_distribution_by_region_style,weight_distribution,35,hs_recruit_position_distribution_by_region_style:35,"{""region_style"":""california_passing_skill"",""generation_position"":""IOL"",""weight_multiplier"":""0.95"",""notes"":""Apply after base/star-band weights and normalize within eligible rows.""}"
high_school_recruits,hs_recruit_position_distribution_by_region_style.csv,hs_recruit_position_distribution_by_region_style,weight_distribution,36,hs_recruit_position_distribution_by_region_style:36,"{""region_style"":""california_passing_skill"",""generation_position"":""TE"",""weight_multiplier"":""1.02"",""notes"":""Apply after base/star-band weights and normalize within eligible rows.""}"
high_school_recruits,hs_recruit_position_distribution_by_region_style.csv,hs_recruit_position_distribution_by_region_style,weight_distribution,37,hs_recruit_position_distribution_by_region_style:37,"{""region_style"":""california_passing_skill"",""generation_position"":""EDGE"",""weight_multiplier"":""0.96"",""notes"":""Apply after base/star-band weights and normalize within eligible rows.""}"
high_school_recruits,hs_recruit_position_distribution_by_region_style.csv,hs_recruit_position_distribution_by_region_style,weight_distribution,38,hs_recruit_position_distribution_by_region_style:38,"{""region_style"":""california_passing_skill"",""generation_position"":""DL"",""weight_multiplier"":""0.94"",""notes"":""Apply after base/star-band weights and normalize within eligible rows.""}"
high_school_recruits,hs_recruit_position_distribution_by_region_style.csv,hs_recruit_position_distribution_by_region_style,weight_distribution,39,hs_recruit_position_distribution_by_region_style:39,"{""region_style"":""california_passing_skill"",""generation_position"":""LB"",""weight_multiplier"":""0.94"",""notes"":""Apply after base/star-band weights and normalize within eligible rows.""}"
high_school_recruits,hs_recruit_position_distribution_by_region_style.csv,hs_recruit_position_distribution_by_region_style,weight_distribution,40,hs_recruit_position_distribution_by_region_style:40,"{""region_style"":""california_passing_skill"",""generation_position"":""CB"",""weight_multiplier"":""1.08"",""notes"":""Apply after base/star-band weights and normalize within eligible rows.""}"
high_school_recruits,hs_recruit_position_distribution_by_region_style.csv,hs_recruit_position_distribution_by_region_style,weight_distribution,41,hs_recruit_position_distribution_by_region_style:41,"{""region_style"":""california_passing_skill"",""generation_position"":""S"",""weight_multiplier"":""1.04"",""notes"":""Apply after base/star-band weights and normalize within eligible rows.""}"
high_school_recruits,hs_recruit_position_distribution_by_region_style.csv,hs_recruit_position_distribution_by_region_style,weight_distribution,42,hs_recruit_position_distribution_by_region_style:42,"{""region_style"":""california_passing_skill"",""generation_position"":""ATH"",""weight_multiplier"":""1.06"",""notes"":""Apply after base/star-band weights and normalize within eligible rows.""}"
high_school_recruits,hs_recruit_position_distribution_by_region_style.csv,hs_recruit_position_distribution_by_region_style,weight_distribution,43,hs_recruit_position_distribution_by_region_style:43,"{""region_style"":""california_passing_skill"",""generation_position"":""K"",""weight_multiplier"":""1.05"",""notes"":""Apply after base/star-band weights and normalize within eligible rows.""}"
high_school_recruits,hs_recruit_position_distribution_by_region_style.csv,hs_recruit_position_distribution_by_region_style,weight_distribution,44,hs_recruit_position_distribution_by_region_style:44,"{""region_style"":""california_passing_skill"",""generation_position"":""P"",""weight_multiplier"":""1.05"",""notes"":""Apply after base/star-band weights and normalize within eligible rows.""}"
high_school_recruits,hs_recruit_position_distribution_by_region_style.csv,hs_recruit_position_distribution_by_region_style,weight_distribution,45,hs_recruit_position_distribution_by_region_style:45,"{""region_style"":""california_passing_skill"",""generation_position"":""ST"",""weight_multiplier"":""1.0"",""notes"":""Apply after base/star-band weights and normalize within eligible rows.""}"
high_school_recruits,hs_recruit_position_distribution_by_region_style.csv,hs_recruit_position_distribution_by_region_style,weight_distribution,46,hs_recruit_position_distribution_by_region_style:46,"{""region_style"":""midwest_trenches"",""generation_position"":""QB"",""weight_multiplier"":""0.98"",""notes"":""Apply after base/star-band weights and normalize within eligible rows.""}"
high_school_recruits,hs_recruit_position_distribution_by_region_style.csv,hs_recruit_position_distribution_by_region_style,weight_distribution,47,hs_recruit_position_distribution_by_region_style:47,"{""region_style"":""midwest_trenches"",""generation_position"":""RB"",""weight_multiplier"":""1.0"",""notes"":""Apply after base/star-band weights and normalize within eligible rows.""}"
high_school_recruits,hs_recruit_position_distribution_by_region_style.csv,hs_recruit_position_distribution_by_region_style,weight_distribution,48,hs_recruit_position_distribution_by_region_style:48,"{""region_style"":""midwest_trenches"",""generation_position"":""WR"",""weight_multiplier"":""0.92"",""notes"":""Apply after base/star-band weights and normalize within eligible rows.""}"
high_school_recruits,hs_recruit_position_distribution_by_region_style.csv,hs_recruit_position_distribution_by_region_style,weight_distribution,49,hs_recruit_position_distribution_by_region_style:49,"{""region_style"":""midwest_trenches"",""generation_position"":""OT"",""weight_multiplier"":""1.15"",""notes"":""Apply after base/star-band weights and normalize within eligible rows.""}"
high_school_recruits,hs_recruit_position_distribution_by_region_style.csv,hs_recruit_position_distribution_by_region_style,weight_distribution,50,hs_recruit_position_distribution_by_region_style:50,"{""region_style"":""midwest_trenches"",""generation_position"":""IOL"",""weight_multiplier"":""1.16"",""notes"":""Apply after base/star-band weights and normalize within eligible rows.""}"
high_school_recruits,hs_recruit_position_distribution_by_region_style.csv,hs_recruit_position_distribution_by_region_style,weight_distribution,51,hs_recruit_position_distribution_by_region_style:51,"{""region_style"":""midwest_trenches"",""generation_position"":""TE"",""weight_multiplier"":""1.08"",""notes"":""Apply after base/star-band weights and normalize within eligible rows.""}"
high_school_recruits,hs_recruit_position_distribution_by_region_style.csv,hs_recruit_position_distribution_by_region_style,weight_distribution,52,hs_recruit_position_distribution_by_region_style:52,"{""region_style"":""midwest_trenches"",""generation_position"":""EDGE"",""weight_multiplier"":""1.02"",""notes"":""Apply after base/star-band weights and normalize within eligible rows.""}"
high_school_recruits,hs_recruit_position_distribution_by_region_style.csv,hs_recruit_position_distribution_by_region_style,weight_distribution,53,hs_recruit_position_distribution_by_region_style:53,"{""region_style"":""midwest_trenches"",""generation_position"":""DL"",""weight_multiplier"":""1.08"",""notes"":""Apply after base/star-band weights and normalize within eligible rows.""}"
high_school_recruits,hs_recruit_position_distribution_by_region_style.csv,hs_recruit_position_distribution_by_region_style,weight_distribution,54,hs_recruit_position_distribution_by_region_style:54,"{""region_style"":""midwest_trenches"",""generation_position"":""LB"",""weight_multiplier"":""1.05"",""notes"":""Apply after base/star-band weights and normalize within eligible rows.""}"
high_school_recruits,hs_recruit_position_distribution_by_region_style.csv,hs_recruit_position_distribution_by_region_style,weight_distribution,55,hs_recruit_position_distribution_by_region_style:55,"{""region_style"":""midwest_trenches"",""generation_position"":""CB"",""weight_multiplier"":""0.92"",""notes"":""Apply after base/star-band weights and normalize within eligible rows.""}"
high_school_recruits,hs_recruit_position_distribution_by_region_style.csv,hs_recruit_position_distribution_by_region_style,weight_distribution,56,hs_recruit_position_distribution_by_region_style:56,"{""region_style"":""midwest_trenches"",""generation_position"":""S"",""weight_multiplier"":""0.96"",""notes"":""Apply after base/star-band weights and normalize within eligible rows.""}"
high_school_recruits,hs_recruit_position_distribution_by_region_style.csv,hs_recruit_position_distribution_by_region_style,weight_distribution,57,hs_recruit_position_distribution_by_region_style:57,"{""region_style"":""midwest_trenches"",""generation_position"":""ATH"",""weight_multiplier"":""0.92"",""notes"":""Apply after base/star-band weights and normalize within eligible rows.""}"
high_school_recruits,hs_recruit_position_distribution_by_region_style.csv,hs_recruit_position_distribution_by_region_style,weight_distribution,58,hs_recruit_position_distribution_by_region_style:58,"{""region_style"":""midwest_trenches"",""generation_position"":""K"",""weight_multiplier"":""1.0"",""notes"":""Apply after base/star-band weights and normalize within eligible rows.""}"
high_school_recruits,hs_recruit_position_distribution_by_region_style.csv,hs_recruit_position_distribution_by_region_style,weight_distribution,59,hs_recruit_position_distribution_by_region_style:59,"{""region_style"":""midwest_trenches"",""generation_position"":""P"",""weight_multiplier"":""1.0"",""notes"":""Apply after base/star-band weights and normalize within eligible rows.""}"
high_school_recruits,hs_recruit_position_distribution_by_region_style.csv,hs_recruit_position_distribution_by_region_style,weight_distribution,60,hs_recruit_position_distribution_by_region_style:60,"{""region_style"":""midwest_trenches"",""generation_position"":""ST"",""weight_multiplier"":""1.0"",""notes"":""Apply after base/star-band weights and normalize within eligible rows.""}"
high_school_recruits,hs_recruit_position_distribution_by_region_style.csv,hs_recruit_position_distribution_by_region_style,weight_distribution,61,hs_recruit_position_distribution_by_region_style:61,"{""region_style"":""northeast_private_prep"",""generation_position"":""QB"",""weight_multiplier"":""1.04"",""notes"":""Apply after base/star-band weights and normalize within eligible rows.""}"
high_school_recruits,hs_recruit_position_distribution_by_region_style.csv,hs_recruit_position_distribution_by_region_style,weight_distribution,62,hs_recruit_position_distribution_by_region_style:62,"{""region_style"":""northeast_private_prep"",""generation_position"":""RB"",""weight_multiplier"":""0.92"",""notes"":""Apply after base/star-band weights and normalize within eligible rows.""}"
high_school_recruits,hs_recruit_position_distribution_by_region_style.csv,hs_recruit_position_distribution_by_region_style,weight_distribution,63,hs_recruit_position_distribution_by_region_style:63,"{""region_style"":""northeast_private_prep"",""generation_position"":""WR"",""weight_multiplier"":""1.02"",""notes"":""Apply after base/star-band weights and normalize within eligible rows.""}"
high_school_recruits,hs_recruit_position_distribution_by_region_style.csv,hs_recruit_position_distribution_by_region_style,weight_distribution,64,hs_recruit_position_distribution_by_region_style:64,"{""region_style"":""northeast_private_prep"",""generation_position"":""OT"",""weight_multiplier"":""1.05"",""notes"":""Apply after base/star-band weights and normalize within eligible rows.""}"
high_school_recruits,hs_recruit_position_distribution_by_region_style.csv,hs_recruit_position_distribution_by_region_style,weight_distribution,65,hs_recruit_position_distribution_by_region_style:65,"{""region_style"":""northeast_private_prep"",""generation_position"":""IOL"",""weight_multiplier"":""1.02"",""notes"":""Apply after base/star-band weights and normalize within eligible rows.""}"
high_school_recruits,hs_recruit_position_distribution_by_region_style.csv,hs_recruit_position_distribution_by_region_style,weight_distribution,66,hs_recruit_position_distribution_by_region_style:66,"{""region_style"":""northeast_private_prep"",""generation_position"":""TE"",""weight_multiplier"":""1.1"",""notes"":""Apply after base/star-band weights and normalize within eligible rows.""}"
high_school_recruits,hs_recruit_position_distribution_by_region_style.csv,hs_recruit_position_distribution_by_region_style,weight_distribution,67,hs_recruit_position_distribution_by_region_style:67,"{""region_style"":""northeast_private_prep"",""generation_position"":""EDGE"",""weight_multiplier"":""1.0"",""notes"":""Apply after base/star-band weights and normalize within eligible rows.""}"
high_school_recruits,hs_recruit_position_distribution_by_region_style.csv,hs_recruit_position_distribution_by_region_style,weight_distribution,68,hs_recruit_position_distribution_by_region_style:68,"{""region_style"":""northeast_private_prep"",""generation_position"":""DL"",""weight_multiplier"":""0.98"",""notes"":""Apply after base/star-band weights and normalize within eligible rows.""}"
high_school_recruits,hs_recruit_position_distribution_by_region_style.csv,hs_recruit_position_distribution_by_region_style,weight_distribution,69,hs_recruit_position_distribution_by_region_style:69,"{""region_style"":""northeast_private_prep"",""generation_position"":""LB"",""weight_multiplier"":""0.98"",""notes"":""Apply after base/star-band weights and normalize within eligible rows.""}"
high_school_recruits,hs_recruit_position_distribution_by_region_style.csv,hs_recruit_position_distribution_by_region_style,weight_distribution,70,hs_recruit_position_distribution_by_region_style:70,"{""region_style"":""northeast_private_prep"",""generation_position"":""CB"",""weight_multiplier"":""0.98"",""notes"":""Apply after base/star-band weights and normalize within eligible rows.""}"
high_school_recruits,hs_recruit_position_distribution_by_region_style.csv,hs_recruit_position_distribution_by_region_style,weight_distribution,71,hs_recruit_position_distribution_by_region_style:71,"{""region_style"":""northeast_private_prep"",""generation_position"":""S"",""weight_multiplier"":""1.02"",""notes"":""Apply after base/star-band weights and normalize within eligible rows.""}"
high_school_recruits,hs_recruit_position_distribution_by_region_style.csv,hs_recruit_position_distribution_by_region_style,weight_distribution,72,hs_recruit_position_distribution_by_region_style:72,"{""region_style"":""northeast_private_prep"",""generation_position"":""ATH"",""weight_multiplier"":""1.04"",""notes"":""Apply after base/star-band weights and normalize within eligible rows.""}"
high_school_recruits,hs_recruit_position_distribution_by_region_style.csv,hs_recruit_position_distribution_by_region_style,weight_distribution,73,hs_recruit_position_distribution_by_region_style:73,"{""region_style"":""northeast_private_prep"",""generation_position"":""K"",""weight_multiplier"":""1.05"",""notes"":""Apply after base/star-band weights and normalize within eligible rows.""}"
high_school_recruits,hs_recruit_position_distribution_by_region_style.csv,hs_recruit_position_distribution_by_region_style,weight_distribution,74,hs_recruit_position_distribution_by_region_style:74,"{""region_style"":""northeast_private_prep"",""generation_position"":""P"",""weight_multiplier"":""1.05"",""notes"":""Apply after base/star-band weights and normalize within eligible rows.""}"
high_school_recruits,hs_recruit_position_distribution_by_region_style.csv,hs_recruit_position_distribution_by_region_style,weight_distribution,75,hs_recruit_position_distribution_by_region_style:75,"{""region_style"":""northeast_private_prep"",""generation_position"":""ST"",""weight_multiplier"":""1.0"",""notes"":""Apply after base/star-band weights and normalize within eligible rows.""}"
high_school_recruits,hs_recruit_position_distribution_by_region_style.csv,hs_recruit_position_distribution_by_region_style,weight_distribution,76,hs_recruit_position_distribution_by_region_style:76,"{""region_style"":""mountain_plains_developmental"",""generation_position"":""QB"",""weight_multiplier"":""0.95"",""notes"":""Apply after base/star-band weights and normalize within eligible rows.""}"
high_school_recruits,hs_recruit_position_distribution_by_region_style.csv,hs_recruit_position_distribution_by_region_style,weight_distribution,77,hs_recruit_position_distribution_by_region_style:77,"{""region_style"":""mountain_plains_developmental"",""generation_position"":""RB"",""weight_multiplier"":""1.0"",""notes"":""Apply after base/star-band weights and normalize within eligible rows.""}"
high_school_recruits,hs_recruit_position_distribution_by_region_style.csv,hs_recruit_position_distribution_by_region_style,weight_distribution,78,hs_recruit_position_distribution_by_region_style:78,"{""region_style"":""mountain_plains_developmental"",""generation_position"":""WR"",""weight_multiplier"":""0.92"",""notes"":""Apply after base/star-band weights and normalize within eligible rows.""}"
high_school_recruits,hs_recruit_position_distribution_by_region_style.csv,hs_recruit_position_distribution_by_region_style,weight_distribution,79,hs_recruit_position_distribution_by_region_style:79,"{""region_style"":""mountain_plains_developmental"",""generation_position"":""OT"",""weight_multiplier"":""1.05"",""notes"":""Apply after base/star-band weights and normalize within eligible rows.""}"
high_school_recruits,hs_recruit_position_distribution_by_region_style.csv,hs_recruit_position_distribution_by_region_style,weight_distribution,80,hs_recruit_position_distribution_by_region_style:80,"{""region_style"":""mountain_plains_developmental"",""generation_position"":""IOL"",""weight_multiplier"":""1.07"",""notes"":""Apply after base/star-band weights and normalize within eligible rows.""}"
high_school_recruits,hs_recruit_position_distribution_by_region_style.csv,hs_recruit_position_distribution_by_region_style,weight_distribution,81,hs_recruit_position_distribution_by_region_style:81,"{""region_style"":""mountain_plains_developmental"",""generation_position"":""TE"",""weight_multiplier"":""1.06"",""notes"":""Apply after base/star-band weights and normalize within eligible rows.""}"
high_school_recruits,hs_recruit_position_distribution_by_region_style.csv,hs_recruit_position_distribution_by_region_style,weight_distribution,82,hs_recruit_position_distribution_by_region_style:82,"{""region_style"":""mountain_plains_developmental"",""generation_position"":""EDGE"",""weight_multiplier"":""0.98"",""notes"":""Apply after base/star-band weights and normalize within eligible rows.""}"
high_school_recruits,hs_recruit_position_distribution_by_region_style.csv,hs_recruit_position_distribution_by_region_style,weight_distribution,83,hs_recruit_position_distribution_by_region_style:83,"{""region_style"":""mountain_plains_developmental"",""generation_position"":""DL"",""weight_multiplier"":""1.05"",""notes"":""Apply after base/star-band weights and normalize within eligible rows.""}"
high_school_recruits,hs_recruit_position_distribution_by_region_style.csv,hs_recruit_position_distribution_by_region_style,weight_distribution,84,hs_recruit_position_distribution_by_region_style:84,"{""region_style"":""mountain_plains_developmental"",""generation_position"":""LB"",""weight_multiplier"":""1.03"",""notes"":""Apply after base/star-band weights and normalize within eligible rows.""}"
high_school_recruits,hs_recruit_position_distribution_by_region_style.csv,hs_recruit_position_distribution_by_region_style,weight_distribution,85,hs_recruit_position_distribution_by_region_style:85,"{""region_style"":""mountain_plains_developmental"",""generation_position"":""CB"",""weight_multiplier"":""0.92"",""notes"":""Apply after base/star-band weights and normalize within eligible rows.""}"
high_school_recruits,hs_recruit_position_distribution_by_region_style.csv,hs_recruit_position_distribution_by_region_style,weight_distribution,86,hs_recruit_position_distribution_by_region_style:86,"{""region_style"":""mountain_plains_developmental"",""generation_position"":""S"",""weight_multiplier"":""0.95"",""notes"":""Apply after base/star-band weights and normalize within eligible rows.""}"
high_school_recruits,hs_recruit_position_distribution_by_region_style.csv,hs_recruit_position_distribution_by_region_style,weight_distribution,87,hs_recruit_position_distribution_by_region_style:87,"{""region_style"":""mountain_plains_developmental"",""generation_position"":""ATH"",""weight_multiplier"":""0.95"",""notes"":""Apply after base/star-band weights and normalize within eligible rows.""}"
high_school_recruits,hs_recruit_position_distribution_by_region_style.csv,hs_recruit_position_distribution_by_region_style,weight_distribution,88,hs_recruit_position_distribution_by_region_style:88,"{""region_style"":""mountain_plains_developmental"",""generation_position"":""K"",""weight_multiplier"":""1.1"",""notes"":""Apply after base/star-band weights and normalize within eligible rows.""}"
high_school_recruits,hs_recruit_position_distribution_by_region_style.csv,hs_recruit_position_distribution_by_region_style,weight_distribution,89,hs_recruit_position_distribution_by_region_style:89,"{""region_style"":""mountain_plains_developmental"",""generation_position"":""P"",""weight_multiplier"":""1.1"",""notes"":""Apply after base/star-band weights and normalize within eligible rows.""}"
high_school_recruits,hs_recruit_position_distribution_by_region_style.csv,hs_recruit_position_distribution_by_region_style,weight_distribution,90,hs_recruit_position_distribution_by_region_style:90,"{""region_style"":""mountain_plains_developmental"",""generation_position"":""ST"",""weight_multiplier"":""1.05"",""notes"":""Apply after base/star-band weights and normalize within eligible rows.""}"
high_school_recruits,hs_recruit_position_distribution_by_region_style.csv,hs_recruit_position_distribution_by_region_style,weight_distribution,91,hs_recruit_position_distribution_by_region_style:91,"{""region_style"":""national_default"",""generation_position"":""QB"",""weight_multiplier"":""1.0"",""notes"":""Apply after base/star-band weights and normalize within eligible rows.""}"
high_school_recruits,hs_recruit_position_distribution_by_region_style.csv,hs_recruit_position_distribution_by_region_style,weight_distribution,92,hs_recruit_position_distribution_by_region_style:92,"{""region_style"":""national_default"",""generation_position"":""RB"",""weight_multiplier"":""1.0"",""notes"":""Apply after base/star-band weights and normalize within eligible rows.""}"
high_school_recruits,hs_recruit_position_distribution_by_region_style.csv,hs_recruit_position_distribution_by_region_style,weight_distribution,93,hs_recruit_position_distribution_by_region_style:93,"{""region_style"":""national_default"",""generation_position"":""WR"",""weight_multiplier"":""1.0"",""notes"":""Apply after base/star-band weights and normalize within eligible rows.""}"
high_school_recruits,hs_recruit_position_distribution_by_region_style.csv,hs_recruit_position_distribution_by_region_style,weight_distribution,94,hs_recruit_position_distribution_by_region_style:94,"{""region_style"":""national_default"",""generation_position"":""OT"",""weight_multiplier"":""1.0"",""notes"":""Apply after base/star-band weights and normalize within eligible rows.""}"
high_school_recruits,hs_recruit_position_distribution_by_region_style.csv,hs_recruit_position_distribution_by_region_style,weight_distribution,95,hs_recruit_position_distribution_by_region_style:95,"{""region_style"":""national_default"",""generation_position"":""IOL"",""weight_multiplier"":""1.0"",""notes"":""Apply after base/star-band weights and normalize within eligible rows.""}"
high_school_recruits,hs_recruit_position_distribution_by_region_style.csv,hs_recruit_position_distribution_by_region_style,weight_distribution,96,hs_recruit_position_distribution_by_region_style:96,"{""region_style"":""national_default"",""generation_position"":""TE"",""weight_multiplier"":""1.0"",""notes"":""Apply after base/star-band weights and normalize within eligible rows.""}"
high_school_recruits,hs_recruit_position_distribution_by_region_style.csv,hs_recruit_position_distribution_by_region_style,weight_distribution,97,hs_recruit_position_distribution_by_region_style:97,"{""region_style"":""national_default"",""generation_position"":""EDGE"",""weight_multiplier"":""1.0"",""notes"":""Apply after base/star-band weights and normalize within eligible rows.""}"
high_school_recruits,hs_recruit_position_distribution_by_region_style.csv,hs_recruit_position_distribution_by_region_style,weight_distribution,98,hs_recruit_position_distribution_by_region_style:98,"{""region_style"":""national_default"",""generation_position"":""DL"",""weight_multiplier"":""1.0"",""notes"":""Apply after base/star-band weights and normalize within eligible rows.""}"
high_school_recruits,hs_recruit_position_distribution_by_region_style.csv,hs_recruit_position_distribution_by_region_style,weight_distribution,99,hs_recruit_position_distribution_by_region_style:99,"{""region_style"":""national_default"",""generation_position"":""LB"",""weight_multiplier"":""1.0"",""notes"":""Apply after base/star-band weights and normalize within eligible rows.""}"
high_school_recruits,hs_recruit_position_distribution_by_region_style.csv,hs_recruit_position_distribution_by_region_style,weight_distribution,100,hs_recruit_position_distribution_by_region_style:100,"{""region_style"":""national_default"",""generation_position"":""CB"",""weight_multiplier"":""1.0"",""notes"":""Apply after base/star-band weights and normalize within eligible rows.""}"
high_school_recruits,hs_recruit_position_distribution_by_region_style.csv,hs_recruit_position_distribution_by_region_style,weight_distribution,101,hs_recruit_position_distribution_by_region_style:101,"{""region_style"":""national_default"",""generation_position"":""S"",""weight_multiplier"":""1.0"",""notes"":""Apply after base/star-band weights and normalize within eligible rows.""}"
high_school_recruits,hs_recruit_position_distribution_by_region_style.csv,hs_recruit_position_distribution_by_region_style,weight_distribution,102,hs_recruit_position_distribution_by_region_style:102,"{""region_style"":""national_default"",""generation_position"":""ATH"",""weight_multiplier"":""1.0"",""notes"":""Apply after base/star-band weights and normalize within eligible rows.""}"
high_school_recruits,hs_recruit_position_distribution_by_region_style.csv,hs_recruit_position_distribution_by_region_style,weight_distribution,103,hs_recruit_position_distribution_by_region_style:103,"{""region_style"":""national_default"",""generation_position"":""K"",""weight_multiplier"":""1.0"",""notes"":""Apply after base/star-band weights and normalize within eligible rows.""}"
high_school_recruits,hs_recruit_position_distribution_by_region_style.csv,hs_recruit_position_distribution_by_region_style,weight_distribution,104,hs_recruit_position_distribution_by_region_style:104,"{""region_style"":""national_default"",""generation_position"":""P"",""weight_multiplier"":""1.0"",""notes"":""Apply after base/star-band weights and normalize within eligible rows.""}"
high_school_recruits,hs_recruit_position_distribution_by_region_style.csv,hs_recruit_position_distribution_by_region_style,weight_distribution,105,hs_recruit_position_distribution_by_region_style:105,"{""region_style"":""national_default"",""generation_position"":""ST"",""weight_multiplier"":""1.0"",""notes"":""Apply after base/star-band weights and normalize within eligible rows.""}"
high_school_recruits,hs_recruit_position_distribution_by_star_band.csv,hs_recruit_position_distribution_by_star_band,weight_distribution,1,hs_recruit_position_distribution_by_star_band:1,"{""star_band"":""five_star"",""generation_position"":""QB"",""weight"":""0.122727"",""tuning_intent"":""premium_position_bias"",""notes"":""Higher star bands slightly overweight premium and high-visibility positions; lower bands move closer to broader depth/specialist distribution.""}"
high_school_recruits,hs_recruit_position_distribution_by_star_band.csv,hs_recruit_position_distribution_by_star_band,weight_distribution,2,hs_recruit_position_distribution_by_star_band:2,"{""star_band"":""five_star"",""generation_position"":""RB"",""weight"":""0.054545"",""tuning_intent"":""depth_and_late_scouting_bias"",""notes"":""Higher star bands slightly overweight premium and high-visibility positions; lower bands move closer to broader depth/specialist distribution.""}"
high_school_recruits,hs_recruit_position_distribution_by_star_band.csv,hs_recruit_position_distribution_by_star_band,weight_distribution,3,hs_recruit_position_distribution_by_star_band:3,"{""star_band"":""five_star"",""generation_position"":""WR"",""weight"":""0.118182"",""tuning_intent"":""premium_position_bias"",""notes"":""Higher star bands slightly overweight premium and high-visibility positions; lower bands move closer to broader depth/specialist distribution.""}"
high_school_recruits,hs_recruit_position_distribution_by_star_band.csv,hs_recruit_position_distribution_by_star_band,weight_distribution,4,hs_recruit_position_distribution_by_star_band:4,"{""star_band"":""five_star"",""generation_position"":""OT"",""weight"":""0.104545"",""tuning_intent"":""premium_position_bias"",""notes"":""Higher star bands slightly overweight premium and high-visibility positions; lower bands move closer to broader depth/specialist distribution.""}"
high_school_recruits,hs_recruit_position_distribution_by_star_band.csv,hs_recruit_position_distribution_by_star_band,weight_distribution,5,hs_recruit_position_distribution_by_star_band:5,"{""star_band"":""five_star"",""generation_position"":""IOL"",""weight"":""0.05"",""tuning_intent"":""depth_and_late_scouting_bias"",""notes"":""Higher star bands slightly overweight premium and high-visibility positions; lower bands move closer to broader depth/specialist distribution.""}"
high_school_recruits,hs_recruit_position_distribution_by_star_band.csv,hs_recruit_position_distribution_by_star_band,weight_distribution,6,hs_recruit_position_distribution_by_star_band:6,"{""star_band"":""five_star"",""generation_position"":""TE"",""weight"":""0.040909"",""tuning_intent"":""depth_and_late_scouting_bias"",""notes"":""Higher star bands slightly overweight premium and high-visibility positions; lower bands move closer to broader depth/specialist distribution.""}"
high_school_recruits,hs_recruit_position_distribution_by_star_band.csv,hs_recruit_position_distribution_by_star_band,weight_distribution,7,hs_recruit_position_distribution_by_star_band:7,"{""star_band"":""five_star"",""generation_position"":""EDGE"",""weight"":""0.131818"",""tuning_intent"":""premium_position_bias"",""notes"":""Higher star bands slightly overweight premium and high-visibility positions; lower bands move closer to broader depth/specialist distribution.""}"
high_school_recruits,hs_recruit_position_distribution_by_star_band.csv,hs_recruit_position_distribution_by_star_band,weight_distribution,8,hs_recruit_position_distribution_by_star_band:8,"{""star_band"":""five_star"",""generation_position"":""DL"",""weight"":""0.081818"",""tuning_intent"":""depth_and_late_scouting_bias"",""notes"":""Higher star bands slightly overweight premium and high-visibility positions; lower bands move closer to broader depth/specialist distribution.""}"
high_school_recruits,hs_recruit_position_distribution_by_star_band.csv,hs_recruit_position_distribution_by_star_band,weight_distribution,9,hs_recruit_position_distribution_by_star_band:9,"{""star_band"":""five_star"",""generation_position"":""LB"",""weight"":""0.059091"",""tuning_intent"":""depth_and_late_scouting_bias"",""notes"":""Higher star bands slightly overweight premium and high-visibility positions; lower bands move closer to broader depth/specialist distribution.""}"
high_school_recruits,hs_recruit_position_distribution_by_star_band.csv,hs_recruit_position_distribution_by_star_band,weight_distribution,10,hs_recruit_position_distribution_by_star_band:10,"{""star_band"":""five_star"",""generation_position"":""CB"",""weight"":""0.095455"",""tuning_intent"":""premium_position_bias"",""notes"":""Higher star bands slightly overweight premium and high-visibility positions; lower bands move closer to broader depth/specialist distribution.""}"
high_school_recruits,hs_recruit_position_distribution_by_star_band.csv,hs_recruit_position_distribution_by_star_band,weight_distribution,11,hs_recruit_position_distribution_by_star_band:11,"{""star_band"":""five_star"",""generation_position"":""S"",""weight"":""0.045455"",""tuning_intent"":""depth_and_late_scouting_bias"",""notes"":""Higher star bands slightly overweight premium and high-visibility positions; lower bands move closer to broader depth/specialist distribution.""}"
high_school_recruits,hs_recruit_position_distribution_by_star_band.csv,hs_recruit_position_distribution_by_star_band,weight_distribution,12,hs_recruit_position_distribution_by_star_band:12,"{""star_band"":""five_star"",""generation_position"":""ATH"",""weight"":""0.095455"",""tuning_intent"":""premium_position_bias"",""notes"":""Higher star bands slightly overweight premium and high-visibility positions; lower bands move closer to broader depth/specialist distribution.""}"
high_school_recruits,hs_recruit_position_distribution_by_star_band.csv,hs_recruit_position_distribution_by_star_band,weight_distribution,13,hs_recruit_position_distribution_by_star_band:13,"{""star_band"":""five_star"",""generation_position"":""K"",""weight"":""0.0"",""tuning_intent"":""depth_and_late_scouting_bias"",""notes"":""Higher star bands slightly overweight premium and high-visibility positions; lower bands move closer to broader depth/specialist distribution.""}"
high_school_recruits,hs_recruit_position_distribution_by_star_band.csv,hs_recruit_position_distribution_by_star_band,weight_distribution,14,hs_recruit_position_distribution_by_star_band:14,"{""star_band"":""five_star"",""generation_position"":""P"",""weight"":""0.0"",""tuning_intent"":""depth_and_late_scouting_bias"",""notes"":""Higher star bands slightly overweight premium and high-visibility positions; lower bands move closer to broader depth/specialist distribution.""}"
high_school_recruits,hs_recruit_position_distribution_by_star_band.csv,hs_recruit_position_distribution_by_star_band,weight_distribution,15,hs_recruit_position_distribution_by_star_band:15,"{""star_band"":""five_star"",""generation_position"":""ST"",""weight"":""0.0"",""tuning_intent"":""depth_and_late_scouting_bias"",""notes"":""Higher star bands slightly overweight premium and high-visibility positions; lower bands move closer to broader depth/specialist distribution.""}"
high_school_recruits,hs_recruit_position_distribution_by_star_band.csv,hs_recruit_position_distribution_by_star_band,weight_distribution,16,hs_recruit_position_distribution_by_star_band:16,"{""star_band"":""four_star"",""generation_position"":""QB"",""weight"":""0.073529"",""tuning_intent"":""premium_position_bias"",""notes"":""Higher star bands slightly overweight premium and high-visibility positions; lower bands move closer to broader depth/specialist distribution.""}"
high_school_recruits,hs_recruit_position_distribution_by_star_band.csv,hs_recruit_position_distribution_by_star_band,weight_distribution,17,hs_recruit_position_distribution_by_star_band:17,"{""star_band"":""four_star"",""generation_position"":""RB"",""weight"":""0.063725"",""tuning_intent"":""depth_and_late_scouting_bias"",""notes"":""Higher star bands slightly overweight premium and high-visibility positions; lower bands move closer to broader depth/specialist distribution.""}"
high_school_recruits,hs_recruit_position_distribution_by_star_band.csv,hs_recruit_position_distribution_by_star_band,weight_distribution,18,hs_recruit_position_distribution_by_star_band:18,"{""star_band"":""four_star"",""generation_position"":""WR"",""weight"":""0.132353"",""tuning_intent"":""premium_position_bias"",""notes"":""Higher star bands slightly overweight premium and high-visibility positions; lower bands move closer to broader depth/specialist distribution.""}"
high_school_recruits,hs_recruit_position_distribution_by_star_band.csv,hs_recruit_position_distribution_by_star_band,weight_distribution,19,hs_recruit_position_distribution_by_star_band:19,"{""star_band"":""four_star"",""generation_position"":""OT"",""weight"":""0.093137"",""tuning_intent"":""premium_position_bias"",""notes"":""Higher star bands slightly overweight premium and high-visibility positions; lower bands move closer to broader depth/specialist distribution.""}"
high_school_recruits,hs_recruit_position_distribution_by_star_band.csv,hs_recruit_position_distribution_by_star_band,weight_distribution,20,hs_recruit_position_distribution_by_star_band:20,"{""star_band"":""four_star"",""generation_position"":""IOL"",""weight"":""0.078431"",""tuning_intent"":""depth_and_late_scouting_bias"",""notes"":""Higher star bands slightly overweight premium and high-visibility positions; lower bands move closer to broader depth/specialist distribution.""}"
high_school_recruits,hs_recruit_position_distribution_by_star_band.csv,hs_recruit_position_distribution_by_star_band,weight_distribution,21,hs_recruit_position_distribution_by_star_band:21,"{""star_band"":""four_star"",""generation_position"":""TE"",""weight"":""0.04902"",""tuning_intent"":""depth_and_late_scouting_bias"",""notes"":""Higher star bands slightly overweight premium and high-visibility positions; lower bands move closer to broader depth/specialist distribution.""}"
high_school_recruits,hs_recruit_position_distribution_by_star_band.csv,hs_recruit_position_distribution_by_star_band,weight_distribution,22,hs_recruit_position_distribution_by_star_band:22,"{""star_band"":""four_star"",""generation_position"":""EDGE"",""weight"":""0.093137"",""tuning_intent"":""premium_position_bias"",""notes"":""Higher star bands slightly overweight premium and high-visibility positions; lower bands move closer to broader depth/specialist distribution.""}"
high_school_recruits,hs_recruit_position_distribution_by_star_band.csv,hs_recruit_position_distribution_by_star_band,weight_distribution,23,hs_recruit_position_distribution_by_star_band:23,"{""star_band"":""four_star"",""generation_position"":""DL"",""weight"":""0.093137"",""tuning_intent"":""depth_and_late_scouting_bias"",""notes"":""Higher star bands slightly overweight premium and high-visibility positions; lower bands move closer to broader depth/specialist distribution.""}"
high_school_recruits,hs_recruit_position_distribution_by_star_band.csv,hs_recruit_position_distribution_by_star_band,weight_distribution,24,hs_recruit_position_distribution_by_star_band:24,"{""star_band"":""four_star"",""generation_position"":""LB"",""weight"":""0.078431"",""tuning_intent"":""depth_and_late_scouting_bias"",""notes"":""Higher star bands slightly overweight premium and high-visibility positions; lower bands move closer to broader depth/specialist distribution.""}"
high_school_recruits,hs_recruit_position_distribution_by_star_band.csv,hs_recruit_position_distribution_by_star_band,weight_distribution,25,hs_recruit_position_distribution_by_star_band:25,"{""star_band"":""four_star"",""generation_position"":""CB"",""weight"":""0.093137"",""tuning_intent"":""premium_position_bias"",""notes"":""Higher star bands slightly overweight premium and high-visibility positions; lower bands move closer to broader depth/specialist distribution.""}"
high_school_recruits,hs_recruit_position_distribution_by_star_band.csv,hs_recruit_position_distribution_by_star_band,weight_distribution,26,hs_recruit_position_distribution_by_star_band:26,"{""star_band"":""four_star"",""generation_position"":""S"",""weight"":""0.073529"",""tuning_intent"":""depth_and_late_scouting_bias"",""notes"":""Higher star bands slightly overweight premium and high-visibility positions; lower bands move closer to broader depth/specialist distribution.""}"
high_school_recruits,hs_recruit_position_distribution_by_star_band.csv,hs_recruit_position_distribution_by_star_band,weight_distribution,27,hs_recruit_position_distribution_by_star_band:27,"{""star_band"":""four_star"",""generation_position"":""ATH"",""weight"":""0.068627"",""tuning_intent"":""premium_position_bias"",""notes"":""Higher star bands slightly overweight premium and high-visibility positions; lower bands move closer to broader depth/specialist distribution.""}"
high_school_recruits,hs_recruit_position_distribution_by_star_band.csv,hs_recruit_position_distribution_by_star_band,weight_distribution,28,hs_recruit_position_distribution_by_star_band:28,"{""star_band"":""four_star"",""generation_position"":""K"",""weight"":""0.004902"",""tuning_intent"":""depth_and_late_scouting_bias"",""notes"":""Higher star bands slightly overweight premium and high-visibility positions; lower bands move closer to broader depth/specialist distribution.""}"
high_school_recruits,hs_recruit_position_distribution_by_star_band.csv,hs_recruit_position_distribution_by_star_band,weight_distribution,29,hs_recruit_position_distribution_by_star_band:29,"{""star_band"":""four_star"",""generation_position"":""P"",""weight"":""0.004902"",""tuning_intent"":""depth_and_late_scouting_bias"",""notes"":""Higher star bands slightly overweight premium and high-visibility positions; lower bands move closer to broader depth/specialist distribution.""}"
high_school_recruits,hs_recruit_position_distribution_by_star_band.csv,hs_recruit_position_distribution_by_star_band,weight_distribution,30,hs_recruit_position_distribution_by_star_band:30,"{""star_band"":""four_star"",""generation_position"":""ST"",""weight"":""0.0"",""tuning_intent"":""depth_and_late_scouting_bias"",""notes"":""Higher star bands slightly overweight premium and high-visibility positions; lower bands move closer to broader depth/specialist distribution.""}"
high_school_recruits,hs_recruit_position_distribution_by_star_band.csv,hs_recruit_position_distribution_by_star_band,weight_distribution,31,hs_recruit_position_distribution_by_star_band:31,"{""star_band"":""high_three"",""generation_position"":""QB"",""weight"":""0.06"",""tuning_intent"":""base_distribution"",""notes"":""Higher star bands slightly overweight premium and high-visibility positions; lower bands move closer to broader depth/specialist distribution.""}"
high_school_recruits,hs_recruit_position_distribution_by_star_band.csv,hs_recruit_position_distribution_by_star_band,weight_distribution,32,hs_recruit_position_distribution_by_star_band:32,"{""star_band"":""high_three"",""generation_position"":""RB"",""weight"":""0.068"",""tuning_intent"":""base_distribution"",""notes"":""Higher star bands slightly overweight premium and high-visibility positions; lower bands move closer to broader depth/specialist distribution.""}"
high_school_recruits,hs_recruit_position_distribution_by_star_band.csv,hs_recruit_position_distribution_by_star_band,weight_distribution,33,hs_recruit_position_distribution_by_star_band:33,"{""star_band"":""high_three"",""generation_position"":""WR"",""weight"":""0.14"",""tuning_intent"":""base_distribution"",""notes"":""Higher star bands slightly overweight premium and high-visibility positions; lower bands move closer to broader depth/specialist distribution.""}"
high_school_recruits,hs_recruit_position_distribution_by_star_band.csv,hs_recruit_position_distribution_by_star_band,weight_distribution,34,hs_recruit_position_distribution_by_star_band:34,"{""star_band"":""high_three"",""generation_position"":""OT"",""weight"":""0.08"",""tuning_intent"":""base_distribution"",""notes"":""Higher star bands slightly overweight premium and high-visibility positions; lower bands move closer to broader depth/specialist distribution.""}"
high_school_recruits,hs_recruit_position_distribution_by_star_band.csv,hs_recruit_position_distribution_by_star_band,weight_distribution,35,hs_recruit_position_distribution_by_star_band:35,"{""star_band"":""high_three"",""generation_position"":""IOL"",""weight"":""0.092"",""tuning_intent"":""base_distribution"",""notes"":""Higher star bands slightly overweight premium and high-visibility positions; lower bands move closer to broader depth/specialist distribution.""}"
high_school_recruits,hs_recruit_position_distribution_by_star_band.csv,hs_recruit_position_distribution_by_star_band,weight_distribution,36,hs_recruit_position_distribution_by_star_band:36,"{""star_band"":""high_three"",""generation_position"":""TE"",""weight"":""0.055"",""tuning_intent"":""base_distribution"",""notes"":""Higher star bands slightly overweight premium and high-visibility positions; lower bands move closer to broader depth/specialist distribution.""}"
high_school_recruits,hs_recruit_position_distribution_by_star_band.csv,hs_recruit_position_distribution_by_star_band,weight_distribution,37,hs_recruit_position_distribution_by_star_band:37,"{""star_band"":""high_three"",""generation_position"":""EDGE"",""weight"":""0.078"",""tuning_intent"":""base_distribution"",""notes"":""Higher star bands slightly overweight premium and high-visibility positions; lower bands move closer to broader depth/specialist distribution.""}"
high_school_recruits,hs_recruit_position_distribution_by_star_band.csv,hs_recruit_position_distribution_by_star_band,weight_distribution,38,hs_recruit_position_distribution_by_star_band:38,"{""star_band"":""high_three"",""generation_position"":""DL"",""weight"":""0.1"",""tuning_intent"":""base_distribution"",""notes"":""Higher star bands slightly overweight premium and high-visibility positions; lower bands move closer to broader depth/specialist distribution.""}"
high_school_recruits,hs_recruit_position_distribution_by_star_band.csv,hs_recruit_position_distribution_by_star_band,weight_distribution,39,hs_recruit_position_distribution_by_star_band:39,"{""star_band"":""high_three"",""generation_position"":""LB"",""weight"":""0.09"",""tuning_intent"":""base_distribution"",""notes"":""Higher star bands slightly overweight premium and high-visibility positions; lower bands move closer to broader depth/specialist distribution.""}"
high_school_recruits,hs_recruit_position_distribution_by_star_band.csv,hs_recruit_position_distribution_by_star_band,weight_distribution,40,hs_recruit_position_distribution_by_star_band:40,"{""star_band"":""high_three"",""generation_position"":""CB"",""weight"":""0.088"",""tuning_intent"":""base_distribution"",""notes"":""Higher star bands slightly overweight premium and high-visibility positions; lower bands move closer to broader depth/specialist distribution.""}"
high_school_recruits,hs_recruit_position_distribution_by_star_band.csv,hs_recruit_position_distribution_by_star_band,weight_distribution,41,hs_recruit_position_distribution_by_star_band:41,"{""star_band"":""high_three"",""generation_position"":""S"",""weight"":""0.088"",""tuning_intent"":""base_distribution"",""notes"":""Higher star bands slightly overweight premium and high-visibility positions; lower bands move closer to broader depth/specialist distribution.""}"
high_school_recruits,hs_recruit_position_distribution_by_star_band.csv,hs_recruit_position_distribution_by_star_band,weight_distribution,42,hs_recruit_position_distribution_by_star_band:42,"{""star_band"":""high_three"",""generation_position"":""ATH"",""weight"":""0.052"",""tuning_intent"":""base_distribution"",""notes"":""Higher star bands slightly overweight premium and high-visibility positions; lower bands move closer to broader depth/specialist distribution.""}"
high_school_recruits,hs_recruit_position_distribution_by_star_band.csv,hs_recruit_position_distribution_by_star_band,weight_distribution,43,hs_recruit_position_distribution_by_star_band:43,"{""star_band"":""high_three"",""generation_position"":""K"",""weight"":""0.006"",""tuning_intent"":""base_distribution"",""notes"":""Higher star bands slightly overweight premium and high-visibility positions; lower bands move closer to broader depth/specialist distribution.""}"
high_school_recruits,hs_recruit_position_distribution_by_star_band.csv,hs_recruit_position_distribution_by_star_band,weight_distribution,44,hs_recruit_position_distribution_by_star_band:44,"{""star_band"":""high_three"",""generation_position"":""P"",""weight"":""0.003"",""tuning_intent"":""base_distribution"",""notes"":""Higher star bands slightly overweight premium and high-visibility positions; lower bands move closer to broader depth/specialist distribution.""}"
high_school_recruits,hs_recruit_position_distribution_by_star_band.csv,hs_recruit_position_distribution_by_star_band,weight_distribution,45,hs_recruit_position_distribution_by_star_band:45,"{""star_band"":""high_three"",""generation_position"":""ST"",""weight"":""0.0"",""tuning_intent"":""base_distribution"",""notes"":""Higher star bands slightly overweight premium and high-visibility positions; lower bands move closer to broader depth/specialist distribution.""}"
high_school_recruits,hs_recruit_position_distribution_by_star_band.csv,hs_recruit_position_distribution_by_star_band,weight_distribution,46,hs_recruit_position_distribution_by_star_band:46,"{""star_band"":""mid_three"",""generation_position"":""QB"",""weight"":""0.055"",""tuning_intent"":""base_distribution"",""notes"":""Higher star bands slightly overweight premium and high-visibility positions; lower bands move closer to broader depth/specialist distribution.""}"
high_school_recruits,hs_recruit_position_distribution_by_star_band.csv,hs_recruit_position_distribution_by_star_band,weight_distribution,47,hs_recruit_position_distribution_by_star_band:47,"{""star_band"":""mid_three"",""generation_position"":""RB"",""weight"":""0.066"",""tuning_intent"":""base_distribution"",""notes"":""Higher star bands slightly overweight premium and high-visibility positions; lower bands move closer to broader depth/specialist distribution.""}"
high_school_recruits,hs_recruit_position_distribution_by_star_band.csv,hs_recruit_position_distribution_by_star_band,weight_distribution,48,hs_recruit_position_distribution_by_star_band:48,"{""star_band"":""mid_three"",""generation_position"":""WR"",""weight"":""0.137"",""tuning_intent"":""base_distribution"",""notes"":""Higher star bands slightly overweight premium and high-visibility positions; lower bands move closer to broader depth/specialist distribution.""}"
high_school_recruits,hs_recruit_position_distribution_by_star_band.csv,hs_recruit_position_distribution_by_star_band,weight_distribution,49,hs_recruit_position_distribution_by_star_band:49,"{""star_band"":""mid_three"",""generation_position"":""OT"",""weight"":""0.073"",""tuning_intent"":""base_distribution"",""notes"":""Higher star bands slightly overweight premium and high-visibility positions; lower bands move closer to broader depth/specialist distribution.""}"
high_school_recruits,hs_recruit_position_distribution_by_star_band.csv,hs_recruit_position_distribution_by_star_band,weight_distribution,50,hs_recruit_position_distribution_by_star_band:50,"{""star_band"":""mid_three"",""generation_position"":""IOL"",""weight"":""0.091"",""tuning_intent"":""base_distribution"",""notes"":""Higher star bands slightly overweight premium and high-visibility positions; lower bands move closer to broader depth/specialist distribution.""}"
high_school_recruits,hs_recruit_position_distribution_by_star_band.csv,hs_recruit_position_distribution_by_star_band,weight_distribution,51,hs_recruit_position_distribution_by_star_band:51,"{""star_band"":""mid_three"",""generation_position"":""TE"",""weight"":""0.054"",""tuning_intent"":""base_distribution"",""notes"":""Higher star bands slightly overweight premium and high-visibility positions; lower bands move closer to broader depth/specialist distribution.""}"
high_school_recruits,hs_recruit_position_distribution_by_star_band.csv,hs_recruit_position_distribution_by_star_band,weight_distribution,52,hs_recruit_position_distribution_by_star_band:52,"{""star_band"":""mid_three"",""generation_position"":""EDGE"",""weight"":""0.073"",""tuning_intent"":""base_distribution"",""notes"":""Higher star bands slightly overweight premium and high-visibility positions; lower bands move closer to broader depth/specialist distribution.""}"
high_school_recruits,hs_recruit_position_distribution_by_star_band.csv,hs_recruit_position_distribution_by_star_band,weight_distribution,53,hs_recruit_position_distribution_by_star_band:53,"{""star_band"":""mid_three"",""generation_position"":""DL"",""weight"":""0.096"",""tuning_intent"":""base_distribution"",""notes"":""Higher star bands slightly overweight premium and high-visibility positions; lower bands move closer to broader depth/specialist distribution.""}"
high_school_recruits,hs_recruit_position_distribution_by_star_band.csv,hs_recruit_position_distribution_by_star_band,weight_distribution,54,hs_recruit_position_distribution_by_star_band:54,"{""star_band"":""mid_three"",""generation_position"":""LB"",""weight"":""0.09"",""tuning_intent"":""base_distribution"",""notes"":""Higher star bands slightly overweight premium and high-visibility positions; lower bands move closer to broader depth/specialist distribution.""}"
high_school_recruits,hs_recruit_position_distribution_by_star_band.csv,hs_recruit_position_distribution_by_star_band,weight_distribution,55,hs_recruit_position_distribution_by_star_band:55,"{""star_band"":""mid_three"",""generation_position"":""CB"",""weight"":""0.087"",""tuning_intent"":""base_distribution"",""notes"":""Higher star bands slightly overweight premium and high-visibility positions; lower bands move closer to broader depth/specialist distribution.""}"
high_school_recruits,hs_recruit_position_distribution_by_star_band.csv,hs_recruit_position_distribution_by_star_band,weight_distribution,56,hs_recruit_position_distribution_by_star_band:56,"{""star_band"":""mid_three"",""generation_position"":""S"",""weight"":""0.088"",""tuning_intent"":""base_distribution"",""notes"":""Higher star bands slightly overweight premium and high-visibility positions; lower bands move closer to broader depth/specialist distribution.""}"
high_school_recruits,hs_recruit_position_distribution_by_star_band.csv,hs_recruit_position_distribution_by_star_band,weight_distribution,57,hs_recruit_position_distribution_by_star_band:57,"{""star_band"":""mid_three"",""generation_position"":""ATH"",""weight"":""0.076"",""tuning_intent"":""base_distribution"",""notes"":""Higher star bands slightly overweight premium and high-visibility positions; lower bands move closer to broader depth/specialist distribution.""}"
high_school_recruits,hs_recruit_position_distribution_by_star_band.csv,hs_recruit_position_distribution_by_star_band,weight_distribution,58,hs_recruit_position_distribution_by_star_band:58,"{""star_band"":""mid_three"",""generation_position"":""K"",""weight"":""0.008"",""tuning_intent"":""base_distribution"",""notes"":""Higher star bands slightly overweight premium and high-visibility positions; lower bands move closer to broader depth/specialist distribution.""}"
high_school_recruits,hs_recruit_position_distribution_by_star_band.csv,hs_recruit_position_distribution_by_star_band,weight_distribution,59,hs_recruit_position_distribution_by_star_band:59,"{""star_band"":""mid_three"",""generation_position"":""P"",""weight"":""0.004"",""tuning_intent"":""base_distribution"",""notes"":""Higher star bands slightly overweight premium and high-visibility positions; lower bands move closer to broader depth/specialist distribution.""}"
high_school_recruits,hs_recruit_position_distribution_by_star_band.csv,hs_recruit_position_distribution_by_star_band,weight_distribution,60,hs_recruit_position_distribution_by_star_band:60,"{""star_band"":""mid_three"",""generation_position"":""ST"",""weight"":""0.002"",""tuning_intent"":""base_distribution"",""notes"":""Higher star bands slightly overweight premium and high-visibility positions; lower bands move closer to broader depth/specialist distribution.""}"
high_school_recruits,hs_recruit_position_distribution_by_star_band.csv,hs_recruit_position_distribution_by_star_band,weight_distribution,61,hs_recruit_position_distribution_by_star_band:61,"{""star_band"":""low_three"",""generation_position"":""QB"",""weight"":""0.05"",""tuning_intent"":""depth_and_late_scouting_bias"",""notes"":""Higher star bands slightly overweight premium and high-visibility positions; lower bands move closer to broader depth/specialist distribution.""}"
high_school_recruits,hs_recruit_position_distribution_by_star_band.csv,hs_recruit_position_distribution_by_star_band,weight_distribution,62,hs_recruit_position_distribution_by_star_band:62,"{""star_band"":""low_three"",""generation_position"":""RB"",""weight"":""0.064"",""tuning_intent"":""depth_and_late_scouting_bias"",""notes"":""Higher star bands slightly overweight premium and high-visibility positions; lower bands move closer to broader depth/specialist distribution.""}"
high_school_recruits,hs_recruit_position_distribution_by_star_band.csv,hs_recruit_position_distribution_by_star_band,weight_distribution,63,hs_recruit_position_distribution_by_star_band:63,"{""star_band"":""low_three"",""generation_position"":""WR"",""weight"":""0.135"",""tuning_intent"":""depth_and_late_scouting_bias"",""notes"":""Higher star bands slightly overweight premium and high-visibility positions; lower bands move closer to broader depth/specialist distribution.""}"
high_school_recruits,hs_recruit_position_distribution_by_star_band.csv,hs_recruit_position_distribution_by_star_band,weight_distribution,64,hs_recruit_position_distribution_by_star_band:64,"{""star_band"":""low_three"",""generation_position"":""OT"",""weight"":""0.069"",""tuning_intent"":""depth_and_late_scouting_bias"",""notes"":""Higher star bands slightly overweight premium and high-visibility positions; lower bands move closer to broader depth/specialist distribution.""}"
high_school_recruits,hs_recruit_position_distribution_by_star_band.csv,hs_recruit_position_distribution_by_star_band,weight_distribution,65,hs_recruit_position_distribution_by_star_band:65,"{""star_band"":""low_three"",""generation_position"":""IOL"",""weight"":""0.092"",""tuning_intent"":""depth_and_late_scouting_bias"",""notes"":""Higher star bands slightly overweight premium and high-visibility positions; lower bands move closer to broader depth/specialist distribution.""}"
high_school_recruits,hs_recruit_position_distribution_by_star_band.csv,hs_recruit_position_distribution_by_star_band,weight_distribution,66,hs_recruit_position_distribution_by_star_band:66,"{""star_band"":""low_three"",""generation_position"":""TE"",""weight"":""0.055"",""tuning_intent"":""depth_and_late_scouting_bias"",""notes"":""Higher star bands slightly overweight premium and high-visibility positions; lower bands move closer to broader depth/specialist distribution.""}"
high_school_recruits,hs_recruit_position_distribution_by_star_band.csv,hs_recruit_position_distribution_by_star_band,weight_distribution,67,hs_recruit_position_distribution_by_star_band:67,"{""star_band"":""low_three"",""generation_position"":""EDGE"",""weight"":""0.067"",""tuning_intent"":""depth_and_late_scouting_bias"",""notes"":""Higher star bands slightly overweight premium and high-visibility positions; lower bands move closer to broader depth/specialist distribution.""}"
high_school_recruits,hs_recruit_position_distribution_by_star_band.csv,hs_recruit_position_distribution_by_star_band,weight_distribution,68,hs_recruit_position_distribution_by_star_band:68,"{""star_band"":""low_three"",""generation_position"":""DL"",""weight"":""0.096"",""tuning_intent"":""depth_and_late_scouting_bias"",""notes"":""Higher star bands slightly overweight premium and high-visibility positions; lower bands move closer to broader depth/specialist distribution.""}"
high_school_recruits,hs_recruit_position_distribution_by_star_band.csv,hs_recruit_position_distribution_by_star_band,weight_distribution,69,hs_recruit_position_distribution_by_star_band:69,"{""star_band"":""low_three"",""generation_position"":""LB"",""weight"":""0.094"",""tuning_intent"":""depth_and_late_scouting_bias"",""notes"":""Higher star bands slightly overweight premium and high-visibility positions; lower bands move closer to broader depth/specialist distribution.""}"
high_school_recruits,hs_recruit_position_distribution_by_star_band.csv,hs_recruit_position_distribution_by_star_band,weight_distribution,70,hs_recruit_position_distribution_by_star_band:70,"{""star_band"":""low_three"",""generation_position"":""CB"",""weight"":""0.088"",""tuning_intent"":""depth_and_late_scouting_bias"",""notes"":""Higher star bands slightly overweight premium and high-visibility positions; lower bands move closer to broader depth/specialist distribution.""}"
high_school_recruits,hs_recruit_position_distribution_by_star_band.csv,hs_recruit_position_distribution_by_star_band,weight_distribution,71,hs_recruit_position_distribution_by_star_band:71,"{""star_band"":""low_three"",""generation_position"":""S"",""weight"":""0.09"",""tuning_intent"":""depth_and_late_scouting_bias"",""notes"":""Higher star bands slightly overweight premium and high-visibility positions; lower bands move closer to broader depth/specialist distribution.""}"
high_school_recruits,hs_recruit_position_distribution_by_star_band.csv,hs_recruit_position_distribution_by_star_band,weight_distribution,72,hs_recruit_position_distribution_by_star_band:72,"{""star_band"":""low_three"",""generation_position"":""ATH"",""weight"":""0.08"",""tuning_intent"":""depth_and_late_scouting_bias"",""notes"":""Higher star bands slightly overweight premium and high-visibility positions; lower bands move closer to broader depth/specialist distribution.""}"
high_school_recruits,hs_recruit_position_distribution_by_star_band.csv,hs_recruit_position_distribution_by_star_band,weight_distribution,73,hs_recruit_position_distribution_by_star_band:73,"{""star_band"":""low_three"",""generation_position"":""K"",""weight"":""0.01"",""tuning_intent"":""depth_and_late_scouting_bias"",""notes"":""Higher star bands slightly overweight premium and high-visibility positions; lower bands move closer to broader depth/specialist distribution.""}"
high_school_recruits,hs_recruit_position_distribution_by_star_band.csv,hs_recruit_position_distribution_by_star_band,weight_distribution,74,hs_recruit_position_distribution_by_star_band:74,"{""star_band"":""low_three"",""generation_position"":""P"",""weight"":""0.006"",""tuning_intent"":""depth_and_late_scouting_bias"",""notes"":""Higher star bands slightly overweight premium and high-visibility positions; lower bands move closer to broader depth/specialist distribution.""}"
high_school_recruits,hs_recruit_position_distribution_by_star_band.csv,hs_recruit_position_distribution_by_star_band,weight_distribution,75,hs_recruit_position_distribution_by_star_band:75,"{""star_band"":""low_three"",""generation_position"":""ST"",""weight"":""0.004"",""tuning_intent"":""depth_and_late_scouting_bias"",""notes"":""Higher star bands slightly overweight premium and high-visibility positions; lower bands move closer to broader depth/specialist distribution.""}"
high_school_recruits,hs_recruit_position_distribution_by_star_band.csv,hs_recruit_position_distribution_by_star_band,weight_distribution,76,hs_recruit_position_distribution_by_star_band:76,"{""star_band"":""two_unranked"",""generation_position"":""QB"",""weight"":""0.045"",""tuning_intent"":""depth_and_late_scouting_bias"",""notes"":""Higher star bands slightly overweight premium and high-visibility positions; lower bands move closer to broader depth/specialist distribution.""}"
high_school_recruits,hs_recruit_position_distribution_by_star_band.csv,hs_recruit_position_distribution_by_star_band,weight_distribution,77,hs_recruit_position_distribution_by_star_band:77,"{""star_band"":""two_unranked"",""generation_position"":""RB"",""weight"":""0.063"",""tuning_intent"":""depth_and_late_scouting_bias"",""notes"":""Higher star bands slightly overweight premium and high-visibility positions; lower bands move closer to broader depth/specialist distribution.""}"
high_school_recruits,hs_recruit_position_distribution_by_star_band.csv,hs_recruit_position_distribution_by_star_band,weight_distribution,78,hs_recruit_position_distribution_by_star_band:78,"{""star_band"":""two_unranked"",""generation_position"":""WR"",""weight"":""0.13"",""tuning_intent"":""depth_and_late_scouting_bias"",""notes"":""Higher star bands slightly overweight premium and high-visibility positions; lower bands move closer to broader depth/specialist distribution.""}"
high_school_recruits,hs_recruit_position_distribution_by_star_band.csv,hs_recruit_position_distribution_by_star_band,weight_distribution,79,hs_recruit_position_distribution_by_star_band:79,"{""star_band"":""two_unranked"",""generation_position"":""OT"",""weight"":""0.066"",""tuning_intent"":""depth_and_late_scouting_bias"",""notes"":""Higher star bands slightly overweight premium and high-visibility positions; lower bands move closer to broader depth/specialist distribution.""}"
high_school_recruits,hs_recruit_position_distribution_by_star_band.csv,hs_recruit_position_distribution_by_star_band,weight_distribution,80,hs_recruit_position_distribution_by_star_band:80,"{""star_band"":""two_unranked"",""generation_position"":""IOL"",""weight"":""0.092"",""tuning_intent"":""depth_and_late_scouting_bias"",""notes"":""Higher star bands slightly overweight premium and high-visibility positions; lower bands move closer to broader depth/specialist distribution.""}"
high_school_recruits,hs_recruit_position_distribution_by_star_band.csv,hs_recruit_position_distribution_by_star_band,weight_distribution,81,hs_recruit_position_distribution_by_star_band:81,"{""star_band"":""two_unranked"",""generation_position"":""TE"",""weight"":""0.055"",""tuning_intent"":""depth_and_late_scouting_bias"",""notes"":""Higher star bands slightly overweight premium and high-visibility positions; lower bands move closer to broader depth/specialist distribution.""}"
high_school_recruits,hs_recruit_position_distribution_by_star_band.csv,hs_recruit_position_distribution_by_star_band,weight_distribution,82,hs_recruit_position_distribution_by_star_band:82,"{""star_band"":""two_unranked"",""generation_position"":""EDGE"",""weight"":""0.06"",""tuning_intent"":""depth_and_late_scouting_bias"",""notes"":""Higher star bands slightly overweight premium and high-visibility positions; lower bands move closer to broader depth/specialist distribution.""}"
high_school_recruits,hs_recruit_position_distribution_by_star_band.csv,hs_recruit_position_distribution_by_star_band,weight_distribution,83,hs_recruit_position_distribution_by_star_band:83,"{""star_band"":""two_unranked"",""generation_position"":""DL"",""weight"":""0.098"",""tuning_intent"":""depth_and_late_scouting_bias"",""notes"":""Higher star bands slightly overweight premium and high-visibility positions; lower bands move closer to broader depth/specialist distribution.""}"
high_school_recruits,hs_recruit_position_distribution_by_star_band.csv,hs_recruit_position_distribution_by_star_band,weight_distribution,84,hs_recruit_position_distribution_by_star_band:84,"{""star_band"":""two_unranked"",""generation_position"":""LB"",""weight"":""0.096"",""tuning_intent"":""depth_and_late_scouting_bias"",""notes"":""Higher star bands slightly overweight premium and high-visibility positions; lower bands move closer to broader depth/specialist distribution.""}"
high_school_recruits,hs_recruit_position_distribution_by_star_band.csv,hs_recruit_position_distribution_by_star_band,weight_distribution,85,hs_recruit_position_distribution_by_star_band:85,"{""star_band"":""two_unranked"",""generation_position"":""CB"",""weight"":""0.088"",""tuning_intent"":""depth_and_late_scouting_bias"",""notes"":""Higher star bands slightly overweight premium and high-visibility positions; lower bands move closer to broader depth/specialist distribution.""}"
high_school_recruits,hs_recruit_position_distribution_by_star_band.csv,hs_recruit_position_distribution_by_star_band,weight_distribution,86,hs_recruit_position_distribution_by_star_band:86,"{""star_band"":""two_unranked"",""generation_position"":""S"",""weight"":""0.09"",""tuning_intent"":""depth_and_late_scouting_bias"",""notes"":""Higher star bands slightly overweight premium and high-visibility positions; lower bands move closer to broader depth/specialist distribution.""}"
high_school_recruits,hs_recruit_position_distribution_by_star_band.csv,hs_recruit_position_distribution_by_star_band,weight_distribution,87,hs_recruit_position_distribution_by_star_band:87,"{""star_band"":""two_unranked"",""generation_position"":""ATH"",""weight"":""0.09"",""tuning_intent"":""depth_and_late_scouting_bias"",""notes"":""Higher star bands slightly overweight premium and high-visibility positions; lower bands move closer to broader depth/specialist distribution.""}"
high_school_recruits,hs_recruit_position_distribution_by_star_band.csv,hs_recruit_position_distribution_by_star_band,weight_distribution,88,hs_recruit_position_distribution_by_star_band:88,"{""star_band"":""two_unranked"",""generation_position"":""K"",""weight"":""0.011"",""tuning_intent"":""depth_and_late_scouting_bias"",""notes"":""Higher star bands slightly overweight premium and high-visibility positions; lower bands move closer to broader depth/specialist distribution.""}"
high_school_recruits,hs_recruit_position_distribution_by_star_band.csv,hs_recruit_position_distribution_by_star_band,weight_distribution,89,hs_recruit_position_distribution_by_star_band:89,"{""star_band"":""two_unranked"",""generation_position"":""P"",""weight"":""0.009"",""tuning_intent"":""depth_and_late_scouting_bias"",""notes"":""Higher star bands slightly overweight premium and high-visibility positions; lower bands move closer to broader depth/specialist distribution.""}"
high_school_recruits,hs_recruit_position_distribution_by_star_band.csv,hs_recruit_position_distribution_by_star_band,weight_distribution,90,hs_recruit_position_distribution_by_star_band:90,"{""star_band"":""two_unranked"",""generation_position"":""ST"",""weight"":""0.007"",""tuning_intent"":""depth_and_late_scouting_bias"",""notes"":""Higher star bands slightly overweight premium and high-visibility positions; lower bands move closer to broader depth/specialist distribution.""}"
high_school_recruits,hs_recruit_position_scheme_tendency_modifiers.csv,hs_recruit_position_scheme_tendency_modifiers,modifier,1,hs_recruit_position_scheme_tendency_modifiers:1,"{""scheme_profile"":""air_raid"",""generation_position"":""QB"",""weight_multiplier"":""1.05"",""apply_to"":""team_board_and_regional_pool"",""notes"":""Use to tilt school-specific recruiting boards, not the national class unless generating a region/school-limited pool.""}"
high_school_recruits,hs_recruit_position_scheme_tendency_modifiers.csv,hs_recruit_position_scheme_tendency_modifiers,modifier,2,hs_recruit_position_scheme_tendency_modifiers:2,"{""scheme_profile"":""air_raid"",""generation_position"":""RB"",""weight_multiplier"":""0.88"",""apply_to"":""team_board_and_regional_pool"",""notes"":""Use to tilt school-specific recruiting boards, not the national class unless generating a region/school-limited pool.""}"
high_school_recruits,hs_recruit_position_scheme_tendency_modifiers.csv,hs_recruit_position_scheme_tendency_modifiers,modifier,3,hs_recruit_position_scheme_tendency_modifiers:3,"{""scheme_profile"":""air_raid"",""generation_position"":""WR"",""weight_multiplier"":""1.25"",""apply_to"":""team_board_and_regional_pool"",""notes"":""Use to tilt school-specific recruiting boards, not the national class unless generating a region/school-limited pool.""}"
high_school_recruits,hs_recruit_position_scheme_tendency_modifiers.csv,hs_recruit_position_scheme_tendency_modifiers,modifier,4,hs_recruit_position_scheme_tendency_modifiers:4,"{""scheme_profile"":""air_raid"",""generation_position"":""TE"",""weight_multiplier"":""0.84"",""apply_to"":""team_board_and_regional_pool"",""notes"":""Use to tilt school-specific recruiting boards, not the national class unless generating a region/school-limited pool.""}"
high_school_recruits,hs_recruit_position_scheme_tendency_modifiers.csv,hs_recruit_position_scheme_tendency_modifiers,modifier,5,hs_recruit_position_scheme_tendency_modifiers:5,"{""scheme_profile"":""air_raid"",""generation_position"":""OT"",""weight_multiplier"":""1.02"",""apply_to"":""team_board_and_regional_pool"",""notes"":""Use to tilt school-specific recruiting boards, not the national class unless generating a region/school-limited pool.""}"
high_school_recruits,hs_recruit_position_scheme_tendency_modifiers.csv,hs_recruit_position_scheme_tendency_modifiers,modifier,6,hs_recruit_position_scheme_tendency_modifiers:6,"{""scheme_profile"":""air_raid"",""generation_position"":""IOL"",""weight_multiplier"":""0.96"",""apply_to"":""team_board_and_regional_pool"",""notes"":""Use to tilt school-specific recruiting boards, not the national class unless generating a region/school-limited pool.""}"
high_school_recruits,hs_recruit_position_scheme_tendency_modifiers.csv,hs_recruit_position_scheme_tendency_modifiers,modifier,7,hs_recruit_position_scheme_tendency_modifiers:7,"{""scheme_profile"":""air_raid"",""generation_position"":""ATH"",""weight_multiplier"":""1.08"",""apply_to"":""team_board_and_regional_pool"",""notes"":""Use to tilt school-specific recruiting boards, not the national class unless generating a region/school-limited pool.""}"
high_school_recruits,hs_recruit_position_scheme_tendency_modifiers.csv,hs_recruit_position_scheme_tendency_modifiers,modifier,8,hs_recruit_position_scheme_tendency_modifiers:8,"{""scheme_profile"":""spread_tempo"",""generation_position"":""QB"",""weight_multiplier"":""1.08"",""apply_to"":""team_board_and_regional_pool"",""notes"":""Use to tilt school-specific recruiting boards, not the national class unless generating a region/school-limited pool.""}"
high_school_recruits,hs_recruit_position_scheme_tendency_modifiers.csv,hs_recruit_position_scheme_tendency_modifiers,modifier,9,hs_recruit_position_scheme_tendency_modifiers:9,"{""scheme_profile"":""spread_tempo"",""generation_position"":""RB"",""weight_multiplier"":""1.0"",""apply_to"":""team_board_and_regional_pool"",""notes"":""Use to tilt school-specific recruiting boards, not the national class unless generating a region/school-limited pool.""}"
high_school_recruits,hs_recruit_position_scheme_tendency_modifiers.csv,hs_recruit_position_scheme_tendency_modifiers,modifier,10,hs_recruit_position_scheme_tendency_modifiers:10,"{""scheme_profile"":""spread_tempo"",""generation_position"":""WR"",""weight_multiplier"":""1.16"",""apply_to"":""team_board_and_regional_pool"",""notes"":""Use to tilt school-specific recruiting boards, not the national class unless generating a region/school-limited pool.""}"
high_school_recruits,hs_recruit_position_scheme_tendency_modifiers.csv,hs_recruit_position_scheme_tendency_modifiers,modifier,11,hs_recruit_position_scheme_tendency_modifiers:11,"{""scheme_profile"":""spread_tempo"",""generation_position"":""TE"",""weight_multiplier"":""0.9"",""apply_to"":""team_board_and_regional_pool"",""notes"":""Use to tilt school-specific recruiting boards, not the national class unless generating a region/school-limited pool.""}"
high_school_recruits,hs_recruit_position_scheme_tendency_modifiers.csv,hs_recruit_position_scheme_tendency_modifiers,modifier,12,hs_recruit_position_scheme_tendency_modifiers:12,"{""scheme_profile"":""spread_tempo"",""generation_position"":""OT"",""weight_multiplier"":""1.0"",""apply_to"":""team_board_and_regional_pool"",""notes"":""Use to tilt school-specific recruiting boards, not the national class unless generating a region/school-limited pool.""}"
high_school_recruits,hs_recruit_position_scheme_tendency_modifiers.csv,hs_recruit_position_scheme_tendency_modifiers,modifier,13,hs_recruit_position_scheme_tendency_modifiers:13,"{""scheme_profile"":""spread_tempo"",""generation_position"":""IOL"",""weight_multiplier"":""0.98"",""apply_to"":""team_board_and_regional_pool"",""notes"":""Use to tilt school-specific recruiting boards, not the national class unless generating a region/school-limited pool.""}"
high_school_recruits,hs_recruit_position_scheme_tendency_modifiers.csv,hs_recruit_position_scheme_tendency_modifiers,modifier,14,hs_recruit_position_scheme_tendency_modifiers:14,"{""scheme_profile"":""spread_tempo"",""generation_position"":""ATH"",""weight_multiplier"":""1.12"",""apply_to"":""team_board_and_regional_pool"",""notes"":""Use to tilt school-specific recruiting boards, not the national class unless generating a region/school-limited pool.""}"
high_school_recruits,hs_recruit_position_scheme_tendency_modifiers.csv,hs_recruit_position_scheme_tendency_modifiers,modifier,15,hs_recruit_position_scheme_tendency_modifiers:15,"{""scheme_profile"":""pro_style"",""generation_position"":""QB"",""weight_multiplier"":""1.02"",""apply_to"":""team_board_and_regional_pool"",""notes"":""Use to tilt school-specific recruiting boards, not the national class unless generating a region/school-limited pool.""}"
high_school_recruits,hs_recruit_position_scheme_tendency_modifiers.csv,hs_recruit_position_scheme_tendency_modifiers,modifier,16,hs_recruit_position_scheme_tendency_modifiers:16,"{""scheme_profile"":""pro_style"",""generation_position"":""RB"",""weight_multiplier"":""1.0"",""apply_to"":""team_board_and_regional_pool"",""notes"":""Use to tilt school-specific recruiting boards, not the national class unless generating a region/school-limited pool.""}"
high_school_recruits,hs_recruit_position_scheme_tendency_modifiers.csv,hs_recruit_position_scheme_tendency_modifiers,modifier,17,hs_recruit_position_scheme_tendency_modifiers:17,"{""scheme_profile"":""pro_style"",""generation_position"":""WR"",""weight_multiplier"":""1.0"",""apply_to"":""team_board_and_regional_pool"",""notes"":""Use to tilt school-specific recruiting boards, not the national class unless generating a region/school-limited pool.""}"
high_school_recruits,hs_recruit_position_scheme_tendency_modifiers.csv,hs_recruit_position_scheme_tendency_modifiers,modifier,18,hs_recruit_position_scheme_tendency_modifiers:18,"{""scheme_profile"":""pro_style"",""generation_position"":""TE"",""weight_multiplier"":""1.18"",""apply_to"":""team_board_and_regional_pool"",""notes"":""Use to tilt school-specific recruiting boards, not the national class unless generating a region/school-limited pool.""}"
high_school_recruits,hs_recruit_position_scheme_tendency_modifiers.csv,hs_recruit_position_scheme_tendency_modifiers,modifier,19,hs_recruit_position_scheme_tendency_modifiers:19,"{""scheme_profile"":""pro_style"",""generation_position"":""OT"",""weight_multiplier"":""1.06"",""apply_to"":""team_board_and_regional_pool"",""notes"":""Use to tilt school-specific recruiting boards, not the national class unless generating a region/school-limited pool.""}"
high_school_recruits,hs_recruit_position_scheme_tendency_modifiers.csv,hs_recruit_position_scheme_tendency_modifiers,modifier,20,hs_recruit_position_scheme_tendency_modifiers:20,"{""scheme_profile"":""pro_style"",""generation_position"":""IOL"",""weight_multiplier"":""1.03"",""apply_to"":""team_board_and_regional_pool"",""notes"":""Use to tilt school-specific recruiting boards, not the national class unless generating a region/school-limited pool.""}"
high_school_recruits,hs_recruit_position_scheme_tendency_modifiers.csv,hs_recruit_position_scheme_tendency_modifiers,modifier,21,hs_recruit_position_scheme_tendency_modifiers:21,"{""scheme_profile"":""pro_style"",""generation_position"":""ATH"",""weight_multiplier"":""0.92"",""apply_to"":""team_board_and_regional_pool"",""notes"":""Use to tilt school-specific recruiting boards, not the national class unless generating a region/school-limited pool.""}"
high_school_recruits,hs_recruit_position_scheme_tendency_modifiers.csv,hs_recruit_position_scheme_tendency_modifiers,modifier,22,hs_recruit_position_scheme_tendency_modifiers:22,"{""scheme_profile"":""run_heavy"",""generation_position"":""QB"",""weight_multiplier"":""0.94"",""apply_to"":""team_board_and_regional_pool"",""notes"":""Use to tilt school-specific recruiting boards, not the national class unless generating a region/school-limited pool.""}"
high_school_recruits,hs_recruit_position_scheme_tendency_modifiers.csv,hs_recruit_position_scheme_tendency_modifiers,modifier,23,hs_recruit_position_scheme_tendency_modifiers:23,"{""scheme_profile"":""run_heavy"",""generation_position"":""RB"",""weight_multiplier"":""1.15"",""apply_to"":""team_board_and_regional_pool"",""notes"":""Use to tilt school-specific recruiting boards, not the national class unless generating a region/school-limited pool.""}"
high_school_recruits,hs_recruit_position_scheme_tendency_modifiers.csv,hs_recruit_position_scheme_tendency_modifiers,modifier,24,hs_recruit_position_scheme_tendency_modifiers:24,"{""scheme_profile"":""run_heavy"",""generation_position"":""WR"",""weight_multiplier"":""0.86"",""apply_to"":""team_board_and_regional_pool"",""notes"":""Use to tilt school-specific recruiting boards, not the national class unless generating a region/school-limited pool.""}"
high_school_recruits,hs_recruit_position_scheme_tendency_modifiers.csv,hs_recruit_position_scheme_tendency_modifiers,modifier,25,hs_recruit_position_scheme_tendency_modifiers:25,"{""scheme_profile"":""run_heavy"",""generation_position"":""TE"",""weight_multiplier"":""1.16"",""apply_to"":""team_board_and_regional_pool"",""notes"":""Use to tilt school-specific recruiting boards, not the national class unless generating a region/school-limited pool.""}"
high_school_recruits,hs_recruit_position_scheme_tendency_modifiers.csv,hs_recruit_position_scheme_tendency_modifiers,modifier,26,hs_recruit_position_scheme_tendency_modifiers:26,"{""scheme_profile"":""run_heavy"",""generation_position"":""OT"",""weight_multiplier"":""1.08"",""apply_to"":""team_board_and_regional_pool"",""notes"":""Use to tilt school-specific recruiting boards, not the national class unless generating a region/school-limited pool.""}"
high_school_recruits,hs_recruit_position_scheme_tendency_modifiers.csv,hs_recruit_position_scheme_tendency_modifiers,modifier,27,hs_recruit_position_scheme_tendency_modifiers:27,"{""scheme_profile"":""run_heavy"",""generation_position"":""IOL"",""weight_multiplier"":""1.1"",""apply_to"":""team_board_and_regional_pool"",""notes"":""Use to tilt school-specific recruiting boards, not the national class unless generating a region/school-limited pool.""}"
high_school_recruits,hs_recruit_position_scheme_tendency_modifiers.csv,hs_recruit_position_scheme_tendency_modifiers,modifier,28,hs_recruit_position_scheme_tendency_modifiers:28,"{""scheme_profile"":""run_heavy"",""generation_position"":""ATH"",""weight_multiplier"":""0.88"",""apply_to"":""team_board_and_regional_pool"",""notes"":""Use to tilt school-specific recruiting boards, not the national class unless generating a region/school-limited pool.""}"
high_school_recruits,hs_recruit_position_scheme_tendency_modifiers.csv,hs_recruit_position_scheme_tendency_modifiers,modifier,29,hs_recruit_position_scheme_tendency_modifiers:29,"{""scheme_profile"":""option"",""generation_position"":""QB"",""weight_multiplier"":""1.1"",""apply_to"":""team_board_and_regional_pool"",""notes"":""Use to tilt school-specific recruiting boards, not the national class unless generating a region/school-limited pool.""}"
high_school_recruits,hs_recruit_position_scheme_tendency_modifiers.csv,hs_recruit_position_scheme_tendency_modifiers,modifier,30,hs_recruit_position_scheme_tendency_modifiers:30,"{""scheme_profile"":""option"",""generation_position"":""RB"",""weight_multiplier"":""1.22"",""apply_to"":""team_board_and_regional_pool"",""notes"":""Use to tilt school-specific recruiting boards, not the national class unless generating a region/school-limited pool.""}"
high_school_recruits,hs_recruit_position_scheme_tendency_modifiers.csv,hs_recruit_position_scheme_tendency_modifiers,modifier,31,hs_recruit_position_scheme_tendency_modifiers:31,"{""scheme_profile"":""option"",""generation_position"":""WR"",""weight_multiplier"":""0.8"",""apply_to"":""team_board_and_regional_pool"",""notes"":""Use to tilt school-specific recruiting boards, not the national class unless generating a region/school-limited pool.""}"
high_school_recruits,hs_recruit_position_scheme_tendency_modifiers.csv,hs_recruit_position_scheme_tendency_modifiers,modifier,32,hs_recruit_position_scheme_tendency_modifiers:32,"{""scheme_profile"":""option"",""generation_position"":""TE"",""weight_multiplier"":""0.96"",""apply_to"":""team_board_and_regional_pool"",""notes"":""Use to tilt school-specific recruiting boards, not the national class unless generating a region/school-limited pool.""}"
high_school_recruits,hs_recruit_position_scheme_tendency_modifiers.csv,hs_recruit_position_scheme_tendency_modifiers,modifier,33,hs_recruit_position_scheme_tendency_modifiers:33,"{""scheme_profile"":""option"",""generation_position"":""OT"",""weight_multiplier"":""0.98"",""apply_to"":""team_board_and_regional_pool"",""notes"":""Use to tilt school-specific recruiting boards, not the national class unless generating a region/school-limited pool.""}"
high_school_recruits,hs_recruit_position_scheme_tendency_modifiers.csv,hs_recruit_position_scheme_tendency_modifiers,modifier,34,hs_recruit_position_scheme_tendency_modifiers:34,"{""scheme_profile"":""option"",""generation_position"":""IOL"",""weight_multiplier"":""1.05"",""apply_to"":""team_board_and_regional_pool"",""notes"":""Use to tilt school-specific recruiting boards, not the national class unless generating a region/school-limited pool.""}"
high_school_recruits,hs_recruit_position_scheme_tendency_modifiers.csv,hs_recruit_position_scheme_tendency_modifiers,modifier,35,hs_recruit_position_scheme_tendency_modifiers:35,"{""scheme_profile"":""option"",""generation_position"":""ATH"",""weight_multiplier"":""1.16"",""apply_to"":""team_board_and_regional_pool"",""notes"":""Use to tilt school-specific recruiting boards, not the national class unless generating a region/school-limited pool.""}"
high_school_recruits,hs_recruit_position_scheme_tendency_modifiers.csv,hs_recruit_position_scheme_tendency_modifiers,modifier,36,hs_recruit_position_scheme_tendency_modifiers:36,"{""scheme_profile"":""defense_first_43"",""generation_position"":""EDGE"",""weight_multiplier"":""1.08"",""apply_to"":""team_board_and_regional_pool"",""notes"":""Use to tilt school-specific recruiting boards, not the national class unless generating a region/school-limited pool.""}"
high_school_recruits,hs_recruit_position_scheme_tendency_modifiers.csv,hs_recruit_position_scheme_tendency_modifiers,modifier,37,hs_recruit_position_scheme_tendency_modifiers:37,"{""scheme_profile"":""defense_first_43"",""generation_position"":""DL"",""weight_multiplier"":""1.1"",""apply_to"":""team_board_and_regional_pool"",""notes"":""Use to tilt school-specific recruiting boards, not the national class unless generating a region/school-limited pool.""}"
high_school_recruits,hs_recruit_position_scheme_tendency_modifiers.csv,hs_recruit_position_scheme_tendency_modifiers,modifier,38,hs_recruit_position_scheme_tendency_modifiers:38,"{""scheme_profile"":""defense_first_43"",""generation_position"":""LB"",""weight_multiplier"":""1.06"",""apply_to"":""team_board_and_regional_pool"",""notes"":""Use to tilt school-specific recruiting boards, not the national class unless generating a region/school-limited pool.""}"
high_school_recruits,hs_recruit_position_scheme_tendency_modifiers.csv,hs_recruit_position_scheme_tendency_modifiers,modifier,39,hs_recruit_position_scheme_tendency_modifiers:39,"{""scheme_profile"":""defense_first_43"",""generation_position"":""CB"",""weight_multiplier"":""0.96"",""apply_to"":""team_board_and_regional_pool"",""notes"":""Use to tilt school-specific recruiting boards, not the national class unless generating a region/school-limited pool.""}"
high_school_recruits,hs_recruit_position_scheme_tendency_modifiers.csv,hs_recruit_position_scheme_tendency_modifiers,modifier,40,hs_recruit_position_scheme_tendency_modifiers:40,"{""scheme_profile"":""defense_first_43"",""generation_position"":""S"",""weight_multiplier"":""0.96"",""apply_to"":""team_board_and_regional_pool"",""notes"":""Use to tilt school-specific recruiting boards, not the national class unless generating a region/school-limited pool.""}"
high_school_recruits,hs_recruit_position_scheme_tendency_modifiers.csv,hs_recruit_position_scheme_tendency_modifiers,modifier,41,hs_recruit_position_scheme_tendency_modifiers:41,"{""scheme_profile"":""defense_first_34"",""generation_position"":""EDGE"",""weight_multiplier"":""1.15"",""apply_to"":""team_board_and_regional_pool"",""notes"":""Use to tilt school-specific recruiting boards, not the national class unless generating a region/school-limited pool.""}"
high_school_recruits,hs_recruit_position_scheme_tendency_modifiers.csv,hs_recruit_position_scheme_tendency_modifiers,modifier,42,hs_recruit_position_scheme_tendency_modifiers:42,"{""scheme_profile"":""defense_first_34"",""generation_position"":""DL"",""weight_multiplier"":""1.06"",""apply_to"":""team_board_and_regional_pool"",""notes"":""Use to tilt school-specific recruiting boards, not the national class unless generating a region/school-limited pool.""}"
high_school_recruits,hs_recruit_position_scheme_tendency_modifiers.csv,hs_recruit_position_scheme_tendency_modifiers,modifier,43,hs_recruit_position_scheme_tendency_modifiers:43,"{""scheme_profile"":""defense_first_34"",""generation_position"":""LB"",""weight_multiplier"":""1.12"",""apply_to"":""team_board_and_regional_pool"",""notes"":""Use to tilt school-specific recruiting boards, not the national class unless generating a region/school-limited pool.""}"
high_school_recruits,hs_recruit_position_scheme_tendency_modifiers.csv,hs_recruit_position_scheme_tendency_modifiers,modifier,44,hs_recruit_position_scheme_tendency_modifiers:44,"{""scheme_profile"":""defense_first_34"",""generation_position"":""CB"",""weight_multiplier"":""0.94"",""apply_to"":""team_board_and_regional_pool"",""notes"":""Use to tilt school-specific recruiting boards, not the national class unless generating a region/school-limited pool.""}"
high_school_recruits,hs_recruit_position_scheme_tendency_modifiers.csv,hs_recruit_position_scheme_tendency_modifiers,modifier,45,hs_recruit_position_scheme_tendency_modifiers:45,"{""scheme_profile"":""defense_first_34"",""generation_position"":""S"",""weight_multiplier"":""0.94"",""apply_to"":""team_board_and_regional_pool"",""notes"":""Use to tilt school-specific recruiting boards, not the national class unless generating a region/school-limited pool.""}"
high_school_recruits,hs_recruit_position_scheme_tendency_modifiers.csv,hs_recruit_position_scheme_tendency_modifiers,modifier,46,hs_recruit_position_scheme_tendency_modifiers:46,"{""scheme_profile"":""nickel_425"",""generation_position"":""EDGE"",""weight_multiplier"":""1.05"",""apply_to"":""team_board_and_regional_pool"",""notes"":""Use to tilt school-specific recruiting boards, not the national class unless generating a region/school-limited pool.""}"
high_school_recruits,hs_recruit_position_scheme_tendency_modifiers.csv,hs_recruit_position_scheme_tendency_modifiers,modifier,47,hs_recruit_position_scheme_tendency_modifiers:47,"{""scheme_profile"":""nickel_425"",""generation_position"":""DL"",""weight_multiplier"":""0.98"",""apply_to"":""team_board_and_regional_pool"",""notes"":""Use to tilt school-specific recruiting boards, not the national class unless generating a region/school-limited pool.""}"
high_school_recruits,hs_recruit_position_scheme_tendency_modifiers.csv,hs_recruit_position_scheme_tendency_modifiers,modifier,48,hs_recruit_position_scheme_tendency_modifiers:48,"{""scheme_profile"":""nickel_425"",""generation_position"":""LB"",""weight_multiplier"":""0.9"",""apply_to"":""team_board_and_regional_pool"",""notes"":""Use to tilt school-specific recruiting boards, not the national class unless generating a region/school-limited pool.""}"
high_school_recruits,hs_recruit_position_scheme_tendency_modifiers.csv,hs_recruit_position_scheme_tendency_modifiers,modifier,49,hs_recruit_position_scheme_tendency_modifiers:49,"{""scheme_profile"":""nickel_425"",""generation_position"":""CB"",""weight_multiplier"":""1.14"",""apply_to"":""team_board_and_regional_pool"",""notes"":""Use to tilt school-specific recruiting boards, not the national class unless generating a region/school-limited pool.""}"
high_school_recruits,hs_recruit_position_scheme_tendency_modifiers.csv,hs_recruit_position_scheme_tendency_modifiers,modifier,50,hs_recruit_position_scheme_tendency_modifiers:50,"{""scheme_profile"":""nickel_425"",""generation_position"":""S"",""weight_multiplier"":""1.12"",""apply_to"":""team_board_and_regional_pool"",""notes"":""Use to tilt school-specific recruiting boards, not the national class unless generating a region/school-limited pool.""}"
high_school_recruits,hs_recruit_position_scheme_tendency_modifiers.csv,hs_recruit_position_scheme_tendency_modifiers,modifier,51,hs_recruit_position_scheme_tendency_modifiers:51,"{""scheme_profile"":""odd_stack_335"",""generation_position"":""EDGE"",""weight_multiplier"":""0.98"",""apply_to"":""team_board_and_regional_pool"",""notes"":""Use to tilt school-specific recruiting boards, not the national class unless generating a region/school-limited pool.""}"
high_school_recruits,hs_recruit_position_scheme_tendency_modifiers.csv,hs_recruit_position_scheme_tendency_modifiers,modifier,52,hs_recruit_position_scheme_tendency_modifiers:52,"{""scheme_profile"":""odd_stack_335"",""generation_position"":""DL"",""weight_multiplier"":""0.95"",""apply_to"":""team_board_and_regional_pool"",""notes"":""Use to tilt school-specific recruiting boards, not the national class unless generating a region/school-limited pool.""}"
high_school_recruits,hs_recruit_position_scheme_tendency_modifiers.csv,hs_recruit_position_scheme_tendency_modifiers,modifier,53,hs_recruit_position_scheme_tendency_modifiers:53,"{""scheme_profile"":""odd_stack_335"",""generation_position"":""LB"",""weight_multiplier"":""1.1"",""apply_to"":""team_board_and_regional_pool"",""notes"":""Use to tilt school-specific recruiting boards, not the national class unless generating a region/school-limited pool.""}"
high_school_recruits,hs_recruit_position_scheme_tendency_modifiers.csv,hs_recruit_position_scheme_tendency_modifiers,modifier,54,hs_recruit_position_scheme_tendency_modifiers:54,"{""scheme_profile"":""odd_stack_335"",""generation_position"":""CB"",""weight_multiplier"":""1.08"",""apply_to"":""team_board_and_regional_pool"",""notes"":""Use to tilt school-specific recruiting boards, not the national class unless generating a region/school-limited pool.""}"
high_school_recruits,hs_recruit_position_scheme_tendency_modifiers.csv,hs_recruit_position_scheme_tendency_modifiers,modifier,55,hs_recruit_position_scheme_tendency_modifiers:55,"{""scheme_profile"":""odd_stack_335"",""generation_position"":""S"",""weight_multiplier"":""1.12"",""apply_to"":""team_board_and_regional_pool"",""notes"":""Use to tilt school-specific recruiting boards, not the national class unless generating a region/school-limited pool.""}"
high_school_recruits,hs_recruit_position_scheme_tendency_modifiers.csv,hs_recruit_position_scheme_tendency_modifiers,modifier,56,hs_recruit_position_scheme_tendency_modifiers:56,"{""scheme_profile"":""odd_stack_335"",""generation_position"":""ATH"",""weight_multiplier"":""1.08"",""apply_to"":""team_board_and_regional_pool"",""notes"":""Use to tilt school-specific recruiting boards, not the national class unless generating a region/school-limited pool.""}"
high_school_recruits,hs_specialist_generation_rules.csv,hs_specialist_generation_rules,rule,1,hs_specialist_generation_rules:1,"{""specialist_type"":""kicker"",""generation_position"":""K"",""base_weight"":""0.00824"",""min_per_6000_class"":""42"",""max_per_6000_class"":""70"",""support_roles"":""kickoff_specialist|placekicker"",""notes"":""Public recruit lists undercount specialists relative to roster demand; preserve minimums for long-term universe health.""}"
high_school_recruits,hs_specialist_generation_rules.csv,hs_specialist_generation_rules,rule,2,hs_specialist_generation_rules:2,"{""specialist_type"":""punter"",""generation_position"":""P"",""base_weight"":""0.00471"",""min_per_6000_class"":""24"",""max_per_6000_class"":""45"",""support_roles"":""holder|directional_punter"",""notes"":""Can share holder role; some punters can carry emergency kicker tag.""}"
high_school_recruits,hs_specialist_generation_rules.csv,hs_specialist_generation_rules,rule,3,hs_specialist_generation_rules:3,"{""specialist_type"":""long_snapper_support"",""generation_position"":""ST"",""base_weight"":""0.00324"",""min_per_6000_class"":""14"",""max_per_6000_class"":""30"",""support_roles"":""long_snapper"",""notes"":""Do not create LS as final position unless the core game adds LS later; attach long_snapper support role to TE/LB/OL/ST body types.""}"
high_school_recruits,hs_specialist_generation_rules.csv,hs_specialist_generation_rules,rule,4,hs_specialist_generation_rules:4,"{""specialist_type"":""returner_support"",""generation_position"":""ATH"",""base_weight"":""0.01"",""min_per_6000_class"":""40"",""max_per_6000_class"":""90"",""support_roles"":""kick_returner|punt_returner"",""notes"":""Returners should usually be ATH/WR/RB/CB/S, not a separate final position.""}"
high_school_recruits,initial_high_school_recruit_class_targets.csv,initial_high_school_recruit_class_targets,target,1,initial_high_school_recruit_class_targets:1,"{""class_size"":""4000"",""target_use"":""fast_save"",""notes"":""Smaller class for performance-oriented modes.""}"
high_school_recruits,initial_high_school_recruit_class_targets.csv,initial_high_school_recruit_class_targets,target,2,initial_high_school_recruit_class_targets:2,"{""class_size"":""6000"",""target_use"":""default"",""notes"":""Default initial class size.""}"
high_school_recruits,initial_high_school_recruit_class_targets.csv,initial_high_school_recruit_class_targets,target,3,initial_high_school_recruit_class_targets:3,"{""class_size"":""8000"",""target_use"":""deep_universe"",""notes"":""Larger class if save size/performance allows.""}"
high_school_recruits,recruit_bust_reason_weights.csv,recruit_bust_reason_weights,weight_distribution,1,recruit_bust_reason_weights:1,"{""bust_type"":""performance_bust"",""applies_to"":""all"",""weight"":""0.3"",""rating_effect_min"":""-14"",""rating_effect_max"":""-5"",""history_note"":""Did not translate production or traits to college level.""}"
high_school_recruits,recruit_bust_reason_weights.csv,recruit_bust_reason_weights,weight_distribution,2,recruit_bust_reason_weights:2,"{""bust_type"":""injury_bust"",""applies_to"":""all"",""weight"":""0.18"",""rating_effect_min"":""-16"",""rating_effect_max"":""-4"",""history_note"":""Development disrupted by repeated or major injury.""}"
high_school_recruits,recruit_bust_reason_weights.csv,recruit_bust_reason_weights,weight_distribution,3,recruit_bust_reason_weights:3,"{""bust_type"":""off_field_character"",""applies_to"":""all"",""weight"":""0.1"",""rating_effect_min"":""-12"",""rating_effect_max"":""-3"",""history_note"":""Availability, trust, or consistency concerns.""}"
high_school_recruits,recruit_bust_reason_weights.csv,recruit_bust_reason_weights,weight_distribution,4,recruit_bust_reason_weights:4,"{""bust_type"":""scheme_fit_bust"",""applies_to"":""all"",""weight"":""0.17"",""rating_effect_min"":""-10"",""rating_effect_max"":""-2"",""history_note"":""Poor fit delayed role clarity.""}"
high_school_recruits,recruit_bust_reason_weights.csv,recruit_bust_reason_weights,weight_distribution,5,recruit_bust_reason_weights:5,"{""bust_type"":""buried_depth_chart"",""applies_to"":""elite_programs"",""weight"":""0.15"",""rating_effect_min"":""-8"",""rating_effect_max"":""-1"",""history_note"":""Could not win early role on loaded roster.""}"
high_school_recruits,recruit_bust_reason_weights.csv,recruit_bust_reason_weights,weight_distribution,6,recruit_bust_reason_weights:6,"{""bust_type"":""position_projection_miss"",""applies_to"":""ATH|TE|OL|EDGE|S|LB"",""weight"":""0.1"",""rating_effect_min"":""-11"",""rating_effect_max"":""-2"",""history_note"":""Initial projection did not match final position.""}"
high_school_recruits,recruit_sleeper_reason_weights.csv,recruit_sleeper_reason_weights,weight_distribution,1,recruit_sleeper_reason_weights:1,"{""sleeper_reason"":""late_physical_growth"",""applies_to"":""TE|OL|DL|EDGE|LB"",""weight"":""0.18"",""bonus_min"":""4"",""bonus_max"":""10""}"
high_school_recruits,recruit_sleeper_reason_weights.csv,recruit_sleeper_reason_weights,weight_distribution,2,recruit_sleeper_reason_weights:2,"{""sleeper_reason"":""position_switch_unlock"",""applies_to"":""ATH|WR|S|LB|TE|EDGE"",""weight"":""0.16"",""bonus_min"":""5"",""bonus_max"":""12""}"
high_school_recruits,recruit_sleeper_reason_weights.csv,recruit_sleeper_reason_weights,weight_distribution,3,recruit_sleeper_reason_weights:3,"{""sleeper_reason"":""small_school_underexposure"",""applies_to"":""all"",""weight"":""0.15"",""bonus_min"":""4"",""bonus_max"":""11""}"
high_school_recruits,recruit_sleeper_reason_weights.csv,recruit_sleeper_reason_weights,weight_distribution,4,recruit_sleeper_reason_weights:4,"{""sleeper_reason"":""elite_work_ethic"",""applies_to"":""all"",""weight"":""0.18"",""bonus_min"":""5"",""bonus_max"":""10""}"
high_school_recruits,recruit_sleeper_reason_weights.csv,recruit_sleeper_reason_weights,weight_distribution,5,recruit_sleeper_reason_weights:5,"{""sleeper_reason"":""technical_late_bloomer"",""applies_to"":""QB|WR|CB|S|OL"",""weight"":""0.14"",""bonus_min"":""4"",""bonus_max"":""9""}"
high_school_recruits,recruit_sleeper_reason_weights.csv,recruit_sleeper_reason_weights,weight_distribution,6,recruit_sleeper_reason_weights:6,"{""sleeper_reason"":""scheme_fit_unlock"",""applies_to"":""all"",""weight"":""0.11"",""bonus_min"":""3"",""bonus_max"":""8""}"
high_school_recruits,recruit_sleeper_reason_weights.csv,recruit_sleeper_reason_weights,weight_distribution,7,recruit_sleeper_reason_weights:7,"{""sleeper_reason"":""specialist_discovery"",""applies_to"":""K|P"",""weight"":""0.08"",""bonus_min"":""5"",""bonus_max"":""14""}"
high_school_recruits,recruit_star_band_definitions.csv,recruit_star_band_definitions,definition,1,recruit_star_band_definitions:1,"{""star_group"":""5"",""label"":""five_star"",""rank_min"":""1"",""rank_max"":""40"",""typical_count_per_6000"":""40"",""rating_low"":""98"",""rating_high"":""110"",""meaning"":""Top national prospects expected to resemble future early-round or first-round NFL draft candidates; rare franchise-level profiles exist but are not guaranteed."",""source_basis"":""247-style rating explanation plus synthetic gameplay tuning""}"
high_school_recruits,recruit_star_band_definitions.csv,recruit_star_band_definitions,definition,2,recruit_star_band_definitions:2,"{""star_group"":""4_high"",""label"":""high_four_star"",""rank_min"":""41"",""rank_max"":""150"",""typical_count_per_6000"":""110"",""rating_low"":""94"",""rating_high"":""97"",""meaning"":""Blue-chip prospects with strong odds of high-level college impact and draftable upside."",""source_basis"":""247-style rating explanation plus synthetic gameplay tuning""}"
high_school_recruits,recruit_star_band_definitions.csv,recruit_star_band_definitions,definition,3,recruit_star_band_definitions:3,"{""star_group"":""4_mid"",""label"":""mid_four_star"",""rank_min"":""151"",""rank_max"":""320"",""typical_count_per_6000"":""170"",""rating_low"":""91"",""rating_high"":""93"",""meaning"":""Likely quality college players with meaningful NFL upside but more variance than high four-stars."",""source_basis"":""247-style rating explanation plus synthetic gameplay tuning""}"
high_school_recruits,recruit_star_band_definitions.csv,recruit_star_band_definitions,definition,4,recruit_star_band_definitions:4,"{""star_group"":""4_low"",""label"":""low_four_star"",""rank_min"":""321"",""rank_max"":""460"",""typical_count_per_6000"":""140"",""rating_low"":""90"",""rating_high"":""90"",""meaning"":""Lower blue-chip band; strong college starter probability but less guaranteed NFL trajectory."",""source_basis"":""247-style rating explanation plus synthetic gameplay tuning""}"
high_school_recruits,recruit_star_band_definitions.csv,recruit_star_band_definitions,definition,5,recruit_star_band_definitions:5,"{""star_group"":""3_high"",""label"":""high_three_star"",""rank_min"":""461"",""rank_max"":""900"",""typical_count_per_6000"":""440"",""rating_low"":""87"",""rating_high"":""89"",""meaning"":""Impact college-player band with real NFL upside if development and opportunity hit."",""source_basis"":""247-style rating explanation plus synthetic gameplay tuning""}"
high_school_recruits,recruit_star_band_definitions.csv,recruit_star_band_definitions,definition,6,recruit_star_band_definitions:6,"{""star_group"":""3_mid"",""label"":""mid_three_star"",""rank_min"":""901"",""rank_max"":""1800"",""typical_count_per_6000"":""900"",""rating_low"":""84"",""rating_high"":""86"",""meaning"":""Common P4 contributor/G5 impact-player band; starter outcomes depend heavily on development."",""source_basis"":""247-style rating explanation plus synthetic gameplay tuning""}"
high_school_recruits,recruit_star_band_definitions.csv,recruit_star_band_definitions,definition,7,recruit_star_band_definitions:7,"{""star_group"":""3_low"",""label"":""low_three_star"",""rank_min"":""1801"",""rank_max"":""2860"",""typical_count_per_6000"":""1060"",""rating_low"":""80"",""rating_high"":""83"",""meaning"":""Developmental college-player band; most become depth/rotation, but a minority become strong starters or sleepers."",""source_basis"":""247-style rating explanation plus synthetic gameplay tuning""}"
high_school_recruits,recruit_star_band_definitions.csv,recruit_star_band_definitions,definition,8,recruit_star_band_definitions:8,"{""star_group"":""2_or_unranked"",""label"":""two_star_or_unranked"",""rank_min"":""2861"",""rank_max"":""6000"",""typical_count_per_6000"":""3140"",""rating_low"":""0"",""rating_high"":""79"",""meaning"":""Usually depth, walk-on, FCS/G5, or late-discovered players; rare hidden gems must exist but be capped."",""source_basis"":""247-style rating explanation plus synthetic gameplay tuning""}"
high_school_recruits,star_distribution.csv,star_distribution,weight_distribution,1,star_distribution:1,"{""class_size"":""4000"",""stars_5"":""32"",""stars_4"":""340"",""stars_3"":""1700"",""stars_2_or_unranked"":""1928"",""source_basis"":""synthetic_gameplay_tuning""}"
high_school_recruits,star_distribution.csv,star_distribution,weight_distribution,2,star_distribution:2,"{""class_size"":""6000"",""stars_5"":""40"",""stars_4"":""420"",""stars_3"":""2400"",""stars_2_or_unranked"":""3140"",""source_basis"":""synthetic_gameplay_tuning""}"
high_school_recruits,star_distribution.csv,star_distribution,weight_distribution,3,star_distribution:3,"{""class_size"":""8000"",""stars_5"":""50"",""stars_4"":""520"",""stars_3"":""3100"",""stars_2_or_unranked"":""4330"",""source_basis"":""synthetic_gameplay_tuning""}"
high_school_recruits,star_outcome_balance_targets.csv,star_outcome_balance_targets,validation_target,1,star_outcome_balance_targets:1,"{""metric_id"":""five_star_drafted_share"",""target_min"":""0.55"",""target_max"":""0.82"",""severity"":""warning"",""notes"":""Five-stars should usually have NFL path but not be guaranteed.""}"
high_school_recruits,star_outcome_balance_targets.csv,star_outcome_balance_targets,validation_target,2,star_outcome_balance_targets:2,"{""metric_id"":""five_star_first_round_share"",""target_min"":""0.1"",""target_max"":""0.24"",""severity"":""warning"",""notes"":""Five-stars mirror first-round expectation but most should not become first-round picks.""}"
high_school_recruits,star_outcome_balance_targets.csv,star_outcome_balance_targets,validation_target,3,star_outcome_balance_targets:3,"{""metric_id"":""four_star_any_draft_share"",""target_min"":""0.18"",""target_max"":""0.42"",""severity"":""warning"",""notes"":""Across all four-star bands.""}"
high_school_recruits,star_outcome_balance_targets.csv,star_outcome_balance_targets,validation_target,4,star_outcome_balance_targets:4,"{""metric_id"":""three_star_any_draft_share"",""target_min"":""0.01"",""target_max"":""0.08"",""severity"":""warning"",""notes"":""Most NFL rosters still include many former 3-stars due to volume, but individual hit rate is low.""}"
high_school_recruits,star_outcome_balance_targets.csv,star_outcome_balance_targets,validation_target,5,star_outcome_balance_targets:5,"{""metric_id"":""two_unranked_any_draft_share"",""target_min"":""0.0005"",""target_max"":""0.02"",""severity"":""warning"",""notes"":""Rare but possible hidden gems.""}"
high_school_recruits,star_outcome_balance_targets.csv,star_outcome_balance_targets,validation_target,6,star_outcome_balance_targets:6,"{""metric_id"":""major_sleeper_share_all_recruits"",""target_min"":""0.003"",""target_max"":""0.025"",""severity"":""warning"",""notes"":""Avoid making sleepers too common.""}"
high_school_recruits,star_outcome_balance_targets.csv,star_outcome_balance_targets,validation_target,7,star_outcome_balance_targets:7,"{""metric_id"":""star_bust_share_5_star"",""target_min"":""0.08"",""target_max"":""0.22"",""severity"":""warning"",""notes"":""5-star misses should exist but not dominate.""}"
high_school_recruits,star_outcome_balance_targets.csv,star_outcome_balance_targets,validation_target,8,star_outcome_balance_targets:8,"{""metric_id"":""all_america_from_non_blue_chip_share"",""target_min"":""0.15"",""target_max"":""0.45"",""severity"":""warning"",""notes"":""Volume of 3-stars/unrated should produce some elite college players.""}"
high_school_recruits,star_outcome_generation_examples.csv,star_outcome_generation_examples,example,1,star_outcome_generation_examples:1,"{""example_id"":""five_star_bust"",""input"":""5-star EDGE ranked 18"",""outcome"":""major_bust_risk"",""expected_story"":""arrives with elite tools, plays early, suffers scheme/medical disruption, becomes day3 or UDFA instead of star"",""expected_result"":""college starter but not superstar; draft stock falls""}"
high_school_recruits,star_outcome_generation_examples.csv,star_outcome_generation_examples,example,2,star_outcome_generation_examples:2,"{""example_id"":""three_star_major_sleeper"",""input"":""mid 3-star WR ranked 1300"",""outcome"":""major_sleeper"",""expected_story"":""late physical growth plus elite work ethic; year3 breakout"",""expected_result"":""all-conference, day2/day3 draft candidate""}"
high_school_recruits,star_outcome_generation_examples.csv,star_outcome_generation_examples,example,3,star_outcome_generation_examples:3,"{""example_id"":""unranked_specialist"",""input"":""unranked K"",""outcome"":""sleeper"",""expected_story"":""specialist discovery; high accuracy emerges in college"",""expected_result"":""draftable/priority UDFA specialist""}"
high_school_recruits,star_outcome_generation_examples.csv,star_outcome_generation_examples,example,4,star_outcome_generation_examples:4,"{""example_id"":""low_four_solid"",""input"":""low 4-star LB ranked 410"",""outcome"":""solid_starter"",""expected_story"":""multi-year college starter, limited elite traits"",""expected_result"":""late day3/priority UDFA""}"
high_school_recruits,star_outcome_generation_examples.csv,star_outcome_generation_examples,example,5,star_outcome_generation_examples:5,"{""example_id"":""high_three_normal"",""input"":""high 3-star OL ranked 740"",""outcome"":""normal_impact"",""expected_story"":""redshirts, gains strength, starts as junior/senior"",""expected_result"":""college starter with fringe NFL path""}"
high_school_recruits,star_outcome_position_modifiers.csv,star_outcome_position_modifiers,modifier,1,QB,"{""position_group"":""QB"",""sleeper_weight_multiplier"":""0.85"",""major_sleeper_weight_multiplier"":""0.75"",""bust_weight_multiplier"":""1.2"",""notes"":""QB sleepers exist but are hard to project; high miss risk and high late-bloomer value.""}"
high_school_recruits,star_outcome_position_modifiers.csv,star_outcome_position_modifiers,modifier,2,RB,"{""position_group"":""RB"",""sleeper_weight_multiplier"":""1.18"",""major_sleeper_weight_multiplier"":""1.1"",""bust_weight_multiplier"":""0.95"",""notes"":""RBs can emerge from lower-rated bands more often due to opportunity/physical maturity.""}"
high_school_recruits,star_outcome_position_modifiers.csv,star_outcome_position_modifiers,modifier,3,WR,"{""position_group"":""WR"",""sleeper_weight_multiplier"":""1.12"",""major_sleeper_weight_multiplier"":""1.05"",""bust_weight_multiplier"":""1.0"",""notes"":""WR has many late physical and technical bloomers.""}"
high_school_recruits,star_outcome_position_modifiers.csv,star_outcome_position_modifiers,modifier,4,TE,"{""position_group"":""TE"",""sleeper_weight_multiplier"":""1.22"",""major_sleeper_weight_multiplier"":""1.15"",""bust_weight_multiplier"":""0.95"",""notes"":""TE development is late and body-type projection creates many misses and sleepers.""}"
high_school_recruits,star_outcome_position_modifiers.csv,star_outcome_position_modifiers,modifier,5,OL,"{""position_group"":""OL"",""sleeper_weight_multiplier"":""1.18"",""major_sleeper_weight_multiplier"":""1.12"",""bust_weight_multiplier"":""0.9"",""notes"":""OL projection is developmental; size/strength maturation matters.""}"
high_school_recruits,star_outcome_position_modifiers.csv,star_outcome_position_modifiers,modifier,6,EDGE,"{""position_group"":""EDGE"",""sleeper_weight_multiplier"":""1.05"",""major_sleeper_weight_multiplier"":""1.05"",""bust_weight_multiplier"":""1.05"",""notes"":""Premium athletic pass rushers can be found outside elite rankings but remain scarce.""}"
high_school_recruits,star_outcome_position_modifiers.csv,star_outcome_position_modifiers,modifier,7,DL,"{""position_group"":""DL"",""sleeper_weight_multiplier"":""1.08"",""major_sleeper_weight_multiplier"":""1.04"",""bust_weight_multiplier"":""0.95"",""notes"":""Interior defenders can develop with mass/strength over time.""}"
high_school_recruits,star_outcome_position_modifiers.csv,star_outcome_position_modifiers,modifier,8,LB,"{""position_group"":""LB"",""sleeper_weight_multiplier"":""1.1"",""major_sleeper_weight_multiplier"":""1.05"",""bust_weight_multiplier"":""0.95"",""notes"":""LB outcomes depend on instincts and role fit; some undervalued athletes emerge.""}"
high_school_recruits,star_outcome_position_modifiers.csv,star_outcome_position_modifiers,modifier,9,CB,"{""position_group"":""CB"",""sleeper_weight_multiplier"":""1.03"",""major_sleeper_weight_multiplier"":""1.0"",""bust_weight_multiplier"":""1.05"",""notes"":""CB requires rare athleticism; sleepers exist but top athletic traits matter.""}"
high_school_recruits,star_outcome_position_modifiers.csv,star_outcome_position_modifiers,modifier,10,S,"{""position_group"":""S"",""sleeper_weight_multiplier"":""1.12"",""major_sleeper_weight_multiplier"":""1.08"",""bust_weight_multiplier"":""0.95"",""notes"":""Safety conversion/position changes create sleeper paths.""}"
high_school_recruits,star_outcome_position_modifiers.csv,star_outcome_position_modifiers,modifier,11,K,"{""position_group"":""K"",""sleeper_weight_multiplier"":""1.65"",""major_sleeper_weight_multiplier"":""1.35"",""bust_weight_multiplier"":""0.7"",""notes"":""Specialists often come from outside standard star rankings.""}"
high_school_recruits,star_outcome_position_modifiers.csv,star_outcome_position_modifiers,modifier,12,P,"{""position_group"":""P"",""sleeper_weight_multiplier"":""1.65"",""major_sleeper_weight_multiplier"":""1.35"",""bust_weight_multiplier"":""0.7"",""notes"":""Specialists often come from outside standard star rankings.""}"
high_school_recruits,star_outcome_program_context_modifiers.csv,star_outcome_program_context_modifiers,modifier,1,star_outcome_program_context_modifiers:1,"{""program_tier"":""elite_p4"",""sleeper_visibility_multiplier"":""0.92"",""major_sleeper_visibility_multiplier"":""0.92"",""draft_conversion_multiplier"":""1.12"",""nfl_starter_conversion_multiplier"":""1.08"",""notes"":""Elite programs reduce hidden sleeper frequency because evaluations are more complete, but increase development conversion.""}"
high_school_recruits,star_outcome_program_context_modifiers.csv,star_outcome_program_context_modifiers,modifier,2,star_outcome_program_context_modifiers:2,"{""program_tier"":""strong_p4"",""sleeper_visibility_multiplier"":""0.96"",""major_sleeper_visibility_multiplier"":""0.96"",""draft_conversion_multiplier"":""1.06"",""nfl_starter_conversion_multiplier"":""1.04"",""notes"":""Strong programs slightly reduce hiddenness and improve hit conversion.""}"
high_school_recruits,star_outcome_program_context_modifiers.csv,star_outcome_program_context_modifiers,modifier,3,star_outcome_program_context_modifiers:3,"{""program_tier"":""mid_p4"",""sleeper_visibility_multiplier"":""1.0"",""major_sleeper_visibility_multiplier"":""1.0"",""draft_conversion_multiplier"":""1.0"",""nfl_starter_conversion_multiplier"":""1.0"",""notes"":""Neutral baseline.""}"
high_school_recruits,star_outcome_program_context_modifiers.csv,star_outcome_program_context_modifiers,modifier,4,star_outcome_program_context_modifiers:4,"{""program_tier"":""low_p4"",""sleeper_visibility_multiplier"":""1.05"",""major_sleeper_visibility_multiplier"":""1.04"",""draft_conversion_multiplier"":""0.96"",""nfl_starter_conversion_multiplier"":""0.98"",""notes"":""More under-evaluation and role variance.""}"
high_school_recruits,star_outcome_program_context_modifiers.csv,star_outcome_program_context_modifiers,modifier,5,star_outcome_program_context_modifiers:5,"{""program_tier"":""g5_upper"",""sleeper_visibility_multiplier"":""1.12"",""major_sleeper_visibility_multiplier"":""1.1"",""draft_conversion_multiplier"":""0.9"",""nfl_starter_conversion_multiplier"":""0.94"",""notes"":""Good small-program development, more sleeper discovery.""}"
high_school_recruits,star_outcome_program_context_modifiers.csv,star_outcome_program_context_modifiers,modifier,6,star_outcome_program_context_modifiers:6,"{""program_tier"":""g5_lower"",""sleeper_visibility_multiplier"":""1.18"",""major_sleeper_visibility_multiplier"":""1.15"",""draft_conversion_multiplier"":""0.84"",""nfl_starter_conversion_multiplier"":""0.9"",""notes"":""More under-evaluation but lower overall conversion rate.""}"
high_school_recruits,star_outcome_program_context_modifiers.csv,star_outcome_program_context_modifiers,modifier,7,star_outcome_program_context_modifiers:7,"{""program_tier"":""fcs_elite"",""sleeper_visibility_multiplier"":""1.26"",""major_sleeper_visibility_multiplier"":""1.18"",""draft_conversion_multiplier"":""0.78"",""nfl_starter_conversion_multiplier"":""0.85"",""notes"":""More hidden gems, less week-to-week competition translation certainty.""}"
high_school_recruits,star_outcome_program_context_modifiers.csv,star_outcome_program_context_modifiers,modifier,8,star_outcome_program_context_modifiers:8,"{""program_tier"":""fcs_lower"",""sleeper_visibility_multiplier"":""1.35"",""major_sleeper_visibility_multiplier"":""1.22"",""draft_conversion_multiplier"":""0.7"",""nfl_starter_conversion_multiplier"":""0.8"",""notes"":""Big sleeper multiplier but very low overall hit conversion.""}"
high_school_recruits,star_outcome_weights.csv,star_outcome_weights,weight_distribution,1,star_outcome_weights:1,"{""star_group"":""5"",""outcome"":""generational_elite"",""weight"":""0.06"",""college_potential_min"":""96"",""college_potential_max"":""99"",""development_trait_bonus"":""8"",""bust_risk_modifier"":""-0.15"",""sleeper_score_modifier"":""0.0"",""estimated_draft_probability"":""0.9"",""estimated_nfl_starter_probability"":""0.55"",""notes"":""Rare top-end prospect with true franchise/All-American upside.""}"
high_school_recruits,star_outcome_weights.csv,star_outcome_weights,weight_distribution,2,star_outcome_weights:2,"{""star_group"":""5"",""outcome"":""normal_elite"",""weight"":""0.46"",""college_potential_min"":""90"",""college_potential_max"":""97"",""development_trait_bonus"":""4"",""bust_risk_modifier"":""-0.08"",""sleeper_score_modifier"":""0.0"",""estimated_draft_probability"":""0.78"",""estimated_nfl_starter_probability"":""0.35"",""notes"":""Expected high-level college player and likely draftable prospect.""}"
high_school_recruits,star_outcome_weights.csv,star_outcome_weights,weight_distribution,3,star_outcome_weights:3,"{""star_group"":""5"",""outcome"":""solid_blue_chip"",""weight"":""0.24"",""college_potential_min"":""84"",""college_potential_max"":""92"",""development_trait_bonus"":""1"",""bust_risk_modifier"":""0.0"",""sleeper_score_modifier"":""0.0"",""estimated_draft_probability"":""0.62"",""estimated_nfl_starter_probability"":""0.22"",""notes"":""Very good but not always elite; may become good starter/rotation.""}"
high_school_recruits,star_outcome_weights.csv,star_outcome_weights,weight_distribution,4,star_outcome_weights:4,"{""star_group"":""5"",""outcome"":""overranked_tools"",""weight"":""0.14"",""college_potential_min"":""76"",""college_potential_max"":""88"",""development_trait_bonus"":""-1"",""bust_risk_modifier"":""0.12"",""sleeper_score_modifier"":""0.0"",""estimated_draft_probability"":""0.42"",""estimated_nfl_starter_probability"":""0.12"",""notes"":""Athletic/tools profile over-ranked relative to skill/readiness.""}"
high_school_recruits,star_outcome_weights.csv,star_outcome_weights,weight_distribution,5,star_outcome_weights:5,"{""star_group"":""5"",""outcome"":""major_bust_risk"",""weight"":""0.1"",""college_potential_min"":""66"",""college_potential_max"":""82"",""development_trait_bonus"":""-5"",""bust_risk_modifier"":""0.28"",""sleeper_score_modifier"":""0.0"",""estimated_draft_probability"":""0.24"",""estimated_nfl_starter_probability"":""0.05"",""notes"":""Injury, fit, development, or evaluation miss risk.""}"
high_school_recruits,star_outcome_weights.csv,star_outcome_weights,weight_distribution,6,star_outcome_weights:6,"{""star_group"":""4_high"",""outcome"":""hidden_elite"",""weight"":""0.09"",""college_potential_min"":""92"",""college_potential_max"":""97"",""development_trait_bonus"":""6"",""bust_risk_modifier"":""-0.05"",""sleeper_score_modifier"":""0.08"",""estimated_draft_probability"":""0.64"",""estimated_nfl_starter_probability"":""0.26"",""notes"":""Acts like a low 5-star internally.""}"
high_school_recruits,star_outcome_weights.csv,star_outcome_weights,weight_distribution,7,star_outcome_weights:7,"{""star_group"":""4_high"",""outcome"":""normal_blue_chip"",""weight"":""0.5"",""college_potential_min"":""84"",""college_potential_max"":""93"",""development_trait_bonus"":""3"",""bust_risk_modifier"":""-0.03"",""sleeper_score_modifier"":""0.02"",""estimated_draft_probability"":""0.48"",""estimated_nfl_starter_probability"":""0.17"",""notes"":""Strong college player, meaningful draft upside.""}"
high_school_recruits,star_outcome_weights.csv,star_outcome_weights,weight_distribution,8,star_outcome_weights:8,"{""star_group"":""4_high"",""outcome"":""solid_starter"",""weight"":""0.25"",""college_potential_min"":""78"",""college_potential_max"":""88"",""development_trait_bonus"":""1"",""bust_risk_modifier"":""0.0"",""sleeper_score_modifier"":""0.0"",""estimated_draft_probability"":""0.34"",""estimated_nfl_starter_probability"":""0.1"",""notes"":""Likely college starter with mid/late draft chances.""}"
high_school_recruits,star_outcome_weights.csv,star_outcome_weights,weight_distribution,9,star_outcome_weights:9,"{""star_group"":""4_high"",""outcome"":""overranked"",""weight"":""0.11"",""college_potential_min"":""68"",""college_potential_max"":""80"",""development_trait_bonus"":""-2"",""bust_risk_modifier"":""0.13"",""sleeper_score_modifier"":""0.0"",""estimated_draft_probability"":""0.18"",""estimated_nfl_starter_probability"":""0.04"",""notes"":""Good recruit ranking but limited translation.""}"
high_school_recruits,star_outcome_weights.csv,star_outcome_weights,weight_distribution,10,star_outcome_weights:10,"{""star_group"":""4_high"",""outcome"":""bust"",""weight"":""0.05"",""college_potential_min"":""58"",""college_potential_max"":""72"",""development_trait_bonus"":""-5"",""bust_risk_modifier"":""0.25"",""sleeper_score_modifier"":""0.0"",""estimated_draft_probability"":""0.08"",""estimated_nfl_starter_probability"":""0.01"",""notes"":""Major miss.""}"
high_school_recruits,star_outcome_weights.csv,star_outcome_weights,weight_distribution,11,star_outcome_weights:11,"{""star_group"":""4_mid"",""outcome"":""hidden_elite"",""weight"":""0.055"",""college_potential_min"":""90"",""college_potential_max"":""96"",""development_trait_bonus"":""6"",""bust_risk_modifier"":""-0.04"",""sleeper_score_modifier"":""0.1"",""estimated_draft_probability"":""0.5"",""estimated_nfl_starter_probability"":""0.2"",""notes"":""Sleeper inside the blue-chip band.""}"
high_school_recruits,star_outcome_weights.csv,star_outcome_weights,weight_distribution,12,star_outcome_weights:12,"{""star_group"":""4_mid"",""outcome"":""normal_blue_chip"",""weight"":""0.44"",""college_potential_min"":""81"",""college_potential_max"":""91"",""development_trait_bonus"":""3"",""bust_risk_modifier"":""-0.02"",""sleeper_score_modifier"":""0.02"",""estimated_draft_probability"":""0.38"",""estimated_nfl_starter_probability"":""0.13"",""notes"":""Good college starter path.""}"
high_school_recruits,star_outcome_weights.csv,star_outcome_weights,weight_distribution,13,star_outcome_weights:13,"{""star_group"":""4_mid"",""outcome"":""solid_starter"",""weight"":""0.31"",""college_potential_min"":""74"",""college_potential_max"":""86"",""development_trait_bonus"":""1"",""bust_risk_modifier"":""0.0"",""sleeper_score_modifier"":""0.0"",""estimated_draft_probability"":""0.25"",""estimated_nfl_starter_probability"":""0.07"",""notes"":""Likely contributor/starter.""}"
high_school_recruits,star_outcome_weights.csv,star_outcome_weights,weight_distribution,14,star_outcome_weights:14,"{""star_group"":""4_mid"",""outcome"":""overranked"",""weight"":""0.14"",""college_potential_min"":""64"",""college_potential_max"":""78"",""development_trait_bonus"":""-2"",""bust_risk_modifier"":""0.13"",""sleeper_score_modifier"":""0.0"",""estimated_draft_probability"":""0.12"",""estimated_nfl_starter_probability"":""0.02"",""notes"":""Evaluated high but lacks one or more traits.""}"
high_school_recruits,star_outcome_weights.csv,star_outcome_weights,weight_distribution,15,star_outcome_weights:15,"{""star_group"":""4_mid"",""outcome"":""bust"",""weight"":""0.055"",""college_potential_min"":""54"",""college_potential_max"":""70"",""development_trait_bonus"":""-5"",""bust_risk_modifier"":""0.24"",""sleeper_score_modifier"":""0.0"",""estimated_draft_probability"":""0.05"",""estimated_nfl_starter_probability"":""0.01"",""notes"":""Major miss.""}"
high_school_recruits,star_outcome_weights.csv,star_outcome_weights,weight_distribution,16,star_outcome_weights:16,"{""star_group"":""4_low"",""outcome"":""hidden_elite"",""weight"":""0.035"",""college_potential_min"":""88"",""college_potential_max"":""94"",""development_trait_bonus"":""6"",""bust_risk_modifier"":""-0.03"",""sleeper_score_modifier"":""0.12"",""estimated_draft_probability"":""0.35"",""estimated_nfl_starter_probability"":""0.13"",""notes"":""Can become top college/NFL prospect.""}"
high_school_recruits,star_outcome_weights.csv,star_outcome_weights,weight_distribution,17,star_outcome_weights:17,"{""star_group"":""4_low"",""outcome"":""normal_blue_chip"",""weight"":""0.35"",""college_potential_min"":""78"",""college_potential_max"":""89"",""development_trait_bonus"":""3"",""bust_risk_modifier"":""-0.02"",""sleeper_score_modifier"":""0.03"",""estimated_draft_probability"":""0.28"",""estimated_nfl_starter_probability"":""0.08"",""notes"":""Blue-chip enough to matter.""}"
high_school_recruits,star_outcome_weights.csv,star_outcome_weights,weight_distribution,18,star_outcome_weights:18,"{""star_group"":""4_low"",""outcome"":""solid_starter"",""weight"":""0.37"",""college_potential_min"":""72"",""college_potential_max"":""84"",""development_trait_bonus"":""1"",""bust_risk_modifier"":""0.0"",""sleeper_score_modifier"":""0.0"",""estimated_draft_probability"":""0.19"",""estimated_nfl_starter_probability"":""0.05"",""notes"":""Good college starter but often late draft/UDFA.""}"
high_school_recruits,star_outcome_weights.csv,star_outcome_weights,weight_distribution,19,star_outcome_weights:19,"{""star_group"":""4_low"",""outcome"":""overranked"",""weight"":""0.18"",""college_potential_min"":""60"",""college_potential_max"":""76"",""development_trait_bonus"":""-2"",""bust_risk_modifier"":""0.14"",""sleeper_score_modifier"":""0.0"",""estimated_draft_probability"":""0.08"",""estimated_nfl_starter_probability"":""0.01"",""notes"":""Rank inflated.""}"
high_school_recruits,star_outcome_weights.csv,star_outcome_weights,weight_distribution,20,star_outcome_weights:20,"{""star_group"":""4_low"",""outcome"":""bust"",""weight"":""0.065"",""college_potential_min"":""50"",""college_potential_max"":""68"",""development_trait_bonus"":""-5"",""bust_risk_modifier"":""0.25"",""sleeper_score_modifier"":""0.0"",""estimated_draft_probability"":""0.03"",""estimated_nfl_starter_probability"":""0.0"",""notes"":""Major miss.""}"
high_school_recruits,star_outcome_weights.csv,star_outcome_weights,weight_distribution,21,star_outcome_weights:21,"{""star_group"":""3_high"",""outcome"":""major_sleeper"",""weight"":""0.035"",""college_potential_min"":""88"",""college_potential_max"":""95"",""development_trait_bonus"":""8"",""bust_risk_modifier"":""-0.03"",""sleeper_score_modifier"":""0.35"",""estimated_draft_probability"":""0.25"",""estimated_nfl_starter_probability"":""0.1"",""notes"":""Rare future star despite 3-star label.""}"
high_school_recruits,star_outcome_weights.csv,star_outcome_weights,weight_distribution,22,star_outcome_weights:22,"{""star_group"":""3_high"",""outcome"":""sleeper"",""weight"":""0.12"",""college_potential_min"":""82"",""college_potential_max"":""90"",""development_trait_bonus"":""5"",""bust_risk_modifier"":""-0.02"",""sleeper_score_modifier"":""0.22"",""estimated_draft_probability"":""0.16"",""estimated_nfl_starter_probability"":""0.05"",""notes"":""Becomes much better than ranking.""}"
high_school_recruits,star_outcome_weights.csv,star_outcome_weights,weight_distribution,23,star_outcome_weights:23,"{""star_group"":""3_high"",""outcome"":""normal_impact"",""weight"":""0.38"",""college_potential_min"":""72"",""college_potential_max"":""84"",""development_trait_bonus"":""2"",""bust_risk_modifier"":""0.0"",""sleeper_score_modifier"":""0.05"",""estimated_draft_probability"":""0.09"",""estimated_nfl_starter_probability"":""0.02"",""notes"":""Good college player if development hits.""}"
high_school_recruits,star_outcome_weights.csv,star_outcome_weights,weight_distribution,24,star_outcome_weights:24,"{""star_group"":""3_high"",""outcome"":""rotation_starter"",""weight"":""0.31"",""college_potential_min"":""64"",""college_potential_max"":""78"",""development_trait_bonus"":""0"",""bust_risk_modifier"":""0.03"",""sleeper_score_modifier"":""0.0"",""estimated_draft_probability"":""0.04"",""estimated_nfl_starter_probability"":""0.01"",""notes"":""Useful contributor.""}"
high_school_recruits,star_outcome_weights.csv,star_outcome_weights,weight_distribution,25,star_outcome_weights:25,"{""star_group"":""3_high"",""outcome"":""limited_ceiling"",""weight"":""0.12"",""college_potential_min"":""52"",""college_potential_max"":""68"",""development_trait_bonus"":""-3"",""bust_risk_modifier"":""0.15"",""sleeper_score_modifier"":""0.0"",""estimated_draft_probability"":""0.01"",""estimated_nfl_starter_probability"":""0.0"",""notes"":""Depth path.""}"
high_school_recruits,star_outcome_weights.csv,star_outcome_weights,weight_distribution,26,star_outcome_weights:26,"{""star_group"":""3_high"",""outcome"":""miss"",""weight"":""0.035"",""college_potential_min"":""42"",""college_potential_max"":""58"",""development_trait_bonus"":""-5"",""bust_risk_modifier"":""0.25"",""sleeper_score_modifier"":""0.0"",""estimated_draft_probability"":""0.0"",""estimated_nfl_starter_probability"":""0.0"",""notes"":""Never becomes contributor.""}"
high_school_recruits,star_outcome_weights.csv,star_outcome_weights,weight_distribution,27,star_outcome_weights:27,"{""star_group"":""3_mid"",""outcome"":""major_sleeper"",""weight"":""0.018"",""college_potential_min"":""86"",""college_potential_max"":""93"",""development_trait_bonus"":""8"",""bust_risk_modifier"":""-0.03"",""sleeper_score_modifier"":""0.4"",""estimated_draft_probability"":""0.14"",""estimated_nfl_starter_probability"":""0.05"",""notes"":""Rare big hit.""}"
high_school_recruits,star_outcome_weights.csv,star_outcome_weights,weight_distribution,28,star_outcome_weights:28,"{""star_group"":""3_mid"",""outcome"":""sleeper"",""weight"":""0.085"",""college_potential_min"":""78"",""college_potential_max"":""88"",""development_trait_bonus"":""5"",""bust_risk_modifier"":""-0.02"",""sleeper_score_modifier"":""0.25"",""estimated_draft_probability"":""0.08"",""estimated_nfl_starter_probability"":""0.02"",""notes"":""Underrated developmental player.""}"
high_school_recruits,star_outcome_weights.csv,star_outcome_weights,weight_distribution,29,star_outcome_weights:29,"{""star_group"":""3_mid"",""outcome"":""normal_contributor"",""weight"":""0.36"",""college_potential_min"":""66"",""college_potential_max"":""80"",""development_trait_bonus"":""1"",""bust_risk_modifier"":""0.01"",""sleeper_score_modifier"":""0.04"",""estimated_draft_probability"":""0.035"",""estimated_nfl_starter_probability"":""0.006"",""notes"":""Normal useful college path.""}"
high_school_recruits,star_outcome_weights.csv,star_outcome_weights,weight_distribution,30,star_outcome_weights:30,"{""star_group"":""3_mid"",""outcome"":""rotation_depth"",""weight"":""0.35"",""college_potential_min"":""56"",""college_potential_max"":""72"",""development_trait_bonus"":""0"",""bust_risk_modifier"":""0.04"",""sleeper_score_modifier"":""0.0"",""estimated_draft_probability"":""0.012"",""estimated_nfl_starter_probability"":""0.001"",""notes"":""Mostly depth/rotation.""}"
high_school_recruits,star_outcome_weights.csv,star_outcome_weights,weight_distribution,31,star_outcome_weights:31,"{""star_group"":""3_mid"",""outcome"":""limited_ceiling"",""weight"":""0.14"",""college_potential_min"":""46"",""college_potential_max"":""62"",""development_trait_bonus"":""-3"",""bust_risk_modifier"":""0.16"",""sleeper_score_modifier"":""0.0"",""estimated_draft_probability"":""0.002"",""estimated_nfl_starter_probability"":""0.0"",""notes"":""Limited upside.""}"
high_school_recruits,star_outcome_weights.csv,star_outcome_weights,weight_distribution,32,star_outcome_weights:32,"{""star_group"":""3_mid"",""outcome"":""miss"",""weight"":""0.047"",""college_potential_min"":""36"",""college_potential_max"":""52"",""development_trait_bonus"":""-5"",""bust_risk_modifier"":""0.25"",""sleeper_score_modifier"":""0.0"",""estimated_draft_probability"":""0.0"",""estimated_nfl_starter_probability"":""0.0"",""notes"":""Non-contributor.""}"
high_school_recruits,star_outcome_weights.csv,star_outcome_weights,weight_distribution,33,star_outcome_weights:33,"{""star_group"":""3_low"",""outcome"":""major_sleeper"",""weight"":""0.008"",""college_potential_min"":""84"",""college_potential_max"":""92"",""development_trait_bonus"":""8"",""bust_risk_modifier"":""-0.03"",""sleeper_score_modifier"":""0.45"",""estimated_draft_probability"":""0.07"",""estimated_nfl_starter_probability"":""0.02"",""notes"":""Very rare 3-star low-band gem.""}"
high_school_recruits,star_outcome_weights.csv,star_outcome_weights,weight_distribution,34,star_outcome_weights:34,"{""star_group"":""3_low"",""outcome"":""sleeper"",""weight"":""0.045"",""college_potential_min"":""74"",""college_potential_max"":""86"",""development_trait_bonus"":""5"",""bust_risk_modifier"":""-0.02"",""sleeper_score_modifier"":""0.28"",""estimated_draft_probability"":""0.035"",""estimated_nfl_starter_probability"":""0.006"",""notes"":""Develops well beyond ranking.""}"
high_school_recruits,star_outcome_weights.csv,star_outcome_weights,weight_distribution,35,star_outcome_weights:35,"{""star_group"":""3_low"",""outcome"":""normal_contributor"",""weight"":""0.3"",""college_potential_min"":""60"",""college_potential_max"":""76"",""development_trait_bonus"":""1"",""bust_risk_modifier"":""0.02"",""sleeper_score_modifier"":""0.04"",""estimated_draft_probability"":""0.012"",""estimated_nfl_starter_probability"":""0.001"",""notes"":""Some college usefulness.""}"
high_school_recruits,star_outcome_weights.csv,star_outcome_weights,weight_distribution,36,star_outcome_weights:36,"{""star_group"":""3_low"",""outcome"":""rotation_depth"",""weight"":""0.39"",""college_potential_min"":""50"",""college_potential_max"":""68"",""development_trait_bonus"":""0"",""bust_risk_modifier"":""0.05"",""sleeper_score_modifier"":""0.0"",""estimated_draft_probability"":""0.003"",""estimated_nfl_starter_probability"":""0.0"",""notes"":""Depth/rotation.""}"
high_school_recruits,star_outcome_weights.csv,star_outcome_weights,weight_distribution,37,star_outcome_weights:37,"{""star_group"":""3_low"",""outcome"":""limited_ceiling"",""weight"":""0.2"",""college_potential_min"":""40"",""college_potential_max"":""58"",""development_trait_bonus"":""-3"",""bust_risk_modifier"":""0.16"",""sleeper_score_modifier"":""0.0"",""estimated_draft_probability"":""0.0005"",""estimated_nfl_starter_probability"":""0.0"",""notes"":""Limited upside.""}"
high_school_recruits,star_outcome_weights.csv,star_outcome_weights,weight_distribution,38,star_outcome_weights:38,"{""star_group"":""3_low"",""outcome"":""miss"",""weight"":""0.057"",""college_potential_min"":""30"",""college_potential_max"":""48"",""development_trait_bonus"":""-5"",""bust_risk_modifier"":""0.26"",""sleeper_score_modifier"":""0.0"",""estimated_draft_probability"":""0.0"",""estimated_nfl_starter_probability"":""0.0"",""notes"":""Non-contributor.""}"
high_school_recruits,star_outcome_weights.csv,star_outcome_weights,weight_distribution,39,star_outcome_weights:39,"{""star_group"":""2_or_unranked"",""outcome"":""major_sleeper"",""weight"":""0.0035"",""college_potential_min"":""82"",""college_potential_max"":""91"",""development_trait_bonus"":""9"",""bust_risk_modifier"":""-0.02"",""sleeper_score_modifier"":""0.55"",""estimated_draft_probability"":""0.03"",""estimated_nfl_starter_probability"":""0.008"",""notes"":""Extremely rare hidden gem.""}"
high_school_recruits,star_outcome_weights.csv,star_outcome_weights,weight_distribution,40,star_outcome_weights:40,"{""star_group"":""2_or_unranked"",""outcome"":""sleeper"",""weight"":""0.018"",""college_potential_min"":""70"",""college_potential_max"":""84"",""development_trait_bonus"":""6"",""bust_risk_modifier"":""-0.01"",""sleeper_score_modifier"":""0.35"",""estimated_draft_probability"":""0.01"",""estimated_nfl_starter_probability"":""0.0015"",""notes"":""Rare meaningful under-evaluation.""}"
high_school_recruits,star_outcome_weights.csv,star_outcome_weights,weight_distribution,41,star_outcome_weights:41,"{""star_group"":""2_or_unranked"",""outcome"":""late_bloomer"",""weight"":""0.055"",""college_potential_min"":""60"",""college_potential_max"":""78"",""development_trait_bonus"":""4"",""bust_risk_modifier"":""0.02"",""sleeper_score_modifier"":""0.18"",""estimated_draft_probability"":""0.003"",""estimated_nfl_starter_probability"":""0.0003"",""notes"":""Can become useful with time.""}"
high_school_recruits,star_outcome_weights.csv,star_outcome_weights,weight_distribution,42,star_outcome_weights:42,"{""star_group"":""2_or_unranked"",""outcome"":""normal_depth"",""weight"":""0.42"",""college_potential_min"":""46"",""college_potential_max"":""66"",""development_trait_bonus"":""0"",""bust_risk_modifier"":""0.06"",""sleeper_score_modifier"":""0.0"",""estimated_draft_probability"":""0.0005"",""estimated_nfl_starter_probability"":""0.0"",""notes"":""Mostly depth/FCS/G5.""}"
high_school_recruits,star_outcome_weights.csv,star_outcome_weights,weight_distribution,43,star_outcome_weights:43,"{""star_group"":""2_or_unranked"",""outcome"":""limited_ceiling"",""weight"":""0.34"",""college_potential_min"":""34"",""college_potential_max"":""54"",""development_trait_bonus"":""-3"",""bust_risk_modifier"":""0.16"",""sleeper_score_modifier"":""0.0"",""estimated_draft_probability"":""0.0"",""estimated_nfl_starter_probability"":""0.0"",""notes"":""Low ceiling.""}"
high_school_recruits,star_outcome_weights.csv,star_outcome_weights,weight_distribution,44,star_outcome_weights:44,"{""star_group"":""2_or_unranked"",""outcome"":""miss"",""weight"":""0.1635"",""college_potential_min"":""20"",""college_potential_max"":""42"",""development_trait_bonus"":""-5"",""bust_risk_modifier"":""0.26"",""sleeper_score_modifier"":""0.0"",""estimated_draft_probability"":""0.0"",""estimated_nfl_starter_probability"":""0.0"",""notes"":""Never reaches major contributor status.""}"
high_school_recruits,star_scouting_visibility_rules.csv,star_scouting_visibility_rules,rule,1,star_scouting_visibility_rules:1,"{""star_group"":""5"",""visibility_case"":""normal"",""confidence_min"":""72"",""confidence_max"":""90"",""overall_noise_min"":""2"",""overall_noise_max"":""7"",""potential_noise_min"":""4"",""potential_noise_max"":""11"",""notes"":""Lower-rated sleepers should often be less visible to evaluators; busts may look safer than they are.""}"
high_school_recruits,star_scouting_visibility_rules.csv,star_scouting_visibility_rules,rule,2,star_scouting_visibility_rules:2,"{""star_group"":""5"",""visibility_case"":""sleeper"",""confidence_min"":""64"",""confidence_max"":""82"",""overall_noise_min"":""2"",""overall_noise_max"":""7"",""potential_noise_min"":""4"",""potential_noise_max"":""11"",""notes"":""Lower-rated sleepers should often be less visible to evaluators; busts may look safer than they are.""}"
high_school_recruits,star_scouting_visibility_rules.csv,star_scouting_visibility_rules,rule,3,star_scouting_visibility_rules:3,"{""star_group"":""5"",""visibility_case"":""major_sleeper"",""confidence_min"":""58"",""confidence_max"":""76"",""overall_noise_min"":""2"",""overall_noise_max"":""7"",""potential_noise_min"":""4"",""potential_noise_max"":""11"",""notes"":""Lower-rated sleepers should often be less visible to evaluators; busts may look safer than they are.""}"
high_school_recruits,star_scouting_visibility_rules.csv,star_scouting_visibility_rules,rule,4,star_scouting_visibility_rules:4,"{""star_group"":""5"",""visibility_case"":""bust"",""confidence_min"":""76"",""confidence_max"":""94"",""overall_noise_min"":""2"",""overall_noise_max"":""7"",""potential_noise_min"":""4"",""potential_noise_max"":""11"",""notes"":""Lower-rated sleepers should often be less visible to evaluators; busts may look safer than they are.""}"
high_school_recruits,star_scouting_visibility_rules.csv,star_scouting_visibility_rules,rule,5,star_scouting_visibility_rules:5,"{""star_group"":""5"",""visibility_case"":""overranked"",""confidence_min"":""74"",""confidence_max"":""92"",""overall_noise_min"":""2"",""overall_noise_max"":""7"",""potential_noise_min"":""4"",""potential_noise_max"":""11"",""notes"":""Lower-rated sleepers should often be less visible to evaluators; busts may look safer than they are.""}"
high_school_recruits,star_scouting_visibility_rules.csv,star_scouting_visibility_rules,rule,6,star_scouting_visibility_rules:6,"{""star_group"":""4_high"",""visibility_case"":""normal"",""confidence_min"":""62"",""confidence_max"":""84"",""overall_noise_min"":""4"",""overall_noise_max"":""10"",""potential_noise_min"":""6"",""potential_noise_max"":""14"",""notes"":""Lower-rated sleepers should often be less visible to evaluators; busts may look safer than they are.""}"
high_school_recruits,star_scouting_visibility_rules.csv,star_scouting_visibility_rules,rule,7,star_scouting_visibility_rules:7,"{""star_group"":""4_high"",""visibility_case"":""sleeper"",""confidence_min"":""54"",""confidence_max"":""76"",""overall_noise_min"":""4"",""overall_noise_max"":""10"",""potential_noise_min"":""6"",""potential_noise_max"":""14"",""notes"":""Lower-rated sleepers should often be less visible to evaluators; busts may look safer than they are.""}"
high_school_recruits,star_scouting_visibility_rules.csv,star_scouting_visibility_rules,rule,8,star_scouting_visibility_rules:8,"{""star_group"":""4_high"",""visibility_case"":""major_sleeper"",""confidence_min"":""48"",""confidence_max"":""70"",""overall_noise_min"":""4"",""overall_noise_max"":""10"",""potential_noise_min"":""6"",""potential_noise_max"":""14"",""notes"":""Lower-rated sleepers should often be less visible to evaluators; busts may look safer than they are.""}"
high_school_recruits,star_scouting_visibility_rules.csv,star_scouting_visibility_rules,rule,9,star_scouting_visibility_rules:9,"{""star_group"":""4_high"",""visibility_case"":""bust"",""confidence_min"":""66"",""confidence_max"":""88"",""overall_noise_min"":""4"",""overall_noise_max"":""10"",""potential_noise_min"":""6"",""potential_noise_max"":""14"",""notes"":""Lower-rated sleepers should often be less visible to evaluators; busts may look safer than they are.""}"
high_school_recruits,star_scouting_visibility_rules.csv,star_scouting_visibility_rules,rule,10,star_scouting_visibility_rules:10,"{""star_group"":""4_high"",""visibility_case"":""overranked"",""confidence_min"":""64"",""confidence_max"":""86"",""overall_noise_min"":""4"",""overall_noise_max"":""10"",""potential_noise_min"":""6"",""potential_noise_max"":""14"",""notes"":""Lower-rated sleepers should often be less visible to evaluators; busts may look safer than they are.""}"
high_school_recruits,star_scouting_visibility_rules.csv,star_scouting_visibility_rules,rule,11,star_scouting_visibility_rules:11,"{""star_group"":""4_mid"",""visibility_case"":""normal"",""confidence_min"":""62"",""confidence_max"":""84"",""overall_noise_min"":""4"",""overall_noise_max"":""10"",""potential_noise_min"":""6"",""potential_noise_max"":""14"",""notes"":""Lower-rated sleepers should often be less visible to evaluators; busts may look safer than they are.""}"
high_school_recruits,star_scouting_visibility_rules.csv,star_scouting_visibility_rules,rule,12,star_scouting_visibility_rules:12,"{""star_group"":""4_mid"",""visibility_case"":""sleeper"",""confidence_min"":""54"",""confidence_max"":""76"",""overall_noise_min"":""4"",""overall_noise_max"":""10"",""potential_noise_min"":""6"",""potential_noise_max"":""14"",""notes"":""Lower-rated sleepers should often be less visible to evaluators; busts may look safer than they are.""}"
high_school_recruits,star_scouting_visibility_rules.csv,star_scouting_visibility_rules,rule,13,star_scouting_visibility_rules:13,"{""star_group"":""4_mid"",""visibility_case"":""major_sleeper"",""confidence_min"":""48"",""confidence_max"":""70"",""overall_noise_min"":""4"",""overall_noise_max"":""10"",""potential_noise_min"":""6"",""potential_noise_max"":""14"",""notes"":""Lower-rated sleepers should often be less visible to evaluators; busts may look safer than they are.""}"
high_school_recruits,star_scouting_visibility_rules.csv,star_scouting_visibility_rules,rule,14,star_scouting_visibility_rules:14,"{""star_group"":""4_mid"",""visibility_case"":""bust"",""confidence_min"":""66"",""confidence_max"":""88"",""overall_noise_min"":""4"",""overall_noise_max"":""10"",""potential_noise_min"":""6"",""potential_noise_max"":""14"",""notes"":""Lower-rated sleepers should often be less visible to evaluators; busts may look safer than they are.""}"
high_school_recruits,star_scouting_visibility_rules.csv,star_scouting_visibility_rules,rule,15,star_scouting_visibility_rules:15,"{""star_group"":""4_mid"",""visibility_case"":""overranked"",""confidence_min"":""64"",""confidence_max"":""86"",""overall_noise_min"":""4"",""overall_noise_max"":""10"",""potential_noise_min"":""6"",""potential_noise_max"":""14"",""notes"":""Lower-rated sleepers should often be less visible to evaluators; busts may look safer than they are.""}"
high_school_recruits,star_scouting_visibility_rules.csv,star_scouting_visibility_rules,rule,16,star_scouting_visibility_rules:16,"{""star_group"":""4_low"",""visibility_case"":""normal"",""confidence_min"":""62"",""confidence_max"":""84"",""overall_noise_min"":""4"",""overall_noise_max"":""10"",""potential_noise_min"":""6"",""potential_noise_max"":""14"",""notes"":""Lower-rated sleepers should often be less visible to evaluators; busts may look safer than they are.""}"
high_school_recruits,star_scouting_visibility_rules.csv,star_scouting_visibility_rules,rule,17,star_scouting_visibility_rules:17,"{""star_group"":""4_low"",""visibility_case"":""sleeper"",""confidence_min"":""54"",""confidence_max"":""76"",""overall_noise_min"":""4"",""overall_noise_max"":""10"",""potential_noise_min"":""6"",""potential_noise_max"":""14"",""notes"":""Lower-rated sleepers should often be less visible to evaluators; busts may look safer than they are.""}"
high_school_recruits,star_scouting_visibility_rules.csv,star_scouting_visibility_rules,rule,18,star_scouting_visibility_rules:18,"{""star_group"":""4_low"",""visibility_case"":""major_sleeper"",""confidence_min"":""48"",""confidence_max"":""70"",""overall_noise_min"":""4"",""overall_noise_max"":""10"",""potential_noise_min"":""6"",""potential_noise_max"":""14"",""notes"":""Lower-rated sleepers should often be less visible to evaluators; busts may look safer than they are.""}"
high_school_recruits,star_scouting_visibility_rules.csv,star_scouting_visibility_rules,rule,19,star_scouting_visibility_rules:19,"{""star_group"":""4_low"",""visibility_case"":""bust"",""confidence_min"":""66"",""confidence_max"":""88"",""overall_noise_min"":""4"",""overall_noise_max"":""10"",""potential_noise_min"":""6"",""potential_noise_max"":""14"",""notes"":""Lower-rated sleepers should often be less visible to evaluators; busts may look safer than they are.""}"
high_school_recruits,star_scouting_visibility_rules.csv,star_scouting_visibility_rules,rule,20,star_scouting_visibility_rules:20,"{""star_group"":""4_low"",""visibility_case"":""overranked"",""confidence_min"":""64"",""confidence_max"":""86"",""overall_noise_min"":""4"",""overall_noise_max"":""10"",""potential_noise_min"":""6"",""potential_noise_max"":""14"",""notes"":""Lower-rated sleepers should often be less visible to evaluators; busts may look safer than they are.""}"
high_school_recruits,star_scouting_visibility_rules.csv,star_scouting_visibility_rules,rule,21,star_scouting_visibility_rules:21,"{""star_group"":""3_high"",""visibility_case"":""normal"",""confidence_min"":""48"",""confidence_max"":""76"",""overall_noise_min"":""7"",""overall_noise_max"":""16"",""potential_noise_min"":""9"",""potential_noise_max"":""20"",""notes"":""Lower-rated sleepers should often be less visible to evaluators; busts may look safer than they are.""}"
high_school_recruits,star_scouting_visibility_rules.csv,star_scouting_visibility_rules,rule,22,star_scouting_visibility_rules:22,"{""star_group"":""3_high"",""visibility_case"":""sleeper"",""confidence_min"":""40"",""confidence_max"":""68"",""overall_noise_min"":""7"",""overall_noise_max"":""16"",""potential_noise_min"":""9"",""potential_noise_max"":""20"",""notes"":""Lower-rated sleepers should often be less visible to evaluators; busts may look safer than they are.""}"
high_school_recruits,star_scouting_visibility_rules.csv,star_scouting_visibility_rules,rule,23,star_scouting_visibility_rules:23,"{""star_group"":""3_high"",""visibility_case"":""major_sleeper"",""confidence_min"":""34"",""confidence_max"":""62"",""overall_noise_min"":""7"",""overall_noise_max"":""16"",""potential_noise_min"":""9"",""potential_noise_max"":""20"",""notes"":""Lower-rated sleepers should often be less visible to evaluators; busts may look safer than they are.""}"
high_school_recruits,star_scouting_visibility_rules.csv,star_scouting_visibility_rules,rule,24,star_scouting_visibility_rules:24,"{""star_group"":""3_high"",""visibility_case"":""bust"",""confidence_min"":""52"",""confidence_max"":""80"",""overall_noise_min"":""7"",""overall_noise_max"":""16"",""potential_noise_min"":""9"",""potential_noise_max"":""20"",""notes"":""Lower-rated sleepers should often be less visible to evaluators; busts may look safer than they are.""}"
high_school_recruits,star_scouting_visibility_rules.csv,star_scouting_visibility_rules,rule,25,star_scouting_visibility_rules:25,"{""star_group"":""3_high"",""visibility_case"":""overranked"",""confidence_min"":""50"",""confidence_max"":""78"",""overall_noise_min"":""7"",""overall_noise_max"":""16"",""potential_noise_min"":""9"",""potential_noise_max"":""20"",""notes"":""Lower-rated sleepers should often be less visible to evaluators; busts may look safer than they are.""}"
high_school_recruits,star_scouting_visibility_rules.csv,star_scouting_visibility_rules,rule,26,star_scouting_visibility_rules:26,"{""star_group"":""3_mid"",""visibility_case"":""normal"",""confidence_min"":""38"",""confidence_max"":""68"",""overall_noise_min"":""9"",""overall_noise_max"":""20"",""potential_noise_min"":""11"",""potential_noise_max"":""24"",""notes"":""Lower-rated sleepers should often be less visible to evaluators; busts may look safer than they are.""}"
high_school_recruits,star_scouting_visibility_rules.csv,star_scouting_visibility_rules,rule,27,star_scouting_visibility_rules:27,"{""star_group"":""3_mid"",""visibility_case"":""sleeper"",""confidence_min"":""30"",""confidence_max"":""60"",""overall_noise_min"":""9"",""overall_noise_max"":""20"",""potential_noise_min"":""11"",""potential_noise_max"":""24"",""notes"":""Lower-rated sleepers should often be less visible to evaluators; busts may look safer than they are.""}"
high_school_recruits,star_scouting_visibility_rules.csv,star_scouting_visibility_rules,rule,28,star_scouting_visibility_rules:28,"{""star_group"":""3_mid"",""visibility_case"":""major_sleeper"",""confidence_min"":""24"",""confidence_max"":""54"",""overall_noise_min"":""9"",""overall_noise_max"":""20"",""potential_noise_min"":""11"",""potential_noise_max"":""24"",""notes"":""Lower-rated sleepers should often be less visible to evaluators; busts may look safer than they are.""}"
high_school_recruits,star_scouting_visibility_rules.csv,star_scouting_visibility_rules,rule,29,star_scouting_visibility_rules:29,"{""star_group"":""3_mid"",""visibility_case"":""bust"",""confidence_min"":""42"",""confidence_max"":""72"",""overall_noise_min"":""9"",""overall_noise_max"":""20"",""potential_noise_min"":""11"",""potential_noise_max"":""24"",""notes"":""Lower-rated sleepers should often be less visible to evaluators; busts may look safer than they are.""}"
high_school_recruits,star_scouting_visibility_rules.csv,star_scouting_visibility_rules,rule,30,star_scouting_visibility_rules:30,"{""star_group"":""3_mid"",""visibility_case"":""overranked"",""confidence_min"":""40"",""confidence_max"":""70"",""overall_noise_min"":""9"",""overall_noise_max"":""20"",""potential_noise_min"":""11"",""potential_noise_max"":""24"",""notes"":""Lower-rated sleepers should often be less visible to evaluators; busts may look safer than they are.""}"
high_school_recruits,star_scouting_visibility_rules.csv,star_scouting_visibility_rules,rule,31,star_scouting_visibility_rules:31,"{""star_group"":""3_low"",""visibility_case"":""normal"",""confidence_min"":""30"",""confidence_max"":""60"",""overall_noise_min"":""11"",""overall_noise_max"":""24"",""potential_noise_min"":""13"",""potential_noise_max"":""28"",""notes"":""Lower-rated sleepers should often be less visible to evaluators; busts may look safer than they are.""}"
high_school_recruits,star_scouting_visibility_rules.csv,star_scouting_visibility_rules,rule,32,star_scouting_visibility_rules:32,"{""star_group"":""3_low"",""visibility_case"":""sleeper"",""confidence_min"":""22"",""confidence_max"":""52"",""overall_noise_min"":""11"",""overall_noise_max"":""24"",""potential_noise_min"":""13"",""potential_noise_max"":""28"",""notes"":""Lower-rated sleepers should often be less visible to evaluators; busts may look safer than they are.""}"
high_school_recruits,star_scouting_visibility_rules.csv,star_scouting_visibility_rules,rule,33,star_scouting_visibility_rules:33,"{""star_group"":""3_low"",""visibility_case"":""major_sleeper"",""confidence_min"":""16"",""confidence_max"":""46"",""overall_noise_min"":""11"",""overall_noise_max"":""24"",""potential_noise_min"":""13"",""potential_noise_max"":""28"",""notes"":""Lower-rated sleepers should often be less visible to evaluators; busts may look safer than they are.""}"
high_school_recruits,star_scouting_visibility_rules.csv,star_scouting_visibility_rules,rule,34,star_scouting_visibility_rules:34,"{""star_group"":""3_low"",""visibility_case"":""bust"",""confidence_min"":""34"",""confidence_max"":""64"",""overall_noise_min"":""11"",""overall_noise_max"":""24"",""potential_noise_min"":""13"",""potential_noise_max"":""28"",""notes"":""Lower-rated sleepers should often be less visible to evaluators; busts may look safer than they are.""}"
high_school_recruits,star_scouting_visibility_rules.csv,star_scouting_visibility_rules,rule,35,star_scouting_visibility_rules:35,"{""star_group"":""3_low"",""visibility_case"":""overranked"",""confidence_min"":""32"",""confidence_max"":""62"",""overall_noise_min"":""11"",""overall_noise_max"":""24"",""potential_noise_min"":""13"",""potential_noise_max"":""28"",""notes"":""Lower-rated sleepers should often be less visible to evaluators; busts may look safer than they are.""}"
high_school_recruits,star_scouting_visibility_rules.csv,star_scouting_visibility_rules,rule,36,star_scouting_visibility_rules:36,"{""star_group"":""2_or_unranked"",""visibility_case"":""normal"",""confidence_min"":""18"",""confidence_max"":""52"",""overall_noise_min"":""14"",""overall_noise_max"":""32"",""potential_noise_min"":""16"",""potential_noise_max"":""36"",""notes"":""Lower-rated sleepers should often be less visible to evaluators; busts may look safer than they are.""}"
high_school_recruits,star_scouting_visibility_rules.csv,star_scouting_visibility_rules,rule,37,star_scouting_visibility_rules:37,"{""star_group"":""2_or_unranked"",""visibility_case"":""sleeper"",""confidence_min"":""10"",""confidence_max"":""44"",""overall_noise_min"":""14"",""overall_noise_max"":""32"",""potential_noise_min"":""16"",""potential_noise_max"":""36"",""notes"":""Lower-rated sleepers should often be less visible to evaluators; busts may look safer than they are.""}"
high_school_recruits,star_scouting_visibility_rules.csv,star_scouting_visibility_rules,rule,38,star_scouting_visibility_rules:38,"{""star_group"":""2_or_unranked"",""visibility_case"":""major_sleeper"",""confidence_min"":""4"",""confidence_max"":""38"",""overall_noise_min"":""14"",""overall_noise_max"":""32"",""potential_noise_min"":""16"",""potential_noise_max"":""36"",""notes"":""Lower-rated sleepers should often be less visible to evaluators; busts may look safer than they are.""}"
high_school_recruits,star_scouting_visibility_rules.csv,star_scouting_visibility_rules,rule,39,star_scouting_visibility_rules:39,"{""star_group"":""2_or_unranked"",""visibility_case"":""bust"",""confidence_min"":""22"",""confidence_max"":""56"",""overall_noise_min"":""14"",""overall_noise_max"":""32"",""potential_noise_min"":""16"",""potential_noise_max"":""36"",""notes"":""Lower-rated sleepers should often be less visible to evaluators; busts may look safer than they are.""}"
high_school_recruits,star_scouting_visibility_rules.csv,star_scouting_visibility_rules,rule,40,star_scouting_visibility_rules:40,"{""star_group"":""2_or_unranked"",""visibility_case"":""overranked"",""confidence_min"":""20"",""confidence_max"":""54"",""overall_noise_min"":""14"",""overall_noise_max"":""32"",""potential_noise_min"":""16"",""potential_noise_max"":""36"",""notes"":""Lower-rated sleepers should often be less visible to evaluators; busts may look safer than they are.""}"
high_school_recruits,star_to_college_development_path_weights.csv,star_to_college_development_path_weights,weight_distribution,1,star_to_college_development_path_weights:1,"{""star_group"":""5"",""development_path"":""early_star"",""notes"":""immediate contributor by year1, high production path"",""weight"":""0.189189""}"
high_school_recruits,star_to_college_development_path_weights.csv,star_to_college_development_path_weights,weight_distribution,2,star_to_college_development_path_weights:2,"{""star_group"":""5"",""development_path"":""normal_development"",""notes"":""gradual starter/rotation path"",""weight"":""0.432432""}"
high_school_recruits,star_to_college_development_path_weights.csv,star_to_college_development_path_weights,weight_distribution,3,star_to_college_development_path_weights:3,"{""star_group"":""5"",""development_path"":""late_breakout"",""notes"":""minimal early production, strong year3/year4 rise"",""weight"":""0.126126""}"
high_school_recruits,star_to_college_development_path_weights.csv,star_to_college_development_path_weights,weight_distribution,4,star_to_college_development_path_weights:4,"{""star_group"":""5"",""development_path"":""blocked_depth"",""notes"":""buried behind depth, transfer/late opportunity likely"",""weight"":""0.108108""}"
high_school_recruits,star_to_college_development_path_weights.csv,star_to_college_development_path_weights,weight_distribution,5,star_to_college_development_path_weights:5,"{""star_group"":""5"",""development_path"":""injury_disrupted"",""notes"":""development slowed by injury history"",""weight"":""0.063063""}"
high_school_recruits,star_to_college_development_path_weights.csv,star_to_college_development_path_weights,weight_distribution,6,star_to_college_development_path_weights:6,"{""star_group"":""5"",""development_path"":""position_switch"",""notes"":""new position unlocks or limits growth"",""weight"":""0.045045""}"
high_school_recruits,star_to_college_development_path_weights.csv,star_to_college_development_path_weights,weight_distribution,7,star_to_college_development_path_weights:7,"{""star_group"":""5"",""development_path"":""stagnation"",""notes"":""does not materially improve from recruit profile"",""weight"":""0.036036""}"
high_school_recruits,star_to_college_development_path_weights.csv,star_to_college_development_path_weights,weight_distribution,8,star_to_college_development_path_weights:8,"{""star_group"":""4_high"",""development_path"":""early_star"",""notes"":""immediate contributor by year1, high production path"",""weight"":""0.126214""}"
high_school_recruits,star_to_college_development_path_weights.csv,star_to_college_development_path_weights,weight_distribution,9,star_to_college_development_path_weights:9,"{""star_group"":""4_high"",""development_path"":""normal_development"",""notes"":""gradual starter/rotation path"",""weight"":""0.466019""}"
high_school_recruits,star_to_college_development_path_weights.csv,star_to_college_development_path_weights,weight_distribution,10,star_to_college_development_path_weights:10,"{""star_group"":""4_high"",""development_path"":""late_breakout"",""notes"":""minimal early production, strong year3/year4 rise"",""weight"":""0.135922""}"
high_school_recruits,star_to_college_development_path_weights.csv,star_to_college_development_path_weights,weight_distribution,11,star_to_college_development_path_weights:11,"{""star_group"":""4_high"",""development_path"":""blocked_depth"",""notes"":""buried behind depth, transfer/late opportunity likely"",""weight"":""0.116505""}"
high_school_recruits,star_to_college_development_path_weights.csv,star_to_college_development_path_weights,weight_distribution,12,star_to_college_development_path_weights:12,"{""star_group"":""4_high"",""development_path"":""injury_disrupted"",""notes"":""development slowed by injury history"",""weight"":""0.067961""}"
high_school_recruits,star_to_college_development_path_weights.csv,star_to_college_development_path_weights,weight_distribution,13,star_to_college_development_path_weights:13,"{""star_group"":""4_high"",""development_path"":""position_switch"",""notes"":""new position unlocks or limits growth"",""weight"":""0.048544""}"
high_school_recruits,star_to_college_development_path_weights.csv,star_to_college_development_path_weights,weight_distribution,14,star_to_college_development_path_weights:14,"{""star_group"":""4_high"",""development_path"":""stagnation"",""notes"":""does not materially improve from recruit profile"",""weight"":""0.038835""}"
high_school_recruits,star_to_college_development_path_weights.csv,star_to_college_development_path_weights,weight_distribution,15,star_to_college_development_path_weights:15,"{""star_group"":""4_mid"",""development_path"":""early_star"",""notes"":""immediate contributor by year1, high production path"",""weight"":""0.126214""}"
high_school_recruits,star_to_college_development_path_weights.csv,star_to_college_development_path_weights,weight_distribution,16,star_to_college_development_path_weights:16,"{""star_group"":""4_mid"",""development_path"":""normal_development"",""notes"":""gradual starter/rotation path"",""weight"":""0.466019""}"
high_school_recruits,star_to_college_development_path_weights.csv,star_to_college_development_path_weights,weight_distribution,17,star_to_college_development_path_weights:17,"{""star_group"":""4_mid"",""development_path"":""late_breakout"",""notes"":""minimal early production, strong year3/year4 rise"",""weight"":""0.135922""}"
high_school_recruits,star_to_college_development_path_weights.csv,star_to_college_development_path_weights,weight_distribution,18,star_to_college_development_path_weights:18,"{""star_group"":""4_mid"",""development_path"":""blocked_depth"",""notes"":""buried behind depth, transfer/late opportunity likely"",""weight"":""0.116505""}"
high_school_recruits,star_to_college_development_path_weights.csv,star_to_college_development_path_weights,weight_distribution,19,star_to_college_development_path_weights:19,"{""star_group"":""4_mid"",""development_path"":""injury_disrupted"",""notes"":""development slowed by injury history"",""weight"":""0.067961""}"
high_school_recruits,star_to_college_development_path_weights.csv,star_to_college_development_path_weights,weight_distribution,20,star_to_college_development_path_weights:20,"{""star_group"":""4_mid"",""development_path"":""position_switch"",""notes"":""new position unlocks or limits growth"",""weight"":""0.048544""}"
high_school_recruits,star_to_college_development_path_weights.csv,star_to_college_development_path_weights,weight_distribution,21,star_to_college_development_path_weights:21,"{""star_group"":""4_mid"",""development_path"":""stagnation"",""notes"":""does not materially improve from recruit profile"",""weight"":""0.038835""}"
high_school_recruits,star_to_college_development_path_weights.csv,star_to_college_development_path_weights,weight_distribution,22,star_to_college_development_path_weights:22,"{""star_group"":""4_low"",""development_path"":""early_star"",""notes"":""immediate contributor by year1, high production path"",""weight"":""0.126214""}"
high_school_recruits,star_to_college_development_path_weights.csv,star_to_college_development_path_weights,weight_distribution,23,star_to_college_development_path_weights:23,"{""star_group"":""4_low"",""development_path"":""normal_development"",""notes"":""gradual starter/rotation path"",""weight"":""0.466019""}"
high_school_recruits,star_to_college_development_path_weights.csv,star_to_college_development_path_weights,weight_distribution,24,star_to_college_development_path_weights:24,"{""star_group"":""4_low"",""development_path"":""late_breakout"",""notes"":""minimal early production, strong year3/year4 rise"",""weight"":""0.135922""}"
high_school_recruits,star_to_college_development_path_weights.csv,star_to_college_development_path_weights,weight_distribution,25,star_to_college_development_path_weights:25,"{""star_group"":""4_low"",""development_path"":""blocked_depth"",""notes"":""buried behind depth, transfer/late opportunity likely"",""weight"":""0.116505""}"
high_school_recruits,star_to_college_development_path_weights.csv,star_to_college_development_path_weights,weight_distribution,26,star_to_college_development_path_weights:26,"{""star_group"":""4_low"",""development_path"":""injury_disrupted"",""notes"":""development slowed by injury history"",""weight"":""0.067961""}"
high_school_recruits,star_to_college_development_path_weights.csv,star_to_college_development_path_weights,weight_distribution,27,star_to_college_development_path_weights:27,"{""star_group"":""4_low"",""development_path"":""position_switch"",""notes"":""new position unlocks or limits growth"",""weight"":""0.048544""}"
high_school_recruits,star_to_college_development_path_weights.csv,star_to_college_development_path_weights,weight_distribution,28,star_to_college_development_path_weights:28,"{""star_group"":""4_low"",""development_path"":""stagnation"",""notes"":""does not materially improve from recruit profile"",""weight"":""0.038835""}"
high_school_recruits,star_to_college_development_path_weights.csv,star_to_college_development_path_weights,weight_distribution,29,star_to_college_development_path_weights:29,"{""star_group"":""3_high"",""development_path"":""early_star"",""notes"":""immediate contributor by year1, high production path"",""weight"":""0.094697""}"
high_school_recruits,star_to_college_development_path_weights.csv,star_to_college_development_path_weights,weight_distribution,30,star_to_college_development_path_weights:30,"{""star_group"":""3_high"",""development_path"":""normal_development"",""notes"":""gradual starter/rotation path"",""weight"":""0.454545""}"
high_school_recruits,star_to_college_development_path_weights.csv,star_to_college_development_path_weights,weight_distribution,31,star_to_college_development_path_weights:31,"{""star_group"":""3_high"",""development_path"":""late_breakout"",""notes"":""minimal early production, strong year3/year4 rise"",""weight"":""0.185606""}"
high_school_recruits,star_to_college_development_path_weights.csv,star_to_college_development_path_weights,weight_distribution,32,star_to_college_development_path_weights:32,"{""star_group"":""3_high"",""development_path"":""blocked_depth"",""notes"":""buried behind depth, transfer/late opportunity likely"",""weight"":""0.113636""}"
high_school_recruits,star_to_college_development_path_weights.csv,star_to_college_development_path_weights,weight_distribution,33,star_to_college_development_path_weights:33,"{""star_group"":""3_high"",""development_path"":""injury_disrupted"",""notes"":""development slowed by injury history"",""weight"":""0.066288""}"
high_school_recruits,star_to_college_development_path_weights.csv,star_to_college_development_path_weights,weight_distribution,34,star_to_college_development_path_weights:34,"{""star_group"":""3_high"",""development_path"":""position_switch"",""notes"":""new position unlocks or limits growth"",""weight"":""0.047348""}"
high_school_recruits,star_to_college_development_path_weights.csv,star_to_college_development_path_weights,weight_distribution,35,star_to_college_development_path_weights:35,"{""star_group"":""3_high"",""development_path"":""stagnation"",""notes"":""does not materially improve from recruit profile"",""weight"":""0.037879""}"
high_school_recruits,star_to_college_development_path_weights.csv,star_to_college_development_path_weights,weight_distribution,36,star_to_college_development_path_weights:36,"{""star_group"":""3_mid"",""development_path"":""early_star"",""notes"":""immediate contributor by year1, high production path"",""weight"":""0.094697""}"
high_school_recruits,star_to_college_development_path_weights.csv,star_to_college_development_path_weights,weight_distribution,37,star_to_college_development_path_weights:37,"{""star_group"":""3_mid"",""development_path"":""normal_development"",""notes"":""gradual starter/rotation path"",""weight"":""0.454545""}"
high_school_recruits,star_to_college_development_path_weights.csv,star_to_college_development_path_weights,weight_distribution,38,star_to_college_development_path_weights:38,"{""star_group"":""3_mid"",""development_path"":""late_breakout"",""notes"":""minimal early production, strong year3/year4 rise"",""weight"":""0.185606""}"
high_school_recruits,star_to_college_development_path_weights.csv,star_to_college_development_path_weights,weight_distribution,39,star_to_college_development_path_weights:39,"{""star_group"":""3_mid"",""development_path"":""blocked_depth"",""notes"":""buried behind depth, transfer/late opportunity likely"",""weight"":""0.113636""}"
high_school_recruits,star_to_college_development_path_weights.csv,star_to_college_development_path_weights,weight_distribution,40,star_to_college_development_path_weights:40,"{""star_group"":""3_mid"",""development_path"":""injury_disrupted"",""notes"":""development slowed by injury history"",""weight"":""0.066288""}"
high_school_recruits,star_to_college_development_path_weights.csv,star_to_college_development_path_weights,weight_distribution,41,star_to_college_development_path_weights:41,"{""star_group"":""3_mid"",""development_path"":""position_switch"",""notes"":""new position unlocks or limits growth"",""weight"":""0.047348""}"
high_school_recruits,star_to_college_development_path_weights.csv,star_to_college_development_path_weights,weight_distribution,42,star_to_college_development_path_weights:42,"{""star_group"":""3_mid"",""development_path"":""stagnation"",""notes"":""does not materially improve from recruit profile"",""weight"":""0.037879""}"
high_school_recruits,star_to_college_development_path_weights.csv,star_to_college_development_path_weights,weight_distribution,43,star_to_college_development_path_weights:43,"{""star_group"":""3_low"",""development_path"":""early_star"",""notes"":""immediate contributor by year1, high production path"",""weight"":""0.092593""}"
high_school_recruits,star_to_college_development_path_weights.csv,star_to_college_development_path_weights,weight_distribution,44,star_to_college_development_path_weights:44,"{""star_group"":""3_low"",""development_path"":""normal_development"",""notes"":""gradual starter/rotation path"",""weight"":""0.444444""}"
high_school_recruits,star_to_college_development_path_weights.csv,star_to_college_development_path_weights,weight_distribution,45,star_to_college_development_path_weights:45,"{""star_group"":""3_low"",""development_path"":""late_breakout"",""notes"":""minimal early production, strong year3/year4 rise"",""weight"":""0.181481""}"
high_school_recruits,star_to_college_development_path_weights.csv,star_to_college_development_path_weights,weight_distribution,46,star_to_college_development_path_weights:46,"{""star_group"":""3_low"",""development_path"":""blocked_depth"",""notes"":""buried behind depth, transfer/late opportunity likely"",""weight"":""0.111111""}"
high_school_recruits,star_to_college_development_path_weights.csv,star_to_college_development_path_weights,weight_distribution,47,star_to_college_development_path_weights:47,"{""star_group"":""3_low"",""development_path"":""injury_disrupted"",""notes"":""development slowed by injury history"",""weight"":""0.064815""}"
high_school_recruits,star_to_college_development_path_weights.csv,star_to_college_development_path_weights,weight_distribution,48,star_to_college_development_path_weights:48,"{""star_group"":""3_low"",""development_path"":""position_switch"",""notes"":""new position unlocks or limits growth"",""weight"":""0.046296""}"
high_school_recruits,star_to_college_development_path_weights.csv,star_to_college_development_path_weights,weight_distribution,49,star_to_college_development_path_weights:49,"{""star_group"":""3_low"",""development_path"":""stagnation"",""notes"":""does not materially improve from recruit profile"",""weight"":""0.059259""}"
high_school_recruits,star_to_college_development_path_weights.csv,star_to_college_development_path_weights,weight_distribution,50,star_to_college_development_path_weights:50,"{""star_group"":""2_or_unranked"",""development_path"":""early_star"",""notes"":""immediate contributor by year1, high production path"",""weight"":""0.088028""}"
high_school_recruits,star_to_college_development_path_weights.csv,star_to_college_development_path_weights,weight_distribution,51,star_to_college_development_path_weights:51,"{""star_group"":""2_or_unranked"",""development_path"":""normal_development"",""notes"":""gradual starter/rotation path"",""weight"":""0.422535""}"
high_school_recruits,star_to_college_development_path_weights.csv,star_to_college_development_path_weights,weight_distribution,52,star_to_college_development_path_weights:52,"{""star_group"":""2_or_unranked"",""development_path"":""late_breakout"",""notes"":""minimal early production, strong year3/year4 rise"",""weight"":""0.221831""}"
high_school_recruits,star_to_college_development_path_weights.csv,star_to_college_development_path_weights,weight_distribution,53,star_to_college_development_path_weights:53,"{""star_group"":""2_or_unranked"",""development_path"":""blocked_depth"",""notes"":""buried behind depth, transfer/late opportunity likely"",""weight"":""0.105634""}"
high_school_recruits,star_to_college_development_path_weights.csv,star_to_college_development_path_weights,weight_distribution,54,star_to_college_development_path_weights:54,"{""star_group"":""2_or_unranked"",""development_path"":""injury_disrupted"",""notes"":""development slowed by injury history"",""weight"":""0.06162""}"
high_school_recruits,star_to_college_development_path_weights.csv,star_to_college_development_path_weights,weight_distribution,55,star_to_college_development_path_weights:55,"{""star_group"":""2_or_unranked"",""development_path"":""position_switch"",""notes"":""new position unlocks or limits growth"",""weight"":""0.044014""}"
high_school_recruits,star_to_college_development_path_weights.csv,star_to_college_development_path_weights,weight_distribution,56,star_to_college_development_path_weights:56,"{""star_group"":""2_or_unranked"",""development_path"":""stagnation"",""notes"":""does not materially improve from recruit profile"",""weight"":""0.056338""}"
high_school_recruits,star_to_nfl_entry_outcome_weights.csv,star_to_nfl_entry_outcome_weights,weight_distribution,1,star_to_nfl_entry_outcome_weights:1,"{""star_group"":""5"",""nfl_entry_outcome"":""first_round"",""pick_min"":""1"",""pick_max"":""32"",""weight"":""0.16""}"
high_school_recruits,star_to_nfl_entry_outcome_weights.csv,star_to_nfl_entry_outcome_weights,weight_distribution,2,star_to_nfl_entry_outcome_weights:2,"{""star_group"":""5"",""nfl_entry_outcome"":""day2"",""pick_min"":""33"",""pick_max"":""100"",""weight"":""0.24""}"
high_school_recruits,star_to_nfl_entry_outcome_weights.csv,star_to_nfl_entry_outcome_weights,weight_distribution,3,star_to_nfl_entry_outcome_weights:3,"{""star_group"":""5"",""nfl_entry_outcome"":""early_day3"",""pick_min"":""101"",""pick_max"":""180"",""weight"":""0.18""}"
high_school_recruits,star_to_nfl_entry_outcome_weights.csv,star_to_nfl_entry_outcome_weights,weight_distribution,4,star_to_nfl_entry_outcome_weights:4,"{""star_group"":""5"",""nfl_entry_outcome"":""late_day3"",""pick_min"":""181"",""pick_max"":""257"",""weight"":""0.12""}"
high_school_recruits,star_to_nfl_entry_outcome_weights.csv,star_to_nfl_entry_outcome_weights,weight_distribution,5,star_to_nfl_entry_outcome_weights:5,"{""star_group"":""5"",""nfl_entry_outcome"":""priority_udfa"",""pick_min"":""258"",""pick_max"":""420"",""weight"":""0.1""}"
high_school_recruits,star_to_nfl_entry_outcome_weights.csv,star_to_nfl_entry_outcome_weights,weight_distribution,6,star_to_nfl_entry_outcome_weights:6,"{""star_group"":""5"",""nfl_entry_outcome"":""camp_udfa"",""pick_min"":""421"",""pick_max"":""800"",""weight"":""0.08""}"
high_school_recruits,star_to_nfl_entry_outcome_weights.csv,star_to_nfl_entry_outcome_weights,weight_distribution,7,star_to_nfl_entry_outcome_weights:7,"{""star_group"":""5"",""nfl_entry_outcome"":""no_nfl_entry"",""pick_min"":""801"",""pick_max"":""999999"",""weight"":""0.12""}"
high_school_recruits,star_to_nfl_entry_outcome_weights.csv,star_to_nfl_entry_outcome_weights,weight_distribution,8,star_to_nfl_entry_outcome_weights:8,"{""star_group"":""4_high"",""nfl_entry_outcome"":""first_round"",""pick_min"":""1"",""pick_max"":""32"",""weight"":""0.055""}"
high_school_recruits,star_to_nfl_entry_outcome_weights.csv,star_to_nfl_entry_outcome_weights,weight_distribution,9,star_to_nfl_entry_outcome_weights:9,"{""star_group"":""4_high"",""nfl_entry_outcome"":""day2"",""pick_min"":""33"",""pick_max"":""100"",""weight"":""0.145""}"
high_school_recruits,star_to_nfl_entry_outcome_weights.csv,star_to_nfl_entry_outcome_weights,weight_distribution,10,star_to_nfl_entry_outcome_weights:10,"{""star_group"":""4_high"",""nfl_entry_outcome"":""early_day3"",""pick_min"":""101"",""pick_max"":""180"",""weight"":""0.14""}"
high_school_recruits,star_to_nfl_entry_outcome_weights.csv,star_to_nfl_entry_outcome_weights,weight_distribution,11,star_to_nfl_entry_outcome_weights:11,"{""star_group"":""4_high"",""nfl_entry_outcome"":""late_day3"",""pick_min"":""181"",""pick_max"":""257"",""weight"":""0.13""}"
high_school_recruits,star_to_nfl_entry_outcome_weights.csv,star_to_nfl_entry_outcome_weights,weight_distribution,12,star_to_nfl_entry_outcome_weights:12,"{""star_group"":""4_high"",""nfl_entry_outcome"":""priority_udfa"",""pick_min"":""258"",""pick_max"":""420"",""weight"":""0.13""}"
high_school_recruits,star_to_nfl_entry_outcome_weights.csv,star_to_nfl_entry_outcome_weights,weight_distribution,13,star_to_nfl_entry_outcome_weights:13,"{""star_group"":""4_high"",""nfl_entry_outcome"":""camp_udfa"",""pick_min"":""421"",""pick_max"":""800"",""weight"":""0.16""}"
high_school_recruits,star_to_nfl_entry_outcome_weights.csv,star_to_nfl_entry_outcome_weights,weight_distribution,14,star_to_nfl_entry_outcome_weights:14,"{""star_group"":""4_high"",""nfl_entry_outcome"":""no_nfl_entry"",""pick_min"":""801"",""pick_max"":""999999"",""weight"":""0.24""}"
high_school_recruits,star_to_nfl_entry_outcome_weights.csv,star_to_nfl_entry_outcome_weights,weight_distribution,15,star_to_nfl_entry_outcome_weights:15,"{""star_group"":""4_mid"",""nfl_entry_outcome"":""first_round"",""pick_min"":""1"",""pick_max"":""32"",""weight"":""0.025""}"
high_school_recruits,star_to_nfl_entry_outcome_weights.csv,star_to_nfl_entry_outcome_weights,weight_distribution,16,star_to_nfl_entry_outcome_weights:16,"{""star_group"":""4_mid"",""nfl_entry_outcome"":""day2"",""pick_min"":""33"",""pick_max"":""100"",""weight"":""0.075""}"
high_school_recruits,star_to_nfl_entry_outcome_weights.csv,star_to_nfl_entry_outcome_weights,weight_distribution,17,star_to_nfl_entry_outcome_weights:17,"{""star_group"":""4_mid"",""nfl_entry_outcome"":""early_day3"",""pick_min"":""101"",""pick_max"":""180"",""weight"":""0.105""}"
high_school_recruits,star_to_nfl_entry_outcome_weights.csv,star_to_nfl_entry_outcome_weights,weight_distribution,18,star_to_nfl_entry_outcome_weights:18,"{""star_group"":""4_mid"",""nfl_entry_outcome"":""late_day3"",""pick_min"":""181"",""pick_max"":""257"",""weight"":""0.12""}"
high_school_recruits,star_to_nfl_entry_outcome_weights.csv,star_to_nfl_entry_outcome_weights,weight_distribution,19,star_to_nfl_entry_outcome_weights:19,"{""star_group"":""4_mid"",""nfl_entry_outcome"":""priority_udfa"",""pick_min"":""258"",""pick_max"":""420"",""weight"":""0.13""}"
high_school_recruits,star_to_nfl_entry_outcome_weights.csv,star_to_nfl_entry_outcome_weights,weight_distribution,20,star_to_nfl_entry_outcome_weights:20,"{""star_group"":""4_mid"",""nfl_entry_outcome"":""camp_udfa"",""pick_min"":""421"",""pick_max"":""800"",""weight"":""0.18""}"
high_school_recruits,star_to_nfl_entry_outcome_weights.csv,star_to_nfl_entry_outcome_weights,weight_distribution,21,star_to_nfl_entry_outcome_weights:21,"{""star_group"":""4_mid"",""nfl_entry_outcome"":""no_nfl_entry"",""pick_min"":""801"",""pick_max"":""999999"",""weight"":""0.365""}"
high_school_recruits,star_to_nfl_entry_outcome_weights.csv,star_to_nfl_entry_outcome_weights,weight_distribution,22,star_to_nfl_entry_outcome_weights:22,"{""star_group"":""4_low"",""nfl_entry_outcome"":""first_round"",""pick_min"":""1"",""pick_max"":""32"",""weight"":""0.012""}"
high_school_recruits,star_to_nfl_entry_outcome_weights.csv,star_to_nfl_entry_outcome_weights,weight_distribution,23,star_to_nfl_entry_outcome_weights:23,"{""star_group"":""4_low"",""nfl_entry_outcome"":""day2"",""pick_min"":""33"",""pick_max"":""100"",""weight"":""0.038""}"
high_school_recruits,star_to_nfl_entry_outcome_weights.csv,star_to_nfl_entry_outcome_weights,weight_distribution,24,star_to_nfl_entry_outcome_weights:24,"{""star_group"":""4_low"",""nfl_entry_outcome"":""early_day3"",""pick_min"":""101"",""pick_max"":""180"",""weight"":""0.07""}"
high_school_recruits,star_to_nfl_entry_outcome_weights.csv,star_to_nfl_entry_outcome_weights,weight_distribution,25,star_to_nfl_entry_outcome_weights:25,"{""star_group"":""4_low"",""nfl_entry_outcome"":""late_day3"",""pick_min"":""181"",""pick_max"":""257"",""weight"":""0.09""}"
high_school_recruits,star_to_nfl_entry_outcome_weights.csv,star_to_nfl_entry_outcome_weights,weight_distribution,26,star_to_nfl_entry_outcome_weights:26,"{""star_group"":""4_low"",""nfl_entry_outcome"":""priority_udfa"",""pick_min"":""258"",""pick_max"":""420"",""weight"":""0.12""}"
high_school_recruits,star_to_nfl_entry_outcome_weights.csv,star_to_nfl_entry_outcome_weights,weight_distribution,27,star_to_nfl_entry_outcome_weights:27,"{""star_group"":""4_low"",""nfl_entry_outcome"":""camp_udfa"",""pick_min"":""421"",""pick_max"":""800"",""weight"":""0.18""}"
high_school_recruits,star_to_nfl_entry_outcome_weights.csv,star_to_nfl_entry_outcome_weights,weight_distribution,28,star_to_nfl_entry_outcome_weights:28,"{""star_group"":""4_low"",""nfl_entry_outcome"":""no_nfl_entry"",""pick_min"":""801"",""pick_max"":""999999"",""weight"":""0.49""}"
high_school_recruits,star_to_nfl_entry_outcome_weights.csv,star_to_nfl_entry_outcome_weights,weight_distribution,29,star_to_nfl_entry_outcome_weights:29,"{""star_group"":""3_high"",""nfl_entry_outcome"":""first_round"",""pick_min"":""1"",""pick_max"":""32"",""weight"":""0.004""}"
high_school_recruits,star_to_nfl_entry_outcome_weights.csv,star_to_nfl_entry_outcome_weights,weight_distribution,30,star_to_nfl_entry_outcome_weights:30,"{""star_group"":""3_high"",""nfl_entry_outcome"":""day2"",""pick_min"":""33"",""pick_max"":""100"",""weight"":""0.018""}"
high_school_recruits,star_to_nfl_entry_outcome_weights.csv,star_to_nfl_entry_outcome_weights,weight_distribution,31,star_to_nfl_entry_outcome_weights:31,"{""star_group"":""3_high"",""nfl_entry_outcome"":""early_day3"",""pick_min"":""101"",""pick_max"":""180"",""weight"":""0.04""}"
high_school_recruits,star_to_nfl_entry_outcome_weights.csv,star_to_nfl_entry_outcome_weights,weight_distribution,32,star_to_nfl_entry_outcome_weights:32,"{""star_group"":""3_high"",""nfl_entry_outcome"":""late_day3"",""pick_min"":""181"",""pick_max"":""257"",""weight"":""0.058""}"
high_school_recruits,star_to_nfl_entry_outcome_weights.csv,star_to_nfl_entry_outcome_weights,weight_distribution,33,star_to_nfl_entry_outcome_weights:33,"{""star_group"":""3_high"",""nfl_entry_outcome"":""priority_udfa"",""pick_min"":""258"",""pick_max"":""420"",""weight"":""0.08""}"
high_school_recruits,star_to_nfl_entry_outcome_weights.csv,star_to_nfl_entry_outcome_weights,weight_distribution,34,star_to_nfl_entry_outcome_weights:34,"{""star_group"":""3_high"",""nfl_entry_outcome"":""camp_udfa"",""pick_min"":""421"",""pick_max"":""800"",""weight"":""0.16""}"
high_school_recruits,star_to_nfl_entry_outcome_weights.csv,star_to_nfl_entry_outcome_weights,weight_distribution,35,star_to_nfl_entry_outcome_weights:35,"{""star_group"":""3_high"",""nfl_entry_outcome"":""no_nfl_entry"",""pick_min"":""801"",""pick_max"":""999999"",""weight"":""0.64""}"
high_school_recruits,star_to_nfl_entry_outcome_weights.csv,star_to_nfl_entry_outcome_weights,weight_distribution,36,star_to_nfl_entry_outcome_weights:36,"{""star_group"":""3_mid"",""nfl_entry_outcome"":""first_round"",""pick_min"":""1"",""pick_max"":""32"",""weight"":""0.001""}"
high_school_recruits,star_to_nfl_entry_outcome_weights.csv,star_to_nfl_entry_outcome_weights,weight_distribution,37,star_to_nfl_entry_outcome_weights:37,"{""star_group"":""3_mid"",""nfl_entry_outcome"":""day2"",""pick_min"":""33"",""pick_max"":""100"",""weight"":""0.006""}"
high_school_recruits,star_to_nfl_entry_outcome_weights.csv,star_to_nfl_entry_outcome_weights,weight_distribution,38,star_to_nfl_entry_outcome_weights:38,"{""star_group"":""3_mid"",""nfl_entry_outcome"":""early_day3"",""pick_min"":""101"",""pick_max"":""180"",""weight"":""0.016""}"
high_school_recruits,star_to_nfl_entry_outcome_weights.csv,star_to_nfl_entry_outcome_weights,weight_distribution,39,star_to_nfl_entry_outcome_weights:39,"{""star_group"":""3_mid"",""nfl_entry_outcome"":""late_day3"",""pick_min"":""181"",""pick_max"":""257"",""weight"":""0.027""}"
high_school_recruits,star_to_nfl_entry_outcome_weights.csv,star_to_nfl_entry_outcome_weights,weight_distribution,40,star_to_nfl_entry_outcome_weights:40,"{""star_group"":""3_mid"",""nfl_entry_outcome"":""priority_udfa"",""pick_min"":""258"",""pick_max"":""420"",""weight"":""0.05""}"
high_school_recruits,star_to_nfl_entry_outcome_weights.csv,star_to_nfl_entry_outcome_weights,weight_distribution,41,star_to_nfl_entry_outcome_weights:41,"{""star_group"":""3_mid"",""nfl_entry_outcome"":""camp_udfa"",""pick_min"":""421"",""pick_max"":""800"",""weight"":""0.12""}"
high_school_recruits,star_to_nfl_entry_outcome_weights.csv,star_to_nfl_entry_outcome_weights,weight_distribution,42,star_to_nfl_entry_outcome_weights:42,"{""star_group"":""3_mid"",""nfl_entry_outcome"":""no_nfl_entry"",""pick_min"":""801"",""pick_max"":""999999"",""weight"":""0.78""}"
high_school_recruits,star_to_nfl_entry_outcome_weights.csv,star_to_nfl_entry_outcome_weights,weight_distribution,43,star_to_nfl_entry_outcome_weights:43,"{""star_group"":""3_low"",""nfl_entry_outcome"":""first_round"",""pick_min"":""1"",""pick_max"":""32"",""weight"":""0.0003""}"
high_school_recruits,star_to_nfl_entry_outcome_weights.csv,star_to_nfl_entry_outcome_weights,weight_distribution,44,star_to_nfl_entry_outcome_weights:44,"{""star_group"":""3_low"",""nfl_entry_outcome"":""day2"",""pick_min"":""33"",""pick_max"":""100"",""weight"":""0.002""}"
high_school_recruits,star_to_nfl_entry_outcome_weights.csv,star_to_nfl_entry_outcome_weights,weight_distribution,45,star_to_nfl_entry_outcome_weights:45,"{""star_group"":""3_low"",""nfl_entry_outcome"":""early_day3"",""pick_min"":""101"",""pick_max"":""180"",""weight"":""0.006""}"
high_school_recruits,star_to_nfl_entry_outcome_weights.csv,star_to_nfl_entry_outcome_weights,weight_distribution,46,star_to_nfl_entry_outcome_weights:46,"{""star_group"":""3_low"",""nfl_entry_outcome"":""late_day3"",""pick_min"":""181"",""pick_max"":""257"",""weight"":""0.012""}"
high_school_recruits,star_to_nfl_entry_outcome_weights.csv,star_to_nfl_entry_outcome_weights,weight_distribution,47,star_to_nfl_entry_outcome_weights:47,"{""star_group"":""3_low"",""nfl_entry_outcome"":""priority_udfa"",""pick_min"":""258"",""pick_max"":""420"",""weight"":""0.025""}"
high_school_recruits,star_to_nfl_entry_outcome_weights.csv,star_to_nfl_entry_outcome_weights,weight_distribution,48,star_to_nfl_entry_outcome_weights:48,"{""star_group"":""3_low"",""nfl_entry_outcome"":""camp_udfa"",""pick_min"":""421"",""pick_max"":""800"",""weight"":""0.075""}"
high_school_recruits,star_to_nfl_entry_outcome_weights.csv,star_to_nfl_entry_outcome_weights,weight_distribution,49,star_to_nfl_entry_outcome_weights:49,"{""star_group"":""3_low"",""nfl_entry_outcome"":""no_nfl_entry"",""pick_min"":""801"",""pick_max"":""999999"",""weight"":""0.8797""}"
high_school_recruits,star_to_nfl_entry_outcome_weights.csv,star_to_nfl_entry_outcome_weights,weight_distribution,50,star_to_nfl_entry_outcome_weights:50,"{""star_group"":""2_or_unranked"",""nfl_entry_outcome"":""first_round"",""pick_min"":""1"",""pick_max"":""32"",""weight"":""8e-05""}"
high_school_recruits,star_to_nfl_entry_outcome_weights.csv,star_to_nfl_entry_outcome_weights,weight_distribution,51,star_to_nfl_entry_outcome_weights:51,"{""star_group"":""2_or_unranked"",""nfl_entry_outcome"":""day2"",""pick_min"":""33"",""pick_max"":""100"",""weight"":""0.0004""}"
high_school_recruits,star_to_nfl_entry_outcome_weights.csv,star_to_nfl_entry_outcome_weights,weight_distribution,52,star_to_nfl_entry_outcome_weights:52,"{""star_group"":""2_or_unranked"",""nfl_entry_outcome"":""early_day3"",""pick_min"":""101"",""pick_max"":""180"",""weight"":""0.0015""}"
high_school_recruits,star_to_nfl_entry_outcome_weights.csv,star_to_nfl_entry_outcome_weights,weight_distribution,53,star_to_nfl_entry_outcome_weights:53,"{""star_group"":""2_or_unranked"",""nfl_entry_outcome"":""late_day3"",""pick_min"":""181"",""pick_max"":""257"",""weight"":""0.003""}"
high_school_recruits,star_to_nfl_entry_outcome_weights.csv,star_to_nfl_entry_outcome_weights,weight_distribution,54,star_to_nfl_entry_outcome_weights:54,"{""star_group"":""2_or_unranked"",""nfl_entry_outcome"":""priority_udfa"",""pick_min"":""258"",""pick_max"":""420"",""weight"":""0.012""}"
high_school_recruits,star_to_nfl_entry_outcome_weights.csv,star_to_nfl_entry_outcome_weights,weight_distribution,55,star_to_nfl_entry_outcome_weights:55,"{""star_group"":""2_or_unranked"",""nfl_entry_outcome"":""camp_udfa"",""pick_min"":""421"",""pick_max"":""800"",""weight"":""0.045""}"
high_school_recruits,star_to_nfl_entry_outcome_weights.csv,star_to_nfl_entry_outcome_weights,weight_distribution,56,star_to_nfl_entry_outcome_weights:56,"{""star_group"":""2_or_unranked"",""nfl_entry_outcome"":""no_nfl_entry"",""pick_min"":""801"",""pick_max"":""999999"",""weight"":""0.93802""}"
high_school_recruits,star_visible_rank_band_weights.csv,star_visible_rank_band_weights,weight_distribution,1,star_visible_rank_band_weights:1,"{""star_group"":""5"",""visible_rank_band"":""top_10"",""rank_min"":""1"",""rank_max"":""10"",""weight"":""0.22""}"
high_school_recruits,star_visible_rank_band_weights.csv,star_visible_rank_band_weights,weight_distribution,2,star_visible_rank_band_weights:2,"{""star_group"":""5"",""visible_rank_band"":""top_32"",""rank_min"":""11"",""rank_max"":""32"",""weight"":""0.55""}"
high_school_recruits,star_visible_rank_band_weights.csv,star_visible_rank_band_weights,weight_distribution,3,star_visible_rank_band_weights:3,"{""star_group"":""5"",""visible_rank_band"":""low_five"",""rank_min"":""33"",""rank_max"":""50"",""weight"":""0.2""}"
high_school_recruits,star_visible_rank_band_weights.csv,star_visible_rank_band_weights,weight_distribution,4,star_visible_rank_band_weights:4,"{""star_group"":""5"",""visible_rank_band"":""misranked_low_five"",""rank_min"":""51"",""rank_max"":""90"",""weight"":""0.03""}"
high_school_recruits,star_visible_rank_band_weights.csv,star_visible_rank_band_weights,weight_distribution,5,star_visible_rank_band_weights:5,"{""star_group"":""4_high"",""visible_rank_band"":""top_100"",""rank_min"":""41"",""rank_max"":""100"",""weight"":""0.58""}"
high_school_recruits,star_visible_rank_band_weights.csv,star_visible_rank_band_weights,weight_distribution,6,star_visible_rank_band_weights:6,"{""star_group"":""4_high"",""visible_rank_band"":""top_150"",""rank_min"":""101"",""rank_max"":""150"",""weight"":""0.32""}"
high_school_recruits,star_visible_rank_band_weights.csv,star_visible_rank_band_weights,weight_distribution,7,star_visible_rank_band_weights:7,"{""star_group"":""4_high"",""visible_rank_band"":""soft_four"",""rank_min"":""151"",""rank_max"":""220"",""weight"":""0.1""}"
high_school_recruits,star_visible_rank_band_weights.csv,star_visible_rank_band_weights,weight_distribution,8,star_visible_rank_band_weights:8,"{""star_group"":""4_mid"",""visible_rank_band"":""top_200"",""rank_min"":""151"",""rank_max"":""200"",""weight"":""0.2""}"
high_school_recruits,star_visible_rank_band_weights.csv,star_visible_rank_band_weights,weight_distribution,9,star_visible_rank_band_weights:9,"{""star_group"":""4_mid"",""visible_rank_band"":""top_320"",""rank_min"":""201"",""rank_max"":""320"",""weight"":""0.65""}"
high_school_recruits,star_visible_rank_band_weights.csv,star_visible_rank_band_weights,weight_distribution,10,star_visible_rank_band_weights:10,"{""star_group"":""4_mid"",""visible_rank_band"":""low_blue_chip"",""rank_min"":""321"",""rank_max"":""460"",""weight"":""0.15""}"
high_school_recruits,star_visible_rank_band_weights.csv,star_visible_rank_band_weights,weight_distribution,11,star_visible_rank_band_weights:11,"{""star_group"":""4_low"",""visible_rank_band"":""top_350"",""rank_min"":""321"",""rank_max"":""350"",""weight"":""0.2""}"
high_school_recruits,star_visible_rank_band_weights.csv,star_visible_rank_band_weights,weight_distribution,12,star_visible_rank_band_weights:12,"{""star_group"":""4_low"",""visible_rank_band"":""top_460"",""rank_min"":""351"",""rank_max"":""460"",""weight"":""0.68""}"
high_school_recruits,star_visible_rank_band_weights.csv,star_visible_rank_band_weights,weight_distribution,13,star_visible_rank_band_weights:13,"{""star_group"":""4_low"",""visible_rank_band"":""borderline_4"",""rank_min"":""461"",""rank_max"":""650"",""weight"":""0.12""}"
high_school_recruits,star_visible_rank_band_weights.csv,star_visible_rank_band_weights,weight_distribution,14,star_visible_rank_band_weights:14,"{""star_group"":""3_high"",""visible_rank_band"":""high_three_core"",""rank_min"":""461"",""rank_max"":""900"",""weight"":""0.72""}"
high_school_recruits,star_visible_rank_band_weights.csv,star_visible_rank_band_weights,weight_distribution,15,star_visible_rank_band_weights:15,"{""star_group"":""3_high"",""visible_rank_band"":""visible_sleeper"",""rank_min"":""250"",""rank_max"":""460"",""weight"":""0.06""}"
high_school_recruits,star_visible_rank_band_weights.csv,star_visible_rank_band_weights,weight_distribution,16,star_visible_rank_band_weights:16,"{""star_group"":""3_high"",""visible_rank_band"":""mid_three_overlap"",""rank_min"":""901"",""rank_max"":""1200"",""weight"":""0.22""}"
high_school_recruits,star_visible_rank_band_weights.csv,star_visible_rank_band_weights,weight_distribution,17,star_visible_rank_band_weights:17,"{""star_group"":""3_mid"",""visible_rank_band"":""mid_three_core"",""rank_min"":""901"",""rank_max"":""1800"",""weight"":""0.75""}"
high_school_recruits,star_visible_rank_band_weights.csv,star_visible_rank_band_weights,weight_distribution,18,star_visible_rank_band_weights:18,"{""star_group"":""3_mid"",""visible_rank_band"":""high_three_overlap"",""rank_min"":""650"",""rank_max"":""900"",""weight"":""0.07""}"
high_school_recruits,star_visible_rank_band_weights.csv,star_visible_rank_band_weights,weight_distribution,19,star_visible_rank_band_weights:19,"{""star_group"":""3_mid"",""visible_rank_band"":""low_three_overlap"",""rank_min"":""1801"",""rank_max"":""2300"",""weight"":""0.18""}"
high_school_recruits,star_visible_rank_band_weights.csv,star_visible_rank_band_weights,weight_distribution,20,star_visible_rank_band_weights:20,"{""star_group"":""3_low"",""visible_rank_band"":""low_three_core"",""rank_min"":""1801"",""rank_max"":""2860"",""weight"":""0.76""}"
high_school_recruits,star_visible_rank_band_weights.csv,star_visible_rank_band_weights,weight_distribution,21,star_visible_rank_band_weights:21,"{""star_group"":""3_low"",""visible_rank_band"":""mid_three_overlap"",""rank_min"":""1200"",""rank_max"":""1800"",""weight"":""0.06""}"
high_school_recruits,star_visible_rank_band_weights.csv,star_visible_rank_band_weights,weight_distribution,22,star_visible_rank_band_weights:22,"{""star_group"":""3_low"",""visible_rank_band"":""deep_three"",""rank_min"":""2861"",""rank_max"":""3800"",""weight"":""0.18""}"
high_school_recruits,star_visible_rank_band_weights.csv,star_visible_rank_band_weights,weight_distribution,23,star_visible_rank_band_weights:23,"{""star_group"":""2_or_unranked"",""visible_rank_band"":""low_ranked"",""rank_min"":""2861"",""rank_max"":""4200"",""weight"":""0.18""}"
high_school_recruits,star_visible_rank_band_weights.csv,star_visible_rank_band_weights,weight_distribution,24,star_visible_rank_band_weights:24,"{""star_group"":""2_or_unranked"",""visible_rank_band"":""deep_pool"",""rank_min"":""4201"",""rank_max"":""6000"",""weight"":""0.42""}"
high_school_recruits,star_visible_rank_band_weights.csv,star_visible_rank_band_weights,weight_distribution,25,star_visible_rank_band_weights:25,"{""star_group"":""2_or_unranked"",""visible_rank_band"":""unranked"",""rank_min"":""6001"",""rank_max"":""999999"",""weight"":""0.4""}"
high_school_recruits,team_specific_scouting_uncertainty.csv,team_specific_scouting_uncertainty,runtime_tuning,1,team_specific_scouting_uncertainty:1,"{""evaluator_type"":""college_elite_staff"",""target_pool"":""high_school_recruits"",""confidence_bonus_min"":""8"",""confidence_bonus_max"":""18"",""range_width_multiplier"":""0.78"",""bias_profile"":""resource_rich"",""notes"":""Elite college scouting department.""}"
high_school_recruits,team_specific_scouting_uncertainty.csv,team_specific_scouting_uncertainty,runtime_tuning,2,team_specific_scouting_uncertainty:2,"{""evaluator_type"":""college_good_staff"",""target_pool"":""high_school_recruits"",""confidence_bonus_min"":""3"",""confidence_bonus_max"":""10"",""range_width_multiplier"":""0.88"",""bias_profile"":""balanced"",""notes"":""Good staff.""}"
high_school_recruits,team_specific_scouting_uncertainty.csv,team_specific_scouting_uncertainty,runtime_tuning,3,team_specific_scouting_uncertainty:3,"{""evaluator_type"":""college_average_staff"",""target_pool"":""high_school_recruits"",""confidence_bonus_min"":""-2"",""confidence_bonus_max"":""5"",""range_width_multiplier"":""1.0"",""bias_profile"":""balanced"",""notes"":""Average staff.""}"
high_school_recruits,team_specific_scouting_uncertainty.csv,team_specific_scouting_uncertainty,runtime_tuning,4,team_specific_scouting_uncertainty:4,"{""evaluator_type"":""college_poor_staff"",""target_pool"":""high_school_recruits"",""confidence_bonus_min"":""-12"",""confidence_bonus_max"":""0"",""range_width_multiplier"":""1.22"",""bias_profile"":""limited_resources"",""notes"":""Poor scouting resources.""}"
high_school_recruits,team_specific_scouting_uncertainty.csv,team_specific_scouting_uncertainty,runtime_tuning,5,team_specific_scouting_uncertainty:5,"{""evaluator_type"":""regional_expert"",""target_pool"":""high_school_recruits"",""confidence_bonus_min"":""5"",""confidence_bonus_max"":""14"",""range_width_multiplier"":""0.82"",""bias_profile"":""region_familiarity"",""notes"":""Applies when player is from evaluator pipeline region.""}"
high_school_recruits,team_specific_scouting_uncertainty.csv,team_specific_scouting_uncertainty,runtime_tuning,6,team_specific_scouting_uncertainty:6,"{""evaluator_type"":""nfl_elite_scouting"",""target_pool"":""draft_prospects"",""confidence_bonus_min"":""8"",""confidence_bonus_max"":""18"",""range_width_multiplier"":""0.76"",""bias_profile"":""pro_projection"",""notes"":""Top NFL scouting department.""}"
high_school_recruits,team_specific_scouting_uncertainty.csv,team_specific_scouting_uncertainty,runtime_tuning,7,team_specific_scouting_uncertainty:7,"{""evaluator_type"":""nfl_average_scouting"",""target_pool"":""draft_prospects"",""confidence_bonus_min"":""-2"",""confidence_bonus_max"":""6"",""range_width_multiplier"":""1.0"",""bias_profile"":""balanced"",""notes"":""Average NFL scouting.""}"
high_school_recruits,team_specific_scouting_uncertainty.csv,team_specific_scouting_uncertainty,runtime_tuning,8,team_specific_scouting_uncertainty:8,"{""evaluator_type"":""nfl_poor_scouting"",""target_pool"":""draft_prospects"",""confidence_bonus_min"":""-10"",""confidence_bonus_max"":""1"",""range_width_multiplier"":""1.18"",""bias_profile"":""noisy_projection"",""notes"":""Noisy NFL scouting.""}"
high_school_recruits,team_specific_scouting_uncertainty.csv,team_specific_scouting_uncertainty,runtime_tuning,9,team_specific_scouting_uncertainty:9,"{""evaluator_type"":""position_specialist_bonus"",""target_pool"":""draft_prospects"",""confidence_bonus_min"":""3"",""confidence_bonus_max"":""9"",""range_width_multiplier"":""0.9"",""bias_profile"":""position_expertise"",""notes"":""Applies when staff has position expertise.""}"
high_school_recruits,team_specific_scouting_uncertainty.csv,team_specific_scouting_uncertainty,runtime_tuning,10,team_specific_scouting_uncertainty:10,"{""evaluator_type"":""small_school_penalty"",""target_pool"":""draft_prospects"",""confidence_bonus_min"":""-12"",""confidence_bonus_max"":""-4"",""range_width_multiplier"":""1.25"",""bias_profile"":""small_school_uncertainty"",""notes"":""Small-school projection uncertainty.""}"
