domain,source_file,source_table,record_category,source_row,row_key,payload_json
injuries,injury_body_region_position_risk_weights.csv,injury_body_region_position_risk_weights,weight_distribution,1,QB,"{""position"":""QB"",""position_group"":""QB"",""injury_family_id"":""CONCUSSION"",""relative_weight"":""0.10138"",""notes"":""Normalized position-specific injury family mix for generated injury histories.""}"
injuries,injury_body_region_position_risk_weights.csv,injury_body_region_position_risk_weights,weight_distribution,2,QB,"{""position"":""QB"",""position_group"":""QB"",""injury_family_id"":""ACL"",""relative_weight"":""0.04608"",""notes"":""Normalized position-specific injury family mix for generated injury histories.""}"
injuries,injury_body_region_position_risk_weights.csv,injury_body_region_position_risk_weights,weight_distribution,3,QB,"{""position"":""QB"",""position_group"":""QB"",""injury_family_id"":""MCL"",""relative_weight"":""0.06452"",""notes"":""Normalized position-specific injury family mix for generated injury histories.""}"
injuries,injury_body_region_position_risk_weights.csv,injury_body_region_position_risk_weights,weight_distribution,4,QB,"{""position"":""QB"",""position_group"":""QB"",""injury_family_id"":""MENISCUS"",""relative_weight"":""0.03687"",""notes"":""Normalized position-specific injury family mix for generated injury histories.""}"
injuries,injury_body_region_position_risk_weights.csv,injury_body_region_position_risk_weights,weight_distribution,5,QB,"{""position"":""QB"",""position_group"":""QB"",""injury_family_id"":""ACHILLES"",""relative_weight"":""0.02304"",""notes"":""Normalized position-specific injury family mix for generated injury histories.""}"
injuries,injury_body_region_position_risk_weights.csv,injury_body_region_position_risk_weights,weight_distribution,6,QB,"{""position"":""QB"",""position_group"":""QB"",""injury_family_id"":""HAMSTRING"",""relative_weight"":""0.03687"",""notes"":""Normalized position-specific injury family mix for generated injury histories.""}"
injuries,injury_body_region_position_risk_weights.csv,injury_body_region_position_risk_weights,weight_distribution,7,QB,"{""position"":""QB"",""position_group"":""QB"",""injury_family_id"":""GROIN"",""relative_weight"":""0.03226"",""notes"":""Normalized position-specific injury family mix for generated injury histories.""}"
injuries,injury_body_region_position_risk_weights.csv,injury_body_region_position_risk_weights,weight_distribution,8,QB,"{""position"":""QB"",""position_group"":""QB"",""injury_family_id"":""ANKLE"",""relative_weight"":""0.1106"",""notes"":""Normalized position-specific injury family mix for generated injury histories.""}"
injuries,injury_body_region_position_risk_weights.csv,injury_body_region_position_risk_weights,weight_distribution,9,QB,"{""position"":""QB"",""position_group"":""QB"",""injury_family_id"":""HIGH_ANKLE"",""relative_weight"":""0.0553"",""notes"":""Normalized position-specific injury family mix for generated injury histories.""}"
injuries,injury_body_region_position_risk_weights.csv,injury_body_region_position_risk_weights,weight_distribution,10,QB,"{""position"":""QB"",""position_group"":""QB"",""injury_family_id"":""FOOT"",""relative_weight"":""0.03687"",""notes"":""Normalized position-specific injury family mix for generated injury histories.""}"
injuries,injury_body_region_position_risk_weights.csv,injury_body_region_position_risk_weights,weight_distribution,11,QB,"{""position"":""QB"",""position_group"":""QB"",""injury_family_id"":""SHOULDER"",""relative_weight"":""0.1106"",""notes"":""Normalized position-specific injury family mix for generated injury histories.""}"
injuries,injury_body_region_position_risk_weights.csv,injury_body_region_position_risk_weights,weight_distribution,12,QB,"{""position"":""QB"",""position_group"":""QB"",""injury_family_id"":""ELBOW"",""relative_weight"":""0.07373"",""notes"":""Normalized position-specific injury family mix for generated injury histories.""}"
injuries,injury_body_region_position_risk_weights.csv,injury_body_region_position_risk_weights,weight_distribution,13,QB,"{""position"":""QB"",""position_group"":""QB"",""injury_family_id"":""HAND_WRIST"",""relative_weight"":""0.07373"",""notes"":""Normalized position-specific injury family mix for generated injury histories.""}"
injuries,injury_body_region_position_risk_weights.csv,injury_body_region_position_risk_weights,weight_distribution,14,QB,"{""position"":""QB"",""position_group"":""QB"",""injury_family_id"":""RIB_CHEST"",""relative_weight"":""0.06452"",""notes"":""Normalized position-specific injury family mix for generated injury histories.""}"
injuries,injury_body_region_position_risk_weights.csv,injury_body_region_position_risk_weights,weight_distribution,15,QB,"{""position"":""QB"",""position_group"":""QB"",""injury_family_id"":""BACK"",""relative_weight"":""0.0553"",""notes"":""Normalized position-specific injury family mix for generated injury histories.""}"
injuries,injury_body_region_position_risk_weights.csv,injury_body_region_position_risk_weights,weight_distribution,16,QB,"{""position"":""QB"",""position_group"":""QB"",""injury_family_id"":""STINGER"",""relative_weight"":""0.03687"",""notes"":""Normalized position-specific injury family mix for generated injury histories.""}"
injuries,injury_body_region_position_risk_weights.csv,injury_body_region_position_risk_weights,weight_distribution,17,QB,"{""position"":""QB"",""position_group"":""QB"",""injury_family_id"":""QUAD_CALF"",""relative_weight"":""0.02304"",""notes"":""Normalized position-specific injury family mix for generated injury histories.""}"
injuries,injury_body_region_position_risk_weights.csv,injury_body_region_position_risk_weights,weight_distribution,18,QB,"{""position"":""QB"",""position_group"":""QB"",""injury_family_id"":""ILLNESS_NONFOOTBALL"",""relative_weight"":""0.01843"",""notes"":""Normalized position-specific injury family mix for generated injury histories.""}"
injuries,injury_body_region_position_risk_weights.csv,injury_body_region_position_risk_weights,weight_distribution,19,RB,"{""position"":""RB"",""position_group"":""RB"",""injury_family_id"":""CONCUSSION"",""relative_weight"":""0.08491"",""notes"":""Normalized position-specific injury family mix for generated injury histories.""}"
injuries,injury_body_region_position_risk_weights.csv,injury_body_region_position_risk_weights,weight_distribution,20,RB,"{""position"":""RB"",""position_group"":""RB"",""injury_family_id"":""ACL"",""relative_weight"":""0.08491"",""notes"":""Normalized position-specific injury family mix for generated injury histories.""}"
injuries,injury_body_region_position_risk_weights.csv,injury_body_region_position_risk_weights,weight_distribution,21,RB,"{""position"":""RB"",""position_group"":""RB"",""injury_family_id"":""MCL"",""relative_weight"":""0.07547"",""notes"":""Normalized position-specific injury family mix for generated injury histories.""}"
injuries,injury_body_region_position_risk_weights.csv,injury_body_region_position_risk_weights,weight_distribution,22,RB,"{""position"":""RB"",""position_group"":""RB"",""injury_family_id"":""MENISCUS"",""relative_weight"":""0.05189"",""notes"":""Normalized position-specific injury family mix for generated injury histories.""}"
injuries,injury_body_region_position_risk_weights.csv,injury_body_region_position_risk_weights,weight_distribution,23,RB,"{""position"":""RB"",""position_group"":""RB"",""injury_family_id"":""ACHILLES"",""relative_weight"":""0.03302"",""notes"":""Normalized position-specific injury family mix for generated injury histories.""}"
injuries,injury_body_region_position_risk_weights.csv,injury_body_region_position_risk_weights,weight_distribution,24,RB,"{""position"":""RB"",""position_group"":""RB"",""injury_family_id"":""HAMSTRING"",""relative_weight"":""0.11321"",""notes"":""Normalized position-specific injury family mix for generated injury histories.""}"
injuries,injury_body_region_position_risk_weights.csv,injury_body_region_position_risk_weights,weight_distribution,25,RB,"{""position"":""RB"",""position_group"":""RB"",""injury_family_id"":""GROIN"",""relative_weight"":""0.05189"",""notes"":""Normalized position-specific injury family mix for generated injury histories.""}"
injuries,injury_body_region_position_risk_weights.csv,injury_body_region_position_risk_weights,weight_distribution,26,RB,"{""position"":""RB"",""position_group"":""RB"",""injury_family_id"":""ANKLE"",""relative_weight"":""0.11321"",""notes"":""Normalized position-specific injury family mix for generated injury histories.""}"
injuries,injury_body_region_position_risk_weights.csv,injury_body_region_position_risk_weights,weight_distribution,27,RB,"{""position"":""RB"",""position_group"":""RB"",""injury_family_id"":""HIGH_ANKLE"",""relative_weight"":""0.07547"",""notes"":""Normalized position-specific injury family mix for generated injury histories.""}"
injuries,injury_body_region_position_risk_weights.csv,injury_body_region_position_risk_weights,weight_distribution,28,RB,"{""position"":""RB"",""position_group"":""RB"",""injury_family_id"":""FOOT"",""relative_weight"":""0.05189"",""notes"":""Normalized position-specific injury family mix for generated injury histories.""}"
injuries,injury_body_region_position_risk_weights.csv,injury_body_region_position_risk_weights,weight_distribution,29,RB,"{""position"":""RB"",""position_group"":""RB"",""injury_family_id"":""SHOULDER"",""relative_weight"":""0.05189"",""notes"":""Normalized position-specific injury family mix for generated injury histories.""}"
injuries,injury_body_region_position_risk_weights.csv,injury_body_region_position_risk_weights,weight_distribution,30,RB,"{""position"":""RB"",""position_group"":""RB"",""injury_family_id"":""ELBOW"",""relative_weight"":""0.00943"",""notes"":""Normalized position-specific injury family mix for generated injury histories.""}"
injuries,injury_body_region_position_risk_weights.csv,injury_body_region_position_risk_weights,weight_distribution,31,RB,"{""position"":""RB"",""position_group"":""RB"",""injury_family_id"":""HAND_WRIST"",""relative_weight"":""0.03774"",""notes"":""Normalized position-specific injury family mix for generated injury histories.""}"
injuries,injury_body_region_position_risk_weights.csv,injury_body_region_position_risk_weights,weight_distribution,32,RB,"{""position"":""RB"",""position_group"":""RB"",""injury_family_id"":""RIB_CHEST"",""relative_weight"":""0.03302"",""notes"":""Normalized position-specific injury family mix for generated injury histories.""}"
injuries,injury_body_region_position_risk_weights.csv,injury_body_region_position_risk_weights,weight_distribution,33,RB,"{""position"":""RB"",""position_group"":""RB"",""injury_family_id"":""BACK"",""relative_weight"":""0.0283"",""notes"":""Normalized position-specific injury family mix for generated injury histories.""}"
injuries,injury_body_region_position_risk_weights.csv,injury_body_region_position_risk_weights,weight_distribution,34,RB,"{""position"":""RB"",""position_group"":""RB"",""injury_family_id"":""STINGER"",""relative_weight"":""0.02358"",""notes"":""Normalized position-specific injury family mix for generated injury histories.""}"
injuries,injury_body_region_position_risk_weights.csv,injury_body_region_position_risk_weights,weight_distribution,35,RB,"{""position"":""RB"",""position_group"":""RB"",""injury_family_id"":""QUAD_CALF"",""relative_weight"":""0.06604"",""notes"":""Normalized position-specific injury family mix for generated injury histories.""}"
injuries,injury_body_region_position_risk_weights.csv,injury_body_region_position_risk_weights,weight_distribution,36,RB,"{""position"":""RB"",""position_group"":""RB"",""injury_family_id"":""ILLNESS_NONFOOTBALL"",""relative_weight"":""0.01415"",""notes"":""Normalized position-specific injury family mix for generated injury histories.""}"
injuries,injury_body_region_position_risk_weights.csv,injury_body_region_position_risk_weights,weight_distribution,37,WR,"{""position"":""WR"",""position_group"":""WR"",""injury_family_id"":""CONCUSSION"",""relative_weight"":""0.07692"",""notes"":""Normalized position-specific injury family mix for generated injury histories.""}"
injuries,injury_body_region_position_risk_weights.csv,injury_body_region_position_risk_weights,weight_distribution,38,WR,"{""position"":""WR"",""position_group"":""WR"",""injury_family_id"":""ACL"",""relative_weight"":""0.07212"",""notes"":""Normalized position-specific injury family mix for generated injury histories.""}"
injuries,injury_body_region_position_risk_weights.csv,injury_body_region_position_risk_weights,weight_distribution,39,WR,"{""position"":""WR"",""position_group"":""WR"",""injury_family_id"":""MCL"",""relative_weight"":""0.05288"",""notes"":""Normalized position-specific injury family mix for generated injury histories.""}"
injuries,injury_body_region_position_risk_weights.csv,injury_body_region_position_risk_weights,weight_distribution,40,WR,"{""position"":""WR"",""position_group"":""WR"",""injury_family_id"":""MENISCUS"",""relative_weight"":""0.04327"",""notes"":""Normalized position-specific injury family mix for generated injury histories.""}"
injuries,injury_body_region_position_risk_weights.csv,injury_body_region_position_risk_weights,weight_distribution,41,WR,"{""position"":""WR"",""position_group"":""WR"",""injury_family_id"":""ACHILLES"",""relative_weight"":""0.03365"",""notes"":""Normalized position-specific injury family mix for generated injury histories.""}"
injuries,injury_body_region_position_risk_weights.csv,injury_body_region_position_risk_weights,weight_distribution,42,WR,"{""position"":""WR"",""position_group"":""WR"",""injury_family_id"":""HAMSTRING"",""relative_weight"":""0.15385"",""notes"":""Normalized position-specific injury family mix for generated injury histories.""}"
injuries,injury_body_region_position_risk_weights.csv,injury_body_region_position_risk_weights,weight_distribution,43,WR,"{""position"":""WR"",""position_group"":""WR"",""injury_family_id"":""GROIN"",""relative_weight"":""0.06731"",""notes"":""Normalized position-specific injury family mix for generated injury histories.""}"
injuries,injury_body_region_position_risk_weights.csv,injury_body_region_position_risk_weights,weight_distribution,44,WR,"{""position"":""WR"",""position_group"":""WR"",""injury_family_id"":""ANKLE"",""relative_weight"":""0.11538"",""notes"":""Normalized position-specific injury family mix for generated injury histories.""}"
injuries,injury_body_region_position_risk_weights.csv,injury_body_region_position_risk_weights,weight_distribution,45,WR,"{""position"":""WR"",""position_group"":""WR"",""injury_family_id"":""HIGH_ANKLE"",""relative_weight"":""0.07212"",""notes"":""Normalized position-specific injury family mix for generated injury histories.""}"
injuries,injury_body_region_position_risk_weights.csv,injury_body_region_position_risk_weights,weight_distribution,46,WR,"{""position"":""WR"",""position_group"":""WR"",""injury_family_id"":""FOOT"",""relative_weight"":""0.05288"",""notes"":""Normalized position-specific injury family mix for generated injury histories.""}"
injuries,injury_body_region_position_risk_weights.csv,injury_body_region_position_risk_weights,weight_distribution,47,WR,"{""position"":""WR"",""position_group"":""WR"",""injury_family_id"":""SHOULDER"",""relative_weight"":""0.03846"",""notes"":""Normalized position-specific injury family mix for generated injury histories.""}"
injuries,injury_body_region_position_risk_weights.csv,injury_body_region_position_risk_weights,weight_distribution,48,WR,"{""position"":""WR"",""position_group"":""WR"",""injury_family_id"":""ELBOW"",""relative_weight"":""0.00962"",""notes"":""Normalized position-specific injury family mix for generated injury histories.""}"
injuries,injury_body_region_position_risk_weights.csv,injury_body_region_position_risk_weights,weight_distribution,49,WR,"{""position"":""WR"",""position_group"":""WR"",""injury_family_id"":""HAND_WRIST"",""relative_weight"":""0.04808"",""notes"":""Normalized position-specific injury family mix for generated injury histories.""}"
injuries,injury_body_region_position_risk_weights.csv,injury_body_region_position_risk_weights,weight_distribution,50,WR,"{""position"":""WR"",""position_group"":""WR"",""injury_family_id"":""RIB_CHEST"",""relative_weight"":""0.02404"",""notes"":""Normalized position-specific injury family mix for generated injury histories.""}"
injuries,injury_body_region_position_risk_weights.csv,injury_body_region_position_risk_weights,weight_distribution,51,WR,"{""position"":""WR"",""position_group"":""WR"",""injury_family_id"":""BACK"",""relative_weight"":""0.02404"",""notes"":""Normalized position-specific injury family mix for generated injury histories.""}"
injuries,injury_body_region_position_risk_weights.csv,injury_body_region_position_risk_weights,weight_distribution,52,WR,"{""position"":""WR"",""position_group"":""WR"",""injury_family_id"":""STINGER"",""relative_weight"":""0.01923"",""notes"":""Normalized position-specific injury family mix for generated injury histories.""}"
injuries,injury_body_region_position_risk_weights.csv,injury_body_region_position_risk_weights,weight_distribution,53,WR,"{""position"":""WR"",""position_group"":""WR"",""injury_family_id"":""QUAD_CALF"",""relative_weight"":""0.08173"",""notes"":""Normalized position-specific injury family mix for generated injury histories.""}"
injuries,injury_body_region_position_risk_weights.csv,injury_body_region_position_risk_weights,weight_distribution,54,WR,"{""position"":""WR"",""position_group"":""WR"",""injury_family_id"":""ILLNESS_NONFOOTBALL"",""relative_weight"":""0.01442"",""notes"":""Normalized position-specific injury family mix for generated injury histories.""}"
injuries,injury_body_region_position_risk_weights.csv,injury_body_region_position_risk_weights,weight_distribution,55,TE,"{""position"":""TE"",""position_group"":""TE"",""injury_family_id"":""CONCUSSION"",""relative_weight"":""0.08867"",""notes"":""Normalized position-specific injury family mix for generated injury histories.""}"
injuries,injury_body_region_position_risk_weights.csv,injury_body_region_position_risk_weights,weight_distribution,56,TE,"{""position"":""TE"",""position_group"":""TE"",""injury_family_id"":""ACL"",""relative_weight"":""0.07389"",""notes"":""Normalized position-specific injury family mix for generated injury histories.""}"
injuries,injury_body_region_position_risk_weights.csv,injury_body_region_position_risk_weights,weight_distribution,57,TE,"{""position"":""TE"",""position_group"":""TE"",""injury_family_id"":""MCL"",""relative_weight"":""0.06897"",""notes"":""Normalized position-specific injury family mix for generated injury histories.""}"
injuries,injury_body_region_position_risk_weights.csv,injury_body_region_position_risk_weights,weight_distribution,58,TE,"{""position"":""TE"",""position_group"":""TE"",""injury_family_id"":""MENISCUS"",""relative_weight"":""0.04926"",""notes"":""Normalized position-specific injury family mix for generated injury histories.""}"
injuries,injury_body_region_position_risk_weights.csv,injury_body_region_position_risk_weights,weight_distribution,59,TE,"{""position"":""TE"",""position_group"":""TE"",""injury_family_id"":""ACHILLES"",""relative_weight"":""0.03448"",""notes"":""Normalized position-specific injury family mix for generated injury histories.""}"
injuries,injury_body_region_position_risk_weights.csv,injury_body_region_position_risk_weights,weight_distribution,60,TE,"{""position"":""TE"",""position_group"":""TE"",""injury_family_id"":""HAMSTRING"",""relative_weight"":""0.07389"",""notes"":""Normalized position-specific injury family mix for generated injury histories.""}"
injuries,injury_body_region_position_risk_weights.csv,injury_body_region_position_risk_weights,weight_distribution,61,TE,"{""position"":""TE"",""position_group"":""TE"",""injury_family_id"":""GROIN"",""relative_weight"":""0.05419"",""notes"":""Normalized position-specific injury family mix for generated injury histories.""}"
injuries,injury_body_region_position_risk_weights.csv,injury_body_region_position_risk_weights,weight_distribution,62,TE,"{""position"":""TE"",""position_group"":""TE"",""injury_family_id"":""ANKLE"",""relative_weight"":""0.10837"",""notes"":""Normalized position-specific injury family mix for generated injury histories.""}"
injuries,injury_body_region_position_risk_weights.csv,injury_body_region_position_risk_weights,weight_distribution,63,TE,"{""position"":""TE"",""position_group"":""TE"",""injury_family_id"":""HIGH_ANKLE"",""relative_weight"":""0.07389"",""notes"":""Normalized position-specific injury family mix for generated injury histories.""}"
injuries,injury_body_region_position_risk_weights.csv,injury_body_region_position_risk_weights,weight_distribution,64,TE,"{""position"":""TE"",""position_group"":""TE"",""injury_family_id"":""FOOT"",""relative_weight"":""0.05911"",""notes"":""Normalized position-specific injury family mix for generated injury histories.""}"
injuries,injury_body_region_position_risk_weights.csv,injury_body_region_position_risk_weights,weight_distribution,65,TE,"{""position"":""TE"",""position_group"":""TE"",""injury_family_id"":""SHOULDER"",""relative_weight"":""0.07389"",""notes"":""Normalized position-specific injury family mix for generated injury histories.""}"
injuries,injury_body_region_position_risk_weights.csv,injury_body_region_position_risk_weights,weight_distribution,66,TE,"{""position"":""TE"",""position_group"":""TE"",""injury_family_id"":""ELBOW"",""relative_weight"":""0.01478"",""notes"":""Normalized position-specific injury family mix for generated injury histories.""}"
injuries,injury_body_region_position_risk_weights.csv,injury_body_region_position_risk_weights,weight_distribution,67,TE,"{""position"":""TE"",""position_group"":""TE"",""injury_family_id"":""HAND_WRIST"",""relative_weight"":""0.03941"",""notes"":""Normalized position-specific injury family mix for generated injury histories.""}"
injuries,injury_body_region_position_risk_weights.csv,injury_body_region_position_risk_weights,weight_distribution,68,TE,"{""position"":""TE"",""position_group"":""TE"",""injury_family_id"":""RIB_CHEST"",""relative_weight"":""0.04433"",""notes"":""Normalized position-specific injury family mix for generated injury histories.""}"
injuries,injury_body_region_position_risk_weights.csv,injury_body_region_position_risk_weights,weight_distribution,69,TE,"{""position"":""TE"",""position_group"":""TE"",""injury_family_id"":""BACK"",""relative_weight"":""0.04433"",""notes"":""Normalized position-specific injury family mix for generated injury histories.""}"
injuries,injury_body_region_position_risk_weights.csv,injury_body_region_position_risk_weights,weight_distribution,70,TE,"{""position"":""TE"",""position_group"":""TE"",""injury_family_id"":""STINGER"",""relative_weight"":""0.03941"",""notes"":""Normalized position-specific injury family mix for generated injury histories.""}"
injuries,injury_body_region_position_risk_weights.csv,injury_body_region_position_risk_weights,weight_distribution,71,TE,"{""position"":""TE"",""position_group"":""TE"",""injury_family_id"":""QUAD_CALF"",""relative_weight"":""0.04433"",""notes"":""Normalized position-specific injury family mix for generated injury histories.""}"
injuries,injury_body_region_position_risk_weights.csv,injury_body_region_position_risk_weights,weight_distribution,72,TE,"{""position"":""TE"",""position_group"":""TE"",""injury_family_id"":""ILLNESS_NONFOOTBALL"",""relative_weight"":""0.01478"",""notes"":""Normalized position-specific injury family mix for generated injury histories.""}"
injuries,injury_body_region_position_risk_weights.csv,injury_body_region_position_risk_weights,weight_distribution,73,LT,"{""position"":""LT"",""position_group"":""OL"",""injury_family_id"":""CONCUSSION"",""relative_weight"":""0.06699"",""notes"":""Normalized position-specific injury family mix for generated injury histories.""}"
injuries,injury_body_region_position_risk_weights.csv,injury_body_region_position_risk_weights,weight_distribution,74,LT,"{""position"":""LT"",""position_group"":""OL"",""injury_family_id"":""ACL"",""relative_weight"":""0.07177"",""notes"":""Normalized position-specific injury family mix for generated injury histories.""}"
injuries,injury_body_region_position_risk_weights.csv,injury_body_region_position_risk_weights,weight_distribution,75,LT,"{""position"":""LT"",""position_group"":""OL"",""injury_family_id"":""MCL"",""relative_weight"":""0.08612"",""notes"":""Normalized position-specific injury family mix for generated injury histories.""}"
injuries,injury_body_region_position_risk_weights.csv,injury_body_region_position_risk_weights,weight_distribution,76,LT,"{""position"":""LT"",""position_group"":""OL"",""injury_family_id"":""MENISCUS"",""relative_weight"":""0.0622"",""notes"":""Normalized position-specific injury family mix for generated injury histories.""}"
injuries,injury_body_region_position_risk_weights.csv,injury_body_region_position_risk_weights,weight_distribution,77,LT,"{""position"":""LT"",""position_group"":""OL"",""injury_family_id"":""ACHILLES"",""relative_weight"":""0.03828"",""notes"":""Normalized position-specific injury family mix for generated injury histories.""}"
injuries,injury_body_region_position_risk_weights.csv,injury_body_region_position_risk_weights,weight_distribution,78,LT,"{""position"":""LT"",""position_group"":""OL"",""injury_family_id"":""HAMSTRING"",""relative_weight"":""0.04306"",""notes"":""Normalized position-specific injury family mix for generated injury histories.""}"
injuries,injury_body_region_position_risk_weights.csv,injury_body_region_position_risk_weights,weight_distribution,79,LT,"{""position"":""LT"",""position_group"":""OL"",""injury_family_id"":""GROIN"",""relative_weight"":""0.04785"",""notes"":""Normalized position-specific injury family mix for generated injury histories.""}"
injuries,injury_body_region_position_risk_weights.csv,injury_body_region_position_risk_weights,weight_distribution,80,LT,"{""position"":""LT"",""position_group"":""OL"",""injury_family_id"":""ANKLE"",""relative_weight"":""0.10048"",""notes"":""Normalized position-specific injury family mix for generated injury histories.""}"
injuries,injury_body_region_position_risk_weights.csv,injury_body_region_position_risk_weights,weight_distribution,81,LT,"{""position"":""LT"",""position_group"":""OL"",""injury_family_id"":""HIGH_ANKLE"",""relative_weight"":""0.06699"",""notes"":""Normalized position-specific injury family mix for generated injury histories.""}"
injuries,injury_body_region_position_risk_weights.csv,injury_body_region_position_risk_weights,weight_distribution,82,LT,"{""position"":""LT"",""position_group"":""OL"",""injury_family_id"":""FOOT"",""relative_weight"":""0.07656"",""notes"":""Normalized position-specific injury family mix for generated injury histories.""}"
injuries,injury_body_region_position_risk_weights.csv,injury_body_region_position_risk_weights,weight_distribution,83,LT,"{""position"":""LT"",""position_group"":""OL"",""injury_family_id"":""SHOULDER"",""relative_weight"":""0.07656"",""notes"":""Normalized position-specific injury family mix for generated injury histories.""}"
injuries,injury_body_region_position_risk_weights.csv,injury_body_region_position_risk_weights,weight_distribution,84,LT,"{""position"":""LT"",""position_group"":""OL"",""injury_family_id"":""ELBOW"",""relative_weight"":""0.01914"",""notes"":""Normalized position-specific injury family mix for generated injury histories.""}"
injuries,injury_body_region_position_risk_weights.csv,injury_body_region_position_risk_weights,weight_distribution,85,LT,"{""position"":""LT"",""position_group"":""OL"",""injury_family_id"":""HAND_WRIST"",""relative_weight"":""0.04306"",""notes"":""Normalized position-specific injury family mix for generated injury histories.""}"
injuries,injury_body_region_position_risk_weights.csv,injury_body_region_position_risk_weights,weight_distribution,86,LT,"{""position"":""LT"",""position_group"":""OL"",""injury_family_id"":""RIB_CHEST"",""relative_weight"":""0.03349"",""notes"":""Normalized position-specific injury family mix for generated injury histories.""}"
injuries,injury_body_region_position_risk_weights.csv,injury_body_region_position_risk_weights,weight_distribution,87,LT,"{""position"":""LT"",""position_group"":""OL"",""injury_family_id"":""BACK"",""relative_weight"":""0.08612"",""notes"":""Normalized position-specific injury family mix for generated injury histories.""}"
injuries,injury_body_region_position_risk_weights.csv,injury_body_region_position_risk_weights,weight_distribution,88,LT,"{""position"":""LT"",""position_group"":""OL"",""injury_family_id"":""STINGER"",""relative_weight"":""0.03349"",""notes"":""Normalized position-specific injury family mix for generated injury histories.""}"
injuries,injury_body_region_position_risk_weights.csv,injury_body_region_position_risk_weights,weight_distribution,89,LT,"{""position"":""LT"",""position_group"":""OL"",""injury_family_id"":""QUAD_CALF"",""relative_weight"":""0.03349"",""notes"":""Normalized position-specific injury family mix for generated injury histories.""}"
injuries,injury_body_region_position_risk_weights.csv,injury_body_region_position_risk_weights,weight_distribution,90,LT,"{""position"":""LT"",""position_group"":""OL"",""injury_family_id"":""ILLNESS_NONFOOTBALL"",""relative_weight"":""0.01435"",""notes"":""Normalized position-specific injury family mix for generated injury histories.""}"
injuries,injury_body_region_position_risk_weights.csv,injury_body_region_position_risk_weights,weight_distribution,91,LG,"{""position"":""LG"",""position_group"":""OL"",""injury_family_id"":""CONCUSSION"",""relative_weight"":""0.06699"",""notes"":""Normalized position-specific injury family mix for generated injury histories.""}"
injuries,injury_body_region_position_risk_weights.csv,injury_body_region_position_risk_weights,weight_distribution,92,LG,"{""position"":""LG"",""position_group"":""OL"",""injury_family_id"":""ACL"",""relative_weight"":""0.07177"",""notes"":""Normalized position-specific injury family mix for generated injury histories.""}"
injuries,injury_body_region_position_risk_weights.csv,injury_body_region_position_risk_weights,weight_distribution,93,LG,"{""position"":""LG"",""position_group"":""OL"",""injury_family_id"":""MCL"",""relative_weight"":""0.08612"",""notes"":""Normalized position-specific injury family mix for generated injury histories.""}"
injuries,injury_body_region_position_risk_weights.csv,injury_body_region_position_risk_weights,weight_distribution,94,LG,"{""position"":""LG"",""position_group"":""OL"",""injury_family_id"":""MENISCUS"",""relative_weight"":""0.0622"",""notes"":""Normalized position-specific injury family mix for generated injury histories.""}"
injuries,injury_body_region_position_risk_weights.csv,injury_body_region_position_risk_weights,weight_distribution,95,LG,"{""position"":""LG"",""position_group"":""OL"",""injury_family_id"":""ACHILLES"",""relative_weight"":""0.03828"",""notes"":""Normalized position-specific injury family mix for generated injury histories.""}"
injuries,injury_body_region_position_risk_weights.csv,injury_body_region_position_risk_weights,weight_distribution,96,LG,"{""position"":""LG"",""position_group"":""OL"",""injury_family_id"":""HAMSTRING"",""relative_weight"":""0.04306"",""notes"":""Normalized position-specific injury family mix for generated injury histories.""}"
injuries,injury_body_region_position_risk_weights.csv,injury_body_region_position_risk_weights,weight_distribution,97,LG,"{""position"":""LG"",""position_group"":""OL"",""injury_family_id"":""GROIN"",""relative_weight"":""0.04785"",""notes"":""Normalized position-specific injury family mix for generated injury histories.""}"
injuries,injury_body_region_position_risk_weights.csv,injury_body_region_position_risk_weights,weight_distribution,98,LG,"{""position"":""LG"",""position_group"":""OL"",""injury_family_id"":""ANKLE"",""relative_weight"":""0.10048"",""notes"":""Normalized position-specific injury family mix for generated injury histories.""}"
injuries,injury_body_region_position_risk_weights.csv,injury_body_region_position_risk_weights,weight_distribution,99,LG,"{""position"":""LG"",""position_group"":""OL"",""injury_family_id"":""HIGH_ANKLE"",""relative_weight"":""0.06699"",""notes"":""Normalized position-specific injury family mix for generated injury histories.""}"
injuries,injury_body_region_position_risk_weights.csv,injury_body_region_position_risk_weights,weight_distribution,100,LG,"{""position"":""LG"",""position_group"":""OL"",""injury_family_id"":""FOOT"",""relative_weight"":""0.07656"",""notes"":""Normalized position-specific injury family mix for generated injury histories.""}"
injuries,injury_body_region_position_risk_weights.csv,injury_body_region_position_risk_weights,weight_distribution,101,LG,"{""position"":""LG"",""position_group"":""OL"",""injury_family_id"":""SHOULDER"",""relative_weight"":""0.07656"",""notes"":""Normalized position-specific injury family mix for generated injury histories.""}"
injuries,injury_body_region_position_risk_weights.csv,injury_body_region_position_risk_weights,weight_distribution,102,LG,"{""position"":""LG"",""position_group"":""OL"",""injury_family_id"":""ELBOW"",""relative_weight"":""0.01914"",""notes"":""Normalized position-specific injury family mix for generated injury histories.""}"
injuries,injury_body_region_position_risk_weights.csv,injury_body_region_position_risk_weights,weight_distribution,103,LG,"{""position"":""LG"",""position_group"":""OL"",""injury_family_id"":""HAND_WRIST"",""relative_weight"":""0.04306"",""notes"":""Normalized position-specific injury family mix for generated injury histories.""}"
injuries,injury_body_region_position_risk_weights.csv,injury_body_region_position_risk_weights,weight_distribution,104,LG,"{""position"":""LG"",""position_group"":""OL"",""injury_family_id"":""RIB_CHEST"",""relative_weight"":""0.03349"",""notes"":""Normalized position-specific injury family mix for generated injury histories.""}"
injuries,injury_body_region_position_risk_weights.csv,injury_body_region_position_risk_weights,weight_distribution,105,LG,"{""position"":""LG"",""position_group"":""OL"",""injury_family_id"":""BACK"",""relative_weight"":""0.08612"",""notes"":""Normalized position-specific injury family mix for generated injury histories.""}"
injuries,injury_body_region_position_risk_weights.csv,injury_body_region_position_risk_weights,weight_distribution,106,LG,"{""position"":""LG"",""position_group"":""OL"",""injury_family_id"":""STINGER"",""relative_weight"":""0.03349"",""notes"":""Normalized position-specific injury family mix for generated injury histories.""}"
injuries,injury_body_region_position_risk_weights.csv,injury_body_region_position_risk_weights,weight_distribution,107,LG,"{""position"":""LG"",""position_group"":""OL"",""injury_family_id"":""QUAD_CALF"",""relative_weight"":""0.03349"",""notes"":""Normalized position-specific injury family mix for generated injury histories.""}"
injuries,injury_body_region_position_risk_weights.csv,injury_body_region_position_risk_weights,weight_distribution,108,LG,"{""position"":""LG"",""position_group"":""OL"",""injury_family_id"":""ILLNESS_NONFOOTBALL"",""relative_weight"":""0.01435"",""notes"":""Normalized position-specific injury family mix for generated injury histories.""}"
injuries,injury_body_region_position_risk_weights.csv,injury_body_region_position_risk_weights,weight_distribution,109,C,"{""position"":""C"",""position_group"":""OL"",""injury_family_id"":""CONCUSSION"",""relative_weight"":""0.06699"",""notes"":""Normalized position-specific injury family mix for generated injury histories.""}"
injuries,injury_body_region_position_risk_weights.csv,injury_body_region_position_risk_weights,weight_distribution,110,C,"{""position"":""C"",""position_group"":""OL"",""injury_family_id"":""ACL"",""relative_weight"":""0.07177"",""notes"":""Normalized position-specific injury family mix for generated injury histories.""}"
injuries,injury_body_region_position_risk_weights.csv,injury_body_region_position_risk_weights,weight_distribution,111,C,"{""position"":""C"",""position_group"":""OL"",""injury_family_id"":""MCL"",""relative_weight"":""0.08612"",""notes"":""Normalized position-specific injury family mix for generated injury histories.""}"
injuries,injury_body_region_position_risk_weights.csv,injury_body_region_position_risk_weights,weight_distribution,112,C,"{""position"":""C"",""position_group"":""OL"",""injury_family_id"":""MENISCUS"",""relative_weight"":""0.0622"",""notes"":""Normalized position-specific injury family mix for generated injury histories.""}"
injuries,injury_body_region_position_risk_weights.csv,injury_body_region_position_risk_weights,weight_distribution,113,C,"{""position"":""C"",""position_group"":""OL"",""injury_family_id"":""ACHILLES"",""relative_weight"":""0.03828"",""notes"":""Normalized position-specific injury family mix for generated injury histories.""}"
injuries,injury_body_region_position_risk_weights.csv,injury_body_region_position_risk_weights,weight_distribution,114,C,"{""position"":""C"",""position_group"":""OL"",""injury_family_id"":""HAMSTRING"",""relative_weight"":""0.04306"",""notes"":""Normalized position-specific injury family mix for generated injury histories.""}"
injuries,injury_body_region_position_risk_weights.csv,injury_body_region_position_risk_weights,weight_distribution,115,C,"{""position"":""C"",""position_group"":""OL"",""injury_family_id"":""GROIN"",""relative_weight"":""0.04785"",""notes"":""Normalized position-specific injury family mix for generated injury histories.""}"
injuries,injury_body_region_position_risk_weights.csv,injury_body_region_position_risk_weights,weight_distribution,116,C,"{""position"":""C"",""position_group"":""OL"",""injury_family_id"":""ANKLE"",""relative_weight"":""0.10048"",""notes"":""Normalized position-specific injury family mix for generated injury histories.""}"
injuries,injury_body_region_position_risk_weights.csv,injury_body_region_position_risk_weights,weight_distribution,117,C,"{""position"":""C"",""position_group"":""OL"",""injury_family_id"":""HIGH_ANKLE"",""relative_weight"":""0.06699"",""notes"":""Normalized position-specific injury family mix for generated injury histories.""}"
injuries,injury_body_region_position_risk_weights.csv,injury_body_region_position_risk_weights,weight_distribution,118,C,"{""position"":""C"",""position_group"":""OL"",""injury_family_id"":""FOOT"",""relative_weight"":""0.07656"",""notes"":""Normalized position-specific injury family mix for generated injury histories.""}"
injuries,injury_body_region_position_risk_weights.csv,injury_body_region_position_risk_weights,weight_distribution,119,C,"{""position"":""C"",""position_group"":""OL"",""injury_family_id"":""SHOULDER"",""relative_weight"":""0.07656"",""notes"":""Normalized position-specific injury family mix for generated injury histories.""}"
injuries,injury_body_region_position_risk_weights.csv,injury_body_region_position_risk_weights,weight_distribution,120,C,"{""position"":""C"",""position_group"":""OL"",""injury_family_id"":""ELBOW"",""relative_weight"":""0.01914"",""notes"":""Normalized position-specific injury family mix for generated injury histories.""}"
injuries,injury_body_region_position_risk_weights.csv,injury_body_region_position_risk_weights,weight_distribution,121,C,"{""position"":""C"",""position_group"":""OL"",""injury_family_id"":""HAND_WRIST"",""relative_weight"":""0.04306"",""notes"":""Normalized position-specific injury family mix for generated injury histories.""}"
injuries,injury_body_region_position_risk_weights.csv,injury_body_region_position_risk_weights,weight_distribution,122,C,"{""position"":""C"",""position_group"":""OL"",""injury_family_id"":""RIB_CHEST"",""relative_weight"":""0.03349"",""notes"":""Normalized position-specific injury family mix for generated injury histories.""}"
injuries,injury_body_region_position_risk_weights.csv,injury_body_region_position_risk_weights,weight_distribution,123,C,"{""position"":""C"",""position_group"":""OL"",""injury_family_id"":""BACK"",""relative_weight"":""0.08612"",""notes"":""Normalized position-specific injury family mix for generated injury histories.""}"
injuries,injury_body_region_position_risk_weights.csv,injury_body_region_position_risk_weights,weight_distribution,124,C,"{""position"":""C"",""position_group"":""OL"",""injury_family_id"":""STINGER"",""relative_weight"":""0.03349"",""notes"":""Normalized position-specific injury family mix for generated injury histories.""}"
injuries,injury_body_region_position_risk_weights.csv,injury_body_region_position_risk_weights,weight_distribution,125,C,"{""position"":""C"",""position_group"":""OL"",""injury_family_id"":""QUAD_CALF"",""relative_weight"":""0.03349"",""notes"":""Normalized position-specific injury family mix for generated injury histories.""}"
injuries,injury_body_region_position_risk_weights.csv,injury_body_region_position_risk_weights,weight_distribution,126,C,"{""position"":""C"",""position_group"":""OL"",""injury_family_id"":""ILLNESS_NONFOOTBALL"",""relative_weight"":""0.01435"",""notes"":""Normalized position-specific injury family mix for generated injury histories.""}"
injuries,injury_body_region_position_risk_weights.csv,injury_body_region_position_risk_weights,weight_distribution,127,RG,"{""position"":""RG"",""position_group"":""OL"",""injury_family_id"":""CONCUSSION"",""relative_weight"":""0.06699"",""notes"":""Normalized position-specific injury family mix for generated injury histories.""}"
injuries,injury_body_region_position_risk_weights.csv,injury_body_region_position_risk_weights,weight_distribution,128,RG,"{""position"":""RG"",""position_group"":""OL"",""injury_family_id"":""ACL"",""relative_weight"":""0.07177"",""notes"":""Normalized position-specific injury family mix for generated injury histories.""}"
injuries,injury_body_region_position_risk_weights.csv,injury_body_region_position_risk_weights,weight_distribution,129,RG,"{""position"":""RG"",""position_group"":""OL"",""injury_family_id"":""MCL"",""relative_weight"":""0.08612"",""notes"":""Normalized position-specific injury family mix for generated injury histories.""}"
injuries,injury_body_region_position_risk_weights.csv,injury_body_region_position_risk_weights,weight_distribution,130,RG,"{""position"":""RG"",""position_group"":""OL"",""injury_family_id"":""MENISCUS"",""relative_weight"":""0.0622"",""notes"":""Normalized position-specific injury family mix for generated injury histories.""}"
injuries,injury_body_region_position_risk_weights.csv,injury_body_region_position_risk_weights,weight_distribution,131,RG,"{""position"":""RG"",""position_group"":""OL"",""injury_family_id"":""ACHILLES"",""relative_weight"":""0.03828"",""notes"":""Normalized position-specific injury family mix for generated injury histories.""}"
injuries,injury_body_region_position_risk_weights.csv,injury_body_region_position_risk_weights,weight_distribution,132,RG,"{""position"":""RG"",""position_group"":""OL"",""injury_family_id"":""HAMSTRING"",""relative_weight"":""0.04306"",""notes"":""Normalized position-specific injury family mix for generated injury histories.""}"
injuries,injury_body_region_position_risk_weights.csv,injury_body_region_position_risk_weights,weight_distribution,133,RG,"{""position"":""RG"",""position_group"":""OL"",""injury_family_id"":""GROIN"",""relative_weight"":""0.04785"",""notes"":""Normalized position-specific injury family mix for generated injury histories.""}"
injuries,injury_body_region_position_risk_weights.csv,injury_body_region_position_risk_weights,weight_distribution,134,RG,"{""position"":""RG"",""position_group"":""OL"",""injury_family_id"":""ANKLE"",""relative_weight"":""0.10048"",""notes"":""Normalized position-specific injury family mix for generated injury histories.""}"
injuries,injury_body_region_position_risk_weights.csv,injury_body_region_position_risk_weights,weight_distribution,135,RG,"{""position"":""RG"",""position_group"":""OL"",""injury_family_id"":""HIGH_ANKLE"",""relative_weight"":""0.06699"",""notes"":""Normalized position-specific injury family mix for generated injury histories.""}"
injuries,injury_body_region_position_risk_weights.csv,injury_body_region_position_risk_weights,weight_distribution,136,RG,"{""position"":""RG"",""position_group"":""OL"",""injury_family_id"":""FOOT"",""relative_weight"":""0.07656"",""notes"":""Normalized position-specific injury family mix for generated injury histories.""}"
injuries,injury_body_region_position_risk_weights.csv,injury_body_region_position_risk_weights,weight_distribution,137,RG,"{""position"":""RG"",""position_group"":""OL"",""injury_family_id"":""SHOULDER"",""relative_weight"":""0.07656"",""notes"":""Normalized position-specific injury family mix for generated injury histories.""}"
injuries,injury_body_region_position_risk_weights.csv,injury_body_region_position_risk_weights,weight_distribution,138,RG,"{""position"":""RG"",""position_group"":""OL"",""injury_family_id"":""ELBOW"",""relative_weight"":""0.01914"",""notes"":""Normalized position-specific injury family mix for generated injury histories.""}"
injuries,injury_body_region_position_risk_weights.csv,injury_body_region_position_risk_weights,weight_distribution,139,RG,"{""position"":""RG"",""position_group"":""OL"",""injury_family_id"":""HAND_WRIST"",""relative_weight"":""0.04306"",""notes"":""Normalized position-specific injury family mix for generated injury histories.""}"
injuries,injury_body_region_position_risk_weights.csv,injury_body_region_position_risk_weights,weight_distribution,140,RG,"{""position"":""RG"",""position_group"":""OL"",""injury_family_id"":""RIB_CHEST"",""relative_weight"":""0.03349"",""notes"":""Normalized position-specific injury family mix for generated injury histories.""}"
injuries,injury_body_region_position_risk_weights.csv,injury_body_region_position_risk_weights,weight_distribution,141,RG,"{""position"":""RG"",""position_group"":""OL"",""injury_family_id"":""BACK"",""relative_weight"":""0.08612"",""notes"":""Normalized position-specific injury family mix for generated injury histories.""}"
injuries,injury_body_region_position_risk_weights.csv,injury_body_region_position_risk_weights,weight_distribution,142,RG,"{""position"":""RG"",""position_group"":""OL"",""injury_family_id"":""STINGER"",""relative_weight"":""0.03349"",""notes"":""Normalized position-specific injury family mix for generated injury histories.""}"
injuries,injury_body_region_position_risk_weights.csv,injury_body_region_position_risk_weights,weight_distribution,143,RG,"{""position"":""RG"",""position_group"":""OL"",""injury_family_id"":""QUAD_CALF"",""relative_weight"":""0.03349"",""notes"":""Normalized position-specific injury family mix for generated injury histories.""}"
injuries,injury_body_region_position_risk_weights.csv,injury_body_region_position_risk_weights,weight_distribution,144,RG,"{""position"":""RG"",""position_group"":""OL"",""injury_family_id"":""ILLNESS_NONFOOTBALL"",""relative_weight"":""0.01435"",""notes"":""Normalized position-specific injury family mix for generated injury histories.""}"
injuries,injury_body_region_position_risk_weights.csv,injury_body_region_position_risk_weights,weight_distribution,145,RT,"{""position"":""RT"",""position_group"":""OL"",""injury_family_id"":""CONCUSSION"",""relative_weight"":""0.06699"",""notes"":""Normalized position-specific injury family mix for generated injury histories.""}"
injuries,injury_body_region_position_risk_weights.csv,injury_body_region_position_risk_weights,weight_distribution,146,RT,"{""position"":""RT"",""position_group"":""OL"",""injury_family_id"":""ACL"",""relative_weight"":""0.07177"",""notes"":""Normalized position-specific injury family mix for generated injury histories.""}"
injuries,injury_body_region_position_risk_weights.csv,injury_body_region_position_risk_weights,weight_distribution,147,RT,"{""position"":""RT"",""position_group"":""OL"",""injury_family_id"":""MCL"",""relative_weight"":""0.08612"",""notes"":""Normalized position-specific injury family mix for generated injury histories.""}"
injuries,injury_body_region_position_risk_weights.csv,injury_body_region_position_risk_weights,weight_distribution,148,RT,"{""position"":""RT"",""position_group"":""OL"",""injury_family_id"":""MENISCUS"",""relative_weight"":""0.0622"",""notes"":""Normalized position-specific injury family mix for generated injury histories.""}"
injuries,injury_body_region_position_risk_weights.csv,injury_body_region_position_risk_weights,weight_distribution,149,RT,"{""position"":""RT"",""position_group"":""OL"",""injury_family_id"":""ACHILLES"",""relative_weight"":""0.03828"",""notes"":""Normalized position-specific injury family mix for generated injury histories.""}"
injuries,injury_body_region_position_risk_weights.csv,injury_body_region_position_risk_weights,weight_distribution,150,RT,"{""position"":""RT"",""position_group"":""OL"",""injury_family_id"":""HAMSTRING"",""relative_weight"":""0.04306"",""notes"":""Normalized position-specific injury family mix for generated injury histories.""}"
injuries,injury_body_region_position_risk_weights.csv,injury_body_region_position_risk_weights,weight_distribution,151,RT,"{""position"":""RT"",""position_group"":""OL"",""injury_family_id"":""GROIN"",""relative_weight"":""0.04785"",""notes"":""Normalized position-specific injury family mix for generated injury histories.""}"
injuries,injury_body_region_position_risk_weights.csv,injury_body_region_position_risk_weights,weight_distribution,152,RT,"{""position"":""RT"",""position_group"":""OL"",""injury_family_id"":""ANKLE"",""relative_weight"":""0.10048"",""notes"":""Normalized position-specific injury family mix for generated injury histories.""}"
injuries,injury_body_region_position_risk_weights.csv,injury_body_region_position_risk_weights,weight_distribution,153,RT,"{""position"":""RT"",""position_group"":""OL"",""injury_family_id"":""HIGH_ANKLE"",""relative_weight"":""0.06699"",""notes"":""Normalized position-specific injury family mix for generated injury histories.""}"
injuries,injury_body_region_position_risk_weights.csv,injury_body_region_position_risk_weights,weight_distribution,154,RT,"{""position"":""RT"",""position_group"":""OL"",""injury_family_id"":""FOOT"",""relative_weight"":""0.07656"",""notes"":""Normalized position-specific injury family mix for generated injury histories.""}"
injuries,injury_body_region_position_risk_weights.csv,injury_body_region_position_risk_weights,weight_distribution,155,RT,"{""position"":""RT"",""position_group"":""OL"",""injury_family_id"":""SHOULDER"",""relative_weight"":""0.07656"",""notes"":""Normalized position-specific injury family mix for generated injury histories.""}"
injuries,injury_body_region_position_risk_weights.csv,injury_body_region_position_risk_weights,weight_distribution,156,RT,"{""position"":""RT"",""position_group"":""OL"",""injury_family_id"":""ELBOW"",""relative_weight"":""0.01914"",""notes"":""Normalized position-specific injury family mix for generated injury histories.""}"
injuries,injury_body_region_position_risk_weights.csv,injury_body_region_position_risk_weights,weight_distribution,157,RT,"{""position"":""RT"",""position_group"":""OL"",""injury_family_id"":""HAND_WRIST"",""relative_weight"":""0.04306"",""notes"":""Normalized position-specific injury family mix for generated injury histories.""}"
injuries,injury_body_region_position_risk_weights.csv,injury_body_region_position_risk_weights,weight_distribution,158,RT,"{""position"":""RT"",""position_group"":""OL"",""injury_family_id"":""RIB_CHEST"",""relative_weight"":""0.03349"",""notes"":""Normalized position-specific injury family mix for generated injury histories.""}"
injuries,injury_body_region_position_risk_weights.csv,injury_body_region_position_risk_weights,weight_distribution,159,RT,"{""position"":""RT"",""position_group"":""OL"",""injury_family_id"":""BACK"",""relative_weight"":""0.08612"",""notes"":""Normalized position-specific injury family mix for generated injury histories.""}"
injuries,injury_body_region_position_risk_weights.csv,injury_body_region_position_risk_weights,weight_distribution,160,RT,"{""position"":""RT"",""position_group"":""OL"",""injury_family_id"":""STINGER"",""relative_weight"":""0.03349"",""notes"":""Normalized position-specific injury family mix for generated injury histories.""}"
injuries,injury_body_region_position_risk_weights.csv,injury_body_region_position_risk_weights,weight_distribution,161,RT,"{""position"":""RT"",""position_group"":""OL"",""injury_family_id"":""QUAD_CALF"",""relative_weight"":""0.03349"",""notes"":""Normalized position-specific injury family mix for generated injury histories.""}"
injuries,injury_body_region_position_risk_weights.csv,injury_body_region_position_risk_weights,weight_distribution,162,RT,"{""position"":""RT"",""position_group"":""OL"",""injury_family_id"":""ILLNESS_NONFOOTBALL"",""relative_weight"":""0.01435"",""notes"":""Normalized position-specific injury family mix for generated injury histories.""}"
injuries,injury_body_region_position_risk_weights.csv,injury_body_region_position_risk_weights,weight_distribution,163,EDGE,"{""position"":""EDGE"",""position_group"":""Front Seven"",""injury_family_id"":""CONCUSSION"",""relative_weight"":""0.08531"",""notes"":""Normalized position-specific injury family mix for generated injury histories.""}"
injuries,injury_body_region_position_risk_weights.csv,injury_body_region_position_risk_weights,weight_distribution,164,EDGE,"{""position"":""EDGE"",""position_group"":""Front Seven"",""injury_family_id"":""ACL"",""relative_weight"":""0.07583"",""notes"":""Normalized position-specific injury family mix for generated injury histories.""}"
injuries,injury_body_region_position_risk_weights.csv,injury_body_region_position_risk_weights,weight_distribution,165,EDGE,"{""position"":""EDGE"",""position_group"":""Front Seven"",""injury_family_id"":""MCL"",""relative_weight"":""0.07109"",""notes"":""Normalized position-specific injury family mix for generated injury histories.""}"
injuries,injury_body_region_position_risk_weights.csv,injury_body_region_position_risk_weights,weight_distribution,166,EDGE,"{""position"":""EDGE"",""position_group"":""Front Seven"",""injury_family_id"":""MENISCUS"",""relative_weight"":""0.05213"",""notes"":""Normalized position-specific injury family mix for generated injury histories.""}"
injuries,injury_body_region_position_risk_weights.csv,injury_body_region_position_risk_weights,weight_distribution,167,EDGE,"{""position"":""EDGE"",""position_group"":""Front Seven"",""injury_family_id"":""ACHILLES"",""relative_weight"":""0.03791"",""notes"":""Normalized position-specific injury family mix for generated injury histories.""}"
injuries,injury_body_region_position_risk_weights.csv,injury_body_region_position_risk_weights,weight_distribution,168,EDGE,"{""position"":""EDGE"",""position_group"":""Front Seven"",""injury_family_id"":""HAMSTRING"",""relative_weight"":""0.06161"",""notes"":""Normalized position-specific injury family mix for generated injury histories.""}"
injuries,injury_body_region_position_risk_weights.csv,injury_body_region_position_risk_weights,weight_distribution,169,EDGE,"{""position"":""EDGE"",""position_group"":""Front Seven"",""injury_family_id"":""GROIN"",""relative_weight"":""0.05213"",""notes"":""Normalized position-specific injury family mix for generated injury histories.""}"
injuries,injury_body_region_position_risk_weights.csv,injury_body_region_position_risk_weights,weight_distribution,170,EDGE,"{""position"":""EDGE"",""position_group"":""Front Seven"",""injury_family_id"":""ANKLE"",""relative_weight"":""0.09953"",""notes"":""Normalized position-specific injury family mix for generated injury histories.""}"
injuries,injury_body_region_position_risk_weights.csv,injury_body_region_position_risk_weights,weight_distribution,171,EDGE,"{""position"":""EDGE"",""position_group"":""Front Seven"",""injury_family_id"":""HIGH_ANKLE"",""relative_weight"":""0.07109"",""notes"":""Normalized position-specific injury family mix for generated injury histories.""}"
injuries,injury_body_region_position_risk_weights.csv,injury_body_region_position_risk_weights,weight_distribution,172,EDGE,"{""position"":""EDGE"",""position_group"":""Front Seven"",""injury_family_id"":""FOOT"",""relative_weight"":""0.06161"",""notes"":""Normalized position-specific injury family mix for generated injury histories.""}"
injuries,injury_body_region_position_risk_weights.csv,injury_body_region_position_risk_weights,weight_distribution,173,EDGE,"{""position"":""EDGE"",""position_group"":""Front Seven"",""injury_family_id"":""SHOULDER"",""relative_weight"":""0.08531"",""notes"":""Normalized position-specific injury family mix for generated injury histories.""}"
injuries,injury_body_region_position_risk_weights.csv,injury_body_region_position_risk_weights,weight_distribution,174,EDGE,"{""position"":""EDGE"",""position_group"":""Front Seven"",""injury_family_id"":""ELBOW"",""relative_weight"":""0.01422"",""notes"":""Normalized position-specific injury family mix for generated injury histories.""}"
injuries,injury_body_region_position_risk_weights.csv,injury_body_region_position_risk_weights,weight_distribution,175,EDGE,"{""position"":""EDGE"",""position_group"":""Front Seven"",""injury_family_id"":""HAND_WRIST"",""relative_weight"":""0.03791"",""notes"":""Normalized position-specific injury family mix for generated injury histories.""}"
injuries,injury_body_region_position_risk_weights.csv,injury_body_region_position_risk_weights,weight_distribution,176,EDGE,"{""position"":""EDGE"",""position_group"":""Front Seven"",""injury_family_id"":""RIB_CHEST"",""relative_weight"":""0.03791"",""notes"":""Normalized position-specific injury family mix for generated injury histories.""}"
injuries,injury_body_region_position_risk_weights.csv,injury_body_region_position_risk_weights,weight_distribution,177,EDGE,"{""position"":""EDGE"",""position_group"":""Front Seven"",""injury_family_id"":""BACK"",""relative_weight"":""0.05213"",""notes"":""Normalized position-specific injury family mix for generated injury histories.""}"
injuries,injury_body_region_position_risk_weights.csv,injury_body_region_position_risk_weights,weight_distribution,178,EDGE,"{""position"":""EDGE"",""position_group"":""Front Seven"",""injury_family_id"":""STINGER"",""relative_weight"":""0.05213"",""notes"":""Normalized position-specific injury family mix for generated injury histories.""}"
injuries,injury_body_region_position_risk_weights.csv,injury_body_region_position_risk_weights,weight_distribution,179,EDGE,"{""position"":""EDGE"",""position_group"":""Front Seven"",""injury_family_id"":""QUAD_CALF"",""relative_weight"":""0.03791"",""notes"":""Normalized position-specific injury family mix for generated injury histories.""}"
injuries,injury_body_region_position_risk_weights.csv,injury_body_region_position_risk_weights,weight_distribution,180,EDGE,"{""position"":""EDGE"",""position_group"":""Front Seven"",""injury_family_id"":""ILLNESS_NONFOOTBALL"",""relative_weight"":""0.01422"",""notes"":""Normalized position-specific injury family mix for generated injury histories.""}"
injuries,injury_body_region_position_risk_weights.csv,injury_body_region_position_risk_weights,weight_distribution,181,DL,"{""position"":""DL"",""position_group"":""Front Seven"",""injury_family_id"":""CONCUSSION"",""relative_weight"":""0.08531"",""notes"":""Normalized position-specific injury family mix for generated injury histories.""}"
injuries,injury_body_region_position_risk_weights.csv,injury_body_region_position_risk_weights,weight_distribution,182,DL,"{""position"":""DL"",""position_group"":""Front Seven"",""injury_family_id"":""ACL"",""relative_weight"":""0.07583"",""notes"":""Normalized position-specific injury family mix for generated injury histories.""}"
injuries,injury_body_region_position_risk_weights.csv,injury_body_region_position_risk_weights,weight_distribution,183,DL,"{""position"":""DL"",""position_group"":""Front Seven"",""injury_family_id"":""MCL"",""relative_weight"":""0.07109"",""notes"":""Normalized position-specific injury family mix for generated injury histories.""}"
injuries,injury_body_region_position_risk_weights.csv,injury_body_region_position_risk_weights,weight_distribution,184,DL,"{""position"":""DL"",""position_group"":""Front Seven"",""injury_family_id"":""MENISCUS"",""relative_weight"":""0.05213"",""notes"":""Normalized position-specific injury family mix for generated injury histories.""}"
injuries,injury_body_region_position_risk_weights.csv,injury_body_region_position_risk_weights,weight_distribution,185,DL,"{""position"":""DL"",""position_group"":""Front Seven"",""injury_family_id"":""ACHILLES"",""relative_weight"":""0.03791"",""notes"":""Normalized position-specific injury family mix for generated injury histories.""}"
injuries,injury_body_region_position_risk_weights.csv,injury_body_region_position_risk_weights,weight_distribution,186,DL,"{""position"":""DL"",""position_group"":""Front Seven"",""injury_family_id"":""HAMSTRING"",""relative_weight"":""0.06161"",""notes"":""Normalized position-specific injury family mix for generated injury histories.""}"
injuries,injury_body_region_position_risk_weights.csv,injury_body_region_position_risk_weights,weight_distribution,187,DL,"{""position"":""DL"",""position_group"":""Front Seven"",""injury_family_id"":""GROIN"",""relative_weight"":""0.05213"",""notes"":""Normalized position-specific injury family mix for generated injury histories.""}"
injuries,injury_body_region_position_risk_weights.csv,injury_body_region_position_risk_weights,weight_distribution,188,DL,"{""position"":""DL"",""position_group"":""Front Seven"",""injury_family_id"":""ANKLE"",""relative_weight"":""0.09953"",""notes"":""Normalized position-specific injury family mix for generated injury histories.""}"
injuries,injury_body_region_position_risk_weights.csv,injury_body_region_position_risk_weights,weight_distribution,189,DL,"{""position"":""DL"",""position_group"":""Front Seven"",""injury_family_id"":""HIGH_ANKLE"",""relative_weight"":""0.07109"",""notes"":""Normalized position-specific injury family mix for generated injury histories.""}"
injuries,injury_body_region_position_risk_weights.csv,injury_body_region_position_risk_weights,weight_distribution,190,DL,"{""position"":""DL"",""position_group"":""Front Seven"",""injury_family_id"":""FOOT"",""relative_weight"":""0.06161"",""notes"":""Normalized position-specific injury family mix for generated injury histories.""}"
injuries,injury_body_region_position_risk_weights.csv,injury_body_region_position_risk_weights,weight_distribution,191,DL,"{""position"":""DL"",""position_group"":""Front Seven"",""injury_family_id"":""SHOULDER"",""relative_weight"":""0.08531"",""notes"":""Normalized position-specific injury family mix for generated injury histories.""}"
injuries,injury_body_region_position_risk_weights.csv,injury_body_region_position_risk_weights,weight_distribution,192,DL,"{""position"":""DL"",""position_group"":""Front Seven"",""injury_family_id"":""ELBOW"",""relative_weight"":""0.01422"",""notes"":""Normalized position-specific injury family mix for generated injury histories.""}"
injuries,injury_body_region_position_risk_weights.csv,injury_body_region_position_risk_weights,weight_distribution,193,DL,"{""position"":""DL"",""position_group"":""Front Seven"",""injury_family_id"":""HAND_WRIST"",""relative_weight"":""0.03791"",""notes"":""Normalized position-specific injury family mix for generated injury histories.""}"
injuries,injury_body_region_position_risk_weights.csv,injury_body_region_position_risk_weights,weight_distribution,194,DL,"{""position"":""DL"",""position_group"":""Front Seven"",""injury_family_id"":""RIB_CHEST"",""relative_weight"":""0.03791"",""notes"":""Normalized position-specific injury family mix for generated injury histories.""}"
injuries,injury_body_region_position_risk_weights.csv,injury_body_region_position_risk_weights,weight_distribution,195,DL,"{""position"":""DL"",""position_group"":""Front Seven"",""injury_family_id"":""BACK"",""relative_weight"":""0.05213"",""notes"":""Normalized position-specific injury family mix for generated injury histories.""}"
injuries,injury_body_region_position_risk_weights.csv,injury_body_region_position_risk_weights,weight_distribution,196,DL,"{""position"":""DL"",""position_group"":""Front Seven"",""injury_family_id"":""STINGER"",""relative_weight"":""0.05213"",""notes"":""Normalized position-specific injury family mix for generated injury histories.""}"
injuries,injury_body_region_position_risk_weights.csv,injury_body_region_position_risk_weights,weight_distribution,197,DL,"{""position"":""DL"",""position_group"":""Front Seven"",""injury_family_id"":""QUAD_CALF"",""relative_weight"":""0.03791"",""notes"":""Normalized position-specific injury family mix for generated injury histories.""}"
injuries,injury_body_region_position_risk_weights.csv,injury_body_region_position_risk_weights,weight_distribution,198,DL,"{""position"":""DL"",""position_group"":""Front Seven"",""injury_family_id"":""ILLNESS_NONFOOTBALL"",""relative_weight"":""0.01422"",""notes"":""Normalized position-specific injury family mix for generated injury histories.""}"
injuries,injury_body_region_position_risk_weights.csv,injury_body_region_position_risk_weights,weight_distribution,199,LB,"{""position"":""LB"",""position_group"":""Front Seven"",""injury_family_id"":""CONCUSSION"",""relative_weight"":""0.08531"",""notes"":""Normalized position-specific injury family mix for generated injury histories.""}"
injuries,injury_body_region_position_risk_weights.csv,injury_body_region_position_risk_weights,weight_distribution,200,LB,"{""position"":""LB"",""position_group"":""Front Seven"",""injury_family_id"":""ACL"",""relative_weight"":""0.07583"",""notes"":""Normalized position-specific injury family mix for generated injury histories.""}"
injuries,injury_body_region_position_risk_weights.csv,injury_body_region_position_risk_weights,weight_distribution,201,LB,"{""position"":""LB"",""position_group"":""Front Seven"",""injury_family_id"":""MCL"",""relative_weight"":""0.07109"",""notes"":""Normalized position-specific injury family mix for generated injury histories.""}"
injuries,injury_body_region_position_risk_weights.csv,injury_body_region_position_risk_weights,weight_distribution,202,LB,"{""position"":""LB"",""position_group"":""Front Seven"",""injury_family_id"":""MENISCUS"",""relative_weight"":""0.05213"",""notes"":""Normalized position-specific injury family mix for generated injury histories.""}"
injuries,injury_body_region_position_risk_weights.csv,injury_body_region_position_risk_weights,weight_distribution,203,LB,"{""position"":""LB"",""position_group"":""Front Seven"",""injury_family_id"":""ACHILLES"",""relative_weight"":""0.03791"",""notes"":""Normalized position-specific injury family mix for generated injury histories.""}"
injuries,injury_body_region_position_risk_weights.csv,injury_body_region_position_risk_weights,weight_distribution,204,LB,"{""position"":""LB"",""position_group"":""Front Seven"",""injury_family_id"":""HAMSTRING"",""relative_weight"":""0.06161"",""notes"":""Normalized position-specific injury family mix for generated injury histories.""}"
injuries,injury_body_region_position_risk_weights.csv,injury_body_region_position_risk_weights,weight_distribution,205,LB,"{""position"":""LB"",""position_group"":""Front Seven"",""injury_family_id"":""GROIN"",""relative_weight"":""0.05213"",""notes"":""Normalized position-specific injury family mix for generated injury histories.""}"
injuries,injury_body_region_position_risk_weights.csv,injury_body_region_position_risk_weights,weight_distribution,206,LB,"{""position"":""LB"",""position_group"":""Front Seven"",""injury_family_id"":""ANKLE"",""relative_weight"":""0.09953"",""notes"":""Normalized position-specific injury family mix for generated injury histories.""}"
injuries,injury_body_region_position_risk_weights.csv,injury_body_region_position_risk_weights,weight_distribution,207,LB,"{""position"":""LB"",""position_group"":""Front Seven"",""injury_family_id"":""HIGH_ANKLE"",""relative_weight"":""0.07109"",""notes"":""Normalized position-specific injury family mix for generated injury histories.""}"
injuries,injury_body_region_position_risk_weights.csv,injury_body_region_position_risk_weights,weight_distribution,208,LB,"{""position"":""LB"",""position_group"":""Front Seven"",""injury_family_id"":""FOOT"",""relative_weight"":""0.06161"",""notes"":""Normalized position-specific injury family mix for generated injury histories.""}"
injuries,injury_body_region_position_risk_weights.csv,injury_body_region_position_risk_weights,weight_distribution,209,LB,"{""position"":""LB"",""position_group"":""Front Seven"",""injury_family_id"":""SHOULDER"",""relative_weight"":""0.08531"",""notes"":""Normalized position-specific injury family mix for generated injury histories.""}"
injuries,injury_body_region_position_risk_weights.csv,injury_body_region_position_risk_weights,weight_distribution,210,LB,"{""position"":""LB"",""position_group"":""Front Seven"",""injury_family_id"":""ELBOW"",""relative_weight"":""0.01422"",""notes"":""Normalized position-specific injury family mix for generated injury histories.""}"
injuries,injury_body_region_position_risk_weights.csv,injury_body_region_position_risk_weights,weight_distribution,211,LB,"{""position"":""LB"",""position_group"":""Front Seven"",""injury_family_id"":""HAND_WRIST"",""relative_weight"":""0.03791"",""notes"":""Normalized position-specific injury family mix for generated injury histories.""}"
injuries,injury_body_region_position_risk_weights.csv,injury_body_region_position_risk_weights,weight_distribution,212,LB,"{""position"":""LB"",""position_group"":""Front Seven"",""injury_family_id"":""RIB_CHEST"",""relative_weight"":""0.03791"",""notes"":""Normalized position-specific injury family mix for generated injury histories.""}"
injuries,injury_body_region_position_risk_weights.csv,injury_body_region_position_risk_weights,weight_distribution,213,LB,"{""position"":""LB"",""position_group"":""Front Seven"",""injury_family_id"":""BACK"",""relative_weight"":""0.05213"",""notes"":""Normalized position-specific injury family mix for generated injury histories.""}"
injuries,injury_body_region_position_risk_weights.csv,injury_body_region_position_risk_weights,weight_distribution,214,LB,"{""position"":""LB"",""position_group"":""Front Seven"",""injury_family_id"":""STINGER"",""relative_weight"":""0.05213"",""notes"":""Normalized position-specific injury family mix for generated injury histories.""}"
injuries,injury_body_region_position_risk_weights.csv,injury_body_region_position_risk_weights,weight_distribution,215,LB,"{""position"":""LB"",""position_group"":""Front Seven"",""injury_family_id"":""QUAD_CALF"",""relative_weight"":""0.03791"",""notes"":""Normalized position-specific injury family mix for generated injury histories.""}"
injuries,injury_body_region_position_risk_weights.csv,injury_body_region_position_risk_weights,weight_distribution,216,LB,"{""position"":""LB"",""position_group"":""Front Seven"",""injury_family_id"":""ILLNESS_NONFOOTBALL"",""relative_weight"":""0.01422"",""notes"":""Normalized position-specific injury family mix for generated injury histories.""}"
injuries,injury_body_region_position_risk_weights.csv,injury_body_region_position_risk_weights,weight_distribution,217,CB,"{""position"":""CB"",""position_group"":""DB"",""injury_family_id"":""CONCUSSION"",""relative_weight"":""0.09569"",""notes"":""Normalized position-specific injury family mix for generated injury histories.""}"
injuries,injury_body_region_position_risk_weights.csv,injury_body_region_position_risk_weights,weight_distribution,218,CB,"{""position"":""CB"",""position_group"":""DB"",""injury_family_id"":""ACL"",""relative_weight"":""0.07656"",""notes"":""Normalized position-specific injury family mix for generated injury histories.""}"
injuries,injury_body_region_position_risk_weights.csv,injury_body_region_position_risk_weights,weight_distribution,219,CB,"{""position"":""CB"",""position_group"":""DB"",""injury_family_id"":""MCL"",""relative_weight"":""0.05742"",""notes"":""Normalized position-specific injury family mix for generated injury histories.""}"
injuries,injury_body_region_position_risk_weights.csv,injury_body_region_position_risk_weights,weight_distribution,220,CB,"{""position"":""CB"",""position_group"":""DB"",""injury_family_id"":""MENISCUS"",""relative_weight"":""0.04306"",""notes"":""Normalized position-specific injury family mix for generated injury histories.""}"
injuries,injury_body_region_position_risk_weights.csv,injury_body_region_position_risk_weights,weight_distribution,221,CB,"{""position"":""CB"",""position_group"":""DB"",""injury_family_id"":""ACHILLES"",""relative_weight"":""0.03349"",""notes"":""Normalized position-specific injury family mix for generated injury histories.""}"
injuries,injury_body_region_position_risk_weights.csv,injury_body_region_position_risk_weights,weight_distribution,222,CB,"{""position"":""CB"",""position_group"":""DB"",""injury_family_id"":""HAMSTRING"",""relative_weight"":""0.13397"",""notes"":""Normalized position-specific injury family mix for generated injury histories.""}"
injuries,injury_body_region_position_risk_weights.csv,injury_body_region_position_risk_weights,weight_distribution,223,CB,"{""position"":""CB"",""position_group"":""DB"",""injury_family_id"":""GROIN"",""relative_weight"":""0.05742"",""notes"":""Normalized position-specific injury family mix for generated injury histories.""}"
injuries,injury_body_region_position_risk_weights.csv,injury_body_region_position_risk_weights,weight_distribution,224,CB,"{""position"":""CB"",""position_group"":""DB"",""injury_family_id"":""ANKLE"",""relative_weight"":""0.11483"",""notes"":""Normalized position-specific injury family mix for generated injury histories.""}"
injuries,injury_body_region_position_risk_weights.csv,injury_body_region_position_risk_weights,weight_distribution,225,CB,"{""position"":""CB"",""position_group"":""DB"",""injury_family_id"":""HIGH_ANKLE"",""relative_weight"":""0.07177"",""notes"":""Normalized position-specific injury family mix for generated injury histories.""}"
injuries,injury_body_region_position_risk_weights.csv,injury_body_region_position_risk_weights,weight_distribution,226,CB,"{""position"":""CB"",""position_group"":""DB"",""injury_family_id"":""FOOT"",""relative_weight"":""0.04785"",""notes"":""Normalized position-specific injury family mix for generated injury histories.""}"
injuries,injury_body_region_position_risk_weights.csv,injury_body_region_position_risk_weights,weight_distribution,227,CB,"{""position"":""CB"",""position_group"":""DB"",""injury_family_id"":""SHOULDER"",""relative_weight"":""0.05263"",""notes"":""Normalized position-specific injury family mix for generated injury histories.""}"
injuries,injury_body_region_position_risk_weights.csv,injury_body_region_position_risk_weights,weight_distribution,228,CB,"{""position"":""CB"",""position_group"":""DB"",""injury_family_id"":""ELBOW"",""relative_weight"":""0.00957"",""notes"":""Normalized position-specific injury family mix for generated injury histories.""}"
injuries,injury_body_region_position_risk_weights.csv,injury_body_region_position_risk_weights,weight_distribution,229,CB,"{""position"":""CB"",""position_group"":""DB"",""injury_family_id"":""HAND_WRIST"",""relative_weight"":""0.04306"",""notes"":""Normalized position-specific injury family mix for generated injury histories.""}"
injuries,injury_body_region_position_risk_weights.csv,injury_body_region_position_risk_weights,weight_distribution,230,CB,"{""position"":""CB"",""position_group"":""DB"",""injury_family_id"":""RIB_CHEST"",""relative_weight"":""0.02871"",""notes"":""Normalized position-specific injury family mix for generated injury histories.""}"
injuries,injury_body_region_position_risk_weights.csv,injury_body_region_position_risk_weights,weight_distribution,231,CB,"{""position"":""CB"",""position_group"":""DB"",""injury_family_id"":""BACK"",""relative_weight"":""0.02392"",""notes"":""Normalized position-specific injury family mix for generated injury histories.""}"
injuries,injury_body_region_position_risk_weights.csv,injury_body_region_position_risk_weights,weight_distribution,232,CB,"{""position"":""CB"",""position_group"":""DB"",""injury_family_id"":""STINGER"",""relative_weight"":""0.03828"",""notes"":""Normalized position-specific injury family mix for generated injury histories.""}"
injuries,injury_body_region_position_risk_weights.csv,injury_body_region_position_risk_weights,weight_distribution,233,CB,"{""position"":""CB"",""position_group"":""DB"",""injury_family_id"":""QUAD_CALF"",""relative_weight"":""0.05742"",""notes"":""Normalized position-specific injury family mix for generated injury histories.""}"
injuries,injury_body_region_position_risk_weights.csv,injury_body_region_position_risk_weights,weight_distribution,234,CB,"{""position"":""CB"",""position_group"":""DB"",""injury_family_id"":""ILLNESS_NONFOOTBALL"",""relative_weight"":""0.01435"",""notes"":""Normalized position-specific injury family mix for generated injury histories.""}"
injuries,injury_body_region_position_risk_weights.csv,injury_body_region_position_risk_weights,weight_distribution,235,S,"{""position"":""S"",""position_group"":""DB"",""injury_family_id"":""CONCUSSION"",""relative_weight"":""0.09569"",""notes"":""Normalized position-specific injury family mix for generated injury histories.""}"
injuries,injury_body_region_position_risk_weights.csv,injury_body_region_position_risk_weights,weight_distribution,236,S,"{""position"":""S"",""position_group"":""DB"",""injury_family_id"":""ACL"",""relative_weight"":""0.07656"",""notes"":""Normalized position-specific injury family mix for generated injury histories.""}"
injuries,injury_body_region_position_risk_weights.csv,injury_body_region_position_risk_weights,weight_distribution,237,S,"{""position"":""S"",""position_group"":""DB"",""injury_family_id"":""MCL"",""relative_weight"":""0.05742"",""notes"":""Normalized position-specific injury family mix for generated injury histories.""}"
injuries,injury_body_region_position_risk_weights.csv,injury_body_region_position_risk_weights,weight_distribution,238,S,"{""position"":""S"",""position_group"":""DB"",""injury_family_id"":""MENISCUS"",""relative_weight"":""0.04306"",""notes"":""Normalized position-specific injury family mix for generated injury histories.""}"
injuries,injury_body_region_position_risk_weights.csv,injury_body_region_position_risk_weights,weight_distribution,239,S,"{""position"":""S"",""position_group"":""DB"",""injury_family_id"":""ACHILLES"",""relative_weight"":""0.03349"",""notes"":""Normalized position-specific injury family mix for generated injury histories.""}"
injuries,injury_body_region_position_risk_weights.csv,injury_body_region_position_risk_weights,weight_distribution,240,S,"{""position"":""S"",""position_group"":""DB"",""injury_family_id"":""HAMSTRING"",""relative_weight"":""0.13397"",""notes"":""Normalized position-specific injury family mix for generated injury histories.""}"
injuries,injury_body_region_position_risk_weights.csv,injury_body_region_position_risk_weights,weight_distribution,241,S,"{""position"":""S"",""position_group"":""DB"",""injury_family_id"":""GROIN"",""relative_weight"":""0.05742"",""notes"":""Normalized position-specific injury family mix for generated injury histories.""}"
injuries,injury_body_region_position_risk_weights.csv,injury_body_region_position_risk_weights,weight_distribution,242,S,"{""position"":""S"",""position_group"":""DB"",""injury_family_id"":""ANKLE"",""relative_weight"":""0.11483"",""notes"":""Normalized position-specific injury family mix for generated injury histories.""}"
injuries,injury_body_region_position_risk_weights.csv,injury_body_region_position_risk_weights,weight_distribution,243,S,"{""position"":""S"",""position_group"":""DB"",""injury_family_id"":""HIGH_ANKLE"",""relative_weight"":""0.07177"",""notes"":""Normalized position-specific injury family mix for generated injury histories.""}"
injuries,injury_body_region_position_risk_weights.csv,injury_body_region_position_risk_weights,weight_distribution,244,S,"{""position"":""S"",""position_group"":""DB"",""injury_family_id"":""FOOT"",""relative_weight"":""0.04785"",""notes"":""Normalized position-specific injury family mix for generated injury histories.""}"
injuries,injury_body_region_position_risk_weights.csv,injury_body_region_position_risk_weights,weight_distribution,245,S,"{""position"":""S"",""position_group"":""DB"",""injury_family_id"":""SHOULDER"",""relative_weight"":""0.05263"",""notes"":""Normalized position-specific injury family mix for generated injury histories.""}"
injuries,injury_body_region_position_risk_weights.csv,injury_body_region_position_risk_weights,weight_distribution,246,S,"{""position"":""S"",""position_group"":""DB"",""injury_family_id"":""ELBOW"",""relative_weight"":""0.00957"",""notes"":""Normalized position-specific injury family mix for generated injury histories.""}"
injuries,injury_body_region_position_risk_weights.csv,injury_body_region_position_risk_weights,weight_distribution,247,S,"{""position"":""S"",""position_group"":""DB"",""injury_family_id"":""HAND_WRIST"",""relative_weight"":""0.04306"",""notes"":""Normalized position-specific injury family mix for generated injury histories.""}"
injuries,injury_body_region_position_risk_weights.csv,injury_body_region_position_risk_weights,weight_distribution,248,S,"{""position"":""S"",""position_group"":""DB"",""injury_family_id"":""RIB_CHEST"",""relative_weight"":""0.02871"",""notes"":""Normalized position-specific injury family mix for generated injury histories.""}"
injuries,injury_body_region_position_risk_weights.csv,injury_body_region_position_risk_weights,weight_distribution,249,S,"{""position"":""S"",""position_group"":""DB"",""injury_family_id"":""BACK"",""relative_weight"":""0.02392"",""notes"":""Normalized position-specific injury family mix for generated injury histories.""}"
injuries,injury_body_region_position_risk_weights.csv,injury_body_region_position_risk_weights,weight_distribution,250,S,"{""position"":""S"",""position_group"":""DB"",""injury_family_id"":""STINGER"",""relative_weight"":""0.03828"",""notes"":""Normalized position-specific injury family mix for generated injury histories.""}"
injuries,injury_body_region_position_risk_weights.csv,injury_body_region_position_risk_weights,weight_distribution,251,S,"{""position"":""S"",""position_group"":""DB"",""injury_family_id"":""QUAD_CALF"",""relative_weight"":""0.05742"",""notes"":""Normalized position-specific injury family mix for generated injury histories.""}"
injuries,injury_body_region_position_risk_weights.csv,injury_body_region_position_risk_weights,weight_distribution,252,S,"{""position"":""S"",""position_group"":""DB"",""injury_family_id"":""ILLNESS_NONFOOTBALL"",""relative_weight"":""0.01435"",""notes"":""Normalized position-specific injury family mix for generated injury histories.""}"
injuries,injury_body_region_position_risk_weights.csv,injury_body_region_position_risk_weights,weight_distribution,253,K,"{""position"":""K"",""position_group"":""Specialist"",""injury_family_id"":""CONCUSSION"",""relative_weight"":""0.035"",""notes"":""Normalized position-specific injury family mix for generated injury histories.""}"
injuries,injury_body_region_position_risk_weights.csv,injury_body_region_position_risk_weights,weight_distribution,254,K,"{""position"":""K"",""position_group"":""Specialist"",""injury_family_id"":""ACL"",""relative_weight"":""0.04"",""notes"":""Normalized position-specific injury family mix for generated injury histories.""}"
injuries,injury_body_region_position_risk_weights.csv,injury_body_region_position_risk_weights,weight_distribution,255,K,"{""position"":""K"",""position_group"":""Specialist"",""injury_family_id"":""MCL"",""relative_weight"":""0.04"",""notes"":""Normalized position-specific injury family mix for generated injury histories.""}"
injuries,injury_body_region_position_risk_weights.csv,injury_body_region_position_risk_weights,weight_distribution,256,K,"{""position"":""K"",""position_group"":""Specialist"",""injury_family_id"":""MENISCUS"",""relative_weight"":""0.03"",""notes"":""Normalized position-specific injury family mix for generated injury histories.""}"
injuries,injury_body_region_position_risk_weights.csv,injury_body_region_position_risk_weights,weight_distribution,257,K,"{""position"":""K"",""position_group"":""Specialist"",""injury_family_id"":""ACHILLES"",""relative_weight"":""0.045"",""notes"":""Normalized position-specific injury family mix for generated injury histories.""}"
injuries,injury_body_region_position_risk_weights.csv,injury_body_region_position_risk_weights,weight_distribution,258,K,"{""position"":""K"",""position_group"":""Specialist"",""injury_family_id"":""HAMSTRING"",""relative_weight"":""0.105"",""notes"":""Normalized position-specific injury family mix for generated injury histories.""}"
injuries,injury_body_region_position_risk_weights.csv,injury_body_region_position_risk_weights,weight_distribution,259,K,"{""position"":""K"",""position_group"":""Specialist"",""injury_family_id"":""GROIN"",""relative_weight"":""0.075"",""notes"":""Normalized position-specific injury family mix for generated injury histories.""}"
injuries,injury_body_region_position_risk_weights.csv,injury_body_region_position_risk_weights,weight_distribution,260,K,"{""position"":""K"",""position_group"":""Specialist"",""injury_family_id"":""ANKLE"",""relative_weight"":""0.14"",""notes"":""Normalized position-specific injury family mix for generated injury histories.""}"
injuries,injury_body_region_position_risk_weights.csv,injury_body_region_position_risk_weights,weight_distribution,261,K,"{""position"":""K"",""position_group"":""Specialist"",""injury_family_id"":""HIGH_ANKLE"",""relative_weight"":""0.08"",""notes"":""Normalized position-specific injury family mix for generated injury histories.""}"
injuries,injury_body_region_position_risk_weights.csv,injury_body_region_position_risk_weights,weight_distribution,262,K,"{""position"":""K"",""position_group"":""Specialist"",""injury_family_id"":""FOOT"",""relative_weight"":""0.07"",""notes"":""Normalized position-specific injury family mix for generated injury histories.""}"
injuries,injury_body_region_position_risk_weights.csv,injury_body_region_position_risk_weights,weight_distribution,263,K,"{""position"":""K"",""position_group"":""Specialist"",""injury_family_id"":""SHOULDER"",""relative_weight"":""0.025"",""notes"":""Normalized position-specific injury family mix for generated injury histories.""}"
injuries,injury_body_region_position_risk_weights.csv,injury_body_region_position_risk_weights,weight_distribution,264,K,"{""position"":""K"",""position_group"":""Specialist"",""injury_family_id"":""ELBOW"",""relative_weight"":""0.01"",""notes"":""Normalized position-specific injury family mix for generated injury histories.""}"
injuries,injury_body_region_position_risk_weights.csv,injury_body_region_position_risk_weights,weight_distribution,265,K,"{""position"":""K"",""position_group"":""Specialist"",""injury_family_id"":""HAND_WRIST"",""relative_weight"":""0.025"",""notes"":""Normalized position-specific injury family mix for generated injury histories.""}"
injuries,injury_body_region_position_risk_weights.csv,injury_body_region_position_risk_weights,weight_distribution,266,K,"{""position"":""K"",""position_group"":""Specialist"",""injury_family_id"":""RIB_CHEST"",""relative_weight"":""0.015"",""notes"":""Normalized position-specific injury family mix for generated injury histories.""}"
injuries,injury_body_region_position_risk_weights.csv,injury_body_region_position_risk_weights,weight_distribution,267,K,"{""position"":""K"",""position_group"":""Specialist"",""injury_family_id"":""BACK"",""relative_weight"":""0.055"",""notes"":""Normalized position-specific injury family mix for generated injury histories.""}"
injuries,injury_body_region_position_risk_weights.csv,injury_body_region_position_risk_weights,weight_distribution,268,K,"{""position"":""K"",""position_group"":""Specialist"",""injury_family_id"":""STINGER"",""relative_weight"":""0.01"",""notes"":""Normalized position-specific injury family mix for generated injury histories.""}"
injuries,injury_body_region_position_risk_weights.csv,injury_body_region_position_risk_weights,weight_distribution,269,K,"{""position"":""K"",""position_group"":""Specialist"",""injury_family_id"":""QUAD_CALF"",""relative_weight"":""0.185"",""notes"":""Normalized position-specific injury family mix for generated injury histories.""}"
injuries,injury_body_region_position_risk_weights.csv,injury_body_region_position_risk_weights,weight_distribution,270,K,"{""position"":""K"",""position_group"":""Specialist"",""injury_family_id"":""ILLNESS_NONFOOTBALL"",""relative_weight"":""0.015"",""notes"":""Normalized position-specific injury family mix for generated injury histories.""}"
injuries,injury_body_region_position_risk_weights.csv,injury_body_region_position_risk_weights,weight_distribution,271,P,"{""position"":""P"",""position_group"":""Specialist"",""injury_family_id"":""CONCUSSION"",""relative_weight"":""0.035"",""notes"":""Normalized position-specific injury family mix for generated injury histories.""}"
injuries,injury_body_region_position_risk_weights.csv,injury_body_region_position_risk_weights,weight_distribution,272,P,"{""position"":""P"",""position_group"":""Specialist"",""injury_family_id"":""ACL"",""relative_weight"":""0.04"",""notes"":""Normalized position-specific injury family mix for generated injury histories.""}"
injuries,injury_body_region_position_risk_weights.csv,injury_body_region_position_risk_weights,weight_distribution,273,P,"{""position"":""P"",""position_group"":""Specialist"",""injury_family_id"":""MCL"",""relative_weight"":""0.04"",""notes"":""Normalized position-specific injury family mix for generated injury histories.""}"
injuries,injury_body_region_position_risk_weights.csv,injury_body_region_position_risk_weights,weight_distribution,274,P,"{""position"":""P"",""position_group"":""Specialist"",""injury_family_id"":""MENISCUS"",""relative_weight"":""0.03"",""notes"":""Normalized position-specific injury family mix for generated injury histories.""}"
injuries,injury_body_region_position_risk_weights.csv,injury_body_region_position_risk_weights,weight_distribution,275,P,"{""position"":""P"",""position_group"":""Specialist"",""injury_family_id"":""ACHILLES"",""relative_weight"":""0.045"",""notes"":""Normalized position-specific injury family mix for generated injury histories.""}"
injuries,injury_body_region_position_risk_weights.csv,injury_body_region_position_risk_weights,weight_distribution,276,P,"{""position"":""P"",""position_group"":""Specialist"",""injury_family_id"":""HAMSTRING"",""relative_weight"":""0.105"",""notes"":""Normalized position-specific injury family mix for generated injury histories.""}"
injuries,injury_body_region_position_risk_weights.csv,injury_body_region_position_risk_weights,weight_distribution,277,P,"{""position"":""P"",""position_group"":""Specialist"",""injury_family_id"":""GROIN"",""relative_weight"":""0.075"",""notes"":""Normalized position-specific injury family mix for generated injury histories.""}"
injuries,injury_body_region_position_risk_weights.csv,injury_body_region_position_risk_weights,weight_distribution,278,P,"{""position"":""P"",""position_group"":""Specialist"",""injury_family_id"":""ANKLE"",""relative_weight"":""0.14"",""notes"":""Normalized position-specific injury family mix for generated injury histories.""}"
injuries,injury_body_region_position_risk_weights.csv,injury_body_region_position_risk_weights,weight_distribution,279,P,"{""position"":""P"",""position_group"":""Specialist"",""injury_family_id"":""HIGH_ANKLE"",""relative_weight"":""0.08"",""notes"":""Normalized position-specific injury family mix for generated injury histories.""}"
injuries,injury_body_region_position_risk_weights.csv,injury_body_region_position_risk_weights,weight_distribution,280,P,"{""position"":""P"",""position_group"":""Specialist"",""injury_family_id"":""FOOT"",""relative_weight"":""0.07"",""notes"":""Normalized position-specific injury family mix for generated injury histories.""}"
injuries,injury_body_region_position_risk_weights.csv,injury_body_region_position_risk_weights,weight_distribution,281,P,"{""position"":""P"",""position_group"":""Specialist"",""injury_family_id"":""SHOULDER"",""relative_weight"":""0.025"",""notes"":""Normalized position-specific injury family mix for generated injury histories.""}"
injuries,injury_body_region_position_risk_weights.csv,injury_body_region_position_risk_weights,weight_distribution,282,P,"{""position"":""P"",""position_group"":""Specialist"",""injury_family_id"":""ELBOW"",""relative_weight"":""0.01"",""notes"":""Normalized position-specific injury family mix for generated injury histories.""}"
injuries,injury_body_region_position_risk_weights.csv,injury_body_region_position_risk_weights,weight_distribution,283,P,"{""position"":""P"",""position_group"":""Specialist"",""injury_family_id"":""HAND_WRIST"",""relative_weight"":""0.025"",""notes"":""Normalized position-specific injury family mix for generated injury histories.""}"
injuries,injury_body_region_position_risk_weights.csv,injury_body_region_position_risk_weights,weight_distribution,284,P,"{""position"":""P"",""position_group"":""Specialist"",""injury_family_id"":""RIB_CHEST"",""relative_weight"":""0.015"",""notes"":""Normalized position-specific injury family mix for generated injury histories.""}"
injuries,injury_body_region_position_risk_weights.csv,injury_body_region_position_risk_weights,weight_distribution,285,P,"{""position"":""P"",""position_group"":""Specialist"",""injury_family_id"":""BACK"",""relative_weight"":""0.055"",""notes"":""Normalized position-specific injury family mix for generated injury histories.""}"
injuries,injury_body_region_position_risk_weights.csv,injury_body_region_position_risk_weights,weight_distribution,286,P,"{""position"":""P"",""position_group"":""Specialist"",""injury_family_id"":""STINGER"",""relative_weight"":""0.01"",""notes"":""Normalized position-specific injury family mix for generated injury histories.""}"
injuries,injury_body_region_position_risk_weights.csv,injury_body_region_position_risk_weights,weight_distribution,287,P,"{""position"":""P"",""position_group"":""Specialist"",""injury_family_id"":""QUAD_CALF"",""relative_weight"":""0.185"",""notes"":""Normalized position-specific injury family mix for generated injury histories.""}"
injuries,injury_body_region_position_risk_weights.csv,injury_body_region_position_risk_weights,weight_distribution,288,P,"{""position"":""P"",""position_group"":""Specialist"",""injury_family_id"":""ILLNESS_NONFOOTBALL"",""relative_weight"":""0.015"",""notes"":""Normalized position-specific injury family mix for generated injury histories.""}"
injuries,injury_contract_market_impact_rules.csv,injury_contract_market_impact_rules,rule,1,injury_contract_market_impact_rules:1,"{""severity_tier"":""minor"",""apy_modifier_min"":""0"",""apy_modifier_max"":""0"",""guarantee_reduction_max"":""0"",""prove_it_contract_weight_bonus"":""0"",""notes"":""Used for Year Zero veteran contract histories and FA market.""}"
injuries,injury_contract_market_impact_rules.csv,injury_contract_market_impact_rules,rule,2,injury_contract_market_impact_rules:2,"{""severity_tier"":""moderate"",""apy_modifier_min"":""-0.03"",""apy_modifier_max"":""-0.01"",""guarantee_reduction_max"":""0.04"",""prove_it_contract_weight_bonus"":""0.06"",""notes"":""Used for Year Zero veteran contract histories and FA market.""}"
injuries,injury_contract_market_impact_rules.csv,injury_contract_market_impact_rules,rule,3,injury_contract_market_impact_rules:3,"{""severity_tier"":""major"",""apy_modifier_min"":""-0.18"",""apy_modifier_max"":""-0.06"",""guarantee_reduction_max"":""0.12"",""prove_it_contract_weight_bonus"":""0.22"",""notes"":""Used for Year Zero veteran contract histories and FA market.""}"
injuries,injury_contract_market_impact_rules.csv,injury_contract_market_impact_rules,rule,4,injury_contract_market_impact_rules:4,"{""severity_tier"":""career_medical_flag"",""apy_modifier_min"":""-0.35"",""apy_modifier_max"":""-0.12"",""guarantee_reduction_max"":""0.22"",""prove_it_contract_weight_bonus"":""0.45"",""notes"":""Used for Year Zero veteran contract histories and FA market.""}"
injuries,injury_development_impact_rules.csv,injury_development_impact_rules,rule,1,injury_development_impact_rules:1,"{""league_scale"":""COLLEGE"",""severity_tier"":""minor"",""development_gain_multiplier_min"":""0.97"",""development_gain_multiplier_max"":""1.0"",""potential_cap_delta_min"":""0"",""potential_cap_delta_max"":""0"",""medical_risk_points"":""1"",""notes"":""Backfill impact on development path after historical injury.""}"
injuries,injury_development_impact_rules.csv,injury_development_impact_rules,rule,2,injury_development_impact_rules:2,"{""league_scale"":""COLLEGE"",""severity_tier"":""moderate"",""development_gain_multiplier_min"":""0.9"",""development_gain_multiplier_max"":""0.98"",""potential_cap_delta_min"":""-1"",""potential_cap_delta_max"":""0"",""medical_risk_points"":""4"",""notes"":""Backfill impact on development path after historical injury.""}"
injuries,injury_development_impact_rules.csv,injury_development_impact_rules,rule,3,injury_development_impact_rules:3,"{""league_scale"":""COLLEGE"",""severity_tier"":""major"",""development_gain_multiplier_min"":""0.7"",""development_gain_multiplier_max"":""0.88"",""potential_cap_delta_min"":""-5"",""potential_cap_delta_max"":""-1"",""medical_risk_points"":""12"",""notes"":""Backfill impact on development path after historical injury.""}"
injuries,injury_development_impact_rules.csv,injury_development_impact_rules,rule,4,injury_development_impact_rules:4,"{""league_scale"":""COLLEGE"",""severity_tier"":""career_medical_flag"",""development_gain_multiplier_min"":""0.55"",""development_gain_multiplier_max"":""0.78"",""potential_cap_delta_min"":""-10"",""potential_cap_delta_max"":""-3"",""medical_risk_points"":""22"",""notes"":""Backfill impact on development path after historical injury.""}"
injuries,injury_development_impact_rules.csv,injury_development_impact_rules,rule,5,injury_development_impact_rules:5,"{""league_scale"":""NFL"",""severity_tier"":""minor"",""development_gain_multiplier_min"":""0.97"",""development_gain_multiplier_max"":""1.0"",""potential_cap_delta_min"":""0"",""potential_cap_delta_max"":""0"",""medical_risk_points"":""1"",""notes"":""Backfill impact on development path after historical injury.""}"
injuries,injury_development_impact_rules.csv,injury_development_impact_rules,rule,6,injury_development_impact_rules:6,"{""league_scale"":""NFL"",""severity_tier"":""moderate"",""development_gain_multiplier_min"":""0.9"",""development_gain_multiplier_max"":""0.98"",""potential_cap_delta_min"":""-1"",""potential_cap_delta_max"":""0"",""medical_risk_points"":""4"",""notes"":""Backfill impact on development path after historical injury.""}"
injuries,injury_development_impact_rules.csv,injury_development_impact_rules,rule,7,injury_development_impact_rules:7,"{""league_scale"":""NFL"",""severity_tier"":""major"",""development_gain_multiplier_min"":""0.7"",""development_gain_multiplier_max"":""0.88"",""potential_cap_delta_min"":""-5"",""potential_cap_delta_max"":""-1"",""medical_risk_points"":""12"",""notes"":""Backfill impact on development path after historical injury.""}"
injuries,injury_development_impact_rules.csv,injury_development_impact_rules,rule,8,injury_development_impact_rules:8,"{""league_scale"":""NFL"",""severity_tier"":""career_medical_flag"",""development_gain_multiplier_min"":""0.55"",""development_gain_multiplier_max"":""0.78"",""potential_cap_delta_min"":""-10"",""potential_cap_delta_max"":""-3"",""medical_risk_points"":""22"",""notes"":""Backfill impact on development path after historical injury.""}"
injuries,injury_draft_medical_flag_rules.csv,injury_draft_medical_flag_rules,rule,1,injury_draft_medical_flag_rules:1,"{""injury_family_id"":""CONCUSSION"",""severity_tier"":""minor"",""draft_medical_flag_points"":""8"",""round_projection_penalty_min"":""0"",""round_projection_penalty_max"":""0"",""scouting_uncertainty_bonus"":""0.133"",""notes"":""Medical risk affects projection and uncertainty, not direct draft order by itself.""}"
injuries,injury_draft_medical_flag_rules.csv,injury_draft_medical_flag_rules,rule,2,injury_draft_medical_flag_rules:2,"{""injury_family_id"":""CONCUSSION"",""severity_tier"":""moderate"",""draft_medical_flag_points"":""12"",""round_projection_penalty_min"":""0"",""round_projection_penalty_max"":""0.5"",""scouting_uncertainty_bonus"":""0.2"",""notes"":""Medical risk affects projection and uncertainty, not direct draft order by itself.""}"
injuries,injury_draft_medical_flag_rules.csv,injury_draft_medical_flag_rules,rule,3,injury_draft_medical_flag_rules:3,"{""injury_family_id"":""CONCUSSION"",""severity_tier"":""major"",""draft_medical_flag_points"":""20"",""round_projection_penalty_min"":""0.25"",""round_projection_penalty_max"":""1.5"",""scouting_uncertainty_bonus"":""0.333"",""notes"":""Medical risk affects projection and uncertainty, not direct draft order by itself.""}"
injuries,injury_draft_medical_flag_rules.csv,injury_draft_medical_flag_rules,rule,4,injury_draft_medical_flag_rules:4,"{""injury_family_id"":""CONCUSSION"",""severity_tier"":""career_medical_flag"",""draft_medical_flag_points"":""32"",""round_projection_penalty_min"":""0.25"",""round_projection_penalty_max"":""3.0"",""scouting_uncertainty_bonus"":""0.533"",""notes"":""Medical risk affects projection and uncertainty, not direct draft order by itself.""}"
injuries,injury_draft_medical_flag_rules.csv,injury_draft_medical_flag_rules,rule,5,injury_draft_medical_flag_rules:5,"{""injury_family_id"":""ACL"",""severity_tier"":""minor"",""draft_medical_flag_points"":""7"",""round_projection_penalty_min"":""0"",""round_projection_penalty_max"":""0"",""scouting_uncertainty_bonus"":""0.117"",""notes"":""Medical risk affects projection and uncertainty, not direct draft order by itself.""}"
injuries,injury_draft_medical_flag_rules.csv,injury_draft_medical_flag_rules,rule,6,injury_draft_medical_flag_rules:6,"{""injury_family_id"":""ACL"",""severity_tier"":""moderate"",""draft_medical_flag_points"":""11"",""round_projection_penalty_min"":""0"",""round_projection_penalty_max"":""0.5"",""scouting_uncertainty_bonus"":""0.183"",""notes"":""Medical risk affects projection and uncertainty, not direct draft order by itself.""}"
injuries,injury_draft_medical_flag_rules.csv,injury_draft_medical_flag_rules,rule,7,injury_draft_medical_flag_rules:7,"{""injury_family_id"":""ACL"",""severity_tier"":""major"",""draft_medical_flag_points"":""19"",""round_projection_penalty_min"":""0.25"",""round_projection_penalty_max"":""1.5"",""scouting_uncertainty_bonus"":""0.317"",""notes"":""Medical risk affects projection and uncertainty, not direct draft order by itself.""}"
injuries,injury_draft_medical_flag_rules.csv,injury_draft_medical_flag_rules,rule,8,injury_draft_medical_flag_rules:8,"{""injury_family_id"":""ACL"",""severity_tier"":""career_medical_flag"",""draft_medical_flag_points"":""31"",""round_projection_penalty_min"":""0.25"",""round_projection_penalty_max"":""3.0"",""scouting_uncertainty_bonus"":""0.517"",""notes"":""Medical risk affects projection and uncertainty, not direct draft order by itself.""}"
injuries,injury_draft_medical_flag_rules.csv,injury_draft_medical_flag_rules,rule,9,injury_draft_medical_flag_rules:9,"{""injury_family_id"":""MCL"",""severity_tier"":""minor"",""draft_medical_flag_points"":""0"",""round_projection_penalty_min"":""0"",""round_projection_penalty_max"":""0"",""scouting_uncertainty_bonus"":""0.0"",""notes"":""Medical risk affects projection and uncertainty, not direct draft order by itself.""}"
injuries,injury_draft_medical_flag_rules.csv,injury_draft_medical_flag_rules,rule,10,injury_draft_medical_flag_rules:10,"{""injury_family_id"":""MCL"",""severity_tier"":""moderate"",""draft_medical_flag_points"":""4"",""round_projection_penalty_min"":""0"",""round_projection_penalty_max"":""0.5"",""scouting_uncertainty_bonus"":""0.067"",""notes"":""Medical risk affects projection and uncertainty, not direct draft order by itself.""}"
injuries,injury_draft_medical_flag_rules.csv,injury_draft_medical_flag_rules,rule,11,injury_draft_medical_flag_rules:11,"{""injury_family_id"":""MCL"",""severity_tier"":""major"",""draft_medical_flag_points"":""12"",""round_projection_penalty_min"":""0.25"",""round_projection_penalty_max"":""1.5"",""scouting_uncertainty_bonus"":""0.2"",""notes"":""Medical risk affects projection and uncertainty, not direct draft order by itself.""}"
injuries,injury_draft_medical_flag_rules.csv,injury_draft_medical_flag_rules,rule,12,injury_draft_medical_flag_rules:12,"{""injury_family_id"":""MCL"",""severity_tier"":""career_medical_flag"",""draft_medical_flag_points"":""24"",""round_projection_penalty_min"":""0.25"",""round_projection_penalty_max"":""3.0"",""scouting_uncertainty_bonus"":""0.4"",""notes"":""Medical risk affects projection and uncertainty, not direct draft order by itself.""}"
injuries,injury_draft_medical_flag_rules.csv,injury_draft_medical_flag_rules,rule,13,injury_draft_medical_flag_rules:13,"{""injury_family_id"":""MENISCUS"",""severity_tier"":""minor"",""draft_medical_flag_points"":""0"",""round_projection_penalty_min"":""0"",""round_projection_penalty_max"":""0"",""scouting_uncertainty_bonus"":""0.0"",""notes"":""Medical risk affects projection and uncertainty, not direct draft order by itself.""}"
injuries,injury_draft_medical_flag_rules.csv,injury_draft_medical_flag_rules,rule,14,injury_draft_medical_flag_rules:14,"{""injury_family_id"":""MENISCUS"",""severity_tier"":""moderate"",""draft_medical_flag_points"":""4"",""round_projection_penalty_min"":""0"",""round_projection_penalty_max"":""0.5"",""scouting_uncertainty_bonus"":""0.067"",""notes"":""Medical risk affects projection and uncertainty, not direct draft order by itself.""}"
injuries,injury_draft_medical_flag_rules.csv,injury_draft_medical_flag_rules,rule,15,injury_draft_medical_flag_rules:15,"{""injury_family_id"":""MENISCUS"",""severity_tier"":""major"",""draft_medical_flag_points"":""12"",""round_projection_penalty_min"":""0.25"",""round_projection_penalty_max"":""1.5"",""scouting_uncertainty_bonus"":""0.2"",""notes"":""Medical risk affects projection and uncertainty, not direct draft order by itself.""}"
injuries,injury_draft_medical_flag_rules.csv,injury_draft_medical_flag_rules,rule,16,injury_draft_medical_flag_rules:16,"{""injury_family_id"":""MENISCUS"",""severity_tier"":""career_medical_flag"",""draft_medical_flag_points"":""24"",""round_projection_penalty_min"":""0.25"",""round_projection_penalty_max"":""3.0"",""scouting_uncertainty_bonus"":""0.4"",""notes"":""Medical risk affects projection and uncertainty, not direct draft order by itself.""}"
injuries,injury_draft_medical_flag_rules.csv,injury_draft_medical_flag_rules,rule,17,injury_draft_medical_flag_rules:17,"{""injury_family_id"":""ACHILLES"",""severity_tier"":""minor"",""draft_medical_flag_points"":""12"",""round_projection_penalty_min"":""0"",""round_projection_penalty_max"":""0"",""scouting_uncertainty_bonus"":""0.2"",""notes"":""Medical risk affects projection and uncertainty, not direct draft order by itself.""}"
injuries,injury_draft_medical_flag_rules.csv,injury_draft_medical_flag_rules,rule,18,injury_draft_medical_flag_rules:18,"{""injury_family_id"":""ACHILLES"",""severity_tier"":""moderate"",""draft_medical_flag_points"":""16"",""round_projection_penalty_min"":""0"",""round_projection_penalty_max"":""0.5"",""scouting_uncertainty_bonus"":""0.267"",""notes"":""Medical risk affects projection and uncertainty, not direct draft order by itself.""}"
injuries,injury_draft_medical_flag_rules.csv,injury_draft_medical_flag_rules,rule,19,injury_draft_medical_flag_rules:19,"{""injury_family_id"":""ACHILLES"",""severity_tier"":""major"",""draft_medical_flag_points"":""24"",""round_projection_penalty_min"":""0.25"",""round_projection_penalty_max"":""1.5"",""scouting_uncertainty_bonus"":""0.4"",""notes"":""Medical risk affects projection and uncertainty, not direct draft order by itself.""}"
injuries,injury_draft_medical_flag_rules.csv,injury_draft_medical_flag_rules,rule,20,injury_draft_medical_flag_rules:20,"{""injury_family_id"":""ACHILLES"",""severity_tier"":""career_medical_flag"",""draft_medical_flag_points"":""36"",""round_projection_penalty_min"":""0.25"",""round_projection_penalty_max"":""3.0"",""scouting_uncertainty_bonus"":""0.6"",""notes"":""Medical risk affects projection and uncertainty, not direct draft order by itself.""}"
injuries,injury_draft_medical_flag_rules.csv,injury_draft_medical_flag_rules,rule,21,injury_draft_medical_flag_rules:21,"{""injury_family_id"":""HAMSTRING"",""severity_tier"":""minor"",""draft_medical_flag_points"":""3"",""round_projection_penalty_min"":""0"",""round_projection_penalty_max"":""0"",""scouting_uncertainty_bonus"":""0.05"",""notes"":""Medical risk affects projection and uncertainty, not direct draft order by itself.""}"
injuries,injury_draft_medical_flag_rules.csv,injury_draft_medical_flag_rules,rule,22,injury_draft_medical_flag_rules:22,"{""injury_family_id"":""HAMSTRING"",""severity_tier"":""moderate"",""draft_medical_flag_points"":""7"",""round_projection_penalty_min"":""0"",""round_projection_penalty_max"":""0.5"",""scouting_uncertainty_bonus"":""0.117"",""notes"":""Medical risk affects projection and uncertainty, not direct draft order by itself.""}"
injuries,injury_draft_medical_flag_rules.csv,injury_draft_medical_flag_rules,rule,23,injury_draft_medical_flag_rules:23,"{""injury_family_id"":""HAMSTRING"",""severity_tier"":""major"",""draft_medical_flag_points"":""15"",""round_projection_penalty_min"":""0.25"",""round_projection_penalty_max"":""1.5"",""scouting_uncertainty_bonus"":""0.25"",""notes"":""Medical risk affects projection and uncertainty, not direct draft order by itself.""}"
injuries,injury_draft_medical_flag_rules.csv,injury_draft_medical_flag_rules,rule,24,injury_draft_medical_flag_rules:24,"{""injury_family_id"":""HAMSTRING"",""severity_tier"":""career_medical_flag"",""draft_medical_flag_points"":""27"",""round_projection_penalty_min"":""0.25"",""round_projection_penalty_max"":""3.0"",""scouting_uncertainty_bonus"":""0.45"",""notes"":""Medical risk affects projection and uncertainty, not direct draft order by itself.""}"
injuries,injury_draft_medical_flag_rules.csv,injury_draft_medical_flag_rules,rule,25,injury_draft_medical_flag_rules:25,"{""injury_family_id"":""GROIN"",""severity_tier"":""minor"",""draft_medical_flag_points"":""0"",""round_projection_penalty_min"":""0"",""round_projection_penalty_max"":""0"",""scouting_uncertainty_bonus"":""0.0"",""notes"":""Medical risk affects projection and uncertainty, not direct draft order by itself.""}"
injuries,injury_draft_medical_flag_rules.csv,injury_draft_medical_flag_rules,rule,26,injury_draft_medical_flag_rules:26,"{""injury_family_id"":""GROIN"",""severity_tier"":""moderate"",""draft_medical_flag_points"":""4"",""round_projection_penalty_min"":""0"",""round_projection_penalty_max"":""0.5"",""scouting_uncertainty_bonus"":""0.067"",""notes"":""Medical risk affects projection and uncertainty, not direct draft order by itself.""}"
injuries,injury_draft_medical_flag_rules.csv,injury_draft_medical_flag_rules,rule,27,injury_draft_medical_flag_rules:27,"{""injury_family_id"":""GROIN"",""severity_tier"":""major"",""draft_medical_flag_points"":""12"",""round_projection_penalty_min"":""0.25"",""round_projection_penalty_max"":""1.5"",""scouting_uncertainty_bonus"":""0.2"",""notes"":""Medical risk affects projection and uncertainty, not direct draft order by itself.""}"
injuries,injury_draft_medical_flag_rules.csv,injury_draft_medical_flag_rules,rule,28,injury_draft_medical_flag_rules:28,"{""injury_family_id"":""GROIN"",""severity_tier"":""career_medical_flag"",""draft_medical_flag_points"":""24"",""round_projection_penalty_min"":""0.25"",""round_projection_penalty_max"":""3.0"",""scouting_uncertainty_bonus"":""0.4"",""notes"":""Medical risk affects projection and uncertainty, not direct draft order by itself.""}"
injuries,injury_draft_medical_flag_rules.csv,injury_draft_medical_flag_rules,rule,29,injury_draft_medical_flag_rules:29,"{""injury_family_id"":""ANKLE"",""severity_tier"":""minor"",""draft_medical_flag_points"":""0"",""round_projection_penalty_min"":""0"",""round_projection_penalty_max"":""0"",""scouting_uncertainty_bonus"":""0.0"",""notes"":""Medical risk affects projection and uncertainty, not direct draft order by itself.""}"
injuries,injury_draft_medical_flag_rules.csv,injury_draft_medical_flag_rules,rule,30,injury_draft_medical_flag_rules:30,"{""injury_family_id"":""ANKLE"",""severity_tier"":""moderate"",""draft_medical_flag_points"":""4"",""round_projection_penalty_min"":""0"",""round_projection_penalty_max"":""0.5"",""scouting_uncertainty_bonus"":""0.067"",""notes"":""Medical risk affects projection and uncertainty, not direct draft order by itself.""}"
injuries,injury_draft_medical_flag_rules.csv,injury_draft_medical_flag_rules,rule,31,injury_draft_medical_flag_rules:31,"{""injury_family_id"":""ANKLE"",""severity_tier"":""major"",""draft_medical_flag_points"":""12"",""round_projection_penalty_min"":""0.25"",""round_projection_penalty_max"":""1.5"",""scouting_uncertainty_bonus"":""0.2"",""notes"":""Medical risk affects projection and uncertainty, not direct draft order by itself.""}"
injuries,injury_draft_medical_flag_rules.csv,injury_draft_medical_flag_rules,rule,32,injury_draft_medical_flag_rules:32,"{""injury_family_id"":""ANKLE"",""severity_tier"":""career_medical_flag"",""draft_medical_flag_points"":""24"",""round_projection_penalty_min"":""0.25"",""round_projection_penalty_max"":""3.0"",""scouting_uncertainty_bonus"":""0.4"",""notes"":""Medical risk affects projection and uncertainty, not direct draft order by itself.""}"
injuries,injury_draft_medical_flag_rules.csv,injury_draft_medical_flag_rules,rule,33,injury_draft_medical_flag_rules:33,"{""injury_family_id"":""HIGH_ANKLE"",""severity_tier"":""minor"",""draft_medical_flag_points"":""0"",""round_projection_penalty_min"":""0"",""round_projection_penalty_max"":""0"",""scouting_uncertainty_bonus"":""0.0"",""notes"":""Medical risk affects projection and uncertainty, not direct draft order by itself.""}"
injuries,injury_draft_medical_flag_rules.csv,injury_draft_medical_flag_rules,rule,34,injury_draft_medical_flag_rules:34,"{""injury_family_id"":""HIGH_ANKLE"",""severity_tier"":""moderate"",""draft_medical_flag_points"":""4"",""round_projection_penalty_min"":""0"",""round_projection_penalty_max"":""0.5"",""scouting_uncertainty_bonus"":""0.067"",""notes"":""Medical risk affects projection and uncertainty, not direct draft order by itself.""}"
injuries,injury_draft_medical_flag_rules.csv,injury_draft_medical_flag_rules,rule,35,injury_draft_medical_flag_rules:35,"{""injury_family_id"":""HIGH_ANKLE"",""severity_tier"":""major"",""draft_medical_flag_points"":""12"",""round_projection_penalty_min"":""0.25"",""round_projection_penalty_max"":""1.5"",""scouting_uncertainty_bonus"":""0.2"",""notes"":""Medical risk affects projection and uncertainty, not direct draft order by itself.""}"
injuries,injury_draft_medical_flag_rules.csv,injury_draft_medical_flag_rules,rule,36,injury_draft_medical_flag_rules:36,"{""injury_family_id"":""HIGH_ANKLE"",""severity_tier"":""career_medical_flag"",""draft_medical_flag_points"":""24"",""round_projection_penalty_min"":""0.25"",""round_projection_penalty_max"":""3.0"",""scouting_uncertainty_bonus"":""0.4"",""notes"":""Medical risk affects projection and uncertainty, not direct draft order by itself.""}"
injuries,injury_draft_medical_flag_rules.csv,injury_draft_medical_flag_rules,rule,37,injury_draft_medical_flag_rules:37,"{""injury_family_id"":""FOOT"",""severity_tier"":""minor"",""draft_medical_flag_points"":""7"",""round_projection_penalty_min"":""0"",""round_projection_penalty_max"":""0"",""scouting_uncertainty_bonus"":""0.117"",""notes"":""Medical risk affects projection and uncertainty, not direct draft order by itself.""}"
injuries,injury_draft_medical_flag_rules.csv,injury_draft_medical_flag_rules,rule,38,injury_draft_medical_flag_rules:38,"{""injury_family_id"":""FOOT"",""severity_tier"":""moderate"",""draft_medical_flag_points"":""11"",""round_projection_penalty_min"":""0"",""round_projection_penalty_max"":""0.5"",""scouting_uncertainty_bonus"":""0.183"",""notes"":""Medical risk affects projection and uncertainty, not direct draft order by itself.""}"
injuries,injury_draft_medical_flag_rules.csv,injury_draft_medical_flag_rules,rule,39,injury_draft_medical_flag_rules:39,"{""injury_family_id"":""FOOT"",""severity_tier"":""major"",""draft_medical_flag_points"":""19"",""round_projection_penalty_min"":""0.25"",""round_projection_penalty_max"":""1.5"",""scouting_uncertainty_bonus"":""0.317"",""notes"":""Medical risk affects projection and uncertainty, not direct draft order by itself.""}"
injuries,injury_draft_medical_flag_rules.csv,injury_draft_medical_flag_rules,rule,40,injury_draft_medical_flag_rules:40,"{""injury_family_id"":""FOOT"",""severity_tier"":""career_medical_flag"",""draft_medical_flag_points"":""31"",""round_projection_penalty_min"":""0.25"",""round_projection_penalty_max"":""3.0"",""scouting_uncertainty_bonus"":""0.517"",""notes"":""Medical risk affects projection and uncertainty, not direct draft order by itself.""}"
injuries,injury_draft_medical_flag_rules.csv,injury_draft_medical_flag_rules,rule,41,injury_draft_medical_flag_rules:41,"{""injury_family_id"":""SHOULDER"",""severity_tier"":""minor"",""draft_medical_flag_points"":""4"",""round_projection_penalty_min"":""0"",""round_projection_penalty_max"":""0"",""scouting_uncertainty_bonus"":""0.067"",""notes"":""Medical risk affects projection and uncertainty, not direct draft order by itself.""}"
injuries,injury_draft_medical_flag_rules.csv,injury_draft_medical_flag_rules,rule,42,injury_draft_medical_flag_rules:42,"{""injury_family_id"":""SHOULDER"",""severity_tier"":""moderate"",""draft_medical_flag_points"":""8"",""round_projection_penalty_min"":""0"",""round_projection_penalty_max"":""0.5"",""scouting_uncertainty_bonus"":""0.133"",""notes"":""Medical risk affects projection and uncertainty, not direct draft order by itself.""}"
injuries,injury_draft_medical_flag_rules.csv,injury_draft_medical_flag_rules,rule,43,injury_draft_medical_flag_rules:43,"{""injury_family_id"":""SHOULDER"",""severity_tier"":""major"",""draft_medical_flag_points"":""16"",""round_projection_penalty_min"":""0.25"",""round_projection_penalty_max"":""1.5"",""scouting_uncertainty_bonus"":""0.267"",""notes"":""Medical risk affects projection and uncertainty, not direct draft order by itself.""}"
injuries,injury_draft_medical_flag_rules.csv,injury_draft_medical_flag_rules,rule,44,injury_draft_medical_flag_rules:44,"{""injury_family_id"":""SHOULDER"",""severity_tier"":""career_medical_flag"",""draft_medical_flag_points"":""28"",""round_projection_penalty_min"":""0.25"",""round_projection_penalty_max"":""3.0"",""scouting_uncertainty_bonus"":""0.467"",""notes"":""Medical risk affects projection and uncertainty, not direct draft order by itself.""}"
injuries,injury_draft_medical_flag_rules.csv,injury_draft_medical_flag_rules,rule,45,injury_draft_medical_flag_rules:45,"{""injury_family_id"":""ELBOW"",""severity_tier"":""minor"",""draft_medical_flag_points"":""0"",""round_projection_penalty_min"":""0"",""round_projection_penalty_max"":""0"",""scouting_uncertainty_bonus"":""0.0"",""notes"":""Medical risk affects projection and uncertainty, not direct draft order by itself.""}"
injuries,injury_draft_medical_flag_rules.csv,injury_draft_medical_flag_rules,rule,46,injury_draft_medical_flag_rules:46,"{""injury_family_id"":""ELBOW"",""severity_tier"":""moderate"",""draft_medical_flag_points"":""4"",""round_projection_penalty_min"":""0"",""round_projection_penalty_max"":""0.5"",""scouting_uncertainty_bonus"":""0.067"",""notes"":""Medical risk affects projection and uncertainty, not direct draft order by itself.""}"
injuries,injury_draft_medical_flag_rules.csv,injury_draft_medical_flag_rules,rule,47,injury_draft_medical_flag_rules:47,"{""injury_family_id"":""ELBOW"",""severity_tier"":""major"",""draft_medical_flag_points"":""12"",""round_projection_penalty_min"":""0.25"",""round_projection_penalty_max"":""1.5"",""scouting_uncertainty_bonus"":""0.2"",""notes"":""Medical risk affects projection and uncertainty, not direct draft order by itself.""}"
injuries,injury_draft_medical_flag_rules.csv,injury_draft_medical_flag_rules,rule,48,injury_draft_medical_flag_rules:48,"{""injury_family_id"":""ELBOW"",""severity_tier"":""career_medical_flag"",""draft_medical_flag_points"":""24"",""round_projection_penalty_min"":""0.25"",""round_projection_penalty_max"":""3.0"",""scouting_uncertainty_bonus"":""0.4"",""notes"":""Medical risk affects projection and uncertainty, not direct draft order by itself.""}"
injuries,injury_draft_medical_flag_rules.csv,injury_draft_medical_flag_rules,rule,49,injury_draft_medical_flag_rules:49,"{""injury_family_id"":""HAND_WRIST"",""severity_tier"":""minor"",""draft_medical_flag_points"":""0"",""round_projection_penalty_min"":""0"",""round_projection_penalty_max"":""0"",""scouting_uncertainty_bonus"":""0.0"",""notes"":""Medical risk affects projection and uncertainty, not direct draft order by itself.""}"
injuries,injury_draft_medical_flag_rules.csv,injury_draft_medical_flag_rules,rule,50,injury_draft_medical_flag_rules:50,"{""injury_family_id"":""HAND_WRIST"",""severity_tier"":""moderate"",""draft_medical_flag_points"":""4"",""round_projection_penalty_min"":""0"",""round_projection_penalty_max"":""0.5"",""scouting_uncertainty_bonus"":""0.067"",""notes"":""Medical risk affects projection and uncertainty, not direct draft order by itself.""}"
injuries,injury_draft_medical_flag_rules.csv,injury_draft_medical_flag_rules,rule,51,injury_draft_medical_flag_rules:51,"{""injury_family_id"":""HAND_WRIST"",""severity_tier"":""major"",""draft_medical_flag_points"":""12"",""round_projection_penalty_min"":""0.25"",""round_projection_penalty_max"":""1.5"",""scouting_uncertainty_bonus"":""0.2"",""notes"":""Medical risk affects projection and uncertainty, not direct draft order by itself.""}"
injuries,injury_draft_medical_flag_rules.csv,injury_draft_medical_flag_rules,rule,52,injury_draft_medical_flag_rules:52,"{""injury_family_id"":""HAND_WRIST"",""severity_tier"":""career_medical_flag"",""draft_medical_flag_points"":""24"",""round_projection_penalty_min"":""0.25"",""round_projection_penalty_max"":""3.0"",""scouting_uncertainty_bonus"":""0.4"",""notes"":""Medical risk affects projection and uncertainty, not direct draft order by itself.""}"
injuries,injury_draft_medical_flag_rules.csv,injury_draft_medical_flag_rules,rule,53,injury_draft_medical_flag_rules:53,"{""injury_family_id"":""RIB_CHEST"",""severity_tier"":""minor"",""draft_medical_flag_points"":""0"",""round_projection_penalty_min"":""0"",""round_projection_penalty_max"":""0"",""scouting_uncertainty_bonus"":""0.0"",""notes"":""Medical risk affects projection and uncertainty, not direct draft order by itself.""}"
injuries,injury_draft_medical_flag_rules.csv,injury_draft_medical_flag_rules,rule,54,injury_draft_medical_flag_rules:54,"{""injury_family_id"":""RIB_CHEST"",""severity_tier"":""moderate"",""draft_medical_flag_points"":""4"",""round_projection_penalty_min"":""0"",""round_projection_penalty_max"":""0.5"",""scouting_uncertainty_bonus"":""0.067"",""notes"":""Medical risk affects projection and uncertainty, not direct draft order by itself.""}"
injuries,injury_draft_medical_flag_rules.csv,injury_draft_medical_flag_rules,rule,55,injury_draft_medical_flag_rules:55,"{""injury_family_id"":""RIB_CHEST"",""severity_tier"":""major"",""draft_medical_flag_points"":""12"",""round_projection_penalty_min"":""0.25"",""round_projection_penalty_max"":""1.5"",""scouting_uncertainty_bonus"":""0.2"",""notes"":""Medical risk affects projection and uncertainty, not direct draft order by itself.""}"
injuries,injury_draft_medical_flag_rules.csv,injury_draft_medical_flag_rules,rule,56,injury_draft_medical_flag_rules:56,"{""injury_family_id"":""RIB_CHEST"",""severity_tier"":""career_medical_flag"",""draft_medical_flag_points"":""24"",""round_projection_penalty_min"":""0.25"",""round_projection_penalty_max"":""3.0"",""scouting_uncertainty_bonus"":""0.4"",""notes"":""Medical risk affects projection and uncertainty, not direct draft order by itself.""}"
injuries,injury_draft_medical_flag_rules.csv,injury_draft_medical_flag_rules,rule,57,injury_draft_medical_flag_rules:57,"{""injury_family_id"":""BACK"",""severity_tier"":""minor"",""draft_medical_flag_points"":""8"",""round_projection_penalty_min"":""0"",""round_projection_penalty_max"":""0"",""scouting_uncertainty_bonus"":""0.133"",""notes"":""Medical risk affects projection and uncertainty, not direct draft order by itself.""}"
injuries,injury_draft_medical_flag_rules.csv,injury_draft_medical_flag_rules,rule,58,injury_draft_medical_flag_rules:58,"{""injury_family_id"":""BACK"",""severity_tier"":""moderate"",""draft_medical_flag_points"":""12"",""round_projection_penalty_min"":""0"",""round_projection_penalty_max"":""0.5"",""scouting_uncertainty_bonus"":""0.2"",""notes"":""Medical risk affects projection and uncertainty, not direct draft order by itself.""}"
injuries,injury_draft_medical_flag_rules.csv,injury_draft_medical_flag_rules,rule,59,injury_draft_medical_flag_rules:59,"{""injury_family_id"":""BACK"",""severity_tier"":""major"",""draft_medical_flag_points"":""20"",""round_projection_penalty_min"":""0.25"",""round_projection_penalty_max"":""1.5"",""scouting_uncertainty_bonus"":""0.333"",""notes"":""Medical risk affects projection and uncertainty, not direct draft order by itself.""}"
injuries,injury_draft_medical_flag_rules.csv,injury_draft_medical_flag_rules,rule,60,injury_draft_medical_flag_rules:60,"{""injury_family_id"":""BACK"",""severity_tier"":""career_medical_flag"",""draft_medical_flag_points"":""32"",""round_projection_penalty_min"":""0.25"",""round_projection_penalty_max"":""3.0"",""scouting_uncertainty_bonus"":""0.533"",""notes"":""Medical risk affects projection and uncertainty, not direct draft order by itself.""}"
injuries,injury_draft_medical_flag_rules.csv,injury_draft_medical_flag_rules,rule,61,injury_draft_medical_flag_rules:61,"{""injury_family_id"":""STINGER"",""severity_tier"":""minor"",""draft_medical_flag_points"":""0"",""round_projection_penalty_min"":""0"",""round_projection_penalty_max"":""0"",""scouting_uncertainty_bonus"":""0.0"",""notes"":""Medical risk affects projection and uncertainty, not direct draft order by itself.""}"
injuries,injury_draft_medical_flag_rules.csv,injury_draft_medical_flag_rules,rule,62,injury_draft_medical_flag_rules:62,"{""injury_family_id"":""STINGER"",""severity_tier"":""moderate"",""draft_medical_flag_points"":""4"",""round_projection_penalty_min"":""0"",""round_projection_penalty_max"":""0.5"",""scouting_uncertainty_bonus"":""0.067"",""notes"":""Medical risk affects projection and uncertainty, not direct draft order by itself.""}"
injuries,injury_draft_medical_flag_rules.csv,injury_draft_medical_flag_rules,rule,63,injury_draft_medical_flag_rules:63,"{""injury_family_id"":""STINGER"",""severity_tier"":""major"",""draft_medical_flag_points"":""12"",""round_projection_penalty_min"":""0.25"",""round_projection_penalty_max"":""1.5"",""scouting_uncertainty_bonus"":""0.2"",""notes"":""Medical risk affects projection and uncertainty, not direct draft order by itself.""}"
injuries,injury_draft_medical_flag_rules.csv,injury_draft_medical_flag_rules,rule,64,injury_draft_medical_flag_rules:64,"{""injury_family_id"":""STINGER"",""severity_tier"":""career_medical_flag"",""draft_medical_flag_points"":""24"",""round_projection_penalty_min"":""0.25"",""round_projection_penalty_max"":""3.0"",""scouting_uncertainty_bonus"":""0.4"",""notes"":""Medical risk affects projection and uncertainty, not direct draft order by itself.""}"
injuries,injury_draft_medical_flag_rules.csv,injury_draft_medical_flag_rules,rule,65,injury_draft_medical_flag_rules:65,"{""injury_family_id"":""QUAD_CALF"",""severity_tier"":""minor"",""draft_medical_flag_points"":""0"",""round_projection_penalty_min"":""0"",""round_projection_penalty_max"":""0"",""scouting_uncertainty_bonus"":""0.0"",""notes"":""Medical risk affects projection and uncertainty, not direct draft order by itself.""}"
injuries,injury_draft_medical_flag_rules.csv,injury_draft_medical_flag_rules,rule,66,injury_draft_medical_flag_rules:66,"{""injury_family_id"":""QUAD_CALF"",""severity_tier"":""moderate"",""draft_medical_flag_points"":""4"",""round_projection_penalty_min"":""0"",""round_projection_penalty_max"":""0.5"",""scouting_uncertainty_bonus"":""0.067"",""notes"":""Medical risk affects projection and uncertainty, not direct draft order by itself.""}"
injuries,injury_draft_medical_flag_rules.csv,injury_draft_medical_flag_rules,rule,67,injury_draft_medical_flag_rules:67,"{""injury_family_id"":""QUAD_CALF"",""severity_tier"":""major"",""draft_medical_flag_points"":""12"",""round_projection_penalty_min"":""0.25"",""round_projection_penalty_max"":""1.5"",""scouting_uncertainty_bonus"":""0.2"",""notes"":""Medical risk affects projection and uncertainty, not direct draft order by itself.""}"
injuries,injury_draft_medical_flag_rules.csv,injury_draft_medical_flag_rules,rule,68,injury_draft_medical_flag_rules:68,"{""injury_family_id"":""QUAD_CALF"",""severity_tier"":""career_medical_flag"",""draft_medical_flag_points"":""24"",""round_projection_penalty_min"":""0.25"",""round_projection_penalty_max"":""3.0"",""scouting_uncertainty_bonus"":""0.4"",""notes"":""Medical risk affects projection and uncertainty, not direct draft order by itself.""}"
injuries,injury_draft_medical_flag_rules.csv,injury_draft_medical_flag_rules,rule,69,injury_draft_medical_flag_rules:69,"{""injury_family_id"":""ILLNESS_NONFOOTBALL"",""severity_tier"":""minor"",""draft_medical_flag_points"":""0"",""round_projection_penalty_min"":""0"",""round_projection_penalty_max"":""0"",""scouting_uncertainty_bonus"":""0.0"",""notes"":""Medical risk affects projection and uncertainty, not direct draft order by itself.""}"
injuries,injury_draft_medical_flag_rules.csv,injury_draft_medical_flag_rules,rule,70,injury_draft_medical_flag_rules:70,"{""injury_family_id"":""ILLNESS_NONFOOTBALL"",""severity_tier"":""moderate"",""draft_medical_flag_points"":""4"",""round_projection_penalty_min"":""0"",""round_projection_penalty_max"":""0.5"",""scouting_uncertainty_bonus"":""0.067"",""notes"":""Medical risk affects projection and uncertainty, not direct draft order by itself.""}"
injuries,injury_draft_medical_flag_rules.csv,injury_draft_medical_flag_rules,rule,71,injury_draft_medical_flag_rules:71,"{""injury_family_id"":""ILLNESS_NONFOOTBALL"",""severity_tier"":""major"",""draft_medical_flag_points"":""12"",""round_projection_penalty_min"":""0.25"",""round_projection_penalty_max"":""1.5"",""scouting_uncertainty_bonus"":""0.2"",""notes"":""Medical risk affects projection and uncertainty, not direct draft order by itself.""}"
injuries,injury_draft_medical_flag_rules.csv,injury_draft_medical_flag_rules,rule,72,injury_draft_medical_flag_rules:72,"{""injury_family_id"":""ILLNESS_NONFOOTBALL"",""severity_tier"":""career_medical_flag"",""draft_medical_flag_points"":""24"",""round_projection_penalty_min"":""0.25"",""round_projection_penalty_max"":""3.0"",""scouting_uncertainty_bonus"":""0.4"",""notes"":""Medical risk affects projection and uncertainty, not direct draft order by itself.""}"
injuries,injury_family_taxonomy.csv,injury_family_taxonomy,definition,1,injury_family_taxonomy:1,"{""injury_family_id"":""CONCUSSION"",""body_region"":""head_neck"",""tissue_type"":""neurologic"",""default_label"":""concussion"",""category"":""non_orthopedic"",""typical_recovery_band"":""variable"",""recurrence_risk_tier"":""high"",""long_term_impact_tier"":""high"",""implementation_notes"":""Repeated events increase medical concern; no same-game return in modern protocols.""}"
injuries,injury_family_taxonomy.csv,injury_family_taxonomy,definition,2,injury_family_taxonomy:2,"{""injury_family_id"":""ACL"",""body_region"":""knee"",""tissue_type"":""ligament"",""default_label"":""acl_tear"",""category"":""major_orthopedic"",""typical_recovery_band"":""long"",""recurrence_risk_tier"":""high"",""long_term_impact_tier"":""high"",""implementation_notes"":""Major knee injury with long rehab, recurrence and athleticism concerns.""}"
injuries,injury_family_taxonomy.csv,injury_family_taxonomy,definition,3,injury_family_taxonomy:3,"{""injury_family_id"":""MCL"",""body_region"":""knee"",""tissue_type"":""ligament"",""default_label"":""mcl_sprain"",""category"":""moderate_orthopedic"",""typical_recovery_band"":""short_medium"",""recurrence_risk_tier"":""medium"",""long_term_impact_tier"":""medium"",""implementation_notes"":""Common knee ligament injury; severity varies widely.""}"
injuries,injury_family_taxonomy.csv,injury_family_taxonomy,definition,4,injury_family_taxonomy:4,"{""injury_family_id"":""MENISCUS"",""body_region"":""knee"",""tissue_type"":""cartilage"",""default_label"":""meniscus"",""category"":""moderate_orthopedic"",""typical_recovery_band"":""medium"",""recurrence_risk_tier"":""medium"",""long_term_impact_tier"":""medium"",""implementation_notes"":""Can affect cutting, burst, and future knee durability.""}"
injuries,injury_family_taxonomy.csv,injury_family_taxonomy,definition,5,injury_family_taxonomy:5,"{""injury_family_id"":""ACHILLES"",""body_region"":""ankle_foot"",""tissue_type"":""tendon"",""default_label"":""achilles_rupture"",""category"":""major_orthopedic"",""typical_recovery_band"":""long"",""recurrence_risk_tier"":""very_high"",""long_term_impact_tier"":""very_high"",""implementation_notes"":""Major lower-body injury with strong explosiveness/age sensitivity.""}"
injuries,injury_family_taxonomy.csv,injury_family_taxonomy,definition,6,injury_family_taxonomy:6,"{""injury_family_id"":""HAMSTRING"",""body_region"":""soft_tissue"",""tissue_type"":""muscle"",""default_label"":""hamstring_strain"",""category"":""soft_tissue"",""typical_recovery_band"":""short_medium"",""recurrence_risk_tier"":""high"",""long_term_impact_tier"":""medium"",""implementation_notes"":""Recurring speed-position injury; load and fatigue sensitive.""}"
injuries,injury_family_taxonomy.csv,injury_family_taxonomy,definition,7,injury_family_taxonomy:7,"{""injury_family_id"":""GROIN"",""body_region"":""soft_tissue"",""tissue_type"":""muscle"",""default_label"":""groin_hip_strain"",""category"":""soft_tissue"",""typical_recovery_band"":""short_medium"",""recurrence_risk_tier"":""medium"",""long_term_impact_tier"":""medium"",""implementation_notes"":""Agility/cutting injury; recurrence possible.""}"
injuries,injury_family_taxonomy.csv,injury_family_taxonomy,definition,8,injury_family_taxonomy:8,"{""injury_family_id"":""ANKLE"",""body_region"":""ankle_foot"",""tissue_type"":""joint"",""default_label"":""ankle_sprain"",""category"":""moderate_orthopedic"",""typical_recovery_band"":""short"",""recurrence_risk_tier"":""medium"",""long_term_impact_tier"":""low_medium"",""implementation_notes"":""Very common; usually short time loss unless high ankle.""}"
injuries,injury_family_taxonomy.csv,injury_family_taxonomy,definition,9,injury_family_taxonomy:9,"{""injury_family_id"":""HIGH_ANKLE"",""body_region"":""ankle_foot"",""tissue_type"":""joint"",""default_label"":""high_ankle_sprain"",""category"":""moderate_orthopedic"",""typical_recovery_band"":""medium"",""recurrence_risk_tier"":""medium"",""long_term_impact_tier"":""medium"",""implementation_notes"":""Often lingers and reduces burst/cutting during season.""}"
injuries,injury_family_taxonomy.csv,injury_family_taxonomy,definition,10,injury_family_taxonomy:10,"{""injury_family_id"":""FOOT"",""body_region"":""ankle_foot"",""tissue_type"":""bone_soft_tissue"",""default_label"":""foot_fracture_lisfranc"",""category"":""major_orthopedic"",""typical_recovery_band"":""medium_long"",""recurrence_risk_tier"":""high"",""long_term_impact_tier"":""high"",""implementation_notes"":""Can be career-relevant for large linemen and speed players.""}"
injuries,injury_family_taxonomy.csv,injury_family_taxonomy,definition,11,injury_family_taxonomy:11,"{""injury_family_id"":""SHOULDER"",""body_region"":""upper_body"",""tissue_type"":""joint"",""default_label"":""shoulder_labrum_ac"",""category"":""moderate_orthopedic"",""typical_recovery_band"":""medium"",""recurrence_risk_tier"":""medium"",""long_term_impact_tier"":""medium"",""implementation_notes"":""Contact/tackling/blocking injury; recurrence for collision roles.""}"
injuries,injury_family_taxonomy.csv,injury_family_taxonomy,definition,12,injury_family_taxonomy:12,"{""injury_family_id"":""ELBOW"",""body_region"":""upper_body"",""tissue_type"":""joint"",""default_label"":""elbow_arm"",""category"":""moderate_orthopedic"",""typical_recovery_band"":""short_medium"",""recurrence_risk_tier"":""low_medium"",""long_term_impact_tier"":""low"",""implementation_notes"":""More important for QBs than most positions.""}"
injuries,injury_family_taxonomy.csv,injury_family_taxonomy,definition,13,injury_family_taxonomy:13,"{""injury_family_id"":""HAND_WRIST"",""body_region"":""upper_body"",""tissue_type"":""bone_joint"",""default_label"":""hand_wrist_fracture"",""category"":""minor_moderate"",""typical_recovery_band"":""short_medium"",""recurrence_risk_tier"":""low"",""long_term_impact_tier"":""low"",""implementation_notes"":""Can hurt catching/ball security short term.""}"
injuries,injury_family_taxonomy.csv,injury_family_taxonomy,definition,14,injury_family_taxonomy:14,"{""injury_family_id"":""RIB_CHEST"",""body_region"":""torso"",""tissue_type"":""bone_soft_tissue"",""default_label"":""rib_chest"",""category"":""minor_moderate"",""typical_recovery_band"":""short_medium"",""recurrence_risk_tier"":""low_medium"",""long_term_impact_tier"":""low"",""implementation_notes"":""Pain tolerance and contact limitation.""}"
injuries,injury_family_taxonomy.csv,injury_family_taxonomy,definition,15,injury_family_taxonomy:15,"{""injury_family_id"":""BACK"",""body_region"":""torso"",""tissue_type"":""spine_soft_tissue"",""default_label"":""back_spasm_disc"",""category"":""moderate_orthopedic"",""typical_recovery_band"":""short_long"",""recurrence_risk_tier"":""medium"",""long_term_impact_tier"":""medium"",""implementation_notes"":""Role and recurrence varies; problematic for linemen.""}"
injuries,injury_family_taxonomy.csv,injury_family_taxonomy,definition,16,injury_family_taxonomy:16,"{""injury_family_id"":""STINGER"",""body_region"":""head_neck"",""tissue_type"":""nerve"",""default_label"":""stinger_burner"",""category"":""neurologic_orthopedic"",""typical_recovery_band"":""short"",""recurrence_risk_tier"":""medium"",""long_term_impact_tier"":""medium"",""implementation_notes"":""Collision nerve injury, more common in tackling/blocking roles.""}"
injuries,injury_family_taxonomy.csv,injury_family_taxonomy,definition,17,injury_family_taxonomy:17,"{""injury_family_id"":""QUAD_CALF"",""body_region"":""soft_tissue"",""tissue_type"":""muscle"",""default_label"":""quad_calf_strain"",""category"":""soft_tissue"",""typical_recovery_band"":""short_medium"",""recurrence_risk_tier"":""medium"",""long_term_impact_tier"":""low_medium"",""implementation_notes"":""Load-sensitive lower-body muscle injury.""}"
injuries,injury_family_taxonomy.csv,injury_family_taxonomy,definition,18,injury_family_taxonomy:18,"{""injury_family_id"":""ILLNESS_NONFOOTBALL"",""body_region"":""non_football"",""tissue_type"":""illness"",""default_label"":""illness_nonfootball"",""category"":""non_football"",""typical_recovery_band"":""short"",""recurrence_risk_tier"":""low"",""long_term_impact_tier"":""low"",""implementation_notes"":""Should appear rarely in historical rows; minimal rating impact.""}"
injuries,injury_history_balance_targets.csv,injury_history_balance_targets,validation_target,1,injury_history_balance_targets:1,"{""metric_id"":""college_players_zero_history_share"",""target_min"":""0.32"",""target_max"":""0.55"",""severity"":""warning"",""notes"":""Across all generated college players, too many injuries makes histories feel punitive; too few makes histories bland.""}"
injuries,injury_history_balance_targets.csv,injury_history_balance_targets,validation_target,2,injury_history_balance_targets:2,"{""metric_id"":""college_players_major_history_share"",""target_min"":""0.04"",""target_max"":""0.13"",""severity"":""warning"",""notes"":""Major injuries should exist but be uncommon across full rosters.""}"
injuries,injury_history_balance_targets.csv,injury_history_balance_targets,validation_target,3,injury_history_balance_targets:3,"{""metric_id"":""nfl_veterans_major_history_share"",""target_min"":""0.12"",""target_max"":""0.28"",""severity"":""warning"",""notes"":""Veteran histories should frequently contain meaningful injuries due to survival/history length.""}"
injuries,injury_history_balance_targets.csv,injury_history_balance_targets,validation_target,4,injury_history_balance_targets:4,"{""metric_id"":""nfl_old_vets_multiple_history_share"",""target_min"":""0.18"",""target_max"":""0.38"",""severity"":""warning"",""notes"":""Older NFL vets should often carry multiple histories but not all should be broken.""}"
injuries,injury_history_balance_targets.csv,injury_history_balance_targets,validation_target,5,injury_history_balance_targets:5,"{""metric_id"":""draft_prospect_medical_flag_share"",""target_min"":""0.04"",""target_max"":""0.16"",""severity"":""warning"",""notes"":""Medical flags should alter draft boards without dominating every class.""}"
injuries,injury_history_balance_targets.csv,injury_history_balance_targets,validation_target,6,injury_history_balance_targets:6,"{""metric_id"":""acl_major_per_105_college_roster"",""target_min"":""0.3"",""target_max"":""2.5"",""severity"":""warning"",""notes"":""Major ACL histories across a roster should be plausible, not constant.""}"
injuries,injury_history_balance_targets.csv,injury_history_balance_targets,validation_target,7,injury_history_balance_targets:7,"{""metric_id"":""concussion_visible_high_confidence_share"",""target_min"":""0.25"",""target_max"":""0.7"",""severity"":""warning"",""notes"":""Some concussion histories are visible, but HS/transfer contexts should keep uncertainty.""}"
injuries,injury_history_balance_targets.csv,injury_history_balance_targets,validation_target,8,injury_history_balance_targets:8,"{""metric_id"":""injury_rating_penalty_over_5_share"",""target_min"":""0.01"",""target_max"":""0.08"",""severity"":""critical"",""notes"":""Avoid over-penalizing too many generated players.""}"
injuries,injury_history_balance_targets.csv,injury_history_balance_targets,validation_target,9,injury_history_balance_targets:9,"{""metric_id"":""injury_history_rows_per_nfl_veteran_avg"",""target_min"":""0.8"",""target_max"":""2.2"",""severity"":""warning"",""notes"":""Veteran history depth target.""}"
injuries,injury_history_balance_targets.csv,injury_history_balance_targets,validation_target,10,injury_history_balance_targets:10,"{""metric_id"":""injury_history_rows_per_college_player_avg"",""target_min"":""0.25"",""target_max"":""0.85"",""severity"":""warning"",""notes"":""College history depth target.""}"
injuries,injury_history_frequency_by_pool_role_position.csv,injury_history_frequency_by_pool_role_position,runtime_tuning,1,QB,"{""player_pool"":""HS_RECRUIT"",""role_tier"":""elite_star"",""position_group"":""QB"",""zero_history_weight"":""0.9893"",""minor_history_weight"":""0.0074"",""moderate_history_weight"":""0.0023"",""major_history_weight"":""0.0006"",""multiple_history_weight"":""0.0004"",""notes"":""Weights choose how many prior injury history rows to generate. Normalize after role/position filters.""}"
injuries,injury_history_frequency_by_pool_role_position.csv,injury_history_frequency_by_pool_role_position,runtime_tuning,2,RB,"{""player_pool"":""HS_RECRUIT"",""role_tier"":""elite_star"",""position_group"":""RB"",""zero_history_weight"":""0.7136"",""minor_history_weight"":""0.1983"",""moderate_history_weight"":""0.0606"",""major_history_weight"":""0.0165"",""multiple_history_weight"":""0.011"",""notes"":""Weights choose how many prior injury history rows to generate. Normalize after role/position filters.""}"
injuries,injury_history_frequency_by_pool_role_position.csv,injury_history_frequency_by_pool_role_position,runtime_tuning,3,WR,"{""player_pool"":""HS_RECRUIT"",""role_tier"":""elite_star"",""position_group"":""WR"",""zero_history_weight"":""0.7773"",""minor_history_weight"":""0.1542"",""moderate_history_weight"":""0.0471"",""major_history_weight"":""0.0128"",""multiple_history_weight"":""0.0086"",""notes"":""Weights choose how many prior injury history rows to generate. Normalize after role/position filters.""}"
injuries,injury_history_frequency_by_pool_role_position.csv,injury_history_frequency_by_pool_role_position,runtime_tuning,4,TE,"{""player_pool"":""HS_RECRUIT"",""role_tier"":""elite_star"",""position_group"":""TE"",""zero_history_weight"":""0.8061"",""minor_history_weight"":""0.1342"",""moderate_history_weight"":""0.041"",""major_history_weight"":""0.0112"",""multiple_history_weight"":""0.0075"",""notes"":""Weights choose how many prior injury history rows to generate. Normalize after role/position filters.""}"
injuries,injury_history_frequency_by_pool_role_position.csv,injury_history_frequency_by_pool_role_position,runtime_tuning,5,OL,"{""player_pool"":""HS_RECRUIT"",""role_tier"":""elite_star"",""position_group"":""OL"",""zero_history_weight"":""0.8061"",""minor_history_weight"":""0.1342"",""moderate_history_weight"":""0.041"",""major_history_weight"":""0.0112"",""multiple_history_weight"":""0.0075"",""notes"":""Weights choose how many prior injury history rows to generate. Normalize after role/position filters.""}"
injuries,injury_history_frequency_by_pool_role_position.csv,injury_history_frequency_by_pool_role_position,runtime_tuning,6,Front Seven,"{""player_pool"":""HS_RECRUIT"",""role_tier"":""elite_star"",""position_group"":""Front Seven"",""zero_history_weight"":""0.7773"",""minor_history_weight"":""0.1542"",""moderate_history_weight"":""0.0471"",""major_history_weight"":""0.0128"",""multiple_history_weight"":""0.0086"",""notes"":""Weights choose how many prior injury history rows to generate. Normalize after role/position filters.""}"
injuries,injury_history_frequency_by_pool_role_position.csv,injury_history_frequency_by_pool_role_position,runtime_tuning,7,DB,"{""player_pool"":""HS_RECRUIT"",""role_tier"":""elite_star"",""position_group"":""DB"",""zero_history_weight"":""0.7914"",""minor_history_weight"":""0.1444"",""moderate_history_weight"":""0.0441"",""major_history_weight"":""0.012"",""multiple_history_weight"":""0.008"",""notes"":""Weights choose how many prior injury history rows to generate. Normalize after role/position filters.""}"
injuries,injury_history_frequency_by_pool_role_position.csv,injury_history_frequency_by_pool_role_position,runtime_tuning,8,Specialist,"{""player_pool"":""HS_RECRUIT"",""role_tier"":""elite_star"",""position_group"":""Specialist"",""zero_history_weight"":""1.2092"",""minor_history_weight"":""-0.1448"",""moderate_history_weight"":""-0.0442"",""major_history_weight"":""-0.0121"",""multiple_history_weight"":""-0.008"",""notes"":""Weights choose how many prior injury history rows to generate. Normalize after role/position filters.""}"
injuries,injury_history_frequency_by_pool_role_position.csv,injury_history_frequency_by_pool_role_position,runtime_tuning,9,QB,"{""player_pool"":""HS_RECRUIT"",""role_tier"":""starter"",""position_group"":""QB"",""zero_history_weight"":""0.8409"",""minor_history_weight"":""0.1101"",""moderate_history_weight"":""0.0337"",""major_history_weight"":""0.0092"",""multiple_history_weight"":""0.0061"",""notes"":""Weights choose how many prior injury history rows to generate. Normalize after role/position filters.""}"
injuries,injury_history_frequency_by_pool_role_position.csv,injury_history_frequency_by_pool_role_position,runtime_tuning,10,RB,"{""player_pool"":""HS_RECRUIT"",""role_tier"":""starter"",""position_group"":""RB"",""zero_history_weight"":""0.6066"",""minor_history_weight"":""0.2724"",""moderate_history_weight"":""0.0832"",""major_history_weight"":""0.0227"",""multiple_history_weight"":""0.0151"",""notes"":""Weights choose how many prior injury history rows to generate. Normalize after role/position filters.""}"
injuries,injury_history_frequency_by_pool_role_position.csv,injury_history_frequency_by_pool_role_position,runtime_tuning,11,WR,"{""player_pool"":""HS_RECRUIT"",""role_tier"":""starter"",""position_group"":""WR"",""zero_history_weight"":""0.6607"",""minor_history_weight"":""0.2349"",""moderate_history_weight"":""0.0718"",""major_history_weight"":""0.0196"",""multiple_history_weight"":""0.013"",""notes"":""Weights choose how many prior injury history rows to generate. Normalize after role/position filters.""}"
injuries,injury_history_frequency_by_pool_role_position.csv,injury_history_frequency_by_pool_role_position,runtime_tuning,12,TE,"{""player_pool"":""HS_RECRUIT"",""role_tier"":""starter"",""position_group"":""TE"",""zero_history_weight"":""0.6852"",""minor_history_weight"":""0.2179"",""moderate_history_weight"":""0.0666"",""major_history_weight"":""0.0182"",""multiple_history_weight"":""0.0121"",""notes"":""Weights choose how many prior injury history rows to generate. Normalize after role/position filters.""}"
injuries,injury_history_frequency_by_pool_role_position.csv,injury_history_frequency_by_pool_role_position,runtime_tuning,13,OL,"{""player_pool"":""HS_RECRUIT"",""role_tier"":""starter"",""position_group"":""OL"",""zero_history_weight"":""0.6852"",""minor_history_weight"":""0.2179"",""moderate_history_weight"":""0.0666"",""major_history_weight"":""0.0182"",""multiple_history_weight"":""0.0121"",""notes"":""Weights choose how many prior injury history rows to generate. Normalize after role/position filters.""}"
injuries,injury_history_frequency_by_pool_role_position.csv,injury_history_frequency_by_pool_role_position,runtime_tuning,14,Front Seven,"{""player_pool"":""HS_RECRUIT"",""role_tier"":""starter"",""position_group"":""Front Seven"",""zero_history_weight"":""0.6607"",""minor_history_weight"":""0.2349"",""moderate_history_weight"":""0.0718"",""major_history_weight"":""0.0196"",""multiple_history_weight"":""0.013"",""notes"":""Weights choose how many prior injury history rows to generate. Normalize after role/position filters.""}"
injuries,injury_history_frequency_by_pool_role_position.csv,injury_history_frequency_by_pool_role_position,runtime_tuning,15,DB,"{""player_pool"":""HS_RECRUIT"",""role_tier"":""starter"",""position_group"":""DB"",""zero_history_weight"":""0.6727"",""minor_history_weight"":""0.2266"",""moderate_history_weight"":""0.0692"",""major_history_weight"":""0.0189"",""multiple_history_weight"":""0.0126"",""notes"":""Weights choose how many prior injury history rows to generate. Normalize after role/position filters.""}"
injuries,injury_history_frequency_by_pool_role_position.csv,injury_history_frequency_by_pool_role_position,runtime_tuning,16,Specialist,"{""player_pool"":""HS_RECRUIT"",""role_tier"":""starter"",""position_group"":""Specialist"",""zero_history_weight"":""1.0278"",""minor_history_weight"":""-0.0192"",""moderate_history_weight"":""-0.0059"",""major_history_weight"":""-0.0016"",""multiple_history_weight"":""-0.0011"",""notes"":""Weights choose how many prior injury history rows to generate. Normalize after role/position filters.""}"
injuries,injury_history_frequency_by_pool_role_position.csv,injury_history_frequency_by_pool_role_position,runtime_tuning,17,QB,"{""player_pool"":""HS_RECRUIT"",""role_tier"":""rotation"",""position_group"":""QB"",""zero_history_weight"":""0.7786"",""minor_history_weight"":""0.1533"",""moderate_history_weight"":""0.0468"",""major_history_weight"":""0.0128"",""multiple_history_weight"":""0.0085"",""notes"":""Weights choose how many prior injury history rows to generate. Normalize after role/position filters.""}"
injuries,injury_history_frequency_by_pool_role_position.csv,injury_history_frequency_by_pool_role_position,runtime_tuning,18,RB,"{""player_pool"":""HS_RECRUIT"",""role_tier"":""rotation"",""position_group"":""RB"",""zero_history_weight"":""0.5616"",""minor_history_weight"":""0.3035"",""moderate_history_weight"":""0.0927"",""major_history_weight"":""0.0253"",""multiple_history_weight"":""0.0169"",""notes"":""Weights choose how many prior injury history rows to generate. Normalize after role/position filters.""}"
injuries,injury_history_frequency_by_pool_role_position.csv,injury_history_frequency_by_pool_role_position,runtime_tuning,19,WR,"{""player_pool"":""HS_RECRUIT"",""role_tier"":""rotation"",""position_group"":""WR"",""zero_history_weight"":""0.6118"",""minor_history_weight"":""0.2688"",""moderate_history_weight"":""0.0821"",""major_history_weight"":""0.0224"",""multiple_history_weight"":""0.0149"",""notes"":""Weights choose how many prior injury history rows to generate. Normalize after role/position filters.""}"
injuries,injury_history_frequency_by_pool_role_position.csv,injury_history_frequency_by_pool_role_position,runtime_tuning,20,TE,"{""player_pool"":""HS_RECRUIT"",""role_tier"":""rotation"",""position_group"":""TE"",""zero_history_weight"":""0.6344"",""minor_history_weight"":""0.2531"",""moderate_history_weight"":""0.0773"",""major_history_weight"":""0.0211"",""multiple_history_weight"":""0.0141"",""notes"":""Weights choose how many prior injury history rows to generate. Normalize after role/position filters.""}"
injuries,injury_history_frequency_by_pool_role_position.csv,injury_history_frequency_by_pool_role_position,runtime_tuning,21,OL,"{""player_pool"":""HS_RECRUIT"",""role_tier"":""rotation"",""position_group"":""OL"",""zero_history_weight"":""0.6344"",""minor_history_weight"":""0.2531"",""moderate_history_weight"":""0.0773"",""major_history_weight"":""0.0211"",""multiple_history_weight"":""0.0141"",""notes"":""Weights choose how many prior injury history rows to generate. Normalize after role/position filters.""}"
injuries,injury_history_frequency_by_pool_role_position.csv,injury_history_frequency_by_pool_role_position,runtime_tuning,22,Front Seven,"{""player_pool"":""HS_RECRUIT"",""role_tier"":""rotation"",""position_group"":""Front Seven"",""zero_history_weight"":""0.6118"",""minor_history_weight"":""0.2688"",""moderate_history_weight"":""0.0821"",""major_history_weight"":""0.0224"",""multiple_history_weight"":""0.0149"",""notes"":""Weights choose how many prior injury history rows to generate. Normalize after role/position filters.""}"
injuries,injury_history_frequency_by_pool_role_position.csv,injury_history_frequency_by_pool_role_position,runtime_tuning,23,DB,"{""player_pool"":""HS_RECRUIT"",""role_tier"":""rotation"",""position_group"":""DB"",""zero_history_weight"":""0.6229"",""minor_history_weight"":""0.2611"",""moderate_history_weight"":""0.0798"",""major_history_weight"":""0.0218"",""multiple_history_weight"":""0.0145"",""notes"":""Weights choose how many prior injury history rows to generate. Normalize after role/position filters.""}"
injuries,injury_history_frequency_by_pool_role_position.csv,injury_history_frequency_by_pool_role_position,runtime_tuning,24,Specialist,"{""player_pool"":""HS_RECRUIT"",""role_tier"":""rotation"",""position_group"":""Specialist"",""zero_history_weight"":""0.9516"",""minor_history_weight"":""0.0335"",""moderate_history_weight"":""0.0102"",""major_history_weight"":""0.0028"",""multiple_history_weight"":""0.0019"",""notes"":""Weights choose how many prior injury history rows to generate. Normalize after role/position filters.""}"
injuries,injury_history_frequency_by_pool_role_position.csv,injury_history_frequency_by_pool_role_position,runtime_tuning,25,QB,"{""player_pool"":""HS_RECRUIT"",""role_tier"":""depth"",""position_group"":""QB"",""zero_history_weight"":""0.7312"",""minor_history_weight"":""0.1861"",""moderate_history_weight"":""0.0569"",""major_history_weight"":""0.0155"",""multiple_history_weight"":""0.0103"",""notes"":""Weights choose how many prior injury history rows to generate. Normalize after role/position filters.""}"
injuries,injury_history_frequency_by_pool_role_position.csv,injury_history_frequency_by_pool_role_position,runtime_tuning,26,RB,"{""player_pool"":""HS_RECRUIT"",""role_tier"":""depth"",""position_group"":""RB"",""zero_history_weight"":""0.5274"",""minor_history_weight"":""0.3272"",""moderate_history_weight"":""0.1"",""major_history_weight"":""0.0273"",""multiple_history_weight"":""0.0182"",""notes"":""Weights choose how many prior injury history rows to generate. Normalize after role/position filters.""}"
injuries,injury_history_frequency_by_pool_role_position.csv,injury_history_frequency_by_pool_role_position,runtime_tuning,27,WR,"{""player_pool"":""HS_RECRUIT"",""role_tier"":""depth"",""position_group"":""WR"",""zero_history_weight"":""0.5745"",""minor_history_weight"":""0.2946"",""moderate_history_weight"":""0.09"",""major_history_weight"":""0.0245"",""multiple_history_weight"":""0.0164"",""notes"":""Weights choose how many prior injury history rows to generate. Normalize after role/position filters.""}"
injuries,injury_history_frequency_by_pool_role_position.csv,injury_history_frequency_by_pool_role_position,runtime_tuning,28,TE,"{""player_pool"":""HS_RECRUIT"",""role_tier"":""depth"",""position_group"":""TE"",""zero_history_weight"":""0.5958"",""minor_history_weight"":""0.2798"",""moderate_history_weight"":""0.0855"",""major_history_weight"":""0.0233"",""multiple_history_weight"":""0.0155"",""notes"":""Weights choose how many prior injury history rows to generate. Normalize after role/position filters.""}"
injuries,injury_history_frequency_by_pool_role_position.csv,injury_history_frequency_by_pool_role_position,runtime_tuning,29,OL,"{""player_pool"":""HS_RECRUIT"",""role_tier"":""depth"",""position_group"":""OL"",""zero_history_weight"":""0.5958"",""minor_history_weight"":""0.2798"",""moderate_history_weight"":""0.0855"",""major_history_weight"":""0.0233"",""multiple_history_weight"":""0.0155"",""notes"":""Weights choose how many prior injury history rows to generate. Normalize after role/position filters.""}"
injuries,injury_history_frequency_by_pool_role_position.csv,injury_history_frequency_by_pool_role_position,runtime_tuning,30,Front Seven,"{""player_pool"":""HS_RECRUIT"",""role_tier"":""depth"",""position_group"":""Front Seven"",""zero_history_weight"":""0.5745"",""minor_history_weight"":""0.2946"",""moderate_history_weight"":""0.09"",""major_history_weight"":""0.0245"",""multiple_history_weight"":""0.0164"",""notes"":""Weights choose how many prior injury history rows to generate. Normalize after role/position filters.""}"
injuries,injury_history_frequency_by_pool_role_position.csv,injury_history_frequency_by_pool_role_position,runtime_tuning,31,DB,"{""player_pool"":""HS_RECRUIT"",""role_tier"":""depth"",""position_group"":""DB"",""zero_history_weight"":""0.585"",""minor_history_weight"":""0.2873"",""moderate_history_weight"":""0.0878"",""major_history_weight"":""0.0239"",""multiple_history_weight"":""0.016"",""notes"":""Weights choose how many prior injury history rows to generate. Normalize after role/position filters.""}"
injuries,injury_history_frequency_by_pool_role_position.csv,injury_history_frequency_by_pool_role_position,runtime_tuning,32,Specialist,"{""player_pool"":""HS_RECRUIT"",""role_tier"":""depth"",""position_group"":""Specialist"",""zero_history_weight"":""0.8937"",""minor_history_weight"":""0.0736"",""moderate_history_weight"":""0.0225"",""major_history_weight"":""0.0061"",""multiple_history_weight"":""0.0041"",""notes"":""Weights choose how many prior injury history rows to generate. Normalize after role/position filters.""}"
injuries,injury_history_frequency_by_pool_role_position.csv,injury_history_frequency_by_pool_role_position,runtime_tuning,33,QB,"{""player_pool"":""HS_RECRUIT"",""role_tier"":""practice_developmental"",""position_group"":""QB"",""zero_history_weight"":""0.8852"",""minor_history_weight"":""0.0795"",""moderate_history_weight"":""0.0243"",""major_history_weight"":""0.0066"",""multiple_history_weight"":""0.0044"",""notes"":""Weights choose how many prior injury history rows to generate. Normalize after role/position filters.""}"
injuries,injury_history_frequency_by_pool_role_position.csv,injury_history_frequency_by_pool_role_position,runtime_tuning,34,RB,"{""player_pool"":""HS_RECRUIT"",""role_tier"":""practice_developmental"",""position_group"":""RB"",""zero_history_weight"":""0.6385"",""minor_history_weight"":""0.2503"",""moderate_history_weight"":""0.0765"",""major_history_weight"":""0.0209"",""multiple_history_weight"":""0.0139"",""notes"":""Weights choose how many prior injury history rows to generate. Normalize after role/position filters.""}"
injuries,injury_history_frequency_by_pool_role_position.csv,injury_history_frequency_by_pool_role_position,runtime_tuning,35,WR,"{""player_pool"":""HS_RECRUIT"",""role_tier"":""practice_developmental"",""position_group"":""WR"",""zero_history_weight"":""0.6955"",""minor_history_weight"":""0.2108"",""moderate_history_weight"":""0.0644"",""major_history_weight"":""0.0176"",""multiple_history_weight"":""0.0117"",""notes"":""Weights choose how many prior injury history rows to generate. Normalize after role/position filters.""}"
injuries,injury_history_frequency_by_pool_role_position.csv,injury_history_frequency_by_pool_role_position,runtime_tuning,36,TE,"{""player_pool"":""HS_RECRUIT"",""role_tier"":""practice_developmental"",""position_group"":""TE"",""zero_history_weight"":""0.7212"",""minor_history_weight"":""0.193"",""moderate_history_weight"":""0.059"",""major_history_weight"":""0.0161"",""multiple_history_weight"":""0.0107"",""notes"":""Weights choose how many prior injury history rows to generate. Normalize after role/position filters.""}"
injuries,injury_history_frequency_by_pool_role_position.csv,injury_history_frequency_by_pool_role_position,runtime_tuning,37,OL,"{""player_pool"":""HS_RECRUIT"",""role_tier"":""practice_developmental"",""position_group"":""OL"",""zero_history_weight"":""0.7212"",""minor_history_weight"":""0.193"",""moderate_history_weight"":""0.059"",""major_history_weight"":""0.0161"",""multiple_history_weight"":""0.0107"",""notes"":""Weights choose how many prior injury history rows to generate. Normalize after role/position filters.""}"
injuries,injury_history_frequency_by_pool_role_position.csv,injury_history_frequency_by_pool_role_position,runtime_tuning,38,Front Seven,"{""player_pool"":""HS_RECRUIT"",""role_tier"":""practice_developmental"",""position_group"":""Front Seven"",""zero_history_weight"":""0.6955"",""minor_history_weight"":""0.2108"",""moderate_history_weight"":""0.0644"",""major_history_weight"":""0.0176"",""multiple_history_weight"":""0.0117"",""notes"":""Weights choose how many prior injury history rows to generate. Normalize after role/position filters.""}"
injuries,injury_history_frequency_by_pool_role_position.csv,injury_history_frequency_by_pool_role_position,runtime_tuning,39,DB,"{""player_pool"":""HS_RECRUIT"",""role_tier"":""practice_developmental"",""position_group"":""DB"",""zero_history_weight"":""0.7081"",""minor_history_weight"":""0.2021"",""moderate_history_weight"":""0.0617"",""major_history_weight"":""0.0168"",""multiple_history_weight"":""0.0112"",""notes"":""Weights choose how many prior injury history rows to generate. Normalize after role/position filters.""}"
injuries,injury_history_frequency_by_pool_role_position.csv,injury_history_frequency_by_pool_role_position,runtime_tuning,40,Specialist,"{""player_pool"":""HS_RECRUIT"",""role_tier"":""practice_developmental"",""position_group"":""Specialist"",""zero_history_weight"":""1.0819"",""minor_history_weight"":""-0.0567"",""moderate_history_weight"":""-0.0173"",""major_history_weight"":""-0.0047"",""multiple_history_weight"":""-0.0031"",""notes"":""Weights choose how many prior injury history rows to generate. Normalize after role/position filters.""}"
injuries,injury_history_frequency_by_pool_role_position.csv,injury_history_frequency_by_pool_role_position,runtime_tuning,41,QB,"{""player_pool"":""COLLEGE_FRESHMAN"",""role_tier"":""elite_star"",""position_group"":""QB"",""zero_history_weight"":""0.9091"",""minor_history_weight"":""0.0587"",""moderate_history_weight"":""0.021"",""major_history_weight"":""0.007"",""multiple_history_weight"":""0.0042"",""notes"":""Weights choose how many prior injury history rows to generate. Normalize after role/position filters.""}"
injuries,injury_history_frequency_by_pool_role_position.csv,injury_history_frequency_by_pool_role_position,runtime_tuning,42,RB,"{""player_pool"":""COLLEGE_FRESHMAN"",""role_tier"":""elite_star"",""position_group"":""RB"",""zero_history_weight"":""0.6557"",""minor_history_weight"":""0.2224"",""moderate_history_weight"":""0.0794"",""major_history_weight"":""0.0265"",""multiple_history_weight"":""0.0159"",""notes"":""Weights choose how many prior injury history rows to generate. Normalize after role/position filters.""}"
injuries,injury_history_frequency_by_pool_role_position.csv,injury_history_frequency_by_pool_role_position,runtime_tuning,43,WR,"{""player_pool"":""COLLEGE_FRESHMAN"",""role_tier"":""elite_star"",""position_group"":""WR"",""zero_history_weight"":""0.7143"",""minor_history_weight"":""0.1846"",""moderate_history_weight"":""0.0659"",""major_history_weight"":""0.022"",""multiple_history_weight"":""0.0132"",""notes"":""Weights choose how many prior injury history rows to generate. Normalize after role/position filters.""}"
injuries,injury_history_frequency_by_pool_role_position.csv,injury_history_frequency_by_pool_role_position,runtime_tuning,44,TE,"{""player_pool"":""COLLEGE_FRESHMAN"",""role_tier"":""elite_star"",""position_group"":""TE"",""zero_history_weight"":""0.7407"",""minor_history_weight"":""0.1675"",""moderate_history_weight"":""0.0598"",""major_history_weight"":""0.0199"",""multiple_history_weight"":""0.012"",""notes"":""Weights choose how many prior injury history rows to generate. Normalize after role/position filters.""}"
injuries,injury_history_frequency_by_pool_role_position.csv,injury_history_frequency_by_pool_role_position,runtime_tuning,45,OL,"{""player_pool"":""COLLEGE_FRESHMAN"",""role_tier"":""elite_star"",""position_group"":""OL"",""zero_history_weight"":""0.7407"",""minor_history_weight"":""0.1675"",""moderate_history_weight"":""0.0598"",""major_history_weight"":""0.0199"",""multiple_history_weight"":""0.012"",""notes"":""Weights choose how many prior injury history rows to generate. Normalize after role/position filters.""}"
injuries,injury_history_frequency_by_pool_role_position.csv,injury_history_frequency_by_pool_role_position,runtime_tuning,46,Front Seven,"{""player_pool"":""COLLEGE_FRESHMAN"",""role_tier"":""elite_star"",""position_group"":""Front Seven"",""zero_history_weight"":""0.7143"",""minor_history_weight"":""0.1846"",""moderate_history_weight"":""0.0659"",""major_history_weight"":""0.022"",""multiple_history_weight"":""0.0132"",""notes"":""Weights choose how many prior injury history rows to generate. Normalize after role/position filters.""}"
injuries,injury_history_frequency_by_pool_role_position.csv,injury_history_frequency_by_pool_role_position,runtime_tuning,47,DB,"{""player_pool"":""COLLEGE_FRESHMAN"",""role_tier"":""elite_star"",""position_group"":""DB"",""zero_history_weight"":""0.7273"",""minor_history_weight"":""0.1762"",""moderate_history_weight"":""0.0629"",""major_history_weight"":""0.021"",""multiple_history_weight"":""0.0126"",""notes"":""Weights choose how many prior injury history rows to generate. Normalize after role/position filters.""}"
injuries,injury_history_frequency_by_pool_role_position.csv,injury_history_frequency_by_pool_role_position,runtime_tuning,48,Specialist,"{""player_pool"":""COLLEGE_FRESHMAN"",""role_tier"":""elite_star"",""position_group"":""Specialist"",""zero_history_weight"":""1.1111"",""minor_history_weight"":""-0.0718"",""moderate_history_weight"":""-0.0256"",""major_history_weight"":""-0.0085"",""multiple_history_weight"":""-0.0051"",""notes"":""Weights choose how many prior injury history rows to generate. Normalize after role/position filters.""}"
injuries,injury_history_frequency_by_pool_role_position.csv,injury_history_frequency_by_pool_role_position,runtime_tuning,49,QB,"{""player_pool"":""COLLEGE_FRESHMAN"",""role_tier"":""starter"",""position_group"":""QB"",""zero_history_weight"":""0.7727"",""minor_history_weight"":""0.1469"",""moderate_history_weight"":""0.0524"",""major_history_weight"":""0.0175"",""multiple_history_weight"":""0.0105"",""notes"":""Weights choose how many prior injury history rows to generate. Normalize after role/position filters.""}"
injuries,injury_history_frequency_by_pool_role_position.csv,injury_history_frequency_by_pool_role_position,runtime_tuning,50,RB,"{""player_pool"":""COLLEGE_FRESHMAN"",""role_tier"":""starter"",""position_group"":""RB"",""zero_history_weight"":""0.5574"",""minor_history_weight"":""0.286"",""moderate_history_weight"":""0.1021"",""major_history_weight"":""0.034"",""multiple_history_weight"":""0.0204"",""notes"":""Weights choose how many prior injury history rows to generate. Normalize after role/position filters.""}"
injuries,injury_history_frequency_by_pool_role_position.csv,injury_history_frequency_by_pool_role_position,runtime_tuning,51,WR,"{""player_pool"":""COLLEGE_FRESHMAN"",""role_tier"":""starter"",""position_group"":""WR"",""zero_history_weight"":""0.6071"",""minor_history_weight"":""0.2538"",""moderate_history_weight"":""0.0907"",""major_history_weight"":""0.0302"",""multiple_history_weight"":""0.0181"",""notes"":""Weights choose how many prior injury history rows to generate. Normalize after role/position filters.""}"
injuries,injury_history_frequency_by_pool_role_position.csv,injury_history_frequency_by_pool_role_position,runtime_tuning,52,TE,"{""player_pool"":""COLLEGE_FRESHMAN"",""role_tier"":""starter"",""position_group"":""TE"",""zero_history_weight"":""0.6296"",""minor_history_weight"":""0.2393"",""moderate_history_weight"":""0.0855"",""major_history_weight"":""0.0285"",""multiple_history_weight"":""0.0171"",""notes"":""Weights choose how many prior injury history rows to generate. Normalize after role/position filters.""}"
injuries,injury_history_frequency_by_pool_role_position.csv,injury_history_frequency_by_pool_role_position,runtime_tuning,53,OL,"{""player_pool"":""COLLEGE_FRESHMAN"",""role_tier"":""starter"",""position_group"":""OL"",""zero_history_weight"":""0.6296"",""minor_history_weight"":""0.2393"",""moderate_history_weight"":""0.0855"",""major_history_weight"":""0.0285"",""multiple_history_weight"":""0.0171"",""notes"":""Weights choose how many prior injury history rows to generate. Normalize after role/position filters.""}"
injuries,injury_history_frequency_by_pool_role_position.csv,injury_history_frequency_by_pool_role_position,runtime_tuning,54,Front Seven,"{""player_pool"":""COLLEGE_FRESHMAN"",""role_tier"":""starter"",""position_group"":""Front Seven"",""zero_history_weight"":""0.6071"",""minor_history_weight"":""0.2538"",""moderate_history_weight"":""0.0907"",""major_history_weight"":""0.0302"",""multiple_history_weight"":""0.0181"",""notes"":""Weights choose how many prior injury history rows to generate. Normalize after role/position filters.""}"
injuries,injury_history_frequency_by_pool_role_position.csv,injury_history_frequency_by_pool_role_position,runtime_tuning,55,DB,"{""player_pool"":""COLLEGE_FRESHMAN"",""role_tier"":""starter"",""position_group"":""DB"",""zero_history_weight"":""0.6182"",""minor_history_weight"":""0.2467"",""moderate_history_weight"":""0.0881"",""major_history_weight"":""0.0294"",""multiple_history_weight"":""0.0176"",""notes"":""Weights choose how many prior injury history rows to generate. Normalize after role/position filters.""}"
injuries,injury_history_frequency_by_pool_role_position.csv,injury_history_frequency_by_pool_role_position,runtime_tuning,56,Specialist,"{""player_pool"":""COLLEGE_FRESHMAN"",""role_tier"":""starter"",""position_group"":""Specialist"",""zero_history_weight"":""0.9444"",""minor_history_weight"":""0.0359"",""moderate_history_weight"":""0.0128"",""major_history_weight"":""0.0043"",""multiple_history_weight"":""0.0026"",""notes"":""Weights choose how many prior injury history rows to generate. Normalize after role/position filters.""}"
injuries,injury_history_frequency_by_pool_role_position.csv,injury_history_frequency_by_pool_role_position,runtime_tuning,57,QB,"{""player_pool"":""COLLEGE_FRESHMAN"",""role_tier"":""rotation"",""position_group"":""QB"",""zero_history_weight"":""0.7155"",""minor_history_weight"":""0.1838"",""moderate_history_weight"":""0.0657"",""major_history_weight"":""0.0219"",""multiple_history_weight"":""0.0131"",""notes"":""Weights choose how many prior injury history rows to generate. Normalize after role/position filters.""}"
injuries,injury_history_frequency_by_pool_role_position.csv,injury_history_frequency_by_pool_role_position,runtime_tuning,58,RB,"{""player_pool"":""COLLEGE_FRESHMAN"",""role_tier"":""rotation"",""position_group"":""RB"",""zero_history_weight"":""0.5161"",""minor_history_weight"":""0.3127"",""moderate_history_weight"":""0.1117"",""major_history_weight"":""0.0372"",""multiple_history_weight"":""0.0223"",""notes"":""Weights choose how many prior injury history rows to generate. Normalize after role/position filters.""}"
injuries,injury_history_frequency_by_pool_role_position.csv,injury_history_frequency_by_pool_role_position,runtime_tuning,59,WR,"{""player_pool"":""COLLEGE_FRESHMAN"",""role_tier"":""rotation"",""position_group"":""WR"",""zero_history_weight"":""0.5622"",""minor_history_weight"":""0.2829"",""moderate_history_weight"":""0.101"",""major_history_weight"":""0.0337"",""multiple_history_weight"":""0.0202"",""notes"":""Weights choose how many prior injury history rows to generate. Normalize after role/position filters.""}"
injuries,injury_history_frequency_by_pool_role_position.csv,injury_history_frequency_by_pool_role_position,runtime_tuning,60,TE,"{""player_pool"":""COLLEGE_FRESHMAN"",""role_tier"":""rotation"",""position_group"":""TE"",""zero_history_weight"":""0.583"",""minor_history_weight"":""0.2695"",""moderate_history_weight"":""0.0962"",""major_history_weight"":""0.0321"",""multiple_history_weight"":""0.0192"",""notes"":""Weights choose how many prior injury history rows to generate. Normalize after role/position filters.""}"
injuries,injury_history_frequency_by_pool_role_position.csv,injury_history_frequency_by_pool_role_position,runtime_tuning,61,OL,"{""player_pool"":""COLLEGE_FRESHMAN"",""role_tier"":""rotation"",""position_group"":""OL"",""zero_history_weight"":""0.583"",""minor_history_weight"":""0.2695"",""moderate_history_weight"":""0.0962"",""major_history_weight"":""0.0321"",""multiple_history_weight"":""0.0192"",""notes"":""Weights choose how many prior injury history rows to generate. Normalize after role/position filters.""}"
injuries,injury_history_frequency_by_pool_role_position.csv,injury_history_frequency_by_pool_role_position,runtime_tuning,62,Front Seven,"{""player_pool"":""COLLEGE_FRESHMAN"",""role_tier"":""rotation"",""position_group"":""Front Seven"",""zero_history_weight"":""0.5622"",""minor_history_weight"":""0.2829"",""moderate_history_weight"":""0.101"",""major_history_weight"":""0.0337"",""multiple_history_weight"":""0.0202"",""notes"":""Weights choose how many prior injury history rows to generate. Normalize after role/position filters.""}"
injuries,injury_history_frequency_by_pool_role_position.csv,injury_history_frequency_by_pool_role_position,runtime_tuning,63,DB,"{""player_pool"":""COLLEGE_FRESHMAN"",""role_tier"":""rotation"",""position_group"":""DB"",""zero_history_weight"":""0.5724"",""minor_history_weight"":""0.2763"",""moderate_history_weight"":""0.0987"",""major_history_weight"":""0.0329"",""multiple_history_weight"":""0.0197"",""notes"":""Weights choose how many prior injury history rows to generate. Normalize after role/position filters.""}"
injuries,injury_history_frequency_by_pool_role_position.csv,injury_history_frequency_by_pool_role_position,runtime_tuning,64,Specialist,"{""player_pool"":""COLLEGE_FRESHMAN"",""role_tier"":""rotation"",""position_group"":""Specialist"",""zero_history_weight"":""0.8745"",""minor_history_weight"":""0.0811"",""moderate_history_weight"":""0.029"",""major_history_weight"":""0.0097"",""multiple_history_weight"":""0.0058"",""notes"":""Weights choose how many prior injury history rows to generate. Normalize after role/position filters.""}"
injuries,injury_history_frequency_by_pool_role_position.csv,injury_history_frequency_by_pool_role_position,runtime_tuning,65,QB,"{""player_pool"":""COLLEGE_FRESHMAN"",""role_tier"":""depth"",""position_group"":""QB"",""zero_history_weight"":""0.6719"",""minor_history_weight"":""0.212"",""moderate_history_weight"":""0.0757"",""major_history_weight"":""0.0252"",""multiple_history_weight"":""0.0151"",""notes"":""Weights choose how many prior injury history rows to generate. Normalize after role/position filters.""}"
injuries,injury_history_frequency_by_pool_role_position.csv,injury_history_frequency_by_pool_role_position,runtime_tuning,66,RB,"{""player_pool"":""COLLEGE_FRESHMAN"",""role_tier"":""depth"",""position_group"":""RB"",""zero_history_weight"":""0.4847"",""minor_history_weight"":""0.333"",""moderate_history_weight"":""0.1189"",""major_history_weight"":""0.0396"",""multiple_history_weight"":""0.0238"",""notes"":""Weights choose how many prior injury history rows to generate. Normalize after role/position filters.""}"
injuries,injury_history_frequency_by_pool_role_position.csv,injury_history_frequency_by_pool_role_position,runtime_tuning,67,WR,"{""player_pool"":""COLLEGE_FRESHMAN"",""role_tier"":""depth"",""position_group"":""WR"",""zero_history_weight"":""0.528"",""minor_history_weight"":""0.305"",""moderate_history_weight"":""0.1089"",""major_history_weight"":""0.0363"",""multiple_history_weight"":""0.0218"",""notes"":""Weights choose how many prior injury history rows to generate. Normalize after role/position filters.""}"
injuries,injury_history_frequency_by_pool_role_position.csv,injury_history_frequency_by_pool_role_position,runtime_tuning,68,TE,"{""player_pool"":""COLLEGE_FRESHMAN"",""role_tier"":""depth"",""position_group"":""TE"",""zero_history_weight"":""0.5475"",""minor_history_weight"":""0.2924"",""moderate_history_weight"":""0.1044"",""major_history_weight"":""0.0348"",""multiple_history_weight"":""0.0209"",""notes"":""Weights choose how many prior injury history rows to generate. Normalize after role/position filters.""}"
injuries,injury_history_frequency_by_pool_role_position.csv,injury_history_frequency_by_pool_role_position,runtime_tuning,69,OL,"{""player_pool"":""COLLEGE_FRESHMAN"",""role_tier"":""depth"",""position_group"":""OL"",""zero_history_weight"":""0.5475"",""minor_history_weight"":""0.2924"",""moderate_history_weight"":""0.1044"",""major_history_weight"":""0.0348"",""multiple_history_weight"":""0.0209"",""notes"":""Weights choose how many prior injury history rows to generate. Normalize after role/position filters.""}"
injuries,injury_history_frequency_by_pool_role_position.csv,injury_history_frequency_by_pool_role_position,runtime_tuning,70,Front Seven,"{""player_pool"":""COLLEGE_FRESHMAN"",""role_tier"":""depth"",""position_group"":""Front Seven"",""zero_history_weight"":""0.528"",""minor_history_weight"":""0.305"",""moderate_history_weight"":""0.1089"",""major_history_weight"":""0.0363"",""multiple_history_weight"":""0.0218"",""notes"":""Weights choose how many prior injury history rows to generate. Normalize after role/position filters.""}"
injuries,injury_history_frequency_by_pool_role_position.csv,injury_history_frequency_by_pool_role_position,runtime_tuning,71,DB,"{""player_pool"":""COLLEGE_FRESHMAN"",""role_tier"":""depth"",""position_group"":""DB"",""zero_history_weight"":""0.5375"",""minor_history_weight"":""0.2988"",""moderate_history_weight"":""0.1067"",""major_history_weight"":""0.0356"",""multiple_history_weight"":""0.0213"",""notes"":""Weights choose how many prior injury history rows to generate. Normalize after role/position filters.""}"
injuries,injury_history_frequency_by_pool_role_position.csv,injury_history_frequency_by_pool_role_position,runtime_tuning,72,Specialist,"{""player_pool"":""COLLEGE_FRESHMAN"",""role_tier"":""depth"",""position_group"":""Specialist"",""zero_history_weight"":""0.8213"",""minor_history_weight"":""0.1155"",""moderate_history_weight"":""0.0412"",""major_history_weight"":""0.0137"",""multiple_history_weight"":""0.0082"",""notes"":""Weights choose how many prior injury history rows to generate. Normalize after role/position filters.""}"
injuries,injury_history_frequency_by_pool_role_position.csv,injury_history_frequency_by_pool_role_position,runtime_tuning,73,QB,"{""player_pool"":""COLLEGE_FRESHMAN"",""role_tier"":""practice_developmental"",""position_group"":""QB"",""zero_history_weight"":""0.8134"",""minor_history_weight"":""0.1206"",""moderate_history_weight"":""0.0431"",""major_history_weight"":""0.0144"",""multiple_history_weight"":""0.0086"",""notes"":""Weights choose how many prior injury history rows to generate. Normalize after role/position filters.""}"
injuries,injury_history_frequency_by_pool_role_position.csv,injury_history_frequency_by_pool_role_position,runtime_tuning,74,RB,"{""player_pool"":""COLLEGE_FRESHMAN"",""role_tier"":""practice_developmental"",""position_group"":""RB"",""zero_history_weight"":""0.5867"",""minor_history_weight"":""0.267"",""moderate_history_weight"":""0.0954"",""major_history_weight"":""0.0318"",""multiple_history_weight"":""0.0191"",""notes"":""Weights choose how many prior injury history rows to generate. Normalize after role/position filters.""}"
injuries,injury_history_frequency_by_pool_role_position.csv,injury_history_frequency_by_pool_role_position,runtime_tuning,75,WR,"{""player_pool"":""COLLEGE_FRESHMAN"",""role_tier"":""practice_developmental"",""position_group"":""WR"",""zero_history_weight"":""0.6391"",""minor_history_weight"":""0.2332"",""moderate_history_weight"":""0.0833"",""major_history_weight"":""0.0278"",""multiple_history_weight"":""0.0167"",""notes"":""Weights choose how many prior injury history rows to generate. Normalize after role/position filters.""}"
injuries,injury_history_frequency_by_pool_role_position.csv,injury_history_frequency_by_pool_role_position,runtime_tuning,76,TE,"{""player_pool"":""COLLEGE_FRESHMAN"",""role_tier"":""practice_developmental"",""position_group"":""TE"",""zero_history_weight"":""0.6628"",""minor_history_weight"":""0.2179"",""moderate_history_weight"":""0.0778"",""major_history_weight"":""0.0259"",""multiple_history_weight"":""0.0156"",""notes"":""Weights choose how many prior injury history rows to generate. Normalize after role/position filters.""}"
injuries,injury_history_frequency_by_pool_role_position.csv,injury_history_frequency_by_pool_role_position,runtime_tuning,77,OL,"{""player_pool"":""COLLEGE_FRESHMAN"",""role_tier"":""practice_developmental"",""position_group"":""OL"",""zero_history_weight"":""0.6628"",""minor_history_weight"":""0.2179"",""moderate_history_weight"":""0.0778"",""major_history_weight"":""0.0259"",""multiple_history_weight"":""0.0156"",""notes"":""Weights choose how many prior injury history rows to generate. Normalize after role/position filters.""}"
injuries,injury_history_frequency_by_pool_role_position.csv,injury_history_frequency_by_pool_role_position,runtime_tuning,78,Front Seven,"{""player_pool"":""COLLEGE_FRESHMAN"",""role_tier"":""practice_developmental"",""position_group"":""Front Seven"",""zero_history_weight"":""0.6391"",""minor_history_weight"":""0.2332"",""moderate_history_weight"":""0.0833"",""major_history_weight"":""0.0278"",""multiple_history_weight"":""0.0167"",""notes"":""Weights choose how many prior injury history rows to generate. Normalize after role/position filters.""}"
injuries,injury_history_frequency_by_pool_role_position.csv,injury_history_frequency_by_pool_role_position,runtime_tuning,79,DB,"{""player_pool"":""COLLEGE_FRESHMAN"",""role_tier"":""practice_developmental"",""position_group"":""DB"",""zero_history_weight"":""0.6507"",""minor_history_weight"":""0.2257"",""moderate_history_weight"":""0.0806"",""major_history_weight"":""0.0269"",""multiple_history_weight"":""0.0161"",""notes"":""Weights choose how many prior injury history rows to generate. Normalize after role/position filters.""}"
injuries,injury_history_frequency_by_pool_role_position.csv,injury_history_frequency_by_pool_role_position,runtime_tuning,80,Specialist,"{""player_pool"":""COLLEGE_FRESHMAN"",""role_tier"":""practice_developmental"",""position_group"":""Specialist"",""zero_history_weight"":""0.9942"",""minor_history_weight"":""0.0038"",""moderate_history_weight"":""0.0013"",""major_history_weight"":""0.0004"",""multiple_history_weight"":""0.0003"",""notes"":""Weights choose how many prior injury history rows to generate. Normalize after role/position filters.""}"
injuries,injury_history_frequency_by_pool_role_position.csv,injury_history_frequency_by_pool_role_position,runtime_tuning,81,QB,"{""player_pool"":""COLLEGE_UNDERCLASS"",""role_tier"":""elite_star"",""position_group"":""QB"",""zero_history_weight"":""0.6684"",""minor_history_weight"":""0.179"",""moderate_history_weight"":""0.0928"",""major_history_weight"":""0.0365"",""multiple_history_weight"":""0.0232"",""notes"":""Weights choose how many prior injury history rows to generate. Normalize after role/position filters.""}"
injuries,injury_history_frequency_by_pool_role_position.csv,injury_history_frequency_by_pool_role_position,runtime_tuning,82,RB,"{""player_pool"":""COLLEGE_UNDERCLASS"",""role_tier"":""elite_star"",""position_group"":""RB"",""zero_history_weight"":""0.4822"",""minor_history_weight"":""0.2796"",""moderate_history_weight"":""0.145"",""major_history_weight"":""0.057"",""multiple_history_weight"":""0.0362"",""notes"":""Weights choose how many prior injury history rows to generate. Normalize after role/position filters.""}"
injuries,injury_history_frequency_by_pool_role_position.csv,injury_history_frequency_by_pool_role_position,runtime_tuning,83,WR,"{""player_pool"":""COLLEGE_UNDERCLASS"",""role_tier"":""elite_star"",""position_group"":""WR"",""zero_history_weight"":""0.5252"",""minor_history_weight"":""0.2564"",""moderate_history_weight"":""0.1329"",""major_history_weight"":""0.0522"",""multiple_history_weight"":""0.0332"",""notes"":""Weights choose how many prior injury history rows to generate. Normalize after role/position filters.""}"
injuries,injury_history_frequency_by_pool_role_position.csv,injury_history_frequency_by_pool_role_position,runtime_tuning,84,TE,"{""player_pool"":""COLLEGE_UNDERCLASS"",""role_tier"":""elite_star"",""position_group"":""TE"",""zero_history_weight"":""0.5447"",""minor_history_weight"":""0.2459"",""moderate_history_weight"":""0.1275"",""major_history_weight"":""0.0501"",""multiple_history_weight"":""0.0319"",""notes"":""Weights choose how many prior injury history rows to generate. Normalize after role/position filters.""}"
injuries,injury_history_frequency_by_pool_role_position.csv,injury_history_frequency_by_pool_role_position,runtime_tuning,85,OL,"{""player_pool"":""COLLEGE_UNDERCLASS"",""role_tier"":""elite_star"",""position_group"":""OL"",""zero_history_weight"":""0.5447"",""minor_history_weight"":""0.2459"",""moderate_history_weight"":""0.1275"",""major_history_weight"":""0.0501"",""multiple_history_weight"":""0.0319"",""notes"":""Weights choose how many prior injury history rows to generate. Normalize after role/position filters.""}"
injuries,injury_history_frequency_by_pool_role_position.csv,injury_history_frequency_by_pool_role_position,runtime_tuning,86,Front Seven,"{""player_pool"":""COLLEGE_UNDERCLASS"",""role_tier"":""elite_star"",""position_group"":""Front Seven"",""zero_history_weight"":""0.5252"",""minor_history_weight"":""0.2564"",""moderate_history_weight"":""0.1329"",""major_history_weight"":""0.0522"",""multiple_history_weight"":""0.0332"",""notes"":""Weights choose how many prior injury history rows to generate. Normalize after role/position filters.""}"
injuries,injury_history_frequency_by_pool_role_position.csv,injury_history_frequency_by_pool_role_position,runtime_tuning,87,DB,"{""player_pool"":""COLLEGE_UNDERCLASS"",""role_tier"":""elite_star"",""position_group"":""DB"",""zero_history_weight"":""0.5348"",""minor_history_weight"":""0.2512"",""moderate_history_weight"":""0.1303"",""major_history_weight"":""0.0512"",""multiple_history_weight"":""0.0326"",""notes"":""Weights choose how many prior injury history rows to generate. Normalize after role/position filters.""}"
injuries,injury_history_frequency_by_pool_role_position.csv,injury_history_frequency_by_pool_role_position,runtime_tuning,88,Specialist,"{""player_pool"":""COLLEGE_UNDERCLASS"",""role_tier"":""elite_star"",""position_group"":""Specialist"",""zero_history_weight"":""0.817"",""minor_history_weight"":""0.0988"",""moderate_history_weight"":""0.0512"",""major_history_weight"":""0.0201"",""multiple_history_weight"":""0.0128"",""notes"":""Weights choose how many prior injury history rows to generate. Normalize after role/position filters.""}"
injuries,injury_history_frequency_by_pool_role_position.csv,injury_history_frequency_by_pool_role_position,runtime_tuning,89,QB,"{""player_pool"":""COLLEGE_UNDERCLASS"",""role_tier"":""starter"",""position_group"":""QB"",""zero_history_weight"":""0.5682"",""minor_history_weight"":""0.2332"",""moderate_history_weight"":""0.1209"",""major_history_weight"":""0.0475"",""multiple_history_weight"":""0.0302"",""notes"":""Weights choose how many prior injury history rows to generate. Normalize after role/position filters.""}"
injuries,injury_history_frequency_by_pool_role_position.csv,injury_history_frequency_by_pool_role_position,runtime_tuning,90,RB,"{""player_pool"":""COLLEGE_UNDERCLASS"",""role_tier"":""starter"",""position_group"":""RB"",""zero_history_weight"":""0.4098"",""minor_history_weight"":""0.3187"",""moderate_history_weight"":""0.1652"",""major_history_weight"":""0.0649"",""multiple_history_weight"":""0.0413"",""notes"":""Weights choose how many prior injury history rows to generate. Normalize after role/position filters.""}"
injuries,injury_history_frequency_by_pool_role_position.csv,injury_history_frequency_by_pool_role_position,runtime_tuning,91,WR,"{""player_pool"":""COLLEGE_UNDERCLASS"",""role_tier"":""starter"",""position_group"":""WR"",""zero_history_weight"":""0.4464"",""minor_history_weight"":""0.2989"",""moderate_history_weight"":""0.155"",""major_history_weight"":""0.0609"",""multiple_history_weight"":""0.0388"",""notes"":""Weights choose how many prior injury history rows to generate. Normalize after role/position filters.""}"
injuries,injury_history_frequency_by_pool_role_position.csv,injury_history_frequency_by_pool_role_position,runtime_tuning,92,TE,"{""player_pool"":""COLLEGE_UNDERCLASS"",""role_tier"":""starter"",""position_group"":""TE"",""zero_history_weight"":""0.463"",""minor_history_weight"":""0.29"",""moderate_history_weight"":""0.1504"",""major_history_weight"":""0.0591"",""multiple_history_weight"":""0.0376"",""notes"":""Weights choose how many prior injury history rows to generate. Normalize after role/position filters.""}"
injuries,injury_history_frequency_by_pool_role_position.csv,injury_history_frequency_by_pool_role_position,runtime_tuning,93,OL,"{""player_pool"":""COLLEGE_UNDERCLASS"",""role_tier"":""starter"",""position_group"":""OL"",""zero_history_weight"":""0.463"",""minor_history_weight"":""0.29"",""moderate_history_weight"":""0.1504"",""major_history_weight"":""0.0591"",""multiple_history_weight"":""0.0376"",""notes"":""Weights choose how many prior injury history rows to generate. Normalize after role/position filters.""}"
injuries,injury_history_frequency_by_pool_role_position.csv,injury_history_frequency_by_pool_role_position,runtime_tuning,94,Front Seven,"{""player_pool"":""COLLEGE_UNDERCLASS"",""role_tier"":""starter"",""position_group"":""Front Seven"",""zero_history_weight"":""0.4464"",""minor_history_weight"":""0.2989"",""moderate_history_weight"":""0.155"",""major_history_weight"":""0.0609"",""multiple_history_weight"":""0.0388"",""notes"":""Weights choose how many prior injury history rows to generate. Normalize after role/position filters.""}"
injuries,injury_history_frequency_by_pool_role_position.csv,injury_history_frequency_by_pool_role_position,runtime_tuning,95,DB,"{""player_pool"":""COLLEGE_UNDERCLASS"",""role_tier"":""starter"",""position_group"":""DB"",""zero_history_weight"":""0.4545"",""minor_history_weight"":""0.2945"",""moderate_history_weight"":""0.1527"",""major_history_weight"":""0.06"",""multiple_history_weight"":""0.0382"",""notes"":""Weights choose how many prior injury history rows to generate. Normalize after role/position filters.""}"
injuries,injury_history_frequency_by_pool_role_position.csv,injury_history_frequency_by_pool_role_position,runtime_tuning,96,Specialist,"{""player_pool"":""COLLEGE_UNDERCLASS"",""role_tier"":""starter"",""position_group"":""Specialist"",""zero_history_weight"":""0.6944"",""minor_history_weight"":""0.165"",""moderate_history_weight"":""0.0856"",""major_history_weight"":""0.0336"",""multiple_history_weight"":""0.0214"",""notes"":""Weights choose how many prior injury history rows to generate. Normalize after role/position filters.""}"
injuries,injury_history_frequency_by_pool_role_position.csv,injury_history_frequency_by_pool_role_position,runtime_tuning,97,QB,"{""player_pool"":""COLLEGE_UNDERCLASS"",""role_tier"":""rotation"",""position_group"":""QB"",""zero_history_weight"":""0.5261"",""minor_history_weight"":""0.2559"",""moderate_history_weight"":""0.1327"",""major_history_weight"":""0.0521"",""multiple_history_weight"":""0.0332"",""notes"":""Weights choose how many prior injury history rows to generate. Normalize after role/position filters.""}"
injuries,injury_history_frequency_by_pool_role_position.csv,injury_history_frequency_by_pool_role_position,runtime_tuning,98,RB,"{""player_pool"":""COLLEGE_UNDERCLASS"",""role_tier"":""rotation"",""position_group"":""RB"",""zero_history_weight"":""0.3795"",""minor_history_weight"":""0.3351"",""moderate_history_weight"":""0.1737"",""major_history_weight"":""0.0683"",""multiple_history_weight"":""0.0434"",""notes"":""Weights choose how many prior injury history rows to generate. Normalize after role/position filters.""}"
injuries,injury_history_frequency_by_pool_role_position.csv,injury_history_frequency_by_pool_role_position,runtime_tuning,99,WR,"{""player_pool"":""COLLEGE_UNDERCLASS"",""role_tier"":""rotation"",""position_group"":""WR"",""zero_history_weight"":""0.4134"",""minor_history_weight"":""0.3168"",""moderate_history_weight"":""0.1643"",""major_history_weight"":""0.0645"",""multiple_history_weight"":""0.0411"",""notes"":""Weights choose how many prior injury history rows to generate. Normalize after role/position filters.""}"
injuries,injury_history_frequency_by_pool_role_position.csv,injury_history_frequency_by_pool_role_position,runtime_tuning,100,TE,"{""player_pool"":""COLLEGE_UNDERCLASS"",""role_tier"":""rotation"",""position_group"":""TE"",""zero_history_weight"":""0.4287"",""minor_history_weight"":""0.3085"",""moderate_history_weight"":""0.16"",""major_history_weight"":""0.0628"",""multiple_history_weight"":""0.04"",""notes"":""Weights choose how many prior injury history rows to generate. Normalize after role/position filters.""}"
injuries,injury_history_frequency_by_pool_role_position.csv,injury_history_frequency_by_pool_role_position,runtime_tuning,101,OL,"{""player_pool"":""COLLEGE_UNDERCLASS"",""role_tier"":""rotation"",""position_group"":""OL"",""zero_history_weight"":""0.4287"",""minor_history_weight"":""0.3085"",""moderate_history_weight"":""0.16"",""major_history_weight"":""0.0628"",""multiple_history_weight"":""0.04"",""notes"":""Weights choose how many prior injury history rows to generate. Normalize after role/position filters.""}"
injuries,injury_history_frequency_by_pool_role_position.csv,injury_history_frequency_by_pool_role_position,runtime_tuning,102,Front Seven,"{""player_pool"":""COLLEGE_UNDERCLASS"",""role_tier"":""rotation"",""position_group"":""Front Seven"",""zero_history_weight"":""0.4134"",""minor_history_weight"":""0.3168"",""moderate_history_weight"":""0.1643"",""major_history_weight"":""0.0645"",""multiple_history_weight"":""0.0411"",""notes"":""Weights choose how many prior injury history rows to generate. Normalize after role/position filters.""}"
injuries,injury_history_frequency_by_pool_role_position.csv,injury_history_frequency_by_pool_role_position,runtime_tuning,103,DB,"{""player_pool"":""COLLEGE_UNDERCLASS"",""role_tier"":""rotation"",""position_group"":""DB"",""zero_history_weight"":""0.4209"",""minor_history_weight"":""0.3127"",""moderate_history_weight"":""0.1622"",""major_history_weight"":""0.0637"",""multiple_history_weight"":""0.0405"",""notes"":""Weights choose how many prior injury history rows to generate. Normalize after role/position filters.""}"
injuries,injury_history_frequency_by_pool_role_position.csv,injury_history_frequency_by_pool_role_position,runtime_tuning,104,Specialist,"{""player_pool"":""COLLEGE_UNDERCLASS"",""role_tier"":""rotation"",""position_group"":""Specialist"",""zero_history_weight"":""0.643"",""minor_history_weight"":""0.1928"",""moderate_history_weight"":""0.1"",""major_history_weight"":""0.0393"",""multiple_history_weight"":""0.025"",""notes"":""Weights choose how many prior injury history rows to generate. Normalize after role/position filters.""}"
injuries,injury_history_frequency_by_pool_role_position.csv,injury_history_frequency_by_pool_role_position,runtime_tuning,105,QB,"{""player_pool"":""COLLEGE_UNDERCLASS"",""role_tier"":""depth"",""position_group"":""QB"",""zero_history_weight"":""0.4941"",""minor_history_weight"":""0.2732"",""moderate_history_weight"":""0.1417"",""major_history_weight"":""0.0557"",""multiple_history_weight"":""0.0354"",""notes"":""Weights choose how many prior injury history rows to generate. Normalize after role/position filters.""}"
injuries,injury_history_frequency_by_pool_role_position.csv,injury_history_frequency_by_pool_role_position,runtime_tuning,106,RB,"{""player_pool"":""COLLEGE_UNDERCLASS"",""role_tier"":""depth"",""position_group"":""RB"",""zero_history_weight"":""0.3564"",""minor_history_weight"":""0.3476"",""moderate_history_weight"":""0.1802"",""major_history_weight"":""0.0708"",""multiple_history_weight"":""0.0451"",""notes"":""Weights choose how many prior injury history rows to generate. Normalize after role/position filters.""}"
injuries,injury_history_frequency_by_pool_role_position.csv,injury_history_frequency_by_pool_role_position,runtime_tuning,107,WR,"{""player_pool"":""COLLEGE_UNDERCLASS"",""role_tier"":""depth"",""position_group"":""WR"",""zero_history_weight"":""0.3882"",""minor_history_weight"":""0.3304"",""moderate_history_weight"":""0.1713"",""major_history_weight"":""0.0673"",""multiple_history_weight"":""0.0428"",""notes"":""Weights choose how many prior injury history rows to generate. Normalize after role/position filters.""}"
injuries,injury_history_frequency_by_pool_role_position.csv,injury_history_frequency_by_pool_role_position,runtime_tuning,108,TE,"{""player_pool"":""COLLEGE_UNDERCLASS"",""role_tier"":""depth"",""position_group"":""TE"",""zero_history_weight"":""0.4026"",""minor_history_weight"":""0.3226"",""moderate_history_weight"":""0.1673"",""major_history_weight"":""0.0657"",""multiple_history_weight"":""0.0418"",""notes"":""Weights choose how many prior injury history rows to generate. Normalize after role/position filters.""}"
injuries,injury_history_frequency_by_pool_role_position.csv,injury_history_frequency_by_pool_role_position,runtime_tuning,109,OL,"{""player_pool"":""COLLEGE_UNDERCLASS"",""role_tier"":""depth"",""position_group"":""OL"",""zero_history_weight"":""0.4026"",""minor_history_weight"":""0.3226"",""moderate_history_weight"":""0.1673"",""major_history_weight"":""0.0657"",""multiple_history_weight"":""0.0418"",""notes"":""Weights choose how many prior injury history rows to generate. Normalize after role/position filters.""}"
injuries,injury_history_frequency_by_pool_role_position.csv,injury_history_frequency_by_pool_role_position,runtime_tuning,110,Front Seven,"{""player_pool"":""COLLEGE_UNDERCLASS"",""role_tier"":""depth"",""position_group"":""Front Seven"",""zero_history_weight"":""0.3882"",""minor_history_weight"":""0.3304"",""moderate_history_weight"":""0.1713"",""major_history_weight"":""0.0673"",""multiple_history_weight"":""0.0428"",""notes"":""Weights choose how many prior injury history rows to generate. Normalize after role/position filters.""}"
injuries,injury_history_frequency_by_pool_role_position.csv,injury_history_frequency_by_pool_role_position,runtime_tuning,111,DB,"{""player_pool"":""COLLEGE_UNDERCLASS"",""role_tier"":""depth"",""position_group"":""DB"",""zero_history_weight"":""0.3953"",""minor_history_weight"":""0.3266"",""moderate_history_weight"":""0.1693"",""major_history_weight"":""0.0665"",""multiple_history_weight"":""0.0423"",""notes"":""Weights choose how many prior injury history rows to generate. Normalize after role/position filters.""}"
injuries,injury_history_frequency_by_pool_role_position.csv,injury_history_frequency_by_pool_role_position,runtime_tuning,112,Specialist,"{""player_pool"":""COLLEGE_UNDERCLASS"",""role_tier"":""depth"",""position_group"":""Specialist"",""zero_history_weight"":""0.6039"",""minor_history_weight"":""0.2139"",""moderate_history_weight"":""0.1109"",""major_history_weight"":""0.0436"",""multiple_history_weight"":""0.0277"",""notes"":""Weights choose how many prior injury history rows to generate. Normalize after role/position filters.""}"
injuries,injury_history_frequency_by_pool_role_position.csv,injury_history_frequency_by_pool_role_position,runtime_tuning,113,QB,"{""player_pool"":""COLLEGE_UNDERCLASS"",""role_tier"":""practice_developmental"",""position_group"":""QB"",""zero_history_weight"":""0.5981"",""minor_history_weight"":""0.217"",""moderate_history_weight"":""0.1125"",""major_history_weight"":""0.0442"",""multiple_history_weight"":""0.0281"",""notes"":""Weights choose how many prior injury history rows to generate. Normalize after role/position filters.""}"
injuries,injury_history_frequency_by_pool_role_position.csv,injury_history_frequency_by_pool_role_position,runtime_tuning,114,RB,"{""player_pool"":""COLLEGE_UNDERCLASS"",""role_tier"":""practice_developmental"",""position_group"":""RB"",""zero_history_weight"":""0.4314"",""minor_history_weight"":""0.307"",""moderate_history_weight"":""0.1592"",""major_history_weight"":""0.0625"",""multiple_history_weight"":""0.0398"",""notes"":""Weights choose how many prior injury history rows to generate. Normalize after role/position filters.""}"
injuries,injury_history_frequency_by_pool_role_position.csv,injury_history_frequency_by_pool_role_position,runtime_tuning,115,WR,"{""player_pool"":""COLLEGE_UNDERCLASS"",""role_tier"":""practice_developmental"",""position_group"":""WR"",""zero_history_weight"":""0.4699"",""minor_history_weight"":""0.2862"",""moderate_history_weight"":""0.1484"",""major_history_weight"":""0.0583"",""multiple_history_weight"":""0.0371"",""notes"":""Weights choose how many prior injury history rows to generate. Normalize after role/position filters.""}"
injuries,injury_history_frequency_by_pool_role_position.csv,injury_history_frequency_by_pool_role_position,runtime_tuning,116,TE,"{""player_pool"":""COLLEGE_UNDERCLASS"",""role_tier"":""practice_developmental"",""position_group"":""TE"",""zero_history_weight"":""0.4873"",""minor_history_weight"":""0.2768"",""moderate_history_weight"":""0.1435"",""major_history_weight"":""0.0564"",""multiple_history_weight"":""0.0359"",""notes"":""Weights choose how many prior injury history rows to generate. Normalize after role/position filters.""}"
injuries,injury_history_frequency_by_pool_role_position.csv,injury_history_frequency_by_pool_role_position,runtime_tuning,117,OL,"{""player_pool"":""COLLEGE_UNDERCLASS"",""role_tier"":""practice_developmental"",""position_group"":""OL"",""zero_history_weight"":""0.4873"",""minor_history_weight"":""0.2768"",""moderate_history_weight"":""0.1435"",""major_history_weight"":""0.0564"",""multiple_history_weight"":""0.0359"",""notes"":""Weights choose how many prior injury history rows to generate. Normalize after role/position filters.""}"
injuries,injury_history_frequency_by_pool_role_position.csv,injury_history_frequency_by_pool_role_position,runtime_tuning,118,Front Seven,"{""player_pool"":""COLLEGE_UNDERCLASS"",""role_tier"":""practice_developmental"",""position_group"":""Front Seven"",""zero_history_weight"":""0.4699"",""minor_history_weight"":""0.2862"",""moderate_history_weight"":""0.1484"",""major_history_weight"":""0.0583"",""multiple_history_weight"":""0.0371"",""notes"":""Weights choose how many prior injury history rows to generate. Normalize after role/position filters.""}"
injuries,injury_history_frequency_by_pool_role_position.csv,injury_history_frequency_by_pool_role_position,runtime_tuning,119,DB,"{""player_pool"":""COLLEGE_UNDERCLASS"",""role_tier"":""practice_developmental"",""position_group"":""DB"",""zero_history_weight"":""0.4785"",""minor_history_weight"":""0.2816"",""moderate_history_weight"":""0.146"",""major_history_weight"":""0.0574"",""multiple_history_weight"":""0.0365"",""notes"":""Weights choose how many prior injury history rows to generate. Normalize after role/position filters.""}"
injuries,injury_history_frequency_by_pool_role_position.csv,injury_history_frequency_by_pool_role_position,runtime_tuning,120,Specialist,"{""player_pool"":""COLLEGE_UNDERCLASS"",""role_tier"":""practice_developmental"",""position_group"":""Specialist"",""zero_history_weight"":""0.731"",""minor_history_weight"":""0.1453"",""moderate_history_weight"":""0.0753"",""major_history_weight"":""0.0296"",""multiple_history_weight"":""0.0188"",""notes"":""Weights choose how many prior injury history rows to generate. Normalize after role/position filters.""}"
injuries,injury_history_frequency_by_pool_role_position.csv,injury_history_frequency_by_pool_role_position,runtime_tuning,121,QB,"{""player_pool"":""COLLEGE_UPPERCLASS"",""role_tier"":""elite_star"",""position_group"":""QB"",""zero_history_weight"":""0.4813"",""minor_history_weight"":""0.2513"",""moderate_history_weight"":""0.154"",""major_history_weight"":""0.0648"",""multiple_history_weight"":""0.0486"",""notes"":""Weights choose how many prior injury history rows to generate. Normalize after role/position filters.""}"
injuries,injury_history_frequency_by_pool_role_position.csv,injury_history_frequency_by_pool_role_position,runtime_tuning,122,RB,"{""player_pool"":""COLLEGE_UPPERCLASS"",""role_tier"":""elite_star"",""position_group"":""RB"",""zero_history_weight"":""0.3472"",""minor_history_weight"":""0.3162"",""moderate_history_weight"":""0.1938"",""major_history_weight"":""0.0816"",""multiple_history_weight"":""0.0612"",""notes"":""Weights choose how many prior injury history rows to generate. Normalize after role/position filters.""}"
injuries,injury_history_frequency_by_pool_role_position.csv,injury_history_frequency_by_pool_role_position,runtime_tuning,123,WR,"{""player_pool"":""COLLEGE_UPPERCLASS"",""role_tier"":""elite_star"",""position_group"":""WR"",""zero_history_weight"":""0.3782"",""minor_history_weight"":""0.3012"",""moderate_history_weight"":""0.1846"",""major_history_weight"":""0.0777"",""multiple_history_weight"":""0.0583"",""notes"":""Weights choose how many prior injury history rows to generate. Normalize after role/position filters.""}"
injuries,injury_history_frequency_by_pool_role_position.csv,injury_history_frequency_by_pool_role_position,runtime_tuning,124,TE,"{""player_pool"":""COLLEGE_UPPERCLASS"",""role_tier"":""elite_star"",""position_group"":""TE"",""zero_history_weight"":""0.3922"",""minor_history_weight"":""0.2944"",""moderate_history_weight"":""0.1805"",""major_history_weight"":""0.076"",""multiple_history_weight"":""0.057"",""notes"":""Weights choose how many prior injury history rows to generate. Normalize after role/position filters.""}"
injuries,injury_history_frequency_by_pool_role_position.csv,injury_history_frequency_by_pool_role_position,runtime_tuning,125,OL,"{""player_pool"":""COLLEGE_UPPERCLASS"",""role_tier"":""elite_star"",""position_group"":""OL"",""zero_history_weight"":""0.3922"",""minor_history_weight"":""0.2944"",""moderate_history_weight"":""0.1805"",""major_history_weight"":""0.076"",""multiple_history_weight"":""0.057"",""notes"":""Weights choose how many prior injury history rows to generate. Normalize after role/position filters.""}"
injuries,injury_history_frequency_by_pool_role_position.csv,injury_history_frequency_by_pool_role_position,runtime_tuning,126,Front Seven,"{""player_pool"":""COLLEGE_UPPERCLASS"",""role_tier"":""elite_star"",""position_group"":""Front Seven"",""zero_history_weight"":""0.3782"",""minor_history_weight"":""0.3012"",""moderate_history_weight"":""0.1846"",""major_history_weight"":""0.0777"",""multiple_history_weight"":""0.0583"",""notes"":""Weights choose how many prior injury history rows to generate. Normalize after role/position filters.""}"
injuries,injury_history_frequency_by_pool_role_position.csv,injury_history_frequency_by_pool_role_position,runtime_tuning,127,DB,"{""player_pool"":""COLLEGE_UPPERCLASS"",""role_tier"":""elite_star"",""position_group"":""DB"",""zero_history_weight"":""0.385"",""minor_history_weight"":""0.2979"",""moderate_history_weight"":""0.1826"",""major_history_weight"":""0.0769"",""multiple_history_weight"":""0.0577"",""notes"":""Weights choose how many prior injury history rows to generate. Normalize after role/position filters.""}"
injuries,injury_history_frequency_by_pool_role_position.csv,injury_history_frequency_by_pool_role_position,runtime_tuning,128,Specialist,"{""player_pool"":""COLLEGE_UPPERCLASS"",""role_tier"":""elite_star"",""position_group"":""Specialist"",""zero_history_weight"":""0.5882"",""minor_history_weight"":""0.1994"",""moderate_history_weight"":""0.1222"",""major_history_weight"":""0.0515"",""multiple_history_weight"":""0.0386"",""notes"":""Weights choose how many prior injury history rows to generate. Normalize after role/position filters.""}"
injuries,injury_history_frequency_by_pool_role_position.csv,injury_history_frequency_by_pool_role_position,runtime_tuning,129,QB,"{""player_pool"":""COLLEGE_UPPERCLASS"",""role_tier"":""starter"",""position_group"":""QB"",""zero_history_weight"":""0.4091"",""minor_history_weight"":""0.2862"",""moderate_history_weight"":""0.1754"",""major_history_weight"":""0.0739"",""multiple_history_weight"":""0.0554"",""notes"":""Weights choose how many prior injury history rows to generate. Normalize after role/position filters.""}"
injuries,injury_history_frequency_by_pool_role_position.csv,injury_history_frequency_by_pool_role_position,runtime_tuning,130,RB,"{""player_pool"":""COLLEGE_UPPERCLASS"",""role_tier"":""starter"",""position_group"":""RB"",""zero_history_weight"":""0.2951"",""minor_history_weight"":""0.3414"",""moderate_history_weight"":""0.2093"",""major_history_weight"":""0.0881"",""multiple_history_weight"":""0.0661"",""notes"":""Weights choose how many prior injury history rows to generate. Normalize after role/position filters.""}"
injuries,injury_history_frequency_by_pool_role_position.csv,injury_history_frequency_by_pool_role_position,runtime_tuning,131,WR,"{""player_pool"":""COLLEGE_UPPERCLASS"",""role_tier"":""starter"",""position_group"":""WR"",""zero_history_weight"":""0.3214"",""minor_history_weight"":""0.3287"",""moderate_history_weight"":""0.2015"",""major_history_weight"":""0.0848"",""multiple_history_weight"":""0.0636"",""notes"":""Weights choose how many prior injury history rows to generate. Normalize after role/position filters.""}"
injuries,injury_history_frequency_by_pool_role_position.csv,injury_history_frequency_by_pool_role_position,runtime_tuning,132,TE,"{""player_pool"":""COLLEGE_UPPERCLASS"",""role_tier"":""starter"",""position_group"":""TE"",""zero_history_weight"":""0.3333"",""minor_history_weight"":""0.3229"",""moderate_history_weight"":""0.1979"",""major_history_weight"":""0.0833"",""multiple_history_weight"":""0.0625"",""notes"":""Weights choose how many prior injury history rows to generate. Normalize after role/position filters.""}"
injuries,injury_history_frequency_by_pool_role_position.csv,injury_history_frequency_by_pool_role_position,runtime_tuning,133,OL,"{""player_pool"":""COLLEGE_UPPERCLASS"",""role_tier"":""starter"",""position_group"":""OL"",""zero_history_weight"":""0.3333"",""minor_history_weight"":""0.3229"",""moderate_history_weight"":""0.1979"",""major_history_weight"":""0.0833"",""multiple_history_weight"":""0.0625"",""notes"":""Weights choose how many prior injury history rows to generate. Normalize after role/position filters.""}"
injuries,injury_history_frequency_by_pool_role_position.csv,injury_history_frequency_by_pool_role_position,runtime_tuning,134,Front Seven,"{""player_pool"":""COLLEGE_UPPERCLASS"",""role_tier"":""starter"",""position_group"":""Front Seven"",""zero_history_weight"":""0.3214"",""minor_history_weight"":""0.3287"",""moderate_history_weight"":""0.2015"",""major_history_weight"":""0.0848"",""multiple_history_weight"":""0.0636"",""notes"":""Weights choose how many prior injury history rows to generate. Normalize after role/position filters.""}"
injuries,injury_history_frequency_by_pool_role_position.csv,injury_history_frequency_by_pool_role_position,runtime_tuning,135,DB,"{""player_pool"":""COLLEGE_UPPERCLASS"",""role_tier"":""starter"",""position_group"":""DB"",""zero_history_weight"":""0.3273"",""minor_history_weight"":""0.3259"",""moderate_history_weight"":""0.1997"",""major_history_weight"":""0.0841"",""multiple_history_weight"":""0.0631"",""notes"":""Weights choose how many prior injury history rows to generate. Normalize after role/position filters.""}"
injuries,injury_history_frequency_by_pool_role_position.csv,injury_history_frequency_by_pool_role_position,runtime_tuning,136,Specialist,"{""player_pool"":""COLLEGE_UPPERCLASS"",""role_tier"":""starter"",""position_group"":""Specialist"",""zero_history_weight"":""0.5"",""minor_history_weight"":""0.2422"",""moderate_history_weight"":""0.1484"",""major_history_weight"":""0.0625"",""multiple_history_weight"":""0.0469"",""notes"":""Weights choose how many prior injury history rows to generate. Normalize after role/position filters.""}"
injuries,injury_history_frequency_by_pool_role_position.csv,injury_history_frequency_by_pool_role_position,runtime_tuning,137,QB,"{""player_pool"":""COLLEGE_UPPERCLASS"",""role_tier"":""rotation"",""position_group"":""QB"",""zero_history_weight"":""0.3788"",""minor_history_weight"":""0.3009"",""moderate_history_weight"":""0.1844"",""major_history_weight"":""0.0777"",""multiple_history_weight"":""0.0582"",""notes"":""Weights choose how many prior injury history rows to generate. Normalize after role/position filters.""}"
injuries,injury_history_frequency_by_pool_role_position.csv,injury_history_frequency_by_pool_role_position,runtime_tuning,138,RB,"{""player_pool"":""COLLEGE_UPPERCLASS"",""role_tier"":""rotation"",""position_group"":""RB"",""zero_history_weight"":""0.2732"",""minor_history_weight"":""0.352"",""moderate_history_weight"":""0.2158"",""major_history_weight"":""0.0908"",""multiple_history_weight"":""0.0681"",""notes"":""Weights choose how many prior injury history rows to generate. Normalize after role/position filters.""}"
injuries,injury_history_frequency_by_pool_role_position.csv,injury_history_frequency_by_pool_role_position,runtime_tuning,139,WR,"{""player_pool"":""COLLEGE_UPPERCLASS"",""role_tier"":""rotation"",""position_group"":""WR"",""zero_history_weight"":""0.2976"",""minor_history_weight"":""0.3402"",""moderate_history_weight"":""0.2085"",""major_history_weight"":""0.0878"",""multiple_history_weight"":""0.0658"",""notes"":""Weights choose how many prior injury history rows to generate. Normalize after role/position filters.""}"
injuries,injury_history_frequency_by_pool_role_position.csv,injury_history_frequency_by_pool_role_position,runtime_tuning,140,TE,"{""player_pool"":""COLLEGE_UPPERCLASS"",""role_tier"":""rotation"",""position_group"":""TE"",""zero_history_weight"":""0.3086"",""minor_history_weight"":""0.3349"",""moderate_history_weight"":""0.2052"",""major_history_weight"":""0.0864"",""multiple_history_weight"":""0.0648"",""notes"":""Weights choose how many prior injury history rows to generate. Normalize after role/position filters.""}"
injuries,injury_history_frequency_by_pool_role_position.csv,injury_history_frequency_by_pool_role_position,runtime_tuning,141,OL,"{""player_pool"":""COLLEGE_UPPERCLASS"",""role_tier"":""rotation"",""position_group"":""OL"",""zero_history_weight"":""0.3086"",""minor_history_weight"":""0.3349"",""moderate_history_weight"":""0.2052"",""major_history_weight"":""0.0864"",""multiple_history_weight"":""0.0648"",""notes"":""Weights choose how many prior injury history rows to generate. Normalize after role/position filters.""}"
injuries,injury_history_frequency_by_pool_role_position.csv,injury_history_frequency_by_pool_role_position,runtime_tuning,142,Front Seven,"{""player_pool"":""COLLEGE_UPPERCLASS"",""role_tier"":""rotation"",""position_group"":""Front Seven"",""zero_history_weight"":""0.2976"",""minor_history_weight"":""0.3402"",""moderate_history_weight"":""0.2085"",""major_history_weight"":""0.0878"",""multiple_history_weight"":""0.0658"",""notes"":""Weights choose how many prior injury history rows to generate. Normalize after role/position filters.""}"
injuries,injury_history_frequency_by_pool_role_position.csv,injury_history_frequency_by_pool_role_position,runtime_tuning,143,DB,"{""player_pool"":""COLLEGE_UPPERCLASS"",""role_tier"":""rotation"",""position_group"":""DB"",""zero_history_weight"":""0.303"",""minor_history_weight"":""0.3376"",""moderate_history_weight"":""0.2069"",""major_history_weight"":""0.0871"",""multiple_history_weight"":""0.0653"",""notes"":""Weights choose how many prior injury history rows to generate. Normalize after role/position filters.""}"
injuries,injury_history_frequency_by_pool_role_position.csv,injury_history_frequency_by_pool_role_position,runtime_tuning,144,Specialist,"{""player_pool"":""COLLEGE_UPPERCLASS"",""role_tier"":""rotation"",""position_group"":""Specialist"",""zero_history_weight"":""0.463"",""minor_history_weight"":""0.2601"",""moderate_history_weight"":""0.1594"",""major_history_weight"":""0.0671"",""multiple_history_weight"":""0.0503"",""notes"":""Weights choose how many prior injury history rows to generate. Normalize after role/position filters.""}"
injuries,injury_history_frequency_by_pool_role_position.csv,injury_history_frequency_by_pool_role_position,runtime_tuning,145,QB,"{""player_pool"":""COLLEGE_UPPERCLASS"",""role_tier"":""depth"",""position_group"":""QB"",""zero_history_weight"":""0.3557"",""minor_history_weight"":""0.3121"",""moderate_history_weight"":""0.1913"",""major_history_weight"":""0.0805"",""multiple_history_weight"":""0.0604"",""notes"":""Weights choose how many prior injury history rows to generate. Normalize after role/position filters.""}"
injuries,injury_history_frequency_by_pool_role_position.csv,injury_history_frequency_by_pool_role_position,runtime_tuning,146,RB,"{""player_pool"":""COLLEGE_UPPERCLASS"",""role_tier"":""depth"",""position_group"":""RB"",""zero_history_weight"":""0.2566"",""minor_history_weight"":""0.3601"",""moderate_history_weight"":""0.2207"",""major_history_weight"":""0.0929"",""multiple_history_weight"":""0.0697"",""notes"":""Weights choose how many prior injury history rows to generate. Normalize after role/position filters.""}"
injuries,injury_history_frequency_by_pool_role_position.csv,injury_history_frequency_by_pool_role_position,runtime_tuning,147,WR,"{""player_pool"":""COLLEGE_UPPERCLASS"",""role_tier"":""depth"",""position_group"":""WR"",""zero_history_weight"":""0.2795"",""minor_history_weight"":""0.349"",""moderate_history_weight"":""0.2139"",""major_history_weight"":""0.0901"",""multiple_history_weight"":""0.0675"",""notes"":""Weights choose how many prior injury history rows to generate. Normalize after role/position filters.""}"
injuries,injury_history_frequency_by_pool_role_position.csv,injury_history_frequency_by_pool_role_position,runtime_tuning,148,TE,"{""player_pool"":""COLLEGE_UPPERCLASS"",""role_tier"":""depth"",""position_group"":""TE"",""zero_history_weight"":""0.2899"",""minor_history_weight"":""0.344"",""moderate_history_weight"":""0.2108"",""major_history_weight"":""0.0888"",""multiple_history_weight"":""0.0666"",""notes"":""Weights choose how many prior injury history rows to generate. Normalize after role/position filters.""}"
injuries,injury_history_frequency_by_pool_role_position.csv,injury_history_frequency_by_pool_role_position,runtime_tuning,149,OL,"{""player_pool"":""COLLEGE_UPPERCLASS"",""role_tier"":""depth"",""position_group"":""OL"",""zero_history_weight"":""0.2899"",""minor_history_weight"":""0.344"",""moderate_history_weight"":""0.2108"",""major_history_weight"":""0.0888"",""multiple_history_weight"":""0.0666"",""notes"":""Weights choose how many prior injury history rows to generate. Normalize after role/position filters.""}"
injuries,injury_history_frequency_by_pool_role_position.csv,injury_history_frequency_by_pool_role_position,runtime_tuning,150,Front Seven,"{""player_pool"":""COLLEGE_UPPERCLASS"",""role_tier"":""depth"",""position_group"":""Front Seven"",""zero_history_weight"":""0.2795"",""minor_history_weight"":""0.349"",""moderate_history_weight"":""0.2139"",""major_history_weight"":""0.0901"",""multiple_history_weight"":""0.0675"",""notes"":""Weights choose how many prior injury history rows to generate. Normalize after role/position filters.""}"
injuries,injury_history_frequency_by_pool_role_position.csv,injury_history_frequency_by_pool_role_position,runtime_tuning,151,DB,"{""player_pool"":""COLLEGE_UPPERCLASS"",""role_tier"":""depth"",""position_group"":""DB"",""zero_history_weight"":""0.2846"",""minor_history_weight"":""0.3465"",""moderate_history_weight"":""0.2124"",""major_history_weight"":""0.0894"",""multiple_history_weight"":""0.0671"",""notes"":""Weights choose how many prior injury history rows to generate. Normalize after role/position filters.""}"
injuries,injury_history_frequency_by_pool_role_position.csv,injury_history_frequency_by_pool_role_position,runtime_tuning,152,Specialist,"{""player_pool"":""COLLEGE_UPPERCLASS"",""role_tier"":""depth"",""position_group"":""Specialist"",""zero_history_weight"":""0.4348"",""minor_history_weight"":""0.2738"",""moderate_history_weight"":""0.1678"",""major_history_weight"":""0.0707"",""multiple_history_weight"":""0.053"",""notes"":""Weights choose how many prior injury history rows to generate. Normalize after role/position filters.""}"
injuries,injury_history_frequency_by_pool_role_position.csv,injury_history_frequency_by_pool_role_position,runtime_tuning,153,QB,"{""player_pool"":""COLLEGE_UPPERCLASS"",""role_tier"":""practice_developmental"",""position_group"":""QB"",""zero_history_weight"":""0.4306"",""minor_history_weight"":""0.2758"",""moderate_history_weight"":""0.169"",""major_history_weight"":""0.0712"",""multiple_history_weight"":""0.0534"",""notes"":""Weights choose how many prior injury history rows to generate. Normalize after role/position filters.""}"
injuries,injury_history_frequency_by_pool_role_position.csv,injury_history_frequency_by_pool_role_position,runtime_tuning,154,RB,"{""player_pool"":""COLLEGE_UPPERCLASS"",""role_tier"":""practice_developmental"",""position_group"":""RB"",""zero_history_weight"":""0.3106"",""minor_history_weight"":""0.3339"",""moderate_history_weight"":""0.2047"",""major_history_weight"":""0.0862"",""multiple_history_weight"":""0.0646"",""notes"":""Weights choose how many prior injury history rows to generate. Normalize after role/position filters.""}"
injuries,injury_history_frequency_by_pool_role_position.csv,injury_history_frequency_by_pool_role_position,runtime_tuning,155,WR,"{""player_pool"":""COLLEGE_UPPERCLASS"",""role_tier"":""practice_developmental"",""position_group"":""WR"",""zero_history_weight"":""0.3383"",""minor_history_weight"":""0.3205"",""moderate_history_weight"":""0.1964"",""major_history_weight"":""0.0827"",""multiple_history_weight"":""0.062"",""notes"":""Weights choose how many prior injury history rows to generate. Normalize after role/position filters.""}"
injuries,injury_history_frequency_by_pool_role_position.csv,injury_history_frequency_by_pool_role_position,runtime_tuning,156,TE,"{""player_pool"":""COLLEGE_UPPERCLASS"",""role_tier"":""practice_developmental"",""position_group"":""TE"",""zero_history_weight"":""0.3509"",""minor_history_weight"":""0.3144"",""moderate_history_weight"":""0.1927"",""major_history_weight"":""0.0811"",""multiple_history_weight"":""0.0609"",""notes"":""Weights choose how many prior injury history rows to generate. Normalize after role/position filters.""}"
injuries,injury_history_frequency_by_pool_role_position.csv,injury_history_frequency_by_pool_role_position,runtime_tuning,157,OL,"{""player_pool"":""COLLEGE_UPPERCLASS"",""role_tier"":""practice_developmental"",""position_group"":""OL"",""zero_history_weight"":""0.3509"",""minor_history_weight"":""0.3144"",""moderate_history_weight"":""0.1927"",""major_history_weight"":""0.0811"",""multiple_history_weight"":""0.0609"",""notes"":""Weights choose how many prior injury history rows to generate. Normalize after role/position filters.""}"
injuries,injury_history_frequency_by_pool_role_position.csv,injury_history_frequency_by_pool_role_position,runtime_tuning,158,Front Seven,"{""player_pool"":""COLLEGE_UPPERCLASS"",""role_tier"":""practice_developmental"",""position_group"":""Front Seven"",""zero_history_weight"":""0.3383"",""minor_history_weight"":""0.3205"",""moderate_history_weight"":""0.1964"",""major_history_weight"":""0.0827"",""multiple_history_weight"":""0.062"",""notes"":""Weights choose how many prior injury history rows to generate. Normalize after role/position filters.""}"
injuries,injury_history_frequency_by_pool_role_position.csv,injury_history_frequency_by_pool_role_position,runtime_tuning,159,DB,"{""player_pool"":""COLLEGE_UPPERCLASS"",""role_tier"":""practice_developmental"",""position_group"":""DB"",""zero_history_weight"":""0.3445"",""minor_history_weight"":""0.3175"",""moderate_history_weight"":""0.1946"",""major_history_weight"":""0.0819"",""multiple_history_weight"":""0.0615"",""notes"":""Weights choose how many prior injury history rows to generate. Normalize after role/position filters.""}"
injuries,injury_history_frequency_by_pool_role_position.csv,injury_history_frequency_by_pool_role_position,runtime_tuning,160,Specialist,"{""player_pool"":""COLLEGE_UPPERCLASS"",""role_tier"":""practice_developmental"",""position_group"":""Specialist"",""zero_history_weight"":""0.5263"",""minor_history_weight"":""0.2294"",""moderate_history_weight"":""0.1406"",""major_history_weight"":""0.0592"",""multiple_history_weight"":""0.0444"",""notes"":""Weights choose how many prior injury history rows to generate. Normalize after role/position filters.""}"
injuries,injury_history_frequency_by_pool_role_position.csv,injury_history_frequency_by_pool_role_position,runtime_tuning,161,QB,"{""player_pool"":""COLLEGE_DRAFT_PROSPECT"",""role_tier"":""elite_star"",""position_group"":""QB"",""zero_history_weight"":""0.4278"",""minor_history_weight"":""0.2524"",""moderate_history_weight"":""0.1683"",""major_history_weight"":""0.0841"",""multiple_history_weight"":""0.0673"",""notes"":""Weights choose how many prior injury history rows to generate. Normalize after role/position filters.""}"
injuries,injury_history_frequency_by_pool_role_position.csv,injury_history_frequency_by_pool_role_position,runtime_tuning,162,RB,"{""player_pool"":""COLLEGE_DRAFT_PROSPECT"",""role_tier"":""elite_star"",""position_group"":""RB"",""zero_history_weight"":""0.3086"",""minor_history_weight"":""0.305"",""moderate_history_weight"":""0.2034"",""major_history_weight"":""0.1017"",""multiple_history_weight"":""0.0813"",""notes"":""Weights choose how many prior injury history rows to generate. Normalize after role/position filters.""}"
injuries,injury_history_frequency_by_pool_role_position.csv,injury_history_frequency_by_pool_role_position,runtime_tuning,163,WR,"{""player_pool"":""COLLEGE_DRAFT_PROSPECT"",""role_tier"":""elite_star"",""position_group"":""WR"",""zero_history_weight"":""0.3361"",""minor_history_weight"":""0.2929"",""moderate_history_weight"":""0.1953"",""major_history_weight"":""0.0976"",""multiple_history_weight"":""0.0781"",""notes"":""Weights choose how many prior injury history rows to generate. Normalize after role/position filters.""}"
injuries,injury_history_frequency_by_pool_role_position.csv,injury_history_frequency_by_pool_role_position,runtime_tuning,164,TE,"{""player_pool"":""COLLEGE_DRAFT_PROSPECT"",""role_tier"":""elite_star"",""position_group"":""TE"",""zero_history_weight"":""0.3486"",""minor_history_weight"":""0.2874"",""moderate_history_weight"":""0.1916"",""major_history_weight"":""0.0958"",""multiple_history_weight"":""0.0766"",""notes"":""Weights choose how many prior injury history rows to generate. Normalize after role/position filters.""}"
injuries,injury_history_frequency_by_pool_role_position.csv,injury_history_frequency_by_pool_role_position,runtime_tuning,165,OL,"{""player_pool"":""COLLEGE_DRAFT_PROSPECT"",""role_tier"":""elite_star"",""position_group"":""OL"",""zero_history_weight"":""0.3486"",""minor_history_weight"":""0.2874"",""moderate_history_weight"":""0.1916"",""major_history_weight"":""0.0958"",""multiple_history_weight"":""0.0766"",""notes"":""Weights choose how many prior injury history rows to generate. Normalize after role/position filters.""}"
injuries,injury_history_frequency_by_pool_role_position.csv,injury_history_frequency_by_pool_role_position,runtime_tuning,166,Front Seven,"{""player_pool"":""COLLEGE_DRAFT_PROSPECT"",""role_tier"":""elite_star"",""position_group"":""Front Seven"",""zero_history_weight"":""0.3361"",""minor_history_weight"":""0.2929"",""moderate_history_weight"":""0.1953"",""major_history_weight"":""0.0976"",""multiple_history_weight"":""0.0781"",""notes"":""Weights choose how many prior injury history rows to generate. Normalize after role/position filters.""}"
injuries,injury_history_frequency_by_pool_role_position.csv,injury_history_frequency_by_pool_role_position,runtime_tuning,167,DB,"{""player_pool"":""COLLEGE_DRAFT_PROSPECT"",""role_tier"":""elite_star"",""position_group"":""DB"",""zero_history_weight"":""0.3422"",""minor_history_weight"":""0.2902"",""moderate_history_weight"":""0.1935"",""major_history_weight"":""0.0967"",""multiple_history_weight"":""0.0774"",""notes"":""Weights choose how many prior injury history rows to generate. Normalize after role/position filters.""}"
injuries,injury_history_frequency_by_pool_role_position.csv,injury_history_frequency_by_pool_role_position,runtime_tuning,168,Specialist,"{""player_pool"":""COLLEGE_DRAFT_PROSPECT"",""role_tier"":""elite_star"",""position_group"":""Specialist"",""zero_history_weight"":""0.5229"",""minor_history_weight"":""0.2105"",""moderate_history_weight"":""0.1403"",""major_history_weight"":""0.0702"",""multiple_history_weight"":""0.0561"",""notes"":""Weights choose how many prior injury history rows to generate. Normalize after role/position filters.""}"
injuries,injury_history_frequency_by_pool_role_position.csv,injury_history_frequency_by_pool_role_position,runtime_tuning,169,QB,"{""player_pool"":""COLLEGE_DRAFT_PROSPECT"",""role_tier"":""starter"",""position_group"":""QB"",""zero_history_weight"":""0.3636"",""minor_history_weight"":""0.2807"",""moderate_history_weight"":""0.1872"",""major_history_weight"":""0.0936"",""multiple_history_weight"":""0.0749"",""notes"":""Weights choose how many prior injury history rows to generate. Normalize after role/position filters.""}"
injuries,injury_history_frequency_by_pool_role_position.csv,injury_history_frequency_by_pool_role_position,runtime_tuning,170,RB,"{""player_pool"":""COLLEGE_DRAFT_PROSPECT"",""role_tier"":""starter"",""position_group"":""RB"",""zero_history_weight"":""0.2623"",""minor_history_weight"":""0.3255"",""moderate_history_weight"":""0.217"",""major_history_weight"":""0.1085"",""multiple_history_weight"":""0.0868"",""notes"":""Weights choose how many prior injury history rows to generate. Normalize after role/position filters.""}"
injuries,injury_history_frequency_by_pool_role_position.csv,injury_history_frequency_by_pool_role_position,runtime_tuning,171,WR,"{""player_pool"":""COLLEGE_DRAFT_PROSPECT"",""role_tier"":""starter"",""position_group"":""WR"",""zero_history_weight"":""0.2857"",""minor_history_weight"":""0.3151"",""moderate_history_weight"":""0.2101"",""major_history_weight"":""0.105"",""multiple_history_weight"":""0.084"",""notes"":""Weights choose how many prior injury history rows to generate. Normalize after role/position filters.""}"
injuries,injury_history_frequency_by_pool_role_position.csv,injury_history_frequency_by_pool_role_position,runtime_tuning,172,TE,"{""player_pool"":""COLLEGE_DRAFT_PROSPECT"",""role_tier"":""starter"",""position_group"":""TE"",""zero_history_weight"":""0.2963"",""minor_history_weight"":""0.3105"",""moderate_history_weight"":""0.207"",""major_history_weight"":""0.1035"",""multiple_history_weight"":""0.0828"",""notes"":""Weights choose how many prior injury history rows to generate. Normalize after role/position filters.""}"
injuries,injury_history_frequency_by_pool_role_position.csv,injury_history_frequency_by_pool_role_position,runtime_tuning,173,OL,"{""player_pool"":""COLLEGE_DRAFT_PROSPECT"",""role_tier"":""starter"",""position_group"":""OL"",""zero_history_weight"":""0.2963"",""minor_history_weight"":""0.3105"",""moderate_history_weight"":""0.207"",""major_history_weight"":""0.1035"",""multiple_history_weight"":""0.0828"",""notes"":""Weights choose how many prior injury history rows to generate. Normalize after role/position filters.""}"
injuries,injury_history_frequency_by_pool_role_position.csv,injury_history_frequency_by_pool_role_position,runtime_tuning,174,Front Seven,"{""player_pool"":""COLLEGE_DRAFT_PROSPECT"",""role_tier"":""starter"",""position_group"":""Front Seven"",""zero_history_weight"":""0.2857"",""minor_history_weight"":""0.3151"",""moderate_history_weight"":""0.2101"",""major_history_weight"":""0.105"",""multiple_history_weight"":""0.084"",""notes"":""Weights choose how many prior injury history rows to generate. Normalize after role/position filters.""}"
injuries,injury_history_frequency_by_pool_role_position.csv,injury_history_frequency_by_pool_role_position,runtime_tuning,175,DB,"{""player_pool"":""COLLEGE_DRAFT_PROSPECT"",""role_tier"":""starter"",""position_group"":""DB"",""zero_history_weight"":""0.2909"",""minor_history_weight"":""0.3128"",""moderate_history_weight"":""0.2086"",""major_history_weight"":""0.1043"",""multiple_history_weight"":""0.0834"",""notes"":""Weights choose how many prior injury history rows to generate. Normalize after role/position filters.""}"
injuries,injury_history_frequency_by_pool_role_position.csv,injury_history_frequency_by_pool_role_position,runtime_tuning,176,Specialist,"{""player_pool"":""COLLEGE_DRAFT_PROSPECT"",""role_tier"":""starter"",""position_group"":""Specialist"",""zero_history_weight"":""0.4444"",""minor_history_weight"":""0.2451"",""moderate_history_weight"":""0.1634"",""major_history_weight"":""0.0817"",""multiple_history_weight"":""0.0654"",""notes"":""Weights choose how many prior injury history rows to generate. Normalize after role/position filters.""}"
injuries,injury_history_frequency_by_pool_role_position.csv,injury_history_frequency_by_pool_role_position,runtime_tuning,177,QB,"{""player_pool"":""COLLEGE_DRAFT_PROSPECT"",""role_tier"":""rotation"",""position_group"":""QB"",""zero_history_weight"":""0.3367"",""minor_history_weight"":""0.2926"",""moderate_history_weight"":""0.1951"",""major_history_weight"":""0.0975"",""multiple_history_weight"":""0.078"",""notes"":""Weights choose how many prior injury history rows to generate. Normalize after role/position filters.""}"
injuries,injury_history_frequency_by_pool_role_position.csv,injury_history_frequency_by_pool_role_position,runtime_tuning,178,RB,"{""player_pool"":""COLLEGE_DRAFT_PROSPECT"",""role_tier"":""rotation"",""position_group"":""RB"",""zero_history_weight"":""0.2429"",""minor_history_weight"":""0.334"",""moderate_history_weight"":""0.2227"",""major_history_weight"":""0.1113"",""multiple_history_weight"":""0.0891"",""notes"":""Weights choose how many prior injury history rows to generate. Normalize after role/position filters.""}"
injuries,injury_history_frequency_by_pool_role_position.csv,injury_history_frequency_by_pool_role_position,runtime_tuning,179,WR,"{""player_pool"":""COLLEGE_DRAFT_PROSPECT"",""role_tier"":""rotation"",""position_group"":""WR"",""zero_history_weight"":""0.2646"",""minor_history_weight"":""0.3245"",""moderate_history_weight"":""0.2163"",""major_history_weight"":""0.1082"",""multiple_history_weight"":""0.0865"",""notes"":""Weights choose how many prior injury history rows to generate. Normalize after role/position filters.""}"
injuries,injury_history_frequency_by_pool_role_position.csv,injury_history_frequency_by_pool_role_position,runtime_tuning,180,TE,"{""player_pool"":""COLLEGE_DRAFT_PROSPECT"",""role_tier"":""rotation"",""position_group"":""TE"",""zero_history_weight"":""0.2743"",""minor_history_weight"":""0.3201"",""moderate_history_weight"":""0.2134"",""major_history_weight"":""0.1067"",""multiple_history_weight"":""0.0854"",""notes"":""Weights choose how many prior injury history rows to generate. Normalize after role/position filters.""}"
injuries,injury_history_frequency_by_pool_role_position.csv,injury_history_frequency_by_pool_role_position,runtime_tuning,181,OL,"{""player_pool"":""COLLEGE_DRAFT_PROSPECT"",""role_tier"":""rotation"",""position_group"":""OL"",""zero_history_weight"":""0.2743"",""minor_history_weight"":""0.3201"",""moderate_history_weight"":""0.2134"",""major_history_weight"":""0.1067"",""multiple_history_weight"":""0.0854"",""notes"":""Weights choose how many prior injury history rows to generate. Normalize after role/position filters.""}"
injuries,injury_history_frequency_by_pool_role_position.csv,injury_history_frequency_by_pool_role_position,runtime_tuning,182,Front Seven,"{""player_pool"":""COLLEGE_DRAFT_PROSPECT"",""role_tier"":""rotation"",""position_group"":""Front Seven"",""zero_history_weight"":""0.2646"",""minor_history_weight"":""0.3245"",""moderate_history_weight"":""0.2163"",""major_history_weight"":""0.1082"",""multiple_history_weight"":""0.0865"",""notes"":""Weights choose how many prior injury history rows to generate. Normalize after role/position filters.""}"
injuries,injury_history_frequency_by_pool_role_position.csv,injury_history_frequency_by_pool_role_position,runtime_tuning,183,DB,"{""player_pool"":""COLLEGE_DRAFT_PROSPECT"",""role_tier"":""rotation"",""position_group"":""DB"",""zero_history_weight"":""0.2694"",""minor_history_weight"":""0.3223"",""moderate_history_weight"":""0.2149"",""major_history_weight"":""0.1074"",""multiple_history_weight"":""0.086"",""notes"":""Weights choose how many prior injury history rows to generate. Normalize after role/position filters.""}"
injuries,injury_history_frequency_by_pool_role_position.csv,injury_history_frequency_by_pool_role_position,runtime_tuning,184,Specialist,"{""player_pool"":""COLLEGE_DRAFT_PROSPECT"",""role_tier"":""rotation"",""position_group"":""Specialist"",""zero_history_weight"":""0.4115"",""minor_history_weight"":""0.2596"",""moderate_history_weight"":""0.1731"",""major_history_weight"":""0.0865"",""multiple_history_weight"":""0.0692"",""notes"":""Weights choose how many prior injury history rows to generate. Normalize after role/position filters.""}"
injuries,injury_history_frequency_by_pool_role_position.csv,injury_history_frequency_by_pool_role_position,runtime_tuning,185,QB,"{""player_pool"":""COLLEGE_DRAFT_PROSPECT"",""role_tier"":""depth"",""position_group"":""QB"",""zero_history_weight"":""0.3162"",""minor_history_weight"":""0.3017"",""moderate_history_weight"":""0.2011"",""major_history_weight"":""0.1006"",""multiple_history_weight"":""0.0804"",""notes"":""Weights choose how many prior injury history rows to generate. Normalize after role/position filters.""}"
injuries,injury_history_frequency_by_pool_role_position.csv,injury_history_frequency_by_pool_role_position,runtime_tuning,186,RB,"{""player_pool"":""COLLEGE_DRAFT_PROSPECT"",""role_tier"":""depth"",""position_group"":""RB"",""zero_history_weight"":""0.2281"",""minor_history_weight"":""0.3406"",""moderate_history_weight"":""0.227"",""major_history_weight"":""0.1135"",""multiple_history_weight"":""0.0908"",""notes"":""Weights choose how many prior injury history rows to generate. Normalize after role/position filters.""}"
injuries,injury_history_frequency_by_pool_role_position.csv,injury_history_frequency_by_pool_role_position,runtime_tuning,187,WR,"{""player_pool"":""COLLEGE_DRAFT_PROSPECT"",""role_tier"":""depth"",""position_group"":""WR"",""zero_history_weight"":""0.2484"",""minor_history_weight"":""0.3316"",""moderate_history_weight"":""0.221"",""major_history_weight"":""0.1105"",""multiple_history_weight"":""0.0884"",""notes"":""Weights choose how many prior injury history rows to generate. Normalize after role/position filters.""}"
injuries,injury_history_frequency_by_pool_role_position.csv,injury_history_frequency_by_pool_role_position,runtime_tuning,188,TE,"{""player_pool"":""COLLEGE_DRAFT_PROSPECT"",""role_tier"":""depth"",""position_group"":""TE"",""zero_history_weight"":""0.2576"",""minor_history_weight"":""0.3275"",""moderate_history_weight"":""0.2183"",""major_history_weight"":""0.1092"",""multiple_history_weight"":""0.0873"",""notes"":""Weights choose how many prior injury history rows to generate. Normalize after role/position filters.""}"
injuries,injury_history_frequency_by_pool_role_position.csv,injury_history_frequency_by_pool_role_position,runtime_tuning,189,OL,"{""player_pool"":""COLLEGE_DRAFT_PROSPECT"",""role_tier"":""depth"",""position_group"":""OL"",""zero_history_weight"":""0.2576"",""minor_history_weight"":""0.3275"",""moderate_history_weight"":""0.2183"",""major_history_weight"":""0.1092"",""multiple_history_weight"":""0.0873"",""notes"":""Weights choose how many prior injury history rows to generate. Normalize after role/position filters.""}"
injuries,injury_history_frequency_by_pool_role_position.csv,injury_history_frequency_by_pool_role_position,runtime_tuning,190,Front Seven,"{""player_pool"":""COLLEGE_DRAFT_PROSPECT"",""role_tier"":""depth"",""position_group"":""Front Seven"",""zero_history_weight"":""0.2484"",""minor_history_weight"":""0.3316"",""moderate_history_weight"":""0.221"",""major_history_weight"":""0.1105"",""multiple_history_weight"":""0.0884"",""notes"":""Weights choose how many prior injury history rows to generate. Normalize after role/position filters.""}"
injuries,injury_history_frequency_by_pool_role_position.csv,injury_history_frequency_by_pool_role_position,runtime_tuning,191,DB,"{""player_pool"":""COLLEGE_DRAFT_PROSPECT"",""role_tier"":""depth"",""position_group"":""DB"",""zero_history_weight"":""0.253"",""minor_history_weight"":""0.3296"",""moderate_history_weight"":""0.2197"",""major_history_weight"":""0.1099"",""multiple_history_weight"":""0.0879"",""notes"":""Weights choose how many prior injury history rows to generate. Normalize after role/position filters.""}"
injuries,injury_history_frequency_by_pool_role_position.csv,injury_history_frequency_by_pool_role_position,runtime_tuning,192,Specialist,"{""player_pool"":""COLLEGE_DRAFT_PROSPECT"",""role_tier"":""depth"",""position_group"":""Specialist"",""zero_history_weight"":""0.3865"",""minor_history_weight"":""0.2707"",""moderate_history_weight"":""0.1804"",""major_history_weight"":""0.0902"",""multiple_history_weight"":""0.0722"",""notes"":""Weights choose how many prior injury history rows to generate. Normalize after role/position filters.""}"
injuries,injury_history_frequency_by_pool_role_position.csv,injury_history_frequency_by_pool_role_position,runtime_tuning,193,QB,"{""player_pool"":""COLLEGE_DRAFT_PROSPECT"",""role_tier"":""practice_developmental"",""position_group"":""QB"",""zero_history_weight"":""0.3828"",""minor_history_weight"":""0.2723"",""moderate_history_weight"":""0.1815"",""major_history_weight"":""0.0908"",""multiple_history_weight"":""0.0726"",""notes"":""Weights choose how many prior injury history rows to generate. Normalize after role/position filters.""}"
injuries,injury_history_frequency_by_pool_role_position.csv,injury_history_frequency_by_pool_role_position,runtime_tuning,194,RB,"{""player_pool"":""COLLEGE_DRAFT_PROSPECT"",""role_tier"":""practice_developmental"",""position_group"":""RB"",""zero_history_weight"":""0.2761"",""minor_history_weight"":""0.3194"",""moderate_history_weight"":""0.2129"",""major_history_weight"":""0.1065"",""multiple_history_weight"":""0.0852"",""notes"":""Weights choose how many prior injury history rows to generate. Normalize after role/position filters.""}"
injuries,injury_history_frequency_by_pool_role_position.csv,injury_history_frequency_by_pool_role_position,runtime_tuning,195,WR,"{""player_pool"":""COLLEGE_DRAFT_PROSPECT"",""role_tier"":""practice_developmental"",""position_group"":""WR"",""zero_history_weight"":""0.3008"",""minor_history_weight"":""0.3085"",""moderate_history_weight"":""0.2057"",""major_history_weight"":""0.1028"",""multiple_history_weight"":""0.0823"",""notes"":""Weights choose how many prior injury history rows to generate. Normalize after role/position filters.""}"
injuries,injury_history_frequency_by_pool_role_position.csv,injury_history_frequency_by_pool_role_position,runtime_tuning,196,TE,"{""player_pool"":""COLLEGE_DRAFT_PROSPECT"",""role_tier"":""practice_developmental"",""position_group"":""TE"",""zero_history_weight"":""0.3119"",""minor_history_weight"":""0.3036"",""moderate_history_weight"":""0.2024"",""major_history_weight"":""0.1012"",""multiple_history_weight"":""0.081"",""notes"":""Weights choose how many prior injury history rows to generate. Normalize after role/position filters.""}"
injuries,injury_history_frequency_by_pool_role_position.csv,injury_history_frequency_by_pool_role_position,runtime_tuning,197,OL,"{""player_pool"":""COLLEGE_DRAFT_PROSPECT"",""role_tier"":""practice_developmental"",""position_group"":""OL"",""zero_history_weight"":""0.3119"",""minor_history_weight"":""0.3036"",""moderate_history_weight"":""0.2024"",""major_history_weight"":""0.1012"",""multiple_history_weight"":""0.081"",""notes"":""Weights choose how many prior injury history rows to generate. Normalize after role/position filters.""}"
injuries,injury_history_frequency_by_pool_role_position.csv,injury_history_frequency_by_pool_role_position,runtime_tuning,198,Front Seven,"{""player_pool"":""COLLEGE_DRAFT_PROSPECT"",""role_tier"":""practice_developmental"",""position_group"":""Front Seven"",""zero_history_weight"":""0.3008"",""minor_history_weight"":""0.3085"",""moderate_history_weight"":""0.2057"",""major_history_weight"":""0.1028"",""multiple_history_weight"":""0.0823"",""notes"":""Weights choose how many prior injury history rows to generate. Normalize after role/position filters.""}"
injuries,injury_history_frequency_by_pool_role_position.csv,injury_history_frequency_by_pool_role_position,runtime_tuning,199,DB,"{""player_pool"":""COLLEGE_DRAFT_PROSPECT"",""role_tier"":""practice_developmental"",""position_group"":""DB"",""zero_history_weight"":""0.3062"",""minor_history_weight"":""0.3061"",""moderate_history_weight"":""0.2041"",""major_history_weight"":""0.102"",""multiple_history_weight"":""0.0816"",""notes"":""Weights choose how many prior injury history rows to generate. Normalize after role/position filters.""}"
injuries,injury_history_frequency_by_pool_role_position.csv,injury_history_frequency_by_pool_role_position,runtime_tuning,200,Specialist,"{""player_pool"":""COLLEGE_DRAFT_PROSPECT"",""role_tier"":""practice_developmental"",""position_group"":""Specialist"",""zero_history_weight"":""0.4678"",""minor_history_weight"":""0.2348"",""moderate_history_weight"":""0.1565"",""major_history_weight"":""0.0783"",""multiple_history_weight"":""0.0626"",""notes"":""Weights choose how many prior injury history rows to generate. Normalize after role/position filters.""}"
injuries,injury_history_frequency_by_pool_role_position.csv,injury_history_frequency_by_pool_role_position,runtime_tuning,201,QB,"{""player_pool"":""NFL_ROOKIE"",""role_tier"":""elite_star"",""position_group"":""QB"",""zero_history_weight"":""0.5348"",""minor_history_weight"":""0.2249"",""moderate_history_weight"":""0.1396"",""major_history_weight"":""0.062"",""multiple_history_weight"":""0.0388"",""notes"":""Weights choose how many prior injury history rows to generate. Normalize after role/position filters.""}"
injuries,injury_history_frequency_by_pool_role_position.csv,injury_history_frequency_by_pool_role_position,runtime_tuning,202,RB,"{""player_pool"":""NFL_ROOKIE"",""role_tier"":""elite_star"",""position_group"":""RB"",""zero_history_weight"":""0.3857"",""minor_history_weight"":""0.2969"",""moderate_history_weight"":""0.1843"",""major_history_weight"":""0.0819"",""multiple_history_weight"":""0.0512"",""notes"":""Weights choose how many prior injury history rows to generate. Normalize after role/position filters.""}"
injuries,injury_history_frequency_by_pool_role_position.csv,injury_history_frequency_by_pool_role_position,runtime_tuning,203,WR,"{""player_pool"":""NFL_ROOKIE"",""role_tier"":""elite_star"",""position_group"":""WR"",""zero_history_weight"":""0.4202"",""minor_history_weight"":""0.2803"",""moderate_history_weight"":""0.1739"",""major_history_weight"":""0.0773"",""multiple_history_weight"":""0.0483"",""notes"":""Weights choose how many prior injury history rows to generate. Normalize after role/position filters.""}"
injuries,injury_history_frequency_by_pool_role_position.csv,injury_history_frequency_by_pool_role_position,runtime_tuning,204,TE,"{""player_pool"":""NFL_ROOKIE"",""role_tier"":""elite_star"",""position_group"":""TE"",""zero_history_weight"":""0.4357"",""minor_history_weight"":""0.2727"",""moderate_history_weight"":""0.1693"",""major_history_weight"":""0.0752"",""multiple_history_weight"":""0.047"",""notes"":""Weights choose how many prior injury history rows to generate. Normalize after role/position filters.""}"
injuries,injury_history_frequency_by_pool_role_position.csv,injury_history_frequency_by_pool_role_position,runtime_tuning,205,OL,"{""player_pool"":""NFL_ROOKIE"",""role_tier"":""elite_star"",""position_group"":""OL"",""zero_history_weight"":""0.4357"",""minor_history_weight"":""0.2727"",""moderate_history_weight"":""0.1693"",""major_history_weight"":""0.0752"",""multiple_history_weight"":""0.047"",""notes"":""Weights choose how many prior injury history rows to generate. Normalize after role/position filters.""}"
injuries,injury_history_frequency_by_pool_role_position.csv,injury_history_frequency_by_pool_role_position,runtime_tuning,206,Front Seven,"{""player_pool"":""NFL_ROOKIE"",""role_tier"":""elite_star"",""position_group"":""Front Seven"",""zero_history_weight"":""0.4202"",""minor_history_weight"":""0.2803"",""moderate_history_weight"":""0.1739"",""major_history_weight"":""0.0773"",""multiple_history_weight"":""0.0483"",""notes"":""Weights choose how many prior injury history rows to generate. Normalize after role/position filters.""}"
injuries,injury_history_frequency_by_pool_role_position.csv,injury_history_frequency_by_pool_role_position,runtime_tuning,207,DB,"{""player_pool"":""NFL_ROOKIE"",""role_tier"":""elite_star"",""position_group"":""DB"",""zero_history_weight"":""0.4278"",""minor_history_weight"":""0.2766"",""moderate_history_weight"":""0.1717"",""major_history_weight"":""0.0763"",""multiple_history_weight"":""0.0477"",""notes"":""Weights choose how many prior injury history rows to generate. Normalize after role/position filters.""}"
injuries,injury_history_frequency_by_pool_role_position.csv,injury_history_frequency_by_pool_role_position,runtime_tuning,208,Specialist,"{""player_pool"":""NFL_ROOKIE"",""role_tier"":""elite_star"",""position_group"":""Specialist"",""zero_history_weight"":""0.6536"",""minor_history_weight"":""0.1674"",""moderate_history_weight"":""0.1039"",""major_history_weight"":""0.0462"",""multiple_history_weight"":""0.0289"",""notes"":""Weights choose how many prior injury history rows to generate. Normalize after role/position filters.""}"
injuries,injury_history_frequency_by_pool_role_position.csv,injury_history_frequency_by_pool_role_position,runtime_tuning,209,QB,"{""player_pool"":""NFL_ROOKIE"",""role_tier"":""starter"",""position_group"":""QB"",""zero_history_weight"":""0.4545"",""minor_history_weight"":""0.2636"",""moderate_history_weight"":""0.1636"",""major_history_weight"":""0.0727"",""multiple_history_weight"":""0.0455"",""notes"":""Weights choose how many prior injury history rows to generate. Normalize after role/position filters.""}"
injuries,injury_history_frequency_by_pool_role_position.csv,injury_history_frequency_by_pool_role_position,runtime_tuning,210,RB,"{""player_pool"":""NFL_ROOKIE"",""role_tier"":""starter"",""position_group"":""RB"",""zero_history_weight"":""0.3279"",""minor_history_weight"":""0.3249"",""moderate_history_weight"":""0.2016"",""major_history_weight"":""0.0896"",""multiple_history_weight"":""0.056"",""notes"":""Weights choose how many prior injury history rows to generate. Normalize after role/position filters.""}"
injuries,injury_history_frequency_by_pool_role_position.csv,injury_history_frequency_by_pool_role_position,runtime_tuning,211,WR,"{""player_pool"":""NFL_ROOKIE"",""role_tier"":""starter"",""position_group"":""WR"",""zero_history_weight"":""0.3571"",""minor_history_weight"":""0.3107"",""moderate_history_weight"":""0.1929"",""major_history_weight"":""0.0857"",""multiple_history_weight"":""0.0536"",""notes"":""Weights choose how many prior injury history rows to generate. Normalize after role/position filters.""}"
injuries,injury_history_frequency_by_pool_role_position.csv,injury_history_frequency_by_pool_role_position,runtime_tuning,212,TE,"{""player_pool"":""NFL_ROOKIE"",""role_tier"":""starter"",""position_group"":""TE"",""zero_history_weight"":""0.3704"",""minor_history_weight"":""0.3043"",""moderate_history_weight"":""0.1889"",""major_history_weight"":""0.084"",""multiple_history_weight"":""0.0525"",""notes"":""Weights choose how many prior injury history rows to generate. Normalize after role/position filters.""}"
injuries,injury_history_frequency_by_pool_role_position.csv,injury_history_frequency_by_pool_role_position,runtime_tuning,213,OL,"{""player_pool"":""NFL_ROOKIE"",""role_tier"":""starter"",""position_group"":""OL"",""zero_history_weight"":""0.3704"",""minor_history_weight"":""0.3043"",""moderate_history_weight"":""0.1889"",""major_history_weight"":""0.084"",""multiple_history_weight"":""0.0525"",""notes"":""Weights choose how many prior injury history rows to generate. Normalize after role/position filters.""}"
injuries,injury_history_frequency_by_pool_role_position.csv,injury_history_frequency_by_pool_role_position,runtime_tuning,214,Front Seven,"{""player_pool"":""NFL_ROOKIE"",""role_tier"":""starter"",""position_group"":""Front Seven"",""zero_history_weight"":""0.3571"",""minor_history_weight"":""0.3107"",""moderate_history_weight"":""0.1929"",""major_history_weight"":""0.0857"",""multiple_history_weight"":""0.0536"",""notes"":""Weights choose how many prior injury history rows to generate. Normalize after role/position filters.""}"
injuries,injury_history_frequency_by_pool_role_position.csv,injury_history_frequency_by_pool_role_position,runtime_tuning,215,DB,"{""player_pool"":""NFL_ROOKIE"",""role_tier"":""starter"",""position_group"":""DB"",""zero_history_weight"":""0.3636"",""minor_history_weight"":""0.3076"",""moderate_history_weight"":""0.1909"",""major_history_weight"":""0.0848"",""multiple_history_weight"":""0.053"",""notes"":""Weights choose how many prior injury history rows to generate. Normalize after role/position filters.""}"
injuries,injury_history_frequency_by_pool_role_position.csv,injury_history_frequency_by_pool_role_position,runtime_tuning,216,Specialist,"{""player_pool"":""NFL_ROOKIE"",""role_tier"":""starter"",""position_group"":""Specialist"",""zero_history_weight"":""0.5556"",""minor_history_weight"":""0.2148"",""moderate_history_weight"":""0.1333"",""major_history_weight"":""0.0593"",""multiple_history_weight"":""0.037"",""notes"":""Weights choose how many prior injury history rows to generate. Normalize after role/position filters.""}"
injuries,injury_history_frequency_by_pool_role_position.csv,injury_history_frequency_by_pool_role_position,runtime_tuning,217,QB,"{""player_pool"":""NFL_ROOKIE"",""role_tier"":""rotation"",""position_group"":""QB"",""zero_history_weight"":""0.4209"",""minor_history_weight"":""0.2799"",""moderate_history_weight"":""0.1737"",""major_history_weight"":""0.0772"",""multiple_history_weight"":""0.0483"",""notes"":""Weights choose how many prior injury history rows to generate. Normalize after role/position filters.""}"
injuries,injury_history_frequency_by_pool_role_position.csv,injury_history_frequency_by_pool_role_position,runtime_tuning,218,RB,"{""player_pool"":""NFL_ROOKIE"",""role_tier"":""rotation"",""position_group"":""RB"",""zero_history_weight"":""0.3036"",""minor_history_weight"":""0.3366"",""moderate_history_weight"":""0.2089"",""major_history_weight"":""0.0929"",""multiple_history_weight"":""0.058"",""notes"":""Weights choose how many prior injury history rows to generate. Normalize after role/position filters.""}"
injuries,injury_history_frequency_by_pool_role_position.csv,injury_history_frequency_by_pool_role_position,runtime_tuning,219,WR,"{""player_pool"":""NFL_ROOKIE"",""role_tier"":""rotation"",""position_group"":""WR"",""zero_history_weight"":""0.3307"",""minor_history_weight"":""0.3235"",""moderate_history_weight"":""0.2008"",""major_history_weight"":""0.0892"",""multiple_history_weight"":""0.0558"",""notes"":""Weights choose how many prior injury history rows to generate. Normalize after role/position filters.""}"
injuries,injury_history_frequency_by_pool_role_position.csv,injury_history_frequency_by_pool_role_position,runtime_tuning,220,TE,"{""player_pool"":""NFL_ROOKIE"",""role_tier"":""rotation"",""position_group"":""TE"",""zero_history_weight"":""0.3429"",""minor_history_weight"":""0.3176"",""moderate_history_weight"":""0.1971"",""major_history_weight"":""0.0876"",""multiple_history_weight"":""0.0548"",""notes"":""Weights choose how many prior injury history rows to generate. Normalize after role/position filters.""}"
injuries,injury_history_frequency_by_pool_role_position.csv,injury_history_frequency_by_pool_role_position,runtime_tuning,221,OL,"{""player_pool"":""NFL_ROOKIE"",""role_tier"":""rotation"",""position_group"":""OL"",""zero_history_weight"":""0.3429"",""minor_history_weight"":""0.3176"",""moderate_history_weight"":""0.1971"",""major_history_weight"":""0.0876"",""multiple_history_weight"":""0.0548"",""notes"":""Weights choose how many prior injury history rows to generate. Normalize after role/position filters.""}"
injuries,injury_history_frequency_by_pool_role_position.csv,injury_history_frequency_by_pool_role_position,runtime_tuning,222,Front Seven,"{""player_pool"":""NFL_ROOKIE"",""role_tier"":""rotation"",""position_group"":""Front Seven"",""zero_history_weight"":""0.3307"",""minor_history_weight"":""0.3235"",""moderate_history_weight"":""0.2008"",""major_history_weight"":""0.0892"",""multiple_history_weight"":""0.0558"",""notes"":""Weights choose how many prior injury history rows to generate. Normalize after role/position filters.""}"
injuries,injury_history_frequency_by_pool_role_position.csv,injury_history_frequency_by_pool_role_position,runtime_tuning,223,DB,"{""player_pool"":""NFL_ROOKIE"",""role_tier"":""rotation"",""position_group"":""DB"",""zero_history_weight"":""0.3367"",""minor_history_weight"":""0.3206"",""moderate_history_weight"":""0.199"",""major_history_weight"":""0.0884"",""multiple_history_weight"":""0.0553"",""notes"":""Weights choose how many prior injury history rows to generate. Normalize after role/position filters.""}"
injuries,injury_history_frequency_by_pool_role_position.csv,injury_history_frequency_by_pool_role_position,runtime_tuning,224,Specialist,"{""player_pool"":""NFL_ROOKIE"",""role_tier"":""rotation"",""position_group"":""Specialist"",""zero_history_weight"":""0.5144"",""minor_history_weight"":""0.2347"",""moderate_history_weight"":""0.1457"",""major_history_weight"":""0.0647"",""multiple_history_weight"":""0.0405"",""notes"":""Weights choose how many prior injury history rows to generate. Normalize after role/position filters.""}"
injuries,injury_history_frequency_by_pool_role_position.csv,injury_history_frequency_by_pool_role_position,runtime_tuning,225,QB,"{""player_pool"":""NFL_ROOKIE"",""role_tier"":""depth"",""position_group"":""QB"",""zero_history_weight"":""0.3953"",""minor_history_weight"":""0.2923"",""moderate_history_weight"":""0.1814"",""major_history_weight"":""0.0806"",""multiple_history_weight"":""0.0504"",""notes"":""Weights choose how many prior injury history rows to generate. Normalize after role/position filters.""}"
injuries,injury_history_frequency_by_pool_role_position.csv,injury_history_frequency_by_pool_role_position,runtime_tuning,226,RB,"{""player_pool"":""NFL_ROOKIE"",""role_tier"":""depth"",""position_group"":""RB"",""zero_history_weight"":""0.2851"",""minor_history_weight"":""0.3455"",""moderate_history_weight"":""0.2145"",""major_history_weight"":""0.0953"",""multiple_history_weight"":""0.0596"",""notes"":""Weights choose how many prior injury history rows to generate. Normalize after role/position filters.""}"
injuries,injury_history_frequency_by_pool_role_position.csv,injury_history_frequency_by_pool_role_position,runtime_tuning,227,WR,"{""player_pool"":""NFL_ROOKIE"",""role_tier"":""depth"",""position_group"":""WR"",""zero_history_weight"":""0.3106"",""minor_history_weight"":""0.3332"",""moderate_history_weight"":""0.2068"",""major_history_weight"":""0.0919"",""multiple_history_weight"":""0.0575"",""notes"":""Weights choose how many prior injury history rows to generate. Normalize after role/position filters.""}"
injuries,injury_history_frequency_by_pool_role_position.csv,injury_history_frequency_by_pool_role_position,runtime_tuning,228,TE,"{""player_pool"":""NFL_ROOKIE"",""role_tier"":""depth"",""position_group"":""TE"",""zero_history_weight"":""0.3221"",""minor_history_weight"":""0.3277"",""moderate_history_weight"":""0.2034"",""major_history_weight"":""0.0904"",""multiple_history_weight"":""0.0565"",""notes"":""Weights choose how many prior injury history rows to generate. Normalize after role/position filters.""}"
injuries,injury_history_frequency_by_pool_role_position.csv,injury_history_frequency_by_pool_role_position,runtime_tuning,229,OL,"{""player_pool"":""NFL_ROOKIE"",""role_tier"":""depth"",""position_group"":""OL"",""zero_history_weight"":""0.3221"",""minor_history_weight"":""0.3277"",""moderate_history_weight"":""0.2034"",""major_history_weight"":""0.0904"",""multiple_history_weight"":""0.0565"",""notes"":""Weights choose how many prior injury history rows to generate. Normalize after role/position filters.""}"
injuries,injury_history_frequency_by_pool_role_position.csv,injury_history_frequency_by_pool_role_position,runtime_tuning,230,Front Seven,"{""player_pool"":""NFL_ROOKIE"",""role_tier"":""depth"",""position_group"":""Front Seven"",""zero_history_weight"":""0.3106"",""minor_history_weight"":""0.3332"",""moderate_history_weight"":""0.2068"",""major_history_weight"":""0.0919"",""multiple_history_weight"":""0.0575"",""notes"":""Weights choose how many prior injury history rows to generate. Normalize after role/position filters.""}"
injuries,injury_history_frequency_by_pool_role_position.csv,injury_history_frequency_by_pool_role_position,runtime_tuning,231,DB,"{""player_pool"":""NFL_ROOKIE"",""role_tier"":""depth"",""position_group"":""DB"",""zero_history_weight"":""0.3162"",""minor_history_weight"":""0.3305"",""moderate_history_weight"":""0.2051"",""major_history_weight"":""0.0912"",""multiple_history_weight"":""0.057"",""notes"":""Weights choose how many prior injury history rows to generate. Normalize after role/position filters.""}"
injuries,injury_history_frequency_by_pool_role_position.csv,injury_history_frequency_by_pool_role_position,runtime_tuning,232,Specialist,"{""player_pool"":""NFL_ROOKIE"",""role_tier"":""depth"",""position_group"":""Specialist"",""zero_history_weight"":""0.4831"",""minor_history_weight"":""0.2498"",""moderate_history_weight"":""0.1551"",""major_history_weight"":""0.0689"",""multiple_history_weight"":""0.0431"",""notes"":""Weights choose how many prior injury history rows to generate. Normalize after role/position filters.""}"
injuries,injury_history_frequency_by_pool_role_position.csv,injury_history_frequency_by_pool_role_position,runtime_tuning,233,QB,"{""player_pool"":""NFL_ROOKIE"",""role_tier"":""practice_developmental"",""position_group"":""QB"",""zero_history_weight"":""0.4785"",""minor_history_weight"":""0.2521"",""moderate_history_weight"":""0.1565"",""major_history_weight"":""0.0695"",""multiple_history_weight"":""0.0435"",""notes"":""Weights choose how many prior injury history rows to generate. Normalize after role/position filters.""}"
injuries,injury_history_frequency_by_pool_role_position.csv,injury_history_frequency_by_pool_role_position,runtime_tuning,234,RB,"{""player_pool"":""NFL_ROOKIE"",""role_tier"":""practice_developmental"",""position_group"":""RB"",""zero_history_weight"":""0.3451"",""minor_history_weight"":""0.3165"",""moderate_history_weight"":""0.1965"",""major_history_weight"":""0.0873"",""multiple_history_weight"":""0.0546"",""notes"":""Weights choose how many prior injury history rows to generate. Normalize after role/position filters.""}"
injuries,injury_history_frequency_by_pool_role_position.csv,injury_history_frequency_by_pool_role_position,runtime_tuning,235,WR,"{""player_pool"":""NFL_ROOKIE"",""role_tier"":""practice_developmental"",""position_group"":""WR"",""zero_history_weight"":""0.3759"",""minor_history_weight"":""0.3016"",""moderate_history_weight"":""0.1872"",""major_history_weight"":""0.0832"",""multiple_history_weight"":""0.052"",""notes"":""Weights choose how many prior injury history rows to generate. Normalize after role/position filters.""}"
injuries,injury_history_frequency_by_pool_role_position.csv,injury_history_frequency_by_pool_role_position,runtime_tuning,236,TE,"{""player_pool"":""NFL_ROOKIE"",""role_tier"":""practice_developmental"",""position_group"":""TE"",""zero_history_weight"":""0.3899"",""minor_history_weight"":""0.2949"",""moderate_history_weight"":""0.183"",""major_history_weight"":""0.0814"",""multiple_history_weight"":""0.0508"",""notes"":""Weights choose how many prior injury history rows to generate. Normalize after role/position filters.""}"
injuries,injury_history_frequency_by_pool_role_position.csv,injury_history_frequency_by_pool_role_position,runtime_tuning,237,OL,"{""player_pool"":""NFL_ROOKIE"",""role_tier"":""practice_developmental"",""position_group"":""OL"",""zero_history_weight"":""0.3899"",""minor_history_weight"":""0.2949"",""moderate_history_weight"":""0.183"",""major_history_weight"":""0.0814"",""multiple_history_weight"":""0.0508"",""notes"":""Weights choose how many prior injury history rows to generate. Normalize after role/position filters.""}"
injuries,injury_history_frequency_by_pool_role_position.csv,injury_history_frequency_by_pool_role_position,runtime_tuning,238,Front Seven,"{""player_pool"":""NFL_ROOKIE"",""role_tier"":""practice_developmental"",""position_group"":""Front Seven"",""zero_history_weight"":""0.3759"",""minor_history_weight"":""0.3016"",""moderate_history_weight"":""0.1872"",""major_history_weight"":""0.0832"",""multiple_history_weight"":""0.052"",""notes"":""Weights choose how many prior injury history rows to generate. Normalize after role/position filters.""}"
injuries,injury_history_frequency_by_pool_role_position.csv,injury_history_frequency_by_pool_role_position,runtime_tuning,239,DB,"{""player_pool"":""NFL_ROOKIE"",""role_tier"":""practice_developmental"",""position_group"":""DB"",""zero_history_weight"":""0.3828"",""minor_history_weight"":""0.2983"",""moderate_history_weight"":""0.1852"",""major_history_weight"":""0.0823"",""multiple_history_weight"":""0.0514"",""notes"":""Weights choose how many prior injury history rows to generate. Normalize after role/position filters.""}"
injuries,injury_history_frequency_by_pool_role_position.csv,injury_history_frequency_by_pool_role_position,runtime_tuning,240,Specialist,"{""player_pool"":""NFL_ROOKIE"",""role_tier"":""practice_developmental"",""position_group"":""Specialist"",""zero_history_weight"":""0.5848"",""minor_history_weight"":""0.2007"",""moderate_history_weight"":""0.1246"",""major_history_weight"":""0.0554"",""multiple_history_weight"":""0.0346"",""notes"":""Weights choose how many prior injury history rows to generate. Normalize after role/position filters.""}"
injuries,injury_history_frequency_by_pool_role_position.csv,injury_history_frequency_by_pool_role_position,runtime_tuning,241,QB,"{""player_pool"":""NFL_YOUNG_VET"",""role_tier"":""elite_star"",""position_group"":""QB"",""zero_history_weight"":""0.361"",""minor_history_weight"":""0.2626"",""moderate_history_weight"":""0.1926"",""major_history_weight"":""0.105"",""multiple_history_weight"":""0.0788"",""notes"":""Weights choose how many prior injury history rows to generate. Normalize after role/position filters.""}"
injuries,injury_history_frequency_by_pool_role_position.csv,injury_history_frequency_by_pool_role_position,runtime_tuning,242,RB,"{""player_pool"":""NFL_YOUNG_VET"",""role_tier"":""elite_star"",""position_group"":""RB"",""zero_history_weight"":""0.2604"",""minor_history_weight"":""0.304"",""moderate_history_weight"":""0.2229"",""major_history_weight"":""0.1216"",""multiple_history_weight"":""0.0912"",""notes"":""Weights choose how many prior injury history rows to generate. Normalize after role/position filters.""}"
injuries,injury_history_frequency_by_pool_role_position.csv,injury_history_frequency_by_pool_role_position,runtime_tuning,243,WR,"{""player_pool"":""NFL_YOUNG_VET"",""role_tier"":""elite_star"",""position_group"":""WR"",""zero_history_weight"":""0.2836"",""minor_history_weight"":""0.2944"",""moderate_history_weight"":""0.2159"",""major_history_weight"":""0.1178"",""multiple_history_weight"":""0.0883"",""notes"":""Weights choose how many prior injury history rows to generate. Normalize after role/position filters.""}"
injuries,injury_history_frequency_by_pool_role_position.csv,injury_history_frequency_by_pool_role_position,runtime_tuning,244,TE,"{""player_pool"":""NFL_YOUNG_VET"",""role_tier"":""elite_star"",""position_group"":""TE"",""zero_history_weight"":""0.2941"",""minor_history_weight"":""0.2901"",""moderate_history_weight"":""0.2127"",""major_history_weight"":""0.116"",""multiple_history_weight"":""0.087"",""notes"":""Weights choose how many prior injury history rows to generate. Normalize after role/position filters.""}"
injuries,injury_history_frequency_by_pool_role_position.csv,injury_history_frequency_by_pool_role_position,runtime_tuning,245,OL,"{""player_pool"":""NFL_YOUNG_VET"",""role_tier"":""elite_star"",""position_group"":""OL"",""zero_history_weight"":""0.2941"",""minor_history_weight"":""0.2901"",""moderate_history_weight"":""0.2127"",""major_history_weight"":""0.116"",""multiple_history_weight"":""0.087"",""notes"":""Weights choose how many prior injury history rows to generate. Normalize after role/position filters.""}"
injuries,injury_history_frequency_by_pool_role_position.csv,injury_history_frequency_by_pool_role_position,runtime_tuning,246,Front Seven,"{""player_pool"":""NFL_YOUNG_VET"",""role_tier"":""elite_star"",""position_group"":""Front Seven"",""zero_history_weight"":""0.2836"",""minor_history_weight"":""0.2944"",""moderate_history_weight"":""0.2159"",""major_history_weight"":""0.1178"",""multiple_history_weight"":""0.0883"",""notes"":""Weights choose how many prior injury history rows to generate. Normalize after role/position filters.""}"
injuries,injury_history_frequency_by_pool_role_position.csv,injury_history_frequency_by_pool_role_position,runtime_tuning,247,DB,"{""player_pool"":""NFL_YOUNG_VET"",""role_tier"":""elite_star"",""position_group"":""DB"",""zero_history_weight"":""0.2888"",""minor_history_weight"":""0.2923"",""moderate_history_weight"":""0.2143"",""major_history_weight"":""0.1169"",""multiple_history_weight"":""0.0877"",""notes"":""Weights choose how many prior injury history rows to generate. Normalize after role/position filters.""}"
injuries,injury_history_frequency_by_pool_role_position.csv,injury_history_frequency_by_pool_role_position,runtime_tuning,248,Specialist,"{""player_pool"":""NFL_YOUNG_VET"",""role_tier"":""elite_star"",""position_group"":""Specialist"",""zero_history_weight"":""0.4412"",""minor_history_weight"":""0.2297"",""moderate_history_weight"":""0.1684"",""major_history_weight"":""0.0919"",""multiple_history_weight"":""0.0689"",""notes"":""Weights choose how many prior injury history rows to generate. Normalize after role/position filters.""}"
injuries,injury_history_frequency_by_pool_role_position.csv,injury_history_frequency_by_pool_role_position,runtime_tuning,249,QB,"{""player_pool"":""NFL_YOUNG_VET"",""role_tier"":""starter"",""position_group"":""QB"",""zero_history_weight"":""0.3068"",""minor_history_weight"":""0.2849"",""moderate_history_weight"":""0.2089"",""major_history_weight"":""0.1139"",""multiple_history_weight"":""0.0855"",""notes"":""Weights choose how many prior injury history rows to generate. Normalize after role/position filters.""}"
injuries,injury_history_frequency_by_pool_role_position.csv,injury_history_frequency_by_pool_role_position,runtime_tuning,250,RB,"{""player_pool"":""NFL_YOUNG_VET"",""role_tier"":""starter"",""position_group"":""RB"",""zero_history_weight"":""0.2213"",""minor_history_weight"":""0.32"",""moderate_history_weight"":""0.2347"",""major_history_weight"":""0.128"",""multiple_history_weight"":""0.096"",""notes"":""Weights choose how many prior injury history rows to generate. Normalize after role/position filters.""}"
injuries,injury_history_frequency_by_pool_role_position.csv,injury_history_frequency_by_pool_role_position,runtime_tuning,251,WR,"{""player_pool"":""NFL_YOUNG_VET"",""role_tier"":""starter"",""position_group"":""WR"",""zero_history_weight"":""0.2411"",""minor_history_weight"":""0.3119"",""moderate_history_weight"":""0.2287"",""major_history_weight"":""0.1248"",""multiple_history_weight"":""0.0936"",""notes"":""Weights choose how many prior injury history rows to generate. Normalize after role/position filters.""}"
injuries,injury_history_frequency_by_pool_role_position.csv,injury_history_frequency_by_pool_role_position,runtime_tuning,252,TE,"{""player_pool"":""NFL_YOUNG_VET"",""role_tier"":""starter"",""position_group"":""TE"",""zero_history_weight"":""0.25"",""minor_history_weight"":""0.3082"",""moderate_history_weight"":""0.226"",""major_history_weight"":""0.1233"",""multiple_history_weight"":""0.0925"",""notes"":""Weights choose how many prior injury history rows to generate. Normalize after role/position filters.""}"
injuries,injury_history_frequency_by_pool_role_position.csv,injury_history_frequency_by_pool_role_position,runtime_tuning,253,OL,"{""player_pool"":""NFL_YOUNG_VET"",""role_tier"":""starter"",""position_group"":""OL"",""zero_history_weight"":""0.25"",""minor_history_weight"":""0.3082"",""moderate_history_weight"":""0.226"",""major_history_weight"":""0.1233"",""multiple_history_weight"":""0.0925"",""notes"":""Weights choose how many prior injury history rows to generate. Normalize after role/position filters.""}"
injuries,injury_history_frequency_by_pool_role_position.csv,injury_history_frequency_by_pool_role_position,runtime_tuning,254,Front Seven,"{""player_pool"":""NFL_YOUNG_VET"",""role_tier"":""starter"",""position_group"":""Front Seven"",""zero_history_weight"":""0.2411"",""minor_history_weight"":""0.3119"",""moderate_history_weight"":""0.2287"",""major_history_weight"":""0.1248"",""multiple_history_weight"":""0.0936"",""notes"":""Weights choose how many prior injury history rows to generate. Normalize after role/position filters.""}"
injuries,injury_history_frequency_by_pool_role_position.csv,injury_history_frequency_by_pool_role_position,runtime_tuning,255,DB,"{""player_pool"":""NFL_YOUNG_VET"",""role_tier"":""starter"",""position_group"":""DB"",""zero_history_weight"":""0.2455"",""minor_history_weight"":""0.3101"",""moderate_history_weight"":""0.2274"",""major_history_weight"":""0.124"",""multiple_history_weight"":""0.093"",""notes"":""Weights choose how many prior injury history rows to generate. Normalize after role/position filters.""}"
injuries,injury_history_frequency_by_pool_role_position.csv,injury_history_frequency_by_pool_role_position,runtime_tuning,256,Specialist,"{""player_pool"":""NFL_YOUNG_VET"",""role_tier"":""starter"",""position_group"":""Specialist"",""zero_history_weight"":""0.375"",""minor_history_weight"":""0.2568"",""moderate_history_weight"":""0.1884"",""major_history_weight"":""0.1027"",""multiple_history_weight"":""0.0771"",""notes"":""Weights choose how many prior injury history rows to generate. Normalize after role/position filters.""}"
injuries,injury_history_frequency_by_pool_role_position.csv,injury_history_frequency_by_pool_role_position,runtime_tuning,257,QB,"{""player_pool"":""NFL_YOUNG_VET"",""role_tier"":""rotation"",""position_group"":""QB"",""zero_history_weight"":""0.2841"",""minor_history_weight"":""0.2942"",""moderate_history_weight"":""0.2158"",""major_history_weight"":""0.1177"",""multiple_history_weight"":""0.0883"",""notes"":""Weights choose how many prior injury history rows to generate. Normalize after role/position filters.""}"
injuries,injury_history_frequency_by_pool_role_position.csv,injury_history_frequency_by_pool_role_position,runtime_tuning,258,RB,"{""player_pool"":""NFL_YOUNG_VET"",""role_tier"":""rotation"",""position_group"":""RB"",""zero_history_weight"":""0.2049"",""minor_history_weight"":""0.3267"",""moderate_history_weight"":""0.2396"",""major_history_weight"":""0.1307"",""multiple_history_weight"":""0.098"",""notes"":""Weights choose how many prior injury history rows to generate. Normalize after role/position filters.""}"
injuries,injury_history_frequency_by_pool_role_position.csv,injury_history_frequency_by_pool_role_position,runtime_tuning,259,WR,"{""player_pool"":""NFL_YOUNG_VET"",""role_tier"":""rotation"",""position_group"":""WR"",""zero_history_weight"":""0.2232"",""minor_history_weight"":""0.3192"",""moderate_history_weight"":""0.2341"",""major_history_weight"":""0.1277"",""multiple_history_weight"":""0.0958"",""notes"":""Weights choose how many prior injury history rows to generate. Normalize after role/position filters.""}"
injuries,injury_history_frequency_by_pool_role_position.csv,injury_history_frequency_by_pool_role_position,runtime_tuning,260,TE,"{""player_pool"":""NFL_YOUNG_VET"",""role_tier"":""rotation"",""position_group"":""TE"",""zero_history_weight"":""0.2315"",""minor_history_weight"":""0.3158"",""moderate_history_weight"":""0.2316"",""major_history_weight"":""0.1263"",""multiple_history_weight"":""0.0947"",""notes"":""Weights choose how many prior injury history rows to generate. Normalize after role/position filters.""}"
injuries,injury_history_frequency_by_pool_role_position.csv,injury_history_frequency_by_pool_role_position,runtime_tuning,261,OL,"{""player_pool"":""NFL_YOUNG_VET"",""role_tier"":""rotation"",""position_group"":""OL"",""zero_history_weight"":""0.2315"",""minor_history_weight"":""0.3158"",""moderate_history_weight"":""0.2316"",""major_history_weight"":""0.1263"",""multiple_history_weight"":""0.0947"",""notes"":""Weights choose how many prior injury history rows to generate. Normalize after role/position filters.""}"
injuries,injury_history_frequency_by_pool_role_position.csv,injury_history_frequency_by_pool_role_position,runtime_tuning,262,Front Seven,"{""player_pool"":""NFL_YOUNG_VET"",""role_tier"":""rotation"",""position_group"":""Front Seven"",""zero_history_weight"":""0.2232"",""minor_history_weight"":""0.3192"",""moderate_history_weight"":""0.2341"",""major_history_weight"":""0.1277"",""multiple_history_weight"":""0.0958"",""notes"":""Weights choose how many prior injury history rows to generate. Normalize after role/position filters.""}"
injuries,injury_history_frequency_by_pool_role_position.csv,injury_history_frequency_by_pool_role_position,runtime_tuning,263,DB,"{""player_pool"":""NFL_YOUNG_VET"",""role_tier"":""rotation"",""position_group"":""DB"",""zero_history_weight"":""0.2273"",""minor_history_weight"":""0.3176"",""moderate_history_weight"":""0.2329"",""major_history_weight"":""0.127"",""multiple_history_weight"":""0.0953"",""notes"":""Weights choose how many prior injury history rows to generate. Normalize after role/position filters.""}"
injuries,injury_history_frequency_by_pool_role_position.csv,injury_history_frequency_by_pool_role_position,runtime_tuning,264,Specialist,"{""player_pool"":""NFL_YOUNG_VET"",""role_tier"":""rotation"",""position_group"":""Specialist"",""zero_history_weight"":""0.3472"",""minor_history_weight"":""0.2683"",""moderate_history_weight"":""0.1967"",""major_history_weight"":""0.1073"",""multiple_history_weight"":""0.0805"",""notes"":""Weights choose how many prior injury history rows to generate. Normalize after role/position filters.""}"
injuries,injury_history_frequency_by_pool_role_position.csv,injury_history_frequency_by_pool_role_position,runtime_tuning,265,QB,"{""player_pool"":""NFL_YOUNG_VET"",""role_tier"":""depth"",""position_group"":""QB"",""zero_history_weight"":""0.2668"",""minor_history_weight"":""0.3013"",""moderate_history_weight"":""0.221"",""major_history_weight"":""0.1205"",""multiple_history_weight"":""0.0904"",""notes"":""Weights choose how many prior injury history rows to generate. Normalize after role/position filters.""}"
injuries,injury_history_frequency_by_pool_role_position.csv,injury_history_frequency_by_pool_role_position,runtime_tuning,266,RB,"{""player_pool"":""NFL_YOUNG_VET"",""role_tier"":""depth"",""position_group"":""RB"",""zero_history_weight"":""0.1924"",""minor_history_weight"":""0.3319"",""moderate_history_weight"":""0.2434"",""major_history_weight"":""0.1327"",""multiple_history_weight"":""0.0996"",""notes"":""Weights choose how many prior injury history rows to generate. Normalize after role/position filters.""}"
injuries,injury_history_frequency_by_pool_role_position.csv,injury_history_frequency_by_pool_role_position,runtime_tuning,267,WR,"{""player_pool"":""NFL_YOUNG_VET"",""role_tier"":""depth"",""position_group"":""WR"",""zero_history_weight"":""0.2096"",""minor_history_weight"":""0.3248"",""moderate_history_weight"":""0.2382"",""major_history_weight"":""0.1299"",""multiple_history_weight"":""0.0974"",""notes"":""Weights choose how many prior injury history rows to generate. Normalize after role/position filters.""}"
injuries,injury_history_frequency_by_pool_role_position.csv,injury_history_frequency_by_pool_role_position,runtime_tuning,268,TE,"{""player_pool"":""NFL_YOUNG_VET"",""role_tier"":""depth"",""position_group"":""TE"",""zero_history_weight"":""0.2174"",""minor_history_weight"":""0.3216"",""moderate_history_weight"":""0.2359"",""major_history_weight"":""0.1286"",""multiple_history_weight"":""0.0965"",""notes"":""Weights choose how many prior injury history rows to generate. Normalize after role/position filters.""}"
injuries,injury_history_frequency_by_pool_role_position.csv,injury_history_frequency_by_pool_role_position,runtime_tuning,269,OL,"{""player_pool"":""NFL_YOUNG_VET"",""role_tier"":""depth"",""position_group"":""OL"",""zero_history_weight"":""0.2174"",""minor_history_weight"":""0.3216"",""moderate_history_weight"":""0.2359"",""major_history_weight"":""0.1286"",""multiple_history_weight"":""0.0965"",""notes"":""Weights choose how many prior injury history rows to generate. Normalize after role/position filters.""}"
injuries,injury_history_frequency_by_pool_role_position.csv,injury_history_frequency_by_pool_role_position,runtime_tuning,270,Front Seven,"{""player_pool"":""NFL_YOUNG_VET"",""role_tier"":""depth"",""position_group"":""Front Seven"",""zero_history_weight"":""0.2096"",""minor_history_weight"":""0.3248"",""moderate_history_weight"":""0.2382"",""major_history_weight"":""0.1299"",""multiple_history_weight"":""0.0974"",""notes"":""Weights choose how many prior injury history rows to generate. Normalize after role/position filters.""}"
injuries,injury_history_frequency_by_pool_role_position.csv,injury_history_frequency_by_pool_role_position,runtime_tuning,271,DB,"{""player_pool"":""NFL_YOUNG_VET"",""role_tier"":""depth"",""position_group"":""DB"",""zero_history_weight"":""0.2134"",""minor_history_weight"":""0.3232"",""moderate_history_weight"":""0.237"",""major_history_weight"":""0.1293"",""multiple_history_weight"":""0.097"",""notes"":""Weights choose how many prior injury history rows to generate. Normalize after role/position filters.""}"
injuries,injury_history_frequency_by_pool_role_position.csv,injury_history_frequency_by_pool_role_position,runtime_tuning,272,Specialist,"{""player_pool"":""NFL_YOUNG_VET"",""role_tier"":""depth"",""position_group"":""Specialist"",""zero_history_weight"":""0.3261"",""minor_history_weight"":""0.277"",""moderate_history_weight"":""0.2031"",""major_history_weight"":""0.1108"",""multiple_history_weight"":""0.0831"",""notes"":""Weights choose how many prior injury history rows to generate. Normalize after role/position filters.""}"
injuries,injury_history_frequency_by_pool_role_position.csv,injury_history_frequency_by_pool_role_position,runtime_tuning,273,QB,"{""player_pool"":""NFL_YOUNG_VET"",""role_tier"":""practice_developmental"",""position_group"":""QB"",""zero_history_weight"":""0.323"",""minor_history_weight"":""0.2782"",""moderate_history_weight"":""0.204"",""major_history_weight"":""0.1113"",""multiple_history_weight"":""0.0835"",""notes"":""Weights choose how many prior injury history rows to generate. Normalize after role/position filters.""}"
injuries,injury_history_frequency_by_pool_role_position.csv,injury_history_frequency_by_pool_role_position,runtime_tuning,274,RB,"{""player_pool"":""NFL_YOUNG_VET"",""role_tier"":""practice_developmental"",""position_group"":""RB"",""zero_history_weight"":""0.233"",""minor_history_weight"":""0.3152"",""moderate_history_weight"":""0.2312"",""major_history_weight"":""0.1261"",""multiple_history_weight"":""0.0946"",""notes"":""Weights choose how many prior injury history rows to generate. Normalize after role/position filters.""}"
injuries,injury_history_frequency_by_pool_role_position.csv,injury_history_frequency_by_pool_role_position,runtime_tuning,275,WR,"{""player_pool"":""NFL_YOUNG_VET"",""role_tier"":""practice_developmental"",""position_group"":""WR"",""zero_history_weight"":""0.2538"",""minor_history_weight"":""0.3067"",""moderate_history_weight"":""0.2249"",""major_history_weight"":""0.1227"",""multiple_history_weight"":""0.092"",""notes"":""Weights choose how many prior injury history rows to generate. Normalize after role/position filters.""}"
injuries,injury_history_frequency_by_pool_role_position.csv,injury_history_frequency_by_pool_role_position,runtime_tuning,276,TE,"{""player_pool"":""NFL_YOUNG_VET"",""role_tier"":""practice_developmental"",""position_group"":""TE"",""zero_history_weight"":""0.2632"",""minor_history_weight"":""0.3028"",""moderate_history_weight"":""0.2221"",""major_history_weight"":""0.1211"",""multiple_history_weight"":""0.0908"",""notes"":""Weights choose how many prior injury history rows to generate. Normalize after role/position filters.""}"
injuries,injury_history_frequency_by_pool_role_position.csv,injury_history_frequency_by_pool_role_position,runtime_tuning,277,OL,"{""player_pool"":""NFL_YOUNG_VET"",""role_tier"":""practice_developmental"",""position_group"":""OL"",""zero_history_weight"":""0.2632"",""minor_history_weight"":""0.3028"",""moderate_history_weight"":""0.2221"",""major_history_weight"":""0.1211"",""multiple_history_weight"":""0.0908"",""notes"":""Weights choose how many prior injury history rows to generate. Normalize after role/position filters.""}"
injuries,injury_history_frequency_by_pool_role_position.csv,injury_history_frequency_by_pool_role_position,runtime_tuning,278,Front Seven,"{""player_pool"":""NFL_YOUNG_VET"",""role_tier"":""practice_developmental"",""position_group"":""Front Seven"",""zero_history_weight"":""0.2538"",""minor_history_weight"":""0.3067"",""moderate_history_weight"":""0.2249"",""major_history_weight"":""0.1227"",""multiple_history_weight"":""0.092"",""notes"":""Weights choose how many prior injury history rows to generate. Normalize after role/position filters.""}"
injuries,injury_history_frequency_by_pool_role_position.csv,injury_history_frequency_by_pool_role_position,runtime_tuning,279,DB,"{""player_pool"":""NFL_YOUNG_VET"",""role_tier"":""practice_developmental"",""position_group"":""DB"",""zero_history_weight"":""0.2584"",""minor_history_weight"":""0.3048"",""moderate_history_weight"":""0.2235"",""major_history_weight"":""0.1219"",""multiple_history_weight"":""0.0914"",""notes"":""Weights choose how many prior injury history rows to generate. Normalize after role/position filters.""}"
injuries,injury_history_frequency_by_pool_role_position.csv,injury_history_frequency_by_pool_role_position,runtime_tuning,280,Specialist,"{""player_pool"":""NFL_YOUNG_VET"",""role_tier"":""practice_developmental"",""position_group"":""Specialist"",""zero_history_weight"":""0.3947"",""minor_history_weight"":""0.2487"",""moderate_history_weight"":""0.1824"",""major_history_weight"":""0.0995"",""multiple_history_weight"":""0.0746"",""notes"":""Weights choose how many prior injury history rows to generate. Normalize after role/position filters.""}"
injuries,injury_history_frequency_by_pool_role_position.csv,injury_history_frequency_by_pool_role_position,runtime_tuning,281,QB,"{""player_pool"":""NFL_PRIME_VET"",""role_tier"":""elite_star"",""position_group"":""QB"",""zero_history_weight"":""0.2406"",""minor_history_weight"":""0.2593"",""moderate_history_weight"":""0.2315"",""major_history_weight"":""0.1482"",""multiple_history_weight"":""0.1204"",""notes"":""Weights choose how many prior injury history rows to generate. Normalize after role/position filters.""}"
injuries,injury_history_frequency_by_pool_role_position.csv,injury_history_frequency_by_pool_role_position,runtime_tuning,282,RB,"{""player_pool"":""NFL_PRIME_VET"",""role_tier"":""elite_star"",""position_group"":""RB"",""zero_history_weight"":""0.1736"",""minor_history_weight"":""0.2822"",""moderate_history_weight"":""0.252"",""major_history_weight"":""0.1613"",""multiple_history_weight"":""0.131"",""notes"":""Weights choose how many prior injury history rows to generate. Normalize after role/position filters.""}"
injuries,injury_history_frequency_by_pool_role_position.csv,injury_history_frequency_by_pool_role_position,runtime_tuning,283,WR,"{""player_pool"":""NFL_PRIME_VET"",""role_tier"":""elite_star"",""position_group"":""WR"",""zero_history_weight"":""0.1891"",""minor_history_weight"":""0.2769"",""moderate_history_weight"":""0.2472"",""major_history_weight"":""0.1582"",""multiple_history_weight"":""0.1286"",""notes"":""Weights choose how many prior injury history rows to generate. Normalize after role/position filters.""}"
injuries,injury_history_frequency_by_pool_role_position.csv,injury_history_frequency_by_pool_role_position,runtime_tuning,284,TE,"{""player_pool"":""NFL_PRIME_VET"",""role_tier"":""elite_star"",""position_group"":""TE"",""zero_history_weight"":""0.1961"",""minor_history_weight"":""0.2745"",""moderate_history_weight"":""0.2451"",""major_history_weight"":""0.1569"",""multiple_history_weight"":""0.1275"",""notes"":""Weights choose how many prior injury history rows to generate. Normalize after role/position filters.""}"
injuries,injury_history_frequency_by_pool_role_position.csv,injury_history_frequency_by_pool_role_position,runtime_tuning,285,OL,"{""player_pool"":""NFL_PRIME_VET"",""role_tier"":""elite_star"",""position_group"":""OL"",""zero_history_weight"":""0.1961"",""minor_history_weight"":""0.2745"",""moderate_history_weight"":""0.2451"",""major_history_weight"":""0.1569"",""multiple_history_weight"":""0.1275"",""notes"":""Weights choose how many prior injury history rows to generate. Normalize after role/position filters.""}"
injuries,injury_history_frequency_by_pool_role_position.csv,injury_history_frequency_by_pool_role_position,runtime_tuning,286,Front Seven,"{""player_pool"":""NFL_PRIME_VET"",""role_tier"":""elite_star"",""position_group"":""Front Seven"",""zero_history_weight"":""0.1891"",""minor_history_weight"":""0.2769"",""moderate_history_weight"":""0.2472"",""major_history_weight"":""0.1582"",""multiple_history_weight"":""0.1286"",""notes"":""Weights choose how many prior injury history rows to generate. Normalize after role/position filters.""}"
injuries,injury_history_frequency_by_pool_role_position.csv,injury_history_frequency_by_pool_role_position,runtime_tuning,287,DB,"{""player_pool"":""NFL_PRIME_VET"",""role_tier"":""elite_star"",""position_group"":""DB"",""zero_history_weight"":""0.1925"",""minor_history_weight"":""0.2757"",""moderate_history_weight"":""0.2462"",""major_history_weight"":""0.1576"",""multiple_history_weight"":""0.128"",""notes"":""Weights choose how many prior injury history rows to generate. Normalize after role/position filters.""}"
injuries,injury_history_frequency_by_pool_role_position.csv,injury_history_frequency_by_pool_role_position,runtime_tuning,288,Specialist,"{""player_pool"":""NFL_PRIME_VET"",""role_tier"":""elite_star"",""position_group"":""Specialist"",""zero_history_weight"":""0.2941"",""minor_history_weight"":""0.241"",""moderate_history_weight"":""0.2152"",""major_history_weight"":""0.1377"",""multiple_history_weight"":""0.1119"",""notes"":""Weights choose how many prior injury history rows to generate. Normalize after role/position filters.""}"
injuries,injury_history_frequency_by_pool_role_position.csv,injury_history_frequency_by_pool_role_position,runtime_tuning,289,QB,"{""player_pool"":""NFL_PRIME_VET"",""role_tier"":""starter"",""position_group"":""QB"",""zero_history_weight"":""0.2045"",""minor_history_weight"":""0.2716"",""moderate_history_weight"":""0.2425"",""major_history_weight"":""0.1552"",""multiple_history_weight"":""0.1261"",""notes"":""Weights choose how many prior injury history rows to generate. Normalize after role/position filters.""}"
injuries,injury_history_frequency_by_pool_role_position.csv,injury_history_frequency_by_pool_role_position,runtime_tuning,290,RB,"{""player_pool"":""NFL_PRIME_VET"",""role_tier"":""starter"",""position_group"":""RB"",""zero_history_weight"":""0.1475"",""minor_history_weight"":""0.2911"",""moderate_history_weight"":""0.2599"",""major_history_weight"":""0.1663"",""multiple_history_weight"":""0.1351"",""notes"":""Weights choose how many prior injury history rows to generate. Normalize after role/position filters.""}"
injuries,injury_history_frequency_by_pool_role_position.csv,injury_history_frequency_by_pool_role_position,runtime_tuning,291,WR,"{""player_pool"":""NFL_PRIME_VET"",""role_tier"":""starter"",""position_group"":""WR"",""zero_history_weight"":""0.1607"",""minor_history_weight"":""0.2866"",""moderate_history_weight"":""0.2559"",""major_history_weight"":""0.1638"",""multiple_history_weight"":""0.1331"",""notes"":""Weights choose how many prior injury history rows to generate. Normalize after role/position filters.""}"
injuries,injury_history_frequency_by_pool_role_position.csv,injury_history_frequency_by_pool_role_position,runtime_tuning,292,TE,"{""player_pool"":""NFL_PRIME_VET"",""role_tier"":""starter"",""position_group"":""TE"",""zero_history_weight"":""0.1667"",""minor_history_weight"":""0.2846"",""moderate_history_weight"":""0.2541"",""major_history_weight"":""0.1626"",""multiple_history_weight"":""0.1321"",""notes"":""Weights choose how many prior injury history rows to generate. Normalize after role/position filters.""}"
injuries,injury_history_frequency_by_pool_role_position.csv,injury_history_frequency_by_pool_role_position,runtime_tuning,293,OL,"{""player_pool"":""NFL_PRIME_VET"",""role_tier"":""starter"",""position_group"":""OL"",""zero_history_weight"":""0.1667"",""minor_history_weight"":""0.2846"",""moderate_history_weight"":""0.2541"",""major_history_weight"":""0.1626"",""multiple_history_weight"":""0.1321"",""notes"":""Weights choose how many prior injury history rows to generate. Normalize after role/position filters.""}"
injuries,injury_history_frequency_by_pool_role_position.csv,injury_history_frequency_by_pool_role_position,runtime_tuning,294,Front Seven,"{""player_pool"":""NFL_PRIME_VET"",""role_tier"":""starter"",""position_group"":""Front Seven"",""zero_history_weight"":""0.1607"",""minor_history_weight"":""0.2866"",""moderate_history_weight"":""0.2559"",""major_history_weight"":""0.1638"",""multiple_history_weight"":""0.1331"",""notes"":""Weights choose how many prior injury history rows to generate. Normalize after role/position filters.""}"
injuries,injury_history_frequency_by_pool_role_position.csv,injury_history_frequency_by_pool_role_position,runtime_tuning,295,DB,"{""player_pool"":""NFL_PRIME_VET"",""role_tier"":""starter"",""position_group"":""DB"",""zero_history_weight"":""0.1636"",""minor_history_weight"":""0.2856"",""moderate_history_weight"":""0.255"",""major_history_weight"":""0.1632"",""multiple_history_weight"":""0.1326"",""notes"":""Weights choose how many prior injury history rows to generate. Normalize after role/position filters.""}"
injuries,injury_history_frequency_by_pool_role_position.csv,injury_history_frequency_by_pool_role_position,runtime_tuning,296,Specialist,"{""player_pool"":""NFL_PRIME_VET"",""role_tier"":""starter"",""position_group"":""Specialist"",""zero_history_weight"":""0.25"",""minor_history_weight"":""0.2561"",""moderate_history_weight"":""0.2287"",""major_history_weight"":""0.1463"",""multiple_history_weight"":""0.1189"",""notes"":""Weights choose how many prior injury history rows to generate. Normalize after role/position filters.""}"
injuries,injury_history_frequency_by_pool_role_position.csv,injury_history_frequency_by_pool_role_position,runtime_tuning,297,QB,"{""player_pool"":""NFL_PRIME_VET"",""role_tier"":""rotation"",""position_group"":""QB"",""zero_history_weight"":""0.1894"",""minor_history_weight"":""0.2768"",""moderate_history_weight"":""0.2471"",""major_history_weight"":""0.1582"",""multiple_history_weight"":""0.1285"",""notes"":""Weights choose how many prior injury history rows to generate. Normalize after role/position filters.""}"
injuries,injury_history_frequency_by_pool_role_position.csv,injury_history_frequency_by_pool_role_position,runtime_tuning,298,RB,"{""player_pool"":""NFL_PRIME_VET"",""role_tier"":""rotation"",""position_group"":""RB"",""zero_history_weight"":""0.1366"",""minor_history_weight"":""0.2948"",""moderate_history_weight"":""0.2632"",""major_history_weight"":""0.1685"",""multiple_history_weight"":""0.1369"",""notes"":""Weights choose how many prior injury history rows to generate. Normalize after role/position filters.""}"
injuries,injury_history_frequency_by_pool_role_position.csv,injury_history_frequency_by_pool_role_position,runtime_tuning,299,WR,"{""player_pool"":""NFL_PRIME_VET"",""role_tier"":""rotation"",""position_group"":""WR"",""zero_history_weight"":""0.1488"",""minor_history_weight"":""0.2907"",""moderate_history_weight"":""0.2595"",""major_history_weight"":""0.1661"",""multiple_history_weight"":""0.1349"",""notes"":""Weights choose how many prior injury history rows to generate. Normalize after role/position filters.""}"
injuries,injury_history_frequency_by_pool_role_position.csv,injury_history_frequency_by_pool_role_position,runtime_tuning,300,TE,"{""player_pool"":""NFL_PRIME_VET"",""role_tier"":""rotation"",""position_group"":""TE"",""zero_history_weight"":""0.1543"",""minor_history_weight"":""0.2888"",""moderate_history_weight"":""0.2578"",""major_history_weight"":""0.165"",""multiple_history_weight"":""0.1341"",""notes"":""Weights choose how many prior injury history rows to generate. Normalize after role/position filters.""}"
injuries,injury_history_frequency_by_pool_role_position.csv,injury_history_frequency_by_pool_role_position,runtime_tuning,301,OL,"{""player_pool"":""NFL_PRIME_VET"",""role_tier"":""rotation"",""position_group"":""OL"",""zero_history_weight"":""0.1543"",""minor_history_weight"":""0.2888"",""moderate_history_weight"":""0.2578"",""major_history_weight"":""0.165"",""multiple_history_weight"":""0.1341"",""notes"":""Weights choose how many prior injury history rows to generate. Normalize after role/position filters.""}"
injuries,injury_history_frequency_by_pool_role_position.csv,injury_history_frequency_by_pool_role_position,runtime_tuning,302,Front Seven,"{""player_pool"":""NFL_PRIME_VET"",""role_tier"":""rotation"",""position_group"":""Front Seven"",""zero_history_weight"":""0.1488"",""minor_history_weight"":""0.2907"",""moderate_history_weight"":""0.2595"",""major_history_weight"":""0.1661"",""multiple_history_weight"":""0.1349"",""notes"":""Weights choose how many prior injury history rows to generate. Normalize after role/position filters.""}"
injuries,injury_history_frequency_by_pool_role_position.csv,injury_history_frequency_by_pool_role_position,runtime_tuning,303,DB,"{""player_pool"":""NFL_PRIME_VET"",""role_tier"":""rotation"",""position_group"":""DB"",""zero_history_weight"":""0.1515"",""minor_history_weight"":""0.2897"",""moderate_history_weight"":""0.2587"",""major_history_weight"":""0.1656"",""multiple_history_weight"":""0.1345"",""notes"":""Weights choose how many prior injury history rows to generate. Normalize after role/position filters.""}"
injuries,injury_history_frequency_by_pool_role_position.csv,injury_history_frequency_by_pool_role_position,runtime_tuning,304,Specialist,"{""player_pool"":""NFL_PRIME_VET"",""role_tier"":""rotation"",""position_group"":""Specialist"",""zero_history_weight"":""0.2315"",""minor_history_weight"":""0.2624"",""moderate_history_weight"":""0.2343"",""major_history_weight"":""0.15"",""multiple_history_weight"":""0.1218"",""notes"":""Weights choose how many prior injury history rows to generate. Normalize after role/position filters.""}"
injuries,injury_history_frequency_by_pool_role_position.csv,injury_history_frequency_by_pool_role_position,runtime_tuning,305,QB,"{""player_pool"":""NFL_PRIME_VET"",""role_tier"":""depth"",""position_group"":""QB"",""zero_history_weight"":""0.1779"",""minor_history_weight"":""0.2807"",""moderate_history_weight"":""0.2507"",""major_history_weight"":""0.1604"",""multiple_history_weight"":""0.1303"",""notes"":""Weights choose how many prior injury history rows to generate. Normalize after role/position filters.""}"
injuries,injury_history_frequency_by_pool_role_position.csv,injury_history_frequency_by_pool_role_position,runtime_tuning,306,RB,"{""player_pool"":""NFL_PRIME_VET"",""role_tier"":""depth"",""position_group"":""RB"",""zero_history_weight"":""0.1283"",""minor_history_weight"":""0.2977"",""moderate_history_weight"":""0.2658"",""major_history_weight"":""0.1701"",""multiple_history_weight"":""0.1382"",""notes"":""Weights choose how many prior injury history rows to generate. Normalize after role/position filters.""}"
injuries,injury_history_frequency_by_pool_role_position.csv,injury_history_frequency_by_pool_role_position,runtime_tuning,307,WR,"{""player_pool"":""NFL_PRIME_VET"",""role_tier"":""depth"",""position_group"":""WR"",""zero_history_weight"":""0.1398"",""minor_history_weight"":""0.2937"",""moderate_history_weight"":""0.2623"",""major_history_weight"":""0.1679"",""multiple_history_weight"":""0.1364"",""notes"":""Weights choose how many prior injury history rows to generate. Normalize after role/position filters.""}"
injuries,injury_history_frequency_by_pool_role_position.csv,injury_history_frequency_by_pool_role_position,runtime_tuning,308,TE,"{""player_pool"":""NFL_PRIME_VET"",""role_tier"":""depth"",""position_group"":""TE"",""zero_history_weight"":""0.1449"",""minor_history_weight"":""0.292"",""moderate_history_weight"":""0.2607"",""major_history_weight"":""0.1668"",""multiple_history_weight"":""0.1356"",""notes"":""Weights choose how many prior injury history rows to generate. Normalize after role/position filters.""}"
injuries,injury_history_frequency_by_pool_role_position.csv,injury_history_frequency_by_pool_role_position,runtime_tuning,309,OL,"{""player_pool"":""NFL_PRIME_VET"",""role_tier"":""depth"",""position_group"":""OL"",""zero_history_weight"":""0.1449"",""minor_history_weight"":""0.292"",""moderate_history_weight"":""0.2607"",""major_history_weight"":""0.1668"",""multiple_history_weight"":""0.1356"",""notes"":""Weights choose how many prior injury history rows to generate. Normalize after role/position filters.""}"
injuries,injury_history_frequency_by_pool_role_position.csv,injury_history_frequency_by_pool_role_position,runtime_tuning,310,Front Seven,"{""player_pool"":""NFL_PRIME_VET"",""role_tier"":""depth"",""position_group"":""Front Seven"",""zero_history_weight"":""0.1398"",""minor_history_weight"":""0.2937"",""moderate_history_weight"":""0.2623"",""major_history_weight"":""0.1679"",""multiple_history_weight"":""0.1364"",""notes"":""Weights choose how many prior injury history rows to generate. Normalize after role/position filters.""}"
injuries,injury_history_frequency_by_pool_role_position.csv,injury_history_frequency_by_pool_role_position,runtime_tuning,311,DB,"{""player_pool"":""NFL_PRIME_VET"",""role_tier"":""depth"",""position_group"":""DB"",""zero_history_weight"":""0.1423"",""minor_history_weight"":""0.2929"",""moderate_history_weight"":""0.2615"",""major_history_weight"":""0.1674"",""multiple_history_weight"":""0.136"",""notes"":""Weights choose how many prior injury history rows to generate. Normalize after role/position filters.""}"
injuries,injury_history_frequency_by_pool_role_position.csv,injury_history_frequency_by_pool_role_position,runtime_tuning,312,Specialist,"{""player_pool"":""NFL_PRIME_VET"",""role_tier"":""depth"",""position_group"":""Specialist"",""zero_history_weight"":""0.2174"",""minor_history_weight"":""0.2672"",""moderate_history_weight"":""0.2386"",""major_history_weight"":""0.1527"",""multiple_history_weight"":""0.1241"",""notes"":""Weights choose how many prior injury history rows to generate. Normalize after role/position filters.""}"
injuries,injury_history_frequency_by_pool_role_position.csv,injury_history_frequency_by_pool_role_position,runtime_tuning,313,QB,"{""player_pool"":""NFL_PRIME_VET"",""role_tier"":""practice_developmental"",""position_group"":""QB"",""zero_history_weight"":""0.2153"",""minor_history_weight"":""0.2679"",""moderate_history_weight"":""0.2392"",""major_history_weight"":""0.1531"",""multiple_history_weight"":""0.1244"",""notes"":""Weights choose how many prior injury history rows to generate. Normalize after role/position filters.""}"
injuries,injury_history_frequency_by_pool_role_position.csv,injury_history_frequency_by_pool_role_position,runtime_tuning,314,RB,"{""player_pool"":""NFL_PRIME_VET"",""role_tier"":""practice_developmental"",""position_group"":""RB"",""zero_history_weight"":""0.1553"",""minor_history_weight"":""0.2884"",""moderate_history_weight"":""0.2575"",""major_history_weight"":""0.1648"",""multiple_history_weight"":""0.1339"",""notes"":""Weights choose how many prior injury history rows to generate. Normalize after role/position filters.""}"
injuries,injury_history_frequency_by_pool_role_position.csv,injury_history_frequency_by_pool_role_position,runtime_tuning,315,WR,"{""player_pool"":""NFL_PRIME_VET"",""role_tier"":""practice_developmental"",""position_group"":""WR"",""zero_history_weight"":""0.1692"",""minor_history_weight"":""0.2837"",""moderate_history_weight"":""0.2533"",""major_history_weight"":""0.1621"",""multiple_history_weight"":""0.1317"",""notes"":""Weights choose how many prior injury history rows to generate. Normalize after role/position filters.""}"
injuries,injury_history_frequency_by_pool_role_position.csv,injury_history_frequency_by_pool_role_position,runtime_tuning,316,TE,"{""player_pool"":""NFL_PRIME_VET"",""role_tier"":""practice_developmental"",""position_group"":""TE"",""zero_history_weight"":""0.1754"",""minor_history_weight"":""0.2816"",""moderate_history_weight"":""0.2514"",""major_history_weight"":""0.1609"",""multiple_history_weight"":""0.1307"",""notes"":""Weights choose how many prior injury history rows to generate. Normalize after role/position filters.""}"
injuries,injury_history_frequency_by_pool_role_position.csv,injury_history_frequency_by_pool_role_position,runtime_tuning,317,OL,"{""player_pool"":""NFL_PRIME_VET"",""role_tier"":""practice_developmental"",""position_group"":""OL"",""zero_history_weight"":""0.1754"",""minor_history_weight"":""0.2816"",""moderate_history_weight"":""0.2514"",""major_history_weight"":""0.1609"",""multiple_history_weight"":""0.1307"",""notes"":""Weights choose how many prior injury history rows to generate. Normalize after role/position filters.""}"
injuries,injury_history_frequency_by_pool_role_position.csv,injury_history_frequency_by_pool_role_position,runtime_tuning,318,Front Seven,"{""player_pool"":""NFL_PRIME_VET"",""role_tier"":""practice_developmental"",""position_group"":""Front Seven"",""zero_history_weight"":""0.1692"",""minor_history_weight"":""0.2837"",""moderate_history_weight"":""0.2533"",""major_history_weight"":""0.1621"",""multiple_history_weight"":""0.1317"",""notes"":""Weights choose how many prior injury history rows to generate. Normalize after role/position filters.""}"
injuries,injury_history_frequency_by_pool_role_position.csv,injury_history_frequency_by_pool_role_position,runtime_tuning,319,DB,"{""player_pool"":""NFL_PRIME_VET"",""role_tier"":""practice_developmental"",""position_group"":""DB"",""zero_history_weight"":""0.1722"",""minor_history_weight"":""0.2826"",""moderate_history_weight"":""0.2524"",""major_history_weight"":""0.1615"",""multiple_history_weight"":""0.1312"",""notes"":""Weights choose how many prior injury history rows to generate. Normalize after role/position filters.""}"
injuries,injury_history_frequency_by_pool_role_position.csv,injury_history_frequency_by_pool_role_position,runtime_tuning,320,Specialist,"{""player_pool"":""NFL_PRIME_VET"",""role_tier"":""practice_developmental"",""position_group"":""Specialist"",""zero_history_weight"":""0.2632"",""minor_history_weight"":""0.2516"",""moderate_history_weight"":""0.2246"",""major_history_weight"":""0.1438"",""multiple_history_weight"":""0.1168"",""notes"":""Weights choose how many prior injury history rows to generate. Normalize after role/position filters.""}"
injuries,injury_history_frequency_by_pool_role_position.csv,injury_history_frequency_by_pool_role_position,runtime_tuning,321,QB,"{""player_pool"":""NFL_OLD_VET"",""role_tier"":""elite_star"",""position_group"":""QB"",""zero_history_weight"":""0.1337"",""minor_history_weight"":""0.2118"",""moderate_history_weight"":""0.2406"",""major_history_weight"":""0.1925"",""multiple_history_weight"":""0.2214"",""notes"":""Weights choose how many prior injury history rows to generate. Normalize after role/position filters.""}"
injuries,injury_history_frequency_by_pool_role_position.csv,injury_history_frequency_by_pool_role_position,runtime_tuning,322,RB,"{""player_pool"":""NFL_OLD_VET"",""role_tier"":""elite_star"",""position_group"":""RB"",""zero_history_weight"":""0.0964"",""minor_history_weight"":""0.2209"",""moderate_history_weight"":""0.251"",""major_history_weight"":""0.2008"",""multiple_history_weight"":""0.2309"",""notes"":""Weights choose how many prior injury history rows to generate. Normalize after role/position filters.""}"
injuries,injury_history_frequency_by_pool_role_position.csv,injury_history_frequency_by_pool_role_position,runtime_tuning,323,WR,"{""player_pool"":""NFL_OLD_VET"",""role_tier"":""elite_star"",""position_group"":""WR"",""zero_history_weight"":""0.105"",""minor_history_weight"":""0.2188"",""moderate_history_weight"":""0.2486"",""major_history_weight"":""0.1989"",""multiple_history_weight"":""0.2287"",""notes"":""Weights choose how many prior injury history rows to generate. Normalize after role/position filters.""}"
injuries,injury_history_frequency_by_pool_role_position.csv,injury_history_frequency_by_pool_role_position,runtime_tuning,324,TE,"{""player_pool"":""NFL_OLD_VET"",""role_tier"":""elite_star"",""position_group"":""TE"",""zero_history_weight"":""0.1089"",""minor_history_weight"":""0.2178"",""moderate_history_weight"":""0.2475"",""major_history_weight"":""0.198"",""multiple_history_weight"":""0.2277"",""notes"":""Weights choose how many prior injury history rows to generate. Normalize after role/position filters.""}"
injuries,injury_history_frequency_by_pool_role_position.csv,injury_history_frequency_by_pool_role_position,runtime_tuning,325,OL,"{""player_pool"":""NFL_OLD_VET"",""role_tier"":""elite_star"",""position_group"":""OL"",""zero_history_weight"":""0.1089"",""minor_history_weight"":""0.2178"",""moderate_history_weight"":""0.2475"",""major_history_weight"":""0.198"",""multiple_history_weight"":""0.2277"",""notes"":""Weights choose how many prior injury history rows to generate. Normalize after role/position filters.""}"
injuries,injury_history_frequency_by_pool_role_position.csv,injury_history_frequency_by_pool_role_position,runtime_tuning,326,Front Seven,"{""player_pool"":""NFL_OLD_VET"",""role_tier"":""elite_star"",""position_group"":""Front Seven"",""zero_history_weight"":""0.105"",""minor_history_weight"":""0.2188"",""moderate_history_weight"":""0.2486"",""major_history_weight"":""0.1989"",""multiple_history_weight"":""0.2287"",""notes"":""Weights choose how many prior injury history rows to generate. Normalize after role/position filters.""}"
injuries,injury_history_frequency_by_pool_role_position.csv,injury_history_frequency_by_pool_role_position,runtime_tuning,327,DB,"{""player_pool"":""NFL_OLD_VET"",""role_tier"":""elite_star"",""position_group"":""DB"",""zero_history_weight"":""0.107"",""minor_history_weight"":""0.2183"",""moderate_history_weight"":""0.2481"",""major_history_weight"":""0.1985"",""multiple_history_weight"":""0.2282"",""notes"":""Weights choose how many prior injury history rows to generate. Normalize after role/position filters.""}"
injuries,injury_history_frequency_by_pool_role_position.csv,injury_history_frequency_by_pool_role_position,runtime_tuning,328,Specialist,"{""player_pool"":""NFL_OLD_VET"",""role_tier"":""elite_star"",""position_group"":""Specialist"",""zero_history_weight"":""0.1634"",""minor_history_weight"":""0.2045"",""moderate_history_weight"":""0.2324"",""major_history_weight"":""0.1859"",""multiple_history_weight"":""0.2138"",""notes"":""Weights choose how many prior injury history rows to generate. Normalize after role/position filters.""}"
injuries,injury_history_frequency_by_pool_role_position.csv,injury_history_frequency_by_pool_role_position,runtime_tuning,329,QB,"{""player_pool"":""NFL_OLD_VET"",""role_tier"":""starter"",""position_group"":""QB"",""zero_history_weight"":""0.1136"",""minor_history_weight"":""0.2167"",""moderate_history_weight"":""0.2462"",""major_history_weight"":""0.197"",""multiple_history_weight"":""0.2265"",""notes"":""Weights choose how many prior injury history rows to generate. Normalize after role/position filters.""}"
injuries,injury_history_frequency_by_pool_role_position.csv,injury_history_frequency_by_pool_role_position,runtime_tuning,330,RB,"{""player_pool"":""NFL_OLD_VET"",""role_tier"":""starter"",""position_group"":""RB"",""zero_history_weight"":""0.082"",""minor_history_weight"":""0.2244"",""moderate_history_weight"":""0.255"",""major_history_weight"":""0.204"",""multiple_history_weight"":""0.2346"",""notes"":""Weights choose how many prior injury history rows to generate. Normalize after role/position filters.""}"
injuries,injury_history_frequency_by_pool_role_position.csv,injury_history_frequency_by_pool_role_position,runtime_tuning,331,WR,"{""player_pool"":""NFL_OLD_VET"",""role_tier"":""starter"",""position_group"":""WR"",""zero_history_weight"":""0.0893"",""minor_history_weight"":""0.2226"",""moderate_history_weight"":""0.253"",""major_history_weight"":""0.2024"",""multiple_history_weight"":""0.2327"",""notes"":""Weights choose how many prior injury history rows to generate. Normalize after role/position filters.""}"
injuries,injury_history_frequency_by_pool_role_position.csv,injury_history_frequency_by_pool_role_position,runtime_tuning,332,TE,"{""player_pool"":""NFL_OLD_VET"",""role_tier"":""starter"",""position_group"":""TE"",""zero_history_weight"":""0.0926"",""minor_history_weight"":""0.2218"",""moderate_history_weight"":""0.2521"",""major_history_weight"":""0.2016"",""multiple_history_weight"":""0.2319"",""notes"":""Weights choose how many prior injury history rows to generate. Normalize after role/position filters.""}"
injuries,injury_history_frequency_by_pool_role_position.csv,injury_history_frequency_by_pool_role_position,runtime_tuning,333,OL,"{""player_pool"":""NFL_OLD_VET"",""role_tier"":""starter"",""position_group"":""OL"",""zero_history_weight"":""0.0926"",""minor_history_weight"":""0.2218"",""moderate_history_weight"":""0.2521"",""major_history_weight"":""0.2016"",""multiple_history_weight"":""0.2319"",""notes"":""Weights choose how many prior injury history rows to generate. Normalize after role/position filters.""}"
injuries,injury_history_frequency_by_pool_role_position.csv,injury_history_frequency_by_pool_role_position,runtime_tuning,334,Front Seven,"{""player_pool"":""NFL_OLD_VET"",""role_tier"":""starter"",""position_group"":""Front Seven"",""zero_history_weight"":""0.0893"",""minor_history_weight"":""0.2226"",""moderate_history_weight"":""0.253"",""major_history_weight"":""0.2024"",""multiple_history_weight"":""0.2327"",""notes"":""Weights choose how many prior injury history rows to generate. Normalize after role/position filters.""}"
injuries,injury_history_frequency_by_pool_role_position.csv,injury_history_frequency_by_pool_role_position,runtime_tuning,335,DB,"{""player_pool"":""NFL_OLD_VET"",""role_tier"":""starter"",""position_group"":""DB"",""zero_history_weight"":""0.0909"",""minor_history_weight"":""0.2222"",""moderate_history_weight"":""0.2525"",""major_history_weight"":""0.202"",""multiple_history_weight"":""0.2323"",""notes"":""Weights choose how many prior injury history rows to generate. Normalize after role/position filters.""}"
injuries,injury_history_frequency_by_pool_role_position.csv,injury_history_frequency_by_pool_role_position,runtime_tuning,336,Specialist,"{""player_pool"":""NFL_OLD_VET"",""role_tier"":""starter"",""position_group"":""Specialist"",""zero_history_weight"":""0.1389"",""minor_history_weight"":""0.2105"",""moderate_history_weight"":""0.2392"",""major_history_weight"":""0.1914"",""multiple_history_weight"":""0.2201"",""notes"":""Weights choose how many prior injury history rows to generate. Normalize after role/position filters.""}"
injuries,injury_history_frequency_by_pool_role_position.csv,injury_history_frequency_by_pool_role_position,runtime_tuning,337,QB,"{""player_pool"":""NFL_OLD_VET"",""role_tier"":""rotation"",""position_group"":""QB"",""zero_history_weight"":""0.1052"",""minor_history_weight"":""0.2187"",""moderate_history_weight"":""0.2486"",""major_history_weight"":""0.1988"",""multiple_history_weight"":""0.2287"",""notes"":""Weights choose how many prior injury history rows to generate. Normalize after role/position filters.""}"
injuries,injury_history_frequency_by_pool_role_position.csv,injury_history_frequency_by_pool_role_position,runtime_tuning,338,RB,"{""player_pool"":""NFL_OLD_VET"",""role_tier"":""rotation"",""position_group"":""RB"",""zero_history_weight"":""0.0759"",""minor_history_weight"":""0.2259"",""moderate_history_weight"":""0.2567"",""major_history_weight"":""0.2054"",""multiple_history_weight"":""0.2362"",""notes"":""Weights choose how many prior injury history rows to generate. Normalize after role/position filters.""}"
injuries,injury_history_frequency_by_pool_role_position.csv,injury_history_frequency_by_pool_role_position,runtime_tuning,339,WR,"{""player_pool"":""NFL_OLD_VET"",""role_tier"":""rotation"",""position_group"":""WR"",""zero_history_weight"":""0.0827"",""minor_history_weight"":""0.2242"",""moderate_history_weight"":""0.2548"",""major_history_weight"":""0.2039"",""multiple_history_weight"":""0.2344"",""notes"":""Weights choose how many prior injury history rows to generate. Normalize after role/position filters.""}"
injuries,injury_history_frequency_by_pool_role_position.csv,injury_history_frequency_by_pool_role_position,runtime_tuning,340,TE,"{""player_pool"":""NFL_OLD_VET"",""role_tier"":""rotation"",""position_group"":""TE"",""zero_history_weight"":""0.0857"",""minor_history_weight"":""0.2235"",""moderate_history_weight"":""0.254"",""major_history_weight"":""0.2032"",""multiple_history_weight"":""0.2336"",""notes"":""Weights choose how many prior injury history rows to generate. Normalize after role/position filters.""}"
injuries,injury_history_frequency_by_pool_role_position.csv,injury_history_frequency_by_pool_role_position,runtime_tuning,341,OL,"{""player_pool"":""NFL_OLD_VET"",""role_tier"":""rotation"",""position_group"":""OL"",""zero_history_weight"":""0.0857"",""minor_history_weight"":""0.2235"",""moderate_history_weight"":""0.254"",""major_history_weight"":""0.2032"",""multiple_history_weight"":""0.2336"",""notes"":""Weights choose how many prior injury history rows to generate. Normalize after role/position filters.""}"
injuries,injury_history_frequency_by_pool_role_position.csv,injury_history_frequency_by_pool_role_position,runtime_tuning,342,Front Seven,"{""player_pool"":""NFL_OLD_VET"",""role_tier"":""rotation"",""position_group"":""Front Seven"",""zero_history_weight"":""0.0827"",""minor_history_weight"":""0.2242"",""moderate_history_weight"":""0.2548"",""major_history_weight"":""0.2039"",""multiple_history_weight"":""0.2344"",""notes"":""Weights choose how many prior injury history rows to generate. Normalize after role/position filters.""}"
injuries,injury_history_frequency_by_pool_role_position.csv,injury_history_frequency_by_pool_role_position,runtime_tuning,343,DB,"{""player_pool"":""NFL_OLD_VET"",""role_tier"":""rotation"",""position_group"":""DB"",""zero_history_weight"":""0.0842"",""minor_history_weight"":""0.2239"",""moderate_history_weight"":""0.2544"",""major_history_weight"":""0.2035"",""multiple_history_weight"":""0.234"",""notes"":""Weights choose how many prior injury history rows to generate. Normalize after role/position filters.""}"
injuries,injury_history_frequency_by_pool_role_position.csv,injury_history_frequency_by_pool_role_position,runtime_tuning,344,Specialist,"{""player_pool"":""NFL_OLD_VET"",""role_tier"":""rotation"",""position_group"":""Specialist"",""zero_history_weight"":""0.1286"",""minor_history_weight"":""0.213"",""moderate_history_weight"":""0.2421"",""major_history_weight"":""0.1936"",""multiple_history_weight"":""0.2227"",""notes"":""Weights choose how many prior injury history rows to generate. Normalize after role/position filters.""}"
injuries,injury_history_frequency_by_pool_role_position.csv,injury_history_frequency_by_pool_role_position,runtime_tuning,345,QB,"{""player_pool"":""NFL_OLD_VET"",""role_tier"":""depth"",""position_group"":""QB"",""zero_history_weight"":""0.0988"",""minor_history_weight"":""0.2203"",""moderate_history_weight"":""0.2503"",""major_history_weight"":""0.2003"",""multiple_history_weight"":""0.2303"",""notes"":""Weights choose how many prior injury history rows to generate. Normalize after role/position filters.""}"
injuries,injury_history_frequency_by_pool_role_position.csv,injury_history_frequency_by_pool_role_position,runtime_tuning,346,RB,"{""player_pool"":""NFL_OLD_VET"",""role_tier"":""depth"",""position_group"":""RB"",""zero_history_weight"":""0.0713"",""minor_history_weight"":""0.227"",""moderate_history_weight"":""0.258"",""major_history_weight"":""0.2064"",""multiple_history_weight"":""0.2373"",""notes"":""Weights choose how many prior injury history rows to generate. Normalize after role/position filters.""}"
injuries,injury_history_frequency_by_pool_role_position.csv,injury_history_frequency_by_pool_role_position,runtime_tuning,347,WR,"{""player_pool"":""NFL_OLD_VET"",""role_tier"":""depth"",""position_group"":""WR"",""zero_history_weight"":""0.0776"",""minor_history_weight"":""0.2255"",""moderate_history_weight"":""0.2562"",""major_history_weight"":""0.205"",""multiple_history_weight"":""0.2357"",""notes"":""Weights choose how many prior injury history rows to generate. Normalize after role/position filters.""}"
injuries,injury_history_frequency_by_pool_role_position.csv,injury_history_frequency_by_pool_role_position,runtime_tuning,348,TE,"{""player_pool"":""NFL_OLD_VET"",""role_tier"":""depth"",""position_group"":""TE"",""zero_history_weight"":""0.0805"",""minor_history_weight"":""0.2248"",""moderate_history_weight"":""0.2554"",""major_history_weight"":""0.2043"",""multiple_history_weight"":""0.235"",""notes"":""Weights choose how many prior injury history rows to generate. Normalize after role/position filters.""}"
injuries,injury_history_frequency_by_pool_role_position.csv,injury_history_frequency_by_pool_role_position,runtime_tuning,349,OL,"{""player_pool"":""NFL_OLD_VET"",""role_tier"":""depth"",""position_group"":""OL"",""zero_history_weight"":""0.0805"",""minor_history_weight"":""0.2248"",""moderate_history_weight"":""0.2554"",""major_history_weight"":""0.2043"",""multiple_history_weight"":""0.235"",""notes"":""Weights choose how many prior injury history rows to generate. Normalize after role/position filters.""}"
injuries,injury_history_frequency_by_pool_role_position.csv,injury_history_frequency_by_pool_role_position,runtime_tuning,350,Front Seven,"{""player_pool"":""NFL_OLD_VET"",""role_tier"":""depth"",""position_group"":""Front Seven"",""zero_history_weight"":""0.0776"",""minor_history_weight"":""0.2255"",""moderate_history_weight"":""0.2562"",""major_history_weight"":""0.205"",""multiple_history_weight"":""0.2357"",""notes"":""Weights choose how many prior injury history rows to generate. Normalize after role/position filters.""}"
injuries,injury_history_frequency_by_pool_role_position.csv,injury_history_frequency_by_pool_role_position,runtime_tuning,351,DB,"{""player_pool"":""NFL_OLD_VET"",""role_tier"":""depth"",""position_group"":""DB"",""zero_history_weight"":""0.0791"",""minor_history_weight"":""0.2251"",""moderate_history_weight"":""0.2558"",""major_history_weight"":""0.2047"",""multiple_history_weight"":""0.2354"",""notes"":""Weights choose how many prior injury history rows to generate. Normalize after role/position filters.""}"
injuries,injury_history_frequency_by_pool_role_position.csv,injury_history_frequency_by_pool_role_position,runtime_tuning,352,Specialist,"{""player_pool"":""NFL_OLD_VET"",""role_tier"":""depth"",""position_group"":""Specialist"",""zero_history_weight"":""0.1208"",""minor_history_weight"":""0.2149"",""moderate_history_weight"":""0.2442"",""major_history_weight"":""0.1954"",""multiple_history_weight"":""0.2247"",""notes"":""Weights choose how many prior injury history rows to generate. Normalize after role/position filters.""}"
injuries,injury_history_frequency_by_pool_role_position.csv,injury_history_frequency_by_pool_role_position,runtime_tuning,353,QB,"{""player_pool"":""NFL_OLD_VET"",""role_tier"":""practice_developmental"",""position_group"":""QB"",""zero_history_weight"":""0.1196"",""minor_history_weight"":""0.2152"",""moderate_history_weight"":""0.2446"",""major_history_weight"":""0.1956"",""multiple_history_weight"":""0.225"",""notes"":""Weights choose how many prior injury history rows to generate. Normalize after role/position filters.""}"
injuries,injury_history_frequency_by_pool_role_position.csv,injury_history_frequency_by_pool_role_position,runtime_tuning,354,RB,"{""player_pool"":""NFL_OLD_VET"",""role_tier"":""practice_developmental"",""position_group"":""RB"",""zero_history_weight"":""0.0863"",""minor_history_weight"":""0.2234"",""moderate_history_weight"":""0.2538"",""major_history_weight"":""0.203"",""multiple_history_weight"":""0.2335"",""notes"":""Weights choose how many prior injury history rows to generate. Normalize after role/position filters.""}"
injuries,injury_history_frequency_by_pool_role_position.csv,injury_history_frequency_by_pool_role_position,runtime_tuning,355,WR,"{""player_pool"":""NFL_OLD_VET"",""role_tier"":""practice_developmental"",""position_group"":""WR"",""zero_history_weight"":""0.094"",""minor_history_weight"":""0.2215"",""moderate_history_weight"":""0.2517"",""major_history_weight"":""0.2013"",""multiple_history_weight"":""0.2315"",""notes"":""Weights choose how many prior injury history rows to generate. Normalize after role/position filters.""}"
injuries,injury_history_frequency_by_pool_role_position.csv,injury_history_frequency_by_pool_role_position,runtime_tuning,356,TE,"{""player_pool"":""NFL_OLD_VET"",""role_tier"":""practice_developmental"",""position_group"":""TE"",""zero_history_weight"":""0.0975"",""minor_history_weight"":""0.2206"",""moderate_history_weight"":""0.2507"",""major_history_weight"":""0.2006"",""multiple_history_weight"":""0.2306"",""notes"":""Weights choose how many prior injury history rows to generate. Normalize after role/position filters.""}"
injuries,injury_history_frequency_by_pool_role_position.csv,injury_history_frequency_by_pool_role_position,runtime_tuning,357,OL,"{""player_pool"":""NFL_OLD_VET"",""role_tier"":""practice_developmental"",""position_group"":""OL"",""zero_history_weight"":""0.0975"",""minor_history_weight"":""0.2206"",""moderate_history_weight"":""0.2507"",""major_history_weight"":""0.2006"",""multiple_history_weight"":""0.2306"",""notes"":""Weights choose how many prior injury history rows to generate. Normalize after role/position filters.""}"
injuries,injury_history_frequency_by_pool_role_position.csv,injury_history_frequency_by_pool_role_position,runtime_tuning,358,Front Seven,"{""player_pool"":""NFL_OLD_VET"",""role_tier"":""practice_developmental"",""position_group"":""Front Seven"",""zero_history_weight"":""0.094"",""minor_history_weight"":""0.2215"",""moderate_history_weight"":""0.2517"",""major_history_weight"":""0.2013"",""multiple_history_weight"":""0.2315"",""notes"":""Weights choose how many prior injury history rows to generate. Normalize after role/position filters.""}"
injuries,injury_history_frequency_by_pool_role_position.csv,injury_history_frequency_by_pool_role_position,runtime_tuning,359,DB,"{""player_pool"":""NFL_OLD_VET"",""role_tier"":""practice_developmental"",""position_group"":""DB"",""zero_history_weight"":""0.0957"",""minor_history_weight"":""0.2211"",""moderate_history_weight"":""0.2512"",""major_history_weight"":""0.201"",""multiple_history_weight"":""0.2311"",""notes"":""Weights choose how many prior injury history rows to generate. Normalize after role/position filters.""}"
injuries,injury_history_frequency_by_pool_role_position.csv,injury_history_frequency_by_pool_role_position,runtime_tuning,360,Specialist,"{""player_pool"":""NFL_OLD_VET"",""role_tier"":""practice_developmental"",""position_group"":""Specialist"",""zero_history_weight"":""0.1462"",""minor_history_weight"":""0.2087"",""moderate_history_weight"":""0.2372"",""major_history_weight"":""0.1897"",""multiple_history_weight"":""0.2182"",""notes"":""Weights choose how many prior injury history rows to generate. Normalize after role/position filters.""}"
injuries,injury_history_frequency_by_pool_role_position.csv,injury_history_frequency_by_pool_role_position,runtime_tuning,361,QB,"{""player_pool"":""NFL_FREE_AGENT"",""role_tier"":""elite_star"",""position_group"":""QB"",""zero_history_weight"":""0.2139"",""minor_history_weight"":""0.234"",""moderate_history_weight"":""0.234"",""major_history_weight"":""0.1591"",""multiple_history_weight"":""0.1591"",""notes"":""Weights choose how many prior injury history rows to generate. Normalize after role/position filters.""}"
injuries,injury_history_frequency_by_pool_role_position.csv,injury_history_frequency_by_pool_role_position,runtime_tuning,362,RB,"{""player_pool"":""NFL_FREE_AGENT"",""role_tier"":""elite_star"",""position_group"":""RB"",""zero_history_weight"":""0.1543"",""minor_history_weight"":""0.2517"",""moderate_history_weight"":""0.2517"",""major_history_weight"":""0.1712"",""multiple_history_weight"":""0.1712"",""notes"":""Weights choose how many prior injury history rows to generate. Normalize after role/position filters.""}"
injuries,injury_history_frequency_by_pool_role_position.csv,injury_history_frequency_by_pool_role_position,runtime_tuning,363,WR,"{""player_pool"":""NFL_FREE_AGENT"",""role_tier"":""elite_star"",""position_group"":""WR"",""zero_history_weight"":""0.1681"",""minor_history_weight"":""0.2476"",""moderate_history_weight"":""0.2476"",""major_history_weight"":""0.1684"",""multiple_history_weight"":""0.1684"",""notes"":""Weights choose how many prior injury history rows to generate. Normalize after role/position filters.""}"
injuries,injury_history_frequency_by_pool_role_position.csv,injury_history_frequency_by_pool_role_position,runtime_tuning,364,TE,"{""player_pool"":""NFL_FREE_AGENT"",""role_tier"":""elite_star"",""position_group"":""TE"",""zero_history_weight"":""0.1743"",""minor_history_weight"":""0.2457"",""moderate_history_weight"":""0.2457"",""major_history_weight"":""0.1671"",""multiple_history_weight"":""0.1671"",""notes"":""Weights choose how many prior injury history rows to generate. Normalize after role/position filters.""}"
injuries,injury_history_frequency_by_pool_role_position.csv,injury_history_frequency_by_pool_role_position,runtime_tuning,365,OL,"{""player_pool"":""NFL_FREE_AGENT"",""role_tier"":""elite_star"",""position_group"":""OL"",""zero_history_weight"":""0.1743"",""minor_history_weight"":""0.2457"",""moderate_history_weight"":""0.2457"",""major_history_weight"":""0.1671"",""multiple_history_weight"":""0.1671"",""notes"":""Weights choose how many prior injury history rows to generate. Normalize after role/position filters.""}"
injuries,injury_history_frequency_by_pool_role_position.csv,injury_history_frequency_by_pool_role_position,runtime_tuning,366,Front Seven,"{""player_pool"":""NFL_FREE_AGENT"",""role_tier"":""elite_star"",""position_group"":""Front Seven"",""zero_history_weight"":""0.1681"",""minor_history_weight"":""0.2476"",""moderate_history_weight"":""0.2476"",""major_history_weight"":""0.1684"",""multiple_history_weight"":""0.1684"",""notes"":""Weights choose how many prior injury history rows to generate. Normalize after role/position filters.""}"
injuries,injury_history_frequency_by_pool_role_position.csv,injury_history_frequency_by_pool_role_position,runtime_tuning,367,DB,"{""player_pool"":""NFL_FREE_AGENT"",""role_tier"":""elite_star"",""position_group"":""DB"",""zero_history_weight"":""0.1711"",""minor_history_weight"":""0.2467"",""moderate_history_weight"":""0.2467"",""major_history_weight"":""0.1677"",""multiple_history_weight"":""0.1677"",""notes"":""Weights choose how many prior injury history rows to generate. Normalize after role/position filters.""}"
injuries,injury_history_frequency_by_pool_role_position.csv,injury_history_frequency_by_pool_role_position,runtime_tuning,368,Specialist,"{""player_pool"":""NFL_FREE_AGENT"",""role_tier"":""elite_star"",""position_group"":""Specialist"",""zero_history_weight"":""0.2614"",""minor_history_weight"":""0.2198"",""moderate_history_weight"":""0.2198"",""major_history_weight"":""0.1495"",""multiple_history_weight"":""0.1495"",""notes"":""Weights choose how many prior injury history rows to generate. Normalize after role/position filters.""}"
injuries,injury_history_frequency_by_pool_role_position.csv,injury_history_frequency_by_pool_role_position,runtime_tuning,369,QB,"{""player_pool"":""NFL_FREE_AGENT"",""role_tier"":""starter"",""position_group"":""QB"",""zero_history_weight"":""0.1818"",""minor_history_weight"":""0.2435"",""moderate_history_weight"":""0.2435"",""major_history_weight"":""0.1656"",""multiple_history_weight"":""0.1656"",""notes"":""Weights choose how many prior injury history rows to generate. Normalize after role/position filters.""}"
injuries,injury_history_frequency_by_pool_role_position.csv,injury_history_frequency_by_pool_role_position,runtime_tuning,370,RB,"{""player_pool"":""NFL_FREE_AGENT"",""role_tier"":""starter"",""position_group"":""RB"",""zero_history_weight"":""0.1311"",""minor_history_weight"":""0.2586"",""moderate_history_weight"":""0.2586"",""major_history_weight"":""0.1758"",""multiple_history_weight"":""0.1758"",""notes"":""Weights choose how many prior injury history rows to generate. Normalize after role/position filters.""}"
injuries,injury_history_frequency_by_pool_role_position.csv,injury_history_frequency_by_pool_role_position,runtime_tuning,371,WR,"{""player_pool"":""NFL_FREE_AGENT"",""role_tier"":""starter"",""position_group"":""WR"",""zero_history_weight"":""0.1429"",""minor_history_weight"":""0.2551"",""moderate_history_weight"":""0.2551"",""major_history_weight"":""0.1735"",""multiple_history_weight"":""0.1735"",""notes"":""Weights choose how many prior injury history rows to generate. Normalize after role/position filters.""}"
injuries,injury_history_frequency_by_pool_role_position.csv,injury_history_frequency_by_pool_role_position,runtime_tuning,372,TE,"{""player_pool"":""NFL_FREE_AGENT"",""role_tier"":""starter"",""position_group"":""TE"",""zero_history_weight"":""0.1481"",""minor_history_weight"":""0.2535"",""moderate_history_weight"":""0.2535"",""major_history_weight"":""0.1724"",""multiple_history_weight"":""0.1724"",""notes"":""Weights choose how many prior injury history rows to generate. Normalize after role/position filters.""}"
injuries,injury_history_frequency_by_pool_role_position.csv,injury_history_frequency_by_pool_role_position,runtime_tuning,373,OL,"{""player_pool"":""NFL_FREE_AGENT"",""role_tier"":""starter"",""position_group"":""OL"",""zero_history_weight"":""0.1481"",""minor_history_weight"":""0.2535"",""moderate_history_weight"":""0.2535"",""major_history_weight"":""0.1724"",""multiple_history_weight"":""0.1724"",""notes"":""Weights choose how many prior injury history rows to generate. Normalize after role/position filters.""}"
injuries,injury_history_frequency_by_pool_role_position.csv,injury_history_frequency_by_pool_role_position,runtime_tuning,374,Front Seven,"{""player_pool"":""NFL_FREE_AGENT"",""role_tier"":""starter"",""position_group"":""Front Seven"",""zero_history_weight"":""0.1429"",""minor_history_weight"":""0.2551"",""moderate_history_weight"":""0.2551"",""major_history_weight"":""0.1735"",""multiple_history_weight"":""0.1735"",""notes"":""Weights choose how many prior injury history rows to generate. Normalize after role/position filters.""}"
injuries,injury_history_frequency_by_pool_role_position.csv,injury_history_frequency_by_pool_role_position,runtime_tuning,375,DB,"{""player_pool"":""NFL_FREE_AGENT"",""role_tier"":""starter"",""position_group"":""DB"",""zero_history_weight"":""0.1455"",""minor_history_weight"":""0.2543"",""moderate_history_weight"":""0.2543"",""major_history_weight"":""0.1729"",""multiple_history_weight"":""0.1729"",""notes"":""Weights choose how many prior injury history rows to generate. Normalize after role/position filters.""}"
injuries,injury_history_frequency_by_pool_role_position.csv,injury_history_frequency_by_pool_role_position,runtime_tuning,376,Specialist,"{""player_pool"":""NFL_FREE_AGENT"",""role_tier"":""starter"",""position_group"":""Specialist"",""zero_history_weight"":""0.2222"",""minor_history_weight"":""0.2315"",""moderate_history_weight"":""0.2315"",""major_history_weight"":""0.1574"",""multiple_history_weight"":""0.1574"",""notes"":""Weights choose how many prior injury history rows to generate. Normalize after role/position filters.""}"
injuries,injury_history_frequency_by_pool_role_position.csv,injury_history_frequency_by_pool_role_position,runtime_tuning,377,QB,"{""player_pool"":""NFL_FREE_AGENT"",""role_tier"":""rotation"",""position_group"":""QB"",""zero_history_weight"":""0.1684"",""minor_history_weight"":""0.2475"",""moderate_history_weight"":""0.2475"",""major_history_weight"":""0.1683"",""multiple_history_weight"":""0.1683"",""notes"":""Weights choose how many prior injury history rows to generate. Normalize after role/position filters.""}"
injuries,injury_history_frequency_by_pool_role_position.csv,injury_history_frequency_by_pool_role_position,runtime_tuning,378,RB,"{""player_pool"":""NFL_FREE_AGENT"",""role_tier"":""rotation"",""position_group"":""RB"",""zero_history_weight"":""0.1214"",""minor_history_weight"":""0.2615"",""moderate_history_weight"":""0.2615"",""major_history_weight"":""0.1778"",""multiple_history_weight"":""0.1778"",""notes"":""Weights choose how many prior injury history rows to generate. Normalize after role/position filters.""}"
injuries,injury_history_frequency_by_pool_role_position.csv,injury_history_frequency_by_pool_role_position,runtime_tuning,379,WR,"{""player_pool"":""NFL_FREE_AGENT"",""role_tier"":""rotation"",""position_group"":""WR"",""zero_history_weight"":""0.1323"",""minor_history_weight"":""0.2583"",""moderate_history_weight"":""0.2583"",""major_history_weight"":""0.1756"",""multiple_history_weight"":""0.1756"",""notes"":""Weights choose how many prior injury history rows to generate. Normalize after role/position filters.""}"
injuries,injury_history_frequency_by_pool_role_position.csv,injury_history_frequency_by_pool_role_position,runtime_tuning,380,TE,"{""player_pool"":""NFL_FREE_AGENT"",""role_tier"":""rotation"",""position_group"":""TE"",""zero_history_weight"":""0.1372"",""minor_history_weight"":""0.2568"",""moderate_history_weight"":""0.2568"",""major_history_weight"":""0.1746"",""multiple_history_weight"":""0.1746"",""notes"":""Weights choose how many prior injury history rows to generate. Normalize after role/position filters.""}"
injuries,injury_history_frequency_by_pool_role_position.csv,injury_history_frequency_by_pool_role_position,runtime_tuning,381,OL,"{""player_pool"":""NFL_FREE_AGENT"",""role_tier"":""rotation"",""position_group"":""OL"",""zero_history_weight"":""0.1372"",""minor_history_weight"":""0.2568"",""moderate_history_weight"":""0.2568"",""major_history_weight"":""0.1746"",""multiple_history_weight"":""0.1746"",""notes"":""Weights choose how many prior injury history rows to generate. Normalize after role/position filters.""}"
injuries,injury_history_frequency_by_pool_role_position.csv,injury_history_frequency_by_pool_role_position,runtime_tuning,382,Front Seven,"{""player_pool"":""NFL_FREE_AGENT"",""role_tier"":""rotation"",""position_group"":""Front Seven"",""zero_history_weight"":""0.1323"",""minor_history_weight"":""0.2583"",""moderate_history_weight"":""0.2583"",""major_history_weight"":""0.1756"",""multiple_history_weight"":""0.1756"",""notes"":""Weights choose how many prior injury history rows to generate. Normalize after role/position filters.""}"
injuries,injury_history_frequency_by_pool_role_position.csv,injury_history_frequency_by_pool_role_position,runtime_tuning,383,DB,"{""player_pool"":""NFL_FREE_AGENT"",""role_tier"":""rotation"",""position_group"":""DB"",""zero_history_weight"":""0.1347"",""minor_history_weight"":""0.2575"",""moderate_history_weight"":""0.2575"",""major_history_weight"":""0.1751"",""multiple_history_weight"":""0.1751"",""notes"":""Weights choose how many prior injury history rows to generate. Normalize after role/position filters.""}"
injuries,injury_history_frequency_by_pool_role_position.csv,injury_history_frequency_by_pool_role_position,runtime_tuning,384,Specialist,"{""player_pool"":""NFL_FREE_AGENT"",""role_tier"":""rotation"",""position_group"":""Specialist"",""zero_history_weight"":""0.2058"",""minor_history_weight"":""0.2364"",""moderate_history_weight"":""0.2364"",""major_history_weight"":""0.1607"",""multiple_history_weight"":""0.1607"",""notes"":""Weights choose how many prior injury history rows to generate. Normalize after role/position filters.""}"
injuries,injury_history_frequency_by_pool_role_position.csv,injury_history_frequency_by_pool_role_position,runtime_tuning,385,QB,"{""player_pool"":""NFL_FREE_AGENT"",""role_tier"":""depth"",""position_group"":""QB"",""zero_history_weight"":""0.1581"",""minor_history_weight"":""0.2506"",""moderate_history_weight"":""0.2506"",""major_history_weight"":""0.1704"",""multiple_history_weight"":""0.1704"",""notes"":""Weights choose how many prior injury history rows to generate. Normalize after role/position filters.""}"
injuries,injury_history_frequency_by_pool_role_position.csv,injury_history_frequency_by_pool_role_position,runtime_tuning,386,RB,"{""player_pool"":""NFL_FREE_AGENT"",""role_tier"":""depth"",""position_group"":""RB"",""zero_history_weight"":""0.114"",""minor_history_weight"":""0.2637"",""moderate_history_weight"":""0.2637"",""major_history_weight"":""0.1793"",""multiple_history_weight"":""0.1793"",""notes"":""Weights choose how many prior injury history rows to generate. Normalize after role/position filters.""}"
injuries,injury_history_frequency_by_pool_role_position.csv,injury_history_frequency_by_pool_role_position,runtime_tuning,387,WR,"{""player_pool"":""NFL_FREE_AGENT"",""role_tier"":""depth"",""position_group"":""WR"",""zero_history_weight"":""0.1242"",""minor_history_weight"":""0.2606"",""moderate_history_weight"":""0.2606"",""major_history_weight"":""0.1772"",""multiple_history_weight"":""0.1772"",""notes"":""Weights choose how many prior injury history rows to generate. Normalize after role/position filters.""}"
injuries,injury_history_frequency_by_pool_role_position.csv,injury_history_frequency_by_pool_role_position,runtime_tuning,388,TE,"{""player_pool"":""NFL_FREE_AGENT"",""role_tier"":""depth"",""position_group"":""TE"",""zero_history_weight"":""0.1288"",""minor_history_weight"":""0.2593"",""moderate_history_weight"":""0.2593"",""major_history_weight"":""0.1763"",""multiple_history_weight"":""0.1763"",""notes"":""Weights choose how many prior injury history rows to generate. Normalize after role/position filters.""}"
injuries,injury_history_frequency_by_pool_role_position.csv,injury_history_frequency_by_pool_role_position,runtime_tuning,389,OL,"{""player_pool"":""NFL_FREE_AGENT"",""role_tier"":""depth"",""position_group"":""OL"",""zero_history_weight"":""0.1288"",""minor_history_weight"":""0.2593"",""moderate_history_weight"":""0.2593"",""major_history_weight"":""0.1763"",""multiple_history_weight"":""0.1763"",""notes"":""Weights choose how many prior injury history rows to generate. Normalize after role/position filters.""}"
injuries,injury_history_frequency_by_pool_role_position.csv,injury_history_frequency_by_pool_role_position,runtime_tuning,390,Front Seven,"{""player_pool"":""NFL_FREE_AGENT"",""role_tier"":""depth"",""position_group"":""Front Seven"",""zero_history_weight"":""0.1242"",""minor_history_weight"":""0.2606"",""moderate_history_weight"":""0.2606"",""major_history_weight"":""0.1772"",""multiple_history_weight"":""0.1772"",""notes"":""Weights choose how many prior injury history rows to generate. Normalize after role/position filters.""}"
injuries,injury_history_frequency_by_pool_role_position.csv,injury_history_frequency_by_pool_role_position,runtime_tuning,391,DB,"{""player_pool"":""NFL_FREE_AGENT"",""role_tier"":""depth"",""position_group"":""DB"",""zero_history_weight"":""0.1265"",""minor_history_weight"":""0.26"",""moderate_history_weight"":""0.26"",""major_history_weight"":""0.1768"",""multiple_history_weight"":""0.1768"",""notes"":""Weights choose how many prior injury history rows to generate. Normalize after role/position filters.""}"
injuries,injury_history_frequency_by_pool_role_position.csv,injury_history_frequency_by_pool_role_position,runtime_tuning,392,Specialist,"{""player_pool"":""NFL_FREE_AGENT"",""role_tier"":""depth"",""position_group"":""Specialist"",""zero_history_weight"":""0.1932"",""minor_history_weight"":""0.2401"",""moderate_history_weight"":""0.2401"",""major_history_weight"":""0.1633"",""multiple_history_weight"":""0.1633"",""notes"":""Weights choose how many prior injury history rows to generate. Normalize after role/position filters.""}"
injuries,injury_history_frequency_by_pool_role_position.csv,injury_history_frequency_by_pool_role_position,runtime_tuning,393,QB,"{""player_pool"":""NFL_FREE_AGENT"",""role_tier"":""practice_developmental"",""position_group"":""QB"",""zero_history_weight"":""0.1914"",""minor_history_weight"":""0.2407"",""moderate_history_weight"":""0.2407"",""major_history_weight"":""0.1636"",""multiple_history_weight"":""0.1636"",""notes"":""Weights choose how many prior injury history rows to generate. Normalize after role/position filters.""}"
injuries,injury_history_frequency_by_pool_role_position.csv,injury_history_frequency_by_pool_role_position,runtime_tuning,394,RB,"{""player_pool"":""NFL_FREE_AGENT"",""role_tier"":""practice_developmental"",""position_group"":""RB"",""zero_history_weight"":""0.1381"",""minor_history_weight"":""0.2565"",""moderate_history_weight"":""0.2565"",""major_history_weight"":""0.1744"",""multiple_history_weight"":""0.1744"",""notes"":""Weights choose how many prior injury history rows to generate. Normalize after role/position filters.""}"
injuries,injury_history_frequency_by_pool_role_position.csv,injury_history_frequency_by_pool_role_position,runtime_tuning,395,WR,"{""player_pool"":""NFL_FREE_AGENT"",""role_tier"":""practice_developmental"",""position_group"":""WR"",""zero_history_weight"":""0.1504"",""minor_history_weight"":""0.2529"",""moderate_history_weight"":""0.2529"",""major_history_weight"":""0.1719"",""multiple_history_weight"":""0.1719"",""notes"":""Weights choose how many prior injury history rows to generate. Normalize after role/position filters.""}"
injuries,injury_history_frequency_by_pool_role_position.csv,injury_history_frequency_by_pool_role_position,runtime_tuning,396,TE,"{""player_pool"":""NFL_FREE_AGENT"",""role_tier"":""practice_developmental"",""position_group"":""TE"",""zero_history_weight"":""0.1559"",""minor_history_weight"":""0.2512"",""moderate_history_weight"":""0.2512"",""major_history_weight"":""0.1708"",""multiple_history_weight"":""0.1708"",""notes"":""Weights choose how many prior injury history rows to generate. Normalize after role/position filters.""}"
injuries,injury_history_frequency_by_pool_role_position.csv,injury_history_frequency_by_pool_role_position,runtime_tuning,397,OL,"{""player_pool"":""NFL_FREE_AGENT"",""role_tier"":""practice_developmental"",""position_group"":""OL"",""zero_history_weight"":""0.1559"",""minor_history_weight"":""0.2512"",""moderate_history_weight"":""0.2512"",""major_history_weight"":""0.1708"",""multiple_history_weight"":""0.1708"",""notes"":""Weights choose how many prior injury history rows to generate. Normalize after role/position filters.""}"
injuries,injury_history_frequency_by_pool_role_position.csv,injury_history_frequency_by_pool_role_position,runtime_tuning,398,Front Seven,"{""player_pool"":""NFL_FREE_AGENT"",""role_tier"":""practice_developmental"",""position_group"":""Front Seven"",""zero_history_weight"":""0.1504"",""minor_history_weight"":""0.2529"",""moderate_history_weight"":""0.2529"",""major_history_weight"":""0.1719"",""multiple_history_weight"":""0.1719"",""notes"":""Weights choose how many prior injury history rows to generate. Normalize after role/position filters.""}"
injuries,injury_history_frequency_by_pool_role_position.csv,injury_history_frequency_by_pool_role_position,runtime_tuning,399,DB,"{""player_pool"":""NFL_FREE_AGENT"",""role_tier"":""practice_developmental"",""position_group"":""DB"",""zero_history_weight"":""0.1531"",""minor_history_weight"":""0.2521"",""moderate_history_weight"":""0.2521"",""major_history_weight"":""0.1714"",""multiple_history_weight"":""0.1714"",""notes"":""Weights choose how many prior injury history rows to generate. Normalize after role/position filters.""}"
injuries,injury_history_frequency_by_pool_role_position.csv,injury_history_frequency_by_pool_role_position,runtime_tuning,400,Specialist,"{""player_pool"":""NFL_FREE_AGENT"",""role_tier"":""practice_developmental"",""position_group"":""Specialist"",""zero_history_weight"":""0.2339"",""minor_history_weight"":""0.228"",""moderate_history_weight"":""0.228"",""major_history_weight"":""0.155"",""multiple_history_weight"":""0.155"",""notes"":""Weights choose how many prior injury history rows to generate. Normalize after role/position filters.""}"
injuries,injury_history_frequency_by_pool_role_position.csv,injury_history_frequency_by_pool_role_position,runtime_tuning,401,QB,"{""player_pool"":""NFL_PRACTICE_SQUAD"",""role_tier"":""elite_star"",""position_group"":""QB"",""zero_history_weight"":""0.4813"",""minor_history_weight"":""0.2431"",""moderate_history_weight"":""0.1621"",""major_history_weight"":""0.0648"",""multiple_history_weight"":""0.0486"",""notes"":""Weights choose how many prior injury history rows to generate. Normalize after role/position filters.""}"
injuries,injury_history_frequency_by_pool_role_position.csv,injury_history_frequency_by_pool_role_position,runtime_tuning,402,RB,"{""player_pool"":""NFL_PRACTICE_SQUAD"",""role_tier"":""elite_star"",""position_group"":""RB"",""zero_history_weight"":""0.3472"",""minor_history_weight"":""0.306"",""moderate_history_weight"":""0.204"",""major_history_weight"":""0.0816"",""multiple_history_weight"":""0.0612"",""notes"":""Weights choose how many prior injury history rows to generate. Normalize after role/position filters.""}"
injuries,injury_history_frequency_by_pool_role_position.csv,injury_history_frequency_by_pool_role_position,runtime_tuning,403,WR,"{""player_pool"":""NFL_PRACTICE_SQUAD"",""role_tier"":""elite_star"",""position_group"":""WR"",""zero_history_weight"":""0.3782"",""minor_history_weight"":""0.2915"",""moderate_history_weight"":""0.1943"",""major_history_weight"":""0.0777"",""multiple_history_weight"":""0.0583"",""notes"":""Weights choose how many prior injury history rows to generate. Normalize after role/position filters.""}"
injuries,injury_history_frequency_by_pool_role_position.csv,injury_history_frequency_by_pool_role_position,runtime_tuning,404,TE,"{""player_pool"":""NFL_PRACTICE_SQUAD"",""role_tier"":""elite_star"",""position_group"":""TE"",""zero_history_weight"":""0.3922"",""minor_history_weight"":""0.2849"",""moderate_history_weight"":""0.19"",""major_history_weight"":""0.076"",""multiple_history_weight"":""0.057"",""notes"":""Weights choose how many prior injury history rows to generate. Normalize after role/position filters.""}"
injuries,injury_history_frequency_by_pool_role_position.csv,injury_history_frequency_by_pool_role_position,runtime_tuning,405,OL,"{""player_pool"":""NFL_PRACTICE_SQUAD"",""role_tier"":""elite_star"",""position_group"":""OL"",""zero_history_weight"":""0.3922"",""minor_history_weight"":""0.2849"",""moderate_history_weight"":""0.19"",""major_history_weight"":""0.076"",""multiple_history_weight"":""0.057"",""notes"":""Weights choose how many prior injury history rows to generate. Normalize after role/position filters.""}"
injuries,injury_history_frequency_by_pool_role_position.csv,injury_history_frequency_by_pool_role_position,runtime_tuning,406,Front Seven,"{""player_pool"":""NFL_PRACTICE_SQUAD"",""role_tier"":""elite_star"",""position_group"":""Front Seven"",""zero_history_weight"":""0.3782"",""minor_history_weight"":""0.2915"",""moderate_history_weight"":""0.1943"",""major_history_weight"":""0.0777"",""multiple_history_weight"":""0.0583"",""notes"":""Weights choose how many prior injury history rows to generate. Normalize after role/position filters.""}"
injuries,injury_history_frequency_by_pool_role_position.csv,injury_history_frequency_by_pool_role_position,runtime_tuning,407,DB,"{""player_pool"":""NFL_PRACTICE_SQUAD"",""role_tier"":""elite_star"",""position_group"":""DB"",""zero_history_weight"":""0.385"",""minor_history_weight"":""0.2883"",""moderate_history_weight"":""0.1922"",""major_history_weight"":""0.0769"",""multiple_history_weight"":""0.0577"",""notes"":""Weights choose how many prior injury history rows to generate. Normalize after role/position filters.""}"
injuries,injury_history_frequency_by_pool_role_position.csv,injury_history_frequency_by_pool_role_position,runtime_tuning,408,Specialist,"{""player_pool"":""NFL_PRACTICE_SQUAD"",""role_tier"":""elite_star"",""position_group"":""Specialist"",""zero_history_weight"":""0.5882"",""minor_history_weight"":""0.193"",""moderate_history_weight"":""0.1287"",""major_history_weight"":""0.0515"",""multiple_history_weight"":""0.0386"",""notes"":""Weights choose how many prior injury history rows to generate. Normalize after role/position filters.""}"
injuries,injury_history_frequency_by_pool_role_position.csv,injury_history_frequency_by_pool_role_position,runtime_tuning,409,QB,"{""player_pool"":""NFL_PRACTICE_SQUAD"",""role_tier"":""starter"",""position_group"":""QB"",""zero_history_weight"":""0.4091"",""minor_history_weight"":""0.277"",""moderate_history_weight"":""0.1847"",""major_history_weight"":""0.0739"",""multiple_history_weight"":""0.0554"",""notes"":""Weights choose how many prior injury history rows to generate. Normalize after role/position filters.""}"
injuries,injury_history_frequency_by_pool_role_position.csv,injury_history_frequency_by_pool_role_position,runtime_tuning,410,RB,"{""player_pool"":""NFL_PRACTICE_SQUAD"",""role_tier"":""starter"",""position_group"":""RB"",""zero_history_weight"":""0.2951"",""minor_history_weight"":""0.3304"",""moderate_history_weight"":""0.2203"",""major_history_weight"":""0.0881"",""multiple_history_weight"":""0.0661"",""notes"":""Weights choose how many prior injury history rows to generate. Normalize after role/position filters.""}"
injuries,injury_history_frequency_by_pool_role_position.csv,injury_history_frequency_by_pool_role_position,runtime_tuning,411,WR,"{""player_pool"":""NFL_PRACTICE_SQUAD"",""role_tier"":""starter"",""position_group"":""WR"",""zero_history_weight"":""0.3214"",""minor_history_weight"":""0.3181"",""moderate_history_weight"":""0.2121"",""major_history_weight"":""0.0848"",""multiple_history_weight"":""0.0636"",""notes"":""Weights choose how many prior injury history rows to generate. Normalize after role/position filters.""}"
injuries,injury_history_frequency_by_pool_role_position.csv,injury_history_frequency_by_pool_role_position,runtime_tuning,412,TE,"{""player_pool"":""NFL_PRACTICE_SQUAD"",""role_tier"":""starter"",""position_group"":""TE"",""zero_history_weight"":""0.3333"",""minor_history_weight"":""0.3125"",""moderate_history_weight"":""0.2083"",""major_history_weight"":""0.0833"",""multiple_history_weight"":""0.0625"",""notes"":""Weights choose how many prior injury history rows to generate. Normalize after role/position filters.""}"
injuries,injury_history_frequency_by_pool_role_position.csv,injury_history_frequency_by_pool_role_position,runtime_tuning,413,OL,"{""player_pool"":""NFL_PRACTICE_SQUAD"",""role_tier"":""starter"",""position_group"":""OL"",""zero_history_weight"":""0.3333"",""minor_history_weight"":""0.3125"",""moderate_history_weight"":""0.2083"",""major_history_weight"":""0.0833"",""multiple_history_weight"":""0.0625"",""notes"":""Weights choose how many prior injury history rows to generate. Normalize after role/position filters.""}"
injuries,injury_history_frequency_by_pool_role_position.csv,injury_history_frequency_by_pool_role_position,runtime_tuning,414,Front Seven,"{""player_pool"":""NFL_PRACTICE_SQUAD"",""role_tier"":""starter"",""position_group"":""Front Seven"",""zero_history_weight"":""0.3214"",""minor_history_weight"":""0.3181"",""moderate_history_weight"":""0.2121"",""major_history_weight"":""0.0848"",""multiple_history_weight"":""0.0636"",""notes"":""Weights choose how many prior injury history rows to generate. Normalize after role/position filters.""}"
injuries,injury_history_frequency_by_pool_role_position.csv,injury_history_frequency_by_pool_role_position,runtime_tuning,415,DB,"{""player_pool"":""NFL_PRACTICE_SQUAD"",""role_tier"":""starter"",""position_group"":""DB"",""zero_history_weight"":""0.3273"",""minor_history_weight"":""0.3153"",""moderate_history_weight"":""0.2102"",""major_history_weight"":""0.0841"",""multiple_history_weight"":""0.0631"",""notes"":""Weights choose how many prior injury history rows to generate. Normalize after role/position filters.""}"
injuries,injury_history_frequency_by_pool_role_position.csv,injury_history_frequency_by_pool_role_position,runtime_tuning,416,Specialist,"{""player_pool"":""NFL_PRACTICE_SQUAD"",""role_tier"":""starter"",""position_group"":""Specialist"",""zero_history_weight"":""0.5"",""minor_history_weight"":""0.2344"",""moderate_history_weight"":""0.1562"",""major_history_weight"":""0.0625"",""multiple_history_weight"":""0.0469"",""notes"":""Weights choose how many prior injury history rows to generate. Normalize after role/position filters.""}"
injuries,injury_history_frequency_by_pool_role_position.csv,injury_history_frequency_by_pool_role_position,runtime_tuning,417,QB,"{""player_pool"":""NFL_PRACTICE_SQUAD"",""role_tier"":""rotation"",""position_group"":""QB"",""zero_history_weight"":""0.3788"",""minor_history_weight"":""0.2912"",""moderate_history_weight"":""0.1941"",""major_history_weight"":""0.0777"",""multiple_history_weight"":""0.0582"",""notes"":""Weights choose how many prior injury history rows to generate. Normalize after role/position filters.""}"
injuries,injury_history_frequency_by_pool_role_position.csv,injury_history_frequency_by_pool_role_position,runtime_tuning,418,RB,"{""player_pool"":""NFL_PRACTICE_SQUAD"",""role_tier"":""rotation"",""position_group"":""RB"",""zero_history_weight"":""0.2732"",""minor_history_weight"":""0.3407"",""moderate_history_weight"":""0.2271"",""major_history_weight"":""0.0908"",""multiple_history_weight"":""0.0681"",""notes"":""Weights choose how many prior injury history rows to generate. Normalize after role/position filters.""}"
injuries,injury_history_frequency_by_pool_role_position.csv,injury_history_frequency_by_pool_role_position,runtime_tuning,419,WR,"{""player_pool"":""NFL_PRACTICE_SQUAD"",""role_tier"":""rotation"",""position_group"":""WR"",""zero_history_weight"":""0.2976"",""minor_history_weight"":""0.3292"",""moderate_history_weight"":""0.2195"",""major_history_weight"":""0.0878"",""multiple_history_weight"":""0.0658"",""notes"":""Weights choose how many prior injury history rows to generate. Normalize after role/position filters.""}"
injuries,injury_history_frequency_by_pool_role_position.csv,injury_history_frequency_by_pool_role_position,runtime_tuning,420,TE,"{""player_pool"":""NFL_PRACTICE_SQUAD"",""role_tier"":""rotation"",""position_group"":""TE"",""zero_history_weight"":""0.3086"",""minor_history_weight"":""0.3241"",""moderate_history_weight"":""0.216"",""major_history_weight"":""0.0864"",""multiple_history_weight"":""0.0648"",""notes"":""Weights choose how many prior injury history rows to generate. Normalize after role/position filters.""}"
injuries,injury_history_frequency_by_pool_role_position.csv,injury_history_frequency_by_pool_role_position,runtime_tuning,421,OL,"{""player_pool"":""NFL_PRACTICE_SQUAD"",""role_tier"":""rotation"",""position_group"":""OL"",""zero_history_weight"":""0.3086"",""minor_history_weight"":""0.3241"",""moderate_history_weight"":""0.216"",""major_history_weight"":""0.0864"",""multiple_history_weight"":""0.0648"",""notes"":""Weights choose how many prior injury history rows to generate. Normalize after role/position filters.""}"
injuries,injury_history_frequency_by_pool_role_position.csv,injury_history_frequency_by_pool_role_position,runtime_tuning,422,Front Seven,"{""player_pool"":""NFL_PRACTICE_SQUAD"",""role_tier"":""rotation"",""position_group"":""Front Seven"",""zero_history_weight"":""0.2976"",""minor_history_weight"":""0.3292"",""moderate_history_weight"":""0.2195"",""major_history_weight"":""0.0878"",""multiple_history_weight"":""0.0658"",""notes"":""Weights choose how many prior injury history rows to generate. Normalize after role/position filters.""}"
injuries,injury_history_frequency_by_pool_role_position.csv,injury_history_frequency_by_pool_role_position,runtime_tuning,423,DB,"{""player_pool"":""NFL_PRACTICE_SQUAD"",""role_tier"":""rotation"",""position_group"":""DB"",""zero_history_weight"":""0.303"",""minor_history_weight"":""0.3267"",""moderate_history_weight"":""0.2178"",""major_history_weight"":""0.0871"",""multiple_history_weight"":""0.0653"",""notes"":""Weights choose how many prior injury history rows to generate. Normalize after role/position filters.""}"
injuries,injury_history_frequency_by_pool_role_position.csv,injury_history_frequency_by_pool_role_position,runtime_tuning,424,Specialist,"{""player_pool"":""NFL_PRACTICE_SQUAD"",""role_tier"":""rotation"",""position_group"":""Specialist"",""zero_history_weight"":""0.463"",""minor_history_weight"":""0.2517"",""moderate_history_weight"":""0.1678"",""major_history_weight"":""0.0671"",""multiple_history_weight"":""0.0503"",""notes"":""Weights choose how many prior injury history rows to generate. Normalize after role/position filters.""}"
injuries,injury_history_frequency_by_pool_role_position.csv,injury_history_frequency_by_pool_role_position,runtime_tuning,425,QB,"{""player_pool"":""NFL_PRACTICE_SQUAD"",""role_tier"":""depth"",""position_group"":""QB"",""zero_history_weight"":""0.3557"",""minor_history_weight"":""0.302"",""moderate_history_weight"":""0.2013"",""major_history_weight"":""0.0805"",""multiple_history_weight"":""0.0604"",""notes"":""Weights choose how many prior injury history rows to generate. Normalize after role/position filters.""}"
injuries,injury_history_frequency_by_pool_role_position.csv,injury_history_frequency_by_pool_role_position,runtime_tuning,426,RB,"{""player_pool"":""NFL_PRACTICE_SQUAD"",""role_tier"":""depth"",""position_group"":""RB"",""zero_history_weight"":""0.2566"",""minor_history_weight"":""0.3485"",""moderate_history_weight"":""0.2323"",""major_history_weight"":""0.0929"",""multiple_history_weight"":""0.0697"",""notes"":""Weights choose how many prior injury history rows to generate. Normalize after role/position filters.""}"
injuries,injury_history_frequency_by_pool_role_position.csv,injury_history_frequency_by_pool_role_position,runtime_tuning,427,WR,"{""player_pool"":""NFL_PRACTICE_SQUAD"",""role_tier"":""depth"",""position_group"":""WR"",""zero_history_weight"":""0.2795"",""minor_history_weight"":""0.3377"",""moderate_history_weight"":""0.2252"",""major_history_weight"":""0.0901"",""multiple_history_weight"":""0.0675"",""notes"":""Weights choose how many prior injury history rows to generate. Normalize after role/position filters.""}"
injuries,injury_history_frequency_by_pool_role_position.csv,injury_history_frequency_by_pool_role_position,runtime_tuning,428,TE,"{""player_pool"":""NFL_PRACTICE_SQUAD"",""role_tier"":""depth"",""position_group"":""TE"",""zero_history_weight"":""0.2899"",""minor_history_weight"":""0.3329"",""moderate_history_weight"":""0.2219"",""major_history_weight"":""0.0888"",""multiple_history_weight"":""0.0666"",""notes"":""Weights choose how many prior injury history rows to generate. Normalize after role/position filters.""}"
injuries,injury_history_frequency_by_pool_role_position.csv,injury_history_frequency_by_pool_role_position,runtime_tuning,429,OL,"{""player_pool"":""NFL_PRACTICE_SQUAD"",""role_tier"":""depth"",""position_group"":""OL"",""zero_history_weight"":""0.2899"",""minor_history_weight"":""0.3329"",""moderate_history_weight"":""0.2219"",""major_history_weight"":""0.0888"",""multiple_history_weight"":""0.0666"",""notes"":""Weights choose how many prior injury history rows to generate. Normalize after role/position filters.""}"
injuries,injury_history_frequency_by_pool_role_position.csv,injury_history_frequency_by_pool_role_position,runtime_tuning,430,Front Seven,"{""player_pool"":""NFL_PRACTICE_SQUAD"",""role_tier"":""depth"",""position_group"":""Front Seven"",""zero_history_weight"":""0.2795"",""minor_history_weight"":""0.3377"",""moderate_history_weight"":""0.2252"",""major_history_weight"":""0.0901"",""multiple_history_weight"":""0.0675"",""notes"":""Weights choose how many prior injury history rows to generate. Normalize after role/position filters.""}"
injuries,injury_history_frequency_by_pool_role_position.csv,injury_history_frequency_by_pool_role_position,runtime_tuning,431,DB,"{""player_pool"":""NFL_PRACTICE_SQUAD"",""role_tier"":""depth"",""position_group"":""DB"",""zero_history_weight"":""0.2846"",""minor_history_weight"":""0.3354"",""moderate_history_weight"":""0.2236"",""major_history_weight"":""0.0894"",""multiple_history_weight"":""0.0671"",""notes"":""Weights choose how many prior injury history rows to generate. Normalize after role/position filters.""}"
injuries,injury_history_frequency_by_pool_role_position.csv,injury_history_frequency_by_pool_role_position,runtime_tuning,432,Specialist,"{""player_pool"":""NFL_PRACTICE_SQUAD"",""role_tier"":""depth"",""position_group"":""Specialist"",""zero_history_weight"":""0.4348"",""minor_history_weight"":""0.2649"",""moderate_history_weight"":""0.1766"",""major_history_weight"":""0.0707"",""multiple_history_weight"":""0.053"",""notes"":""Weights choose how many prior injury history rows to generate. Normalize after role/position filters.""}"
injuries,injury_history_frequency_by_pool_role_position.csv,injury_history_frequency_by_pool_role_position,runtime_tuning,433,QB,"{""player_pool"":""NFL_PRACTICE_SQUAD"",""role_tier"":""practice_developmental"",""position_group"":""QB"",""zero_history_weight"":""0.4306"",""minor_history_weight"":""0.2669"",""moderate_history_weight"":""0.1779"",""major_history_weight"":""0.0712"",""multiple_history_weight"":""0.0534"",""notes"":""Weights choose how many prior injury history rows to generate. Normalize after role/position filters.""}"
injuries,injury_history_frequency_by_pool_role_position.csv,injury_history_frequency_by_pool_role_position,runtime_tuning,434,RB,"{""player_pool"":""NFL_PRACTICE_SQUAD"",""role_tier"":""practice_developmental"",""position_group"":""RB"",""zero_history_weight"":""0.3106"",""minor_history_weight"":""0.3232"",""moderate_history_weight"":""0.2154"",""major_history_weight"":""0.0862"",""multiple_history_weight"":""0.0646"",""notes"":""Weights choose how many prior injury history rows to generate. Normalize after role/position filters.""}"
injuries,injury_history_frequency_by_pool_role_position.csv,injury_history_frequency_by_pool_role_position,runtime_tuning,435,WR,"{""player_pool"":""NFL_PRACTICE_SQUAD"",""role_tier"":""practice_developmental"",""position_group"":""WR"",""zero_history_weight"":""0.3383"",""minor_history_weight"":""0.3102"",""moderate_history_weight"":""0.2068"",""major_history_weight"":""0.0827"",""multiple_history_weight"":""0.062"",""notes"":""Weights choose how many prior injury history rows to generate. Normalize after role/position filters.""}"
injuries,injury_history_frequency_by_pool_role_position.csv,injury_history_frequency_by_pool_role_position,runtime_tuning,436,TE,"{""player_pool"":""NFL_PRACTICE_SQUAD"",""role_tier"":""practice_developmental"",""position_group"":""TE"",""zero_history_weight"":""0.3509"",""minor_history_weight"":""0.3043"",""moderate_history_weight"":""0.2029"",""major_history_weight"":""0.0811"",""multiple_history_weight"":""0.0609"",""notes"":""Weights choose how many prior injury history rows to generate. Normalize after role/position filters.""}"
injuries,injury_history_frequency_by_pool_role_position.csv,injury_history_frequency_by_pool_role_position,runtime_tuning,437,OL,"{""player_pool"":""NFL_PRACTICE_SQUAD"",""role_tier"":""practice_developmental"",""position_group"":""OL"",""zero_history_weight"":""0.3509"",""minor_history_weight"":""0.3043"",""moderate_history_weight"":""0.2029"",""major_history_weight"":""0.0811"",""multiple_history_weight"":""0.0609"",""notes"":""Weights choose how many prior injury history rows to generate. Normalize after role/position filters.""}"
injuries,injury_history_frequency_by_pool_role_position.csv,injury_history_frequency_by_pool_role_position,runtime_tuning,438,Front Seven,"{""player_pool"":""NFL_PRACTICE_SQUAD"",""role_tier"":""practice_developmental"",""position_group"":""Front Seven"",""zero_history_weight"":""0.3383"",""minor_history_weight"":""0.3102"",""moderate_history_weight"":""0.2068"",""major_history_weight"":""0.0827"",""multiple_history_weight"":""0.062"",""notes"":""Weights choose how many prior injury history rows to generate. Normalize after role/position filters.""}"
injuries,injury_history_frequency_by_pool_role_position.csv,injury_history_frequency_by_pool_role_position,runtime_tuning,439,DB,"{""player_pool"":""NFL_PRACTICE_SQUAD"",""role_tier"":""practice_developmental"",""position_group"":""DB"",""zero_history_weight"":""0.3445"",""minor_history_weight"":""0.3073"",""moderate_history_weight"":""0.2048"",""major_history_weight"":""0.0819"",""multiple_history_weight"":""0.0615"",""notes"":""Weights choose how many prior injury history rows to generate. Normalize after role/position filters.""}"
injuries,injury_history_frequency_by_pool_role_position.csv,injury_history_frequency_by_pool_role_position,runtime_tuning,440,Specialist,"{""player_pool"":""NFL_PRACTICE_SQUAD"",""role_tier"":""practice_developmental"",""position_group"":""Specialist"",""zero_history_weight"":""0.5263"",""minor_history_weight"":""0.222"",""moderate_history_weight"":""0.148"",""major_history_weight"":""0.0592"",""multiple_history_weight"":""0.0444"",""notes"":""Weights choose how many prior injury history rows to generate. Normalize after role/position filters.""}"
injuries,injury_history_generation_algorithm.csv,injury_history_generation_algorithm,algorithm,1,injury_history_generation_algorithm:1,"{""step_order"":""1"",""step_id"":""select_history_frequency"",""description"":""Filter injury_history_frequency_by_pool_role_position by pool, role, and position group; normalize weights; choose zero/minor/moderate/major/multiple history bucket.""}"
injuries,injury_history_generation_algorithm.csv,injury_history_generation_algorithm,algorithm,2,injury_history_generation_algorithm:2,"{""step_order"":""2"",""step_id"":""choose_event_count"",""description"":""Convert selected bucket into exact count: zero=0, minor/moderate/major=1, multiple=2-4 weighted by age/experience.""}"
injuries,injury_history_generation_algorithm.csv,injury_history_generation_algorithm,algorithm,3,injury_history_generation_algorithm:3,"{""step_order"":""3"",""step_id"":""place_career_phase"",""description"":""Use injury_history_phase_placement_weights to place each event into high school, college, rookie contract, prime contract, or late career.""}"
injuries,injury_history_generation_algorithm.csv,injury_history_generation_algorithm,algorithm,4,injury_history_generation_algorithm:4,"{""step_order"":""4"",""step_id"":""choose_injury_family"",""description"":""Use injury_body_region_position_risk_weights by current or historical position group.""}"
injuries,injury_history_generation_algorithm.csv,injury_history_generation_algorithm,algorithm,5,injury_history_generation_algorithm:5,"{""step_order"":""5"",""step_id"":""choose_severity"",""description"":""Use injury_severity_distribution_by_family, with selected bucket acting as severity floor/ceiling.""}"
injuries,injury_history_generation_algorithm.csv,injury_history_generation_algorithm,algorithm,6,injury_history_generation_algorithm:6,"{""step_order"":""6"",""step_id"":""assign_missed_time_status"",""description"":""Apply injury_missed_time_rules and injury_status_mapping_rules for games missed, redshirt, IR/PUP/NFI, or limited status.""}"
injuries,injury_history_generation_algorithm.csv,injury_history_generation_algorithm,algorithm,7,injury_history_generation_algorithm:7,"{""step_order"":""7"",""step_id"":""apply_development_backfill"",""description"":""Apply injury_development_impact_rules only to the affected career phase and downstream seasons.""}"
injuries,injury_history_generation_algorithm.csv,injury_history_generation_algorithm,algorithm,8,injury_history_generation_algorithm:8,"{""step_order"":""8"",""step_id"":""apply_rating_backfill"",""description"":""Apply injury_rating_impact_rules cautiously; most minor/moderate injuries should not leave permanent penalties.""}"
injuries,injury_history_generation_algorithm.csv,injury_history_generation_algorithm,algorithm,9,injury_history_generation_algorithm:9,"{""step_order"":""9"",""step_id"":""update_medical_risk"",""description"":""Apply injury_recurrence_risk_rules and draft/contract medical flag rules.""}"
injuries,injury_history_generation_algorithm.csv,injury_history_generation_algorithm,algorithm,10,injury_history_generation_algorithm:10,"{""step_order"":""10"",""step_id"":""generate_visibility"",""description"":""Use injury_medical_scouting_visibility_rules to create evaluator-specific visible medical info.""}"
injuries,injury_history_generation_algorithm.csv,injury_history_generation_algorithm,algorithm,11,injury_history_generation_algorithm:11,"{""step_order"":""11"",""step_id"":""write_history"",""description"":""Use injury_history_narrative_rules to create visible detailed history rows.""}"
injuries,injury_history_generation_algorithm.csv,injury_history_generation_algorithm,algorithm,12,injury_history_generation_algorithm:12,"{""step_order"":""12"",""step_id"":""validate_balance"",""description"":""Check injury_history_balance_targets and emit debug warnings; do not auto-delete player unless validation is critical.""}"
injuries,injury_history_generation_examples.csv,injury_history_generation_examples,example,1,RB,"{""example_id"":""college_star_acl_recovery"",""player_pool"":""COLLEGE_DRAFT_PROSPECT"",""position"":""RB"",""injury_family_id"":""ACL"",""severity_tier"":""major"",""history_summary"":""Tore ACL as sophomore, missed most of season, returned as junior with reduced burst but strong production."",""expected_effect"":""Adds medical flag, small permanent acceleration/agility penalty, narrows some teams draft grade.""}"
injuries,injury_history_generation_examples.csv,injury_history_generation_examples,example,2,EDGE,"{""example_id"":""nfl_old_vet_achilles_decline"",""player_pool"":""NFL_OLD_VET"",""position"":""EDGE"",""injury_family_id"":""ACHILLES"",""severity_tier"":""career_medical_flag"",""history_summary"":""Achilles rupture in age-31 season caused late-career role transition from every-down rusher to rotational pass rusher."",""expected_effect"":""High medical risk, acceleration/explosiveness penalty, contract guarantee discount.""}"
injuries,injury_history_generation_examples.csv,injury_history_generation_examples,example,3,WR,"{""example_id"":""transfer_wr_hamstring"",""player_pool"":""COLLEGE_UPPERCLASS"",""position"":""WR"",""injury_family_id"":""HAMSTRING"",""severity_tier"":""moderate"",""history_summary"":""Recurring hamstring issues limited snaps and contributed to transfer for a fresh role."",""expected_effect"":""Moderate recurrence risk, scouting uncertainty, no major permanent rating penalty.""}"
injuries,injury_history_generation_examples.csv,injury_history_generation_examples,example,4,QB,"{""example_id"":""qb_shoulder_scouting_split"",""player_pool"":""COLLEGE_DRAFT_PROSPECT"",""position"":""QB"",""injury_family_id"":""SHOULDER"",""severity_tier"":""major"",""history_summary"":""Missed six games after throwing-shoulder injury; some NFL teams are more comfortable than others."",""expected_effect"":""Team-specific medical visibility and throw-power/accuracy uncertainty.""}"
injuries,injury_history_generation_examples.csv,injury_history_generation_examples,example,5,S,"{""example_id"":""freshman_concussion_history"",""player_pool"":""COLLEGE_FRESHMAN"",""position"":""S"",""injury_family_id"":""CONCUSSION"",""severity_tier"":""moderate"",""history_summary"":""Had documented high school concussion; college staff monitors contact workload."",""expected_effect"":""Visible to some schools, durability/medical flag slight increase, no direct ability penalty.""}"
injuries,injury_history_narrative_rules.csv,injury_history_narrative_rules,rule,1,injury_history_narrative_rules:1,"{""injury_family_id"":""CONCUSSION"",""minor_template"":""Missed limited time with concussion; no lasting concern."",""moderate_template"":""Lost multiple games to concussion; medical staff still tracks recurrence risk."",""major_template"":""Had a major concussion episode that shaped development and availability."",""career_flag_template"":""Carries a long-term medical flag from concussion; durability and market value affected."",""notes"":""Use deterministic template selection with player/team/season variation.""}"
injuries,injury_history_narrative_rules.csv,injury_history_narrative_rules,rule,2,injury_history_narrative_rules:2,"{""injury_family_id"":""ACL"",""minor_template"":""Missed limited time with acl_tear; no lasting concern."",""moderate_template"":""Lost multiple games to acl_tear; medical staff still tracks recurrence risk."",""major_template"":""Had a major acl_tear episode that shaped development and availability."",""career_flag_template"":""Carries a long-term medical flag from acl_tear; durability and market value affected."",""notes"":""Use deterministic template selection with player/team/season variation.""}"
injuries,injury_history_narrative_rules.csv,injury_history_narrative_rules,rule,3,injury_history_narrative_rules:3,"{""injury_family_id"":""MCL"",""minor_template"":""Missed limited time with mcl_sprain; no lasting concern."",""moderate_template"":""Lost multiple games to mcl_sprain; medical staff still tracks recurrence risk."",""major_template"":""Had a major mcl_sprain episode that shaped development and availability."",""career_flag_template"":""Carries a long-term medical flag from mcl_sprain; durability and market value affected."",""notes"":""Use deterministic template selection with player/team/season variation.""}"
injuries,injury_history_narrative_rules.csv,injury_history_narrative_rules,rule,4,injury_history_narrative_rules:4,"{""injury_family_id"":""MENISCUS"",""minor_template"":""Missed limited time with meniscus; no lasting concern."",""moderate_template"":""Lost multiple games to meniscus; medical staff still tracks recurrence risk."",""major_template"":""Had a major meniscus episode that shaped development and availability."",""career_flag_template"":""Carries a long-term medical flag from meniscus; durability and market value affected."",""notes"":""Use deterministic template selection with player/team/season variation.""}"
injuries,injury_history_narrative_rules.csv,injury_history_narrative_rules,rule,5,injury_history_narrative_rules:5,"{""injury_family_id"":""ACHILLES"",""minor_template"":""Missed limited time with achilles_rupture; no lasting concern."",""moderate_template"":""Lost multiple games to achilles_rupture; medical staff still tracks recurrence risk."",""major_template"":""Had a major achilles_rupture episode that shaped development and availability."",""career_flag_template"":""Carries a long-term medical flag from achilles_rupture; durability and market value affected."",""notes"":""Use deterministic template selection with player/team/season variation.""}"
injuries,injury_history_narrative_rules.csv,injury_history_narrative_rules,rule,6,injury_history_narrative_rules:6,"{""injury_family_id"":""HAMSTRING"",""minor_template"":""Missed limited time with hamstring_strain; no lasting concern."",""moderate_template"":""Lost multiple games to hamstring_strain; medical staff still tracks recurrence risk."",""major_template"":""Had a major hamstring_strain episode that shaped development and availability."",""career_flag_template"":""Carries a long-term medical flag from hamstring_strain; durability and market value affected."",""notes"":""Use deterministic template selection with player/team/season variation.""}"
injuries,injury_history_narrative_rules.csv,injury_history_narrative_rules,rule,7,injury_history_narrative_rules:7,"{""injury_family_id"":""GROIN"",""minor_template"":""Missed limited time with groin_hip_strain; no lasting concern."",""moderate_template"":""Lost multiple games to groin_hip_strain; medical staff still tracks recurrence risk."",""major_template"":""Had a major groin_hip_strain episode that shaped development and availability."",""career_flag_template"":""Carries a long-term medical flag from groin_hip_strain; durability and market value affected."",""notes"":""Use deterministic template selection with player/team/season variation.""}"
injuries,injury_history_narrative_rules.csv,injury_history_narrative_rules,rule,8,injury_history_narrative_rules:8,"{""injury_family_id"":""ANKLE"",""minor_template"":""Missed limited time with ankle_sprain; no lasting concern."",""moderate_template"":""Lost multiple games to ankle_sprain; medical staff still tracks recurrence risk."",""major_template"":""Had a major ankle_sprain episode that shaped development and availability."",""career_flag_template"":""Carries a long-term medical flag from ankle_sprain; durability and market value affected."",""notes"":""Use deterministic template selection with player/team/season variation.""}"
injuries,injury_history_narrative_rules.csv,injury_history_narrative_rules,rule,9,injury_history_narrative_rules:9,"{""injury_family_id"":""HIGH_ANKLE"",""minor_template"":""Missed limited time with high_ankle_sprain; no lasting concern."",""moderate_template"":""Lost multiple games to high_ankle_sprain; medical staff still tracks recurrence risk."",""major_template"":""Had a major high_ankle_sprain episode that shaped development and availability."",""career_flag_template"":""Carries a long-term medical flag from high_ankle_sprain; durability and market value affected."",""notes"":""Use deterministic template selection with player/team/season variation.""}"
injuries,injury_history_narrative_rules.csv,injury_history_narrative_rules,rule,10,injury_history_narrative_rules:10,"{""injury_family_id"":""FOOT"",""minor_template"":""Missed limited time with foot_fracture_lisfranc; no lasting concern."",""moderate_template"":""Lost multiple games to foot_fracture_lisfranc; medical staff still tracks recurrence risk."",""major_template"":""Had a major foot_fracture_lisfranc episode that shaped development and availability."",""career_flag_template"":""Carries a long-term medical flag from foot_fracture_lisfranc; durability and market value affected."",""notes"":""Use deterministic template selection with player/team/season variation.""}"
injuries,injury_history_narrative_rules.csv,injury_history_narrative_rules,rule,11,injury_history_narrative_rules:11,"{""injury_family_id"":""SHOULDER"",""minor_template"":""Missed limited time with shoulder_labrum_ac; no lasting concern."",""moderate_template"":""Lost multiple games to shoulder_labrum_ac; medical staff still tracks recurrence risk."",""major_template"":""Had a major shoulder_labrum_ac episode that shaped development and availability."",""career_flag_template"":""Carries a long-term medical flag from shoulder_labrum_ac; durability and market value affected."",""notes"":""Use deterministic template selection with player/team/season variation.""}"
injuries,injury_history_narrative_rules.csv,injury_history_narrative_rules,rule,12,injury_history_narrative_rules:12,"{""injury_family_id"":""ELBOW"",""minor_template"":""Missed limited time with elbow_arm; no lasting concern."",""moderate_template"":""Lost multiple games to elbow_arm; medical staff still tracks recurrence risk."",""major_template"":""Had a major elbow_arm episode that shaped development and availability."",""career_flag_template"":""Carries a long-term medical flag from elbow_arm; durability and market value affected."",""notes"":""Use deterministic template selection with player/team/season variation.""}"
injuries,injury_history_narrative_rules.csv,injury_history_narrative_rules,rule,13,injury_history_narrative_rules:13,"{""injury_family_id"":""HAND_WRIST"",""minor_template"":""Missed limited time with hand_wrist_fracture; no lasting concern."",""moderate_template"":""Lost multiple games to hand_wrist_fracture; medical staff still tracks recurrence risk."",""major_template"":""Had a major hand_wrist_fracture episode that shaped development and availability."",""career_flag_template"":""Carries a long-term medical flag from hand_wrist_fracture; durability and market value affected."",""notes"":""Use deterministic template selection with player/team/season variation.""}"
injuries,injury_history_narrative_rules.csv,injury_history_narrative_rules,rule,14,injury_history_narrative_rules:14,"{""injury_family_id"":""RIB_CHEST"",""minor_template"":""Missed limited time with rib_chest; no lasting concern."",""moderate_template"":""Lost multiple games to rib_chest; medical staff still tracks recurrence risk."",""major_template"":""Had a major rib_chest episode that shaped development and availability."",""career_flag_template"":""Carries a long-term medical flag from rib_chest; durability and market value affected."",""notes"":""Use deterministic template selection with player/team/season variation.""}"
injuries,injury_history_narrative_rules.csv,injury_history_narrative_rules,rule,15,injury_history_narrative_rules:15,"{""injury_family_id"":""BACK"",""minor_template"":""Missed limited time with back_spasm_disc; no lasting concern."",""moderate_template"":""Lost multiple games to back_spasm_disc; medical staff still tracks recurrence risk."",""major_template"":""Had a major back_spasm_disc episode that shaped development and availability."",""career_flag_template"":""Carries a long-term medical flag from back_spasm_disc; durability and market value affected."",""notes"":""Use deterministic template selection with player/team/season variation.""}"
injuries,injury_history_narrative_rules.csv,injury_history_narrative_rules,rule,16,injury_history_narrative_rules:16,"{""injury_family_id"":""STINGER"",""minor_template"":""Missed limited time with stinger_burner; no lasting concern."",""moderate_template"":""Lost multiple games to stinger_burner; medical staff still tracks recurrence risk."",""major_template"":""Had a major stinger_burner episode that shaped development and availability."",""career_flag_template"":""Carries a long-term medical flag from stinger_burner; durability and market value affected."",""notes"":""Use deterministic template selection with player/team/season variation.""}"
injuries,injury_history_narrative_rules.csv,injury_history_narrative_rules,rule,17,injury_history_narrative_rules:17,"{""injury_family_id"":""QUAD_CALF"",""minor_template"":""Missed limited time with quad_calf_strain; no lasting concern."",""moderate_template"":""Lost multiple games to quad_calf_strain; medical staff still tracks recurrence risk."",""major_template"":""Had a major quad_calf_strain episode that shaped development and availability."",""career_flag_template"":""Carries a long-term medical flag from quad_calf_strain; durability and market value affected."",""notes"":""Use deterministic template selection with player/team/season variation.""}"
injuries,injury_history_narrative_rules.csv,injury_history_narrative_rules,rule,18,injury_history_narrative_rules:18,"{""injury_family_id"":""ILLNESS_NONFOOTBALL"",""minor_template"":""Missed limited time with illness_nonfootball; no lasting concern."",""moderate_template"":""Lost multiple games to illness_nonfootball; medical staff still tracks recurrence risk."",""major_template"":""Had a major illness_nonfootball episode that shaped development and availability."",""career_flag_template"":""Carries a long-term medical flag from illness_nonfootball; durability and market value affected."",""notes"":""Use deterministic template selection with player/team/season variation.""}"
injuries,injury_history_phase_placement_weights.csv,injury_history_phase_placement_weights,weight_distribution,1,injury_history_phase_placement_weights:1,"{""player_pool"":""HS_RECRUIT"",""career_phase"":""high_school"",""relative_weight"":""0.26667"",""notes"":""Places historical injury row into reconstructed player history.""}"
injuries,injury_history_phase_placement_weights.csv,injury_history_phase_placement_weights,weight_distribution,2,injury_history_phase_placement_weights:2,"{""player_pool"":""HS_RECRUIT"",""career_phase"":""college_year_1"",""relative_weight"":""0.14667"",""notes"":""Places historical injury row into reconstructed player history.""}"
injuries,injury_history_phase_placement_weights.csv,injury_history_phase_placement_weights,weight_distribution,3,injury_history_phase_placement_weights:3,"{""player_pool"":""HS_RECRUIT"",""career_phase"":""college_year_2"",""relative_weight"":""0.14667"",""notes"":""Places historical injury row into reconstructed player history.""}"
injuries,injury_history_phase_placement_weights.csv,injury_history_phase_placement_weights,weight_distribution,4,injury_history_phase_placement_weights:4,"{""player_pool"":""HS_RECRUIT"",""career_phase"":""college_year_3"",""relative_weight"":""0.14667"",""notes"":""Places historical injury row into reconstructed player history.""}"
injuries,injury_history_phase_placement_weights.csv,injury_history_phase_placement_weights,weight_distribution,5,injury_history_phase_placement_weights:5,"{""player_pool"":""HS_RECRUIT"",""career_phase"":""college_year_4"",""relative_weight"":""0.14667"",""notes"":""Places historical injury row into reconstructed player history.""}"
injuries,injury_history_phase_placement_weights.csv,injury_history_phase_placement_weights,weight_distribution,6,injury_history_phase_placement_weights:6,"{""player_pool"":""HS_RECRUIT"",""career_phase"":""college_year_5"",""relative_weight"":""0.14667"",""notes"":""Places historical injury row into reconstructed player history.""}"
injuries,injury_history_phase_placement_weights.csv,injury_history_phase_placement_weights,weight_distribution,7,injury_history_phase_placement_weights:7,"{""player_pool"":""COLLEGE_FRESHMAN"",""career_phase"":""high_school"",""relative_weight"":""0.03509"",""notes"":""Places historical injury row into reconstructed player history.""}"
injuries,injury_history_phase_placement_weights.csv,injury_history_phase_placement_weights,weight_distribution,8,injury_history_phase_placement_weights:8,"{""player_pool"":""COLLEGE_FRESHMAN"",""career_phase"":""college_year_1"",""relative_weight"":""0.19298"",""notes"":""Places historical injury row into reconstructed player history.""}"
injuries,injury_history_phase_placement_weights.csv,injury_history_phase_placement_weights,weight_distribution,9,injury_history_phase_placement_weights:9,"{""player_pool"":""COLLEGE_FRESHMAN"",""career_phase"":""college_year_2"",""relative_weight"":""0.19298"",""notes"":""Places historical injury row into reconstructed player history.""}"
injuries,injury_history_phase_placement_weights.csv,injury_history_phase_placement_weights,weight_distribution,10,injury_history_phase_placement_weights:10,"{""player_pool"":""COLLEGE_FRESHMAN"",""career_phase"":""college_year_3"",""relative_weight"":""0.19298"",""notes"":""Places historical injury row into reconstructed player history.""}"
injuries,injury_history_phase_placement_weights.csv,injury_history_phase_placement_weights,weight_distribution,11,injury_history_phase_placement_weights:11,"{""player_pool"":""COLLEGE_FRESHMAN"",""career_phase"":""college_year_4"",""relative_weight"":""0.19298"",""notes"":""Places historical injury row into reconstructed player history.""}"
injuries,injury_history_phase_placement_weights.csv,injury_history_phase_placement_weights,weight_distribution,12,injury_history_phase_placement_weights:12,"{""player_pool"":""COLLEGE_FRESHMAN"",""career_phase"":""college_year_5"",""relative_weight"":""0.19298"",""notes"":""Places historical injury row into reconstructed player history.""}"
injuries,injury_history_phase_placement_weights.csv,injury_history_phase_placement_weights,weight_distribution,13,injury_history_phase_placement_weights:13,"{""player_pool"":""COLLEGE_UNDERCLASS"",""career_phase"":""high_school"",""relative_weight"":""0.03509"",""notes"":""Places historical injury row into reconstructed player history.""}"
injuries,injury_history_phase_placement_weights.csv,injury_history_phase_placement_weights,weight_distribution,14,injury_history_phase_placement_weights:14,"{""player_pool"":""COLLEGE_UNDERCLASS"",""career_phase"":""college_year_1"",""relative_weight"":""0.19298"",""notes"":""Places historical injury row into reconstructed player history.""}"
injuries,injury_history_phase_placement_weights.csv,injury_history_phase_placement_weights,weight_distribution,15,injury_history_phase_placement_weights:15,"{""player_pool"":""COLLEGE_UNDERCLASS"",""career_phase"":""college_year_2"",""relative_weight"":""0.19298"",""notes"":""Places historical injury row into reconstructed player history.""}"
injuries,injury_history_phase_placement_weights.csv,injury_history_phase_placement_weights,weight_distribution,16,injury_history_phase_placement_weights:16,"{""player_pool"":""COLLEGE_UNDERCLASS"",""career_phase"":""college_year_3"",""relative_weight"":""0.19298"",""notes"":""Places historical injury row into reconstructed player history.""}"
injuries,injury_history_phase_placement_weights.csv,injury_history_phase_placement_weights,weight_distribution,17,injury_history_phase_placement_weights:17,"{""player_pool"":""COLLEGE_UNDERCLASS"",""career_phase"":""college_year_4"",""relative_weight"":""0.19298"",""notes"":""Places historical injury row into reconstructed player history.""}"
injuries,injury_history_phase_placement_weights.csv,injury_history_phase_placement_weights,weight_distribution,18,injury_history_phase_placement_weights:18,"{""player_pool"":""COLLEGE_UNDERCLASS"",""career_phase"":""college_year_5"",""relative_weight"":""0.19298"",""notes"":""Places historical injury row into reconstructed player history.""}"
injuries,injury_history_phase_placement_weights.csv,injury_history_phase_placement_weights,weight_distribution,19,injury_history_phase_placement_weights:19,"{""player_pool"":""COLLEGE_UPPERCLASS"",""career_phase"":""high_school"",""relative_weight"":""0.03509"",""notes"":""Places historical injury row into reconstructed player history.""}"
injuries,injury_history_phase_placement_weights.csv,injury_history_phase_placement_weights,weight_distribution,20,injury_history_phase_placement_weights:20,"{""player_pool"":""COLLEGE_UPPERCLASS"",""career_phase"":""college_year_1"",""relative_weight"":""0.19298"",""notes"":""Places historical injury row into reconstructed player history.""}"
injuries,injury_history_phase_placement_weights.csv,injury_history_phase_placement_weights,weight_distribution,21,injury_history_phase_placement_weights:21,"{""player_pool"":""COLLEGE_UPPERCLASS"",""career_phase"":""college_year_2"",""relative_weight"":""0.19298"",""notes"":""Places historical injury row into reconstructed player history.""}"
injuries,injury_history_phase_placement_weights.csv,injury_history_phase_placement_weights,weight_distribution,22,injury_history_phase_placement_weights:22,"{""player_pool"":""COLLEGE_UPPERCLASS"",""career_phase"":""college_year_3"",""relative_weight"":""0.19298"",""notes"":""Places historical injury row into reconstructed player history.""}"
injuries,injury_history_phase_placement_weights.csv,injury_history_phase_placement_weights,weight_distribution,23,injury_history_phase_placement_weights:23,"{""player_pool"":""COLLEGE_UPPERCLASS"",""career_phase"":""college_year_4"",""relative_weight"":""0.19298"",""notes"":""Places historical injury row into reconstructed player history.""}"
injuries,injury_history_phase_placement_weights.csv,injury_history_phase_placement_weights,weight_distribution,24,injury_history_phase_placement_weights:24,"{""player_pool"":""COLLEGE_UPPERCLASS"",""career_phase"":""college_year_5"",""relative_weight"":""0.19298"",""notes"":""Places historical injury row into reconstructed player history.""}"
injuries,injury_history_phase_placement_weights.csv,injury_history_phase_placement_weights,weight_distribution,25,injury_history_phase_placement_weights:25,"{""player_pool"":""COLLEGE_DRAFT_PROSPECT"",""career_phase"":""high_school"",""relative_weight"":""0.03509"",""notes"":""Places historical injury row into reconstructed player history.""}"
injuries,injury_history_phase_placement_weights.csv,injury_history_phase_placement_weights,weight_distribution,26,injury_history_phase_placement_weights:26,"{""player_pool"":""COLLEGE_DRAFT_PROSPECT"",""career_phase"":""college_year_1"",""relative_weight"":""0.19298"",""notes"":""Places historical injury row into reconstructed player history.""}"
injuries,injury_history_phase_placement_weights.csv,injury_history_phase_placement_weights,weight_distribution,27,injury_history_phase_placement_weights:27,"{""player_pool"":""COLLEGE_DRAFT_PROSPECT"",""career_phase"":""college_year_2"",""relative_weight"":""0.19298"",""notes"":""Places historical injury row into reconstructed player history.""}"
injuries,injury_history_phase_placement_weights.csv,injury_history_phase_placement_weights,weight_distribution,28,injury_history_phase_placement_weights:28,"{""player_pool"":""COLLEGE_DRAFT_PROSPECT"",""career_phase"":""college_year_3"",""relative_weight"":""0.19298"",""notes"":""Places historical injury row into reconstructed player history.""}"
injuries,injury_history_phase_placement_weights.csv,injury_history_phase_placement_weights,weight_distribution,29,injury_history_phase_placement_weights:29,"{""player_pool"":""COLLEGE_DRAFT_PROSPECT"",""career_phase"":""college_year_4"",""relative_weight"":""0.19298"",""notes"":""Places historical injury row into reconstructed player history.""}"
injuries,injury_history_phase_placement_weights.csv,injury_history_phase_placement_weights,weight_distribution,30,injury_history_phase_placement_weights:30,"{""player_pool"":""COLLEGE_DRAFT_PROSPECT"",""career_phase"":""college_year_5"",""relative_weight"":""0.19298"",""notes"":""Places historical injury row into reconstructed player history.""}"
injuries,injury_history_phase_placement_weights.csv,injury_history_phase_placement_weights,weight_distribution,31,injury_history_phase_placement_weights:31,"{""player_pool"":""NFL_ROOKIE"",""career_phase"":""high_school"",""relative_weight"":""0.07246"",""notes"":""Places historical injury row into reconstructed player history.""}"
injuries,injury_history_phase_placement_weights.csv,injury_history_phase_placement_weights,weight_distribution,32,injury_history_phase_placement_weights:32,"{""player_pool"":""NFL_ROOKIE"",""career_phase"":""college"",""relative_weight"":""0.27536"",""notes"":""Places historical injury row into reconstructed player history.""}"
injuries,injury_history_phase_placement_weights.csv,injury_history_phase_placement_weights,weight_distribution,33,injury_history_phase_placement_weights:33,"{""player_pool"":""NFL_ROOKIE"",""career_phase"":""rookie_contract"",""relative_weight"":""0.15942"",""notes"":""Places historical injury row into reconstructed player history.""}"
injuries,injury_history_phase_placement_weights.csv,injury_history_phase_placement_weights,weight_distribution,34,injury_history_phase_placement_weights:34,"{""player_pool"":""NFL_ROOKIE"",""career_phase"":""prime_contract"",""relative_weight"":""0.30435"",""notes"":""Places historical injury row into reconstructed player history.""}"
injuries,injury_history_phase_placement_weights.csv,injury_history_phase_placement_weights,weight_distribution,35,injury_history_phase_placement_weights:35,"{""player_pool"":""NFL_ROOKIE"",""career_phase"":""late_career"",""relative_weight"":""0.18841"",""notes"":""Places historical injury row into reconstructed player history.""}"
injuries,injury_history_phase_placement_weights.csv,injury_history_phase_placement_weights,weight_distribution,36,injury_history_phase_placement_weights:36,"{""player_pool"":""NFL_YOUNG_VET"",""career_phase"":""high_school"",""relative_weight"":""0.07246"",""notes"":""Places historical injury row into reconstructed player history.""}"
injuries,injury_history_phase_placement_weights.csv,injury_history_phase_placement_weights,weight_distribution,37,injury_history_phase_placement_weights:37,"{""player_pool"":""NFL_YOUNG_VET"",""career_phase"":""college"",""relative_weight"":""0.27536"",""notes"":""Places historical injury row into reconstructed player history.""}"
injuries,injury_history_phase_placement_weights.csv,injury_history_phase_placement_weights,weight_distribution,38,injury_history_phase_placement_weights:38,"{""player_pool"":""NFL_YOUNG_VET"",""career_phase"":""rookie_contract"",""relative_weight"":""0.15942"",""notes"":""Places historical injury row into reconstructed player history.""}"
injuries,injury_history_phase_placement_weights.csv,injury_history_phase_placement_weights,weight_distribution,39,injury_history_phase_placement_weights:39,"{""player_pool"":""NFL_YOUNG_VET"",""career_phase"":""prime_contract"",""relative_weight"":""0.30435"",""notes"":""Places historical injury row into reconstructed player history.""}"
injuries,injury_history_phase_placement_weights.csv,injury_history_phase_placement_weights,weight_distribution,40,injury_history_phase_placement_weights:40,"{""player_pool"":""NFL_YOUNG_VET"",""career_phase"":""late_career"",""relative_weight"":""0.18841"",""notes"":""Places historical injury row into reconstructed player history.""}"
injuries,injury_history_phase_placement_weights.csv,injury_history_phase_placement_weights,weight_distribution,41,injury_history_phase_placement_weights:41,"{""player_pool"":""NFL_PRIME_VET"",""career_phase"":""high_school"",""relative_weight"":""0.07246"",""notes"":""Places historical injury row into reconstructed player history.""}"
injuries,injury_history_phase_placement_weights.csv,injury_history_phase_placement_weights,weight_distribution,42,injury_history_phase_placement_weights:42,"{""player_pool"":""NFL_PRIME_VET"",""career_phase"":""college"",""relative_weight"":""0.27536"",""notes"":""Places historical injury row into reconstructed player history.""}"
injuries,injury_history_phase_placement_weights.csv,injury_history_phase_placement_weights,weight_distribution,43,injury_history_phase_placement_weights:43,"{""player_pool"":""NFL_PRIME_VET"",""career_phase"":""rookie_contract"",""relative_weight"":""0.15942"",""notes"":""Places historical injury row into reconstructed player history.""}"
injuries,injury_history_phase_placement_weights.csv,injury_history_phase_placement_weights,weight_distribution,44,injury_history_phase_placement_weights:44,"{""player_pool"":""NFL_PRIME_VET"",""career_phase"":""prime_contract"",""relative_weight"":""0.30435"",""notes"":""Places historical injury row into reconstructed player history.""}"
injuries,injury_history_phase_placement_weights.csv,injury_history_phase_placement_weights,weight_distribution,45,injury_history_phase_placement_weights:45,"{""player_pool"":""NFL_PRIME_VET"",""career_phase"":""late_career"",""relative_weight"":""0.18841"",""notes"":""Places historical injury row into reconstructed player history.""}"
injuries,injury_history_phase_placement_weights.csv,injury_history_phase_placement_weights,weight_distribution,46,injury_history_phase_placement_weights:46,"{""player_pool"":""NFL_OLD_VET"",""career_phase"":""high_school"",""relative_weight"":""0.07246"",""notes"":""Places historical injury row into reconstructed player history.""}"
injuries,injury_history_phase_placement_weights.csv,injury_history_phase_placement_weights,weight_distribution,47,injury_history_phase_placement_weights:47,"{""player_pool"":""NFL_OLD_VET"",""career_phase"":""college"",""relative_weight"":""0.27536"",""notes"":""Places historical injury row into reconstructed player history.""}"
injuries,injury_history_phase_placement_weights.csv,injury_history_phase_placement_weights,weight_distribution,48,injury_history_phase_placement_weights:48,"{""player_pool"":""NFL_OLD_VET"",""career_phase"":""rookie_contract"",""relative_weight"":""0.15942"",""notes"":""Places historical injury row into reconstructed player history.""}"
injuries,injury_history_phase_placement_weights.csv,injury_history_phase_placement_weights,weight_distribution,49,injury_history_phase_placement_weights:49,"{""player_pool"":""NFL_OLD_VET"",""career_phase"":""prime_contract"",""relative_weight"":""0.30435"",""notes"":""Places historical injury row into reconstructed player history.""}"
injuries,injury_history_phase_placement_weights.csv,injury_history_phase_placement_weights,weight_distribution,50,injury_history_phase_placement_weights:50,"{""player_pool"":""NFL_OLD_VET"",""career_phase"":""late_career"",""relative_weight"":""0.18841"",""notes"":""Places historical injury row into reconstructed player history.""}"
injuries,injury_history_phase_placement_weights.csv,injury_history_phase_placement_weights,weight_distribution,51,injury_history_phase_placement_weights:51,"{""player_pool"":""NFL_FREE_AGENT"",""career_phase"":""high_school"",""relative_weight"":""0.07246"",""notes"":""Places historical injury row into reconstructed player history.""}"
injuries,injury_history_phase_placement_weights.csv,injury_history_phase_placement_weights,weight_distribution,52,injury_history_phase_placement_weights:52,"{""player_pool"":""NFL_FREE_AGENT"",""career_phase"":""college"",""relative_weight"":""0.27536"",""notes"":""Places historical injury row into reconstructed player history.""}"
injuries,injury_history_phase_placement_weights.csv,injury_history_phase_placement_weights,weight_distribution,53,injury_history_phase_placement_weights:53,"{""player_pool"":""NFL_FREE_AGENT"",""career_phase"":""rookie_contract"",""relative_weight"":""0.15942"",""notes"":""Places historical injury row into reconstructed player history.""}"
injuries,injury_history_phase_placement_weights.csv,injury_history_phase_placement_weights,weight_distribution,54,injury_history_phase_placement_weights:54,"{""player_pool"":""NFL_FREE_AGENT"",""career_phase"":""prime_contract"",""relative_weight"":""0.30435"",""notes"":""Places historical injury row into reconstructed player history.""}"
injuries,injury_history_phase_placement_weights.csv,injury_history_phase_placement_weights,weight_distribution,55,injury_history_phase_placement_weights:55,"{""player_pool"":""NFL_FREE_AGENT"",""career_phase"":""late_career"",""relative_weight"":""0.18841"",""notes"":""Places historical injury row into reconstructed player history.""}"
injuries,injury_history_phase_placement_weights.csv,injury_history_phase_placement_weights,weight_distribution,56,injury_history_phase_placement_weights:56,"{""player_pool"":""NFL_PRACTICE_SQUAD"",""career_phase"":""high_school"",""relative_weight"":""0.07246"",""notes"":""Places historical injury row into reconstructed player history.""}"
injuries,injury_history_phase_placement_weights.csv,injury_history_phase_placement_weights,weight_distribution,57,injury_history_phase_placement_weights:57,"{""player_pool"":""NFL_PRACTICE_SQUAD"",""career_phase"":""college"",""relative_weight"":""0.27536"",""notes"":""Places historical injury row into reconstructed player history.""}"
injuries,injury_history_phase_placement_weights.csv,injury_history_phase_placement_weights,weight_distribution,58,injury_history_phase_placement_weights:58,"{""player_pool"":""NFL_PRACTICE_SQUAD"",""career_phase"":""rookie_contract"",""relative_weight"":""0.15942"",""notes"":""Places historical injury row into reconstructed player history.""}"
injuries,injury_history_phase_placement_weights.csv,injury_history_phase_placement_weights,weight_distribution,59,injury_history_phase_placement_weights:59,"{""player_pool"":""NFL_PRACTICE_SQUAD"",""career_phase"":""prime_contract"",""relative_weight"":""0.30435"",""notes"":""Places historical injury row into reconstructed player history.""}"
injuries,injury_history_phase_placement_weights.csv,injury_history_phase_placement_weights,weight_distribution,60,injury_history_phase_placement_weights:60,"{""player_pool"":""NFL_PRACTICE_SQUAD"",""career_phase"":""late_career"",""relative_weight"":""0.18841"",""notes"":""Places historical injury row into reconstructed player history.""}"
injuries,injury_history_research_basis.csv,injury_history_research_basis,research_basis,1,injury_history_research_basis:1,"{""topic"":""NFL game-loss injury volume"",""finding"":""A 2007-2016 NFL analysis reported regular-season game-loss non-head/non-illness injuries rising from 701 to 804 and weeks missed rising similarly, supporting meaningful but not overwhelming injury histories for NFL veterans."",""source"":""Binney et al., NFL Injuries Before and After the 2011 CBA, arXiv 1805.01271"",""design_use"":""Sets veteran injury history density and games-missed realism.""}"
injuries,injury_history_research_basis.csv,injury_history_research_basis,research_basis,2,injury_history_research_basis:2,"{""topic"":""College football concussion context"",""finding"":""A JAMA Neurology-reported college football concussion analysis found most concussions in the studied period occurred outside games, supporting practice/history flags and not only game-stat driven injuries."",""source"":""JAMA Neurology summary via Axios, 2021"",""design_use"":""Adds practice/history concussion visibility and scouting uncertainty.""}"
injuries,injury_history_research_basis.csv,injury_history_research_basis,research_basis,3,injury_history_research_basis:3,"{""topic"":""Concussion rates by level"",""finding"":""Public summaries of NAS-era concussion reporting cite college football concussion rates around 6.3 per 10,000 athletic exposures and higher high-school rates, supporting HS/college concussion histories with uncertainty."",""source"":""Health issues in American football summary"",""design_use"":""Supports HS/college concussion probabilities and visibility differences.""}"
injuries,injury_history_research_basis.csv,injury_history_research_basis,research_basis,4,injury_history_research_basis:4,"{""topic"":""Football injury type mix"",""finding"":""Public football health summaries commonly describe strains/sprains as the largest injury category and lower-extremity injuries as a major share of football injuries."",""source"":""Health issues in American football summary"",""design_use"":""Weights soft-tissue, knee, ankle, and foot families heavily.""}"
injuries,injury_history_research_basis.csv,injury_history_research_basis,research_basis,5,injury_history_research_basis:5,"{""topic"":""ACL return-to-sport"",""finding"":""ACL reconstruction summaries commonly cite 9-12 month return-to-sport timelines and only a portion of athletes returning to prior functional level."",""source"":""ACL reconstruction rehabilitation summaries"",""design_use"":""Sets ACL missed-time, development drag, and athletic penalty model.""}"
injuries,injury_history_research_basis.csv,injury_history_research_basis,research_basis,6,injury_history_research_basis:6,"{""topic"":""Achilles return-to-sport"",""finding"":""Achilles rupture summaries describe long rehab and incomplete recovery risk, with around 80% return-to-sport in broad populations, supporting strong age/athletic penalties."",""source"":""Achilles tendon rupture medical summaries"",""design_use"":""Sets Achilles as high-impact career medical flag, especially for older NFL players.""}"
injuries,injury_history_research_basis.csv,injury_history_research_basis,research_basis,7,injury_history_research_basis:7,"{""topic"":""NFL concussion trend"",""finding"":""NFL reported 2024 concussions fell to the lowest level since 2015, suggesting modern generated current-season rates should be lower than older eras but prior histories still exist."",""source"":""Reuters NFL concussion report, 2025"",""design_use"":""Keeps current-era concussion rates controlled and non-explosive.""}"
injuries,injury_medical_scouting_visibility_rules.csv,injury_medical_scouting_visibility_rules,rule,1,injury_medical_scouting_visibility_rules:1,"{""evaluation_context"":""HS_RECRUITING"",""severity_tier"":""minor"",""base_visibility_probability"":""0.25"",""medical_scouting_confidence_min"":""0.1"",""medical_scouting_confidence_max"":""0.37"",""notes"":""Controls how much prior injury history is visible to evaluators.""}"
injuries,injury_medical_scouting_visibility_rules.csv,injury_medical_scouting_visibility_rules,rule,2,injury_medical_scouting_visibility_rules:2,"{""evaluation_context"":""HS_RECRUITING"",""severity_tier"":""moderate"",""base_visibility_probability"":""0.4"",""medical_scouting_confidence_min"":""0.22"",""medical_scouting_confidence_max"":""0.52"",""notes"":""Controls how much prior injury history is visible to evaluators.""}"
injuries,injury_medical_scouting_visibility_rules.csv,injury_medical_scouting_visibility_rules,rule,3,injury_medical_scouting_visibility_rules:3,"{""evaluation_context"":""HS_RECRUITING"",""severity_tier"":""major"",""base_visibility_probability"":""0.58"",""medical_scouting_confidence_min"":""0.4"",""medical_scouting_confidence_max"":""0.7"",""notes"":""Controls how much prior injury history is visible to evaluators.""}"
injuries,injury_medical_scouting_visibility_rules.csv,injury_medical_scouting_visibility_rules,rule,4,injury_medical_scouting_visibility_rules:4,"{""evaluation_context"":""HS_RECRUITING"",""severity_tier"":""career_medical_flag"",""base_visibility_probability"":""0.75"",""medical_scouting_confidence_min"":""0.57"",""medical_scouting_confidence_max"":""0.87"",""notes"":""Controls how much prior injury history is visible to evaluators.""}"
injuries,injury_medical_scouting_visibility_rules.csv,injury_medical_scouting_visibility_rules,rule,5,injury_medical_scouting_visibility_rules:5,"{""evaluation_context"":""COLLEGE_INTERNAL"",""severity_tier"":""minor"",""base_visibility_probability"":""0.65"",""medical_scouting_confidence_min"":""0.47"",""medical_scouting_confidence_max"":""0.77"",""notes"":""Controls how much prior injury history is visible to evaluators.""}"
injuries,injury_medical_scouting_visibility_rules.csv,injury_medical_scouting_visibility_rules,rule,6,injury_medical_scouting_visibility_rules:6,"{""evaluation_context"":""COLLEGE_INTERNAL"",""severity_tier"":""moderate"",""base_visibility_probability"":""0.78"",""medical_scouting_confidence_min"":""0.6"",""medical_scouting_confidence_max"":""0.9"",""notes"":""Controls how much prior injury history is visible to evaluators.""}"
injuries,injury_medical_scouting_visibility_rules.csv,injury_medical_scouting_visibility_rules,rule,7,injury_medical_scouting_visibility_rules:7,"{""evaluation_context"":""COLLEGE_INTERNAL"",""severity_tier"":""major"",""base_visibility_probability"":""0.9"",""medical_scouting_confidence_min"":""0.72"",""medical_scouting_confidence_max"":""0.99"",""notes"":""Controls how much prior injury history is visible to evaluators.""}"
injuries,injury_medical_scouting_visibility_rules.csv,injury_medical_scouting_visibility_rules,rule,8,injury_medical_scouting_visibility_rules:8,"{""evaluation_context"":""COLLEGE_INTERNAL"",""severity_tier"":""career_medical_flag"",""base_visibility_probability"":""0.96"",""medical_scouting_confidence_min"":""0.78"",""medical_scouting_confidence_max"":""0.99"",""notes"":""Controls how much prior injury history is visible to evaluators.""}"
injuries,injury_medical_scouting_visibility_rules.csv,injury_medical_scouting_visibility_rules,rule,9,injury_medical_scouting_visibility_rules:9,"{""evaluation_context"":""TRANSFER_PORTAL"",""severity_tier"":""minor"",""base_visibility_probability"":""0.38"",""medical_scouting_confidence_min"":""0.2"",""medical_scouting_confidence_max"":""0.5"",""notes"":""Controls how much prior injury history is visible to evaluators.""}"
injuries,injury_medical_scouting_visibility_rules.csv,injury_medical_scouting_visibility_rules,rule,10,injury_medical_scouting_visibility_rules:10,"{""evaluation_context"":""TRANSFER_PORTAL"",""severity_tier"":""moderate"",""base_visibility_probability"":""0.6"",""medical_scouting_confidence_min"":""0.42"",""medical_scouting_confidence_max"":""0.72"",""notes"":""Controls how much prior injury history is visible to evaluators.""}"
injuries,injury_medical_scouting_visibility_rules.csv,injury_medical_scouting_visibility_rules,rule,11,injury_medical_scouting_visibility_rules:11,"{""evaluation_context"":""TRANSFER_PORTAL"",""severity_tier"":""major"",""base_visibility_probability"":""0.75"",""medical_scouting_confidence_min"":""0.57"",""medical_scouting_confidence_max"":""0.87"",""notes"":""Controls how much prior injury history is visible to evaluators.""}"
injuries,injury_medical_scouting_visibility_rules.csv,injury_medical_scouting_visibility_rules,rule,12,injury_medical_scouting_visibility_rules:12,"{""evaluation_context"":""TRANSFER_PORTAL"",""severity_tier"":""career_medical_flag"",""base_visibility_probability"":""0.86"",""medical_scouting_confidence_min"":""0.68"",""medical_scouting_confidence_max"":""0.98"",""notes"":""Controls how much prior injury history is visible to evaluators.""}"
injuries,injury_medical_scouting_visibility_rules.csv,injury_medical_scouting_visibility_rules,rule,13,injury_medical_scouting_visibility_rules:13,"{""evaluation_context"":""NFL_DRAFT"",""severity_tier"":""minor"",""base_visibility_probability"":""0.45"",""medical_scouting_confidence_min"":""0.27"",""medical_scouting_confidence_max"":""0.57"",""notes"":""Controls how much prior injury history is visible to evaluators.""}"
injuries,injury_medical_scouting_visibility_rules.csv,injury_medical_scouting_visibility_rules,rule,14,injury_medical_scouting_visibility_rules:14,"{""evaluation_context"":""NFL_DRAFT"",""severity_tier"":""moderate"",""base_visibility_probability"":""0.68"",""medical_scouting_confidence_min"":""0.5"",""medical_scouting_confidence_max"":""0.8"",""notes"":""Controls how much prior injury history is visible to evaluators.""}"
injuries,injury_medical_scouting_visibility_rules.csv,injury_medical_scouting_visibility_rules,rule,15,injury_medical_scouting_visibility_rules:15,"{""evaluation_context"":""NFL_DRAFT"",""severity_tier"":""major"",""base_visibility_probability"":""0.88"",""medical_scouting_confidence_min"":""0.7"",""medical_scouting_confidence_max"":""0.99"",""notes"":""Controls how much prior injury history is visible to evaluators.""}"
injuries,injury_medical_scouting_visibility_rules.csv,injury_medical_scouting_visibility_rules,rule,16,injury_medical_scouting_visibility_rules:16,"{""evaluation_context"":""NFL_DRAFT"",""severity_tier"":""career_medical_flag"",""base_visibility_probability"":""0.94"",""medical_scouting_confidence_min"":""0.76"",""medical_scouting_confidence_max"":""0.99"",""notes"":""Controls how much prior injury history is visible to evaluators.""}"
injuries,injury_medical_scouting_visibility_rules.csv,injury_medical_scouting_visibility_rules,rule,17,injury_medical_scouting_visibility_rules:17,"{""evaluation_context"":""NFL_VETERAN_FA"",""severity_tier"":""minor"",""base_visibility_probability"":""0.5"",""medical_scouting_confidence_min"":""0.32"",""medical_scouting_confidence_max"":""0.62"",""notes"":""Controls how much prior injury history is visible to evaluators.""}"
injuries,injury_medical_scouting_visibility_rules.csv,injury_medical_scouting_visibility_rules,rule,18,injury_medical_scouting_visibility_rules:18,"{""evaluation_context"":""NFL_VETERAN_FA"",""severity_tier"":""moderate"",""base_visibility_probability"":""0.7"",""medical_scouting_confidence_min"":""0.52"",""medical_scouting_confidence_max"":""0.82"",""notes"":""Controls how much prior injury history is visible to evaluators.""}"
injuries,injury_medical_scouting_visibility_rules.csv,injury_medical_scouting_visibility_rules,rule,19,injury_medical_scouting_visibility_rules:19,"{""evaluation_context"":""NFL_VETERAN_FA"",""severity_tier"":""major"",""base_visibility_probability"":""0.86"",""medical_scouting_confidence_min"":""0.68"",""medical_scouting_confidence_max"":""0.98"",""notes"":""Controls how much prior injury history is visible to evaluators.""}"
injuries,injury_medical_scouting_visibility_rules.csv,injury_medical_scouting_visibility_rules,rule,20,injury_medical_scouting_visibility_rules:20,"{""evaluation_context"":""NFL_VETERAN_FA"",""severity_tier"":""career_medical_flag"",""base_visibility_probability"":""0.92"",""medical_scouting_confidence_min"":""0.74"",""medical_scouting_confidence_max"":""0.99"",""notes"":""Controls how much prior injury history is visible to evaluators.""}"
injuries,injury_missed_time_rules.csv,injury_missed_time_rules,rule,1,injury_missed_time_rules:1,"{""league_scale"":""COLLEGE"",""severity_tier"":""minor"",""min_games_missed"":""0"",""max_games_missed"":""2"",""season_ending_probability"":""0.0"",""medical_redshirt_possible"":""false"",""ir_eligible"":""false"",""notes"":""Maps generated injury history severity to time missed and eligibility/status effects.""}"
injuries,injury_missed_time_rules.csv,injury_missed_time_rules,rule,2,injury_missed_time_rules:2,"{""league_scale"":""COLLEGE"",""severity_tier"":""moderate"",""min_games_missed"":""2"",""max_games_missed"":""8"",""season_ending_probability"":""0.02"",""medical_redshirt_possible"":""false"",""ir_eligible"":""false"",""notes"":""Maps generated injury history severity to time missed and eligibility/status effects.""}"
injuries,injury_missed_time_rules.csv,injury_missed_time_rules,rule,3,injury_missed_time_rules:3,"{""league_scale"":""COLLEGE"",""severity_tier"":""major"",""min_games_missed"":""8"",""max_games_missed"":""26"",""season_ending_probability"":""0.18"",""medical_redshirt_possible"":""true"",""ir_eligible"":""false"",""notes"":""Maps generated injury history severity to time missed and eligibility/status effects.""}"
injuries,injury_missed_time_rules.csv,injury_missed_time_rules,rule,4,injury_missed_time_rules:4,"{""league_scale"":""COLLEGE"",""severity_tier"":""career_medical_flag"",""min_games_missed"":""12"",""max_games_missed"":""99"",""season_ending_probability"":""0.45"",""medical_redshirt_possible"":""true"",""ir_eligible"":""false"",""notes"":""Maps generated injury history severity to time missed and eligibility/status effects.""}"
injuries,injury_missed_time_rules.csv,injury_missed_time_rules,rule,5,injury_missed_time_rules:5,"{""league_scale"":""NFL"",""severity_tier"":""minor"",""min_games_missed"":""0"",""max_games_missed"":""2"",""season_ending_probability"":""0.0"",""medical_redshirt_possible"":""false"",""ir_eligible"":""false"",""notes"":""Maps generated injury history severity to time missed and eligibility/status effects.""}"
injuries,injury_missed_time_rules.csv,injury_missed_time_rules,rule,6,injury_missed_time_rules:6,"{""league_scale"":""NFL"",""severity_tier"":""moderate"",""min_games_missed"":""2"",""max_games_missed"":""8"",""season_ending_probability"":""0.01"",""medical_redshirt_possible"":""false"",""ir_eligible"":""false"",""notes"":""Maps generated injury history severity to time missed and eligibility/status effects.""}"
injuries,injury_missed_time_rules.csv,injury_missed_time_rules,rule,7,injury_missed_time_rules:7,"{""league_scale"":""NFL"",""severity_tier"":""major"",""min_games_missed"":""8"",""max_games_missed"":""26"",""season_ending_probability"":""0.12"",""medical_redshirt_possible"":""false"",""ir_eligible"":""true"",""notes"":""Maps generated injury history severity to time missed and eligibility/status effects.""}"
injuries,injury_missed_time_rules.csv,injury_missed_time_rules,rule,8,injury_missed_time_rules:8,"{""league_scale"":""NFL"",""severity_tier"":""career_medical_flag"",""min_games_missed"":""12"",""max_games_missed"":""99"",""season_ending_probability"":""0.3"",""medical_redshirt_possible"":""false"",""ir_eligible"":""true"",""notes"":""Maps generated injury history severity to time missed and eligibility/status effects.""}"
injuries,injury_rating_impact_rules.csv,injury_rating_impact_rules,rule,1,injury_rating_impact_rules:1,"{""injury_family_id"":""CONCUSSION"",""severity_tier"":""minor"",""rating_key"":""awareness"",""temporary_penalty_min"":""-0.25"",""temporary_penalty_max"":""0.0"",""permanent_penalty_min"":""0"",""permanent_penalty_max"":""0"",""notes"":""History backfill should apply permanent penalty only for major/medical paths and keep most minor/moderate effects historical.""}"
injuries,injury_rating_impact_rules.csv,injury_rating_impact_rules,rule,2,injury_rating_impact_rules:2,"{""injury_family_id"":""CONCUSSION"",""severity_tier"":""moderate"",""rating_key"":""awareness"",""temporary_penalty_min"":""-0.6"",""temporary_penalty_max"":""0.0"",""permanent_penalty_min"":""-0.15"",""permanent_penalty_max"":""0.0"",""notes"":""History backfill should apply permanent penalty only for major/medical paths and keep most minor/moderate effects historical.""}"
injuries,injury_rating_impact_rules.csv,injury_rating_impact_rules,rule,3,injury_rating_impact_rules:3,"{""injury_family_id"":""CONCUSSION"",""severity_tier"":""major"",""rating_key"":""awareness"",""temporary_penalty_min"":""-1.0"",""temporary_penalty_max"":""0.0"",""permanent_penalty_min"":""-0.55"",""permanent_penalty_max"":""0.0"",""notes"":""History backfill should apply permanent penalty only for major/medical paths and keep most minor/moderate effects historical.""}"
injuries,injury_rating_impact_rules.csv,injury_rating_impact_rules,rule,4,injury_rating_impact_rules:4,"{""injury_family_id"":""CONCUSSION"",""severity_tier"":""career_medical_flag"",""rating_key"":""awareness"",""temporary_penalty_min"":""-1.45"",""temporary_penalty_max"":""0.0"",""permanent_penalty_min"":""-1.0"",""permanent_penalty_max"":""0.0"",""notes"":""History backfill should apply permanent penalty only for major/medical paths and keep most minor/moderate effects historical.""}"
injuries,injury_rating_impact_rules.csv,injury_rating_impact_rules,rule,5,injury_rating_impact_rules:5,"{""injury_family_id"":""CONCUSSION"",""severity_tier"":""minor"",""rating_key"":""durability"",""temporary_penalty_min"":""-0.75"",""temporary_penalty_max"":""-0.25"",""permanent_penalty_min"":""0"",""permanent_penalty_max"":""0"",""notes"":""History backfill should apply permanent penalty only for major/medical paths and keep most minor/moderate effects historical.""}"
injuries,injury_rating_impact_rules.csv,injury_rating_impact_rules,rule,6,injury_rating_impact_rules:6,"{""injury_family_id"":""CONCUSSION"",""severity_tier"":""moderate"",""rating_key"":""durability"",""temporary_penalty_min"":""-1.8"",""temporary_penalty_max"":""-0.6"",""permanent_penalty_min"":""-0.45"",""permanent_penalty_max"":""-0.15"",""notes"":""History backfill should apply permanent penalty only for major/medical paths and keep most minor/moderate effects historical.""}"
injuries,injury_rating_impact_rules.csv,injury_rating_impact_rules,rule,7,injury_rating_impact_rules:7,"{""injury_family_id"":""CONCUSSION"",""severity_tier"":""major"",""rating_key"":""durability"",""temporary_penalty_min"":""-3.0"",""temporary_penalty_max"":""-1.0"",""permanent_penalty_min"":""-1.65"",""permanent_penalty_max"":""-0.55"",""notes"":""History backfill should apply permanent penalty only for major/medical paths and keep most minor/moderate effects historical.""}"
injuries,injury_rating_impact_rules.csv,injury_rating_impact_rules,rule,8,injury_rating_impact_rules:8,"{""injury_family_id"":""CONCUSSION"",""severity_tier"":""career_medical_flag"",""rating_key"":""durability"",""temporary_penalty_min"":""-4.35"",""temporary_penalty_max"":""-1.45"",""permanent_penalty_min"":""-3.0"",""permanent_penalty_max"":""-1.0"",""notes"":""History backfill should apply permanent penalty only for major/medical paths and keep most minor/moderate effects historical.""}"
injuries,injury_rating_impact_rules.csv,injury_rating_impact_rules,rule,9,injury_rating_impact_rules:9,"{""injury_family_id"":""ACL"",""severity_tier"":""minor"",""rating_key"":""speed"",""temporary_penalty_min"":""-1.0"",""temporary_penalty_max"":""-0.25"",""permanent_penalty_min"":""0"",""permanent_penalty_max"":""0"",""notes"":""History backfill should apply permanent penalty only for major/medical paths and keep most minor/moderate effects historical.""}"
injuries,injury_rating_impact_rules.csv,injury_rating_impact_rules,rule,10,injury_rating_impact_rules:10,"{""injury_family_id"":""ACL"",""severity_tier"":""moderate"",""rating_key"":""speed"",""temporary_penalty_min"":""-2.4"",""temporary_penalty_max"":""-0.6"",""permanent_penalty_min"":""-0.6"",""permanent_penalty_max"":""-0.15"",""notes"":""History backfill should apply permanent penalty only for major/medical paths and keep most minor/moderate effects historical.""}"
injuries,injury_rating_impact_rules.csv,injury_rating_impact_rules,rule,11,injury_rating_impact_rules:11,"{""injury_family_id"":""ACL"",""severity_tier"":""major"",""rating_key"":""speed"",""temporary_penalty_min"":""-4.0"",""temporary_penalty_max"":""-1.0"",""permanent_penalty_min"":""-2.2"",""permanent_penalty_max"":""-0.55"",""notes"":""History backfill should apply permanent penalty only for major/medical paths and keep most minor/moderate effects historical.""}"
injuries,injury_rating_impact_rules.csv,injury_rating_impact_rules,rule,12,injury_rating_impact_rules:12,"{""injury_family_id"":""ACL"",""severity_tier"":""career_medical_flag"",""rating_key"":""speed"",""temporary_penalty_min"":""-5.8"",""temporary_penalty_max"":""-1.45"",""permanent_penalty_min"":""-4.0"",""permanent_penalty_max"":""-1.0"",""notes"":""History backfill should apply permanent penalty only for major/medical paths and keep most minor/moderate effects historical.""}"
injuries,injury_rating_impact_rules.csv,injury_rating_impact_rules,rule,13,injury_rating_impact_rules:13,"{""injury_family_id"":""ACL"",""severity_tier"":""minor"",""rating_key"":""acceleration"",""temporary_penalty_min"":""-1.25"",""temporary_penalty_max"":""-0.5"",""permanent_penalty_min"":""0"",""permanent_penalty_max"":""0"",""notes"":""History backfill should apply permanent penalty only for major/medical paths and keep most minor/moderate effects historical.""}"
injuries,injury_rating_impact_rules.csv,injury_rating_impact_rules,rule,14,injury_rating_impact_rules:14,"{""injury_family_id"":""ACL"",""severity_tier"":""moderate"",""rating_key"":""acceleration"",""temporary_penalty_min"":""-3.0"",""temporary_penalty_max"":""-1.2"",""permanent_penalty_min"":""-0.75"",""permanent_penalty_max"":""-0.3"",""notes"":""History backfill should apply permanent penalty only for major/medical paths and keep most minor/moderate effects historical.""}"
injuries,injury_rating_impact_rules.csv,injury_rating_impact_rules,rule,15,injury_rating_impact_rules:15,"{""injury_family_id"":""ACL"",""severity_tier"":""major"",""rating_key"":""acceleration"",""temporary_penalty_min"":""-5.0"",""temporary_penalty_max"":""-2.0"",""permanent_penalty_min"":""-2.75"",""permanent_penalty_max"":""-1.1"",""notes"":""History backfill should apply permanent penalty only for major/medical paths and keep most minor/moderate effects historical.""}"
injuries,injury_rating_impact_rules.csv,injury_rating_impact_rules,rule,16,injury_rating_impact_rules:16,"{""injury_family_id"":""ACL"",""severity_tier"":""career_medical_flag"",""rating_key"":""acceleration"",""temporary_penalty_min"":""-7.25"",""temporary_penalty_max"":""-2.9"",""permanent_penalty_min"":""-5.0"",""permanent_penalty_max"":""-2.0"",""notes"":""History backfill should apply permanent penalty only for major/medical paths and keep most minor/moderate effects historical.""}"
injuries,injury_rating_impact_rules.csv,injury_rating_impact_rules,rule,17,injury_rating_impact_rules:17,"{""injury_family_id"":""ACL"",""severity_tier"":""minor"",""rating_key"":""agility"",""temporary_penalty_min"":""-1.25"",""temporary_penalty_max"":""-0.5"",""permanent_penalty_min"":""0"",""permanent_penalty_max"":""0"",""notes"":""History backfill should apply permanent penalty only for major/medical paths and keep most minor/moderate effects historical.""}"
injuries,injury_rating_impact_rules.csv,injury_rating_impact_rules,rule,18,injury_rating_impact_rules:18,"{""injury_family_id"":""ACL"",""severity_tier"":""moderate"",""rating_key"":""agility"",""temporary_penalty_min"":""-3.0"",""temporary_penalty_max"":""-1.2"",""permanent_penalty_min"":""-0.75"",""permanent_penalty_max"":""-0.3"",""notes"":""History backfill should apply permanent penalty only for major/medical paths and keep most minor/moderate effects historical.""}"
injuries,injury_rating_impact_rules.csv,injury_rating_impact_rules,rule,19,injury_rating_impact_rules:19,"{""injury_family_id"":""ACL"",""severity_tier"":""major"",""rating_key"":""agility"",""temporary_penalty_min"":""-5.0"",""temporary_penalty_max"":""-2.0"",""permanent_penalty_min"":""-2.75"",""permanent_penalty_max"":""-1.1"",""notes"":""History backfill should apply permanent penalty only for major/medical paths and keep most minor/moderate effects historical.""}"
injuries,injury_rating_impact_rules.csv,injury_rating_impact_rules,rule,20,injury_rating_impact_rules:20,"{""injury_family_id"":""ACL"",""severity_tier"":""career_medical_flag"",""rating_key"":""agility"",""temporary_penalty_min"":""-7.25"",""temporary_penalty_max"":""-2.9"",""permanent_penalty_min"":""-5.0"",""permanent_penalty_max"":""-2.0"",""notes"":""History backfill should apply permanent penalty only for major/medical paths and keep most minor/moderate effects historical.""}"
injuries,injury_rating_impact_rules.csv,injury_rating_impact_rules,rule,21,injury_rating_impact_rules:21,"{""injury_family_id"":""ACL"",""severity_tier"":""minor"",""rating_key"":""durability"",""temporary_penalty_min"":""-1.5"",""temporary_penalty_max"":""-0.5"",""permanent_penalty_min"":""0"",""permanent_penalty_max"":""0"",""notes"":""History backfill should apply permanent penalty only for major/medical paths and keep most minor/moderate effects historical.""}"
injuries,injury_rating_impact_rules.csv,injury_rating_impact_rules,rule,22,injury_rating_impact_rules:22,"{""injury_family_id"":""ACL"",""severity_tier"":""moderate"",""rating_key"":""durability"",""temporary_penalty_min"":""-3.6"",""temporary_penalty_max"":""-1.2"",""permanent_penalty_min"":""-0.9"",""permanent_penalty_max"":""-0.3"",""notes"":""History backfill should apply permanent penalty only for major/medical paths and keep most minor/moderate effects historical.""}"
injuries,injury_rating_impact_rules.csv,injury_rating_impact_rules,rule,23,injury_rating_impact_rules:23,"{""injury_family_id"":""ACL"",""severity_tier"":""major"",""rating_key"":""durability"",""temporary_penalty_min"":""-6.0"",""temporary_penalty_max"":""-2.0"",""permanent_penalty_min"":""-3.3"",""permanent_penalty_max"":""-1.1"",""notes"":""History backfill should apply permanent penalty only for major/medical paths and keep most minor/moderate effects historical.""}"
injuries,injury_rating_impact_rules.csv,injury_rating_impact_rules,rule,24,injury_rating_impact_rules:24,"{""injury_family_id"":""ACL"",""severity_tier"":""career_medical_flag"",""rating_key"":""durability"",""temporary_penalty_min"":""-8.7"",""temporary_penalty_max"":""-2.9"",""permanent_penalty_min"":""-6.0"",""permanent_penalty_max"":""-2.0"",""notes"":""History backfill should apply permanent penalty only for major/medical paths and keep most minor/moderate effects historical.""}"
injuries,injury_rating_impact_rules.csv,injury_rating_impact_rules,rule,25,injury_rating_impact_rules:25,"{""injury_family_id"":""MCL"",""severity_tier"":""minor"",""rating_key"":""agility"",""temporary_penalty_min"":""-0.75"",""temporary_penalty_max"":""-0.25"",""permanent_penalty_min"":""0"",""permanent_penalty_max"":""0"",""notes"":""History backfill should apply permanent penalty only for major/medical paths and keep most minor/moderate effects historical.""}"
injuries,injury_rating_impact_rules.csv,injury_rating_impact_rules,rule,26,injury_rating_impact_rules:26,"{""injury_family_id"":""MCL"",""severity_tier"":""moderate"",""rating_key"":""agility"",""temporary_penalty_min"":""-1.8"",""temporary_penalty_max"":""-0.6"",""permanent_penalty_min"":""-0.45"",""permanent_penalty_max"":""-0.15"",""notes"":""History backfill should apply permanent penalty only for major/medical paths and keep most minor/moderate effects historical.""}"
injuries,injury_rating_impact_rules.csv,injury_rating_impact_rules,rule,27,injury_rating_impact_rules:27,"{""injury_family_id"":""MCL"",""severity_tier"":""major"",""rating_key"":""agility"",""temporary_penalty_min"":""-3.0"",""temporary_penalty_max"":""-1.0"",""permanent_penalty_min"":""-1.65"",""permanent_penalty_max"":""-0.55"",""notes"":""History backfill should apply permanent penalty only for major/medical paths and keep most minor/moderate effects historical.""}"
injuries,injury_rating_impact_rules.csv,injury_rating_impact_rules,rule,28,injury_rating_impact_rules:28,"{""injury_family_id"":""MCL"",""severity_tier"":""career_medical_flag"",""rating_key"":""agility"",""temporary_penalty_min"":""-4.35"",""temporary_penalty_max"":""-1.45"",""permanent_penalty_min"":""-3.0"",""permanent_penalty_max"":""-1.0"",""notes"":""History backfill should apply permanent penalty only for major/medical paths and keep most minor/moderate effects historical.""}"
injuries,injury_rating_impact_rules.csv,injury_rating_impact_rules,rule,29,injury_rating_impact_rules:29,"{""injury_family_id"":""MCL"",""severity_tier"":""minor"",""rating_key"":""acceleration"",""temporary_penalty_min"":""-0.5"",""temporary_penalty_max"":""0.0"",""permanent_penalty_min"":""0"",""permanent_penalty_max"":""0"",""notes"":""History backfill should apply permanent penalty only for major/medical paths and keep most minor/moderate effects historical.""}"
injuries,injury_rating_impact_rules.csv,injury_rating_impact_rules,rule,30,injury_rating_impact_rules:30,"{""injury_family_id"":""MCL"",""severity_tier"":""moderate"",""rating_key"":""acceleration"",""temporary_penalty_min"":""-1.2"",""temporary_penalty_max"":""0.0"",""permanent_penalty_min"":""-0.3"",""permanent_penalty_max"":""0.0"",""notes"":""History backfill should apply permanent penalty only for major/medical paths and keep most minor/moderate effects historical.""}"
injuries,injury_rating_impact_rules.csv,injury_rating_impact_rules,rule,31,injury_rating_impact_rules:31,"{""injury_family_id"":""MCL"",""severity_tier"":""major"",""rating_key"":""acceleration"",""temporary_penalty_min"":""-2.0"",""temporary_penalty_max"":""0.0"",""permanent_penalty_min"":""-1.1"",""permanent_penalty_max"":""0.0"",""notes"":""History backfill should apply permanent penalty only for major/medical paths and keep most minor/moderate effects historical.""}"
injuries,injury_rating_impact_rules.csv,injury_rating_impact_rules,rule,32,injury_rating_impact_rules:32,"{""injury_family_id"":""MCL"",""severity_tier"":""career_medical_flag"",""rating_key"":""acceleration"",""temporary_penalty_min"":""-2.9"",""temporary_penalty_max"":""0.0"",""permanent_penalty_min"":""-2.0"",""permanent_penalty_max"":""0.0"",""notes"":""History backfill should apply permanent penalty only for major/medical paths and keep most minor/moderate effects historical.""}"
injuries,injury_rating_impact_rules.csv,injury_rating_impact_rules,rule,33,injury_rating_impact_rules:33,"{""injury_family_id"":""MCL"",""severity_tier"":""minor"",""rating_key"":""durability"",""temporary_penalty_min"":""-0.75"",""temporary_penalty_max"":""-0.25"",""permanent_penalty_min"":""0"",""permanent_penalty_max"":""0"",""notes"":""History backfill should apply permanent penalty only for major/medical paths and keep most minor/moderate effects historical.""}"
injuries,injury_rating_impact_rules.csv,injury_rating_impact_rules,rule,34,injury_rating_impact_rules:34,"{""injury_family_id"":""MCL"",""severity_tier"":""moderate"",""rating_key"":""durability"",""temporary_penalty_min"":""-1.8"",""temporary_penalty_max"":""-0.6"",""permanent_penalty_min"":""-0.45"",""permanent_penalty_max"":""-0.15"",""notes"":""History backfill should apply permanent penalty only for major/medical paths and keep most minor/moderate effects historical.""}"
injuries,injury_rating_impact_rules.csv,injury_rating_impact_rules,rule,35,injury_rating_impact_rules:35,"{""injury_family_id"":""MCL"",""severity_tier"":""major"",""rating_key"":""durability"",""temporary_penalty_min"":""-3.0"",""temporary_penalty_max"":""-1.0"",""permanent_penalty_min"":""-1.65"",""permanent_penalty_max"":""-0.55"",""notes"":""History backfill should apply permanent penalty only for major/medical paths and keep most minor/moderate effects historical.""}"
injuries,injury_rating_impact_rules.csv,injury_rating_impact_rules,rule,36,injury_rating_impact_rules:36,"{""injury_family_id"":""MCL"",""severity_tier"":""career_medical_flag"",""rating_key"":""durability"",""temporary_penalty_min"":""-4.35"",""temporary_penalty_max"":""-1.45"",""permanent_penalty_min"":""-3.0"",""permanent_penalty_max"":""-1.0"",""notes"":""History backfill should apply permanent penalty only for major/medical paths and keep most minor/moderate effects historical.""}"
injuries,injury_rating_impact_rules.csv,injury_rating_impact_rules,rule,37,injury_rating_impact_rules:37,"{""injury_family_id"":""MENISCUS"",""severity_tier"":""minor"",""rating_key"":""agility"",""temporary_penalty_min"":""-1.0"",""temporary_penalty_max"":""-0.25"",""permanent_penalty_min"":""0"",""permanent_penalty_max"":""0"",""notes"":""History backfill should apply permanent penalty only for major/medical paths and keep most minor/moderate effects historical.""}"
injuries,injury_rating_impact_rules.csv,injury_rating_impact_rules,rule,38,injury_rating_impact_rules:38,"{""injury_family_id"":""MENISCUS"",""severity_tier"":""moderate"",""rating_key"":""agility"",""temporary_penalty_min"":""-2.4"",""temporary_penalty_max"":""-0.6"",""permanent_penalty_min"":""-0.6"",""permanent_penalty_max"":""-0.15"",""notes"":""History backfill should apply permanent penalty only for major/medical paths and keep most minor/moderate effects historical.""}"
injuries,injury_rating_impact_rules.csv,injury_rating_impact_rules,rule,39,injury_rating_impact_rules:39,"{""injury_family_id"":""MENISCUS"",""severity_tier"":""major"",""rating_key"":""agility"",""temporary_penalty_min"":""-4.0"",""temporary_penalty_max"":""-1.0"",""permanent_penalty_min"":""-2.2"",""permanent_penalty_max"":""-0.55"",""notes"":""History backfill should apply permanent penalty only for major/medical paths and keep most minor/moderate effects historical.""}"
injuries,injury_rating_impact_rules.csv,injury_rating_impact_rules,rule,40,injury_rating_impact_rules:40,"{""injury_family_id"":""MENISCUS"",""severity_tier"":""career_medical_flag"",""rating_key"":""agility"",""temporary_penalty_min"":""-5.8"",""temporary_penalty_max"":""-1.45"",""permanent_penalty_min"":""-4.0"",""permanent_penalty_max"":""-1.0"",""notes"":""History backfill should apply permanent penalty only for major/medical paths and keep most minor/moderate effects historical.""}"
injuries,injury_rating_impact_rules.csv,injury_rating_impact_rules,rule,41,injury_rating_impact_rules:41,"{""injury_family_id"":""MENISCUS"",""severity_tier"":""minor"",""rating_key"":""acceleration"",""temporary_penalty_min"":""-0.75"",""temporary_penalty_max"":""-0.25"",""permanent_penalty_min"":""0"",""permanent_penalty_max"":""0"",""notes"":""History backfill should apply permanent penalty only for major/medical paths and keep most minor/moderate effects historical.""}"
injuries,injury_rating_impact_rules.csv,injury_rating_impact_rules,rule,42,injury_rating_impact_rules:42,"{""injury_family_id"":""MENISCUS"",""severity_tier"":""moderate"",""rating_key"":""acceleration"",""temporary_penalty_min"":""-1.8"",""temporary_penalty_max"":""-0.6"",""permanent_penalty_min"":""-0.45"",""permanent_penalty_max"":""-0.15"",""notes"":""History backfill should apply permanent penalty only for major/medical paths and keep most minor/moderate effects historical.""}"
injuries,injury_rating_impact_rules.csv,injury_rating_impact_rules,rule,43,injury_rating_impact_rules:43,"{""injury_family_id"":""MENISCUS"",""severity_tier"":""major"",""rating_key"":""acceleration"",""temporary_penalty_min"":""-3.0"",""temporary_penalty_max"":""-1.0"",""permanent_penalty_min"":""-1.65"",""permanent_penalty_max"":""-0.55"",""notes"":""History backfill should apply permanent penalty only for major/medical paths and keep most minor/moderate effects historical.""}"
injuries,injury_rating_impact_rules.csv,injury_rating_impact_rules,rule,44,injury_rating_impact_rules:44,"{""injury_family_id"":""MENISCUS"",""severity_tier"":""career_medical_flag"",""rating_key"":""acceleration"",""temporary_penalty_min"":""-4.35"",""temporary_penalty_max"":""-1.45"",""permanent_penalty_min"":""-3.0"",""permanent_penalty_max"":""-1.0"",""notes"":""History backfill should apply permanent penalty only for major/medical paths and keep most minor/moderate effects historical.""}"
injuries,injury_rating_impact_rules.csv,injury_rating_impact_rules,rule,45,injury_rating_impact_rules:45,"{""injury_family_id"":""MENISCUS"",""severity_tier"":""minor"",""rating_key"":""durability"",""temporary_penalty_min"":""-1.0"",""temporary_penalty_max"":""-0.25"",""permanent_penalty_min"":""0"",""permanent_penalty_max"":""0"",""notes"":""History backfill should apply permanent penalty only for major/medical paths and keep most minor/moderate effects historical.""}"
injuries,injury_rating_impact_rules.csv,injury_rating_impact_rules,rule,46,injury_rating_impact_rules:46,"{""injury_family_id"":""MENISCUS"",""severity_tier"":""moderate"",""rating_key"":""durability"",""temporary_penalty_min"":""-2.4"",""temporary_penalty_max"":""-0.6"",""permanent_penalty_min"":""-0.6"",""permanent_penalty_max"":""-0.15"",""notes"":""History backfill should apply permanent penalty only for major/medical paths and keep most minor/moderate effects historical.""}"
injuries,injury_rating_impact_rules.csv,injury_rating_impact_rules,rule,47,injury_rating_impact_rules:47,"{""injury_family_id"":""MENISCUS"",""severity_tier"":""major"",""rating_key"":""durability"",""temporary_penalty_min"":""-4.0"",""temporary_penalty_max"":""-1.0"",""permanent_penalty_min"":""-2.2"",""permanent_penalty_max"":""-0.55"",""notes"":""History backfill should apply permanent penalty only for major/medical paths and keep most minor/moderate effects historical.""}"
injuries,injury_rating_impact_rules.csv,injury_rating_impact_rules,rule,48,injury_rating_impact_rules:48,"{""injury_family_id"":""MENISCUS"",""severity_tier"":""career_medical_flag"",""rating_key"":""durability"",""temporary_penalty_min"":""-5.8"",""temporary_penalty_max"":""-1.45"",""permanent_penalty_min"":""-4.0"",""permanent_penalty_max"":""-1.0"",""notes"":""History backfill should apply permanent penalty only for major/medical paths and keep most minor/moderate effects historical.""}"
injuries,injury_rating_impact_rules.csv,injury_rating_impact_rules,rule,49,injury_rating_impact_rules:49,"{""injury_family_id"":""ACHILLES"",""severity_tier"":""minor"",""rating_key"":""speed"",""temporary_penalty_min"":""-1.5"",""temporary_penalty_max"":""-0.5"",""permanent_penalty_min"":""0"",""permanent_penalty_max"":""0"",""notes"":""History backfill should apply permanent penalty only for major/medical paths and keep most minor/moderate effects historical.""}"
injuries,injury_rating_impact_rules.csv,injury_rating_impact_rules,rule,50,injury_rating_impact_rules:50,"{""injury_family_id"":""ACHILLES"",""severity_tier"":""moderate"",""rating_key"":""speed"",""temporary_penalty_min"":""-3.6"",""temporary_penalty_max"":""-1.2"",""permanent_penalty_min"":""-0.9"",""permanent_penalty_max"":""-0.3"",""notes"":""History backfill should apply permanent penalty only for major/medical paths and keep most minor/moderate effects historical.""}"
injuries,injury_rating_impact_rules.csv,injury_rating_impact_rules,rule,51,injury_rating_impact_rules:51,"{""injury_family_id"":""ACHILLES"",""severity_tier"":""major"",""rating_key"":""speed"",""temporary_penalty_min"":""-6.0"",""temporary_penalty_max"":""-2.0"",""permanent_penalty_min"":""-3.3"",""permanent_penalty_max"":""-1.1"",""notes"":""History backfill should apply permanent penalty only for major/medical paths and keep most minor/moderate effects historical.""}"
injuries,injury_rating_impact_rules.csv,injury_rating_impact_rules,rule,52,injury_rating_impact_rules:52,"{""injury_family_id"":""ACHILLES"",""severity_tier"":""career_medical_flag"",""rating_key"":""speed"",""temporary_penalty_min"":""-8.7"",""temporary_penalty_max"":""-2.9"",""permanent_penalty_min"":""-6.0"",""permanent_penalty_max"":""-2.0"",""notes"":""History backfill should apply permanent penalty only for major/medical paths and keep most minor/moderate effects historical.""}"
injuries,injury_rating_impact_rules.csv,injury_rating_impact_rules,rule,53,injury_rating_impact_rules:53,"{""injury_family_id"":""ACHILLES"",""severity_tier"":""minor"",""rating_key"":""acceleration"",""temporary_penalty_min"":""-1.75"",""temporary_penalty_max"":""-0.75"",""permanent_penalty_min"":""0"",""permanent_penalty_max"":""0"",""notes"":""History backfill should apply permanent penalty only for major/medical paths and keep most minor/moderate effects historical.""}"
injuries,injury_rating_impact_rules.csv,injury_rating_impact_rules,rule,54,injury_rating_impact_rules:54,"{""injury_family_id"":""ACHILLES"",""severity_tier"":""moderate"",""rating_key"":""acceleration"",""temporary_penalty_min"":""-4.2"",""temporary_penalty_max"":""-1.8"",""permanent_penalty_min"":""-1.05"",""permanent_penalty_max"":""-0.45"",""notes"":""History backfill should apply permanent penalty only for major/medical paths and keep most minor/moderate effects historical.""}"
injuries,injury_rating_impact_rules.csv,injury_rating_impact_rules,rule,55,injury_rating_impact_rules:55,"{""injury_family_id"":""ACHILLES"",""severity_tier"":""major"",""rating_key"":""acceleration"",""temporary_penalty_min"":""-7.0"",""temporary_penalty_max"":""-3.0"",""permanent_penalty_min"":""-3.85"",""permanent_penalty_max"":""-1.65"",""notes"":""History backfill should apply permanent penalty only for major/medical paths and keep most minor/moderate effects historical.""}"
injuries,injury_rating_impact_rules.csv,injury_rating_impact_rules,rule,56,injury_rating_impact_rules:56,"{""injury_family_id"":""ACHILLES"",""severity_tier"":""career_medical_flag"",""rating_key"":""acceleration"",""temporary_penalty_min"":""-10.15"",""temporary_penalty_max"":""-4.35"",""permanent_penalty_min"":""-7.0"",""permanent_penalty_max"":""-3.0"",""notes"":""History backfill should apply permanent penalty only for major/medical paths and keep most minor/moderate effects historical.""}"
injuries,injury_rating_impact_rules.csv,injury_rating_impact_rules,rule,57,injury_rating_impact_rules:57,"{""injury_family_id"":""ACHILLES"",""severity_tier"":""minor"",""rating_key"":""agility"",""temporary_penalty_min"":""-1.25"",""temporary_penalty_max"":""-0.5"",""permanent_penalty_min"":""0"",""permanent_penalty_max"":""0"",""notes"":""History backfill should apply permanent penalty only for major/medical paths and keep most minor/moderate effects historical.""}"
injuries,injury_rating_impact_rules.csv,injury_rating_impact_rules,rule,58,injury_rating_impact_rules:58,"{""injury_family_id"":""ACHILLES"",""severity_tier"":""moderate"",""rating_key"":""agility"",""temporary_penalty_min"":""-3.0"",""temporary_penalty_max"":""-1.2"",""permanent_penalty_min"":""-0.75"",""permanent_penalty_max"":""-0.3"",""notes"":""History backfill should apply permanent penalty only for major/medical paths and keep most minor/moderate effects historical.""}"
injuries,injury_rating_impact_rules.csv,injury_rating_impact_rules,rule,59,injury_rating_impact_rules:59,"{""injury_family_id"":""ACHILLES"",""severity_tier"":""major"",""rating_key"":""agility"",""temporary_penalty_min"":""-5.0"",""temporary_penalty_max"":""-2.0"",""permanent_penalty_min"":""-2.75"",""permanent_penalty_max"":""-1.1"",""notes"":""History backfill should apply permanent penalty only for major/medical paths and keep most minor/moderate effects historical.""}"
injuries,injury_rating_impact_rules.csv,injury_rating_impact_rules,rule,60,injury_rating_impact_rules:60,"{""injury_family_id"":""ACHILLES"",""severity_tier"":""career_medical_flag"",""rating_key"":""agility"",""temporary_penalty_min"":""-7.25"",""temporary_penalty_max"":""-2.9"",""permanent_penalty_min"":""-5.0"",""permanent_penalty_max"":""-2.0"",""notes"":""History backfill should apply permanent penalty only for major/medical paths and keep most minor/moderate effects historical.""}"
injuries,injury_rating_impact_rules.csv,injury_rating_impact_rules,rule,61,injury_rating_impact_rules:61,"{""injury_family_id"":""ACHILLES"",""severity_tier"":""minor"",""rating_key"":""durability"",""temporary_penalty_min"":""-1.75"",""temporary_penalty_max"":""-0.75"",""permanent_penalty_min"":""0"",""permanent_penalty_max"":""0"",""notes"":""History backfill should apply permanent penalty only for major/medical paths and keep most minor/moderate effects historical.""}"
injuries,injury_rating_impact_rules.csv,injury_rating_impact_rules,rule,62,injury_rating_impact_rules:62,"{""injury_family_id"":""ACHILLES"",""severity_tier"":""moderate"",""rating_key"":""durability"",""temporary_penalty_min"":""-4.2"",""temporary_penalty_max"":""-1.8"",""permanent_penalty_min"":""-1.05"",""permanent_penalty_max"":""-0.45"",""notes"":""History backfill should apply permanent penalty only for major/medical paths and keep most minor/moderate effects historical.""}"
injuries,injury_rating_impact_rules.csv,injury_rating_impact_rules,rule,63,injury_rating_impact_rules:63,"{""injury_family_id"":""ACHILLES"",""severity_tier"":""major"",""rating_key"":""durability"",""temporary_penalty_min"":""-7.0"",""temporary_penalty_max"":""-3.0"",""permanent_penalty_min"":""-3.85"",""permanent_penalty_max"":""-1.65"",""notes"":""History backfill should apply permanent penalty only for major/medical paths and keep most minor/moderate effects historical.""}"
injuries,injury_rating_impact_rules.csv,injury_rating_impact_rules,rule,64,injury_rating_impact_rules:64,"{""injury_family_id"":""ACHILLES"",""severity_tier"":""career_medical_flag"",""rating_key"":""durability"",""temporary_penalty_min"":""-10.15"",""temporary_penalty_max"":""-4.35"",""permanent_penalty_min"":""-7.0"",""permanent_penalty_max"":""-3.0"",""notes"":""History backfill should apply permanent penalty only for major/medical paths and keep most minor/moderate effects historical.""}"
injuries,injury_rating_impact_rules.csv,injury_rating_impact_rules,rule,65,injury_rating_impact_rules:65,"{""injury_family_id"":""HAMSTRING"",""severity_tier"":""minor"",""rating_key"":""speed"",""temporary_penalty_min"":""-0.75"",""temporary_penalty_max"":""0.0"",""permanent_penalty_min"":""0"",""permanent_penalty_max"":""0"",""notes"":""History backfill should apply permanent penalty only for major/medical paths and keep most minor/moderate effects historical.""}"
injuries,injury_rating_impact_rules.csv,injury_rating_impact_rules,rule,66,injury_rating_impact_rules:66,"{""injury_family_id"":""HAMSTRING"",""severity_tier"":""moderate"",""rating_key"":""speed"",""temporary_penalty_min"":""-1.8"",""temporary_penalty_max"":""0.0"",""permanent_penalty_min"":""-0.45"",""permanent_penalty_max"":""0.0"",""notes"":""History backfill should apply permanent penalty only for major/medical paths and keep most minor/moderate effects historical.""}"
injuries,injury_rating_impact_rules.csv,injury_rating_impact_rules,rule,67,injury_rating_impact_rules:67,"{""injury_family_id"":""HAMSTRING"",""severity_tier"":""major"",""rating_key"":""speed"",""temporary_penalty_min"":""-3.0"",""temporary_penalty_max"":""0.0"",""permanent_penalty_min"":""-1.65"",""permanent_penalty_max"":""0.0"",""notes"":""History backfill should apply permanent penalty only for major/medical paths and keep most minor/moderate effects historical.""}"
injuries,injury_rating_impact_rules.csv,injury_rating_impact_rules,rule,68,injury_rating_impact_rules:68,"{""injury_family_id"":""HAMSTRING"",""severity_tier"":""career_medical_flag"",""rating_key"":""speed"",""temporary_penalty_min"":""-4.35"",""temporary_penalty_max"":""0.0"",""permanent_penalty_min"":""-3.0"",""permanent_penalty_max"":""0.0"",""notes"":""History backfill should apply permanent penalty only for major/medical paths and keep most minor/moderate effects historical.""}"
injuries,injury_rating_impact_rules.csv,injury_rating_impact_rules,rule,69,injury_rating_impact_rules:69,"{""injury_family_id"":""HAMSTRING"",""severity_tier"":""minor"",""rating_key"":""acceleration"",""temporary_penalty_min"":""-1.0"",""temporary_penalty_max"":""-0.25"",""permanent_penalty_min"":""0"",""permanent_penalty_max"":""0"",""notes"":""History backfill should apply permanent penalty only for major/medical paths and keep most minor/moderate effects historical.""}"
injuries,injury_rating_impact_rules.csv,injury_rating_impact_rules,rule,70,injury_rating_impact_rules:70,"{""injury_family_id"":""HAMSTRING"",""severity_tier"":""moderate"",""rating_key"":""acceleration"",""temporary_penalty_min"":""-2.4"",""temporary_penalty_max"":""-0.6"",""permanent_penalty_min"":""-0.6"",""permanent_penalty_max"":""-0.15"",""notes"":""History backfill should apply permanent penalty only for major/medical paths and keep most minor/moderate effects historical.""}"
injuries,injury_rating_impact_rules.csv,injury_rating_impact_rules,rule,71,injury_rating_impact_rules:71,"{""injury_family_id"":""HAMSTRING"",""severity_tier"":""major"",""rating_key"":""acceleration"",""temporary_penalty_min"":""-4.0"",""temporary_penalty_max"":""-1.0"",""permanent_penalty_min"":""-2.2"",""permanent_penalty_max"":""-0.55"",""notes"":""History backfill should apply permanent penalty only for major/medical paths and keep most minor/moderate effects historical.""}"
injuries,injury_rating_impact_rules.csv,injury_rating_impact_rules,rule,72,injury_rating_impact_rules:72,"{""injury_family_id"":""HAMSTRING"",""severity_tier"":""career_medical_flag"",""rating_key"":""acceleration"",""temporary_penalty_min"":""-5.8"",""temporary_penalty_max"":""-1.45"",""permanent_penalty_min"":""-4.0"",""permanent_penalty_max"":""-1.0"",""notes"":""History backfill should apply permanent penalty only for major/medical paths and keep most minor/moderate effects historical.""}"
injuries,injury_rating_impact_rules.csv,injury_rating_impact_rules,rule,73,injury_rating_impact_rules:73,"{""injury_family_id"":""HAMSTRING"",""severity_tier"":""minor"",""rating_key"":""stamina"",""temporary_penalty_min"":""-0.5"",""temporary_penalty_max"":""0.0"",""permanent_penalty_min"":""0"",""permanent_penalty_max"":""0"",""notes"":""History backfill should apply permanent penalty only for major/medical paths and keep most minor/moderate effects historical.""}"
injuries,injury_rating_impact_rules.csv,injury_rating_impact_rules,rule,74,injury_rating_impact_rules:74,"{""injury_family_id"":""HAMSTRING"",""severity_tier"":""moderate"",""rating_key"":""stamina"",""temporary_penalty_min"":""-1.2"",""temporary_penalty_max"":""0.0"",""permanent_penalty_min"":""-0.3"",""permanent_penalty_max"":""0.0"",""notes"":""History backfill should apply permanent penalty only for major/medical paths and keep most minor/moderate effects historical.""}"
injuries,injury_rating_impact_rules.csv,injury_rating_impact_rules,rule,75,injury_rating_impact_rules:75,"{""injury_family_id"":""HAMSTRING"",""severity_tier"":""major"",""rating_key"":""stamina"",""temporary_penalty_min"":""-2.0"",""temporary_penalty_max"":""0.0"",""permanent_penalty_min"":""-1.1"",""permanent_penalty_max"":""0.0"",""notes"":""History backfill should apply permanent penalty only for major/medical paths and keep most minor/moderate effects historical.""}"
injuries,injury_rating_impact_rules.csv,injury_rating_impact_rules,rule,76,injury_rating_impact_rules:76,"{""injury_family_id"":""HAMSTRING"",""severity_tier"":""career_medical_flag"",""rating_key"":""stamina"",""temporary_penalty_min"":""-2.9"",""temporary_penalty_max"":""0.0"",""permanent_penalty_min"":""-2.0"",""permanent_penalty_max"":""0.0"",""notes"":""History backfill should apply permanent penalty only for major/medical paths and keep most minor/moderate effects historical.""}"
injuries,injury_rating_impact_rules.csv,injury_rating_impact_rules,rule,77,injury_rating_impact_rules:77,"{""injury_family_id"":""HAMSTRING"",""severity_tier"":""minor"",""rating_key"":""durability"",""temporary_penalty_min"":""-0.75"",""temporary_penalty_max"":""-0.25"",""permanent_penalty_min"":""0"",""permanent_penalty_max"":""0"",""notes"":""History backfill should apply permanent penalty only for major/medical paths and keep most minor/moderate effects historical.""}"
injuries,injury_rating_impact_rules.csv,injury_rating_impact_rules,rule,78,injury_rating_impact_rules:78,"{""injury_family_id"":""HAMSTRING"",""severity_tier"":""moderate"",""rating_key"":""durability"",""temporary_penalty_min"":""-1.8"",""temporary_penalty_max"":""-0.6"",""permanent_penalty_min"":""-0.45"",""permanent_penalty_max"":""-0.15"",""notes"":""History backfill should apply permanent penalty only for major/medical paths and keep most minor/moderate effects historical.""}"
injuries,injury_rating_impact_rules.csv,injury_rating_impact_rules,rule,79,injury_rating_impact_rules:79,"{""injury_family_id"":""HAMSTRING"",""severity_tier"":""major"",""rating_key"":""durability"",""temporary_penalty_min"":""-3.0"",""temporary_penalty_max"":""-1.0"",""permanent_penalty_min"":""-1.65"",""permanent_penalty_max"":""-0.55"",""notes"":""History backfill should apply permanent penalty only for major/medical paths and keep most minor/moderate effects historical.""}"
injuries,injury_rating_impact_rules.csv,injury_rating_impact_rules,rule,80,injury_rating_impact_rules:80,"{""injury_family_id"":""HAMSTRING"",""severity_tier"":""career_medical_flag"",""rating_key"":""durability"",""temporary_penalty_min"":""-4.35"",""temporary_penalty_max"":""-1.45"",""permanent_penalty_min"":""-3.0"",""permanent_penalty_max"":""-1.0"",""notes"":""History backfill should apply permanent penalty only for major/medical paths and keep most minor/moderate effects historical.""}"
injuries,injury_rating_impact_rules.csv,injury_rating_impact_rules,rule,81,injury_rating_impact_rules:81,"{""injury_family_id"":""GROIN"",""severity_tier"":""minor"",""rating_key"":""agility"",""temporary_penalty_min"":""-0.75"",""temporary_penalty_max"":""-0.25"",""permanent_penalty_min"":""0"",""permanent_penalty_max"":""0"",""notes"":""History backfill should apply permanent penalty only for major/medical paths and keep most minor/moderate effects historical.""}"
injuries,injury_rating_impact_rules.csv,injury_rating_impact_rules,rule,82,injury_rating_impact_rules:82,"{""injury_family_id"":""GROIN"",""severity_tier"":""moderate"",""rating_key"":""agility"",""temporary_penalty_min"":""-1.8"",""temporary_penalty_max"":""-0.6"",""permanent_penalty_min"":""-0.45"",""permanent_penalty_max"":""-0.15"",""notes"":""History backfill should apply permanent penalty only for major/medical paths and keep most minor/moderate effects historical.""}"
injuries,injury_rating_impact_rules.csv,injury_rating_impact_rules,rule,83,injury_rating_impact_rules:83,"{""injury_family_id"":""GROIN"",""severity_tier"":""major"",""rating_key"":""agility"",""temporary_penalty_min"":""-3.0"",""temporary_penalty_max"":""-1.0"",""permanent_penalty_min"":""-1.65"",""permanent_penalty_max"":""-0.55"",""notes"":""History backfill should apply permanent penalty only for major/medical paths and keep most minor/moderate effects historical.""}"
injuries,injury_rating_impact_rules.csv,injury_rating_impact_rules,rule,84,injury_rating_impact_rules:84,"{""injury_family_id"":""GROIN"",""severity_tier"":""career_medical_flag"",""rating_key"":""agility"",""temporary_penalty_min"":""-4.35"",""temporary_penalty_max"":""-1.45"",""permanent_penalty_min"":""-3.0"",""permanent_penalty_max"":""-1.0"",""notes"":""History backfill should apply permanent penalty only for major/medical paths and keep most minor/moderate effects historical.""}"
injuries,injury_rating_impact_rules.csv,injury_rating_impact_rules,rule,85,injury_rating_impact_rules:85,"{""injury_family_id"":""GROIN"",""severity_tier"":""minor"",""rating_key"":""acceleration"",""temporary_penalty_min"":""-0.5"",""temporary_penalty_max"":""0.0"",""permanent_penalty_min"":""0"",""permanent_penalty_max"":""0"",""notes"":""History backfill should apply permanent penalty only for major/medical paths and keep most minor/moderate effects historical.""}"
injuries,injury_rating_impact_rules.csv,injury_rating_impact_rules,rule,86,injury_rating_impact_rules:86,"{""injury_family_id"":""GROIN"",""severity_tier"":""moderate"",""rating_key"":""acceleration"",""temporary_penalty_min"":""-1.2"",""temporary_penalty_max"":""0.0"",""permanent_penalty_min"":""-0.3"",""permanent_penalty_max"":""0.0"",""notes"":""History backfill should apply permanent penalty only for major/medical paths and keep most minor/moderate effects historical.""}"
injuries,injury_rating_impact_rules.csv,injury_rating_impact_rules,rule,87,injury_rating_impact_rules:87,"{""injury_family_id"":""GROIN"",""severity_tier"":""major"",""rating_key"":""acceleration"",""temporary_penalty_min"":""-2.0"",""temporary_penalty_max"":""0.0"",""permanent_penalty_min"":""-1.1"",""permanent_penalty_max"":""0.0"",""notes"":""History backfill should apply permanent penalty only for major/medical paths and keep most minor/moderate effects historical.""}"
injuries,injury_rating_impact_rules.csv,injury_rating_impact_rules,rule,88,injury_rating_impact_rules:88,"{""injury_family_id"":""GROIN"",""severity_tier"":""career_medical_flag"",""rating_key"":""acceleration"",""temporary_penalty_min"":""-2.9"",""temporary_penalty_max"":""0.0"",""permanent_penalty_min"":""-2.0"",""permanent_penalty_max"":""0.0"",""notes"":""History backfill should apply permanent penalty only for major/medical paths and keep most minor/moderate effects historical.""}"
injuries,injury_rating_impact_rules.csv,injury_rating_impact_rules,rule,89,injury_rating_impact_rules:89,"{""injury_family_id"":""GROIN"",""severity_tier"":""minor"",""rating_key"":""durability"",""temporary_penalty_min"":""-0.75"",""temporary_penalty_max"":""-0.25"",""permanent_penalty_min"":""0"",""permanent_penalty_max"":""0"",""notes"":""History backfill should apply permanent penalty only for major/medical paths and keep most minor/moderate effects historical.""}"
injuries,injury_rating_impact_rules.csv,injury_rating_impact_rules,rule,90,injury_rating_impact_rules:90,"{""injury_family_id"":""GROIN"",""severity_tier"":""moderate"",""rating_key"":""durability"",""temporary_penalty_min"":""-1.8"",""temporary_penalty_max"":""-0.6"",""permanent_penalty_min"":""-0.45"",""permanent_penalty_max"":""-0.15"",""notes"":""History backfill should apply permanent penalty only for major/medical paths and keep most minor/moderate effects historical.""}"
injuries,injury_rating_impact_rules.csv,injury_rating_impact_rules,rule,91,injury_rating_impact_rules:91,"{""injury_family_id"":""GROIN"",""severity_tier"":""major"",""rating_key"":""durability"",""temporary_penalty_min"":""-3.0"",""temporary_penalty_max"":""-1.0"",""permanent_penalty_min"":""-1.65"",""permanent_penalty_max"":""-0.55"",""notes"":""History backfill should apply permanent penalty only for major/medical paths and keep most minor/moderate effects historical.""}"
injuries,injury_rating_impact_rules.csv,injury_rating_impact_rules,rule,92,injury_rating_impact_rules:92,"{""injury_family_id"":""GROIN"",""severity_tier"":""career_medical_flag"",""rating_key"":""durability"",""temporary_penalty_min"":""-4.35"",""temporary_penalty_max"":""-1.45"",""permanent_penalty_min"":""-3.0"",""permanent_penalty_max"":""-1.0"",""notes"":""History backfill should apply permanent penalty only for major/medical paths and keep most minor/moderate effects historical.""}"
injuries,injury_rating_impact_rules.csv,injury_rating_impact_rules,rule,93,injury_rating_impact_rules:93,"{""injury_family_id"":""ANKLE"",""severity_tier"":""minor"",""rating_key"":""agility"",""temporary_penalty_min"":""-0.5"",""temporary_penalty_max"":""0.0"",""permanent_penalty_min"":""0"",""permanent_penalty_max"":""0"",""notes"":""History backfill should apply permanent penalty only for major/medical paths and keep most minor/moderate effects historical.""}"
injuries,injury_rating_impact_rules.csv,injury_rating_impact_rules,rule,94,injury_rating_impact_rules:94,"{""injury_family_id"":""ANKLE"",""severity_tier"":""moderate"",""rating_key"":""agility"",""temporary_penalty_min"":""-1.2"",""temporary_penalty_max"":""0.0"",""permanent_penalty_min"":""-0.3"",""permanent_penalty_max"":""0.0"",""notes"":""History backfill should apply permanent penalty only for major/medical paths and keep most minor/moderate effects historical.""}"
injuries,injury_rating_impact_rules.csv,injury_rating_impact_rules,rule,95,injury_rating_impact_rules:95,"{""injury_family_id"":""ANKLE"",""severity_tier"":""major"",""rating_key"":""agility"",""temporary_penalty_min"":""-2.0"",""temporary_penalty_max"":""0.0"",""permanent_penalty_min"":""-1.1"",""permanent_penalty_max"":""0.0"",""notes"":""History backfill should apply permanent penalty only for major/medical paths and keep most minor/moderate effects historical.""}"
injuries,injury_rating_impact_rules.csv,injury_rating_impact_rules,rule,96,injury_rating_impact_rules:96,"{""injury_family_id"":""ANKLE"",""severity_tier"":""career_medical_flag"",""rating_key"":""agility"",""temporary_penalty_min"":""-2.9"",""temporary_penalty_max"":""0.0"",""permanent_penalty_min"":""-2.0"",""permanent_penalty_max"":""0.0"",""notes"":""History backfill should apply permanent penalty only for major/medical paths and keep most minor/moderate effects historical.""}"
injuries,injury_rating_impact_rules.csv,injury_rating_impact_rules,rule,97,injury_rating_impact_rules:97,"{""injury_family_id"":""ANKLE"",""severity_tier"":""minor"",""rating_key"":""acceleration"",""temporary_penalty_min"":""-0.5"",""temporary_penalty_max"":""0.0"",""permanent_penalty_min"":""0"",""permanent_penalty_max"":""0"",""notes"":""History backfill should apply permanent penalty only for major/medical paths and keep most minor/moderate effects historical.""}"
injuries,injury_rating_impact_rules.csv,injury_rating_impact_rules,rule,98,injury_rating_impact_rules:98,"{""injury_family_id"":""ANKLE"",""severity_tier"":""moderate"",""rating_key"":""acceleration"",""temporary_penalty_min"":""-1.2"",""temporary_penalty_max"":""0.0"",""permanent_penalty_min"":""-0.3"",""permanent_penalty_max"":""0.0"",""notes"":""History backfill should apply permanent penalty only for major/medical paths and keep most minor/moderate effects historical.""}"
injuries,injury_rating_impact_rules.csv,injury_rating_impact_rules,rule,99,injury_rating_impact_rules:99,"{""injury_family_id"":""ANKLE"",""severity_tier"":""major"",""rating_key"":""acceleration"",""temporary_penalty_min"":""-2.0"",""temporary_penalty_max"":""0.0"",""permanent_penalty_min"":""-1.1"",""permanent_penalty_max"":""0.0"",""notes"":""History backfill should apply permanent penalty only for major/medical paths and keep most minor/moderate effects historical.""}"
injuries,injury_rating_impact_rules.csv,injury_rating_impact_rules,rule,100,injury_rating_impact_rules:100,"{""injury_family_id"":""ANKLE"",""severity_tier"":""career_medical_flag"",""rating_key"":""acceleration"",""temporary_penalty_min"":""-2.9"",""temporary_penalty_max"":""0.0"",""permanent_penalty_min"":""-2.0"",""permanent_penalty_max"":""0.0"",""notes"":""History backfill should apply permanent penalty only for major/medical paths and keep most minor/moderate effects historical.""}"
injuries,injury_rating_impact_rules.csv,injury_rating_impact_rules,rule,101,injury_rating_impact_rules:101,"{""injury_family_id"":""ANKLE"",""severity_tier"":""minor"",""rating_key"":""durability"",""temporary_penalty_min"":""-0.5"",""temporary_penalty_max"":""0.0"",""permanent_penalty_min"":""0"",""permanent_penalty_max"":""0"",""notes"":""History backfill should apply permanent penalty only for major/medical paths and keep most minor/moderate effects historical.""}"
injuries,injury_rating_impact_rules.csv,injury_rating_impact_rules,rule,102,injury_rating_impact_rules:102,"{""injury_family_id"":""ANKLE"",""severity_tier"":""moderate"",""rating_key"":""durability"",""temporary_penalty_min"":""-1.2"",""temporary_penalty_max"":""0.0"",""permanent_penalty_min"":""-0.3"",""permanent_penalty_max"":""0.0"",""notes"":""History backfill should apply permanent penalty only for major/medical paths and keep most minor/moderate effects historical.""}"
injuries,injury_rating_impact_rules.csv,injury_rating_impact_rules,rule,103,injury_rating_impact_rules:103,"{""injury_family_id"":""ANKLE"",""severity_tier"":""major"",""rating_key"":""durability"",""temporary_penalty_min"":""-2.0"",""temporary_penalty_max"":""0.0"",""permanent_penalty_min"":""-1.1"",""permanent_penalty_max"":""0.0"",""notes"":""History backfill should apply permanent penalty only for major/medical paths and keep most minor/moderate effects historical.""}"
injuries,injury_rating_impact_rules.csv,injury_rating_impact_rules,rule,104,injury_rating_impact_rules:104,"{""injury_family_id"":""ANKLE"",""severity_tier"":""career_medical_flag"",""rating_key"":""durability"",""temporary_penalty_min"":""-2.9"",""temporary_penalty_max"":""0.0"",""permanent_penalty_min"":""-2.0"",""permanent_penalty_max"":""0.0"",""notes"":""History backfill should apply permanent penalty only for major/medical paths and keep most minor/moderate effects historical.""}"
injuries,injury_rating_impact_rules.csv,injury_rating_impact_rules,rule,105,injury_rating_impact_rules:105,"{""injury_family_id"":""HIGH_ANKLE"",""severity_tier"":""minor"",""rating_key"":""agility"",""temporary_penalty_min"":""-0.75"",""temporary_penalty_max"":""-0.25"",""permanent_penalty_min"":""0"",""permanent_penalty_max"":""0"",""notes"":""History backfill should apply permanent penalty only for major/medical paths and keep most minor/moderate effects historical.""}"
injuries,injury_rating_impact_rules.csv,injury_rating_impact_rules,rule,106,injury_rating_impact_rules:106,"{""injury_family_id"":""HIGH_ANKLE"",""severity_tier"":""moderate"",""rating_key"":""agility"",""temporary_penalty_min"":""-1.8"",""temporary_penalty_max"":""-0.6"",""permanent_penalty_min"":""-0.45"",""permanent_penalty_max"":""-0.15"",""notes"":""History backfill should apply permanent penalty only for major/medical paths and keep most minor/moderate effects historical.""}"
injuries,injury_rating_impact_rules.csv,injury_rating_impact_rules,rule,107,injury_rating_impact_rules:107,"{""injury_family_id"":""HIGH_ANKLE"",""severity_tier"":""major"",""rating_key"":""agility"",""temporary_penalty_min"":""-3.0"",""temporary_penalty_max"":""-1.0"",""permanent_penalty_min"":""-1.65"",""permanent_penalty_max"":""-0.55"",""notes"":""History backfill should apply permanent penalty only for major/medical paths and keep most minor/moderate effects historical.""}"
injuries,injury_rating_impact_rules.csv,injury_rating_impact_rules,rule,108,injury_rating_impact_rules:108,"{""injury_family_id"":""HIGH_ANKLE"",""severity_tier"":""career_medical_flag"",""rating_key"":""agility"",""temporary_penalty_min"":""-4.35"",""temporary_penalty_max"":""-1.45"",""permanent_penalty_min"":""-3.0"",""permanent_penalty_max"":""-1.0"",""notes"":""History backfill should apply permanent penalty only for major/medical paths and keep most minor/moderate effects historical.""}"
injuries,injury_rating_impact_rules.csv,injury_rating_impact_rules,rule,109,injury_rating_impact_rules:109,"{""injury_family_id"":""HIGH_ANKLE"",""severity_tier"":""minor"",""rating_key"":""acceleration"",""temporary_penalty_min"":""-0.75"",""temporary_penalty_max"":""-0.25"",""permanent_penalty_min"":""0"",""permanent_penalty_max"":""0"",""notes"":""History backfill should apply permanent penalty only for major/medical paths and keep most minor/moderate effects historical.""}"
injuries,injury_rating_impact_rules.csv,injury_rating_impact_rules,rule,110,injury_rating_impact_rules:110,"{""injury_family_id"":""HIGH_ANKLE"",""severity_tier"":""moderate"",""rating_key"":""acceleration"",""temporary_penalty_min"":""-1.8"",""temporary_penalty_max"":""-0.6"",""permanent_penalty_min"":""-0.45"",""permanent_penalty_max"":""-0.15"",""notes"":""History backfill should apply permanent penalty only for major/medical paths and keep most minor/moderate effects historical.""}"
injuries,injury_rating_impact_rules.csv,injury_rating_impact_rules,rule,111,injury_rating_impact_rules:111,"{""injury_family_id"":""HIGH_ANKLE"",""severity_tier"":""major"",""rating_key"":""acceleration"",""temporary_penalty_min"":""-3.0"",""temporary_penalty_max"":""-1.0"",""permanent_penalty_min"":""-1.65"",""permanent_penalty_max"":""-0.55"",""notes"":""History backfill should apply permanent penalty only for major/medical paths and keep most minor/moderate effects historical.""}"
injuries,injury_rating_impact_rules.csv,injury_rating_impact_rules,rule,112,injury_rating_impact_rules:112,"{""injury_family_id"":""HIGH_ANKLE"",""severity_tier"":""career_medical_flag"",""rating_key"":""acceleration"",""temporary_penalty_min"":""-4.35"",""temporary_penalty_max"":""-1.45"",""permanent_penalty_min"":""-3.0"",""permanent_penalty_max"":""-1.0"",""notes"":""History backfill should apply permanent penalty only for major/medical paths and keep most minor/moderate effects historical.""}"
injuries,injury_rating_impact_rules.csv,injury_rating_impact_rules,rule,113,injury_rating_impact_rules:113,"{""injury_family_id"":""HIGH_ANKLE"",""severity_tier"":""minor"",""rating_key"":""durability"",""temporary_penalty_min"":""-0.75"",""temporary_penalty_max"":""-0.25"",""permanent_penalty_min"":""0"",""permanent_penalty_max"":""0"",""notes"":""History backfill should apply permanent penalty only for major/medical paths and keep most minor/moderate effects historical.""}"
injuries,injury_rating_impact_rules.csv,injury_rating_impact_rules,rule,114,injury_rating_impact_rules:114,"{""injury_family_id"":""HIGH_ANKLE"",""severity_tier"":""moderate"",""rating_key"":""durability"",""temporary_penalty_min"":""-1.8"",""temporary_penalty_max"":""-0.6"",""permanent_penalty_min"":""-0.45"",""permanent_penalty_max"":""-0.15"",""notes"":""History backfill should apply permanent penalty only for major/medical paths and keep most minor/moderate effects historical.""}"
injuries,injury_rating_impact_rules.csv,injury_rating_impact_rules,rule,115,injury_rating_impact_rules:115,"{""injury_family_id"":""HIGH_ANKLE"",""severity_tier"":""major"",""rating_key"":""durability"",""temporary_penalty_min"":""-3.0"",""temporary_penalty_max"":""-1.0"",""permanent_penalty_min"":""-1.65"",""permanent_penalty_max"":""-0.55"",""notes"":""History backfill should apply permanent penalty only for major/medical paths and keep most minor/moderate effects historical.""}"
injuries,injury_rating_impact_rules.csv,injury_rating_impact_rules,rule,116,injury_rating_impact_rules:116,"{""injury_family_id"":""HIGH_ANKLE"",""severity_tier"":""career_medical_flag"",""rating_key"":""durability"",""temporary_penalty_min"":""-4.35"",""temporary_penalty_max"":""-1.45"",""permanent_penalty_min"":""-3.0"",""permanent_penalty_max"":""-1.0"",""notes"":""History backfill should apply permanent penalty only for major/medical paths and keep most minor/moderate effects historical.""}"
injuries,injury_rating_impact_rules.csv,injury_rating_impact_rules,rule,117,injury_rating_impact_rules:117,"{""injury_family_id"":""FOOT"",""severity_tier"":""minor"",""rating_key"":""speed"",""temporary_penalty_min"":""-1.0"",""temporary_penalty_max"":""-0.25"",""permanent_penalty_min"":""0"",""permanent_penalty_max"":""0"",""notes"":""History backfill should apply permanent penalty only for major/medical paths and keep most minor/moderate effects historical.""}"
injuries,injury_rating_impact_rules.csv,injury_rating_impact_rules,rule,118,injury_rating_impact_rules:118,"{""injury_family_id"":""FOOT"",""severity_tier"":""moderate"",""rating_key"":""speed"",""temporary_penalty_min"":""-2.4"",""temporary_penalty_max"":""-0.6"",""permanent_penalty_min"":""-0.6"",""permanent_penalty_max"":""-0.15"",""notes"":""History backfill should apply permanent penalty only for major/medical paths and keep most minor/moderate effects historical.""}"
injuries,injury_rating_impact_rules.csv,injury_rating_impact_rules,rule,119,injury_rating_impact_rules:119,"{""injury_family_id"":""FOOT"",""severity_tier"":""major"",""rating_key"":""speed"",""temporary_penalty_min"":""-4.0"",""temporary_penalty_max"":""-1.0"",""permanent_penalty_min"":""-2.2"",""permanent_penalty_max"":""-0.55"",""notes"":""History backfill should apply permanent penalty only for major/medical paths and keep most minor/moderate effects historical.""}"
injuries,injury_rating_impact_rules.csv,injury_rating_impact_rules,rule,120,injury_rating_impact_rules:120,"{""injury_family_id"":""FOOT"",""severity_tier"":""career_medical_flag"",""rating_key"":""speed"",""temporary_penalty_min"":""-5.8"",""temporary_penalty_max"":""-1.45"",""permanent_penalty_min"":""-4.0"",""permanent_penalty_max"":""-1.0"",""notes"":""History backfill should apply permanent penalty only for major/medical paths and keep most minor/moderate effects historical.""}"
injuries,injury_rating_impact_rules.csv,injury_rating_impact_rules,rule,121,injury_rating_impact_rules:121,"{""injury_family_id"":""FOOT"",""severity_tier"":""minor"",""rating_key"":""acceleration"",""temporary_penalty_min"":""-1.0"",""temporary_penalty_max"":""-0.25"",""permanent_penalty_min"":""0"",""permanent_penalty_max"":""0"",""notes"":""History backfill should apply permanent penalty only for major/medical paths and keep most minor/moderate effects historical.""}"
injuries,injury_rating_impact_rules.csv,injury_rating_impact_rules,rule,122,injury_rating_impact_rules:122,"{""injury_family_id"":""FOOT"",""severity_tier"":""moderate"",""rating_key"":""acceleration"",""temporary_penalty_min"":""-2.4"",""temporary_penalty_max"":""-0.6"",""permanent_penalty_min"":""-0.6"",""permanent_penalty_max"":""-0.15"",""notes"":""History backfill should apply permanent penalty only for major/medical paths and keep most minor/moderate effects historical.""}"
injuries,injury_rating_impact_rules.csv,injury_rating_impact_rules,rule,123,injury_rating_impact_rules:123,"{""injury_family_id"":""FOOT"",""severity_tier"":""major"",""rating_key"":""acceleration"",""temporary_penalty_min"":""-4.0"",""temporary_penalty_max"":""-1.0"",""permanent_penalty_min"":""-2.2"",""permanent_penalty_max"":""-0.55"",""notes"":""History backfill should apply permanent penalty only for major/medical paths and keep most minor/moderate effects historical.""}"
injuries,injury_rating_impact_rules.csv,injury_rating_impact_rules,rule,124,injury_rating_impact_rules:124,"{""injury_family_id"":""FOOT"",""severity_tier"":""career_medical_flag"",""rating_key"":""acceleration"",""temporary_penalty_min"":""-5.8"",""temporary_penalty_max"":""-1.45"",""permanent_penalty_min"":""-4.0"",""permanent_penalty_max"":""-1.0"",""notes"":""History backfill should apply permanent penalty only for major/medical paths and keep most minor/moderate effects historical.""}"
injuries,injury_rating_impact_rules.csv,injury_rating_impact_rules,rule,125,injury_rating_impact_rules:125,"{""injury_family_id"":""FOOT"",""severity_tier"":""minor"",""rating_key"":""durability"",""temporary_penalty_min"":""-1.0"",""temporary_penalty_max"":""-0.25"",""permanent_penalty_min"":""0"",""permanent_penalty_max"":""0"",""notes"":""History backfill should apply permanent penalty only for major/medical paths and keep most minor/moderate effects historical.""}"
injuries,injury_rating_impact_rules.csv,injury_rating_impact_rules,rule,126,injury_rating_impact_rules:126,"{""injury_family_id"":""FOOT"",""severity_tier"":""moderate"",""rating_key"":""durability"",""temporary_penalty_min"":""-2.4"",""temporary_penalty_max"":""-0.6"",""permanent_penalty_min"":""-0.6"",""permanent_penalty_max"":""-0.15"",""notes"":""History backfill should apply permanent penalty only for major/medical paths and keep most minor/moderate effects historical.""}"
injuries,injury_rating_impact_rules.csv,injury_rating_impact_rules,rule,127,injury_rating_impact_rules:127,"{""injury_family_id"":""FOOT"",""severity_tier"":""major"",""rating_key"":""durability"",""temporary_penalty_min"":""-4.0"",""temporary_penalty_max"":""-1.0"",""permanent_penalty_min"":""-2.2"",""permanent_penalty_max"":""-0.55"",""notes"":""History backfill should apply permanent penalty only for major/medical paths and keep most minor/moderate effects historical.""}"
injuries,injury_rating_impact_rules.csv,injury_rating_impact_rules,rule,128,injury_rating_impact_rules:128,"{""injury_family_id"":""FOOT"",""severity_tier"":""career_medical_flag"",""rating_key"":""durability"",""temporary_penalty_min"":""-5.8"",""temporary_penalty_max"":""-1.45"",""permanent_penalty_min"":""-4.0"",""permanent_penalty_max"":""-1.0"",""notes"":""History backfill should apply permanent penalty only for major/medical paths and keep most minor/moderate effects historical.""}"
injuries,injury_rating_impact_rules.csv,injury_rating_impact_rules,rule,129,injury_rating_impact_rules:129,"{""injury_family_id"":""SHOULDER"",""severity_tier"":""minor"",""rating_key"":""strength"",""temporary_penalty_min"":""-0.5"",""temporary_penalty_max"":""0.0"",""permanent_penalty_min"":""0"",""permanent_penalty_max"":""0"",""notes"":""History backfill should apply permanent penalty only for major/medical paths and keep most minor/moderate effects historical.""}"
injuries,injury_rating_impact_rules.csv,injury_rating_impact_rules,rule,130,injury_rating_impact_rules:130,"{""injury_family_id"":""SHOULDER"",""severity_tier"":""moderate"",""rating_key"":""strength"",""temporary_penalty_min"":""-1.2"",""temporary_penalty_max"":""0.0"",""permanent_penalty_min"":""-0.3"",""permanent_penalty_max"":""0.0"",""notes"":""History backfill should apply permanent penalty only for major/medical paths and keep most minor/moderate effects historical.""}"
injuries,injury_rating_impact_rules.csv,injury_rating_impact_rules,rule,131,injury_rating_impact_rules:131,"{""injury_family_id"":""SHOULDER"",""severity_tier"":""major"",""rating_key"":""strength"",""temporary_penalty_min"":""-2.0"",""temporary_penalty_max"":""0.0"",""permanent_penalty_min"":""-1.1"",""permanent_penalty_max"":""0.0"",""notes"":""History backfill should apply permanent penalty only for major/medical paths and keep most minor/moderate effects historical.""}"
injuries,injury_rating_impact_rules.csv,injury_rating_impact_rules,rule,132,injury_rating_impact_rules:132,"{""injury_family_id"":""SHOULDER"",""severity_tier"":""career_medical_flag"",""rating_key"":""strength"",""temporary_penalty_min"":""-2.9"",""temporary_penalty_max"":""0.0"",""permanent_penalty_min"":""-2.0"",""permanent_penalty_max"":""0.0"",""notes"":""History backfill should apply permanent penalty only for major/medical paths and keep most minor/moderate effects historical.""}"
injuries,injury_rating_impact_rules.csv,injury_rating_impact_rules,rule,133,injury_rating_impact_rules:133,"{""injury_family_id"":""SHOULDER"",""severity_tier"":""minor"",""rating_key"":""blocking"",""temporary_penalty_min"":""-0.5"",""temporary_penalty_max"":""0.0"",""permanent_penalty_min"":""0"",""permanent_penalty_max"":""0"",""notes"":""History backfill should apply permanent penalty only for major/medical paths and keep most minor/moderate effects historical.""}"
injuries,injury_rating_impact_rules.csv,injury_rating_impact_rules,rule,134,injury_rating_impact_rules:134,"{""injury_family_id"":""SHOULDER"",""severity_tier"":""moderate"",""rating_key"":""blocking"",""temporary_penalty_min"":""-1.2"",""temporary_penalty_max"":""0.0"",""permanent_penalty_min"":""-0.3"",""permanent_penalty_max"":""0.0"",""notes"":""History backfill should apply permanent penalty only for major/medical paths and keep most minor/moderate effects historical.""}"
injuries,injury_rating_impact_rules.csv,injury_rating_impact_rules,rule,135,injury_rating_impact_rules:135,"{""injury_family_id"":""SHOULDER"",""severity_tier"":""major"",""rating_key"":""blocking"",""temporary_penalty_min"":""-2.0"",""temporary_penalty_max"":""0.0"",""permanent_penalty_min"":""-1.1"",""permanent_penalty_max"":""0.0"",""notes"":""History backfill should apply permanent penalty only for major/medical paths and keep most minor/moderate effects historical.""}"
injuries,injury_rating_impact_rules.csv,injury_rating_impact_rules,rule,136,injury_rating_impact_rules:136,"{""injury_family_id"":""SHOULDER"",""severity_tier"":""career_medical_flag"",""rating_key"":""blocking"",""temporary_penalty_min"":""-2.9"",""temporary_penalty_max"":""0.0"",""permanent_penalty_min"":""-2.0"",""permanent_penalty_max"":""0.0"",""notes"":""History backfill should apply permanent penalty only for major/medical paths and keep most minor/moderate effects historical.""}"
injuries,injury_rating_impact_rules.csv,injury_rating_impact_rules,rule,137,injury_rating_impact_rules:137,"{""injury_family_id"":""SHOULDER"",""severity_tier"":""minor"",""rating_key"":""tackling"",""temporary_penalty_min"":""-0.75"",""temporary_penalty_max"":""-0.25"",""permanent_penalty_min"":""0"",""permanent_penalty_max"":""0"",""notes"":""History backfill should apply permanent penalty only for major/medical paths and keep most minor/moderate effects historical.""}"
injuries,injury_rating_impact_rules.csv,injury_rating_impact_rules,rule,138,injury_rating_impact_rules:138,"{""injury_family_id"":""SHOULDER"",""severity_tier"":""moderate"",""rating_key"":""tackling"",""temporary_penalty_min"":""-1.8"",""temporary_penalty_max"":""-0.6"",""permanent_penalty_min"":""-0.45"",""permanent_penalty_max"":""-0.15"",""notes"":""History backfill should apply permanent penalty only for major/medical paths and keep most minor/moderate effects historical.""}"
injuries,injury_rating_impact_rules.csv,injury_rating_impact_rules,rule,139,injury_rating_impact_rules:139,"{""injury_family_id"":""SHOULDER"",""severity_tier"":""major"",""rating_key"":""tackling"",""temporary_penalty_min"":""-3.0"",""temporary_penalty_max"":""-1.0"",""permanent_penalty_min"":""-1.65"",""permanent_penalty_max"":""-0.55"",""notes"":""History backfill should apply permanent penalty only for major/medical paths and keep most minor/moderate effects historical.""}"
injuries,injury_rating_impact_rules.csv,injury_rating_impact_rules,rule,140,injury_rating_impact_rules:140,"{""injury_family_id"":""SHOULDER"",""severity_tier"":""career_medical_flag"",""rating_key"":""tackling"",""temporary_penalty_min"":""-4.35"",""temporary_penalty_max"":""-1.45"",""permanent_penalty_min"":""-3.0"",""permanent_penalty_max"":""-1.0"",""notes"":""History backfill should apply permanent penalty only for major/medical paths and keep most minor/moderate effects historical.""}"
injuries,injury_rating_impact_rules.csv,injury_rating_impact_rules,rule,141,injury_rating_impact_rules:141,"{""injury_family_id"":""SHOULDER"",""severity_tier"":""minor"",""rating_key"":""throw_power"",""temporary_penalty_min"":""-0.75"",""temporary_penalty_max"":""-0.25"",""permanent_penalty_min"":""0"",""permanent_penalty_max"":""0"",""notes"":""History backfill should apply permanent penalty only for major/medical paths and keep most minor/moderate effects historical.""}"
injuries,injury_rating_impact_rules.csv,injury_rating_impact_rules,rule,142,injury_rating_impact_rules:142,"{""injury_family_id"":""SHOULDER"",""severity_tier"":""moderate"",""rating_key"":""throw_power"",""temporary_penalty_min"":""-1.8"",""temporary_penalty_max"":""-0.6"",""permanent_penalty_min"":""-0.45"",""permanent_penalty_max"":""-0.15"",""notes"":""History backfill should apply permanent penalty only for major/medical paths and keep most minor/moderate effects historical.""}"
injuries,injury_rating_impact_rules.csv,injury_rating_impact_rules,rule,143,injury_rating_impact_rules:143,"{""injury_family_id"":""SHOULDER"",""severity_tier"":""major"",""rating_key"":""throw_power"",""temporary_penalty_min"":""-3.0"",""temporary_penalty_max"":""-1.0"",""permanent_penalty_min"":""-1.65"",""permanent_penalty_max"":""-0.55"",""notes"":""History backfill should apply permanent penalty only for major/medical paths and keep most minor/moderate effects historical.""}"
injuries,injury_rating_impact_rules.csv,injury_rating_impact_rules,rule,144,injury_rating_impact_rules:144,"{""injury_family_id"":""SHOULDER"",""severity_tier"":""career_medical_flag"",""rating_key"":""throw_power"",""temporary_penalty_min"":""-4.35"",""temporary_penalty_max"":""-1.45"",""permanent_penalty_min"":""-3.0"",""permanent_penalty_max"":""-1.0"",""notes"":""History backfill should apply permanent penalty only for major/medical paths and keep most minor/moderate effects historical.""}"
injuries,injury_rating_impact_rules.csv,injury_rating_impact_rules,rule,145,injury_rating_impact_rules:145,"{""injury_family_id"":""SHOULDER"",""severity_tier"":""minor"",""rating_key"":""durability"",""temporary_penalty_min"":""-0.75"",""temporary_penalty_max"":""-0.25"",""permanent_penalty_min"":""0"",""permanent_penalty_max"":""0"",""notes"":""History backfill should apply permanent penalty only for major/medical paths and keep most minor/moderate effects historical.""}"
injuries,injury_rating_impact_rules.csv,injury_rating_impact_rules,rule,146,injury_rating_impact_rules:146,"{""injury_family_id"":""SHOULDER"",""severity_tier"":""moderate"",""rating_key"":""durability"",""temporary_penalty_min"":""-1.8"",""temporary_penalty_max"":""-0.6"",""permanent_penalty_min"":""-0.45"",""permanent_penalty_max"":""-0.15"",""notes"":""History backfill should apply permanent penalty only for major/medical paths and keep most minor/moderate effects historical.""}"
injuries,injury_rating_impact_rules.csv,injury_rating_impact_rules,rule,147,injury_rating_impact_rules:147,"{""injury_family_id"":""SHOULDER"",""severity_tier"":""major"",""rating_key"":""durability"",""temporary_penalty_min"":""-3.0"",""temporary_penalty_max"":""-1.0"",""permanent_penalty_min"":""-1.65"",""permanent_penalty_max"":""-0.55"",""notes"":""History backfill should apply permanent penalty only for major/medical paths and keep most minor/moderate effects historical.""}"
injuries,injury_rating_impact_rules.csv,injury_rating_impact_rules,rule,148,injury_rating_impact_rules:148,"{""injury_family_id"":""SHOULDER"",""severity_tier"":""career_medical_flag"",""rating_key"":""durability"",""temporary_penalty_min"":""-4.35"",""temporary_penalty_max"":""-1.45"",""permanent_penalty_min"":""-3.0"",""permanent_penalty_max"":""-1.0"",""notes"":""History backfill should apply permanent penalty only for major/medical paths and keep most minor/moderate effects historical.""}"
injuries,injury_rating_impact_rules.csv,injury_rating_impact_rules,rule,149,injury_rating_impact_rules:149,"{""injury_family_id"":""ELBOW"",""severity_tier"":""minor"",""rating_key"":""throw_power"",""temporary_penalty_min"":""-1.0"",""temporary_penalty_max"":""-0.25"",""permanent_penalty_min"":""0"",""permanent_penalty_max"":""0"",""notes"":""History backfill should apply permanent penalty only for major/medical paths and keep most minor/moderate effects historical.""}"
injuries,injury_rating_impact_rules.csv,injury_rating_impact_rules,rule,150,injury_rating_impact_rules:150,"{""injury_family_id"":""ELBOW"",""severity_tier"":""moderate"",""rating_key"":""throw_power"",""temporary_penalty_min"":""-2.4"",""temporary_penalty_max"":""-0.6"",""permanent_penalty_min"":""-0.6"",""permanent_penalty_max"":""-0.15"",""notes"":""History backfill should apply permanent penalty only for major/medical paths and keep most minor/moderate effects historical.""}"
injuries,injury_rating_impact_rules.csv,injury_rating_impact_rules,rule,151,injury_rating_impact_rules:151,"{""injury_family_id"":""ELBOW"",""severity_tier"":""major"",""rating_key"":""throw_power"",""temporary_penalty_min"":""-4.0"",""temporary_penalty_max"":""-1.0"",""permanent_penalty_min"":""-2.2"",""permanent_penalty_max"":""-0.55"",""notes"":""History backfill should apply permanent penalty only for major/medical paths and keep most minor/moderate effects historical.""}"
injuries,injury_rating_impact_rules.csv,injury_rating_impact_rules,rule,152,injury_rating_impact_rules:152,"{""injury_family_id"":""ELBOW"",""severity_tier"":""career_medical_flag"",""rating_key"":""throw_power"",""temporary_penalty_min"":""-5.8"",""temporary_penalty_max"":""-1.45"",""permanent_penalty_min"":""-4.0"",""permanent_penalty_max"":""-1.0"",""notes"":""History backfill should apply permanent penalty only for major/medical paths and keep most minor/moderate effects historical.""}"
injuries,injury_rating_impact_rules.csv,injury_rating_impact_rules,rule,153,injury_rating_impact_rules:153,"{""injury_family_id"":""ELBOW"",""severity_tier"":""minor"",""rating_key"":""throw_accuracy"",""temporary_penalty_min"":""-0.75"",""temporary_penalty_max"":""-0.25"",""permanent_penalty_min"":""0"",""permanent_penalty_max"":""0"",""notes"":""History backfill should apply permanent penalty only for major/medical paths and keep most minor/moderate effects historical.""}"
injuries,injury_rating_impact_rules.csv,injury_rating_impact_rules,rule,154,injury_rating_impact_rules:154,"{""injury_family_id"":""ELBOW"",""severity_tier"":""moderate"",""rating_key"":""throw_accuracy"",""temporary_penalty_min"":""-1.8"",""temporary_penalty_max"":""-0.6"",""permanent_penalty_min"":""-0.45"",""permanent_penalty_max"":""-0.15"",""notes"":""History backfill should apply permanent penalty only for major/medical paths and keep most minor/moderate effects historical.""}"
injuries,injury_rating_impact_rules.csv,injury_rating_impact_rules,rule,155,injury_rating_impact_rules:155,"{""injury_family_id"":""ELBOW"",""severity_tier"":""major"",""rating_key"":""throw_accuracy"",""temporary_penalty_min"":""-3.0"",""temporary_penalty_max"":""-1.0"",""permanent_penalty_min"":""-1.65"",""permanent_penalty_max"":""-0.55"",""notes"":""History backfill should apply permanent penalty only for major/medical paths and keep most minor/moderate effects historical.""}"
injuries,injury_rating_impact_rules.csv,injury_rating_impact_rules,rule,156,injury_rating_impact_rules:156,"{""injury_family_id"":""ELBOW"",""severity_tier"":""career_medical_flag"",""rating_key"":""throw_accuracy"",""temporary_penalty_min"":""-4.35"",""temporary_penalty_max"":""-1.45"",""permanent_penalty_min"":""-3.0"",""permanent_penalty_max"":""-1.0"",""notes"":""History backfill should apply permanent penalty only for major/medical paths and keep most minor/moderate effects historical.""}"
injuries,injury_rating_impact_rules.csv,injury_rating_impact_rules,rule,157,injury_rating_impact_rules:157,"{""injury_family_id"":""ELBOW"",""severity_tier"":""minor"",""rating_key"":""durability"",""temporary_penalty_min"":""-0.5"",""temporary_penalty_max"":""0.0"",""permanent_penalty_min"":""0"",""permanent_penalty_max"":""0"",""notes"":""History backfill should apply permanent penalty only for major/medical paths and keep most minor/moderate effects historical.""}"
injuries,injury_rating_impact_rules.csv,injury_rating_impact_rules,rule,158,injury_rating_impact_rules:158,"{""injury_family_id"":""ELBOW"",""severity_tier"":""moderate"",""rating_key"":""durability"",""temporary_penalty_min"":""-1.2"",""temporary_penalty_max"":""0.0"",""permanent_penalty_min"":""-0.3"",""permanent_penalty_max"":""0.0"",""notes"":""History backfill should apply permanent penalty only for major/medical paths and keep most minor/moderate effects historical.""}"
injuries,injury_rating_impact_rules.csv,injury_rating_impact_rules,rule,159,injury_rating_impact_rules:159,"{""injury_family_id"":""ELBOW"",""severity_tier"":""major"",""rating_key"":""durability"",""temporary_penalty_min"":""-2.0"",""temporary_penalty_max"":""0.0"",""permanent_penalty_min"":""-1.1"",""permanent_penalty_max"":""0.0"",""notes"":""History backfill should apply permanent penalty only for major/medical paths and keep most minor/moderate effects historical.""}"
injuries,injury_rating_impact_rules.csv,injury_rating_impact_rules,rule,160,injury_rating_impact_rules:160,"{""injury_family_id"":""ELBOW"",""severity_tier"":""career_medical_flag"",""rating_key"":""durability"",""temporary_penalty_min"":""-2.9"",""temporary_penalty_max"":""0.0"",""permanent_penalty_min"":""-2.0"",""permanent_penalty_max"":""0.0"",""notes"":""History backfill should apply permanent penalty only for major/medical paths and keep most minor/moderate effects historical.""}"
injuries,injury_rating_impact_rules.csv,injury_rating_impact_rules,rule,161,injury_rating_impact_rules:161,"{""injury_family_id"":""HAND_WRIST"",""severity_tier"":""minor"",""rating_key"":""catching"",""temporary_penalty_min"":""-0.75"",""temporary_penalty_max"":""-0.25"",""permanent_penalty_min"":""0"",""permanent_penalty_max"":""0"",""notes"":""History backfill should apply permanent penalty only for major/medical paths and keep most minor/moderate effects historical.""}"
injuries,injury_rating_impact_rules.csv,injury_rating_impact_rules,rule,162,injury_rating_impact_rules:162,"{""injury_family_id"":""HAND_WRIST"",""severity_tier"":""moderate"",""rating_key"":""catching"",""temporary_penalty_min"":""-1.8"",""temporary_penalty_max"":""-0.6"",""permanent_penalty_min"":""-0.45"",""permanent_penalty_max"":""-0.15"",""notes"":""History backfill should apply permanent penalty only for major/medical paths and keep most minor/moderate effects historical.""}"
injuries,injury_rating_impact_rules.csv,injury_rating_impact_rules,rule,163,injury_rating_impact_rules:163,"{""injury_family_id"":""HAND_WRIST"",""severity_tier"":""major"",""rating_key"":""catching"",""temporary_penalty_min"":""-3.0"",""temporary_penalty_max"":""-1.0"",""permanent_penalty_min"":""-1.65"",""permanent_penalty_max"":""-0.55"",""notes"":""History backfill should apply permanent penalty only for major/medical paths and keep most minor/moderate effects historical.""}"
injuries,injury_rating_impact_rules.csv,injury_rating_impact_rules,rule,164,injury_rating_impact_rules:164,"{""injury_family_id"":""HAND_WRIST"",""severity_tier"":""career_medical_flag"",""rating_key"":""catching"",""temporary_penalty_min"":""-4.35"",""temporary_penalty_max"":""-1.45"",""permanent_penalty_min"":""-3.0"",""permanent_penalty_max"":""-1.0"",""notes"":""History backfill should apply permanent penalty only for major/medical paths and keep most minor/moderate effects historical.""}"
injuries,injury_rating_impact_rules.csv,injury_rating_impact_rules,rule,165,injury_rating_impact_rules:165,"{""injury_family_id"":""HAND_WRIST"",""severity_tier"":""minor"",""rating_key"":""blocking"",""temporary_penalty_min"":""-0.25"",""temporary_penalty_max"":""0.0"",""permanent_penalty_min"":""0"",""permanent_penalty_max"":""0"",""notes"":""History backfill should apply permanent penalty only for major/medical paths and keep most minor/moderate effects historical.""}"
injuries,injury_rating_impact_rules.csv,injury_rating_impact_rules,rule,166,injury_rating_impact_rules:166,"{""injury_family_id"":""HAND_WRIST"",""severity_tier"":""moderate"",""rating_key"":""blocking"",""temporary_penalty_min"":""-0.6"",""temporary_penalty_max"":""0.0"",""permanent_penalty_min"":""-0.15"",""permanent_penalty_max"":""0.0"",""notes"":""History backfill should apply permanent penalty only for major/medical paths and keep most minor/moderate effects historical.""}"
injuries,injury_rating_impact_rules.csv,injury_rating_impact_rules,rule,167,injury_rating_impact_rules:167,"{""injury_family_id"":""HAND_WRIST"",""severity_tier"":""major"",""rating_key"":""blocking"",""temporary_penalty_min"":""-1.0"",""temporary_penalty_max"":""0.0"",""permanent_penalty_min"":""-0.55"",""permanent_penalty_max"":""0.0"",""notes"":""History backfill should apply permanent penalty only for major/medical paths and keep most minor/moderate effects historical.""}"
injuries,injury_rating_impact_rules.csv,injury_rating_impact_rules,rule,168,injury_rating_impact_rules:168,"{""injury_family_id"":""HAND_WRIST"",""severity_tier"":""career_medical_flag"",""rating_key"":""blocking"",""temporary_penalty_min"":""-1.45"",""temporary_penalty_max"":""0.0"",""permanent_penalty_min"":""-1.0"",""permanent_penalty_max"":""0.0"",""notes"":""History backfill should apply permanent penalty only for major/medical paths and keep most minor/moderate effects historical.""}"
injuries,injury_rating_impact_rules.csv,injury_rating_impact_rules,rule,169,injury_rating_impact_rules:169,"{""injury_family_id"":""HAND_WRIST"",""severity_tier"":""minor"",""rating_key"":""tackling"",""temporary_penalty_min"":""-0.25"",""temporary_penalty_max"":""0.0"",""permanent_penalty_min"":""0"",""permanent_penalty_max"":""0"",""notes"":""History backfill should apply permanent penalty only for major/medical paths and keep most minor/moderate effects historical.""}"
injuries,injury_rating_impact_rules.csv,injury_rating_impact_rules,rule,170,injury_rating_impact_rules:170,"{""injury_family_id"":""HAND_WRIST"",""severity_tier"":""moderate"",""rating_key"":""tackling"",""temporary_penalty_min"":""-0.6"",""temporary_penalty_max"":""0.0"",""permanent_penalty_min"":""-0.15"",""permanent_penalty_max"":""0.0"",""notes"":""History backfill should apply permanent penalty only for major/medical paths and keep most minor/moderate effects historical.""}"
injuries,injury_rating_impact_rules.csv,injury_rating_impact_rules,rule,171,injury_rating_impact_rules:171,"{""injury_family_id"":""HAND_WRIST"",""severity_tier"":""major"",""rating_key"":""tackling"",""temporary_penalty_min"":""-1.0"",""temporary_penalty_max"":""0.0"",""permanent_penalty_min"":""-0.55"",""permanent_penalty_max"":""0.0"",""notes"":""History backfill should apply permanent penalty only for major/medical paths and keep most minor/moderate effects historical.""}"
injuries,injury_rating_impact_rules.csv,injury_rating_impact_rules,rule,172,injury_rating_impact_rules:172,"{""injury_family_id"":""HAND_WRIST"",""severity_tier"":""career_medical_flag"",""rating_key"":""tackling"",""temporary_penalty_min"":""-1.45"",""temporary_penalty_max"":""0.0"",""permanent_penalty_min"":""-1.0"",""permanent_penalty_max"":""0.0"",""notes"":""History backfill should apply permanent penalty only for major/medical paths and keep most minor/moderate effects historical.""}"
injuries,injury_rating_impact_rules.csv,injury_rating_impact_rules,rule,173,injury_rating_impact_rules:173,"{""injury_family_id"":""HAND_WRIST"",""severity_tier"":""minor"",""rating_key"":""durability"",""temporary_penalty_min"":""-0.25"",""temporary_penalty_max"":""0.0"",""permanent_penalty_min"":""0"",""permanent_penalty_max"":""0"",""notes"":""History backfill should apply permanent penalty only for major/medical paths and keep most minor/moderate effects historical.""}"
injuries,injury_rating_impact_rules.csv,injury_rating_impact_rules,rule,174,injury_rating_impact_rules:174,"{""injury_family_id"":""HAND_WRIST"",""severity_tier"":""moderate"",""rating_key"":""durability"",""temporary_penalty_min"":""-0.6"",""temporary_penalty_max"":""0.0"",""permanent_penalty_min"":""-0.15"",""permanent_penalty_max"":""0.0"",""notes"":""History backfill should apply permanent penalty only for major/medical paths and keep most minor/moderate effects historical.""}"
injuries,injury_rating_impact_rules.csv,injury_rating_impact_rules,rule,175,injury_rating_impact_rules:175,"{""injury_family_id"":""HAND_WRIST"",""severity_tier"":""major"",""rating_key"":""durability"",""temporary_penalty_min"":""-1.0"",""temporary_penalty_max"":""0.0"",""permanent_penalty_min"":""-0.55"",""permanent_penalty_max"":""0.0"",""notes"":""History backfill should apply permanent penalty only for major/medical paths and keep most minor/moderate effects historical.""}"
injuries,injury_rating_impact_rules.csv,injury_rating_impact_rules,rule,176,injury_rating_impact_rules:176,"{""injury_family_id"":""HAND_WRIST"",""severity_tier"":""career_medical_flag"",""rating_key"":""durability"",""temporary_penalty_min"":""-1.45"",""temporary_penalty_max"":""0.0"",""permanent_penalty_min"":""-1.0"",""permanent_penalty_max"":""0.0"",""notes"":""History backfill should apply permanent penalty only for major/medical paths and keep most minor/moderate effects historical.""}"
injuries,injury_rating_impact_rules.csv,injury_rating_impact_rules,rule,177,injury_rating_impact_rules:177,"{""injury_family_id"":""RIB_CHEST"",""severity_tier"":""minor"",""rating_key"":""stamina"",""temporary_penalty_min"":""-0.5"",""temporary_penalty_max"":""0.0"",""permanent_penalty_min"":""0"",""permanent_penalty_max"":""0"",""notes"":""History backfill should apply permanent penalty only for major/medical paths and keep most minor/moderate effects historical.""}"
injuries,injury_rating_impact_rules.csv,injury_rating_impact_rules,rule,178,injury_rating_impact_rules:178,"{""injury_family_id"":""RIB_CHEST"",""severity_tier"":""moderate"",""rating_key"":""stamina"",""temporary_penalty_min"":""-1.2"",""temporary_penalty_max"":""0.0"",""permanent_penalty_min"":""-0.3"",""permanent_penalty_max"":""0.0"",""notes"":""History backfill should apply permanent penalty only for major/medical paths and keep most minor/moderate effects historical.""}"
injuries,injury_rating_impact_rules.csv,injury_rating_impact_rules,rule,179,injury_rating_impact_rules:179,"{""injury_family_id"":""RIB_CHEST"",""severity_tier"":""major"",""rating_key"":""stamina"",""temporary_penalty_min"":""-2.0"",""temporary_penalty_max"":""0.0"",""permanent_penalty_min"":""-1.1"",""permanent_penalty_max"":""0.0"",""notes"":""History backfill should apply permanent penalty only for major/medical paths and keep most minor/moderate effects historical.""}"
injuries,injury_rating_impact_rules.csv,injury_rating_impact_rules,rule,180,injury_rating_impact_rules:180,"{""injury_family_id"":""RIB_CHEST"",""severity_tier"":""career_medical_flag"",""rating_key"":""stamina"",""temporary_penalty_min"":""-2.9"",""temporary_penalty_max"":""0.0"",""permanent_penalty_min"":""-2.0"",""permanent_penalty_max"":""0.0"",""notes"":""History backfill should apply permanent penalty only for major/medical paths and keep most minor/moderate effects historical.""}"
injuries,injury_rating_impact_rules.csv,injury_rating_impact_rules,rule,181,injury_rating_impact_rules:181,"{""injury_family_id"":""RIB_CHEST"",""severity_tier"":""minor"",""rating_key"":""strength"",""temporary_penalty_min"":""-0.25"",""temporary_penalty_max"":""0.0"",""permanent_penalty_min"":""0"",""permanent_penalty_max"":""0"",""notes"":""History backfill should apply permanent penalty only for major/medical paths and keep most minor/moderate effects historical.""}"
injuries,injury_rating_impact_rules.csv,injury_rating_impact_rules,rule,182,injury_rating_impact_rules:182,"{""injury_family_id"":""RIB_CHEST"",""severity_tier"":""moderate"",""rating_key"":""strength"",""temporary_penalty_min"":""-0.6"",""temporary_penalty_max"":""0.0"",""permanent_penalty_min"":""-0.15"",""permanent_penalty_max"":""0.0"",""notes"":""History backfill should apply permanent penalty only for major/medical paths and keep most minor/moderate effects historical.""}"
injuries,injury_rating_impact_rules.csv,injury_rating_impact_rules,rule,183,injury_rating_impact_rules:183,"{""injury_family_id"":""RIB_CHEST"",""severity_tier"":""major"",""rating_key"":""strength"",""temporary_penalty_min"":""-1.0"",""temporary_penalty_max"":""0.0"",""permanent_penalty_min"":""-0.55"",""permanent_penalty_max"":""0.0"",""notes"":""History backfill should apply permanent penalty only for major/medical paths and keep most minor/moderate effects historical.""}"
injuries,injury_rating_impact_rules.csv,injury_rating_impact_rules,rule,184,injury_rating_impact_rules:184,"{""injury_family_id"":""RIB_CHEST"",""severity_tier"":""career_medical_flag"",""rating_key"":""strength"",""temporary_penalty_min"":""-1.45"",""temporary_penalty_max"":""0.0"",""permanent_penalty_min"":""-1.0"",""permanent_penalty_max"":""0.0"",""notes"":""History backfill should apply permanent penalty only for major/medical paths and keep most minor/moderate effects historical.""}"
injuries,injury_rating_impact_rules.csv,injury_rating_impact_rules,rule,185,injury_rating_impact_rules:185,"{""injury_family_id"":""RIB_CHEST"",""severity_tier"":""minor"",""rating_key"":""durability"",""temporary_penalty_min"":""-0.5"",""temporary_penalty_max"":""0.0"",""permanent_penalty_min"":""0"",""permanent_penalty_max"":""0"",""notes"":""History backfill should apply permanent penalty only for major/medical paths and keep most minor/moderate effects historical.""}"
injuries,injury_rating_impact_rules.csv,injury_rating_impact_rules,rule,186,injury_rating_impact_rules:186,"{""injury_family_id"":""RIB_CHEST"",""severity_tier"":""moderate"",""rating_key"":""durability"",""temporary_penalty_min"":""-1.2"",""temporary_penalty_max"":""0.0"",""permanent_penalty_min"":""-0.3"",""permanent_penalty_max"":""0.0"",""notes"":""History backfill should apply permanent penalty only for major/medical paths and keep most minor/moderate effects historical.""}"
injuries,injury_rating_impact_rules.csv,injury_rating_impact_rules,rule,187,injury_rating_impact_rules:187,"{""injury_family_id"":""RIB_CHEST"",""severity_tier"":""major"",""rating_key"":""durability"",""temporary_penalty_min"":""-2.0"",""temporary_penalty_max"":""0.0"",""permanent_penalty_min"":""-1.1"",""permanent_penalty_max"":""0.0"",""notes"":""History backfill should apply permanent penalty only for major/medical paths and keep most minor/moderate effects historical.""}"
injuries,injury_rating_impact_rules.csv,injury_rating_impact_rules,rule,188,injury_rating_impact_rules:188,"{""injury_family_id"":""RIB_CHEST"",""severity_tier"":""career_medical_flag"",""rating_key"":""durability"",""temporary_penalty_min"":""-2.9"",""temporary_penalty_max"":""0.0"",""permanent_penalty_min"":""-2.0"",""permanent_penalty_max"":""0.0"",""notes"":""History backfill should apply permanent penalty only for major/medical paths and keep most minor/moderate effects historical.""}"
injuries,injury_rating_impact_rules.csv,injury_rating_impact_rules,rule,189,injury_rating_impact_rules:189,"{""injury_family_id"":""BACK"",""severity_tier"":""minor"",""rating_key"":""strength"",""temporary_penalty_min"":""-0.75"",""temporary_penalty_max"":""-0.25"",""permanent_penalty_min"":""0"",""permanent_penalty_max"":""0"",""notes"":""History backfill should apply permanent penalty only for major/medical paths and keep most minor/moderate effects historical.""}"
injuries,injury_rating_impact_rules.csv,injury_rating_impact_rules,rule,190,injury_rating_impact_rules:190,"{""injury_family_id"":""BACK"",""severity_tier"":""moderate"",""rating_key"":""strength"",""temporary_penalty_min"":""-1.8"",""temporary_penalty_max"":""-0.6"",""permanent_penalty_min"":""-0.45"",""permanent_penalty_max"":""-0.15"",""notes"":""History backfill should apply permanent penalty only for major/medical paths and keep most minor/moderate effects historical.""}"
injuries,injury_rating_impact_rules.csv,injury_rating_impact_rules,rule,191,injury_rating_impact_rules:191,"{""injury_family_id"":""BACK"",""severity_tier"":""major"",""rating_key"":""strength"",""temporary_penalty_min"":""-3.0"",""temporary_penalty_max"":""-1.0"",""permanent_penalty_min"":""-1.65"",""permanent_penalty_max"":""-0.55"",""notes"":""History backfill should apply permanent penalty only for major/medical paths and keep most minor/moderate effects historical.""}"
injuries,injury_rating_impact_rules.csv,injury_rating_impact_rules,rule,192,injury_rating_impact_rules:192,"{""injury_family_id"":""BACK"",""severity_tier"":""career_medical_flag"",""rating_key"":""strength"",""temporary_penalty_min"":""-4.35"",""temporary_penalty_max"":""-1.45"",""permanent_penalty_min"":""-3.0"",""permanent_penalty_max"":""-1.0"",""notes"":""History backfill should apply permanent penalty only for major/medical paths and keep most minor/moderate effects historical.""}"
injuries,injury_rating_impact_rules.csv,injury_rating_impact_rules,rule,193,injury_rating_impact_rules:193,"{""injury_family_id"":""BACK"",""severity_tier"":""minor"",""rating_key"":""blocking"",""temporary_penalty_min"":""-0.5"",""temporary_penalty_max"":""0.0"",""permanent_penalty_min"":""0"",""permanent_penalty_max"":""0"",""notes"":""History backfill should apply permanent penalty only for major/medical paths and keep most minor/moderate effects historical.""}"
injuries,injury_rating_impact_rules.csv,injury_rating_impact_rules,rule,194,injury_rating_impact_rules:194,"{""injury_family_id"":""BACK"",""severity_tier"":""moderate"",""rating_key"":""blocking"",""temporary_penalty_min"":""-1.2"",""temporary_penalty_max"":""0.0"",""permanent_penalty_min"":""-0.3"",""permanent_penalty_max"":""0.0"",""notes"":""History backfill should apply permanent penalty only for major/medical paths and keep most minor/moderate effects historical.""}"
injuries,injury_rating_impact_rules.csv,injury_rating_impact_rules,rule,195,injury_rating_impact_rules:195,"{""injury_family_id"":""BACK"",""severity_tier"":""major"",""rating_key"":""blocking"",""temporary_penalty_min"":""-2.0"",""temporary_penalty_max"":""0.0"",""permanent_penalty_min"":""-1.1"",""permanent_penalty_max"":""0.0"",""notes"":""History backfill should apply permanent penalty only for major/medical paths and keep most minor/moderate effects historical.""}"
injuries,injury_rating_impact_rules.csv,injury_rating_impact_rules,rule,196,injury_rating_impact_rules:196,"{""injury_family_id"":""BACK"",""severity_tier"":""career_medical_flag"",""rating_key"":""blocking"",""temporary_penalty_min"":""-2.9"",""temporary_penalty_max"":""0.0"",""permanent_penalty_min"":""-2.0"",""permanent_penalty_max"":""0.0"",""notes"":""History backfill should apply permanent penalty only for major/medical paths and keep most minor/moderate effects historical.""}"
injuries,injury_rating_impact_rules.csv,injury_rating_impact_rules,rule,197,injury_rating_impact_rules:197,"{""injury_family_id"":""BACK"",""severity_tier"":""minor"",""rating_key"":""stamina"",""temporary_penalty_min"":""-0.75"",""temporary_penalty_max"":""-0.25"",""permanent_penalty_min"":""0"",""permanent_penalty_max"":""0"",""notes"":""History backfill should apply permanent penalty only for major/medical paths and keep most minor/moderate effects historical.""}"
injuries,injury_rating_impact_rules.csv,injury_rating_impact_rules,rule,198,injury_rating_impact_rules:198,"{""injury_family_id"":""BACK"",""severity_tier"":""moderate"",""rating_key"":""stamina"",""temporary_penalty_min"":""-1.8"",""temporary_penalty_max"":""-0.6"",""permanent_penalty_min"":""-0.45"",""permanent_penalty_max"":""-0.15"",""notes"":""History backfill should apply permanent penalty only for major/medical paths and keep most minor/moderate effects historical.""}"
injuries,injury_rating_impact_rules.csv,injury_rating_impact_rules,rule,199,injury_rating_impact_rules:199,"{""injury_family_id"":""BACK"",""severity_tier"":""major"",""rating_key"":""stamina"",""temporary_penalty_min"":""-3.0"",""temporary_penalty_max"":""-1.0"",""permanent_penalty_min"":""-1.65"",""permanent_penalty_max"":""-0.55"",""notes"":""History backfill should apply permanent penalty only for major/medical paths and keep most minor/moderate effects historical.""}"
injuries,injury_rating_impact_rules.csv,injury_rating_impact_rules,rule,200,injury_rating_impact_rules:200,"{""injury_family_id"":""BACK"",""severity_tier"":""career_medical_flag"",""rating_key"":""stamina"",""temporary_penalty_min"":""-4.35"",""temporary_penalty_max"":""-1.45"",""permanent_penalty_min"":""-3.0"",""permanent_penalty_max"":""-1.0"",""notes"":""History backfill should apply permanent penalty only for major/medical paths and keep most minor/moderate effects historical.""}"
injuries,injury_rating_impact_rules.csv,injury_rating_impact_rules,rule,201,injury_rating_impact_rules:201,"{""injury_family_id"":""BACK"",""severity_tier"":""minor"",""rating_key"":""durability"",""temporary_penalty_min"":""-1.0"",""temporary_penalty_max"":""-0.25"",""permanent_penalty_min"":""0"",""permanent_penalty_max"":""0"",""notes"":""History backfill should apply permanent penalty only for major/medical paths and keep most minor/moderate effects historical.""}"
injuries,injury_rating_impact_rules.csv,injury_rating_impact_rules,rule,202,injury_rating_impact_rules:202,"{""injury_family_id"":""BACK"",""severity_tier"":""moderate"",""rating_key"":""durability"",""temporary_penalty_min"":""-2.4"",""temporary_penalty_max"":""-0.6"",""permanent_penalty_min"":""-0.6"",""permanent_penalty_max"":""-0.15"",""notes"":""History backfill should apply permanent penalty only for major/medical paths and keep most minor/moderate effects historical.""}"
injuries,injury_rating_impact_rules.csv,injury_rating_impact_rules,rule,203,injury_rating_impact_rules:203,"{""injury_family_id"":""BACK"",""severity_tier"":""major"",""rating_key"":""durability"",""temporary_penalty_min"":""-4.0"",""temporary_penalty_max"":""-1.0"",""permanent_penalty_min"":""-2.2"",""permanent_penalty_max"":""-0.55"",""notes"":""History backfill should apply permanent penalty only for major/medical paths and keep most minor/moderate effects historical.""}"
injuries,injury_rating_impact_rules.csv,injury_rating_impact_rules,rule,204,injury_rating_impact_rules:204,"{""injury_family_id"":""BACK"",""severity_tier"":""career_medical_flag"",""rating_key"":""durability"",""temporary_penalty_min"":""-5.8"",""temporary_penalty_max"":""-1.45"",""permanent_penalty_min"":""-4.0"",""permanent_penalty_max"":""-1.0"",""notes"":""History backfill should apply permanent penalty only for major/medical paths and keep most minor/moderate effects historical.""}"
injuries,injury_rating_impact_rules.csv,injury_rating_impact_rules,rule,205,injury_rating_impact_rules:205,"{""injury_family_id"":""STINGER"",""severity_tier"":""minor"",""rating_key"":""strength"",""temporary_penalty_min"":""-0.25"",""temporary_penalty_max"":""0.0"",""permanent_penalty_min"":""0"",""permanent_penalty_max"":""0"",""notes"":""History backfill should apply permanent penalty only for major/medical paths and keep most minor/moderate effects historical.""}"
injuries,injury_rating_impact_rules.csv,injury_rating_impact_rules,rule,206,injury_rating_impact_rules:206,"{""injury_family_id"":""STINGER"",""severity_tier"":""moderate"",""rating_key"":""strength"",""temporary_penalty_min"":""-0.6"",""temporary_penalty_max"":""0.0"",""permanent_penalty_min"":""-0.15"",""permanent_penalty_max"":""0.0"",""notes"":""History backfill should apply permanent penalty only for major/medical paths and keep most minor/moderate effects historical.""}"
injuries,injury_rating_impact_rules.csv,injury_rating_impact_rules,rule,207,injury_rating_impact_rules:207,"{""injury_family_id"":""STINGER"",""severity_tier"":""major"",""rating_key"":""strength"",""temporary_penalty_min"":""-1.0"",""temporary_penalty_max"":""0.0"",""permanent_penalty_min"":""-0.55"",""permanent_penalty_max"":""0.0"",""notes"":""History backfill should apply permanent penalty only for major/medical paths and keep most minor/moderate effects historical.""}"
injuries,injury_rating_impact_rules.csv,injury_rating_impact_rules,rule,208,injury_rating_impact_rules:208,"{""injury_family_id"":""STINGER"",""severity_tier"":""career_medical_flag"",""rating_key"":""strength"",""temporary_penalty_min"":""-1.45"",""temporary_penalty_max"":""0.0"",""permanent_penalty_min"":""-1.0"",""permanent_penalty_max"":""0.0"",""notes"":""History backfill should apply permanent penalty only for major/medical paths and keep most minor/moderate effects historical.""}"
injuries,injury_rating_impact_rules.csv,injury_rating_impact_rules,rule,209,injury_rating_impact_rules:209,"{""injury_family_id"":""STINGER"",""severity_tier"":""minor"",""rating_key"":""tackling"",""temporary_penalty_min"":""-0.5"",""temporary_penalty_max"":""0.0"",""permanent_penalty_min"":""0"",""permanent_penalty_max"":""0"",""notes"":""History backfill should apply permanent penalty only for major/medical paths and keep most minor/moderate effects historical.""}"
injuries,injury_rating_impact_rules.csv,injury_rating_impact_rules,rule,210,injury_rating_impact_rules:210,"{""injury_family_id"":""STINGER"",""severity_tier"":""moderate"",""rating_key"":""tackling"",""temporary_penalty_min"":""-1.2"",""temporary_penalty_max"":""0.0"",""permanent_penalty_min"":""-0.3"",""permanent_penalty_max"":""0.0"",""notes"":""History backfill should apply permanent penalty only for major/medical paths and keep most minor/moderate effects historical.""}"
injuries,injury_rating_impact_rules.csv,injury_rating_impact_rules,rule,211,injury_rating_impact_rules:211,"{""injury_family_id"":""STINGER"",""severity_tier"":""major"",""rating_key"":""tackling"",""temporary_penalty_min"":""-2.0"",""temporary_penalty_max"":""0.0"",""permanent_penalty_min"":""-1.1"",""permanent_penalty_max"":""0.0"",""notes"":""History backfill should apply permanent penalty only for major/medical paths and keep most minor/moderate effects historical.""}"
injuries,injury_rating_impact_rules.csv,injury_rating_impact_rules,rule,212,injury_rating_impact_rules:212,"{""injury_family_id"":""STINGER"",""severity_tier"":""career_medical_flag"",""rating_key"":""tackling"",""temporary_penalty_min"":""-2.9"",""temporary_penalty_max"":""0.0"",""permanent_penalty_min"":""-2.0"",""permanent_penalty_max"":""0.0"",""notes"":""History backfill should apply permanent penalty only for major/medical paths and keep most minor/moderate effects historical.""}"
injuries,injury_rating_impact_rules.csv,injury_rating_impact_rules,rule,213,injury_rating_impact_rules:213,"{""injury_family_id"":""STINGER"",""severity_tier"":""minor"",""rating_key"":""blocking"",""temporary_penalty_min"":""-0.5"",""temporary_penalty_max"":""0.0"",""permanent_penalty_min"":""0"",""permanent_penalty_max"":""0"",""notes"":""History backfill should apply permanent penalty only for major/medical paths and keep most minor/moderate effects historical.""}"
injuries,injury_rating_impact_rules.csv,injury_rating_impact_rules,rule,214,injury_rating_impact_rules:214,"{""injury_family_id"":""STINGER"",""severity_tier"":""moderate"",""rating_key"":""blocking"",""temporary_penalty_min"":""-1.2"",""temporary_penalty_max"":""0.0"",""permanent_penalty_min"":""-0.3"",""permanent_penalty_max"":""0.0"",""notes"":""History backfill should apply permanent penalty only for major/medical paths and keep most minor/moderate effects historical.""}"
injuries,injury_rating_impact_rules.csv,injury_rating_impact_rules,rule,215,injury_rating_impact_rules:215,"{""injury_family_id"":""STINGER"",""severity_tier"":""major"",""rating_key"":""blocking"",""temporary_penalty_min"":""-2.0"",""temporary_penalty_max"":""0.0"",""permanent_penalty_min"":""-1.1"",""permanent_penalty_max"":""0.0"",""notes"":""History backfill should apply permanent penalty only for major/medical paths and keep most minor/moderate effects historical.""}"
injuries,injury_rating_impact_rules.csv,injury_rating_impact_rules,rule,216,injury_rating_impact_rules:216,"{""injury_family_id"":""STINGER"",""severity_tier"":""career_medical_flag"",""rating_key"":""blocking"",""temporary_penalty_min"":""-2.9"",""temporary_penalty_max"":""0.0"",""permanent_penalty_min"":""-2.0"",""permanent_penalty_max"":""0.0"",""notes"":""History backfill should apply permanent penalty only for major/medical paths and keep most minor/moderate effects historical.""}"
injuries,injury_rating_impact_rules.csv,injury_rating_impact_rules,rule,217,injury_rating_impact_rules:217,"{""injury_family_id"":""STINGER"",""severity_tier"":""minor"",""rating_key"":""durability"",""temporary_penalty_min"":""-0.5"",""temporary_penalty_max"":""0.0"",""permanent_penalty_min"":""0"",""permanent_penalty_max"":""0"",""notes"":""History backfill should apply permanent penalty only for major/medical paths and keep most minor/moderate effects historical.""}"
injuries,injury_rating_impact_rules.csv,injury_rating_impact_rules,rule,218,injury_rating_impact_rules:218,"{""injury_family_id"":""STINGER"",""severity_tier"":""moderate"",""rating_key"":""durability"",""temporary_penalty_min"":""-1.2"",""temporary_penalty_max"":""0.0"",""permanent_penalty_min"":""-0.3"",""permanent_penalty_max"":""0.0"",""notes"":""History backfill should apply permanent penalty only for major/medical paths and keep most minor/moderate effects historical.""}"
injuries,injury_rating_impact_rules.csv,injury_rating_impact_rules,rule,219,injury_rating_impact_rules:219,"{""injury_family_id"":""STINGER"",""severity_tier"":""major"",""rating_key"":""durability"",""temporary_penalty_min"":""-2.0"",""temporary_penalty_max"":""0.0"",""permanent_penalty_min"":""-1.1"",""permanent_penalty_max"":""0.0"",""notes"":""History backfill should apply permanent penalty only for major/medical paths and keep most minor/moderate effects historical.""}"
injuries,injury_rating_impact_rules.csv,injury_rating_impact_rules,rule,220,injury_rating_impact_rules:220,"{""injury_family_id"":""STINGER"",""severity_tier"":""career_medical_flag"",""rating_key"":""durability"",""temporary_penalty_min"":""-2.9"",""temporary_penalty_max"":""0.0"",""permanent_penalty_min"":""-2.0"",""permanent_penalty_max"":""0.0"",""notes"":""History backfill should apply permanent penalty only for major/medical paths and keep most minor/moderate effects historical.""}"
injuries,injury_rating_impact_rules.csv,injury_rating_impact_rules,rule,221,injury_rating_impact_rules:221,"{""injury_family_id"":""QUAD_CALF"",""severity_tier"":""minor"",""rating_key"":""speed"",""temporary_penalty_min"":""-0.5"",""temporary_penalty_max"":""0.0"",""permanent_penalty_min"":""0"",""permanent_penalty_max"":""0"",""notes"":""History backfill should apply permanent penalty only for major/medical paths and keep most minor/moderate effects historical.""}"
injuries,injury_rating_impact_rules.csv,injury_rating_impact_rules,rule,222,injury_rating_impact_rules:222,"{""injury_family_id"":""QUAD_CALF"",""severity_tier"":""moderate"",""rating_key"":""speed"",""temporary_penalty_min"":""-1.2"",""temporary_penalty_max"":""0.0"",""permanent_penalty_min"":""-0.3"",""permanent_penalty_max"":""0.0"",""notes"":""History backfill should apply permanent penalty only for major/medical paths and keep most minor/moderate effects historical.""}"
injuries,injury_rating_impact_rules.csv,injury_rating_impact_rules,rule,223,injury_rating_impact_rules:223,"{""injury_family_id"":""QUAD_CALF"",""severity_tier"":""major"",""rating_key"":""speed"",""temporary_penalty_min"":""-2.0"",""temporary_penalty_max"":""0.0"",""permanent_penalty_min"":""-1.1"",""permanent_penalty_max"":""0.0"",""notes"":""History backfill should apply permanent penalty only for major/medical paths and keep most minor/moderate effects historical.""}"
injuries,injury_rating_impact_rules.csv,injury_rating_impact_rules,rule,224,injury_rating_impact_rules:224,"{""injury_family_id"":""QUAD_CALF"",""severity_tier"":""career_medical_flag"",""rating_key"":""speed"",""temporary_penalty_min"":""-2.9"",""temporary_penalty_max"":""0.0"",""permanent_penalty_min"":""-2.0"",""permanent_penalty_max"":""0.0"",""notes"":""History backfill should apply permanent penalty only for major/medical paths and keep most minor/moderate effects historical.""}"
injuries,injury_rating_impact_rules.csv,injury_rating_impact_rules,rule,225,injury_rating_impact_rules:225,"{""injury_family_id"":""QUAD_CALF"",""severity_tier"":""minor"",""rating_key"":""acceleration"",""temporary_penalty_min"":""-0.75"",""temporary_penalty_max"":""-0.25"",""permanent_penalty_min"":""0"",""permanent_penalty_max"":""0"",""notes"":""History backfill should apply permanent penalty only for major/medical paths and keep most minor/moderate effects historical.""}"
injuries,injury_rating_impact_rules.csv,injury_rating_impact_rules,rule,226,injury_rating_impact_rules:226,"{""injury_family_id"":""QUAD_CALF"",""severity_tier"":""moderate"",""rating_key"":""acceleration"",""temporary_penalty_min"":""-1.8"",""temporary_penalty_max"":""-0.6"",""permanent_penalty_min"":""-0.45"",""permanent_penalty_max"":""-0.15"",""notes"":""History backfill should apply permanent penalty only for major/medical paths and keep most minor/moderate effects historical.""}"
injuries,injury_rating_impact_rules.csv,injury_rating_impact_rules,rule,227,injury_rating_impact_rules:227,"{""injury_family_id"":""QUAD_CALF"",""severity_tier"":""major"",""rating_key"":""acceleration"",""temporary_penalty_min"":""-3.0"",""temporary_penalty_max"":""-1.0"",""permanent_penalty_min"":""-1.65"",""permanent_penalty_max"":""-0.55"",""notes"":""History backfill should apply permanent penalty only for major/medical paths and keep most minor/moderate effects historical.""}"
injuries,injury_rating_impact_rules.csv,injury_rating_impact_rules,rule,228,injury_rating_impact_rules:228,"{""injury_family_id"":""QUAD_CALF"",""severity_tier"":""career_medical_flag"",""rating_key"":""acceleration"",""temporary_penalty_min"":""-4.35"",""temporary_penalty_max"":""-1.45"",""permanent_penalty_min"":""-3.0"",""permanent_penalty_max"":""-1.0"",""notes"":""History backfill should apply permanent penalty only for major/medical paths and keep most minor/moderate effects historical.""}"
injuries,injury_rating_impact_rules.csv,injury_rating_impact_rules,rule,229,injury_rating_impact_rules:229,"{""injury_family_id"":""QUAD_CALF"",""severity_tier"":""minor"",""rating_key"":""stamina"",""temporary_penalty_min"":""-0.5"",""temporary_penalty_max"":""0.0"",""permanent_penalty_min"":""0"",""permanent_penalty_max"":""0"",""notes"":""History backfill should apply permanent penalty only for major/medical paths and keep most minor/moderate effects historical.""}"
injuries,injury_rating_impact_rules.csv,injury_rating_impact_rules,rule,230,injury_rating_impact_rules:230,"{""injury_family_id"":""QUAD_CALF"",""severity_tier"":""moderate"",""rating_key"":""stamina"",""temporary_penalty_min"":""-1.2"",""temporary_penalty_max"":""0.0"",""permanent_penalty_min"":""-0.3"",""permanent_penalty_max"":""0.0"",""notes"":""History backfill should apply permanent penalty only for major/medical paths and keep most minor/moderate effects historical.""}"
injuries,injury_rating_impact_rules.csv,injury_rating_impact_rules,rule,231,injury_rating_impact_rules:231,"{""injury_family_id"":""QUAD_CALF"",""severity_tier"":""major"",""rating_key"":""stamina"",""temporary_penalty_min"":""-2.0"",""temporary_penalty_max"":""0.0"",""permanent_penalty_min"":""-1.1"",""permanent_penalty_max"":""0.0"",""notes"":""History backfill should apply permanent penalty only for major/medical paths and keep most minor/moderate effects historical.""}"
injuries,injury_rating_impact_rules.csv,injury_rating_impact_rules,rule,232,injury_rating_impact_rules:232,"{""injury_family_id"":""QUAD_CALF"",""severity_tier"":""career_medical_flag"",""rating_key"":""stamina"",""temporary_penalty_min"":""-2.9"",""temporary_penalty_max"":""0.0"",""permanent_penalty_min"":""-2.0"",""permanent_penalty_max"":""0.0"",""notes"":""History backfill should apply permanent penalty only for major/medical paths and keep most minor/moderate effects historical.""}"
injuries,injury_rating_impact_rules.csv,injury_rating_impact_rules,rule,233,injury_rating_impact_rules:233,"{""injury_family_id"":""QUAD_CALF"",""severity_tier"":""minor"",""rating_key"":""durability"",""temporary_penalty_min"":""-0.5"",""temporary_penalty_max"":""0.0"",""permanent_penalty_min"":""0"",""permanent_penalty_max"":""0"",""notes"":""History backfill should apply permanent penalty only for major/medical paths and keep most minor/moderate effects historical.""}"
injuries,injury_rating_impact_rules.csv,injury_rating_impact_rules,rule,234,injury_rating_impact_rules:234,"{""injury_family_id"":""QUAD_CALF"",""severity_tier"":""moderate"",""rating_key"":""durability"",""temporary_penalty_min"":""-1.2"",""temporary_penalty_max"":""0.0"",""permanent_penalty_min"":""-0.3"",""permanent_penalty_max"":""0.0"",""notes"":""History backfill should apply permanent penalty only for major/medical paths and keep most minor/moderate effects historical.""}"
injuries,injury_rating_impact_rules.csv,injury_rating_impact_rules,rule,235,injury_rating_impact_rules:235,"{""injury_family_id"":""QUAD_CALF"",""severity_tier"":""major"",""rating_key"":""durability"",""temporary_penalty_min"":""-2.0"",""temporary_penalty_max"":""0.0"",""permanent_penalty_min"":""-1.1"",""permanent_penalty_max"":""0.0"",""notes"":""History backfill should apply permanent penalty only for major/medical paths and keep most minor/moderate effects historical.""}"
injuries,injury_rating_impact_rules.csv,injury_rating_impact_rules,rule,236,injury_rating_impact_rules:236,"{""injury_family_id"":""QUAD_CALF"",""severity_tier"":""career_medical_flag"",""rating_key"":""durability"",""temporary_penalty_min"":""-2.9"",""temporary_penalty_max"":""0.0"",""permanent_penalty_min"":""-2.0"",""permanent_penalty_max"":""0.0"",""notes"":""History backfill should apply permanent penalty only for major/medical paths and keep most minor/moderate effects historical.""}"
injuries,injury_rating_impact_rules.csv,injury_rating_impact_rules,rule,237,injury_rating_impact_rules:237,"{""injury_family_id"":""ILLNESS_NONFOOTBALL"",""severity_tier"":""minor"",""rating_key"":""stamina"",""temporary_penalty_min"":""-0.25"",""temporary_penalty_max"":""0.0"",""permanent_penalty_min"":""0"",""permanent_penalty_max"":""0"",""notes"":""History backfill should apply permanent penalty only for major/medical paths and keep most minor/moderate effects historical.""}"
injuries,injury_rating_impact_rules.csv,injury_rating_impact_rules,rule,238,injury_rating_impact_rules:238,"{""injury_family_id"":""ILLNESS_NONFOOTBALL"",""severity_tier"":""moderate"",""rating_key"":""stamina"",""temporary_penalty_min"":""-0.6"",""temporary_penalty_max"":""0.0"",""permanent_penalty_min"":""-0.15"",""permanent_penalty_max"":""0.0"",""notes"":""History backfill should apply permanent penalty only for major/medical paths and keep most minor/moderate effects historical.""}"
injuries,injury_rating_impact_rules.csv,injury_rating_impact_rules,rule,239,injury_rating_impact_rules:239,"{""injury_family_id"":""ILLNESS_NONFOOTBALL"",""severity_tier"":""major"",""rating_key"":""stamina"",""temporary_penalty_min"":""-1.0"",""temporary_penalty_max"":""0.0"",""permanent_penalty_min"":""-0.55"",""permanent_penalty_max"":""0.0"",""notes"":""History backfill should apply permanent penalty only for major/medical paths and keep most minor/moderate effects historical.""}"
injuries,injury_rating_impact_rules.csv,injury_rating_impact_rules,rule,240,injury_rating_impact_rules:240,"{""injury_family_id"":""ILLNESS_NONFOOTBALL"",""severity_tier"":""career_medical_flag"",""rating_key"":""stamina"",""temporary_penalty_min"":""-1.45"",""temporary_penalty_max"":""0.0"",""permanent_penalty_min"":""-1.0"",""permanent_penalty_max"":""0.0"",""notes"":""History backfill should apply permanent penalty only for major/medical paths and keep most minor/moderate effects historical.""}"
injuries,injury_rating_impact_rules.csv,injury_rating_impact_rules,rule,241,injury_rating_impact_rules:241,"{""injury_family_id"":""ILLNESS_NONFOOTBALL"",""severity_tier"":""minor"",""rating_key"":""durability"",""temporary_penalty_min"":""-0.25"",""temporary_penalty_max"":""0.0"",""permanent_penalty_min"":""0"",""permanent_penalty_max"":""0"",""notes"":""History backfill should apply permanent penalty only for major/medical paths and keep most minor/moderate effects historical.""}"
injuries,injury_rating_impact_rules.csv,injury_rating_impact_rules,rule,242,injury_rating_impact_rules:242,"{""injury_family_id"":""ILLNESS_NONFOOTBALL"",""severity_tier"":""moderate"",""rating_key"":""durability"",""temporary_penalty_min"":""-0.6"",""temporary_penalty_max"":""0.0"",""permanent_penalty_min"":""-0.15"",""permanent_penalty_max"":""0.0"",""notes"":""History backfill should apply permanent penalty only for major/medical paths and keep most minor/moderate effects historical.""}"
injuries,injury_rating_impact_rules.csv,injury_rating_impact_rules,rule,243,injury_rating_impact_rules:243,"{""injury_family_id"":""ILLNESS_NONFOOTBALL"",""severity_tier"":""major"",""rating_key"":""durability"",""temporary_penalty_min"":""-1.0"",""temporary_penalty_max"":""0.0"",""permanent_penalty_min"":""-0.55"",""permanent_penalty_max"":""0.0"",""notes"":""History backfill should apply permanent penalty only for major/medical paths and keep most minor/moderate effects historical.""}"
injuries,injury_rating_impact_rules.csv,injury_rating_impact_rules,rule,244,injury_rating_impact_rules:244,"{""injury_family_id"":""ILLNESS_NONFOOTBALL"",""severity_tier"":""career_medical_flag"",""rating_key"":""durability"",""temporary_penalty_min"":""-1.45"",""temporary_penalty_max"":""0.0"",""permanent_penalty_min"":""-1.0"",""permanent_penalty_max"":""0.0"",""notes"":""History backfill should apply permanent penalty only for major/medical paths and keep most minor/moderate effects historical.""}"
injuries,injury_recurrence_risk_rules.csv,injury_recurrence_risk_rules,rule,1,injury_recurrence_risk_rules:1,"{""injury_family_id"":""CONCUSSION"",""severity_tier"":""minor"",""base_recurrence_probability_next_season"":""0.055"",""same_family_weight_multiplier"":""1.099"",""durability_penalty_min"":""0.33"",""durability_penalty_max"":""1.1"",""notes"":""Affects future injury sim and medical risk. Does not guarantee recurrence.""}"
injuries,injury_recurrence_risk_rules.csv,injury_recurrence_risk_rules,rule,2,injury_recurrence_risk_rules:2,"{""injury_family_id"":""CONCUSSION"",""severity_tier"":""moderate"",""base_recurrence_probability_next_season"":""0.1"",""same_family_weight_multiplier"":""1.18"",""durability_penalty_min"":""0.6"",""durability_penalty_max"":""2.0"",""notes"":""Affects future injury sim and medical risk. Does not guarantee recurrence.""}"
injuries,injury_recurrence_risk_rules.csv,injury_recurrence_risk_rules,rule,3,injury_recurrence_risk_rules:3,"{""injury_family_id"":""CONCUSSION"",""severity_tier"":""major"",""base_recurrence_probability_next_season"":""0.165"",""same_family_weight_multiplier"":""1.297"",""durability_penalty_min"":""0.99"",""durability_penalty_max"":""3.3"",""notes"":""Affects future injury sim and medical risk. Does not guarantee recurrence.""}"
injuries,injury_recurrence_risk_rules.csv,injury_recurrence_risk_rules,rule,4,injury_recurrence_risk_rules:4,"{""injury_family_id"":""CONCUSSION"",""severity_tier"":""career_medical_flag"",""base_recurrence_probability_next_season"":""0.235"",""same_family_weight_multiplier"":""1.423"",""durability_penalty_min"":""1.41"",""durability_penalty_max"":""4.7"",""notes"":""Affects future injury sim and medical risk. Does not guarantee recurrence.""}"
injuries,injury_recurrence_risk_rules.csv,injury_recurrence_risk_rules,rule,5,injury_recurrence_risk_rules:5,"{""injury_family_id"":""ACL"",""severity_tier"":""minor"",""base_recurrence_probability_next_season"":""0.072"",""same_family_weight_multiplier"":""1.099"",""durability_penalty_min"":""0.33"",""durability_penalty_max"":""1.1"",""notes"":""Affects future injury sim and medical risk. Does not guarantee recurrence.""}"
injuries,injury_recurrence_risk_rules.csv,injury_recurrence_risk_rules,rule,6,injury_recurrence_risk_rules:6,"{""injury_family_id"":""ACL"",""severity_tier"":""moderate"",""base_recurrence_probability_next_season"":""0.13"",""same_family_weight_multiplier"":""1.18"",""durability_penalty_min"":""0.6"",""durability_penalty_max"":""2.0"",""notes"":""Affects future injury sim and medical risk. Does not guarantee recurrence.""}"
injuries,injury_recurrence_risk_rules.csv,injury_recurrence_risk_rules,rule,7,injury_recurrence_risk_rules:7,"{""injury_family_id"":""ACL"",""severity_tier"":""major"",""base_recurrence_probability_next_season"":""0.214"",""same_family_weight_multiplier"":""1.297"",""durability_penalty_min"":""0.99"",""durability_penalty_max"":""3.3"",""notes"":""Affects future injury sim and medical risk. Does not guarantee recurrence.""}"
injuries,injury_recurrence_risk_rules.csv,injury_recurrence_risk_rules,rule,8,injury_recurrence_risk_rules:8,"{""injury_family_id"":""ACL"",""severity_tier"":""career_medical_flag"",""base_recurrence_probability_next_season"":""0.306"",""same_family_weight_multiplier"":""1.423"",""durability_penalty_min"":""1.41"",""durability_penalty_max"":""4.7"",""notes"":""Affects future injury sim and medical risk. Does not guarantee recurrence.""}"
injuries,injury_recurrence_risk_rules.csv,injury_recurrence_risk_rules,rule,9,injury_recurrence_risk_rules:9,"{""injury_family_id"":""MCL"",""severity_tier"":""minor"",""base_recurrence_probability_next_season"":""0.044"",""same_family_weight_multiplier"":""1.099"",""durability_penalty_min"":""0.33"",""durability_penalty_max"":""1.1"",""notes"":""Affects future injury sim and medical risk. Does not guarantee recurrence.""}"
injuries,injury_recurrence_risk_rules.csv,injury_recurrence_risk_rules,rule,10,injury_recurrence_risk_rules:10,"{""injury_family_id"":""MCL"",""severity_tier"":""moderate"",""base_recurrence_probability_next_season"":""0.08"",""same_family_weight_multiplier"":""1.18"",""durability_penalty_min"":""0.6"",""durability_penalty_max"":""2.0"",""notes"":""Affects future injury sim and medical risk. Does not guarantee recurrence.""}"
injuries,injury_recurrence_risk_rules.csv,injury_recurrence_risk_rules,rule,11,injury_recurrence_risk_rules:11,"{""injury_family_id"":""MCL"",""severity_tier"":""major"",""base_recurrence_probability_next_season"":""0.132"",""same_family_weight_multiplier"":""1.297"",""durability_penalty_min"":""0.99"",""durability_penalty_max"":""3.3"",""notes"":""Affects future injury sim and medical risk. Does not guarantee recurrence.""}"
injuries,injury_recurrence_risk_rules.csv,injury_recurrence_risk_rules,rule,12,injury_recurrence_risk_rules:12,"{""injury_family_id"":""MCL"",""severity_tier"":""career_medical_flag"",""base_recurrence_probability_next_season"":""0.188"",""same_family_weight_multiplier"":""1.423"",""durability_penalty_min"":""1.41"",""durability_penalty_max"":""4.7"",""notes"":""Affects future injury sim and medical risk. Does not guarantee recurrence.""}"
injuries,injury_recurrence_risk_rules.csv,injury_recurrence_risk_rules,rule,13,injury_recurrence_risk_rules:13,"{""injury_family_id"":""MENISCUS"",""severity_tier"":""minor"",""base_recurrence_probability_next_season"":""0.055"",""same_family_weight_multiplier"":""1.099"",""durability_penalty_min"":""0.33"",""durability_penalty_max"":""1.1"",""notes"":""Affects future injury sim and medical risk. Does not guarantee recurrence.""}"
injuries,injury_recurrence_risk_rules.csv,injury_recurrence_risk_rules,rule,14,injury_recurrence_risk_rules:14,"{""injury_family_id"":""MENISCUS"",""severity_tier"":""moderate"",""base_recurrence_probability_next_season"":""0.1"",""same_family_weight_multiplier"":""1.18"",""durability_penalty_min"":""0.6"",""durability_penalty_max"":""2.0"",""notes"":""Affects future injury sim and medical risk. Does not guarantee recurrence.""}"
injuries,injury_recurrence_risk_rules.csv,injury_recurrence_risk_rules,rule,15,injury_recurrence_risk_rules:15,"{""injury_family_id"":""MENISCUS"",""severity_tier"":""major"",""base_recurrence_probability_next_season"":""0.165"",""same_family_weight_multiplier"":""1.297"",""durability_penalty_min"":""0.99"",""durability_penalty_max"":""3.3"",""notes"":""Affects future injury sim and medical risk. Does not guarantee recurrence.""}"
injuries,injury_recurrence_risk_rules.csv,injury_recurrence_risk_rules,rule,16,injury_recurrence_risk_rules:16,"{""injury_family_id"":""MENISCUS"",""severity_tier"":""career_medical_flag"",""base_recurrence_probability_next_season"":""0.235"",""same_family_weight_multiplier"":""1.423"",""durability_penalty_min"":""1.41"",""durability_penalty_max"":""4.7"",""notes"":""Affects future injury sim and medical risk. Does not guarantee recurrence.""}"
injuries,injury_recurrence_risk_rules.csv,injury_recurrence_risk_rules,rule,17,injury_recurrence_risk_rules:17,"{""injury_family_id"":""ACHILLES"",""severity_tier"":""minor"",""base_recurrence_probability_next_season"":""0.05"",""same_family_weight_multiplier"":""1.099"",""durability_penalty_min"":""0.33"",""durability_penalty_max"":""1.1"",""notes"":""Affects future injury sim and medical risk. Does not guarantee recurrence.""}"
injuries,injury_recurrence_risk_rules.csv,injury_recurrence_risk_rules,rule,18,injury_recurrence_risk_rules:18,"{""injury_family_id"":""ACHILLES"",""severity_tier"":""moderate"",""base_recurrence_probability_next_season"":""0.09"",""same_family_weight_multiplier"":""1.18"",""durability_penalty_min"":""0.6"",""durability_penalty_max"":""2.0"",""notes"":""Affects future injury sim and medical risk. Does not guarantee recurrence.""}"
injuries,injury_recurrence_risk_rules.csv,injury_recurrence_risk_rules,rule,19,injury_recurrence_risk_rules:19,"{""injury_family_id"":""ACHILLES"",""severity_tier"":""major"",""base_recurrence_probability_next_season"":""0.148"",""same_family_weight_multiplier"":""1.297"",""durability_penalty_min"":""0.99"",""durability_penalty_max"":""3.3"",""notes"":""Affects future injury sim and medical risk. Does not guarantee recurrence.""}"
injuries,injury_recurrence_risk_rules.csv,injury_recurrence_risk_rules,rule,20,injury_recurrence_risk_rules:20,"{""injury_family_id"":""ACHILLES"",""severity_tier"":""career_medical_flag"",""base_recurrence_probability_next_season"":""0.211"",""same_family_weight_multiplier"":""1.423"",""durability_penalty_min"":""1.41"",""durability_penalty_max"":""4.7"",""notes"":""Affects future injury sim and medical risk. Does not guarantee recurrence.""}"
injuries,injury_recurrence_risk_rules.csv,injury_recurrence_risk_rules,rule,21,injury_recurrence_risk_rules:21,"{""injury_family_id"":""HAMSTRING"",""severity_tier"":""minor"",""base_recurrence_probability_next_season"":""0.11"",""same_family_weight_multiplier"":""1.099"",""durability_penalty_min"":""0.33"",""durability_penalty_max"":""1.1"",""notes"":""Affects future injury sim and medical risk. Does not guarantee recurrence.""}"
injuries,injury_recurrence_risk_rules.csv,injury_recurrence_risk_rules,rule,22,injury_recurrence_risk_rules:22,"{""injury_family_id"":""HAMSTRING"",""severity_tier"":""moderate"",""base_recurrence_probability_next_season"":""0.2"",""same_family_weight_multiplier"":""1.18"",""durability_penalty_min"":""0.6"",""durability_penalty_max"":""2.0"",""notes"":""Affects future injury sim and medical risk. Does not guarantee recurrence.""}"
injuries,injury_recurrence_risk_rules.csv,injury_recurrence_risk_rules,rule,23,injury_recurrence_risk_rules:23,"{""injury_family_id"":""HAMSTRING"",""severity_tier"":""major"",""base_recurrence_probability_next_season"":""0.33"",""same_family_weight_multiplier"":""1.297"",""durability_penalty_min"":""0.99"",""durability_penalty_max"":""3.3"",""notes"":""Affects future injury sim and medical risk. Does not guarantee recurrence.""}"
injuries,injury_recurrence_risk_rules.csv,injury_recurrence_risk_rules,rule,24,injury_recurrence_risk_rules:24,"{""injury_family_id"":""HAMSTRING"",""severity_tier"":""career_medical_flag"",""base_recurrence_probability_next_season"":""0.47"",""same_family_weight_multiplier"":""1.423"",""durability_penalty_min"":""1.41"",""durability_penalty_max"":""4.7"",""notes"":""Affects future injury sim and medical risk. Does not guarantee recurrence.""}"
injuries,injury_recurrence_risk_rules.csv,injury_recurrence_risk_rules,rule,25,injury_recurrence_risk_rules:25,"{""injury_family_id"":""GROIN"",""severity_tier"":""minor"",""base_recurrence_probability_next_season"":""0.077"",""same_family_weight_multiplier"":""1.099"",""durability_penalty_min"":""0.33"",""durability_penalty_max"":""1.1"",""notes"":""Affects future injury sim and medical risk. Does not guarantee recurrence.""}"
injuries,injury_recurrence_risk_rules.csv,injury_recurrence_risk_rules,rule,26,injury_recurrence_risk_rules:26,"{""injury_family_id"":""GROIN"",""severity_tier"":""moderate"",""base_recurrence_probability_next_season"":""0.14"",""same_family_weight_multiplier"":""1.18"",""durability_penalty_min"":""0.6"",""durability_penalty_max"":""2.0"",""notes"":""Affects future injury sim and medical risk. Does not guarantee recurrence.""}"
injuries,injury_recurrence_risk_rules.csv,injury_recurrence_risk_rules,rule,27,injury_recurrence_risk_rules:27,"{""injury_family_id"":""GROIN"",""severity_tier"":""major"",""base_recurrence_probability_next_season"":""0.231"",""same_family_weight_multiplier"":""1.297"",""durability_penalty_min"":""0.99"",""durability_penalty_max"":""3.3"",""notes"":""Affects future injury sim and medical risk. Does not guarantee recurrence.""}"
injuries,injury_recurrence_risk_rules.csv,injury_recurrence_risk_rules,rule,28,injury_recurrence_risk_rules:28,"{""injury_family_id"":""GROIN"",""severity_tier"":""career_medical_flag"",""base_recurrence_probability_next_season"":""0.329"",""same_family_weight_multiplier"":""1.423"",""durability_penalty_min"":""1.41"",""durability_penalty_max"":""4.7"",""notes"":""Affects future injury sim and medical risk. Does not guarantee recurrence.""}"
injuries,injury_recurrence_risk_rules.csv,injury_recurrence_risk_rules,rule,29,injury_recurrence_risk_rules:29,"{""injury_family_id"":""ANKLE"",""severity_tier"":""minor"",""base_recurrence_probability_next_season"":""0.066"",""same_family_weight_multiplier"":""1.099"",""durability_penalty_min"":""0.33"",""durability_penalty_max"":""1.1"",""notes"":""Affects future injury sim and medical risk. Does not guarantee recurrence.""}"
injuries,injury_recurrence_risk_rules.csv,injury_recurrence_risk_rules,rule,30,injury_recurrence_risk_rules:30,"{""injury_family_id"":""ANKLE"",""severity_tier"":""moderate"",""base_recurrence_probability_next_season"":""0.12"",""same_family_weight_multiplier"":""1.18"",""durability_penalty_min"":""0.6"",""durability_penalty_max"":""2.0"",""notes"":""Affects future injury sim and medical risk. Does not guarantee recurrence.""}"
injuries,injury_recurrence_risk_rules.csv,injury_recurrence_risk_rules,rule,31,injury_recurrence_risk_rules:31,"{""injury_family_id"":""ANKLE"",""severity_tier"":""major"",""base_recurrence_probability_next_season"":""0.198"",""same_family_weight_multiplier"":""1.297"",""durability_penalty_min"":""0.99"",""durability_penalty_max"":""3.3"",""notes"":""Affects future injury sim and medical risk. Does not guarantee recurrence.""}"
injuries,injury_recurrence_risk_rules.csv,injury_recurrence_risk_rules,rule,32,injury_recurrence_risk_rules:32,"{""injury_family_id"":""ANKLE"",""severity_tier"":""career_medical_flag"",""base_recurrence_probability_next_season"":""0.282"",""same_family_weight_multiplier"":""1.423"",""durability_penalty_min"":""1.41"",""durability_penalty_max"":""4.7"",""notes"":""Affects future injury sim and medical risk. Does not guarantee recurrence.""}"
injuries,injury_recurrence_risk_rules.csv,injury_recurrence_risk_rules,rule,33,injury_recurrence_risk_rules:33,"{""injury_family_id"":""HIGH_ANKLE"",""severity_tier"":""minor"",""base_recurrence_probability_next_season"":""0.066"",""same_family_weight_multiplier"":""1.099"",""durability_penalty_min"":""0.33"",""durability_penalty_max"":""1.1"",""notes"":""Affects future injury sim and medical risk. Does not guarantee recurrence.""}"
injuries,injury_recurrence_risk_rules.csv,injury_recurrence_risk_rules,rule,34,injury_recurrence_risk_rules:34,"{""injury_family_id"":""HIGH_ANKLE"",""severity_tier"":""moderate"",""base_recurrence_probability_next_season"":""0.12"",""same_family_weight_multiplier"":""1.18"",""durability_penalty_min"":""0.6"",""durability_penalty_max"":""2.0"",""notes"":""Affects future injury sim and medical risk. Does not guarantee recurrence.""}"
injuries,injury_recurrence_risk_rules.csv,injury_recurrence_risk_rules,rule,35,injury_recurrence_risk_rules:35,"{""injury_family_id"":""HIGH_ANKLE"",""severity_tier"":""major"",""base_recurrence_probability_next_season"":""0.198"",""same_family_weight_multiplier"":""1.297"",""durability_penalty_min"":""0.99"",""durability_penalty_max"":""3.3"",""notes"":""Affects future injury sim and medical risk. Does not guarantee recurrence.""}"
injuries,injury_recurrence_risk_rules.csv,injury_recurrence_risk_rules,rule,36,injury_recurrence_risk_rules:36,"{""injury_family_id"":""HIGH_ANKLE"",""severity_tier"":""career_medical_flag"",""base_recurrence_probability_next_season"":""0.282"",""same_family_weight_multiplier"":""1.423"",""durability_penalty_min"":""1.41"",""durability_penalty_max"":""4.7"",""notes"":""Affects future injury sim and medical risk. Does not guarantee recurrence.""}"
injuries,injury_recurrence_risk_rules.csv,injury_recurrence_risk_rules,rule,37,injury_recurrence_risk_rules:37,"{""injury_family_id"":""FOOT"",""severity_tier"":""minor"",""base_recurrence_probability_next_season"":""0.055"",""same_family_weight_multiplier"":""1.099"",""durability_penalty_min"":""0.33"",""durability_penalty_max"":""1.1"",""notes"":""Affects future injury sim and medical risk. Does not guarantee recurrence.""}"
injuries,injury_recurrence_risk_rules.csv,injury_recurrence_risk_rules,rule,38,injury_recurrence_risk_rules:38,"{""injury_family_id"":""FOOT"",""severity_tier"":""moderate"",""base_recurrence_probability_next_season"":""0.1"",""same_family_weight_multiplier"":""1.18"",""durability_penalty_min"":""0.6"",""durability_penalty_max"":""2.0"",""notes"":""Affects future injury sim and medical risk. Does not guarantee recurrence.""}"
injuries,injury_recurrence_risk_rules.csv,injury_recurrence_risk_rules,rule,39,injury_recurrence_risk_rules:39,"{""injury_family_id"":""FOOT"",""severity_tier"":""major"",""base_recurrence_probability_next_season"":""0.165"",""same_family_weight_multiplier"":""1.297"",""durability_penalty_min"":""0.99"",""durability_penalty_max"":""3.3"",""notes"":""Affects future injury sim and medical risk. Does not guarantee recurrence.""}"
injuries,injury_recurrence_risk_rules.csv,injury_recurrence_risk_rules,rule,40,injury_recurrence_risk_rules:40,"{""injury_family_id"":""FOOT"",""severity_tier"":""career_medical_flag"",""base_recurrence_probability_next_season"":""0.235"",""same_family_weight_multiplier"":""1.423"",""durability_penalty_min"":""1.41"",""durability_penalty_max"":""4.7"",""notes"":""Affects future injury sim and medical risk. Does not guarantee recurrence.""}"
injuries,injury_recurrence_risk_rules.csv,injury_recurrence_risk_rules,rule,41,injury_recurrence_risk_rules:41,"{""injury_family_id"":""SHOULDER"",""severity_tier"":""minor"",""base_recurrence_probability_next_season"":""0.066"",""same_family_weight_multiplier"":""1.099"",""durability_penalty_min"":""0.33"",""durability_penalty_max"":""1.1"",""notes"":""Affects future injury sim and medical risk. Does not guarantee recurrence.""}"
injuries,injury_recurrence_risk_rules.csv,injury_recurrence_risk_rules,rule,42,injury_recurrence_risk_rules:42,"{""injury_family_id"":""SHOULDER"",""severity_tier"":""moderate"",""base_recurrence_probability_next_season"":""0.12"",""same_family_weight_multiplier"":""1.18"",""durability_penalty_min"":""0.6"",""durability_penalty_max"":""2.0"",""notes"":""Affects future injury sim and medical risk. Does not guarantee recurrence.""}"
injuries,injury_recurrence_risk_rules.csv,injury_recurrence_risk_rules,rule,43,injury_recurrence_risk_rules:43,"{""injury_family_id"":""SHOULDER"",""severity_tier"":""major"",""base_recurrence_probability_next_season"":""0.198"",""same_family_weight_multiplier"":""1.297"",""durability_penalty_min"":""0.99"",""durability_penalty_max"":""3.3"",""notes"":""Affects future injury sim and medical risk. Does not guarantee recurrence.""}"
injuries,injury_recurrence_risk_rules.csv,injury_recurrence_risk_rules,rule,44,injury_recurrence_risk_rules:44,"{""injury_family_id"":""SHOULDER"",""severity_tier"":""career_medical_flag"",""base_recurrence_probability_next_season"":""0.282"",""same_family_weight_multiplier"":""1.423"",""durability_penalty_min"":""1.41"",""durability_penalty_max"":""4.7"",""notes"":""Affects future injury sim and medical risk. Does not guarantee recurrence.""}"
injuries,injury_recurrence_risk_rules.csv,injury_recurrence_risk_rules,rule,45,injury_recurrence_risk_rules:45,"{""injury_family_id"":""ELBOW"",""severity_tier"":""minor"",""base_recurrence_probability_next_season"":""0.044"",""same_family_weight_multiplier"":""1.099"",""durability_penalty_min"":""0.33"",""durability_penalty_max"":""1.1"",""notes"":""Affects future injury sim and medical risk. Does not guarantee recurrence.""}"
injuries,injury_recurrence_risk_rules.csv,injury_recurrence_risk_rules,rule,46,injury_recurrence_risk_rules:46,"{""injury_family_id"":""ELBOW"",""severity_tier"":""moderate"",""base_recurrence_probability_next_season"":""0.08"",""same_family_weight_multiplier"":""1.18"",""durability_penalty_min"":""0.6"",""durability_penalty_max"":""2.0"",""notes"":""Affects future injury sim and medical risk. Does not guarantee recurrence.""}"
injuries,injury_recurrence_risk_rules.csv,injury_recurrence_risk_rules,rule,47,injury_recurrence_risk_rules:47,"{""injury_family_id"":""ELBOW"",""severity_tier"":""major"",""base_recurrence_probability_next_season"":""0.132"",""same_family_weight_multiplier"":""1.297"",""durability_penalty_min"":""0.99"",""durability_penalty_max"":""3.3"",""notes"":""Affects future injury sim and medical risk. Does not guarantee recurrence.""}"
injuries,injury_recurrence_risk_rules.csv,injury_recurrence_risk_rules,rule,48,injury_recurrence_risk_rules:48,"{""injury_family_id"":""ELBOW"",""severity_tier"":""career_medical_flag"",""base_recurrence_probability_next_season"":""0.188"",""same_family_weight_multiplier"":""1.423"",""durability_penalty_min"":""1.41"",""durability_penalty_max"":""4.7"",""notes"":""Affects future injury sim and medical risk. Does not guarantee recurrence.""}"
injuries,injury_recurrence_risk_rules.csv,injury_recurrence_risk_rules,rule,49,injury_recurrence_risk_rules:49,"{""injury_family_id"":""HAND_WRIST"",""severity_tier"":""minor"",""base_recurrence_probability_next_season"":""0.022"",""same_family_weight_multiplier"":""1.099"",""durability_penalty_min"":""0.33"",""durability_penalty_max"":""1.1"",""notes"":""Affects future injury sim and medical risk. Does not guarantee recurrence.""}"
injuries,injury_recurrence_risk_rules.csv,injury_recurrence_risk_rules,rule,50,injury_recurrence_risk_rules:50,"{""injury_family_id"":""HAND_WRIST"",""severity_tier"":""moderate"",""base_recurrence_probability_next_season"":""0.04"",""same_family_weight_multiplier"":""1.18"",""durability_penalty_min"":""0.6"",""durability_penalty_max"":""2.0"",""notes"":""Affects future injury sim and medical risk. Does not guarantee recurrence.""}"
injuries,injury_recurrence_risk_rules.csv,injury_recurrence_risk_rules,rule,51,injury_recurrence_risk_rules:51,"{""injury_family_id"":""HAND_WRIST"",""severity_tier"":""major"",""base_recurrence_probability_next_season"":""0.066"",""same_family_weight_multiplier"":""1.297"",""durability_penalty_min"":""0.99"",""durability_penalty_max"":""3.3"",""notes"":""Affects future injury sim and medical risk. Does not guarantee recurrence.""}"
injuries,injury_recurrence_risk_rules.csv,injury_recurrence_risk_rules,rule,52,injury_recurrence_risk_rules:52,"{""injury_family_id"":""HAND_WRIST"",""severity_tier"":""career_medical_flag"",""base_recurrence_probability_next_season"":""0.094"",""same_family_weight_multiplier"":""1.423"",""durability_penalty_min"":""1.41"",""durability_penalty_max"":""4.7"",""notes"":""Affects future injury sim and medical risk. Does not guarantee recurrence.""}"
injuries,injury_recurrence_risk_rules.csv,injury_recurrence_risk_rules,rule,53,injury_recurrence_risk_rules:53,"{""injury_family_id"":""RIB_CHEST"",""severity_tier"":""minor"",""base_recurrence_probability_next_season"":""0.022"",""same_family_weight_multiplier"":""1.099"",""durability_penalty_min"":""0.33"",""durability_penalty_max"":""1.1"",""notes"":""Affects future injury sim and medical risk. Does not guarantee recurrence.""}"
injuries,injury_recurrence_risk_rules.csv,injury_recurrence_risk_rules,rule,54,injury_recurrence_risk_rules:54,"{""injury_family_id"":""RIB_CHEST"",""severity_tier"":""moderate"",""base_recurrence_probability_next_season"":""0.04"",""same_family_weight_multiplier"":""1.18"",""durability_penalty_min"":""0.6"",""durability_penalty_max"":""2.0"",""notes"":""Affects future injury sim and medical risk. Does not guarantee recurrence.""}"
injuries,injury_recurrence_risk_rules.csv,injury_recurrence_risk_rules,rule,55,injury_recurrence_risk_rules:55,"{""injury_family_id"":""RIB_CHEST"",""severity_tier"":""major"",""base_recurrence_probability_next_season"":""0.066"",""same_family_weight_multiplier"":""1.297"",""durability_penalty_min"":""0.99"",""durability_penalty_max"":""3.3"",""notes"":""Affects future injury sim and medical risk. Does not guarantee recurrence.""}"
injuries,injury_recurrence_risk_rules.csv,injury_recurrence_risk_rules,rule,56,injury_recurrence_risk_rules:56,"{""injury_family_id"":""RIB_CHEST"",""severity_tier"":""career_medical_flag"",""base_recurrence_probability_next_season"":""0.094"",""same_family_weight_multiplier"":""1.423"",""durability_penalty_min"":""1.41"",""durability_penalty_max"":""4.7"",""notes"":""Affects future injury sim and medical risk. Does not guarantee recurrence.""}"
injuries,injury_recurrence_risk_rules.csv,injury_recurrence_risk_rules,rule,57,injury_recurrence_risk_rules:57,"{""injury_family_id"":""BACK"",""severity_tier"":""minor"",""base_recurrence_probability_next_season"":""0.088"",""same_family_weight_multiplier"":""1.099"",""durability_penalty_min"":""0.33"",""durability_penalty_max"":""1.1"",""notes"":""Affects future injury sim and medical risk. Does not guarantee recurrence.""}"
injuries,injury_recurrence_risk_rules.csv,injury_recurrence_risk_rules,rule,58,injury_recurrence_risk_rules:58,"{""injury_family_id"":""BACK"",""severity_tier"":""moderate"",""base_recurrence_probability_next_season"":""0.16"",""same_family_weight_multiplier"":""1.18"",""durability_penalty_min"":""0.6"",""durability_penalty_max"":""2.0"",""notes"":""Affects future injury sim and medical risk. Does not guarantee recurrence.""}"
injuries,injury_recurrence_risk_rules.csv,injury_recurrence_risk_rules,rule,59,injury_recurrence_risk_rules:59,"{""injury_family_id"":""BACK"",""severity_tier"":""major"",""base_recurrence_probability_next_season"":""0.264"",""same_family_weight_multiplier"":""1.297"",""durability_penalty_min"":""0.99"",""durability_penalty_max"":""3.3"",""notes"":""Affects future injury sim and medical risk. Does not guarantee recurrence.""}"
injuries,injury_recurrence_risk_rules.csv,injury_recurrence_risk_rules,rule,60,injury_recurrence_risk_rules:60,"{""injury_family_id"":""BACK"",""severity_tier"":""career_medical_flag"",""base_recurrence_probability_next_season"":""0.376"",""same_family_weight_multiplier"":""1.423"",""durability_penalty_min"":""1.41"",""durability_penalty_max"":""4.7"",""notes"":""Affects future injury sim and medical risk. Does not guarantee recurrence.""}"
injuries,injury_recurrence_risk_rules.csv,injury_recurrence_risk_rules,rule,61,injury_recurrence_risk_rules:61,"{""injury_family_id"":""STINGER"",""severity_tier"":""minor"",""base_recurrence_probability_next_season"":""0.077"",""same_family_weight_multiplier"":""1.099"",""durability_penalty_min"":""0.33"",""durability_penalty_max"":""1.1"",""notes"":""Affects future injury sim and medical risk. Does not guarantee recurrence.""}"
injuries,injury_recurrence_risk_rules.csv,injury_recurrence_risk_rules,rule,62,injury_recurrence_risk_rules:62,"{""injury_family_id"":""STINGER"",""severity_tier"":""moderate"",""base_recurrence_probability_next_season"":""0.14"",""same_family_weight_multiplier"":""1.18"",""durability_penalty_min"":""0.6"",""durability_penalty_max"":""2.0"",""notes"":""Affects future injury sim and medical risk. Does not guarantee recurrence.""}"
injuries,injury_recurrence_risk_rules.csv,injury_recurrence_risk_rules,rule,63,injury_recurrence_risk_rules:63,"{""injury_family_id"":""STINGER"",""severity_tier"":""major"",""base_recurrence_probability_next_season"":""0.231"",""same_family_weight_multiplier"":""1.297"",""durability_penalty_min"":""0.99"",""durability_penalty_max"":""3.3"",""notes"":""Affects future injury sim and medical risk. Does not guarantee recurrence.""}"
injuries,injury_recurrence_risk_rules.csv,injury_recurrence_risk_rules,rule,64,injury_recurrence_risk_rules:64,"{""injury_family_id"":""STINGER"",""severity_tier"":""career_medical_flag"",""base_recurrence_probability_next_season"":""0.329"",""same_family_weight_multiplier"":""1.423"",""durability_penalty_min"":""1.41"",""durability_penalty_max"":""4.7"",""notes"":""Affects future injury sim and medical risk. Does not guarantee recurrence.""}"
injuries,injury_recurrence_risk_rules.csv,injury_recurrence_risk_rules,rule,65,injury_recurrence_risk_rules:65,"{""injury_family_id"":""QUAD_CALF"",""severity_tier"":""minor"",""base_recurrence_probability_next_season"":""0.088"",""same_family_weight_multiplier"":""1.099"",""durability_penalty_min"":""0.33"",""durability_penalty_max"":""1.1"",""notes"":""Affects future injury sim and medical risk. Does not guarantee recurrence.""}"
injuries,injury_recurrence_risk_rules.csv,injury_recurrence_risk_rules,rule,66,injury_recurrence_risk_rules:66,"{""injury_family_id"":""QUAD_CALF"",""severity_tier"":""moderate"",""base_recurrence_probability_next_season"":""0.16"",""same_family_weight_multiplier"":""1.18"",""durability_penalty_min"":""0.6"",""durability_penalty_max"":""2.0"",""notes"":""Affects future injury sim and medical risk. Does not guarantee recurrence.""}"
injuries,injury_recurrence_risk_rules.csv,injury_recurrence_risk_rules,rule,67,injury_recurrence_risk_rules:67,"{""injury_family_id"":""QUAD_CALF"",""severity_tier"":""major"",""base_recurrence_probability_next_season"":""0.264"",""same_family_weight_multiplier"":""1.297"",""durability_penalty_min"":""0.99"",""durability_penalty_max"":""3.3"",""notes"":""Affects future injury sim and medical risk. Does not guarantee recurrence.""}"
injuries,injury_recurrence_risk_rules.csv,injury_recurrence_risk_rules,rule,68,injury_recurrence_risk_rules:68,"{""injury_family_id"":""QUAD_CALF"",""severity_tier"":""career_medical_flag"",""base_recurrence_probability_next_season"":""0.376"",""same_family_weight_multiplier"":""1.423"",""durability_penalty_min"":""1.41"",""durability_penalty_max"":""4.7"",""notes"":""Affects future injury sim and medical risk. Does not guarantee recurrence.""}"
injuries,injury_recurrence_risk_rules.csv,injury_recurrence_risk_rules,rule,69,injury_recurrence_risk_rules:69,"{""injury_family_id"":""ILLNESS_NONFOOTBALL"",""severity_tier"":""minor"",""base_recurrence_probability_next_season"":""0.017"",""same_family_weight_multiplier"":""1.099"",""durability_penalty_min"":""0.33"",""durability_penalty_max"":""1.1"",""notes"":""Affects future injury sim and medical risk. Does not guarantee recurrence.""}"
injuries,injury_recurrence_risk_rules.csv,injury_recurrence_risk_rules,rule,70,injury_recurrence_risk_rules:70,"{""injury_family_id"":""ILLNESS_NONFOOTBALL"",""severity_tier"":""moderate"",""base_recurrence_probability_next_season"":""0.03"",""same_family_weight_multiplier"":""1.18"",""durability_penalty_min"":""0.6"",""durability_penalty_max"":""2.0"",""notes"":""Affects future injury sim and medical risk. Does not guarantee recurrence.""}"
injuries,injury_recurrence_risk_rules.csv,injury_recurrence_risk_rules,rule,71,injury_recurrence_risk_rules:71,"{""injury_family_id"":""ILLNESS_NONFOOTBALL"",""severity_tier"":""major"",""base_recurrence_probability_next_season"":""0.049"",""same_family_weight_multiplier"":""1.297"",""durability_penalty_min"":""0.99"",""durability_penalty_max"":""3.3"",""notes"":""Affects future injury sim and medical risk. Does not guarantee recurrence.""}"
injuries,injury_recurrence_risk_rules.csv,injury_recurrence_risk_rules,rule,72,injury_recurrence_risk_rules:72,"{""injury_family_id"":""ILLNESS_NONFOOTBALL"",""severity_tier"":""career_medical_flag"",""base_recurrence_probability_next_season"":""0.07"",""same_family_weight_multiplier"":""1.423"",""durability_penalty_min"":""1.41"",""durability_penalty_max"":""4.7"",""notes"":""Affects future injury sim and medical risk. Does not guarantee recurrence.""}"
injuries,injury_return_to_play_recovery_curve.csv,injury_return_to_play_recovery_curve,runtime_tuning,1,injury_return_to_play_recovery_curve:1,"{""injury_family_id"":""CONCUSSION"",""severity_tier"":""minor"",""recovery_checkpoint"":""initial"",""week_marker"":""0"",""athletic_recovery_factor"":""0.55"",""technical_recovery_factor"":""0.7"",""medical_clearance_factor"":""0.1"",""notes"":""For reconstructing current state after old injury.""}"
injuries,injury_return_to_play_recovery_curve.csv,injury_return_to_play_recovery_curve,runtime_tuning,2,injury_return_to_play_recovery_curve:2,"{""injury_family_id"":""CONCUSSION"",""severity_tier"":""minor"",""recovery_checkpoint"":""mid_rehab"",""week_marker"":""1"",""athletic_recovery_factor"":""0.55"",""technical_recovery_factor"":""0.7"",""medical_clearance_factor"":""0.5"",""notes"":""For reconstructing current state after old injury.""}"
injuries,injury_return_to_play_recovery_curve.csv,injury_return_to_play_recovery_curve,runtime_tuning,3,injury_return_to_play_recovery_curve:3,"{""injury_family_id"":""CONCUSSION"",""severity_tier"":""minor"",""recovery_checkpoint"":""return_to_play"",""week_marker"":""2"",""athletic_recovery_factor"":""0.75"",""technical_recovery_factor"":""0.81"",""medical_clearance_factor"":""0.85"",""notes"":""For reconstructing current state after old injury.""}"
injuries,injury_return_to_play_recovery_curve.csv,injury_return_to_play_recovery_curve,runtime_tuning,4,injury_return_to_play_recovery_curve:4,"{""injury_family_id"":""CONCUSSION"",""severity_tier"":""minor"",""recovery_checkpoint"":""next_season"",""week_marker"":""2"",""athletic_recovery_factor"":""0.92"",""technical_recovery_factor"":""0.98"",""medical_clearance_factor"":""1.0"",""notes"":""For reconstructing current state after old injury.""}"
injuries,injury_return_to_play_recovery_curve.csv,injury_return_to_play_recovery_curve,runtime_tuning,5,injury_return_to_play_recovery_curve:5,"{""injury_family_id"":""CONCUSSION"",""severity_tier"":""minor"",""recovery_checkpoint"":""long_term"",""week_marker"":""2"",""athletic_recovery_factor"":""1.0"",""technical_recovery_factor"":""1.06"",""medical_clearance_factor"":""1.0"",""notes"":""For reconstructing current state after old injury.""}"
injuries,injury_return_to_play_recovery_curve.csv,injury_return_to_play_recovery_curve,runtime_tuning,6,injury_return_to_play_recovery_curve:6,"{""injury_family_id"":""CONCUSSION"",""severity_tier"":""moderate"",""recovery_checkpoint"":""initial"",""week_marker"":""0"",""athletic_recovery_factor"":""0.55"",""technical_recovery_factor"":""0.7"",""medical_clearance_factor"":""0"",""notes"":""For reconstructing current state after old injury.""}"
injuries,injury_return_to_play_recovery_curve.csv,injury_return_to_play_recovery_curve,runtime_tuning,7,injury_return_to_play_recovery_curve:7,"{""injury_family_id"":""CONCUSSION"",""severity_tier"":""moderate"",""recovery_checkpoint"":""mid_rehab"",""week_marker"":""3"",""athletic_recovery_factor"":""0.55"",""technical_recovery_factor"":""0.7"",""medical_clearance_factor"":""0.4"",""notes"":""For reconstructing current state after old injury.""}"
injuries,injury_return_to_play_recovery_curve.csv,injury_return_to_play_recovery_curve,runtime_tuning,8,injury_return_to_play_recovery_curve:8,"{""injury_family_id"":""CONCUSSION"",""severity_tier"":""moderate"",""recovery_checkpoint"":""return_to_play"",""week_marker"":""6"",""athletic_recovery_factor"":""0.75"",""technical_recovery_factor"":""0.81"",""medical_clearance_factor"":""0.75"",""notes"":""For reconstructing current state after old injury.""}"
injuries,injury_return_to_play_recovery_curve.csv,injury_return_to_play_recovery_curve,runtime_tuning,9,injury_return_to_play_recovery_curve:9,"{""injury_family_id"":""CONCUSSION"",""severity_tier"":""moderate"",""recovery_checkpoint"":""next_season"",""week_marker"":""7"",""athletic_recovery_factor"":""0.92"",""technical_recovery_factor"":""0.98"",""medical_clearance_factor"":""0.92"",""notes"":""For reconstructing current state after old injury.""}"
injuries,injury_return_to_play_recovery_curve.csv,injury_return_to_play_recovery_curve,runtime_tuning,10,injury_return_to_play_recovery_curve:10,"{""injury_family_id"":""CONCUSSION"",""severity_tier"":""moderate"",""recovery_checkpoint"":""long_term"",""week_marker"":""8"",""athletic_recovery_factor"":""1.0"",""technical_recovery_factor"":""1.06"",""medical_clearance_factor"":""1.0"",""notes"":""For reconstructing current state after old injury.""}"
injuries,injury_return_to_play_recovery_curve.csv,injury_return_to_play_recovery_curve,runtime_tuning,11,injury_return_to_play_recovery_curve:11,"{""injury_family_id"":""CONCUSSION"",""severity_tier"":""major"",""recovery_checkpoint"":""initial"",""week_marker"":""0"",""athletic_recovery_factor"":""0.55"",""technical_recovery_factor"":""0.7"",""medical_clearance_factor"":""0"",""notes"":""For reconstructing current state after old injury.""}"
injuries,injury_return_to_play_recovery_curve.csv,injury_return_to_play_recovery_curve,runtime_tuning,12,injury_return_to_play_recovery_curve:12,"{""injury_family_id"":""CONCUSSION"",""severity_tier"":""major"",""recovery_checkpoint"":""mid_rehab"",""week_marker"":""13"",""athletic_recovery_factor"":""0.55"",""technical_recovery_factor"":""0.7"",""medical_clearance_factor"":""0.4"",""notes"":""For reconstructing current state after old injury.""}"
injuries,injury_return_to_play_recovery_curve.csv,injury_return_to_play_recovery_curve,runtime_tuning,13,injury_return_to_play_recovery_curve:13,"{""injury_family_id"":""CONCUSSION"",""severity_tier"":""major"",""recovery_checkpoint"":""return_to_play"",""week_marker"":""24"",""athletic_recovery_factor"":""0.75"",""technical_recovery_factor"":""0.81"",""medical_clearance_factor"":""0.75"",""notes"":""For reconstructing current state after old injury.""}"
injuries,injury_return_to_play_recovery_curve.csv,injury_return_to_play_recovery_curve,runtime_tuning,14,injury_return_to_play_recovery_curve:14,"{""injury_family_id"":""CONCUSSION"",""severity_tier"":""major"",""recovery_checkpoint"":""next_season"",""week_marker"":""29"",""athletic_recovery_factor"":""0.92"",""technical_recovery_factor"":""0.98"",""medical_clearance_factor"":""0.92"",""notes"":""For reconstructing current state after old injury.""}"
injuries,injury_return_to_play_recovery_curve.csv,injury_return_to_play_recovery_curve,runtime_tuning,15,injury_return_to_play_recovery_curve:15,"{""injury_family_id"":""CONCUSSION"",""severity_tier"":""major"",""recovery_checkpoint"":""long_term"",""week_marker"":""32"",""athletic_recovery_factor"":""1.0"",""technical_recovery_factor"":""1.06"",""medical_clearance_factor"":""1.0"",""notes"":""For reconstructing current state after old injury.""}"
injuries,injury_return_to_play_recovery_curve.csv,injury_return_to_play_recovery_curve,runtime_tuning,16,injury_return_to_play_recovery_curve:16,"{""injury_family_id"":""CONCUSSION"",""severity_tier"":""career_medical_flag"",""recovery_checkpoint"":""initial"",""week_marker"":""0"",""athletic_recovery_factor"":""0.55"",""technical_recovery_factor"":""0.7"",""medical_clearance_factor"":""0"",""notes"":""For reconstructing current state after old injury.""}"
injuries,injury_return_to_play_recovery_curve.csv,injury_return_to_play_recovery_curve,runtime_tuning,17,injury_return_to_play_recovery_curve:17,"{""injury_family_id"":""CONCUSSION"",""severity_tier"":""career_medical_flag"",""recovery_checkpoint"":""mid_rehab"",""week_marker"":""21"",""athletic_recovery_factor"":""0.55"",""technical_recovery_factor"":""0.7"",""medical_clearance_factor"":""0.4"",""notes"":""For reconstructing current state after old injury.""}"
injuries,injury_return_to_play_recovery_curve.csv,injury_return_to_play_recovery_curve,runtime_tuning,18,injury_return_to_play_recovery_curve:18,"{""injury_family_id"":""CONCUSSION"",""severity_tier"":""career_medical_flag"",""recovery_checkpoint"":""return_to_play"",""week_marker"":""39"",""athletic_recovery_factor"":""0.75"",""technical_recovery_factor"":""0.81"",""medical_clearance_factor"":""0.75"",""notes"":""For reconstructing current state after old injury.""}"
injuries,injury_return_to_play_recovery_curve.csv,injury_return_to_play_recovery_curve,runtime_tuning,19,injury_return_to_play_recovery_curve:19,"{""injury_family_id"":""CONCUSSION"",""severity_tier"":""career_medical_flag"",""recovery_checkpoint"":""next_season"",""week_marker"":""48"",""athletic_recovery_factor"":""0.92"",""technical_recovery_factor"":""0.98"",""medical_clearance_factor"":""0.92"",""notes"":""For reconstructing current state after old injury.""}"
injuries,injury_return_to_play_recovery_curve.csv,injury_return_to_play_recovery_curve,runtime_tuning,20,injury_return_to_play_recovery_curve:20,"{""injury_family_id"":""CONCUSSION"",""severity_tier"":""career_medical_flag"",""recovery_checkpoint"":""long_term"",""week_marker"":""52"",""athletic_recovery_factor"":""1.0"",""technical_recovery_factor"":""1.06"",""medical_clearance_factor"":""1.0"",""notes"":""For reconstructing current state after old injury.""}"
injuries,injury_return_to_play_recovery_curve.csv,injury_return_to_play_recovery_curve,runtime_tuning,21,injury_return_to_play_recovery_curve:21,"{""injury_family_id"":""ACL"",""severity_tier"":""minor"",""recovery_checkpoint"":""initial"",""week_marker"":""0"",""athletic_recovery_factor"":""0.55"",""technical_recovery_factor"":""0.7"",""medical_clearance_factor"":""0.1"",""notes"":""For reconstructing current state after old injury.""}"
injuries,injury_return_to_play_recovery_curve.csv,injury_return_to_play_recovery_curve,runtime_tuning,22,injury_return_to_play_recovery_curve:22,"{""injury_family_id"":""ACL"",""severity_tier"":""minor"",""recovery_checkpoint"":""mid_rehab"",""week_marker"":""1"",""athletic_recovery_factor"":""0.55"",""technical_recovery_factor"":""0.7"",""medical_clearance_factor"":""0.5"",""notes"":""For reconstructing current state after old injury.""}"
injuries,injury_return_to_play_recovery_curve.csv,injury_return_to_play_recovery_curve,runtime_tuning,23,injury_return_to_play_recovery_curve:23,"{""injury_family_id"":""ACL"",""severity_tier"":""minor"",""recovery_checkpoint"":""return_to_play"",""week_marker"":""2"",""athletic_recovery_factor"":""0.75"",""technical_recovery_factor"":""0.81"",""medical_clearance_factor"":""0.85"",""notes"":""For reconstructing current state after old injury.""}"
injuries,injury_return_to_play_recovery_curve.csv,injury_return_to_play_recovery_curve,runtime_tuning,24,injury_return_to_play_recovery_curve:24,"{""injury_family_id"":""ACL"",""severity_tier"":""minor"",""recovery_checkpoint"":""next_season"",""week_marker"":""2"",""athletic_recovery_factor"":""0.92"",""technical_recovery_factor"":""0.98"",""medical_clearance_factor"":""1.0"",""notes"":""For reconstructing current state after old injury.""}"
injuries,injury_return_to_play_recovery_curve.csv,injury_return_to_play_recovery_curve,runtime_tuning,25,injury_return_to_play_recovery_curve:25,"{""injury_family_id"":""ACL"",""severity_tier"":""minor"",""recovery_checkpoint"":""long_term"",""week_marker"":""2"",""athletic_recovery_factor"":""1.0"",""technical_recovery_factor"":""1.06"",""medical_clearance_factor"":""1.0"",""notes"":""For reconstructing current state after old injury.""}"
injuries,injury_return_to_play_recovery_curve.csv,injury_return_to_play_recovery_curve,runtime_tuning,26,injury_return_to_play_recovery_curve:26,"{""injury_family_id"":""ACL"",""severity_tier"":""moderate"",""recovery_checkpoint"":""initial"",""week_marker"":""0"",""athletic_recovery_factor"":""0.55"",""technical_recovery_factor"":""0.7"",""medical_clearance_factor"":""0"",""notes"":""For reconstructing current state after old injury.""}"
injuries,injury_return_to_play_recovery_curve.csv,injury_return_to_play_recovery_curve,runtime_tuning,27,injury_return_to_play_recovery_curve:27,"{""injury_family_id"":""ACL"",""severity_tier"":""moderate"",""recovery_checkpoint"":""mid_rehab"",""week_marker"":""3"",""athletic_recovery_factor"":""0.55"",""technical_recovery_factor"":""0.7"",""medical_clearance_factor"":""0.4"",""notes"":""For reconstructing current state after old injury.""}"
injuries,injury_return_to_play_recovery_curve.csv,injury_return_to_play_recovery_curve,runtime_tuning,28,injury_return_to_play_recovery_curve:28,"{""injury_family_id"":""ACL"",""severity_tier"":""moderate"",""recovery_checkpoint"":""return_to_play"",""week_marker"":""6"",""athletic_recovery_factor"":""0.75"",""technical_recovery_factor"":""0.81"",""medical_clearance_factor"":""0.75"",""notes"":""For reconstructing current state after old injury.""}"
injuries,injury_return_to_play_recovery_curve.csv,injury_return_to_play_recovery_curve,runtime_tuning,29,injury_return_to_play_recovery_curve:29,"{""injury_family_id"":""ACL"",""severity_tier"":""moderate"",""recovery_checkpoint"":""next_season"",""week_marker"":""7"",""athletic_recovery_factor"":""0.92"",""technical_recovery_factor"":""0.98"",""medical_clearance_factor"":""0.92"",""notes"":""For reconstructing current state after old injury.""}"
injuries,injury_return_to_play_recovery_curve.csv,injury_return_to_play_recovery_curve,runtime_tuning,30,injury_return_to_play_recovery_curve:30,"{""injury_family_id"":""ACL"",""severity_tier"":""moderate"",""recovery_checkpoint"":""long_term"",""week_marker"":""8"",""athletic_recovery_factor"":""1.0"",""technical_recovery_factor"":""1.06"",""medical_clearance_factor"":""1.0"",""notes"":""For reconstructing current state after old injury.""}"
injuries,injury_return_to_play_recovery_curve.csv,injury_return_to_play_recovery_curve,runtime_tuning,31,injury_return_to_play_recovery_curve:31,"{""injury_family_id"":""ACL"",""severity_tier"":""major"",""recovery_checkpoint"":""initial"",""week_marker"":""0"",""athletic_recovery_factor"":""0.55"",""technical_recovery_factor"":""0.7"",""medical_clearance_factor"":""0"",""notes"":""For reconstructing current state after old injury.""}"
injuries,injury_return_to_play_recovery_curve.csv,injury_return_to_play_recovery_curve,runtime_tuning,32,injury_return_to_play_recovery_curve:32,"{""injury_family_id"":""ACL"",""severity_tier"":""major"",""recovery_checkpoint"":""mid_rehab"",""week_marker"":""13"",""athletic_recovery_factor"":""0.55"",""technical_recovery_factor"":""0.7"",""medical_clearance_factor"":""0.4"",""notes"":""For reconstructing current state after old injury.""}"
injuries,injury_return_to_play_recovery_curve.csv,injury_return_to_play_recovery_curve,runtime_tuning,33,injury_return_to_play_recovery_curve:33,"{""injury_family_id"":""ACL"",""severity_tier"":""major"",""recovery_checkpoint"":""return_to_play"",""week_marker"":""24"",""athletic_recovery_factor"":""0.63"",""technical_recovery_factor"":""0.81"",""medical_clearance_factor"":""0.75"",""notes"":""For reconstructing current state after old injury.""}"
injuries,injury_return_to_play_recovery_curve.csv,injury_return_to_play_recovery_curve,runtime_tuning,34,injury_return_to_play_recovery_curve:34,"{""injury_family_id"":""ACL"",""severity_tier"":""major"",""recovery_checkpoint"":""next_season"",""week_marker"":""29"",""athletic_recovery_factor"":""0.8"",""technical_recovery_factor"":""0.98"",""medical_clearance_factor"":""0.92"",""notes"":""For reconstructing current state after old injury.""}"
injuries,injury_return_to_play_recovery_curve.csv,injury_return_to_play_recovery_curve,runtime_tuning,35,injury_return_to_play_recovery_curve:35,"{""injury_family_id"":""ACL"",""severity_tier"":""major"",""recovery_checkpoint"":""long_term"",""week_marker"":""32"",""athletic_recovery_factor"":""0.88"",""technical_recovery_factor"":""1.06"",""medical_clearance_factor"":""1.0"",""notes"":""For reconstructing current state after old injury.""}"
injuries,injury_return_to_play_recovery_curve.csv,injury_return_to_play_recovery_curve,runtime_tuning,36,injury_return_to_play_recovery_curve:36,"{""injury_family_id"":""ACL"",""severity_tier"":""career_medical_flag"",""recovery_checkpoint"":""initial"",""week_marker"":""0"",""athletic_recovery_factor"":""0.55"",""technical_recovery_factor"":""0.7"",""medical_clearance_factor"":""0"",""notes"":""For reconstructing current state after old injury.""}"
injuries,injury_return_to_play_recovery_curve.csv,injury_return_to_play_recovery_curve,runtime_tuning,37,injury_return_to_play_recovery_curve:37,"{""injury_family_id"":""ACL"",""severity_tier"":""career_medical_flag"",""recovery_checkpoint"":""mid_rehab"",""week_marker"":""21"",""athletic_recovery_factor"":""0.55"",""technical_recovery_factor"":""0.7"",""medical_clearance_factor"":""0.4"",""notes"":""For reconstructing current state after old injury.""}"
injuries,injury_return_to_play_recovery_curve.csv,injury_return_to_play_recovery_curve,runtime_tuning,38,injury_return_to_play_recovery_curve:38,"{""injury_family_id"":""ACL"",""severity_tier"":""career_medical_flag"",""recovery_checkpoint"":""return_to_play"",""week_marker"":""39"",""athletic_recovery_factor"":""0.63"",""technical_recovery_factor"":""0.81"",""medical_clearance_factor"":""0.75"",""notes"":""For reconstructing current state after old injury.""}"
injuries,injury_return_to_play_recovery_curve.csv,injury_return_to_play_recovery_curve,runtime_tuning,39,injury_return_to_play_recovery_curve:39,"{""injury_family_id"":""ACL"",""severity_tier"":""career_medical_flag"",""recovery_checkpoint"":""next_season"",""week_marker"":""48"",""athletic_recovery_factor"":""0.8"",""technical_recovery_factor"":""0.98"",""medical_clearance_factor"":""0.92"",""notes"":""For reconstructing current state after old injury.""}"
injuries,injury_return_to_play_recovery_curve.csv,injury_return_to_play_recovery_curve,runtime_tuning,40,injury_return_to_play_recovery_curve:40,"{""injury_family_id"":""ACL"",""severity_tier"":""career_medical_flag"",""recovery_checkpoint"":""long_term"",""week_marker"":""52"",""athletic_recovery_factor"":""0.88"",""technical_recovery_factor"":""1.06"",""medical_clearance_factor"":""1.0"",""notes"":""For reconstructing current state after old injury.""}"
injuries,injury_return_to_play_recovery_curve.csv,injury_return_to_play_recovery_curve,runtime_tuning,41,injury_return_to_play_recovery_curve:41,"{""injury_family_id"":""MCL"",""severity_tier"":""minor"",""recovery_checkpoint"":""initial"",""week_marker"":""0"",""athletic_recovery_factor"":""0.55"",""technical_recovery_factor"":""0.7"",""medical_clearance_factor"":""0.1"",""notes"":""For reconstructing current state after old injury.""}"
injuries,injury_return_to_play_recovery_curve.csv,injury_return_to_play_recovery_curve,runtime_tuning,42,injury_return_to_play_recovery_curve:42,"{""injury_family_id"":""MCL"",""severity_tier"":""minor"",""recovery_checkpoint"":""mid_rehab"",""week_marker"":""1"",""athletic_recovery_factor"":""0.55"",""technical_recovery_factor"":""0.7"",""medical_clearance_factor"":""0.5"",""notes"":""For reconstructing current state after old injury.""}"
injuries,injury_return_to_play_recovery_curve.csv,injury_return_to_play_recovery_curve,runtime_tuning,43,injury_return_to_play_recovery_curve:43,"{""injury_family_id"":""MCL"",""severity_tier"":""minor"",""recovery_checkpoint"":""return_to_play"",""week_marker"":""2"",""athletic_recovery_factor"":""0.75"",""technical_recovery_factor"":""0.81"",""medical_clearance_factor"":""0.85"",""notes"":""For reconstructing current state after old injury.""}"
injuries,injury_return_to_play_recovery_curve.csv,injury_return_to_play_recovery_curve,runtime_tuning,44,injury_return_to_play_recovery_curve:44,"{""injury_family_id"":""MCL"",""severity_tier"":""minor"",""recovery_checkpoint"":""next_season"",""week_marker"":""2"",""athletic_recovery_factor"":""0.92"",""technical_recovery_factor"":""0.98"",""medical_clearance_factor"":""1.0"",""notes"":""For reconstructing current state after old injury.""}"
injuries,injury_return_to_play_recovery_curve.csv,injury_return_to_play_recovery_curve,runtime_tuning,45,injury_return_to_play_recovery_curve:45,"{""injury_family_id"":""MCL"",""severity_tier"":""minor"",""recovery_checkpoint"":""long_term"",""week_marker"":""2"",""athletic_recovery_factor"":""1.0"",""technical_recovery_factor"":""1.06"",""medical_clearance_factor"":""1.0"",""notes"":""For reconstructing current state after old injury.""}"
injuries,injury_return_to_play_recovery_curve.csv,injury_return_to_play_recovery_curve,runtime_tuning,46,injury_return_to_play_recovery_curve:46,"{""injury_family_id"":""MCL"",""severity_tier"":""moderate"",""recovery_checkpoint"":""initial"",""week_marker"":""0"",""athletic_recovery_factor"":""0.55"",""technical_recovery_factor"":""0.7"",""medical_clearance_factor"":""0"",""notes"":""For reconstructing current state after old injury.""}"
injuries,injury_return_to_play_recovery_curve.csv,injury_return_to_play_recovery_curve,runtime_tuning,47,injury_return_to_play_recovery_curve:47,"{""injury_family_id"":""MCL"",""severity_tier"":""moderate"",""recovery_checkpoint"":""mid_rehab"",""week_marker"":""3"",""athletic_recovery_factor"":""0.55"",""technical_recovery_factor"":""0.7"",""medical_clearance_factor"":""0.4"",""notes"":""For reconstructing current state after old injury.""}"
injuries,injury_return_to_play_recovery_curve.csv,injury_return_to_play_recovery_curve,runtime_tuning,48,injury_return_to_play_recovery_curve:48,"{""injury_family_id"":""MCL"",""severity_tier"":""moderate"",""recovery_checkpoint"":""return_to_play"",""week_marker"":""6"",""athletic_recovery_factor"":""0.75"",""technical_recovery_factor"":""0.81"",""medical_clearance_factor"":""0.75"",""notes"":""For reconstructing current state after old injury.""}"
injuries,injury_return_to_play_recovery_curve.csv,injury_return_to_play_recovery_curve,runtime_tuning,49,injury_return_to_play_recovery_curve:49,"{""injury_family_id"":""MCL"",""severity_tier"":""moderate"",""recovery_checkpoint"":""next_season"",""week_marker"":""7"",""athletic_recovery_factor"":""0.92"",""technical_recovery_factor"":""0.98"",""medical_clearance_factor"":""0.92"",""notes"":""For reconstructing current state after old injury.""}"
injuries,injury_return_to_play_recovery_curve.csv,injury_return_to_play_recovery_curve,runtime_tuning,50,injury_return_to_play_recovery_curve:50,"{""injury_family_id"":""MCL"",""severity_tier"":""moderate"",""recovery_checkpoint"":""long_term"",""week_marker"":""8"",""athletic_recovery_factor"":""1.0"",""technical_recovery_factor"":""1.06"",""medical_clearance_factor"":""1.0"",""notes"":""For reconstructing current state after old injury.""}"
injuries,injury_return_to_play_recovery_curve.csv,injury_return_to_play_recovery_curve,runtime_tuning,51,injury_return_to_play_recovery_curve:51,"{""injury_family_id"":""MCL"",""severity_tier"":""major"",""recovery_checkpoint"":""initial"",""week_marker"":""0"",""athletic_recovery_factor"":""0.55"",""technical_recovery_factor"":""0.7"",""medical_clearance_factor"":""0"",""notes"":""For reconstructing current state after old injury.""}"
injuries,injury_return_to_play_recovery_curve.csv,injury_return_to_play_recovery_curve,runtime_tuning,52,injury_return_to_play_recovery_curve:52,"{""injury_family_id"":""MCL"",""severity_tier"":""major"",""recovery_checkpoint"":""mid_rehab"",""week_marker"":""13"",""athletic_recovery_factor"":""0.55"",""technical_recovery_factor"":""0.7"",""medical_clearance_factor"":""0.4"",""notes"":""For reconstructing current state after old injury.""}"
injuries,injury_return_to_play_recovery_curve.csv,injury_return_to_play_recovery_curve,runtime_tuning,53,injury_return_to_play_recovery_curve:53,"{""injury_family_id"":""MCL"",""severity_tier"":""major"",""recovery_checkpoint"":""return_to_play"",""week_marker"":""24"",""athletic_recovery_factor"":""0.75"",""technical_recovery_factor"":""0.81"",""medical_clearance_factor"":""0.75"",""notes"":""For reconstructing current state after old injury.""}"
injuries,injury_return_to_play_recovery_curve.csv,injury_return_to_play_recovery_curve,runtime_tuning,54,injury_return_to_play_recovery_curve:54,"{""injury_family_id"":""MCL"",""severity_tier"":""major"",""recovery_checkpoint"":""next_season"",""week_marker"":""29"",""athletic_recovery_factor"":""0.92"",""technical_recovery_factor"":""0.98"",""medical_clearance_factor"":""0.92"",""notes"":""For reconstructing current state after old injury.""}"
injuries,injury_return_to_play_recovery_curve.csv,injury_return_to_play_recovery_curve,runtime_tuning,55,injury_return_to_play_recovery_curve:55,"{""injury_family_id"":""MCL"",""severity_tier"":""major"",""recovery_checkpoint"":""long_term"",""week_marker"":""32"",""athletic_recovery_factor"":""1.0"",""technical_recovery_factor"":""1.06"",""medical_clearance_factor"":""1.0"",""notes"":""For reconstructing current state after old injury.""}"
injuries,injury_return_to_play_recovery_curve.csv,injury_return_to_play_recovery_curve,runtime_tuning,56,injury_return_to_play_recovery_curve:56,"{""injury_family_id"":""MCL"",""severity_tier"":""career_medical_flag"",""recovery_checkpoint"":""initial"",""week_marker"":""0"",""athletic_recovery_factor"":""0.55"",""technical_recovery_factor"":""0.7"",""medical_clearance_factor"":""0"",""notes"":""For reconstructing current state after old injury.""}"
injuries,injury_return_to_play_recovery_curve.csv,injury_return_to_play_recovery_curve,runtime_tuning,57,injury_return_to_play_recovery_curve:57,"{""injury_family_id"":""MCL"",""severity_tier"":""career_medical_flag"",""recovery_checkpoint"":""mid_rehab"",""week_marker"":""21"",""athletic_recovery_factor"":""0.55"",""technical_recovery_factor"":""0.7"",""medical_clearance_factor"":""0.4"",""notes"":""For reconstructing current state after old injury.""}"
injuries,injury_return_to_play_recovery_curve.csv,injury_return_to_play_recovery_curve,runtime_tuning,58,injury_return_to_play_recovery_curve:58,"{""injury_family_id"":""MCL"",""severity_tier"":""career_medical_flag"",""recovery_checkpoint"":""return_to_play"",""week_marker"":""39"",""athletic_recovery_factor"":""0.75"",""technical_recovery_factor"":""0.81"",""medical_clearance_factor"":""0.75"",""notes"":""For reconstructing current state after old injury.""}"
injuries,injury_return_to_play_recovery_curve.csv,injury_return_to_play_recovery_curve,runtime_tuning,59,injury_return_to_play_recovery_curve:59,"{""injury_family_id"":""MCL"",""severity_tier"":""career_medical_flag"",""recovery_checkpoint"":""next_season"",""week_marker"":""48"",""athletic_recovery_factor"":""0.92"",""technical_recovery_factor"":""0.98"",""medical_clearance_factor"":""0.92"",""notes"":""For reconstructing current state after old injury.""}"
injuries,injury_return_to_play_recovery_curve.csv,injury_return_to_play_recovery_curve,runtime_tuning,60,injury_return_to_play_recovery_curve:60,"{""injury_family_id"":""MCL"",""severity_tier"":""career_medical_flag"",""recovery_checkpoint"":""long_term"",""week_marker"":""52"",""athletic_recovery_factor"":""1.0"",""technical_recovery_factor"":""1.06"",""medical_clearance_factor"":""1.0"",""notes"":""For reconstructing current state after old injury.""}"
injuries,injury_return_to_play_recovery_curve.csv,injury_return_to_play_recovery_curve,runtime_tuning,61,injury_return_to_play_recovery_curve:61,"{""injury_family_id"":""MENISCUS"",""severity_tier"":""minor"",""recovery_checkpoint"":""initial"",""week_marker"":""0"",""athletic_recovery_factor"":""0.55"",""technical_recovery_factor"":""0.7"",""medical_clearance_factor"":""0.1"",""notes"":""For reconstructing current state after old injury.""}"
injuries,injury_return_to_play_recovery_curve.csv,injury_return_to_play_recovery_curve,runtime_tuning,62,injury_return_to_play_recovery_curve:62,"{""injury_family_id"":""MENISCUS"",""severity_tier"":""minor"",""recovery_checkpoint"":""mid_rehab"",""week_marker"":""1"",""athletic_recovery_factor"":""0.55"",""technical_recovery_factor"":""0.7"",""medical_clearance_factor"":""0.5"",""notes"":""For reconstructing current state after old injury.""}"
injuries,injury_return_to_play_recovery_curve.csv,injury_return_to_play_recovery_curve,runtime_tuning,63,injury_return_to_play_recovery_curve:63,"{""injury_family_id"":""MENISCUS"",""severity_tier"":""minor"",""recovery_checkpoint"":""return_to_play"",""week_marker"":""2"",""athletic_recovery_factor"":""0.75"",""technical_recovery_factor"":""0.81"",""medical_clearance_factor"":""0.85"",""notes"":""For reconstructing current state after old injury.""}"
injuries,injury_return_to_play_recovery_curve.csv,injury_return_to_play_recovery_curve,runtime_tuning,64,injury_return_to_play_recovery_curve:64,"{""injury_family_id"":""MENISCUS"",""severity_tier"":""minor"",""recovery_checkpoint"":""next_season"",""week_marker"":""2"",""athletic_recovery_factor"":""0.92"",""technical_recovery_factor"":""0.98"",""medical_clearance_factor"":""1.0"",""notes"":""For reconstructing current state after old injury.""}"
injuries,injury_return_to_play_recovery_curve.csv,injury_return_to_play_recovery_curve,runtime_tuning,65,injury_return_to_play_recovery_curve:65,"{""injury_family_id"":""MENISCUS"",""severity_tier"":""minor"",""recovery_checkpoint"":""long_term"",""week_marker"":""2"",""athletic_recovery_factor"":""1.0"",""technical_recovery_factor"":""1.06"",""medical_clearance_factor"":""1.0"",""notes"":""For reconstructing current state after old injury.""}"
injuries,injury_return_to_play_recovery_curve.csv,injury_return_to_play_recovery_curve,runtime_tuning,66,injury_return_to_play_recovery_curve:66,"{""injury_family_id"":""MENISCUS"",""severity_tier"":""moderate"",""recovery_checkpoint"":""initial"",""week_marker"":""0"",""athletic_recovery_factor"":""0.55"",""technical_recovery_factor"":""0.7"",""medical_clearance_factor"":""0"",""notes"":""For reconstructing current state after old injury.""}"
injuries,injury_return_to_play_recovery_curve.csv,injury_return_to_play_recovery_curve,runtime_tuning,67,injury_return_to_play_recovery_curve:67,"{""injury_family_id"":""MENISCUS"",""severity_tier"":""moderate"",""recovery_checkpoint"":""mid_rehab"",""week_marker"":""3"",""athletic_recovery_factor"":""0.55"",""technical_recovery_factor"":""0.7"",""medical_clearance_factor"":""0.4"",""notes"":""For reconstructing current state after old injury.""}"
injuries,injury_return_to_play_recovery_curve.csv,injury_return_to_play_recovery_curve,runtime_tuning,68,injury_return_to_play_recovery_curve:68,"{""injury_family_id"":""MENISCUS"",""severity_tier"":""moderate"",""recovery_checkpoint"":""return_to_play"",""week_marker"":""6"",""athletic_recovery_factor"":""0.75"",""technical_recovery_factor"":""0.81"",""medical_clearance_factor"":""0.75"",""notes"":""For reconstructing current state after old injury.""}"
injuries,injury_return_to_play_recovery_curve.csv,injury_return_to_play_recovery_curve,runtime_tuning,69,injury_return_to_play_recovery_curve:69,"{""injury_family_id"":""MENISCUS"",""severity_tier"":""moderate"",""recovery_checkpoint"":""next_season"",""week_marker"":""7"",""athletic_recovery_factor"":""0.92"",""technical_recovery_factor"":""0.98"",""medical_clearance_factor"":""0.92"",""notes"":""For reconstructing current state after old injury.""}"
injuries,injury_return_to_play_recovery_curve.csv,injury_return_to_play_recovery_curve,runtime_tuning,70,injury_return_to_play_recovery_curve:70,"{""injury_family_id"":""MENISCUS"",""severity_tier"":""moderate"",""recovery_checkpoint"":""long_term"",""week_marker"":""8"",""athletic_recovery_factor"":""1.0"",""technical_recovery_factor"":""1.06"",""medical_clearance_factor"":""1.0"",""notes"":""For reconstructing current state after old injury.""}"
injuries,injury_return_to_play_recovery_curve.csv,injury_return_to_play_recovery_curve,runtime_tuning,71,injury_return_to_play_recovery_curve:71,"{""injury_family_id"":""MENISCUS"",""severity_tier"":""major"",""recovery_checkpoint"":""initial"",""week_marker"":""0"",""athletic_recovery_factor"":""0.55"",""technical_recovery_factor"":""0.7"",""medical_clearance_factor"":""0"",""notes"":""For reconstructing current state after old injury.""}"
injuries,injury_return_to_play_recovery_curve.csv,injury_return_to_play_recovery_curve,runtime_tuning,72,injury_return_to_play_recovery_curve:72,"{""injury_family_id"":""MENISCUS"",""severity_tier"":""major"",""recovery_checkpoint"":""mid_rehab"",""week_marker"":""13"",""athletic_recovery_factor"":""0.55"",""technical_recovery_factor"":""0.7"",""medical_clearance_factor"":""0.4"",""notes"":""For reconstructing current state after old injury.""}"
injuries,injury_return_to_play_recovery_curve.csv,injury_return_to_play_recovery_curve,runtime_tuning,73,injury_return_to_play_recovery_curve:73,"{""injury_family_id"":""MENISCUS"",""severity_tier"":""major"",""recovery_checkpoint"":""return_to_play"",""week_marker"":""24"",""athletic_recovery_factor"":""0.75"",""technical_recovery_factor"":""0.81"",""medical_clearance_factor"":""0.75"",""notes"":""For reconstructing current state after old injury.""}"
injuries,injury_return_to_play_recovery_curve.csv,injury_return_to_play_recovery_curve,runtime_tuning,74,injury_return_to_play_recovery_curve:74,"{""injury_family_id"":""MENISCUS"",""severity_tier"":""major"",""recovery_checkpoint"":""next_season"",""week_marker"":""29"",""athletic_recovery_factor"":""0.92"",""technical_recovery_factor"":""0.98"",""medical_clearance_factor"":""0.92"",""notes"":""For reconstructing current state after old injury.""}"
injuries,injury_return_to_play_recovery_curve.csv,injury_return_to_play_recovery_curve,runtime_tuning,75,injury_return_to_play_recovery_curve:75,"{""injury_family_id"":""MENISCUS"",""severity_tier"":""major"",""recovery_checkpoint"":""long_term"",""week_marker"":""32"",""athletic_recovery_factor"":""1.0"",""technical_recovery_factor"":""1.06"",""medical_clearance_factor"":""1.0"",""notes"":""For reconstructing current state after old injury.""}"
injuries,injury_return_to_play_recovery_curve.csv,injury_return_to_play_recovery_curve,runtime_tuning,76,injury_return_to_play_recovery_curve:76,"{""injury_family_id"":""MENISCUS"",""severity_tier"":""career_medical_flag"",""recovery_checkpoint"":""initial"",""week_marker"":""0"",""athletic_recovery_factor"":""0.55"",""technical_recovery_factor"":""0.7"",""medical_clearance_factor"":""0"",""notes"":""For reconstructing current state after old injury.""}"
injuries,injury_return_to_play_recovery_curve.csv,injury_return_to_play_recovery_curve,runtime_tuning,77,injury_return_to_play_recovery_curve:77,"{""injury_family_id"":""MENISCUS"",""severity_tier"":""career_medical_flag"",""recovery_checkpoint"":""mid_rehab"",""week_marker"":""21"",""athletic_recovery_factor"":""0.55"",""technical_recovery_factor"":""0.7"",""medical_clearance_factor"":""0.4"",""notes"":""For reconstructing current state after old injury.""}"
injuries,injury_return_to_play_recovery_curve.csv,injury_return_to_play_recovery_curve,runtime_tuning,78,injury_return_to_play_recovery_curve:78,"{""injury_family_id"":""MENISCUS"",""severity_tier"":""career_medical_flag"",""recovery_checkpoint"":""return_to_play"",""week_marker"":""39"",""athletic_recovery_factor"":""0.75"",""technical_recovery_factor"":""0.81"",""medical_clearance_factor"":""0.75"",""notes"":""For reconstructing current state after old injury.""}"
injuries,injury_return_to_play_recovery_curve.csv,injury_return_to_play_recovery_curve,runtime_tuning,79,injury_return_to_play_recovery_curve:79,"{""injury_family_id"":""MENISCUS"",""severity_tier"":""career_medical_flag"",""recovery_checkpoint"":""next_season"",""week_marker"":""48"",""athletic_recovery_factor"":""0.92"",""technical_recovery_factor"":""0.98"",""medical_clearance_factor"":""0.92"",""notes"":""For reconstructing current state after old injury.""}"
injuries,injury_return_to_play_recovery_curve.csv,injury_return_to_play_recovery_curve,runtime_tuning,80,injury_return_to_play_recovery_curve:80,"{""injury_family_id"":""MENISCUS"",""severity_tier"":""career_medical_flag"",""recovery_checkpoint"":""long_term"",""week_marker"":""52"",""athletic_recovery_factor"":""1.0"",""technical_recovery_factor"":""1.06"",""medical_clearance_factor"":""1.0"",""notes"":""For reconstructing current state after old injury.""}"
injuries,injury_return_to_play_recovery_curve.csv,injury_return_to_play_recovery_curve,runtime_tuning,81,injury_return_to_play_recovery_curve:81,"{""injury_family_id"":""ACHILLES"",""severity_tier"":""minor"",""recovery_checkpoint"":""initial"",""week_marker"":""0"",""athletic_recovery_factor"":""0.55"",""technical_recovery_factor"":""0.7"",""medical_clearance_factor"":""0.1"",""notes"":""For reconstructing current state after old injury.""}"
injuries,injury_return_to_play_recovery_curve.csv,injury_return_to_play_recovery_curve,runtime_tuning,82,injury_return_to_play_recovery_curve:82,"{""injury_family_id"":""ACHILLES"",""severity_tier"":""minor"",""recovery_checkpoint"":""mid_rehab"",""week_marker"":""1"",""athletic_recovery_factor"":""0.55"",""technical_recovery_factor"":""0.7"",""medical_clearance_factor"":""0.5"",""notes"":""For reconstructing current state after old injury.""}"
injuries,injury_return_to_play_recovery_curve.csv,injury_return_to_play_recovery_curve,runtime_tuning,83,injury_return_to_play_recovery_curve:83,"{""injury_family_id"":""ACHILLES"",""severity_tier"":""minor"",""recovery_checkpoint"":""return_to_play"",""week_marker"":""2"",""athletic_recovery_factor"":""0.75"",""technical_recovery_factor"":""0.81"",""medical_clearance_factor"":""0.85"",""notes"":""For reconstructing current state after old injury.""}"
injuries,injury_return_to_play_recovery_curve.csv,injury_return_to_play_recovery_curve,runtime_tuning,84,injury_return_to_play_recovery_curve:84,"{""injury_family_id"":""ACHILLES"",""severity_tier"":""minor"",""recovery_checkpoint"":""next_season"",""week_marker"":""2"",""athletic_recovery_factor"":""0.92"",""technical_recovery_factor"":""0.98"",""medical_clearance_factor"":""1.0"",""notes"":""For reconstructing current state after old injury.""}"
injuries,injury_return_to_play_recovery_curve.csv,injury_return_to_play_recovery_curve,runtime_tuning,85,injury_return_to_play_recovery_curve:85,"{""injury_family_id"":""ACHILLES"",""severity_tier"":""minor"",""recovery_checkpoint"":""long_term"",""week_marker"":""2"",""athletic_recovery_factor"":""1.0"",""technical_recovery_factor"":""1.06"",""medical_clearance_factor"":""1.0"",""notes"":""For reconstructing current state after old injury.""}"
injuries,injury_return_to_play_recovery_curve.csv,injury_return_to_play_recovery_curve,runtime_tuning,86,injury_return_to_play_recovery_curve:86,"{""injury_family_id"":""ACHILLES"",""severity_tier"":""moderate"",""recovery_checkpoint"":""initial"",""week_marker"":""0"",""athletic_recovery_factor"":""0.55"",""technical_recovery_factor"":""0.7"",""medical_clearance_factor"":""0"",""notes"":""For reconstructing current state after old injury.""}"
injuries,injury_return_to_play_recovery_curve.csv,injury_return_to_play_recovery_curve,runtime_tuning,87,injury_return_to_play_recovery_curve:87,"{""injury_family_id"":""ACHILLES"",""severity_tier"":""moderate"",""recovery_checkpoint"":""mid_rehab"",""week_marker"":""3"",""athletic_recovery_factor"":""0.55"",""technical_recovery_factor"":""0.7"",""medical_clearance_factor"":""0.4"",""notes"":""For reconstructing current state after old injury.""}"
injuries,injury_return_to_play_recovery_curve.csv,injury_return_to_play_recovery_curve,runtime_tuning,88,injury_return_to_play_recovery_curve:88,"{""injury_family_id"":""ACHILLES"",""severity_tier"":""moderate"",""recovery_checkpoint"":""return_to_play"",""week_marker"":""6"",""athletic_recovery_factor"":""0.75"",""technical_recovery_factor"":""0.81"",""medical_clearance_factor"":""0.75"",""notes"":""For reconstructing current state after old injury.""}"
injuries,injury_return_to_play_recovery_curve.csv,injury_return_to_play_recovery_curve,runtime_tuning,89,injury_return_to_play_recovery_curve:89,"{""injury_family_id"":""ACHILLES"",""severity_tier"":""moderate"",""recovery_checkpoint"":""next_season"",""week_marker"":""7"",""athletic_recovery_factor"":""0.92"",""technical_recovery_factor"":""0.98"",""medical_clearance_factor"":""0.92"",""notes"":""For reconstructing current state after old injury.""}"
injuries,injury_return_to_play_recovery_curve.csv,injury_return_to_play_recovery_curve,runtime_tuning,90,injury_return_to_play_recovery_curve:90,"{""injury_family_id"":""ACHILLES"",""severity_tier"":""moderate"",""recovery_checkpoint"":""long_term"",""week_marker"":""8"",""athletic_recovery_factor"":""1.0"",""technical_recovery_factor"":""1.06"",""medical_clearance_factor"":""1.0"",""notes"":""For reconstructing current state after old injury.""}"
injuries,injury_return_to_play_recovery_curve.csv,injury_return_to_play_recovery_curve,runtime_tuning,91,injury_return_to_play_recovery_curve:91,"{""injury_family_id"":""ACHILLES"",""severity_tier"":""major"",""recovery_checkpoint"":""initial"",""week_marker"":""0"",""athletic_recovery_factor"":""0.55"",""technical_recovery_factor"":""0.7"",""medical_clearance_factor"":""0"",""notes"":""For reconstructing current state after old injury.""}"
injuries,injury_return_to_play_recovery_curve.csv,injury_return_to_play_recovery_curve,runtime_tuning,92,injury_return_to_play_recovery_curve:92,"{""injury_family_id"":""ACHILLES"",""severity_tier"":""major"",""recovery_checkpoint"":""mid_rehab"",""week_marker"":""13"",""athletic_recovery_factor"":""0.55"",""technical_recovery_factor"":""0.7"",""medical_clearance_factor"":""0.4"",""notes"":""For reconstructing current state after old injury.""}"
injuries,injury_return_to_play_recovery_curve.csv,injury_return_to_play_recovery_curve,runtime_tuning,93,injury_return_to_play_recovery_curve:93,"{""injury_family_id"":""ACHILLES"",""severity_tier"":""major"",""recovery_checkpoint"":""return_to_play"",""week_marker"":""24"",""athletic_recovery_factor"":""0.63"",""technical_recovery_factor"":""0.81"",""medical_clearance_factor"":""0.75"",""notes"":""For reconstructing current state after old injury.""}"
injuries,injury_return_to_play_recovery_curve.csv,injury_return_to_play_recovery_curve,runtime_tuning,94,injury_return_to_play_recovery_curve:94,"{""injury_family_id"":""ACHILLES"",""severity_tier"":""major"",""recovery_checkpoint"":""next_season"",""week_marker"":""29"",""athletic_recovery_factor"":""0.8"",""technical_recovery_factor"":""0.98"",""medical_clearance_factor"":""0.92"",""notes"":""For reconstructing current state after old injury.""}"
injuries,injury_return_to_play_recovery_curve.csv,injury_return_to_play_recovery_curve,runtime_tuning,95,injury_return_to_play_recovery_curve:95,"{""injury_family_id"":""ACHILLES"",""severity_tier"":""major"",""recovery_checkpoint"":""long_term"",""week_marker"":""32"",""athletic_recovery_factor"":""0.88"",""technical_recovery_factor"":""1.06"",""medical_clearance_factor"":""1.0"",""notes"":""For reconstructing current state after old injury.""}"
injuries,injury_return_to_play_recovery_curve.csv,injury_return_to_play_recovery_curve,runtime_tuning,96,injury_return_to_play_recovery_curve:96,"{""injury_family_id"":""ACHILLES"",""severity_tier"":""career_medical_flag"",""recovery_checkpoint"":""initial"",""week_marker"":""0"",""athletic_recovery_factor"":""0.55"",""technical_recovery_factor"":""0.7"",""medical_clearance_factor"":""0"",""notes"":""For reconstructing current state after old injury.""}"
injuries,injury_return_to_play_recovery_curve.csv,injury_return_to_play_recovery_curve,runtime_tuning,97,injury_return_to_play_recovery_curve:97,"{""injury_family_id"":""ACHILLES"",""severity_tier"":""career_medical_flag"",""recovery_checkpoint"":""mid_rehab"",""week_marker"":""21"",""athletic_recovery_factor"":""0.55"",""technical_recovery_factor"":""0.7"",""medical_clearance_factor"":""0.4"",""notes"":""For reconstructing current state after old injury.""}"
injuries,injury_return_to_play_recovery_curve.csv,injury_return_to_play_recovery_curve,runtime_tuning,98,injury_return_to_play_recovery_curve:98,"{""injury_family_id"":""ACHILLES"",""severity_tier"":""career_medical_flag"",""recovery_checkpoint"":""return_to_play"",""week_marker"":""39"",""athletic_recovery_factor"":""0.63"",""technical_recovery_factor"":""0.81"",""medical_clearance_factor"":""0.75"",""notes"":""For reconstructing current state after old injury.""}"
injuries,injury_return_to_play_recovery_curve.csv,injury_return_to_play_recovery_curve,runtime_tuning,99,injury_return_to_play_recovery_curve:99,"{""injury_family_id"":""ACHILLES"",""severity_tier"":""career_medical_flag"",""recovery_checkpoint"":""next_season"",""week_marker"":""48"",""athletic_recovery_factor"":""0.8"",""technical_recovery_factor"":""0.98"",""medical_clearance_factor"":""0.92"",""notes"":""For reconstructing current state after old injury.""}"
injuries,injury_return_to_play_recovery_curve.csv,injury_return_to_play_recovery_curve,runtime_tuning,100,injury_return_to_play_recovery_curve:100,"{""injury_family_id"":""ACHILLES"",""severity_tier"":""career_medical_flag"",""recovery_checkpoint"":""long_term"",""week_marker"":""52"",""athletic_recovery_factor"":""0.88"",""technical_recovery_factor"":""1.06"",""medical_clearance_factor"":""1.0"",""notes"":""For reconstructing current state after old injury.""}"
injuries,injury_return_to_play_recovery_curve.csv,injury_return_to_play_recovery_curve,runtime_tuning,101,injury_return_to_play_recovery_curve:101,"{""injury_family_id"":""HAMSTRING"",""severity_tier"":""minor"",""recovery_checkpoint"":""initial"",""week_marker"":""0"",""athletic_recovery_factor"":""0.55"",""technical_recovery_factor"":""0.7"",""medical_clearance_factor"":""0.1"",""notes"":""For reconstructing current state after old injury.""}"
injuries,injury_return_to_play_recovery_curve.csv,injury_return_to_play_recovery_curve,runtime_tuning,102,injury_return_to_play_recovery_curve:102,"{""injury_family_id"":""HAMSTRING"",""severity_tier"":""minor"",""recovery_checkpoint"":""mid_rehab"",""week_marker"":""1"",""athletic_recovery_factor"":""0.55"",""technical_recovery_factor"":""0.7"",""medical_clearance_factor"":""0.5"",""notes"":""For reconstructing current state after old injury.""}"
injuries,injury_return_to_play_recovery_curve.csv,injury_return_to_play_recovery_curve,runtime_tuning,103,injury_return_to_play_recovery_curve:103,"{""injury_family_id"":""HAMSTRING"",""severity_tier"":""minor"",""recovery_checkpoint"":""return_to_play"",""week_marker"":""2"",""athletic_recovery_factor"":""0.75"",""technical_recovery_factor"":""0.81"",""medical_clearance_factor"":""0.85"",""notes"":""For reconstructing current state after old injury.""}"
injuries,injury_return_to_play_recovery_curve.csv,injury_return_to_play_recovery_curve,runtime_tuning,104,injury_return_to_play_recovery_curve:104,"{""injury_family_id"":""HAMSTRING"",""severity_tier"":""minor"",""recovery_checkpoint"":""next_season"",""week_marker"":""2"",""athletic_recovery_factor"":""0.92"",""technical_recovery_factor"":""0.98"",""medical_clearance_factor"":""1.0"",""notes"":""For reconstructing current state after old injury.""}"
injuries,injury_return_to_play_recovery_curve.csv,injury_return_to_play_recovery_curve,runtime_tuning,105,injury_return_to_play_recovery_curve:105,"{""injury_family_id"":""HAMSTRING"",""severity_tier"":""minor"",""recovery_checkpoint"":""long_term"",""week_marker"":""2"",""athletic_recovery_factor"":""1.0"",""technical_recovery_factor"":""1.06"",""medical_clearance_factor"":""1.0"",""notes"":""For reconstructing current state after old injury.""}"
injuries,injury_return_to_play_recovery_curve.csv,injury_return_to_play_recovery_curve,runtime_tuning,106,injury_return_to_play_recovery_curve:106,"{""injury_family_id"":""HAMSTRING"",""severity_tier"":""moderate"",""recovery_checkpoint"":""initial"",""week_marker"":""0"",""athletic_recovery_factor"":""0.55"",""technical_recovery_factor"":""0.7"",""medical_clearance_factor"":""0"",""notes"":""For reconstructing current state after old injury.""}"
injuries,injury_return_to_play_recovery_curve.csv,injury_return_to_play_recovery_curve,runtime_tuning,107,injury_return_to_play_recovery_curve:107,"{""injury_family_id"":""HAMSTRING"",""severity_tier"":""moderate"",""recovery_checkpoint"":""mid_rehab"",""week_marker"":""3"",""athletic_recovery_factor"":""0.55"",""technical_recovery_factor"":""0.7"",""medical_clearance_factor"":""0.4"",""notes"":""For reconstructing current state after old injury.""}"
injuries,injury_return_to_play_recovery_curve.csv,injury_return_to_play_recovery_curve,runtime_tuning,108,injury_return_to_play_recovery_curve:108,"{""injury_family_id"":""HAMSTRING"",""severity_tier"":""moderate"",""recovery_checkpoint"":""return_to_play"",""week_marker"":""6"",""athletic_recovery_factor"":""0.75"",""technical_recovery_factor"":""0.81"",""medical_clearance_factor"":""0.75"",""notes"":""For reconstructing current state after old injury.""}"
injuries,injury_return_to_play_recovery_curve.csv,injury_return_to_play_recovery_curve,runtime_tuning,109,injury_return_to_play_recovery_curve:109,"{""injury_family_id"":""HAMSTRING"",""severity_tier"":""moderate"",""recovery_checkpoint"":""next_season"",""week_marker"":""7"",""athletic_recovery_factor"":""0.92"",""technical_recovery_factor"":""0.98"",""medical_clearance_factor"":""0.92"",""notes"":""For reconstructing current state after old injury.""}"
injuries,injury_return_to_play_recovery_curve.csv,injury_return_to_play_recovery_curve,runtime_tuning,110,injury_return_to_play_recovery_curve:110,"{""injury_family_id"":""HAMSTRING"",""severity_tier"":""moderate"",""recovery_checkpoint"":""long_term"",""week_marker"":""8"",""athletic_recovery_factor"":""1.0"",""technical_recovery_factor"":""1.06"",""medical_clearance_factor"":""1.0"",""notes"":""For reconstructing current state after old injury.""}"
injuries,injury_return_to_play_recovery_curve.csv,injury_return_to_play_recovery_curve,runtime_tuning,111,injury_return_to_play_recovery_curve:111,"{""injury_family_id"":""HAMSTRING"",""severity_tier"":""major"",""recovery_checkpoint"":""initial"",""week_marker"":""0"",""athletic_recovery_factor"":""0.55"",""technical_recovery_factor"":""0.7"",""medical_clearance_factor"":""0"",""notes"":""For reconstructing current state after old injury.""}"
injuries,injury_return_to_play_recovery_curve.csv,injury_return_to_play_recovery_curve,runtime_tuning,112,injury_return_to_play_recovery_curve:112,"{""injury_family_id"":""HAMSTRING"",""severity_tier"":""major"",""recovery_checkpoint"":""mid_rehab"",""week_marker"":""13"",""athletic_recovery_factor"":""0.55"",""technical_recovery_factor"":""0.7"",""medical_clearance_factor"":""0.4"",""notes"":""For reconstructing current state after old injury.""}"
injuries,injury_return_to_play_recovery_curve.csv,injury_return_to_play_recovery_curve,runtime_tuning,113,injury_return_to_play_recovery_curve:113,"{""injury_family_id"":""HAMSTRING"",""severity_tier"":""major"",""recovery_checkpoint"":""return_to_play"",""week_marker"":""24"",""athletic_recovery_factor"":""0.63"",""technical_recovery_factor"":""0.81"",""medical_clearance_factor"":""0.75"",""notes"":""For reconstructing current state after old injury.""}"
injuries,injury_return_to_play_recovery_curve.csv,injury_return_to_play_recovery_curve,runtime_tuning,114,injury_return_to_play_recovery_curve:114,"{""injury_family_id"":""HAMSTRING"",""severity_tier"":""major"",""recovery_checkpoint"":""next_season"",""week_marker"":""29"",""athletic_recovery_factor"":""0.8"",""technical_recovery_factor"":""0.98"",""medical_clearance_factor"":""0.92"",""notes"":""For reconstructing current state after old injury.""}"
injuries,injury_return_to_play_recovery_curve.csv,injury_return_to_play_recovery_curve,runtime_tuning,115,injury_return_to_play_recovery_curve:115,"{""injury_family_id"":""HAMSTRING"",""severity_tier"":""major"",""recovery_checkpoint"":""long_term"",""week_marker"":""32"",""athletic_recovery_factor"":""0.88"",""technical_recovery_factor"":""1.06"",""medical_clearance_factor"":""1.0"",""notes"":""For reconstructing current state after old injury.""}"
injuries,injury_return_to_play_recovery_curve.csv,injury_return_to_play_recovery_curve,runtime_tuning,116,injury_return_to_play_recovery_curve:116,"{""injury_family_id"":""HAMSTRING"",""severity_tier"":""career_medical_flag"",""recovery_checkpoint"":""initial"",""week_marker"":""0"",""athletic_recovery_factor"":""0.55"",""technical_recovery_factor"":""0.7"",""medical_clearance_factor"":""0"",""notes"":""For reconstructing current state after old injury.""}"
injuries,injury_return_to_play_recovery_curve.csv,injury_return_to_play_recovery_curve,runtime_tuning,117,injury_return_to_play_recovery_curve:117,"{""injury_family_id"":""HAMSTRING"",""severity_tier"":""career_medical_flag"",""recovery_checkpoint"":""mid_rehab"",""week_marker"":""21"",""athletic_recovery_factor"":""0.55"",""technical_recovery_factor"":""0.7"",""medical_clearance_factor"":""0.4"",""notes"":""For reconstructing current state after old injury.""}"
injuries,injury_return_to_play_recovery_curve.csv,injury_return_to_play_recovery_curve,runtime_tuning,118,injury_return_to_play_recovery_curve:118,"{""injury_family_id"":""HAMSTRING"",""severity_tier"":""career_medical_flag"",""recovery_checkpoint"":""return_to_play"",""week_marker"":""39"",""athletic_recovery_factor"":""0.63"",""technical_recovery_factor"":""0.81"",""medical_clearance_factor"":""0.75"",""notes"":""For reconstructing current state after old injury.""}"
injuries,injury_return_to_play_recovery_curve.csv,injury_return_to_play_recovery_curve,runtime_tuning,119,injury_return_to_play_recovery_curve:119,"{""injury_family_id"":""HAMSTRING"",""severity_tier"":""career_medical_flag"",""recovery_checkpoint"":""next_season"",""week_marker"":""48"",""athletic_recovery_factor"":""0.8"",""technical_recovery_factor"":""0.98"",""medical_clearance_factor"":""0.92"",""notes"":""For reconstructing current state after old injury.""}"
injuries,injury_return_to_play_recovery_curve.csv,injury_return_to_play_recovery_curve,runtime_tuning,120,injury_return_to_play_recovery_curve:120,"{""injury_family_id"":""HAMSTRING"",""severity_tier"":""career_medical_flag"",""recovery_checkpoint"":""long_term"",""week_marker"":""52"",""athletic_recovery_factor"":""0.88"",""technical_recovery_factor"":""1.06"",""medical_clearance_factor"":""1.0"",""notes"":""For reconstructing current state after old injury.""}"
injuries,injury_return_to_play_recovery_curve.csv,injury_return_to_play_recovery_curve,runtime_tuning,121,injury_return_to_play_recovery_curve:121,"{""injury_family_id"":""GROIN"",""severity_tier"":""minor"",""recovery_checkpoint"":""initial"",""week_marker"":""0"",""athletic_recovery_factor"":""0.55"",""technical_recovery_factor"":""0.7"",""medical_clearance_factor"":""0.1"",""notes"":""For reconstructing current state after old injury.""}"
injuries,injury_return_to_play_recovery_curve.csv,injury_return_to_play_recovery_curve,runtime_tuning,122,injury_return_to_play_recovery_curve:122,"{""injury_family_id"":""GROIN"",""severity_tier"":""minor"",""recovery_checkpoint"":""mid_rehab"",""week_marker"":""1"",""athletic_recovery_factor"":""0.55"",""technical_recovery_factor"":""0.7"",""medical_clearance_factor"":""0.5"",""notes"":""For reconstructing current state after old injury.""}"
injuries,injury_return_to_play_recovery_curve.csv,injury_return_to_play_recovery_curve,runtime_tuning,123,injury_return_to_play_recovery_curve:123,"{""injury_family_id"":""GROIN"",""severity_tier"":""minor"",""recovery_checkpoint"":""return_to_play"",""week_marker"":""2"",""athletic_recovery_factor"":""0.75"",""technical_recovery_factor"":""0.81"",""medical_clearance_factor"":""0.85"",""notes"":""For reconstructing current state after old injury.""}"
injuries,injury_return_to_play_recovery_curve.csv,injury_return_to_play_recovery_curve,runtime_tuning,124,injury_return_to_play_recovery_curve:124,"{""injury_family_id"":""GROIN"",""severity_tier"":""minor"",""recovery_checkpoint"":""next_season"",""week_marker"":""2"",""athletic_recovery_factor"":""0.92"",""technical_recovery_factor"":""0.98"",""medical_clearance_factor"":""1.0"",""notes"":""For reconstructing current state after old injury.""}"
injuries,injury_return_to_play_recovery_curve.csv,injury_return_to_play_recovery_curve,runtime_tuning,125,injury_return_to_play_recovery_curve:125,"{""injury_family_id"":""GROIN"",""severity_tier"":""minor"",""recovery_checkpoint"":""long_term"",""week_marker"":""2"",""athletic_recovery_factor"":""1.0"",""technical_recovery_factor"":""1.06"",""medical_clearance_factor"":""1.0"",""notes"":""For reconstructing current state after old injury.""}"
injuries,injury_return_to_play_recovery_curve.csv,injury_return_to_play_recovery_curve,runtime_tuning,126,injury_return_to_play_recovery_curve:126,"{""injury_family_id"":""GROIN"",""severity_tier"":""moderate"",""recovery_checkpoint"":""initial"",""week_marker"":""0"",""athletic_recovery_factor"":""0.55"",""technical_recovery_factor"":""0.7"",""medical_clearance_factor"":""0"",""notes"":""For reconstructing current state after old injury.""}"
injuries,injury_return_to_play_recovery_curve.csv,injury_return_to_play_recovery_curve,runtime_tuning,127,injury_return_to_play_recovery_curve:127,"{""injury_family_id"":""GROIN"",""severity_tier"":""moderate"",""recovery_checkpoint"":""mid_rehab"",""week_marker"":""3"",""athletic_recovery_factor"":""0.55"",""technical_recovery_factor"":""0.7"",""medical_clearance_factor"":""0.4"",""notes"":""For reconstructing current state after old injury.""}"
injuries,injury_return_to_play_recovery_curve.csv,injury_return_to_play_recovery_curve,runtime_tuning,128,injury_return_to_play_recovery_curve:128,"{""injury_family_id"":""GROIN"",""severity_tier"":""moderate"",""recovery_checkpoint"":""return_to_play"",""week_marker"":""6"",""athletic_recovery_factor"":""0.75"",""technical_recovery_factor"":""0.81"",""medical_clearance_factor"":""0.75"",""notes"":""For reconstructing current state after old injury.""}"
injuries,injury_return_to_play_recovery_curve.csv,injury_return_to_play_recovery_curve,runtime_tuning,129,injury_return_to_play_recovery_curve:129,"{""injury_family_id"":""GROIN"",""severity_tier"":""moderate"",""recovery_checkpoint"":""next_season"",""week_marker"":""7"",""athletic_recovery_factor"":""0.92"",""technical_recovery_factor"":""0.98"",""medical_clearance_factor"":""0.92"",""notes"":""For reconstructing current state after old injury.""}"
injuries,injury_return_to_play_recovery_curve.csv,injury_return_to_play_recovery_curve,runtime_tuning,130,injury_return_to_play_recovery_curve:130,"{""injury_family_id"":""GROIN"",""severity_tier"":""moderate"",""recovery_checkpoint"":""long_term"",""week_marker"":""8"",""athletic_recovery_factor"":""1.0"",""technical_recovery_factor"":""1.06"",""medical_clearance_factor"":""1.0"",""notes"":""For reconstructing current state after old injury.""}"
injuries,injury_return_to_play_recovery_curve.csv,injury_return_to_play_recovery_curve,runtime_tuning,131,injury_return_to_play_recovery_curve:131,"{""injury_family_id"":""GROIN"",""severity_tier"":""major"",""recovery_checkpoint"":""initial"",""week_marker"":""0"",""athletic_recovery_factor"":""0.55"",""technical_recovery_factor"":""0.7"",""medical_clearance_factor"":""0"",""notes"":""For reconstructing current state after old injury.""}"
injuries,injury_return_to_play_recovery_curve.csv,injury_return_to_play_recovery_curve,runtime_tuning,132,injury_return_to_play_recovery_curve:132,"{""injury_family_id"":""GROIN"",""severity_tier"":""major"",""recovery_checkpoint"":""mid_rehab"",""week_marker"":""13"",""athletic_recovery_factor"":""0.55"",""technical_recovery_factor"":""0.7"",""medical_clearance_factor"":""0.4"",""notes"":""For reconstructing current state after old injury.""}"
injuries,injury_return_to_play_recovery_curve.csv,injury_return_to_play_recovery_curve,runtime_tuning,133,injury_return_to_play_recovery_curve:133,"{""injury_family_id"":""GROIN"",""severity_tier"":""major"",""recovery_checkpoint"":""return_to_play"",""week_marker"":""24"",""athletic_recovery_factor"":""0.75"",""technical_recovery_factor"":""0.81"",""medical_clearance_factor"":""0.75"",""notes"":""For reconstructing current state after old injury.""}"
injuries,injury_return_to_play_recovery_curve.csv,injury_return_to_play_recovery_curve,runtime_tuning,134,injury_return_to_play_recovery_curve:134,"{""injury_family_id"":""GROIN"",""severity_tier"":""major"",""recovery_checkpoint"":""next_season"",""week_marker"":""29"",""athletic_recovery_factor"":""0.92"",""technical_recovery_factor"":""0.98"",""medical_clearance_factor"":""0.92"",""notes"":""For reconstructing current state after old injury.""}"
injuries,injury_return_to_play_recovery_curve.csv,injury_return_to_play_recovery_curve,runtime_tuning,135,injury_return_to_play_recovery_curve:135,"{""injury_family_id"":""GROIN"",""severity_tier"":""major"",""recovery_checkpoint"":""long_term"",""week_marker"":""32"",""athletic_recovery_factor"":""1.0"",""technical_recovery_factor"":""1.06"",""medical_clearance_factor"":""1.0"",""notes"":""For reconstructing current state after old injury.""}"
injuries,injury_return_to_play_recovery_curve.csv,injury_return_to_play_recovery_curve,runtime_tuning,136,injury_return_to_play_recovery_curve:136,"{""injury_family_id"":""GROIN"",""severity_tier"":""career_medical_flag"",""recovery_checkpoint"":""initial"",""week_marker"":""0"",""athletic_recovery_factor"":""0.55"",""technical_recovery_factor"":""0.7"",""medical_clearance_factor"":""0"",""notes"":""For reconstructing current state after old injury.""}"
injuries,injury_return_to_play_recovery_curve.csv,injury_return_to_play_recovery_curve,runtime_tuning,137,injury_return_to_play_recovery_curve:137,"{""injury_family_id"":""GROIN"",""severity_tier"":""career_medical_flag"",""recovery_checkpoint"":""mid_rehab"",""week_marker"":""21"",""athletic_recovery_factor"":""0.55"",""technical_recovery_factor"":""0.7"",""medical_clearance_factor"":""0.4"",""notes"":""For reconstructing current state after old injury.""}"
injuries,injury_return_to_play_recovery_curve.csv,injury_return_to_play_recovery_curve,runtime_tuning,138,injury_return_to_play_recovery_curve:138,"{""injury_family_id"":""GROIN"",""severity_tier"":""career_medical_flag"",""recovery_checkpoint"":""return_to_play"",""week_marker"":""39"",""athletic_recovery_factor"":""0.75"",""technical_recovery_factor"":""0.81"",""medical_clearance_factor"":""0.75"",""notes"":""For reconstructing current state after old injury.""}"
injuries,injury_return_to_play_recovery_curve.csv,injury_return_to_play_recovery_curve,runtime_tuning,139,injury_return_to_play_recovery_curve:139,"{""injury_family_id"":""GROIN"",""severity_tier"":""career_medical_flag"",""recovery_checkpoint"":""next_season"",""week_marker"":""48"",""athletic_recovery_factor"":""0.92"",""technical_recovery_factor"":""0.98"",""medical_clearance_factor"":""0.92"",""notes"":""For reconstructing current state after old injury.""}"
injuries,injury_return_to_play_recovery_curve.csv,injury_return_to_play_recovery_curve,runtime_tuning,140,injury_return_to_play_recovery_curve:140,"{""injury_family_id"":""GROIN"",""severity_tier"":""career_medical_flag"",""recovery_checkpoint"":""long_term"",""week_marker"":""52"",""athletic_recovery_factor"":""1.0"",""technical_recovery_factor"":""1.06"",""medical_clearance_factor"":""1.0"",""notes"":""For reconstructing current state after old injury.""}"
injuries,injury_return_to_play_recovery_curve.csv,injury_return_to_play_recovery_curve,runtime_tuning,141,injury_return_to_play_recovery_curve:141,"{""injury_family_id"":""ANKLE"",""severity_tier"":""minor"",""recovery_checkpoint"":""initial"",""week_marker"":""0"",""athletic_recovery_factor"":""0.55"",""technical_recovery_factor"":""0.7"",""medical_clearance_factor"":""0.1"",""notes"":""For reconstructing current state after old injury.""}"
injuries,injury_return_to_play_recovery_curve.csv,injury_return_to_play_recovery_curve,runtime_tuning,142,injury_return_to_play_recovery_curve:142,"{""injury_family_id"":""ANKLE"",""severity_tier"":""minor"",""recovery_checkpoint"":""mid_rehab"",""week_marker"":""1"",""athletic_recovery_factor"":""0.55"",""technical_recovery_factor"":""0.7"",""medical_clearance_factor"":""0.5"",""notes"":""For reconstructing current state after old injury.""}"
injuries,injury_return_to_play_recovery_curve.csv,injury_return_to_play_recovery_curve,runtime_tuning,143,injury_return_to_play_recovery_curve:143,"{""injury_family_id"":""ANKLE"",""severity_tier"":""minor"",""recovery_checkpoint"":""return_to_play"",""week_marker"":""2"",""athletic_recovery_factor"":""0.75"",""technical_recovery_factor"":""0.81"",""medical_clearance_factor"":""0.85"",""notes"":""For reconstructing current state after old injury.""}"
injuries,injury_return_to_play_recovery_curve.csv,injury_return_to_play_recovery_curve,runtime_tuning,144,injury_return_to_play_recovery_curve:144,"{""injury_family_id"":""ANKLE"",""severity_tier"":""minor"",""recovery_checkpoint"":""next_season"",""week_marker"":""2"",""athletic_recovery_factor"":""0.92"",""technical_recovery_factor"":""0.98"",""medical_clearance_factor"":""1.0"",""notes"":""For reconstructing current state after old injury.""}"
injuries,injury_return_to_play_recovery_curve.csv,injury_return_to_play_recovery_curve,runtime_tuning,145,injury_return_to_play_recovery_curve:145,"{""injury_family_id"":""ANKLE"",""severity_tier"":""minor"",""recovery_checkpoint"":""long_term"",""week_marker"":""2"",""athletic_recovery_factor"":""1.0"",""technical_recovery_factor"":""1.06"",""medical_clearance_factor"":""1.0"",""notes"":""For reconstructing current state after old injury.""}"
injuries,injury_return_to_play_recovery_curve.csv,injury_return_to_play_recovery_curve,runtime_tuning,146,injury_return_to_play_recovery_curve:146,"{""injury_family_id"":""ANKLE"",""severity_tier"":""moderate"",""recovery_checkpoint"":""initial"",""week_marker"":""0"",""athletic_recovery_factor"":""0.55"",""technical_recovery_factor"":""0.7"",""medical_clearance_factor"":""0"",""notes"":""For reconstructing current state after old injury.""}"
injuries,injury_return_to_play_recovery_curve.csv,injury_return_to_play_recovery_curve,runtime_tuning,147,injury_return_to_play_recovery_curve:147,"{""injury_family_id"":""ANKLE"",""severity_tier"":""moderate"",""recovery_checkpoint"":""mid_rehab"",""week_marker"":""3"",""athletic_recovery_factor"":""0.55"",""technical_recovery_factor"":""0.7"",""medical_clearance_factor"":""0.4"",""notes"":""For reconstructing current state after old injury.""}"
injuries,injury_return_to_play_recovery_curve.csv,injury_return_to_play_recovery_curve,runtime_tuning,148,injury_return_to_play_recovery_curve:148,"{""injury_family_id"":""ANKLE"",""severity_tier"":""moderate"",""recovery_checkpoint"":""return_to_play"",""week_marker"":""6"",""athletic_recovery_factor"":""0.75"",""technical_recovery_factor"":""0.81"",""medical_clearance_factor"":""0.75"",""notes"":""For reconstructing current state after old injury.""}"
injuries,injury_return_to_play_recovery_curve.csv,injury_return_to_play_recovery_curve,runtime_tuning,149,injury_return_to_play_recovery_curve:149,"{""injury_family_id"":""ANKLE"",""severity_tier"":""moderate"",""recovery_checkpoint"":""next_season"",""week_marker"":""7"",""athletic_recovery_factor"":""0.92"",""technical_recovery_factor"":""0.98"",""medical_clearance_factor"":""0.92"",""notes"":""For reconstructing current state after old injury.""}"
injuries,injury_return_to_play_recovery_curve.csv,injury_return_to_play_recovery_curve,runtime_tuning,150,injury_return_to_play_recovery_curve:150,"{""injury_family_id"":""ANKLE"",""severity_tier"":""moderate"",""recovery_checkpoint"":""long_term"",""week_marker"":""8"",""athletic_recovery_factor"":""1.0"",""technical_recovery_factor"":""1.06"",""medical_clearance_factor"":""1.0"",""notes"":""For reconstructing current state after old injury.""}"
injuries,injury_return_to_play_recovery_curve.csv,injury_return_to_play_recovery_curve,runtime_tuning,151,injury_return_to_play_recovery_curve:151,"{""injury_family_id"":""ANKLE"",""severity_tier"":""major"",""recovery_checkpoint"":""initial"",""week_marker"":""0"",""athletic_recovery_factor"":""0.55"",""technical_recovery_factor"":""0.7"",""medical_clearance_factor"":""0"",""notes"":""For reconstructing current state after old injury.""}"
injuries,injury_return_to_play_recovery_curve.csv,injury_return_to_play_recovery_curve,runtime_tuning,152,injury_return_to_play_recovery_curve:152,"{""injury_family_id"":""ANKLE"",""severity_tier"":""major"",""recovery_checkpoint"":""mid_rehab"",""week_marker"":""13"",""athletic_recovery_factor"":""0.55"",""technical_recovery_factor"":""0.7"",""medical_clearance_factor"":""0.4"",""notes"":""For reconstructing current state after old injury.""}"
injuries,injury_return_to_play_recovery_curve.csv,injury_return_to_play_recovery_curve,runtime_tuning,153,injury_return_to_play_recovery_curve:153,"{""injury_family_id"":""ANKLE"",""severity_tier"":""major"",""recovery_checkpoint"":""return_to_play"",""week_marker"":""24"",""athletic_recovery_factor"":""0.75"",""technical_recovery_factor"":""0.81"",""medical_clearance_factor"":""0.75"",""notes"":""For reconstructing current state after old injury.""}"
injuries,injury_return_to_play_recovery_curve.csv,injury_return_to_play_recovery_curve,runtime_tuning,154,injury_return_to_play_recovery_curve:154,"{""injury_family_id"":""ANKLE"",""severity_tier"":""major"",""recovery_checkpoint"":""next_season"",""week_marker"":""29"",""athletic_recovery_factor"":""0.92"",""technical_recovery_factor"":""0.98"",""medical_clearance_factor"":""0.92"",""notes"":""For reconstructing current state after old injury.""}"
injuries,injury_return_to_play_recovery_curve.csv,injury_return_to_play_recovery_curve,runtime_tuning,155,injury_return_to_play_recovery_curve:155,"{""injury_family_id"":""ANKLE"",""severity_tier"":""major"",""recovery_checkpoint"":""long_term"",""week_marker"":""32"",""athletic_recovery_factor"":""1.0"",""technical_recovery_factor"":""1.06"",""medical_clearance_factor"":""1.0"",""notes"":""For reconstructing current state after old injury.""}"
injuries,injury_return_to_play_recovery_curve.csv,injury_return_to_play_recovery_curve,runtime_tuning,156,injury_return_to_play_recovery_curve:156,"{""injury_family_id"":""ANKLE"",""severity_tier"":""career_medical_flag"",""recovery_checkpoint"":""initial"",""week_marker"":""0"",""athletic_recovery_factor"":""0.55"",""technical_recovery_factor"":""0.7"",""medical_clearance_factor"":""0"",""notes"":""For reconstructing current state after old injury.""}"
injuries,injury_return_to_play_recovery_curve.csv,injury_return_to_play_recovery_curve,runtime_tuning,157,injury_return_to_play_recovery_curve:157,"{""injury_family_id"":""ANKLE"",""severity_tier"":""career_medical_flag"",""recovery_checkpoint"":""mid_rehab"",""week_marker"":""21"",""athletic_recovery_factor"":""0.55"",""technical_recovery_factor"":""0.7"",""medical_clearance_factor"":""0.4"",""notes"":""For reconstructing current state after old injury.""}"
injuries,injury_return_to_play_recovery_curve.csv,injury_return_to_play_recovery_curve,runtime_tuning,158,injury_return_to_play_recovery_curve:158,"{""injury_family_id"":""ANKLE"",""severity_tier"":""career_medical_flag"",""recovery_checkpoint"":""return_to_play"",""week_marker"":""39"",""athletic_recovery_factor"":""0.75"",""technical_recovery_factor"":""0.81"",""medical_clearance_factor"":""0.75"",""notes"":""For reconstructing current state after old injury.""}"
injuries,injury_return_to_play_recovery_curve.csv,injury_return_to_play_recovery_curve,runtime_tuning,159,injury_return_to_play_recovery_curve:159,"{""injury_family_id"":""ANKLE"",""severity_tier"":""career_medical_flag"",""recovery_checkpoint"":""next_season"",""week_marker"":""48"",""athletic_recovery_factor"":""0.92"",""technical_recovery_factor"":""0.98"",""medical_clearance_factor"":""0.92"",""notes"":""For reconstructing current state after old injury.""}"
injuries,injury_return_to_play_recovery_curve.csv,injury_return_to_play_recovery_curve,runtime_tuning,160,injury_return_to_play_recovery_curve:160,"{""injury_family_id"":""ANKLE"",""severity_tier"":""career_medical_flag"",""recovery_checkpoint"":""long_term"",""week_marker"":""52"",""athletic_recovery_factor"":""1.0"",""technical_recovery_factor"":""1.06"",""medical_clearance_factor"":""1.0"",""notes"":""For reconstructing current state after old injury.""}"
injuries,injury_return_to_play_recovery_curve.csv,injury_return_to_play_recovery_curve,runtime_tuning,161,injury_return_to_play_recovery_curve:161,"{""injury_family_id"":""HIGH_ANKLE"",""severity_tier"":""minor"",""recovery_checkpoint"":""initial"",""week_marker"":""0"",""athletic_recovery_factor"":""0.55"",""technical_recovery_factor"":""0.7"",""medical_clearance_factor"":""0.1"",""notes"":""For reconstructing current state after old injury.""}"
injuries,injury_return_to_play_recovery_curve.csv,injury_return_to_play_recovery_curve,runtime_tuning,162,injury_return_to_play_recovery_curve:162,"{""injury_family_id"":""HIGH_ANKLE"",""severity_tier"":""minor"",""recovery_checkpoint"":""mid_rehab"",""week_marker"":""1"",""athletic_recovery_factor"":""0.55"",""technical_recovery_factor"":""0.7"",""medical_clearance_factor"":""0.5"",""notes"":""For reconstructing current state after old injury.""}"
injuries,injury_return_to_play_recovery_curve.csv,injury_return_to_play_recovery_curve,runtime_tuning,163,injury_return_to_play_recovery_curve:163,"{""injury_family_id"":""HIGH_ANKLE"",""severity_tier"":""minor"",""recovery_checkpoint"":""return_to_play"",""week_marker"":""2"",""athletic_recovery_factor"":""0.75"",""technical_recovery_factor"":""0.81"",""medical_clearance_factor"":""0.85"",""notes"":""For reconstructing current state after old injury.""}"
injuries,injury_return_to_play_recovery_curve.csv,injury_return_to_play_recovery_curve,runtime_tuning,164,injury_return_to_play_recovery_curve:164,"{""injury_family_id"":""HIGH_ANKLE"",""severity_tier"":""minor"",""recovery_checkpoint"":""next_season"",""week_marker"":""2"",""athletic_recovery_factor"":""0.92"",""technical_recovery_factor"":""0.98"",""medical_clearance_factor"":""1.0"",""notes"":""For reconstructing current state after old injury.""}"
injuries,injury_return_to_play_recovery_curve.csv,injury_return_to_play_recovery_curve,runtime_tuning,165,injury_return_to_play_recovery_curve:165,"{""injury_family_id"":""HIGH_ANKLE"",""severity_tier"":""minor"",""recovery_checkpoint"":""long_term"",""week_marker"":""2"",""athletic_recovery_factor"":""1.0"",""technical_recovery_factor"":""1.06"",""medical_clearance_factor"":""1.0"",""notes"":""For reconstructing current state after old injury.""}"
injuries,injury_return_to_play_recovery_curve.csv,injury_return_to_play_recovery_curve,runtime_tuning,166,injury_return_to_play_recovery_curve:166,"{""injury_family_id"":""HIGH_ANKLE"",""severity_tier"":""moderate"",""recovery_checkpoint"":""initial"",""week_marker"":""0"",""athletic_recovery_factor"":""0.55"",""technical_recovery_factor"":""0.7"",""medical_clearance_factor"":""0"",""notes"":""For reconstructing current state after old injury.""}"
injuries,injury_return_to_play_recovery_curve.csv,injury_return_to_play_recovery_curve,runtime_tuning,167,injury_return_to_play_recovery_curve:167,"{""injury_family_id"":""HIGH_ANKLE"",""severity_tier"":""moderate"",""recovery_checkpoint"":""mid_rehab"",""week_marker"":""3"",""athletic_recovery_factor"":""0.55"",""technical_recovery_factor"":""0.7"",""medical_clearance_factor"":""0.4"",""notes"":""For reconstructing current state after old injury.""}"
injuries,injury_return_to_play_recovery_curve.csv,injury_return_to_play_recovery_curve,runtime_tuning,168,injury_return_to_play_recovery_curve:168,"{""injury_family_id"":""HIGH_ANKLE"",""severity_tier"":""moderate"",""recovery_checkpoint"":""return_to_play"",""week_marker"":""6"",""athletic_recovery_factor"":""0.75"",""technical_recovery_factor"":""0.81"",""medical_clearance_factor"":""0.75"",""notes"":""For reconstructing current state after old injury.""}"
injuries,injury_return_to_play_recovery_curve.csv,injury_return_to_play_recovery_curve,runtime_tuning,169,injury_return_to_play_recovery_curve:169,"{""injury_family_id"":""HIGH_ANKLE"",""severity_tier"":""moderate"",""recovery_checkpoint"":""next_season"",""week_marker"":""7"",""athletic_recovery_factor"":""0.92"",""technical_recovery_factor"":""0.98"",""medical_clearance_factor"":""0.92"",""notes"":""For reconstructing current state after old injury.""}"
injuries,injury_return_to_play_recovery_curve.csv,injury_return_to_play_recovery_curve,runtime_tuning,170,injury_return_to_play_recovery_curve:170,"{""injury_family_id"":""HIGH_ANKLE"",""severity_tier"":""moderate"",""recovery_checkpoint"":""long_term"",""week_marker"":""8"",""athletic_recovery_factor"":""1.0"",""technical_recovery_factor"":""1.06"",""medical_clearance_factor"":""1.0"",""notes"":""For reconstructing current state after old injury.""}"
injuries,injury_return_to_play_recovery_curve.csv,injury_return_to_play_recovery_curve,runtime_tuning,171,injury_return_to_play_recovery_curve:171,"{""injury_family_id"":""HIGH_ANKLE"",""severity_tier"":""major"",""recovery_checkpoint"":""initial"",""week_marker"":""0"",""athletic_recovery_factor"":""0.55"",""technical_recovery_factor"":""0.7"",""medical_clearance_factor"":""0"",""notes"":""For reconstructing current state after old injury.""}"
injuries,injury_return_to_play_recovery_curve.csv,injury_return_to_play_recovery_curve,runtime_tuning,172,injury_return_to_play_recovery_curve:172,"{""injury_family_id"":""HIGH_ANKLE"",""severity_tier"":""major"",""recovery_checkpoint"":""mid_rehab"",""week_marker"":""13"",""athletic_recovery_factor"":""0.55"",""technical_recovery_factor"":""0.7"",""medical_clearance_factor"":""0.4"",""notes"":""For reconstructing current state after old injury.""}"
injuries,injury_return_to_play_recovery_curve.csv,injury_return_to_play_recovery_curve,runtime_tuning,173,injury_return_to_play_recovery_curve:173,"{""injury_family_id"":""HIGH_ANKLE"",""severity_tier"":""major"",""recovery_checkpoint"":""return_to_play"",""week_marker"":""24"",""athletic_recovery_factor"":""0.75"",""technical_recovery_factor"":""0.81"",""medical_clearance_factor"":""0.75"",""notes"":""For reconstructing current state after old injury.""}"
injuries,injury_return_to_play_recovery_curve.csv,injury_return_to_play_recovery_curve,runtime_tuning,174,injury_return_to_play_recovery_curve:174,"{""injury_family_id"":""HIGH_ANKLE"",""severity_tier"":""major"",""recovery_checkpoint"":""next_season"",""week_marker"":""29"",""athletic_recovery_factor"":""0.92"",""technical_recovery_factor"":""0.98"",""medical_clearance_factor"":""0.92"",""notes"":""For reconstructing current state after old injury.""}"
injuries,injury_return_to_play_recovery_curve.csv,injury_return_to_play_recovery_curve,runtime_tuning,175,injury_return_to_play_recovery_curve:175,"{""injury_family_id"":""HIGH_ANKLE"",""severity_tier"":""major"",""recovery_checkpoint"":""long_term"",""week_marker"":""32"",""athletic_recovery_factor"":""1.0"",""technical_recovery_factor"":""1.06"",""medical_clearance_factor"":""1.0"",""notes"":""For reconstructing current state after old injury.""}"
injuries,injury_return_to_play_recovery_curve.csv,injury_return_to_play_recovery_curve,runtime_tuning,176,injury_return_to_play_recovery_curve:176,"{""injury_family_id"":""HIGH_ANKLE"",""severity_tier"":""career_medical_flag"",""recovery_checkpoint"":""initial"",""week_marker"":""0"",""athletic_recovery_factor"":""0.55"",""technical_recovery_factor"":""0.7"",""medical_clearance_factor"":""0"",""notes"":""For reconstructing current state after old injury.""}"
injuries,injury_return_to_play_recovery_curve.csv,injury_return_to_play_recovery_curve,runtime_tuning,177,injury_return_to_play_recovery_curve:177,"{""injury_family_id"":""HIGH_ANKLE"",""severity_tier"":""career_medical_flag"",""recovery_checkpoint"":""mid_rehab"",""week_marker"":""21"",""athletic_recovery_factor"":""0.55"",""technical_recovery_factor"":""0.7"",""medical_clearance_factor"":""0.4"",""notes"":""For reconstructing current state after old injury.""}"
injuries,injury_return_to_play_recovery_curve.csv,injury_return_to_play_recovery_curve,runtime_tuning,178,injury_return_to_play_recovery_curve:178,"{""injury_family_id"":""HIGH_ANKLE"",""severity_tier"":""career_medical_flag"",""recovery_checkpoint"":""return_to_play"",""week_marker"":""39"",""athletic_recovery_factor"":""0.75"",""technical_recovery_factor"":""0.81"",""medical_clearance_factor"":""0.75"",""notes"":""For reconstructing current state after old injury.""}"
injuries,injury_return_to_play_recovery_curve.csv,injury_return_to_play_recovery_curve,runtime_tuning,179,injury_return_to_play_recovery_curve:179,"{""injury_family_id"":""HIGH_ANKLE"",""severity_tier"":""career_medical_flag"",""recovery_checkpoint"":""next_season"",""week_marker"":""48"",""athletic_recovery_factor"":""0.92"",""technical_recovery_factor"":""0.98"",""medical_clearance_factor"":""0.92"",""notes"":""For reconstructing current state after old injury.""}"
injuries,injury_return_to_play_recovery_curve.csv,injury_return_to_play_recovery_curve,runtime_tuning,180,injury_return_to_play_recovery_curve:180,"{""injury_family_id"":""HIGH_ANKLE"",""severity_tier"":""career_medical_flag"",""recovery_checkpoint"":""long_term"",""week_marker"":""52"",""athletic_recovery_factor"":""1.0"",""technical_recovery_factor"":""1.06"",""medical_clearance_factor"":""1.0"",""notes"":""For reconstructing current state after old injury.""}"
injuries,injury_return_to_play_recovery_curve.csv,injury_return_to_play_recovery_curve,runtime_tuning,181,injury_return_to_play_recovery_curve:181,"{""injury_family_id"":""FOOT"",""severity_tier"":""minor"",""recovery_checkpoint"":""initial"",""week_marker"":""0"",""athletic_recovery_factor"":""0.55"",""technical_recovery_factor"":""0.7"",""medical_clearance_factor"":""0.1"",""notes"":""For reconstructing current state after old injury.""}"
injuries,injury_return_to_play_recovery_curve.csv,injury_return_to_play_recovery_curve,runtime_tuning,182,injury_return_to_play_recovery_curve:182,"{""injury_family_id"":""FOOT"",""severity_tier"":""minor"",""recovery_checkpoint"":""mid_rehab"",""week_marker"":""1"",""athletic_recovery_factor"":""0.55"",""technical_recovery_factor"":""0.7"",""medical_clearance_factor"":""0.5"",""notes"":""For reconstructing current state after old injury.""}"
injuries,injury_return_to_play_recovery_curve.csv,injury_return_to_play_recovery_curve,runtime_tuning,183,injury_return_to_play_recovery_curve:183,"{""injury_family_id"":""FOOT"",""severity_tier"":""minor"",""recovery_checkpoint"":""return_to_play"",""week_marker"":""2"",""athletic_recovery_factor"":""0.75"",""technical_recovery_factor"":""0.81"",""medical_clearance_factor"":""0.85"",""notes"":""For reconstructing current state after old injury.""}"
injuries,injury_return_to_play_recovery_curve.csv,injury_return_to_play_recovery_curve,runtime_tuning,184,injury_return_to_play_recovery_curve:184,"{""injury_family_id"":""FOOT"",""severity_tier"":""minor"",""recovery_checkpoint"":""next_season"",""week_marker"":""2"",""athletic_recovery_factor"":""0.92"",""technical_recovery_factor"":""0.98"",""medical_clearance_factor"":""1.0"",""notes"":""For reconstructing current state after old injury.""}"
injuries,injury_return_to_play_recovery_curve.csv,injury_return_to_play_recovery_curve,runtime_tuning,185,injury_return_to_play_recovery_curve:185,"{""injury_family_id"":""FOOT"",""severity_tier"":""minor"",""recovery_checkpoint"":""long_term"",""week_marker"":""2"",""athletic_recovery_factor"":""1.0"",""technical_recovery_factor"":""1.06"",""medical_clearance_factor"":""1.0"",""notes"":""For reconstructing current state after old injury.""}"
injuries,injury_return_to_play_recovery_curve.csv,injury_return_to_play_recovery_curve,runtime_tuning,186,injury_return_to_play_recovery_curve:186,"{""injury_family_id"":""FOOT"",""severity_tier"":""moderate"",""recovery_checkpoint"":""initial"",""week_marker"":""0"",""athletic_recovery_factor"":""0.55"",""technical_recovery_factor"":""0.7"",""medical_clearance_factor"":""0"",""notes"":""For reconstructing current state after old injury.""}"
injuries,injury_return_to_play_recovery_curve.csv,injury_return_to_play_recovery_curve,runtime_tuning,187,injury_return_to_play_recovery_curve:187,"{""injury_family_id"":""FOOT"",""severity_tier"":""moderate"",""recovery_checkpoint"":""mid_rehab"",""week_marker"":""3"",""athletic_recovery_factor"":""0.55"",""technical_recovery_factor"":""0.7"",""medical_clearance_factor"":""0.4"",""notes"":""For reconstructing current state after old injury.""}"
injuries,injury_return_to_play_recovery_curve.csv,injury_return_to_play_recovery_curve,runtime_tuning,188,injury_return_to_play_recovery_curve:188,"{""injury_family_id"":""FOOT"",""severity_tier"":""moderate"",""recovery_checkpoint"":""return_to_play"",""week_marker"":""6"",""athletic_recovery_factor"":""0.75"",""technical_recovery_factor"":""0.81"",""medical_clearance_factor"":""0.75"",""notes"":""For reconstructing current state after old injury.""}"
injuries,injury_return_to_play_recovery_curve.csv,injury_return_to_play_recovery_curve,runtime_tuning,189,injury_return_to_play_recovery_curve:189,"{""injury_family_id"":""FOOT"",""severity_tier"":""moderate"",""recovery_checkpoint"":""next_season"",""week_marker"":""7"",""athletic_recovery_factor"":""0.92"",""technical_recovery_factor"":""0.98"",""medical_clearance_factor"":""0.92"",""notes"":""For reconstructing current state after old injury.""}"
injuries,injury_return_to_play_recovery_curve.csv,injury_return_to_play_recovery_curve,runtime_tuning,190,injury_return_to_play_recovery_curve:190,"{""injury_family_id"":""FOOT"",""severity_tier"":""moderate"",""recovery_checkpoint"":""long_term"",""week_marker"":""8"",""athletic_recovery_factor"":""1.0"",""technical_recovery_factor"":""1.06"",""medical_clearance_factor"":""1.0"",""notes"":""For reconstructing current state after old injury.""}"
injuries,injury_return_to_play_recovery_curve.csv,injury_return_to_play_recovery_curve,runtime_tuning,191,injury_return_to_play_recovery_curve:191,"{""injury_family_id"":""FOOT"",""severity_tier"":""major"",""recovery_checkpoint"":""initial"",""week_marker"":""0"",""athletic_recovery_factor"":""0.55"",""technical_recovery_factor"":""0.7"",""medical_clearance_factor"":""0"",""notes"":""For reconstructing current state after old injury.""}"
injuries,injury_return_to_play_recovery_curve.csv,injury_return_to_play_recovery_curve,runtime_tuning,192,injury_return_to_play_recovery_curve:192,"{""injury_family_id"":""FOOT"",""severity_tier"":""major"",""recovery_checkpoint"":""mid_rehab"",""week_marker"":""13"",""athletic_recovery_factor"":""0.55"",""technical_recovery_factor"":""0.7"",""medical_clearance_factor"":""0.4"",""notes"":""For reconstructing current state after old injury.""}"
injuries,injury_return_to_play_recovery_curve.csv,injury_return_to_play_recovery_curve,runtime_tuning,193,injury_return_to_play_recovery_curve:193,"{""injury_family_id"":""FOOT"",""severity_tier"":""major"",""recovery_checkpoint"":""return_to_play"",""week_marker"":""24"",""athletic_recovery_factor"":""0.63"",""technical_recovery_factor"":""0.81"",""medical_clearance_factor"":""0.75"",""notes"":""For reconstructing current state after old injury.""}"
injuries,injury_return_to_play_recovery_curve.csv,injury_return_to_play_recovery_curve,runtime_tuning,194,injury_return_to_play_recovery_curve:194,"{""injury_family_id"":""FOOT"",""severity_tier"":""major"",""recovery_checkpoint"":""next_season"",""week_marker"":""29"",""athletic_recovery_factor"":""0.8"",""technical_recovery_factor"":""0.98"",""medical_clearance_factor"":""0.92"",""notes"":""For reconstructing current state after old injury.""}"
injuries,injury_return_to_play_recovery_curve.csv,injury_return_to_play_recovery_curve,runtime_tuning,195,injury_return_to_play_recovery_curve:195,"{""injury_family_id"":""FOOT"",""severity_tier"":""major"",""recovery_checkpoint"":""long_term"",""week_marker"":""32"",""athletic_recovery_factor"":""0.88"",""technical_recovery_factor"":""1.06"",""medical_clearance_factor"":""1.0"",""notes"":""For reconstructing current state after old injury.""}"
injuries,injury_return_to_play_recovery_curve.csv,injury_return_to_play_recovery_curve,runtime_tuning,196,injury_return_to_play_recovery_curve:196,"{""injury_family_id"":""FOOT"",""severity_tier"":""career_medical_flag"",""recovery_checkpoint"":""initial"",""week_marker"":""0"",""athletic_recovery_factor"":""0.55"",""technical_recovery_factor"":""0.7"",""medical_clearance_factor"":""0"",""notes"":""For reconstructing current state after old injury.""}"
injuries,injury_return_to_play_recovery_curve.csv,injury_return_to_play_recovery_curve,runtime_tuning,197,injury_return_to_play_recovery_curve:197,"{""injury_family_id"":""FOOT"",""severity_tier"":""career_medical_flag"",""recovery_checkpoint"":""mid_rehab"",""week_marker"":""21"",""athletic_recovery_factor"":""0.55"",""technical_recovery_factor"":""0.7"",""medical_clearance_factor"":""0.4"",""notes"":""For reconstructing current state after old injury.""}"
injuries,injury_return_to_play_recovery_curve.csv,injury_return_to_play_recovery_curve,runtime_tuning,198,injury_return_to_play_recovery_curve:198,"{""injury_family_id"":""FOOT"",""severity_tier"":""career_medical_flag"",""recovery_checkpoint"":""return_to_play"",""week_marker"":""39"",""athletic_recovery_factor"":""0.63"",""technical_recovery_factor"":""0.81"",""medical_clearance_factor"":""0.75"",""notes"":""For reconstructing current state after old injury.""}"
injuries,injury_return_to_play_recovery_curve.csv,injury_return_to_play_recovery_curve,runtime_tuning,199,injury_return_to_play_recovery_curve:199,"{""injury_family_id"":""FOOT"",""severity_tier"":""career_medical_flag"",""recovery_checkpoint"":""next_season"",""week_marker"":""48"",""athletic_recovery_factor"":""0.8"",""technical_recovery_factor"":""0.98"",""medical_clearance_factor"":""0.92"",""notes"":""For reconstructing current state after old injury.""}"
injuries,injury_return_to_play_recovery_curve.csv,injury_return_to_play_recovery_curve,runtime_tuning,200,injury_return_to_play_recovery_curve:200,"{""injury_family_id"":""FOOT"",""severity_tier"":""career_medical_flag"",""recovery_checkpoint"":""long_term"",""week_marker"":""52"",""athletic_recovery_factor"":""0.88"",""technical_recovery_factor"":""1.06"",""medical_clearance_factor"":""1.0"",""notes"":""For reconstructing current state after old injury.""}"
injuries,injury_return_to_play_recovery_curve.csv,injury_return_to_play_recovery_curve,runtime_tuning,201,injury_return_to_play_recovery_curve:201,"{""injury_family_id"":""SHOULDER"",""severity_tier"":""minor"",""recovery_checkpoint"":""initial"",""week_marker"":""0"",""athletic_recovery_factor"":""0.55"",""technical_recovery_factor"":""0.7"",""medical_clearance_factor"":""0.1"",""notes"":""For reconstructing current state after old injury.""}"
injuries,injury_return_to_play_recovery_curve.csv,injury_return_to_play_recovery_curve,runtime_tuning,202,injury_return_to_play_recovery_curve:202,"{""injury_family_id"":""SHOULDER"",""severity_tier"":""minor"",""recovery_checkpoint"":""mid_rehab"",""week_marker"":""1"",""athletic_recovery_factor"":""0.55"",""technical_recovery_factor"":""0.7"",""medical_clearance_factor"":""0.5"",""notes"":""For reconstructing current state after old injury.""}"
injuries,injury_return_to_play_recovery_curve.csv,injury_return_to_play_recovery_curve,runtime_tuning,203,injury_return_to_play_recovery_curve:203,"{""injury_family_id"":""SHOULDER"",""severity_tier"":""minor"",""recovery_checkpoint"":""return_to_play"",""week_marker"":""2"",""athletic_recovery_factor"":""0.75"",""technical_recovery_factor"":""0.81"",""medical_clearance_factor"":""0.85"",""notes"":""For reconstructing current state after old injury.""}"
injuries,injury_return_to_play_recovery_curve.csv,injury_return_to_play_recovery_curve,runtime_tuning,204,injury_return_to_play_recovery_curve:204,"{""injury_family_id"":""SHOULDER"",""severity_tier"":""minor"",""recovery_checkpoint"":""next_season"",""week_marker"":""2"",""athletic_recovery_factor"":""0.92"",""technical_recovery_factor"":""0.98"",""medical_clearance_factor"":""1.0"",""notes"":""For reconstructing current state after old injury.""}"
injuries,injury_return_to_play_recovery_curve.csv,injury_return_to_play_recovery_curve,runtime_tuning,205,injury_return_to_play_recovery_curve:205,"{""injury_family_id"":""SHOULDER"",""severity_tier"":""minor"",""recovery_checkpoint"":""long_term"",""week_marker"":""2"",""athletic_recovery_factor"":""1.0"",""technical_recovery_factor"":""1.06"",""medical_clearance_factor"":""1.0"",""notes"":""For reconstructing current state after old injury.""}"
injuries,injury_return_to_play_recovery_curve.csv,injury_return_to_play_recovery_curve,runtime_tuning,206,injury_return_to_play_recovery_curve:206,"{""injury_family_id"":""SHOULDER"",""severity_tier"":""moderate"",""recovery_checkpoint"":""initial"",""week_marker"":""0"",""athletic_recovery_factor"":""0.55"",""technical_recovery_factor"":""0.7"",""medical_clearance_factor"":""0"",""notes"":""For reconstructing current state after old injury.""}"
injuries,injury_return_to_play_recovery_curve.csv,injury_return_to_play_recovery_curve,runtime_tuning,207,injury_return_to_play_recovery_curve:207,"{""injury_family_id"":""SHOULDER"",""severity_tier"":""moderate"",""recovery_checkpoint"":""mid_rehab"",""week_marker"":""3"",""athletic_recovery_factor"":""0.55"",""technical_recovery_factor"":""0.7"",""medical_clearance_factor"":""0.4"",""notes"":""For reconstructing current state after old injury.""}"
injuries,injury_return_to_play_recovery_curve.csv,injury_return_to_play_recovery_curve,runtime_tuning,208,injury_return_to_play_recovery_curve:208,"{""injury_family_id"":""SHOULDER"",""severity_tier"":""moderate"",""recovery_checkpoint"":""return_to_play"",""week_marker"":""6"",""athletic_recovery_factor"":""0.75"",""technical_recovery_factor"":""0.81"",""medical_clearance_factor"":""0.75"",""notes"":""For reconstructing current state after old injury.""}"
injuries,injury_return_to_play_recovery_curve.csv,injury_return_to_play_recovery_curve,runtime_tuning,209,injury_return_to_play_recovery_curve:209,"{""injury_family_id"":""SHOULDER"",""severity_tier"":""moderate"",""recovery_checkpoint"":""next_season"",""week_marker"":""7"",""athletic_recovery_factor"":""0.92"",""technical_recovery_factor"":""0.98"",""medical_clearance_factor"":""0.92"",""notes"":""For reconstructing current state after old injury.""}"
injuries,injury_return_to_play_recovery_curve.csv,injury_return_to_play_recovery_curve,runtime_tuning,210,injury_return_to_play_recovery_curve:210,"{""injury_family_id"":""SHOULDER"",""severity_tier"":""moderate"",""recovery_checkpoint"":""long_term"",""week_marker"":""8"",""athletic_recovery_factor"":""1.0"",""technical_recovery_factor"":""1.06"",""medical_clearance_factor"":""1.0"",""notes"":""For reconstructing current state after old injury.""}"
injuries,injury_return_to_play_recovery_curve.csv,injury_return_to_play_recovery_curve,runtime_tuning,211,injury_return_to_play_recovery_curve:211,"{""injury_family_id"":""SHOULDER"",""severity_tier"":""major"",""recovery_checkpoint"":""initial"",""week_marker"":""0"",""athletic_recovery_factor"":""0.55"",""technical_recovery_factor"":""0.7"",""medical_clearance_factor"":""0"",""notes"":""For reconstructing current state after old injury.""}"
injuries,injury_return_to_play_recovery_curve.csv,injury_return_to_play_recovery_curve,runtime_tuning,212,injury_return_to_play_recovery_curve:212,"{""injury_family_id"":""SHOULDER"",""severity_tier"":""major"",""recovery_checkpoint"":""mid_rehab"",""week_marker"":""13"",""athletic_recovery_factor"":""0.55"",""technical_recovery_factor"":""0.7"",""medical_clearance_factor"":""0.4"",""notes"":""For reconstructing current state after old injury.""}"
injuries,injury_return_to_play_recovery_curve.csv,injury_return_to_play_recovery_curve,runtime_tuning,213,injury_return_to_play_recovery_curve:213,"{""injury_family_id"":""SHOULDER"",""severity_tier"":""major"",""recovery_checkpoint"":""return_to_play"",""week_marker"":""24"",""athletic_recovery_factor"":""0.75"",""technical_recovery_factor"":""0.81"",""medical_clearance_factor"":""0.75"",""notes"":""For reconstructing current state after old injury.""}"
injuries,injury_return_to_play_recovery_curve.csv,injury_return_to_play_recovery_curve,runtime_tuning,214,injury_return_to_play_recovery_curve:214,"{""injury_family_id"":""SHOULDER"",""severity_tier"":""major"",""recovery_checkpoint"":""next_season"",""week_marker"":""29"",""athletic_recovery_factor"":""0.92"",""technical_recovery_factor"":""0.98"",""medical_clearance_factor"":""0.92"",""notes"":""For reconstructing current state after old injury.""}"
injuries,injury_return_to_play_recovery_curve.csv,injury_return_to_play_recovery_curve,runtime_tuning,215,injury_return_to_play_recovery_curve:215,"{""injury_family_id"":""SHOULDER"",""severity_tier"":""major"",""recovery_checkpoint"":""long_term"",""week_marker"":""32"",""athletic_recovery_factor"":""1.0"",""technical_recovery_factor"":""1.06"",""medical_clearance_factor"":""1.0"",""notes"":""For reconstructing current state after old injury.""}"
injuries,injury_return_to_play_recovery_curve.csv,injury_return_to_play_recovery_curve,runtime_tuning,216,injury_return_to_play_recovery_curve:216,"{""injury_family_id"":""SHOULDER"",""severity_tier"":""career_medical_flag"",""recovery_checkpoint"":""initial"",""week_marker"":""0"",""athletic_recovery_factor"":""0.55"",""technical_recovery_factor"":""0.7"",""medical_clearance_factor"":""0"",""notes"":""For reconstructing current state after old injury.""}"
injuries,injury_return_to_play_recovery_curve.csv,injury_return_to_play_recovery_curve,runtime_tuning,217,injury_return_to_play_recovery_curve:217,"{""injury_family_id"":""SHOULDER"",""severity_tier"":""career_medical_flag"",""recovery_checkpoint"":""mid_rehab"",""week_marker"":""21"",""athletic_recovery_factor"":""0.55"",""technical_recovery_factor"":""0.7"",""medical_clearance_factor"":""0.4"",""notes"":""For reconstructing current state after old injury.""}"
injuries,injury_return_to_play_recovery_curve.csv,injury_return_to_play_recovery_curve,runtime_tuning,218,injury_return_to_play_recovery_curve:218,"{""injury_family_id"":""SHOULDER"",""severity_tier"":""career_medical_flag"",""recovery_checkpoint"":""return_to_play"",""week_marker"":""39"",""athletic_recovery_factor"":""0.75"",""technical_recovery_factor"":""0.81"",""medical_clearance_factor"":""0.75"",""notes"":""For reconstructing current state after old injury.""}"
injuries,injury_return_to_play_recovery_curve.csv,injury_return_to_play_recovery_curve,runtime_tuning,219,injury_return_to_play_recovery_curve:219,"{""injury_family_id"":""SHOULDER"",""severity_tier"":""career_medical_flag"",""recovery_checkpoint"":""next_season"",""week_marker"":""48"",""athletic_recovery_factor"":""0.92"",""technical_recovery_factor"":""0.98"",""medical_clearance_factor"":""0.92"",""notes"":""For reconstructing current state after old injury.""}"
injuries,injury_return_to_play_recovery_curve.csv,injury_return_to_play_recovery_curve,runtime_tuning,220,injury_return_to_play_recovery_curve:220,"{""injury_family_id"":""SHOULDER"",""severity_tier"":""career_medical_flag"",""recovery_checkpoint"":""long_term"",""week_marker"":""52"",""athletic_recovery_factor"":""1.0"",""technical_recovery_factor"":""1.06"",""medical_clearance_factor"":""1.0"",""notes"":""For reconstructing current state after old injury.""}"
injuries,injury_return_to_play_recovery_curve.csv,injury_return_to_play_recovery_curve,runtime_tuning,221,injury_return_to_play_recovery_curve:221,"{""injury_family_id"":""ELBOW"",""severity_tier"":""minor"",""recovery_checkpoint"":""initial"",""week_marker"":""0"",""athletic_recovery_factor"":""0.55"",""technical_recovery_factor"":""0.7"",""medical_clearance_factor"":""0.1"",""notes"":""For reconstructing current state after old injury.""}"
injuries,injury_return_to_play_recovery_curve.csv,injury_return_to_play_recovery_curve,runtime_tuning,222,injury_return_to_play_recovery_curve:222,"{""injury_family_id"":""ELBOW"",""severity_tier"":""minor"",""recovery_checkpoint"":""mid_rehab"",""week_marker"":""1"",""athletic_recovery_factor"":""0.55"",""technical_recovery_factor"":""0.7"",""medical_clearance_factor"":""0.5"",""notes"":""For reconstructing current state after old injury.""}"
injuries,injury_return_to_play_recovery_curve.csv,injury_return_to_play_recovery_curve,runtime_tuning,223,injury_return_to_play_recovery_curve:223,"{""injury_family_id"":""ELBOW"",""severity_tier"":""minor"",""recovery_checkpoint"":""return_to_play"",""week_marker"":""2"",""athletic_recovery_factor"":""0.75"",""technical_recovery_factor"":""0.81"",""medical_clearance_factor"":""0.85"",""notes"":""For reconstructing current state after old injury.""}"
injuries,injury_return_to_play_recovery_curve.csv,injury_return_to_play_recovery_curve,runtime_tuning,224,injury_return_to_play_recovery_curve:224,"{""injury_family_id"":""ELBOW"",""severity_tier"":""minor"",""recovery_checkpoint"":""next_season"",""week_marker"":""2"",""athletic_recovery_factor"":""0.92"",""technical_recovery_factor"":""0.98"",""medical_clearance_factor"":""1.0"",""notes"":""For reconstructing current state after old injury.""}"
injuries,injury_return_to_play_recovery_curve.csv,injury_return_to_play_recovery_curve,runtime_tuning,225,injury_return_to_play_recovery_curve:225,"{""injury_family_id"":""ELBOW"",""severity_tier"":""minor"",""recovery_checkpoint"":""long_term"",""week_marker"":""2"",""athletic_recovery_factor"":""1.0"",""technical_recovery_factor"":""1.06"",""medical_clearance_factor"":""1.0"",""notes"":""For reconstructing current state after old injury.""}"
injuries,injury_return_to_play_recovery_curve.csv,injury_return_to_play_recovery_curve,runtime_tuning,226,injury_return_to_play_recovery_curve:226,"{""injury_family_id"":""ELBOW"",""severity_tier"":""moderate"",""recovery_checkpoint"":""initial"",""week_marker"":""0"",""athletic_recovery_factor"":""0.55"",""technical_recovery_factor"":""0.7"",""medical_clearance_factor"":""0"",""notes"":""For reconstructing current state after old injury.""}"
injuries,injury_return_to_play_recovery_curve.csv,injury_return_to_play_recovery_curve,runtime_tuning,227,injury_return_to_play_recovery_curve:227,"{""injury_family_id"":""ELBOW"",""severity_tier"":""moderate"",""recovery_checkpoint"":""mid_rehab"",""week_marker"":""3"",""athletic_recovery_factor"":""0.55"",""technical_recovery_factor"":""0.7"",""medical_clearance_factor"":""0.4"",""notes"":""For reconstructing current state after old injury.""}"
injuries,injury_return_to_play_recovery_curve.csv,injury_return_to_play_recovery_curve,runtime_tuning,228,injury_return_to_play_recovery_curve:228,"{""injury_family_id"":""ELBOW"",""severity_tier"":""moderate"",""recovery_checkpoint"":""return_to_play"",""week_marker"":""6"",""athletic_recovery_factor"":""0.75"",""technical_recovery_factor"":""0.81"",""medical_clearance_factor"":""0.75"",""notes"":""For reconstructing current state after old injury.""}"
injuries,injury_return_to_play_recovery_curve.csv,injury_return_to_play_recovery_curve,runtime_tuning,229,injury_return_to_play_recovery_curve:229,"{""injury_family_id"":""ELBOW"",""severity_tier"":""moderate"",""recovery_checkpoint"":""next_season"",""week_marker"":""7"",""athletic_recovery_factor"":""0.92"",""technical_recovery_factor"":""0.98"",""medical_clearance_factor"":""0.92"",""notes"":""For reconstructing current state after old injury.""}"
injuries,injury_return_to_play_recovery_curve.csv,injury_return_to_play_recovery_curve,runtime_tuning,230,injury_return_to_play_recovery_curve:230,"{""injury_family_id"":""ELBOW"",""severity_tier"":""moderate"",""recovery_checkpoint"":""long_term"",""week_marker"":""8"",""athletic_recovery_factor"":""1.0"",""technical_recovery_factor"":""1.06"",""medical_clearance_factor"":""1.0"",""notes"":""For reconstructing current state after old injury.""}"
injuries,injury_return_to_play_recovery_curve.csv,injury_return_to_play_recovery_curve,runtime_tuning,231,injury_return_to_play_recovery_curve:231,"{""injury_family_id"":""ELBOW"",""severity_tier"":""major"",""recovery_checkpoint"":""initial"",""week_marker"":""0"",""athletic_recovery_factor"":""0.55"",""technical_recovery_factor"":""0.7"",""medical_clearance_factor"":""0"",""notes"":""For reconstructing current state after old injury.""}"
injuries,injury_return_to_play_recovery_curve.csv,injury_return_to_play_recovery_curve,runtime_tuning,232,injury_return_to_play_recovery_curve:232,"{""injury_family_id"":""ELBOW"",""severity_tier"":""major"",""recovery_checkpoint"":""mid_rehab"",""week_marker"":""13"",""athletic_recovery_factor"":""0.55"",""technical_recovery_factor"":""0.7"",""medical_clearance_factor"":""0.4"",""notes"":""For reconstructing current state after old injury.""}"
injuries,injury_return_to_play_recovery_curve.csv,injury_return_to_play_recovery_curve,runtime_tuning,233,injury_return_to_play_recovery_curve:233,"{""injury_family_id"":""ELBOW"",""severity_tier"":""major"",""recovery_checkpoint"":""return_to_play"",""week_marker"":""24"",""athletic_recovery_factor"":""0.75"",""technical_recovery_factor"":""0.81"",""medical_clearance_factor"":""0.75"",""notes"":""For reconstructing current state after old injury.""}"
injuries,injury_return_to_play_recovery_curve.csv,injury_return_to_play_recovery_curve,runtime_tuning,234,injury_return_to_play_recovery_curve:234,"{""injury_family_id"":""ELBOW"",""severity_tier"":""major"",""recovery_checkpoint"":""next_season"",""week_marker"":""29"",""athletic_recovery_factor"":""0.92"",""technical_recovery_factor"":""0.98"",""medical_clearance_factor"":""0.92"",""notes"":""For reconstructing current state after old injury.""}"
injuries,injury_return_to_play_recovery_curve.csv,injury_return_to_play_recovery_curve,runtime_tuning,235,injury_return_to_play_recovery_curve:235,"{""injury_family_id"":""ELBOW"",""severity_tier"":""major"",""recovery_checkpoint"":""long_term"",""week_marker"":""32"",""athletic_recovery_factor"":""1.0"",""technical_recovery_factor"":""1.06"",""medical_clearance_factor"":""1.0"",""notes"":""For reconstructing current state after old injury.""}"
injuries,injury_return_to_play_recovery_curve.csv,injury_return_to_play_recovery_curve,runtime_tuning,236,injury_return_to_play_recovery_curve:236,"{""injury_family_id"":""ELBOW"",""severity_tier"":""career_medical_flag"",""recovery_checkpoint"":""initial"",""week_marker"":""0"",""athletic_recovery_factor"":""0.55"",""technical_recovery_factor"":""0.7"",""medical_clearance_factor"":""0"",""notes"":""For reconstructing current state after old injury.""}"
injuries,injury_return_to_play_recovery_curve.csv,injury_return_to_play_recovery_curve,runtime_tuning,237,injury_return_to_play_recovery_curve:237,"{""injury_family_id"":""ELBOW"",""severity_tier"":""career_medical_flag"",""recovery_checkpoint"":""mid_rehab"",""week_marker"":""21"",""athletic_recovery_factor"":""0.55"",""technical_recovery_factor"":""0.7"",""medical_clearance_factor"":""0.4"",""notes"":""For reconstructing current state after old injury.""}"
injuries,injury_return_to_play_recovery_curve.csv,injury_return_to_play_recovery_curve,runtime_tuning,238,injury_return_to_play_recovery_curve:238,"{""injury_family_id"":""ELBOW"",""severity_tier"":""career_medical_flag"",""recovery_checkpoint"":""return_to_play"",""week_marker"":""39"",""athletic_recovery_factor"":""0.75"",""technical_recovery_factor"":""0.81"",""medical_clearance_factor"":""0.75"",""notes"":""For reconstructing current state after old injury.""}"
injuries,injury_return_to_play_recovery_curve.csv,injury_return_to_play_recovery_curve,runtime_tuning,239,injury_return_to_play_recovery_curve:239,"{""injury_family_id"":""ELBOW"",""severity_tier"":""career_medical_flag"",""recovery_checkpoint"":""next_season"",""week_marker"":""48"",""athletic_recovery_factor"":""0.92"",""technical_recovery_factor"":""0.98"",""medical_clearance_factor"":""0.92"",""notes"":""For reconstructing current state after old injury.""}"
injuries,injury_return_to_play_recovery_curve.csv,injury_return_to_play_recovery_curve,runtime_tuning,240,injury_return_to_play_recovery_curve:240,"{""injury_family_id"":""ELBOW"",""severity_tier"":""career_medical_flag"",""recovery_checkpoint"":""long_term"",""week_marker"":""52"",""athletic_recovery_factor"":""1.0"",""technical_recovery_factor"":""1.06"",""medical_clearance_factor"":""1.0"",""notes"":""For reconstructing current state after old injury.""}"
injuries,injury_return_to_play_recovery_curve.csv,injury_return_to_play_recovery_curve,runtime_tuning,241,injury_return_to_play_recovery_curve:241,"{""injury_family_id"":""HAND_WRIST"",""severity_tier"":""minor"",""recovery_checkpoint"":""initial"",""week_marker"":""0"",""athletic_recovery_factor"":""0.55"",""technical_recovery_factor"":""0.7"",""medical_clearance_factor"":""0.1"",""notes"":""For reconstructing current state after old injury.""}"
injuries,injury_return_to_play_recovery_curve.csv,injury_return_to_play_recovery_curve,runtime_tuning,242,injury_return_to_play_recovery_curve:242,"{""injury_family_id"":""HAND_WRIST"",""severity_tier"":""minor"",""recovery_checkpoint"":""mid_rehab"",""week_marker"":""1"",""athletic_recovery_factor"":""0.55"",""technical_recovery_factor"":""0.7"",""medical_clearance_factor"":""0.5"",""notes"":""For reconstructing current state after old injury.""}"
injuries,injury_return_to_play_recovery_curve.csv,injury_return_to_play_recovery_curve,runtime_tuning,243,injury_return_to_play_recovery_curve:243,"{""injury_family_id"":""HAND_WRIST"",""severity_tier"":""minor"",""recovery_checkpoint"":""return_to_play"",""week_marker"":""2"",""athletic_recovery_factor"":""0.75"",""technical_recovery_factor"":""0.81"",""medical_clearance_factor"":""0.85"",""notes"":""For reconstructing current state after old injury.""}"
injuries,injury_return_to_play_recovery_curve.csv,injury_return_to_play_recovery_curve,runtime_tuning,244,injury_return_to_play_recovery_curve:244,"{""injury_family_id"":""HAND_WRIST"",""severity_tier"":""minor"",""recovery_checkpoint"":""next_season"",""week_marker"":""2"",""athletic_recovery_factor"":""0.92"",""technical_recovery_factor"":""0.98"",""medical_clearance_factor"":""1.0"",""notes"":""For reconstructing current state after old injury.""}"
injuries,injury_return_to_play_recovery_curve.csv,injury_return_to_play_recovery_curve,runtime_tuning,245,injury_return_to_play_recovery_curve:245,"{""injury_family_id"":""HAND_WRIST"",""severity_tier"":""minor"",""recovery_checkpoint"":""long_term"",""week_marker"":""2"",""athletic_recovery_factor"":""1.0"",""technical_recovery_factor"":""1.06"",""medical_clearance_factor"":""1.0"",""notes"":""For reconstructing current state after old injury.""}"
injuries,injury_return_to_play_recovery_curve.csv,injury_return_to_play_recovery_curve,runtime_tuning,246,injury_return_to_play_recovery_curve:246,"{""injury_family_id"":""HAND_WRIST"",""severity_tier"":""moderate"",""recovery_checkpoint"":""initial"",""week_marker"":""0"",""athletic_recovery_factor"":""0.55"",""technical_recovery_factor"":""0.7"",""medical_clearance_factor"":""0"",""notes"":""For reconstructing current state after old injury.""}"
injuries,injury_return_to_play_recovery_curve.csv,injury_return_to_play_recovery_curve,runtime_tuning,247,injury_return_to_play_recovery_curve:247,"{""injury_family_id"":""HAND_WRIST"",""severity_tier"":""moderate"",""recovery_checkpoint"":""mid_rehab"",""week_marker"":""3"",""athletic_recovery_factor"":""0.55"",""technical_recovery_factor"":""0.7"",""medical_clearance_factor"":""0.4"",""notes"":""For reconstructing current state after old injury.""}"
injuries,injury_return_to_play_recovery_curve.csv,injury_return_to_play_recovery_curve,runtime_tuning,248,injury_return_to_play_recovery_curve:248,"{""injury_family_id"":""HAND_WRIST"",""severity_tier"":""moderate"",""recovery_checkpoint"":""return_to_play"",""week_marker"":""6"",""athletic_recovery_factor"":""0.75"",""technical_recovery_factor"":""0.81"",""medical_clearance_factor"":""0.75"",""notes"":""For reconstructing current state after old injury.""}"
injuries,injury_return_to_play_recovery_curve.csv,injury_return_to_play_recovery_curve,runtime_tuning,249,injury_return_to_play_recovery_curve:249,"{""injury_family_id"":""HAND_WRIST"",""severity_tier"":""moderate"",""recovery_checkpoint"":""next_season"",""week_marker"":""7"",""athletic_recovery_factor"":""0.92"",""technical_recovery_factor"":""0.98"",""medical_clearance_factor"":""0.92"",""notes"":""For reconstructing current state after old injury.""}"
injuries,injury_return_to_play_recovery_curve.csv,injury_return_to_play_recovery_curve,runtime_tuning,250,injury_return_to_play_recovery_curve:250,"{""injury_family_id"":""HAND_WRIST"",""severity_tier"":""moderate"",""recovery_checkpoint"":""long_term"",""week_marker"":""8"",""athletic_recovery_factor"":""1.0"",""technical_recovery_factor"":""1.06"",""medical_clearance_factor"":""1.0"",""notes"":""For reconstructing current state after old injury.""}"
injuries,injury_return_to_play_recovery_curve.csv,injury_return_to_play_recovery_curve,runtime_tuning,251,injury_return_to_play_recovery_curve:251,"{""injury_family_id"":""HAND_WRIST"",""severity_tier"":""major"",""recovery_checkpoint"":""initial"",""week_marker"":""0"",""athletic_recovery_factor"":""0.55"",""technical_recovery_factor"":""0.7"",""medical_clearance_factor"":""0"",""notes"":""For reconstructing current state after old injury.""}"
injuries,injury_return_to_play_recovery_curve.csv,injury_return_to_play_recovery_curve,runtime_tuning,252,injury_return_to_play_recovery_curve:252,"{""injury_family_id"":""HAND_WRIST"",""severity_tier"":""major"",""recovery_checkpoint"":""mid_rehab"",""week_marker"":""13"",""athletic_recovery_factor"":""0.55"",""technical_recovery_factor"":""0.7"",""medical_clearance_factor"":""0.4"",""notes"":""For reconstructing current state after old injury.""}"
injuries,injury_return_to_play_recovery_curve.csv,injury_return_to_play_recovery_curve,runtime_tuning,253,injury_return_to_play_recovery_curve:253,"{""injury_family_id"":""HAND_WRIST"",""severity_tier"":""major"",""recovery_checkpoint"":""return_to_play"",""week_marker"":""24"",""athletic_recovery_factor"":""0.75"",""technical_recovery_factor"":""0.81"",""medical_clearance_factor"":""0.75"",""notes"":""For reconstructing current state after old injury.""}"
injuries,injury_return_to_play_recovery_curve.csv,injury_return_to_play_recovery_curve,runtime_tuning,254,injury_return_to_play_recovery_curve:254,"{""injury_family_id"":""HAND_WRIST"",""severity_tier"":""major"",""recovery_checkpoint"":""next_season"",""week_marker"":""29"",""athletic_recovery_factor"":""0.92"",""technical_recovery_factor"":""0.98"",""medical_clearance_factor"":""0.92"",""notes"":""For reconstructing current state after old injury.""}"
injuries,injury_return_to_play_recovery_curve.csv,injury_return_to_play_recovery_curve,runtime_tuning,255,injury_return_to_play_recovery_curve:255,"{""injury_family_id"":""HAND_WRIST"",""severity_tier"":""major"",""recovery_checkpoint"":""long_term"",""week_marker"":""32"",""athletic_recovery_factor"":""1.0"",""technical_recovery_factor"":""1.06"",""medical_clearance_factor"":""1.0"",""notes"":""For reconstructing current state after old injury.""}"
injuries,injury_return_to_play_recovery_curve.csv,injury_return_to_play_recovery_curve,runtime_tuning,256,injury_return_to_play_recovery_curve:256,"{""injury_family_id"":""HAND_WRIST"",""severity_tier"":""career_medical_flag"",""recovery_checkpoint"":""initial"",""week_marker"":""0"",""athletic_recovery_factor"":""0.55"",""technical_recovery_factor"":""0.7"",""medical_clearance_factor"":""0"",""notes"":""For reconstructing current state after old injury.""}"
injuries,injury_return_to_play_recovery_curve.csv,injury_return_to_play_recovery_curve,runtime_tuning,257,injury_return_to_play_recovery_curve:257,"{""injury_family_id"":""HAND_WRIST"",""severity_tier"":""career_medical_flag"",""recovery_checkpoint"":""mid_rehab"",""week_marker"":""21"",""athletic_recovery_factor"":""0.55"",""technical_recovery_factor"":""0.7"",""medical_clearance_factor"":""0.4"",""notes"":""For reconstructing current state after old injury.""}"
injuries,injury_return_to_play_recovery_curve.csv,injury_return_to_play_recovery_curve,runtime_tuning,258,injury_return_to_play_recovery_curve:258,"{""injury_family_id"":""HAND_WRIST"",""severity_tier"":""career_medical_flag"",""recovery_checkpoint"":""return_to_play"",""week_marker"":""39"",""athletic_recovery_factor"":""0.75"",""technical_recovery_factor"":""0.81"",""medical_clearance_factor"":""0.75"",""notes"":""For reconstructing current state after old injury.""}"
injuries,injury_return_to_play_recovery_curve.csv,injury_return_to_play_recovery_curve,runtime_tuning,259,injury_return_to_play_recovery_curve:259,"{""injury_family_id"":""HAND_WRIST"",""severity_tier"":""career_medical_flag"",""recovery_checkpoint"":""next_season"",""week_marker"":""48"",""athletic_recovery_factor"":""0.92"",""technical_recovery_factor"":""0.98"",""medical_clearance_factor"":""0.92"",""notes"":""For reconstructing current state after old injury.""}"
injuries,injury_return_to_play_recovery_curve.csv,injury_return_to_play_recovery_curve,runtime_tuning,260,injury_return_to_play_recovery_curve:260,"{""injury_family_id"":""HAND_WRIST"",""severity_tier"":""career_medical_flag"",""recovery_checkpoint"":""long_term"",""week_marker"":""52"",""athletic_recovery_factor"":""1.0"",""technical_recovery_factor"":""1.06"",""medical_clearance_factor"":""1.0"",""notes"":""For reconstructing current state after old injury.""}"
injuries,injury_return_to_play_recovery_curve.csv,injury_return_to_play_recovery_curve,runtime_tuning,261,injury_return_to_play_recovery_curve:261,"{""injury_family_id"":""RIB_CHEST"",""severity_tier"":""minor"",""recovery_checkpoint"":""initial"",""week_marker"":""0"",""athletic_recovery_factor"":""0.55"",""technical_recovery_factor"":""0.7"",""medical_clearance_factor"":""0.1"",""notes"":""For reconstructing current state after old injury.""}"
injuries,injury_return_to_play_recovery_curve.csv,injury_return_to_play_recovery_curve,runtime_tuning,262,injury_return_to_play_recovery_curve:262,"{""injury_family_id"":""RIB_CHEST"",""severity_tier"":""minor"",""recovery_checkpoint"":""mid_rehab"",""week_marker"":""1"",""athletic_recovery_factor"":""0.55"",""technical_recovery_factor"":""0.7"",""medical_clearance_factor"":""0.5"",""notes"":""For reconstructing current state after old injury.""}"
injuries,injury_return_to_play_recovery_curve.csv,injury_return_to_play_recovery_curve,runtime_tuning,263,injury_return_to_play_recovery_curve:263,"{""injury_family_id"":""RIB_CHEST"",""severity_tier"":""minor"",""recovery_checkpoint"":""return_to_play"",""week_marker"":""2"",""athletic_recovery_factor"":""0.75"",""technical_recovery_factor"":""0.81"",""medical_clearance_factor"":""0.85"",""notes"":""For reconstructing current state after old injury.""}"
injuries,injury_return_to_play_recovery_curve.csv,injury_return_to_play_recovery_curve,runtime_tuning,264,injury_return_to_play_recovery_curve:264,"{""injury_family_id"":""RIB_CHEST"",""severity_tier"":""minor"",""recovery_checkpoint"":""next_season"",""week_marker"":""2"",""athletic_recovery_factor"":""0.92"",""technical_recovery_factor"":""0.98"",""medical_clearance_factor"":""1.0"",""notes"":""For reconstructing current state after old injury.""}"
injuries,injury_return_to_play_recovery_curve.csv,injury_return_to_play_recovery_curve,runtime_tuning,265,injury_return_to_play_recovery_curve:265,"{""injury_family_id"":""RIB_CHEST"",""severity_tier"":""minor"",""recovery_checkpoint"":""long_term"",""week_marker"":""2"",""athletic_recovery_factor"":""1.0"",""technical_recovery_factor"":""1.06"",""medical_clearance_factor"":""1.0"",""notes"":""For reconstructing current state after old injury.""}"
injuries,injury_return_to_play_recovery_curve.csv,injury_return_to_play_recovery_curve,runtime_tuning,266,injury_return_to_play_recovery_curve:266,"{""injury_family_id"":""RIB_CHEST"",""severity_tier"":""moderate"",""recovery_checkpoint"":""initial"",""week_marker"":""0"",""athletic_recovery_factor"":""0.55"",""technical_recovery_factor"":""0.7"",""medical_clearance_factor"":""0"",""notes"":""For reconstructing current state after old injury.""}"
injuries,injury_return_to_play_recovery_curve.csv,injury_return_to_play_recovery_curve,runtime_tuning,267,injury_return_to_play_recovery_curve:267,"{""injury_family_id"":""RIB_CHEST"",""severity_tier"":""moderate"",""recovery_checkpoint"":""mid_rehab"",""week_marker"":""3"",""athletic_recovery_factor"":""0.55"",""technical_recovery_factor"":""0.7"",""medical_clearance_factor"":""0.4"",""notes"":""For reconstructing current state after old injury.""}"
injuries,injury_return_to_play_recovery_curve.csv,injury_return_to_play_recovery_curve,runtime_tuning,268,injury_return_to_play_recovery_curve:268,"{""injury_family_id"":""RIB_CHEST"",""severity_tier"":""moderate"",""recovery_checkpoint"":""return_to_play"",""week_marker"":""6"",""athletic_recovery_factor"":""0.75"",""technical_recovery_factor"":""0.81"",""medical_clearance_factor"":""0.75"",""notes"":""For reconstructing current state after old injury.""}"
injuries,injury_return_to_play_recovery_curve.csv,injury_return_to_play_recovery_curve,runtime_tuning,269,injury_return_to_play_recovery_curve:269,"{""injury_family_id"":""RIB_CHEST"",""severity_tier"":""moderate"",""recovery_checkpoint"":""next_season"",""week_marker"":""7"",""athletic_recovery_factor"":""0.92"",""technical_recovery_factor"":""0.98"",""medical_clearance_factor"":""0.92"",""notes"":""For reconstructing current state after old injury.""}"
injuries,injury_return_to_play_recovery_curve.csv,injury_return_to_play_recovery_curve,runtime_tuning,270,injury_return_to_play_recovery_curve:270,"{""injury_family_id"":""RIB_CHEST"",""severity_tier"":""moderate"",""recovery_checkpoint"":""long_term"",""week_marker"":""8"",""athletic_recovery_factor"":""1.0"",""technical_recovery_factor"":""1.06"",""medical_clearance_factor"":""1.0"",""notes"":""For reconstructing current state after old injury.""}"
injuries,injury_return_to_play_recovery_curve.csv,injury_return_to_play_recovery_curve,runtime_tuning,271,injury_return_to_play_recovery_curve:271,"{""injury_family_id"":""RIB_CHEST"",""severity_tier"":""major"",""recovery_checkpoint"":""initial"",""week_marker"":""0"",""athletic_recovery_factor"":""0.55"",""technical_recovery_factor"":""0.7"",""medical_clearance_factor"":""0"",""notes"":""For reconstructing current state after old injury.""}"
injuries,injury_return_to_play_recovery_curve.csv,injury_return_to_play_recovery_curve,runtime_tuning,272,injury_return_to_play_recovery_curve:272,"{""injury_family_id"":""RIB_CHEST"",""severity_tier"":""major"",""recovery_checkpoint"":""mid_rehab"",""week_marker"":""13"",""athletic_recovery_factor"":""0.55"",""technical_recovery_factor"":""0.7"",""medical_clearance_factor"":""0.4"",""notes"":""For reconstructing current state after old injury.""}"
injuries,injury_return_to_play_recovery_curve.csv,injury_return_to_play_recovery_curve,runtime_tuning,273,injury_return_to_play_recovery_curve:273,"{""injury_family_id"":""RIB_CHEST"",""severity_tier"":""major"",""recovery_checkpoint"":""return_to_play"",""week_marker"":""24"",""athletic_recovery_factor"":""0.75"",""technical_recovery_factor"":""0.81"",""medical_clearance_factor"":""0.75"",""notes"":""For reconstructing current state after old injury.""}"
injuries,injury_return_to_play_recovery_curve.csv,injury_return_to_play_recovery_curve,runtime_tuning,274,injury_return_to_play_recovery_curve:274,"{""injury_family_id"":""RIB_CHEST"",""severity_tier"":""major"",""recovery_checkpoint"":""next_season"",""week_marker"":""29"",""athletic_recovery_factor"":""0.92"",""technical_recovery_factor"":""0.98"",""medical_clearance_factor"":""0.92"",""notes"":""For reconstructing current state after old injury.""}"
injuries,injury_return_to_play_recovery_curve.csv,injury_return_to_play_recovery_curve,runtime_tuning,275,injury_return_to_play_recovery_curve:275,"{""injury_family_id"":""RIB_CHEST"",""severity_tier"":""major"",""recovery_checkpoint"":""long_term"",""week_marker"":""32"",""athletic_recovery_factor"":""1.0"",""technical_recovery_factor"":""1.06"",""medical_clearance_factor"":""1.0"",""notes"":""For reconstructing current state after old injury.""}"
injuries,injury_return_to_play_recovery_curve.csv,injury_return_to_play_recovery_curve,runtime_tuning,276,injury_return_to_play_recovery_curve:276,"{""injury_family_id"":""RIB_CHEST"",""severity_tier"":""career_medical_flag"",""recovery_checkpoint"":""initial"",""week_marker"":""0"",""athletic_recovery_factor"":""0.55"",""technical_recovery_factor"":""0.7"",""medical_clearance_factor"":""0"",""notes"":""For reconstructing current state after old injury.""}"
injuries,injury_return_to_play_recovery_curve.csv,injury_return_to_play_recovery_curve,runtime_tuning,277,injury_return_to_play_recovery_curve:277,"{""injury_family_id"":""RIB_CHEST"",""severity_tier"":""career_medical_flag"",""recovery_checkpoint"":""mid_rehab"",""week_marker"":""21"",""athletic_recovery_factor"":""0.55"",""technical_recovery_factor"":""0.7"",""medical_clearance_factor"":""0.4"",""notes"":""For reconstructing current state after old injury.""}"
injuries,injury_return_to_play_recovery_curve.csv,injury_return_to_play_recovery_curve,runtime_tuning,278,injury_return_to_play_recovery_curve:278,"{""injury_family_id"":""RIB_CHEST"",""severity_tier"":""career_medical_flag"",""recovery_checkpoint"":""return_to_play"",""week_marker"":""39"",""athletic_recovery_factor"":""0.75"",""technical_recovery_factor"":""0.81"",""medical_clearance_factor"":""0.75"",""notes"":""For reconstructing current state after old injury.""}"
injuries,injury_return_to_play_recovery_curve.csv,injury_return_to_play_recovery_curve,runtime_tuning,279,injury_return_to_play_recovery_curve:279,"{""injury_family_id"":""RIB_CHEST"",""severity_tier"":""career_medical_flag"",""recovery_checkpoint"":""next_season"",""week_marker"":""48"",""athletic_recovery_factor"":""0.92"",""technical_recovery_factor"":""0.98"",""medical_clearance_factor"":""0.92"",""notes"":""For reconstructing current state after old injury.""}"
injuries,injury_return_to_play_recovery_curve.csv,injury_return_to_play_recovery_curve,runtime_tuning,280,injury_return_to_play_recovery_curve:280,"{""injury_family_id"":""RIB_CHEST"",""severity_tier"":""career_medical_flag"",""recovery_checkpoint"":""long_term"",""week_marker"":""52"",""athletic_recovery_factor"":""1.0"",""technical_recovery_factor"":""1.06"",""medical_clearance_factor"":""1.0"",""notes"":""For reconstructing current state after old injury.""}"
injuries,injury_return_to_play_recovery_curve.csv,injury_return_to_play_recovery_curve,runtime_tuning,281,injury_return_to_play_recovery_curve:281,"{""injury_family_id"":""BACK"",""severity_tier"":""minor"",""recovery_checkpoint"":""initial"",""week_marker"":""0"",""athletic_recovery_factor"":""0.55"",""technical_recovery_factor"":""0.7"",""medical_clearance_factor"":""0.1"",""notes"":""For reconstructing current state after old injury.""}"
injuries,injury_return_to_play_recovery_curve.csv,injury_return_to_play_recovery_curve,runtime_tuning,282,injury_return_to_play_recovery_curve:282,"{""injury_family_id"":""BACK"",""severity_tier"":""minor"",""recovery_checkpoint"":""mid_rehab"",""week_marker"":""1"",""athletic_recovery_factor"":""0.55"",""technical_recovery_factor"":""0.7"",""medical_clearance_factor"":""0.5"",""notes"":""For reconstructing current state after old injury.""}"
injuries,injury_return_to_play_recovery_curve.csv,injury_return_to_play_recovery_curve,runtime_tuning,283,injury_return_to_play_recovery_curve:283,"{""injury_family_id"":""BACK"",""severity_tier"":""minor"",""recovery_checkpoint"":""return_to_play"",""week_marker"":""2"",""athletic_recovery_factor"":""0.75"",""technical_recovery_factor"":""0.81"",""medical_clearance_factor"":""0.85"",""notes"":""For reconstructing current state after old injury.""}"
injuries,injury_return_to_play_recovery_curve.csv,injury_return_to_play_recovery_curve,runtime_tuning,284,injury_return_to_play_recovery_curve:284,"{""injury_family_id"":""BACK"",""severity_tier"":""minor"",""recovery_checkpoint"":""next_season"",""week_marker"":""2"",""athletic_recovery_factor"":""0.92"",""technical_recovery_factor"":""0.98"",""medical_clearance_factor"":""1.0"",""notes"":""For reconstructing current state after old injury.""}"
injuries,injury_return_to_play_recovery_curve.csv,injury_return_to_play_recovery_curve,runtime_tuning,285,injury_return_to_play_recovery_curve:285,"{""injury_family_id"":""BACK"",""severity_tier"":""minor"",""recovery_checkpoint"":""long_term"",""week_marker"":""2"",""athletic_recovery_factor"":""1.0"",""technical_recovery_factor"":""1.06"",""medical_clearance_factor"":""1.0"",""notes"":""For reconstructing current state after old injury.""}"
injuries,injury_return_to_play_recovery_curve.csv,injury_return_to_play_recovery_curve,runtime_tuning,286,injury_return_to_play_recovery_curve:286,"{""injury_family_id"":""BACK"",""severity_tier"":""moderate"",""recovery_checkpoint"":""initial"",""week_marker"":""0"",""athletic_recovery_factor"":""0.55"",""technical_recovery_factor"":""0.7"",""medical_clearance_factor"":""0"",""notes"":""For reconstructing current state after old injury.""}"
injuries,injury_return_to_play_recovery_curve.csv,injury_return_to_play_recovery_curve,runtime_tuning,287,injury_return_to_play_recovery_curve:287,"{""injury_family_id"":""BACK"",""severity_tier"":""moderate"",""recovery_checkpoint"":""mid_rehab"",""week_marker"":""3"",""athletic_recovery_factor"":""0.55"",""technical_recovery_factor"":""0.7"",""medical_clearance_factor"":""0.4"",""notes"":""For reconstructing current state after old injury.""}"
injuries,injury_return_to_play_recovery_curve.csv,injury_return_to_play_recovery_curve,runtime_tuning,288,injury_return_to_play_recovery_curve:288,"{""injury_family_id"":""BACK"",""severity_tier"":""moderate"",""recovery_checkpoint"":""return_to_play"",""week_marker"":""6"",""athletic_recovery_factor"":""0.75"",""technical_recovery_factor"":""0.81"",""medical_clearance_factor"":""0.75"",""notes"":""For reconstructing current state after old injury.""}"
injuries,injury_return_to_play_recovery_curve.csv,injury_return_to_play_recovery_curve,runtime_tuning,289,injury_return_to_play_recovery_curve:289,"{""injury_family_id"":""BACK"",""severity_tier"":""moderate"",""recovery_checkpoint"":""next_season"",""week_marker"":""7"",""athletic_recovery_factor"":""0.92"",""technical_recovery_factor"":""0.98"",""medical_clearance_factor"":""0.92"",""notes"":""For reconstructing current state after old injury.""}"
injuries,injury_return_to_play_recovery_curve.csv,injury_return_to_play_recovery_curve,runtime_tuning,290,injury_return_to_play_recovery_curve:290,"{""injury_family_id"":""BACK"",""severity_tier"":""moderate"",""recovery_checkpoint"":""long_term"",""week_marker"":""8"",""athletic_recovery_factor"":""1.0"",""technical_recovery_factor"":""1.06"",""medical_clearance_factor"":""1.0"",""notes"":""For reconstructing current state after old injury.""}"
injuries,injury_return_to_play_recovery_curve.csv,injury_return_to_play_recovery_curve,runtime_tuning,291,injury_return_to_play_recovery_curve:291,"{""injury_family_id"":""BACK"",""severity_tier"":""major"",""recovery_checkpoint"":""initial"",""week_marker"":""0"",""athletic_recovery_factor"":""0.55"",""technical_recovery_factor"":""0.7"",""medical_clearance_factor"":""0"",""notes"":""For reconstructing current state after old injury.""}"
injuries,injury_return_to_play_recovery_curve.csv,injury_return_to_play_recovery_curve,runtime_tuning,292,injury_return_to_play_recovery_curve:292,"{""injury_family_id"":""BACK"",""severity_tier"":""major"",""recovery_checkpoint"":""mid_rehab"",""week_marker"":""13"",""athletic_recovery_factor"":""0.55"",""technical_recovery_factor"":""0.7"",""medical_clearance_factor"":""0.4"",""notes"":""For reconstructing current state after old injury.""}"
injuries,injury_return_to_play_recovery_curve.csv,injury_return_to_play_recovery_curve,runtime_tuning,293,injury_return_to_play_recovery_curve:293,"{""injury_family_id"":""BACK"",""severity_tier"":""major"",""recovery_checkpoint"":""return_to_play"",""week_marker"":""24"",""athletic_recovery_factor"":""0.75"",""technical_recovery_factor"":""0.81"",""medical_clearance_factor"":""0.75"",""notes"":""For reconstructing current state after old injury.""}"
injuries,injury_return_to_play_recovery_curve.csv,injury_return_to_play_recovery_curve,runtime_tuning,294,injury_return_to_play_recovery_curve:294,"{""injury_family_id"":""BACK"",""severity_tier"":""major"",""recovery_checkpoint"":""next_season"",""week_marker"":""29"",""athletic_recovery_factor"":""0.92"",""technical_recovery_factor"":""0.98"",""medical_clearance_factor"":""0.92"",""notes"":""For reconstructing current state after old injury.""}"
injuries,injury_return_to_play_recovery_curve.csv,injury_return_to_play_recovery_curve,runtime_tuning,295,injury_return_to_play_recovery_curve:295,"{""injury_family_id"":""BACK"",""severity_tier"":""major"",""recovery_checkpoint"":""long_term"",""week_marker"":""32"",""athletic_recovery_factor"":""1.0"",""technical_recovery_factor"":""1.06"",""medical_clearance_factor"":""1.0"",""notes"":""For reconstructing current state after old injury.""}"
injuries,injury_return_to_play_recovery_curve.csv,injury_return_to_play_recovery_curve,runtime_tuning,296,injury_return_to_play_recovery_curve:296,"{""injury_family_id"":""BACK"",""severity_tier"":""career_medical_flag"",""recovery_checkpoint"":""initial"",""week_marker"":""0"",""athletic_recovery_factor"":""0.55"",""technical_recovery_factor"":""0.7"",""medical_clearance_factor"":""0"",""notes"":""For reconstructing current state after old injury.""}"
injuries,injury_return_to_play_recovery_curve.csv,injury_return_to_play_recovery_curve,runtime_tuning,297,injury_return_to_play_recovery_curve:297,"{""injury_family_id"":""BACK"",""severity_tier"":""career_medical_flag"",""recovery_checkpoint"":""mid_rehab"",""week_marker"":""21"",""athletic_recovery_factor"":""0.55"",""technical_recovery_factor"":""0.7"",""medical_clearance_factor"":""0.4"",""notes"":""For reconstructing current state after old injury.""}"
injuries,injury_return_to_play_recovery_curve.csv,injury_return_to_play_recovery_curve,runtime_tuning,298,injury_return_to_play_recovery_curve:298,"{""injury_family_id"":""BACK"",""severity_tier"":""career_medical_flag"",""recovery_checkpoint"":""return_to_play"",""week_marker"":""39"",""athletic_recovery_factor"":""0.75"",""technical_recovery_factor"":""0.81"",""medical_clearance_factor"":""0.75"",""notes"":""For reconstructing current state after old injury.""}"
injuries,injury_return_to_play_recovery_curve.csv,injury_return_to_play_recovery_curve,runtime_tuning,299,injury_return_to_play_recovery_curve:299,"{""injury_family_id"":""BACK"",""severity_tier"":""career_medical_flag"",""recovery_checkpoint"":""next_season"",""week_marker"":""48"",""athletic_recovery_factor"":""0.92"",""technical_recovery_factor"":""0.98"",""medical_clearance_factor"":""0.92"",""notes"":""For reconstructing current state after old injury.""}"
injuries,injury_return_to_play_recovery_curve.csv,injury_return_to_play_recovery_curve,runtime_tuning,300,injury_return_to_play_recovery_curve:300,"{""injury_family_id"":""BACK"",""severity_tier"":""career_medical_flag"",""recovery_checkpoint"":""long_term"",""week_marker"":""52"",""athletic_recovery_factor"":""1.0"",""technical_recovery_factor"":""1.06"",""medical_clearance_factor"":""1.0"",""notes"":""For reconstructing current state after old injury.""}"
injuries,injury_return_to_play_recovery_curve.csv,injury_return_to_play_recovery_curve,runtime_tuning,301,injury_return_to_play_recovery_curve:301,"{""injury_family_id"":""STINGER"",""severity_tier"":""minor"",""recovery_checkpoint"":""initial"",""week_marker"":""0"",""athletic_recovery_factor"":""0.55"",""technical_recovery_factor"":""0.7"",""medical_clearance_factor"":""0.1"",""notes"":""For reconstructing current state after old injury.""}"
injuries,injury_return_to_play_recovery_curve.csv,injury_return_to_play_recovery_curve,runtime_tuning,302,injury_return_to_play_recovery_curve:302,"{""injury_family_id"":""STINGER"",""severity_tier"":""minor"",""recovery_checkpoint"":""mid_rehab"",""week_marker"":""1"",""athletic_recovery_factor"":""0.55"",""technical_recovery_factor"":""0.7"",""medical_clearance_factor"":""0.5"",""notes"":""For reconstructing current state after old injury.""}"
injuries,injury_return_to_play_recovery_curve.csv,injury_return_to_play_recovery_curve,runtime_tuning,303,injury_return_to_play_recovery_curve:303,"{""injury_family_id"":""STINGER"",""severity_tier"":""minor"",""recovery_checkpoint"":""return_to_play"",""week_marker"":""2"",""athletic_recovery_factor"":""0.75"",""technical_recovery_factor"":""0.81"",""medical_clearance_factor"":""0.85"",""notes"":""For reconstructing current state after old injury.""}"
injuries,injury_return_to_play_recovery_curve.csv,injury_return_to_play_recovery_curve,runtime_tuning,304,injury_return_to_play_recovery_curve:304,"{""injury_family_id"":""STINGER"",""severity_tier"":""minor"",""recovery_checkpoint"":""next_season"",""week_marker"":""2"",""athletic_recovery_factor"":""0.92"",""technical_recovery_factor"":""0.98"",""medical_clearance_factor"":""1.0"",""notes"":""For reconstructing current state after old injury.""}"
injuries,injury_return_to_play_recovery_curve.csv,injury_return_to_play_recovery_curve,runtime_tuning,305,injury_return_to_play_recovery_curve:305,"{""injury_family_id"":""STINGER"",""severity_tier"":""minor"",""recovery_checkpoint"":""long_term"",""week_marker"":""2"",""athletic_recovery_factor"":""1.0"",""technical_recovery_factor"":""1.06"",""medical_clearance_factor"":""1.0"",""notes"":""For reconstructing current state after old injury.""}"
injuries,injury_return_to_play_recovery_curve.csv,injury_return_to_play_recovery_curve,runtime_tuning,306,injury_return_to_play_recovery_curve:306,"{""injury_family_id"":""STINGER"",""severity_tier"":""moderate"",""recovery_checkpoint"":""initial"",""week_marker"":""0"",""athletic_recovery_factor"":""0.55"",""technical_recovery_factor"":""0.7"",""medical_clearance_factor"":""0"",""notes"":""For reconstructing current state after old injury.""}"
injuries,injury_return_to_play_recovery_curve.csv,injury_return_to_play_recovery_curve,runtime_tuning,307,injury_return_to_play_recovery_curve:307,"{""injury_family_id"":""STINGER"",""severity_tier"":""moderate"",""recovery_checkpoint"":""mid_rehab"",""week_marker"":""3"",""athletic_recovery_factor"":""0.55"",""technical_recovery_factor"":""0.7"",""medical_clearance_factor"":""0.4"",""notes"":""For reconstructing current state after old injury.""}"
injuries,injury_return_to_play_recovery_curve.csv,injury_return_to_play_recovery_curve,runtime_tuning,308,injury_return_to_play_recovery_curve:308,"{""injury_family_id"":""STINGER"",""severity_tier"":""moderate"",""recovery_checkpoint"":""return_to_play"",""week_marker"":""6"",""athletic_recovery_factor"":""0.75"",""technical_recovery_factor"":""0.81"",""medical_clearance_factor"":""0.75"",""notes"":""For reconstructing current state after old injury.""}"
injuries,injury_return_to_play_recovery_curve.csv,injury_return_to_play_recovery_curve,runtime_tuning,309,injury_return_to_play_recovery_curve:309,"{""injury_family_id"":""STINGER"",""severity_tier"":""moderate"",""recovery_checkpoint"":""next_season"",""week_marker"":""7"",""athletic_recovery_factor"":""0.92"",""technical_recovery_factor"":""0.98"",""medical_clearance_factor"":""0.92"",""notes"":""For reconstructing current state after old injury.""}"
injuries,injury_return_to_play_recovery_curve.csv,injury_return_to_play_recovery_curve,runtime_tuning,310,injury_return_to_play_recovery_curve:310,"{""injury_family_id"":""STINGER"",""severity_tier"":""moderate"",""recovery_checkpoint"":""long_term"",""week_marker"":""8"",""athletic_recovery_factor"":""1.0"",""technical_recovery_factor"":""1.06"",""medical_clearance_factor"":""1.0"",""notes"":""For reconstructing current state after old injury.""}"
injuries,injury_return_to_play_recovery_curve.csv,injury_return_to_play_recovery_curve,runtime_tuning,311,injury_return_to_play_recovery_curve:311,"{""injury_family_id"":""STINGER"",""severity_tier"":""major"",""recovery_checkpoint"":""initial"",""week_marker"":""0"",""athletic_recovery_factor"":""0.55"",""technical_recovery_factor"":""0.7"",""medical_clearance_factor"":""0"",""notes"":""For reconstructing current state after old injury.""}"
injuries,injury_return_to_play_recovery_curve.csv,injury_return_to_play_recovery_curve,runtime_tuning,312,injury_return_to_play_recovery_curve:312,"{""injury_family_id"":""STINGER"",""severity_tier"":""major"",""recovery_checkpoint"":""mid_rehab"",""week_marker"":""13"",""athletic_recovery_factor"":""0.55"",""technical_recovery_factor"":""0.7"",""medical_clearance_factor"":""0.4"",""notes"":""For reconstructing current state after old injury.""}"
injuries,injury_return_to_play_recovery_curve.csv,injury_return_to_play_recovery_curve,runtime_tuning,313,injury_return_to_play_recovery_curve:313,"{""injury_family_id"":""STINGER"",""severity_tier"":""major"",""recovery_checkpoint"":""return_to_play"",""week_marker"":""24"",""athletic_recovery_factor"":""0.75"",""technical_recovery_factor"":""0.81"",""medical_clearance_factor"":""0.75"",""notes"":""For reconstructing current state after old injury.""}"
injuries,injury_return_to_play_recovery_curve.csv,injury_return_to_play_recovery_curve,runtime_tuning,314,injury_return_to_play_recovery_curve:314,"{""injury_family_id"":""STINGER"",""severity_tier"":""major"",""recovery_checkpoint"":""next_season"",""week_marker"":""29"",""athletic_recovery_factor"":""0.92"",""technical_recovery_factor"":""0.98"",""medical_clearance_factor"":""0.92"",""notes"":""For reconstructing current state after old injury.""}"
injuries,injury_return_to_play_recovery_curve.csv,injury_return_to_play_recovery_curve,runtime_tuning,315,injury_return_to_play_recovery_curve:315,"{""injury_family_id"":""STINGER"",""severity_tier"":""major"",""recovery_checkpoint"":""long_term"",""week_marker"":""32"",""athletic_recovery_factor"":""1.0"",""technical_recovery_factor"":""1.06"",""medical_clearance_factor"":""1.0"",""notes"":""For reconstructing current state after old injury.""}"
injuries,injury_return_to_play_recovery_curve.csv,injury_return_to_play_recovery_curve,runtime_tuning,316,injury_return_to_play_recovery_curve:316,"{""injury_family_id"":""STINGER"",""severity_tier"":""career_medical_flag"",""recovery_checkpoint"":""initial"",""week_marker"":""0"",""athletic_recovery_factor"":""0.55"",""technical_recovery_factor"":""0.7"",""medical_clearance_factor"":""0"",""notes"":""For reconstructing current state after old injury.""}"
injuries,injury_return_to_play_recovery_curve.csv,injury_return_to_play_recovery_curve,runtime_tuning,317,injury_return_to_play_recovery_curve:317,"{""injury_family_id"":""STINGER"",""severity_tier"":""career_medical_flag"",""recovery_checkpoint"":""mid_rehab"",""week_marker"":""21"",""athletic_recovery_factor"":""0.55"",""technical_recovery_factor"":""0.7"",""medical_clearance_factor"":""0.4"",""notes"":""For reconstructing current state after old injury.""}"
injuries,injury_return_to_play_recovery_curve.csv,injury_return_to_play_recovery_curve,runtime_tuning,318,injury_return_to_play_recovery_curve:318,"{""injury_family_id"":""STINGER"",""severity_tier"":""career_medical_flag"",""recovery_checkpoint"":""return_to_play"",""week_marker"":""39"",""athletic_recovery_factor"":""0.75"",""technical_recovery_factor"":""0.81"",""medical_clearance_factor"":""0.75"",""notes"":""For reconstructing current state after old injury.""}"
injuries,injury_return_to_play_recovery_curve.csv,injury_return_to_play_recovery_curve,runtime_tuning,319,injury_return_to_play_recovery_curve:319,"{""injury_family_id"":""STINGER"",""severity_tier"":""career_medical_flag"",""recovery_checkpoint"":""next_season"",""week_marker"":""48"",""athletic_recovery_factor"":""0.92"",""technical_recovery_factor"":""0.98"",""medical_clearance_factor"":""0.92"",""notes"":""For reconstructing current state after old injury.""}"
injuries,injury_return_to_play_recovery_curve.csv,injury_return_to_play_recovery_curve,runtime_tuning,320,injury_return_to_play_recovery_curve:320,"{""injury_family_id"":""STINGER"",""severity_tier"":""career_medical_flag"",""recovery_checkpoint"":""long_term"",""week_marker"":""52"",""athletic_recovery_factor"":""1.0"",""technical_recovery_factor"":""1.06"",""medical_clearance_factor"":""1.0"",""notes"":""For reconstructing current state after old injury.""}"
injuries,injury_return_to_play_recovery_curve.csv,injury_return_to_play_recovery_curve,runtime_tuning,321,injury_return_to_play_recovery_curve:321,"{""injury_family_id"":""QUAD_CALF"",""severity_tier"":""minor"",""recovery_checkpoint"":""initial"",""week_marker"":""0"",""athletic_recovery_factor"":""0.55"",""technical_recovery_factor"":""0.7"",""medical_clearance_factor"":""0.1"",""notes"":""For reconstructing current state after old injury.""}"
injuries,injury_return_to_play_recovery_curve.csv,injury_return_to_play_recovery_curve,runtime_tuning,322,injury_return_to_play_recovery_curve:322,"{""injury_family_id"":""QUAD_CALF"",""severity_tier"":""minor"",""recovery_checkpoint"":""mid_rehab"",""week_marker"":""1"",""athletic_recovery_factor"":""0.55"",""technical_recovery_factor"":""0.7"",""medical_clearance_factor"":""0.5"",""notes"":""For reconstructing current state after old injury.""}"
injuries,injury_return_to_play_recovery_curve.csv,injury_return_to_play_recovery_curve,runtime_tuning,323,injury_return_to_play_recovery_curve:323,"{""injury_family_id"":""QUAD_CALF"",""severity_tier"":""minor"",""recovery_checkpoint"":""return_to_play"",""week_marker"":""2"",""athletic_recovery_factor"":""0.75"",""technical_recovery_factor"":""0.81"",""medical_clearance_factor"":""0.85"",""notes"":""For reconstructing current state after old injury.""}"
injuries,injury_return_to_play_recovery_curve.csv,injury_return_to_play_recovery_curve,runtime_tuning,324,injury_return_to_play_recovery_curve:324,"{""injury_family_id"":""QUAD_CALF"",""severity_tier"":""minor"",""recovery_checkpoint"":""next_season"",""week_marker"":""2"",""athletic_recovery_factor"":""0.92"",""technical_recovery_factor"":""0.98"",""medical_clearance_factor"":""1.0"",""notes"":""For reconstructing current state after old injury.""}"
injuries,injury_return_to_play_recovery_curve.csv,injury_return_to_play_recovery_curve,runtime_tuning,325,injury_return_to_play_recovery_curve:325,"{""injury_family_id"":""QUAD_CALF"",""severity_tier"":""minor"",""recovery_checkpoint"":""long_term"",""week_marker"":""2"",""athletic_recovery_factor"":""1.0"",""technical_recovery_factor"":""1.06"",""medical_clearance_factor"":""1.0"",""notes"":""For reconstructing current state after old injury.""}"
injuries,injury_return_to_play_recovery_curve.csv,injury_return_to_play_recovery_curve,runtime_tuning,326,injury_return_to_play_recovery_curve:326,"{""injury_family_id"":""QUAD_CALF"",""severity_tier"":""moderate"",""recovery_checkpoint"":""initial"",""week_marker"":""0"",""athletic_recovery_factor"":""0.55"",""technical_recovery_factor"":""0.7"",""medical_clearance_factor"":""0"",""notes"":""For reconstructing current state after old injury.""}"
injuries,injury_return_to_play_recovery_curve.csv,injury_return_to_play_recovery_curve,runtime_tuning,327,injury_return_to_play_recovery_curve:327,"{""injury_family_id"":""QUAD_CALF"",""severity_tier"":""moderate"",""recovery_checkpoint"":""mid_rehab"",""week_marker"":""3"",""athletic_recovery_factor"":""0.55"",""technical_recovery_factor"":""0.7"",""medical_clearance_factor"":""0.4"",""notes"":""For reconstructing current state after old injury.""}"
injuries,injury_return_to_play_recovery_curve.csv,injury_return_to_play_recovery_curve,runtime_tuning,328,injury_return_to_play_recovery_curve:328,"{""injury_family_id"":""QUAD_CALF"",""severity_tier"":""moderate"",""recovery_checkpoint"":""return_to_play"",""week_marker"":""6"",""athletic_recovery_factor"":""0.75"",""technical_recovery_factor"":""0.81"",""medical_clearance_factor"":""0.75"",""notes"":""For reconstructing current state after old injury.""}"
injuries,injury_return_to_play_recovery_curve.csv,injury_return_to_play_recovery_curve,runtime_tuning,329,injury_return_to_play_recovery_curve:329,"{""injury_family_id"":""QUAD_CALF"",""severity_tier"":""moderate"",""recovery_checkpoint"":""next_season"",""week_marker"":""7"",""athletic_recovery_factor"":""0.92"",""technical_recovery_factor"":""0.98"",""medical_clearance_factor"":""0.92"",""notes"":""For reconstructing current state after old injury.""}"
injuries,injury_return_to_play_recovery_curve.csv,injury_return_to_play_recovery_curve,runtime_tuning,330,injury_return_to_play_recovery_curve:330,"{""injury_family_id"":""QUAD_CALF"",""severity_tier"":""moderate"",""recovery_checkpoint"":""long_term"",""week_marker"":""8"",""athletic_recovery_factor"":""1.0"",""technical_recovery_factor"":""1.06"",""medical_clearance_factor"":""1.0"",""notes"":""For reconstructing current state after old injury.""}"
injuries,injury_return_to_play_recovery_curve.csv,injury_return_to_play_recovery_curve,runtime_tuning,331,injury_return_to_play_recovery_curve:331,"{""injury_family_id"":""QUAD_CALF"",""severity_tier"":""major"",""recovery_checkpoint"":""initial"",""week_marker"":""0"",""athletic_recovery_factor"":""0.55"",""technical_recovery_factor"":""0.7"",""medical_clearance_factor"":""0"",""notes"":""For reconstructing current state after old injury.""}"
injuries,injury_return_to_play_recovery_curve.csv,injury_return_to_play_recovery_curve,runtime_tuning,332,injury_return_to_play_recovery_curve:332,"{""injury_family_id"":""QUAD_CALF"",""severity_tier"":""major"",""recovery_checkpoint"":""mid_rehab"",""week_marker"":""13"",""athletic_recovery_factor"":""0.55"",""technical_recovery_factor"":""0.7"",""medical_clearance_factor"":""0.4"",""notes"":""For reconstructing current state after old injury.""}"
injuries,injury_return_to_play_recovery_curve.csv,injury_return_to_play_recovery_curve,runtime_tuning,333,injury_return_to_play_recovery_curve:333,"{""injury_family_id"":""QUAD_CALF"",""severity_tier"":""major"",""recovery_checkpoint"":""return_to_play"",""week_marker"":""24"",""athletic_recovery_factor"":""0.75"",""technical_recovery_factor"":""0.81"",""medical_clearance_factor"":""0.75"",""notes"":""For reconstructing current state after old injury.""}"
injuries,injury_return_to_play_recovery_curve.csv,injury_return_to_play_recovery_curve,runtime_tuning,334,injury_return_to_play_recovery_curve:334,"{""injury_family_id"":""QUAD_CALF"",""severity_tier"":""major"",""recovery_checkpoint"":""next_season"",""week_marker"":""29"",""athletic_recovery_factor"":""0.92"",""technical_recovery_factor"":""0.98"",""medical_clearance_factor"":""0.92"",""notes"":""For reconstructing current state after old injury.""}"
injuries,injury_return_to_play_recovery_curve.csv,injury_return_to_play_recovery_curve,runtime_tuning,335,injury_return_to_play_recovery_curve:335,"{""injury_family_id"":""QUAD_CALF"",""severity_tier"":""major"",""recovery_checkpoint"":""long_term"",""week_marker"":""32"",""athletic_recovery_factor"":""1.0"",""technical_recovery_factor"":""1.06"",""medical_clearance_factor"":""1.0"",""notes"":""For reconstructing current state after old injury.""}"
injuries,injury_return_to_play_recovery_curve.csv,injury_return_to_play_recovery_curve,runtime_tuning,336,injury_return_to_play_recovery_curve:336,"{""injury_family_id"":""QUAD_CALF"",""severity_tier"":""career_medical_flag"",""recovery_checkpoint"":""initial"",""week_marker"":""0"",""athletic_recovery_factor"":""0.55"",""technical_recovery_factor"":""0.7"",""medical_clearance_factor"":""0"",""notes"":""For reconstructing current state after old injury.""}"
injuries,injury_return_to_play_recovery_curve.csv,injury_return_to_play_recovery_curve,runtime_tuning,337,injury_return_to_play_recovery_curve:337,"{""injury_family_id"":""QUAD_CALF"",""severity_tier"":""career_medical_flag"",""recovery_checkpoint"":""mid_rehab"",""week_marker"":""21"",""athletic_recovery_factor"":""0.55"",""technical_recovery_factor"":""0.7"",""medical_clearance_factor"":""0.4"",""notes"":""For reconstructing current state after old injury.""}"
injuries,injury_return_to_play_recovery_curve.csv,injury_return_to_play_recovery_curve,runtime_tuning,338,injury_return_to_play_recovery_curve:338,"{""injury_family_id"":""QUAD_CALF"",""severity_tier"":""career_medical_flag"",""recovery_checkpoint"":""return_to_play"",""week_marker"":""39"",""athletic_recovery_factor"":""0.75"",""technical_recovery_factor"":""0.81"",""medical_clearance_factor"":""0.75"",""notes"":""For reconstructing current state after old injury.""}"
injuries,injury_return_to_play_recovery_curve.csv,injury_return_to_play_recovery_curve,runtime_tuning,339,injury_return_to_play_recovery_curve:339,"{""injury_family_id"":""QUAD_CALF"",""severity_tier"":""career_medical_flag"",""recovery_checkpoint"":""next_season"",""week_marker"":""48"",""athletic_recovery_factor"":""0.92"",""technical_recovery_factor"":""0.98"",""medical_clearance_factor"":""0.92"",""notes"":""For reconstructing current state after old injury.""}"
injuries,injury_return_to_play_recovery_curve.csv,injury_return_to_play_recovery_curve,runtime_tuning,340,injury_return_to_play_recovery_curve:340,"{""injury_family_id"":""QUAD_CALF"",""severity_tier"":""career_medical_flag"",""recovery_checkpoint"":""long_term"",""week_marker"":""52"",""athletic_recovery_factor"":""1.0"",""technical_recovery_factor"":""1.06"",""medical_clearance_factor"":""1.0"",""notes"":""For reconstructing current state after old injury.""}"
injuries,injury_return_to_play_recovery_curve.csv,injury_return_to_play_recovery_curve,runtime_tuning,341,injury_return_to_play_recovery_curve:341,"{""injury_family_id"":""ILLNESS_NONFOOTBALL"",""severity_tier"":""minor"",""recovery_checkpoint"":""initial"",""week_marker"":""0"",""athletic_recovery_factor"":""0.55"",""technical_recovery_factor"":""0.7"",""medical_clearance_factor"":""0.1"",""notes"":""For reconstructing current state after old injury.""}"
injuries,injury_return_to_play_recovery_curve.csv,injury_return_to_play_recovery_curve,runtime_tuning,342,injury_return_to_play_recovery_curve:342,"{""injury_family_id"":""ILLNESS_NONFOOTBALL"",""severity_tier"":""minor"",""recovery_checkpoint"":""mid_rehab"",""week_marker"":""1"",""athletic_recovery_factor"":""0.55"",""technical_recovery_factor"":""0.7"",""medical_clearance_factor"":""0.5"",""notes"":""For reconstructing current state after old injury.""}"
injuries,injury_return_to_play_recovery_curve.csv,injury_return_to_play_recovery_curve,runtime_tuning,343,injury_return_to_play_recovery_curve:343,"{""injury_family_id"":""ILLNESS_NONFOOTBALL"",""severity_tier"":""minor"",""recovery_checkpoint"":""return_to_play"",""week_marker"":""2"",""athletic_recovery_factor"":""0.75"",""technical_recovery_factor"":""0.81"",""medical_clearance_factor"":""0.85"",""notes"":""For reconstructing current state after old injury.""}"
injuries,injury_return_to_play_recovery_curve.csv,injury_return_to_play_recovery_curve,runtime_tuning,344,injury_return_to_play_recovery_curve:344,"{""injury_family_id"":""ILLNESS_NONFOOTBALL"",""severity_tier"":""minor"",""recovery_checkpoint"":""next_season"",""week_marker"":""2"",""athletic_recovery_factor"":""0.92"",""technical_recovery_factor"":""0.98"",""medical_clearance_factor"":""1.0"",""notes"":""For reconstructing current state after old injury.""}"
injuries,injury_return_to_play_recovery_curve.csv,injury_return_to_play_recovery_curve,runtime_tuning,345,injury_return_to_play_recovery_curve:345,"{""injury_family_id"":""ILLNESS_NONFOOTBALL"",""severity_tier"":""minor"",""recovery_checkpoint"":""long_term"",""week_marker"":""2"",""athletic_recovery_factor"":""1.0"",""technical_recovery_factor"":""1.06"",""medical_clearance_factor"":""1.0"",""notes"":""For reconstructing current state after old injury.""}"
injuries,injury_return_to_play_recovery_curve.csv,injury_return_to_play_recovery_curve,runtime_tuning,346,injury_return_to_play_recovery_curve:346,"{""injury_family_id"":""ILLNESS_NONFOOTBALL"",""severity_tier"":""moderate"",""recovery_checkpoint"":""initial"",""week_marker"":""0"",""athletic_recovery_factor"":""0.55"",""technical_recovery_factor"":""0.7"",""medical_clearance_factor"":""0"",""notes"":""For reconstructing current state after old injury.""}"
injuries,injury_return_to_play_recovery_curve.csv,injury_return_to_play_recovery_curve,runtime_tuning,347,injury_return_to_play_recovery_curve:347,"{""injury_family_id"":""ILLNESS_NONFOOTBALL"",""severity_tier"":""moderate"",""recovery_checkpoint"":""mid_rehab"",""week_marker"":""3"",""athletic_recovery_factor"":""0.55"",""technical_recovery_factor"":""0.7"",""medical_clearance_factor"":""0.4"",""notes"":""For reconstructing current state after old injury.""}"
injuries,injury_return_to_play_recovery_curve.csv,injury_return_to_play_recovery_curve,runtime_tuning,348,injury_return_to_play_recovery_curve:348,"{""injury_family_id"":""ILLNESS_NONFOOTBALL"",""severity_tier"":""moderate"",""recovery_checkpoint"":""return_to_play"",""week_marker"":""6"",""athletic_recovery_factor"":""0.75"",""technical_recovery_factor"":""0.81"",""medical_clearance_factor"":""0.75"",""notes"":""For reconstructing current state after old injury.""}"
injuries,injury_return_to_play_recovery_curve.csv,injury_return_to_play_recovery_curve,runtime_tuning,349,injury_return_to_play_recovery_curve:349,"{""injury_family_id"":""ILLNESS_NONFOOTBALL"",""severity_tier"":""moderate"",""recovery_checkpoint"":""next_season"",""week_marker"":""7"",""athletic_recovery_factor"":""0.92"",""technical_recovery_factor"":""0.98"",""medical_clearance_factor"":""0.92"",""notes"":""For reconstructing current state after old injury.""}"
injuries,injury_return_to_play_recovery_curve.csv,injury_return_to_play_recovery_curve,runtime_tuning,350,injury_return_to_play_recovery_curve:350,"{""injury_family_id"":""ILLNESS_NONFOOTBALL"",""severity_tier"":""moderate"",""recovery_checkpoint"":""long_term"",""week_marker"":""8"",""athletic_recovery_factor"":""1.0"",""technical_recovery_factor"":""1.06"",""medical_clearance_factor"":""1.0"",""notes"":""For reconstructing current state after old injury.""}"
injuries,injury_return_to_play_recovery_curve.csv,injury_return_to_play_recovery_curve,runtime_tuning,351,injury_return_to_play_recovery_curve:351,"{""injury_family_id"":""ILLNESS_NONFOOTBALL"",""severity_tier"":""major"",""recovery_checkpoint"":""initial"",""week_marker"":""0"",""athletic_recovery_factor"":""0.55"",""technical_recovery_factor"":""0.7"",""medical_clearance_factor"":""0"",""notes"":""For reconstructing current state after old injury.""}"
injuries,injury_return_to_play_recovery_curve.csv,injury_return_to_play_recovery_curve,runtime_tuning,352,injury_return_to_play_recovery_curve:352,"{""injury_family_id"":""ILLNESS_NONFOOTBALL"",""severity_tier"":""major"",""recovery_checkpoint"":""mid_rehab"",""week_marker"":""13"",""athletic_recovery_factor"":""0.55"",""technical_recovery_factor"":""0.7"",""medical_clearance_factor"":""0.4"",""notes"":""For reconstructing current state after old injury.""}"
injuries,injury_return_to_play_recovery_curve.csv,injury_return_to_play_recovery_curve,runtime_tuning,353,injury_return_to_play_recovery_curve:353,"{""injury_family_id"":""ILLNESS_NONFOOTBALL"",""severity_tier"":""major"",""recovery_checkpoint"":""return_to_play"",""week_marker"":""24"",""athletic_recovery_factor"":""0.75"",""technical_recovery_factor"":""0.81"",""medical_clearance_factor"":""0.75"",""notes"":""For reconstructing current state after old injury.""}"
injuries,injury_return_to_play_recovery_curve.csv,injury_return_to_play_recovery_curve,runtime_tuning,354,injury_return_to_play_recovery_curve:354,"{""injury_family_id"":""ILLNESS_NONFOOTBALL"",""severity_tier"":""major"",""recovery_checkpoint"":""next_season"",""week_marker"":""29"",""athletic_recovery_factor"":""0.92"",""technical_recovery_factor"":""0.98"",""medical_clearance_factor"":""0.92"",""notes"":""For reconstructing current state after old injury.""}"
injuries,injury_return_to_play_recovery_curve.csv,injury_return_to_play_recovery_curve,runtime_tuning,355,injury_return_to_play_recovery_curve:355,"{""injury_family_id"":""ILLNESS_NONFOOTBALL"",""severity_tier"":""major"",""recovery_checkpoint"":""long_term"",""week_marker"":""32"",""athletic_recovery_factor"":""1.0"",""technical_recovery_factor"":""1.06"",""medical_clearance_factor"":""1.0"",""notes"":""For reconstructing current state after old injury.""}"
injuries,injury_return_to_play_recovery_curve.csv,injury_return_to_play_recovery_curve,runtime_tuning,356,injury_return_to_play_recovery_curve:356,"{""injury_family_id"":""ILLNESS_NONFOOTBALL"",""severity_tier"":""career_medical_flag"",""recovery_checkpoint"":""initial"",""week_marker"":""0"",""athletic_recovery_factor"":""0.55"",""technical_recovery_factor"":""0.7"",""medical_clearance_factor"":""0"",""notes"":""For reconstructing current state after old injury.""}"
injuries,injury_return_to_play_recovery_curve.csv,injury_return_to_play_recovery_curve,runtime_tuning,357,injury_return_to_play_recovery_curve:357,"{""injury_family_id"":""ILLNESS_NONFOOTBALL"",""severity_tier"":""career_medical_flag"",""recovery_checkpoint"":""mid_rehab"",""week_marker"":""21"",""athletic_recovery_factor"":""0.55"",""technical_recovery_factor"":""0.7"",""medical_clearance_factor"":""0.4"",""notes"":""For reconstructing current state after old injury.""}"
injuries,injury_return_to_play_recovery_curve.csv,injury_return_to_play_recovery_curve,runtime_tuning,358,injury_return_to_play_recovery_curve:358,"{""injury_family_id"":""ILLNESS_NONFOOTBALL"",""severity_tier"":""career_medical_flag"",""recovery_checkpoint"":""return_to_play"",""week_marker"":""39"",""athletic_recovery_factor"":""0.75"",""technical_recovery_factor"":""0.81"",""medical_clearance_factor"":""0.75"",""notes"":""For reconstructing current state after old injury.""}"
injuries,injury_return_to_play_recovery_curve.csv,injury_return_to_play_recovery_curve,runtime_tuning,359,injury_return_to_play_recovery_curve:359,"{""injury_family_id"":""ILLNESS_NONFOOTBALL"",""severity_tier"":""career_medical_flag"",""recovery_checkpoint"":""next_season"",""week_marker"":""48"",""athletic_recovery_factor"":""0.92"",""technical_recovery_factor"":""0.98"",""medical_clearance_factor"":""0.92"",""notes"":""For reconstructing current state after old injury.""}"
injuries,injury_return_to_play_recovery_curve.csv,injury_return_to_play_recovery_curve,runtime_tuning,360,injury_return_to_play_recovery_curve:360,"{""injury_family_id"":""ILLNESS_NONFOOTBALL"",""severity_tier"":""career_medical_flag"",""recovery_checkpoint"":""long_term"",""week_marker"":""52"",""athletic_recovery_factor"":""1.0"",""technical_recovery_factor"":""1.06"",""medical_clearance_factor"":""1.0"",""notes"":""For reconstructing current state after old injury.""}"
injuries,injury_severity_distribution_by_family.csv,injury_severity_distribution_by_family,weight_distribution,1,injury_severity_distribution_by_family:1,"{""injury_family_id"":""CONCUSSION"",""severity_tier"":""minor"",""weight"":""0.42"",""min_games_missed"":""0"",""max_games_missed"":""1"",""notes"":""Severity/missed-time distribution for generated historical injuries.""}"
injuries,injury_severity_distribution_by_family.csv,injury_severity_distribution_by_family,weight_distribution,2,injury_severity_distribution_by_family:2,"{""injury_family_id"":""CONCUSSION"",""severity_tier"":""moderate"",""weight"":""0.43"",""min_games_missed"":""1"",""max_games_missed"":""3"",""notes"":""Severity/missed-time distribution for generated historical injuries.""}"
injuries,injury_severity_distribution_by_family.csv,injury_severity_distribution_by_family,weight_distribution,3,injury_severity_distribution_by_family:3,"{""injury_family_id"":""CONCUSSION"",""severity_tier"":""major"",""weight"":""0.13"",""min_games_missed"":""4"",""max_games_missed"":""10"",""notes"":""Severity/missed-time distribution for generated historical injuries.""}"
injuries,injury_severity_distribution_by_family.csv,injury_severity_distribution_by_family,weight_distribution,4,injury_severity_distribution_by_family:4,"{""injury_family_id"":""CONCUSSION"",""severity_tier"":""career_medical_flag"",""weight"":""0.02"",""min_games_missed"":""10"",""max_games_missed"":""99"",""notes"":""Severity/missed-time distribution for generated historical injuries.""}"
injuries,injury_severity_distribution_by_family.csv,injury_severity_distribution_by_family,weight_distribution,5,injury_severity_distribution_by_family:5,"{""injury_family_id"":""ACL"",""severity_tier"":""minor"",""weight"":""0"",""min_games_missed"":""0"",""max_games_missed"":""0"",""notes"":""Severity/missed-time distribution for generated historical injuries.""}"
injuries,injury_severity_distribution_by_family.csv,injury_severity_distribution_by_family,weight_distribution,6,injury_severity_distribution_by_family:6,"{""injury_family_id"":""ACL"",""severity_tier"":""moderate"",""weight"":""0.08"",""min_games_missed"":""6"",""max_games_missed"":""14"",""notes"":""Severity/missed-time distribution for generated historical injuries.""}"
injuries,injury_severity_distribution_by_family.csv,injury_severity_distribution_by_family,weight_distribution,7,injury_severity_distribution_by_family:7,"{""injury_family_id"":""ACL"",""severity_tier"":""major"",""weight"":""0.72"",""min_games_missed"":""20"",""max_games_missed"":""48"",""notes"":""Severity/missed-time distribution for generated historical injuries.""}"
injuries,injury_severity_distribution_by_family.csv,injury_severity_distribution_by_family,weight_distribution,8,injury_severity_distribution_by_family:8,"{""injury_family_id"":""ACL"",""severity_tier"":""career_medical_flag"",""weight"":""0.2"",""min_games_missed"":""40"",""max_games_missed"":""99"",""notes"":""Severity/missed-time distribution for generated historical injuries.""}"
injuries,injury_severity_distribution_by_family.csv,injury_severity_distribution_by_family,weight_distribution,9,injury_severity_distribution_by_family:9,"{""injury_family_id"":""MCL"",""severity_tier"":""minor"",""weight"":""0.28"",""min_games_missed"":""1"",""max_games_missed"":""2"",""notes"":""Severity/missed-time distribution for generated historical injuries.""}"
injuries,injury_severity_distribution_by_family.csv,injury_severity_distribution_by_family,weight_distribution,10,injury_severity_distribution_by_family:10,"{""injury_family_id"":""MCL"",""severity_tier"":""moderate"",""weight"":""0.55"",""min_games_missed"":""2"",""max_games_missed"":""6"",""notes"":""Severity/missed-time distribution for generated historical injuries.""}"
injuries,injury_severity_distribution_by_family.csv,injury_severity_distribution_by_family,weight_distribution,11,injury_severity_distribution_by_family:11,"{""injury_family_id"":""MCL"",""severity_tier"":""major"",""weight"":""0.15"",""min_games_missed"":""6"",""max_games_missed"":""12"",""notes"":""Severity/missed-time distribution for generated historical injuries.""}"
injuries,injury_severity_distribution_by_family.csv,injury_severity_distribution_by_family,weight_distribution,12,injury_severity_distribution_by_family:12,"{""injury_family_id"":""MCL"",""severity_tier"":""career_medical_flag"",""weight"":""0.02"",""min_games_missed"":""12"",""max_games_missed"":""30"",""notes"":""Severity/missed-time distribution for generated historical injuries.""}"
injuries,injury_severity_distribution_by_family.csv,injury_severity_distribution_by_family,weight_distribution,13,injury_severity_distribution_by_family:13,"{""injury_family_id"":""MENISCUS"",""severity_tier"":""minor"",""weight"":""0.14"",""min_games_missed"":""1"",""max_games_missed"":""3"",""notes"":""Severity/missed-time distribution for generated historical injuries.""}"
injuries,injury_severity_distribution_by_family.csv,injury_severity_distribution_by_family,weight_distribution,14,injury_severity_distribution_by_family:14,"{""injury_family_id"":""MENISCUS"",""severity_tier"":""moderate"",""weight"":""0.55"",""min_games_missed"":""3"",""max_games_missed"":""10"",""notes"":""Severity/missed-time distribution for generated historical injuries.""}"
injuries,injury_severity_distribution_by_family.csv,injury_severity_distribution_by_family,weight_distribution,15,injury_severity_distribution_by_family:15,"{""injury_family_id"":""MENISCUS"",""severity_tier"":""major"",""weight"":""0.25"",""min_games_missed"":""10"",""max_games_missed"":""24"",""notes"":""Severity/missed-time distribution for generated historical injuries.""}"
injuries,injury_severity_distribution_by_family.csv,injury_severity_distribution_by_family,weight_distribution,16,injury_severity_distribution_by_family:16,"{""injury_family_id"":""MENISCUS"",""severity_tier"":""career_medical_flag"",""weight"":""0.06"",""min_games_missed"":""20"",""max_games_missed"":""50"",""notes"":""Severity/missed-time distribution for generated historical injuries.""}"
injuries,injury_severity_distribution_by_family.csv,injury_severity_distribution_by_family,weight_distribution,17,injury_severity_distribution_by_family:17,"{""injury_family_id"":""ACHILLES"",""severity_tier"":""minor"",""weight"":""0"",""min_games_missed"":""0"",""max_games_missed"":""0"",""notes"":""Severity/missed-time distribution for generated historical injuries.""}"
injuries,injury_severity_distribution_by_family.csv,injury_severity_distribution_by_family,weight_distribution,18,injury_severity_distribution_by_family:18,"{""injury_family_id"":""ACHILLES"",""severity_tier"":""moderate"",""weight"":""0.04"",""min_games_missed"":""10"",""max_games_missed"":""20"",""notes"":""Severity/missed-time distribution for generated historical injuries.""}"
injuries,injury_severity_distribution_by_family.csv,injury_severity_distribution_by_family,weight_distribution,19,injury_severity_distribution_by_family:19,"{""injury_family_id"":""ACHILLES"",""severity_tier"":""major"",""weight"":""0.62"",""min_games_missed"":""28"",""max_games_missed"":""52"",""notes"":""Severity/missed-time distribution for generated historical injuries.""}"
injuries,injury_severity_distribution_by_family.csv,injury_severity_distribution_by_family,weight_distribution,20,injury_severity_distribution_by_family:20,"{""injury_family_id"":""ACHILLES"",""severity_tier"":""career_medical_flag"",""weight"":""0.34"",""min_games_missed"":""40"",""max_games_missed"":""99"",""notes"":""Severity/missed-time distribution for generated historical injuries.""}"
injuries,injury_severity_distribution_by_family.csv,injury_severity_distribution_by_family,weight_distribution,21,injury_severity_distribution_by_family:21,"{""injury_family_id"":""HAMSTRING"",""severity_tier"":""minor"",""weight"":""0.48"",""min_games_missed"":""0"",""max_games_missed"":""2"",""notes"":""Severity/missed-time distribution for generated historical injuries.""}"
injuries,injury_severity_distribution_by_family.csv,injury_severity_distribution_by_family,weight_distribution,22,injury_severity_distribution_by_family:22,"{""injury_family_id"":""HAMSTRING"",""severity_tier"":""moderate"",""weight"":""0.38"",""min_games_missed"":""2"",""max_games_missed"":""6"",""notes"":""Severity/missed-time distribution for generated historical injuries.""}"
injuries,injury_severity_distribution_by_family.csv,injury_severity_distribution_by_family,weight_distribution,23,injury_severity_distribution_by_family:23,"{""injury_family_id"":""HAMSTRING"",""severity_tier"":""major"",""weight"":""0.12"",""min_games_missed"":""6"",""max_games_missed"":""14"",""notes"":""Severity/missed-time distribution for generated historical injuries.""}"
injuries,injury_severity_distribution_by_family.csv,injury_severity_distribution_by_family,weight_distribution,24,injury_severity_distribution_by_family:24,"{""injury_family_id"":""HAMSTRING"",""severity_tier"":""career_medical_flag"",""weight"":""0.02"",""min_games_missed"":""12"",""max_games_missed"":""30"",""notes"":""Severity/missed-time distribution for generated historical injuries.""}"
injuries,injury_severity_distribution_by_family.csv,injury_severity_distribution_by_family,weight_distribution,25,injury_severity_distribution_by_family:25,"{""injury_family_id"":""GROIN"",""severity_tier"":""minor"",""weight"":""0.45"",""min_games_missed"":""0"",""max_games_missed"":""2"",""notes"":""Severity/missed-time distribution for generated historical injuries.""}"
injuries,injury_severity_distribution_by_family.csv,injury_severity_distribution_by_family,weight_distribution,26,injury_severity_distribution_by_family:26,"{""injury_family_id"":""GROIN"",""severity_tier"":""moderate"",""weight"":""0.4"",""min_games_missed"":""2"",""max_games_missed"":""6"",""notes"":""Severity/missed-time distribution for generated historical injuries.""}"
injuries,injury_severity_distribution_by_family.csv,injury_severity_distribution_by_family,weight_distribution,27,injury_severity_distribution_by_family:27,"{""injury_family_id"":""GROIN"",""severity_tier"":""major"",""weight"":""0.12"",""min_games_missed"":""6"",""max_games_missed"":""14"",""notes"":""Severity/missed-time distribution for generated historical injuries.""}"
injuries,injury_severity_distribution_by_family.csv,injury_severity_distribution_by_family,weight_distribution,28,injury_severity_distribution_by_family:28,"{""injury_family_id"":""GROIN"",""severity_tier"":""career_medical_flag"",""weight"":""0.03"",""min_games_missed"":""12"",""max_games_missed"":""30"",""notes"":""Severity/missed-time distribution for generated historical injuries.""}"
injuries,injury_severity_distribution_by_family.csv,injury_severity_distribution_by_family,weight_distribution,29,injury_severity_distribution_by_family:29,"{""injury_family_id"":""ANKLE"",""severity_tier"":""minor"",""weight"":""0.55"",""min_games_missed"":""0"",""max_games_missed"":""2"",""notes"":""Severity/missed-time distribution for generated historical injuries.""}"
injuries,injury_severity_distribution_by_family.csv,injury_severity_distribution_by_family,weight_distribution,30,injury_severity_distribution_by_family:30,"{""injury_family_id"":""ANKLE"",""severity_tier"":""moderate"",""weight"":""0.34"",""min_games_missed"":""2"",""max_games_missed"":""5"",""notes"":""Severity/missed-time distribution for generated historical injuries.""}"
injuries,injury_severity_distribution_by_family.csv,injury_severity_distribution_by_family,weight_distribution,31,injury_severity_distribution_by_family:31,"{""injury_family_id"":""ANKLE"",""severity_tier"":""major"",""weight"":""0.09"",""min_games_missed"":""5"",""max_games_missed"":""12"",""notes"":""Severity/missed-time distribution for generated historical injuries.""}"
injuries,injury_severity_distribution_by_family.csv,injury_severity_distribution_by_family,weight_distribution,32,injury_severity_distribution_by_family:32,"{""injury_family_id"":""ANKLE"",""severity_tier"":""career_medical_flag"",""weight"":""0.02"",""min_games_missed"":""10"",""max_games_missed"":""24"",""notes"":""Severity/missed-time distribution for generated historical injuries.""}"
injuries,injury_severity_distribution_by_family.csv,injury_severity_distribution_by_family,weight_distribution,33,injury_severity_distribution_by_family:33,"{""injury_family_id"":""HIGH_ANKLE"",""severity_tier"":""minor"",""weight"":""0.2"",""min_games_missed"":""1"",""max_games_missed"":""3"",""notes"":""Severity/missed-time distribution for generated historical injuries.""}"
injuries,injury_severity_distribution_by_family.csv,injury_severity_distribution_by_family,weight_distribution,34,injury_severity_distribution_by_family:34,"{""injury_family_id"":""HIGH_ANKLE"",""severity_tier"":""moderate"",""weight"":""0.55"",""min_games_missed"":""3"",""max_games_missed"":""8"",""notes"":""Severity/missed-time distribution for generated historical injuries.""}"
injuries,injury_severity_distribution_by_family.csv,injury_severity_distribution_by_family,weight_distribution,35,injury_severity_distribution_by_family:35,"{""injury_family_id"":""HIGH_ANKLE"",""severity_tier"":""major"",""weight"":""0.2"",""min_games_missed"":""8"",""max_games_missed"":""16"",""notes"":""Severity/missed-time distribution for generated historical injuries.""}"
injuries,injury_severity_distribution_by_family.csv,injury_severity_distribution_by_family,weight_distribution,36,injury_severity_distribution_by_family:36,"{""injury_family_id"":""HIGH_ANKLE"",""severity_tier"":""career_medical_flag"",""weight"":""0.05"",""min_games_missed"":""12"",""max_games_missed"":""30"",""notes"":""Severity/missed-time distribution for generated historical injuries.""}"
injuries,injury_severity_distribution_by_family.csv,injury_severity_distribution_by_family,weight_distribution,37,injury_severity_distribution_by_family:37,"{""injury_family_id"":""FOOT"",""severity_tier"":""minor"",""weight"":""0.18"",""min_games_missed"":""1"",""max_games_missed"":""3"",""notes"":""Severity/missed-time distribution for generated historical injuries.""}"
injuries,injury_severity_distribution_by_family.csv,injury_severity_distribution_by_family,weight_distribution,38,injury_severity_distribution_by_family:38,"{""injury_family_id"":""FOOT"",""severity_tier"":""moderate"",""weight"":""0.45"",""min_games_missed"":""3"",""max_games_missed"":""10"",""notes"":""Severity/missed-time distribution for generated historical injuries.""}"
injuries,injury_severity_distribution_by_family.csv,injury_severity_distribution_by_family,weight_distribution,39,injury_severity_distribution_by_family:39,"{""injury_family_id"":""FOOT"",""severity_tier"":""major"",""weight"":""0.28"",""min_games_missed"":""10"",""max_games_missed"":""26"",""notes"":""Severity/missed-time distribution for generated historical injuries.""}"
injuries,injury_severity_distribution_by_family.csv,injury_severity_distribution_by_family,weight_distribution,40,injury_severity_distribution_by_family:40,"{""injury_family_id"":""FOOT"",""severity_tier"":""career_medical_flag"",""weight"":""0.09"",""min_games_missed"":""20"",""max_games_missed"":""50"",""notes"":""Severity/missed-time distribution for generated historical injuries.""}"
injuries,injury_severity_distribution_by_family.csv,injury_severity_distribution_by_family,weight_distribution,41,injury_severity_distribution_by_family:41,"{""injury_family_id"":""SHOULDER"",""severity_tier"":""minor"",""weight"":""0.25"",""min_games_missed"":""1"",""max_games_missed"":""3"",""notes"":""Severity/missed-time distribution for generated historical injuries.""}"
injuries,injury_severity_distribution_by_family.csv,injury_severity_distribution_by_family,weight_distribution,42,injury_severity_distribution_by_family:42,"{""injury_family_id"":""SHOULDER"",""severity_tier"":""moderate"",""weight"":""0.47"",""min_games_missed"":""3"",""max_games_missed"":""8"",""notes"":""Severity/missed-time distribution for generated historical injuries.""}"
injuries,injury_severity_distribution_by_family.csv,injury_severity_distribution_by_family,weight_distribution,43,injury_severity_distribution_by_family:43,"{""injury_family_id"":""SHOULDER"",""severity_tier"":""major"",""weight"":""0.22"",""min_games_missed"":""8"",""max_games_missed"":""20"",""notes"":""Severity/missed-time distribution for generated historical injuries.""}"
injuries,injury_severity_distribution_by_family.csv,injury_severity_distribution_by_family,weight_distribution,44,injury_severity_distribution_by_family:44,"{""injury_family_id"":""SHOULDER"",""severity_tier"":""career_medical_flag"",""weight"":""0.06"",""min_games_missed"":""16"",""max_games_missed"":""45"",""notes"":""Severity/missed-time distribution for generated historical injuries.""}"
injuries,injury_severity_distribution_by_family.csv,injury_severity_distribution_by_family,weight_distribution,45,injury_severity_distribution_by_family:45,"{""injury_family_id"":""ELBOW"",""severity_tier"":""minor"",""weight"":""0.38"",""min_games_missed"":""0"",""max_games_missed"":""2"",""notes"":""Severity/missed-time distribution for generated historical injuries.""}"
injuries,injury_severity_distribution_by_family.csv,injury_severity_distribution_by_family,weight_distribution,46,injury_severity_distribution_by_family:46,"{""injury_family_id"":""ELBOW"",""severity_tier"":""moderate"",""weight"":""0.42"",""min_games_missed"":""2"",""max_games_missed"":""8"",""notes"":""Severity/missed-time distribution for generated historical injuries.""}"
injuries,injury_severity_distribution_by_family.csv,injury_severity_distribution_by_family,weight_distribution,47,injury_severity_distribution_by_family:47,"{""injury_family_id"":""ELBOW"",""severity_tier"":""major"",""weight"":""0.16"",""min_games_missed"":""8"",""max_games_missed"":""24"",""notes"":""Severity/missed-time distribution for generated historical injuries.""}"
injuries,injury_severity_distribution_by_family.csv,injury_severity_distribution_by_family,weight_distribution,48,injury_severity_distribution_by_family:48,"{""injury_family_id"":""ELBOW"",""severity_tier"":""career_medical_flag"",""weight"":""0.04"",""min_games_missed"":""20"",""max_games_missed"":""50"",""notes"":""Severity/missed-time distribution for generated historical injuries.""}"
injuries,injury_severity_distribution_by_family.csv,injury_severity_distribution_by_family,weight_distribution,49,injury_severity_distribution_by_family:49,"{""injury_family_id"":""HAND_WRIST"",""severity_tier"":""minor"",""weight"":""0.35"",""min_games_missed"":""0"",""max_games_missed"":""2"",""notes"":""Severity/missed-time distribution for generated historical injuries.""}"
injuries,injury_severity_distribution_by_family.csv,injury_severity_distribution_by_family,weight_distribution,50,injury_severity_distribution_by_family:50,"{""injury_family_id"":""HAND_WRIST"",""severity_tier"":""moderate"",""weight"":""0.45"",""min_games_missed"":""2"",""max_games_missed"":""6"",""notes"":""Severity/missed-time distribution for generated historical injuries.""}"
injuries,injury_severity_distribution_by_family.csv,injury_severity_distribution_by_family,weight_distribution,51,injury_severity_distribution_by_family:51,"{""injury_family_id"":""HAND_WRIST"",""severity_tier"":""major"",""weight"":""0.17"",""min_games_missed"":""6"",""max_games_missed"":""14"",""notes"":""Severity/missed-time distribution for generated historical injuries.""}"
injuries,injury_severity_distribution_by_family.csv,injury_severity_distribution_by_family,weight_distribution,52,injury_severity_distribution_by_family:52,"{""injury_family_id"":""HAND_WRIST"",""severity_tier"":""career_medical_flag"",""weight"":""0.03"",""min_games_missed"":""12"",""max_games_missed"":""30"",""notes"":""Severity/missed-time distribution for generated historical injuries.""}"
injuries,injury_severity_distribution_by_family.csv,injury_severity_distribution_by_family,weight_distribution,53,injury_severity_distribution_by_family:53,"{""injury_family_id"":""RIB_CHEST"",""severity_tier"":""minor"",""weight"":""0.44"",""min_games_missed"":""0"",""max_games_missed"":""2"",""notes"":""Severity/missed-time distribution for generated historical injuries.""}"
injuries,injury_severity_distribution_by_family.csv,injury_severity_distribution_by_family,weight_distribution,54,injury_severity_distribution_by_family:54,"{""injury_family_id"":""RIB_CHEST"",""severity_tier"":""moderate"",""weight"":""0.4"",""min_games_missed"":""2"",""max_games_missed"":""6"",""notes"":""Severity/missed-time distribution for generated historical injuries.""}"
injuries,injury_severity_distribution_by_family.csv,injury_severity_distribution_by_family,weight_distribution,55,injury_severity_distribution_by_family:55,"{""injury_family_id"":""RIB_CHEST"",""severity_tier"":""major"",""weight"":""0.13"",""min_games_missed"":""6"",""max_games_missed"":""12"",""notes"":""Severity/missed-time distribution for generated historical injuries.""}"
injuries,injury_severity_distribution_by_family.csv,injury_severity_distribution_by_family,weight_distribution,56,injury_severity_distribution_by_family:56,"{""injury_family_id"":""RIB_CHEST"",""severity_tier"":""career_medical_flag"",""weight"":""0.03"",""min_games_missed"":""10"",""max_games_missed"":""24"",""notes"":""Severity/missed-time distribution for generated historical injuries.""}"
injuries,injury_severity_distribution_by_family.csv,injury_severity_distribution_by_family,weight_distribution,57,injury_severity_distribution_by_family:57,"{""injury_family_id"":""BACK"",""severity_tier"":""minor"",""weight"":""0.35"",""min_games_missed"":""0"",""max_games_missed"":""2"",""notes"":""Severity/missed-time distribution for generated historical injuries.""}"
injuries,injury_severity_distribution_by_family.csv,injury_severity_distribution_by_family,weight_distribution,58,injury_severity_distribution_by_family:58,"{""injury_family_id"":""BACK"",""severity_tier"":""moderate"",""weight"":""0.4"",""min_games_missed"":""2"",""max_games_missed"":""8"",""notes"":""Severity/missed-time distribution for generated historical injuries.""}"
injuries,injury_severity_distribution_by_family.csv,injury_severity_distribution_by_family,weight_distribution,59,injury_severity_distribution_by_family:59,"{""injury_family_id"":""BACK"",""severity_tier"":""major"",""weight"":""0.18"",""min_games_missed"":""8"",""max_games_missed"":""20"",""notes"":""Severity/missed-time distribution for generated historical injuries.""}"
injuries,injury_severity_distribution_by_family.csv,injury_severity_distribution_by_family,weight_distribution,60,injury_severity_distribution_by_family:60,"{""injury_family_id"":""BACK"",""severity_tier"":""career_medical_flag"",""weight"":""0.07"",""min_games_missed"":""16"",""max_games_missed"":""50"",""notes"":""Severity/missed-time distribution for generated historical injuries.""}"
injuries,injury_severity_distribution_by_family.csv,injury_severity_distribution_by_family,weight_distribution,61,injury_severity_distribution_by_family:61,"{""injury_family_id"":""STINGER"",""severity_tier"":""minor"",""weight"":""0.62"",""min_games_missed"":""0"",""max_games_missed"":""1"",""notes"":""Severity/missed-time distribution for generated historical injuries.""}"
injuries,injury_severity_distribution_by_family.csv,injury_severity_distribution_by_family,weight_distribution,62,injury_severity_distribution_by_family:62,"{""injury_family_id"":""STINGER"",""severity_tier"":""moderate"",""weight"":""0.28"",""min_games_missed"":""1"",""max_games_missed"":""3"",""notes"":""Severity/missed-time distribution for generated historical injuries.""}"
injuries,injury_severity_distribution_by_family.csv,injury_severity_distribution_by_family,weight_distribution,63,injury_severity_distribution_by_family:63,"{""injury_family_id"":""STINGER"",""severity_tier"":""major"",""weight"":""0.08"",""min_games_missed"":""3"",""max_games_missed"":""8"",""notes"":""Severity/missed-time distribution for generated historical injuries.""}"
injuries,injury_severity_distribution_by_family.csv,injury_severity_distribution_by_family,weight_distribution,64,injury_severity_distribution_by_family:64,"{""injury_family_id"":""STINGER"",""severity_tier"":""career_medical_flag"",""weight"":""0.02"",""min_games_missed"":""6"",""max_games_missed"":""20"",""notes"":""Severity/missed-time distribution for generated historical injuries.""}"
injuries,injury_severity_distribution_by_family.csv,injury_severity_distribution_by_family,weight_distribution,65,injury_severity_distribution_by_family:65,"{""injury_family_id"":""QUAD_CALF"",""severity_tier"":""minor"",""weight"":""0.5"",""min_games_missed"":""0"",""max_games_missed"":""2"",""notes"":""Severity/missed-time distribution for generated historical injuries.""}"
injuries,injury_severity_distribution_by_family.csv,injury_severity_distribution_by_family,weight_distribution,66,injury_severity_distribution_by_family:66,"{""injury_family_id"":""QUAD_CALF"",""severity_tier"":""moderate"",""weight"":""0.37"",""min_games_missed"":""2"",""max_games_missed"":""6"",""notes"":""Severity/missed-time distribution for generated historical injuries.""}"
injuries,injury_severity_distribution_by_family.csv,injury_severity_distribution_by_family,weight_distribution,67,injury_severity_distribution_by_family:67,"{""injury_family_id"":""QUAD_CALF"",""severity_tier"":""major"",""weight"":""0.11"",""min_games_missed"":""6"",""max_games_missed"":""14"",""notes"":""Severity/missed-time distribution for generated historical injuries.""}"
injuries,injury_severity_distribution_by_family.csv,injury_severity_distribution_by_family,weight_distribution,68,injury_severity_distribution_by_family:68,"{""injury_family_id"":""QUAD_CALF"",""severity_tier"":""career_medical_flag"",""weight"":""0.02"",""min_games_missed"":""12"",""max_games_missed"":""30"",""notes"":""Severity/missed-time distribution for generated historical injuries.""}"
injuries,injury_severity_distribution_by_family.csv,injury_severity_distribution_by_family,weight_distribution,69,injury_severity_distribution_by_family:69,"{""injury_family_id"":""ILLNESS_NONFOOTBALL"",""severity_tier"":""minor"",""weight"":""0.7"",""min_games_missed"":""0"",""max_games_missed"":""1"",""notes"":""Severity/missed-time distribution for generated historical injuries.""}"
injuries,injury_severity_distribution_by_family.csv,injury_severity_distribution_by_family,weight_distribution,70,injury_severity_distribution_by_family:70,"{""injury_family_id"":""ILLNESS_NONFOOTBALL"",""severity_tier"":""moderate"",""weight"":""0.22"",""min_games_missed"":""1"",""max_games_missed"":""4"",""notes"":""Severity/missed-time distribution for generated historical injuries.""}"
injuries,injury_severity_distribution_by_family.csv,injury_severity_distribution_by_family,weight_distribution,71,injury_severity_distribution_by_family:71,"{""injury_family_id"":""ILLNESS_NONFOOTBALL"",""severity_tier"":""major"",""weight"":""0.06"",""min_games_missed"":""4"",""max_games_missed"":""10"",""notes"":""Severity/missed-time distribution for generated historical injuries.""}"
injuries,injury_severity_distribution_by_family.csv,injury_severity_distribution_by_family,weight_distribution,72,injury_severity_distribution_by_family:72,"{""injury_family_id"":""ILLNESS_NONFOOTBALL"",""severity_tier"":""career_medical_flag"",""weight"":""0.02"",""min_games_missed"":""10"",""max_games_missed"":""30"",""notes"":""Severity/missed-time distribution for generated historical injuries.""}"
injuries,injury_status_mapping_rules.csv,injury_status_mapping_rules,rule,1,injury_status_mapping_rules:1,"{""league_scale"":""COLLEGE"",""severity_tier"":""minor"",""status_type"":""available"",""weight"":""0.55"",""notes"":""Historical status outcome for generated injury event.""}"
injuries,injury_status_mapping_rules.csv,injury_status_mapping_rules,rule,2,injury_status_mapping_rules:2,"{""league_scale"":""COLLEGE"",""severity_tier"":""minor"",""status_type"":""questionable"",""weight"":""0.35"",""notes"":""Historical status outcome for generated injury event.""}"
injuries,injury_status_mapping_rules.csv,injury_status_mapping_rules,rule,3,injury_status_mapping_rules:3,"{""league_scale"":""COLLEGE"",""severity_tier"":""minor"",""status_type"":""out"",""weight"":""0.1"",""notes"":""Historical status outcome for generated injury event.""}"
injuries,injury_status_mapping_rules.csv,injury_status_mapping_rules,rule,4,injury_status_mapping_rules:4,"{""league_scale"":""COLLEGE"",""severity_tier"":""moderate"",""status_type"":""questionable"",""weight"":""0.18"",""notes"":""Historical status outcome for generated injury event.""}"
injuries,injury_status_mapping_rules.csv,injury_status_mapping_rules,rule,5,injury_status_mapping_rules:5,"{""league_scale"":""COLLEGE"",""severity_tier"":""moderate"",""status_type"":""out"",""weight"":""0.72"",""notes"":""Historical status outcome for generated injury event.""}"
injuries,injury_status_mapping_rules.csv,injury_status_mapping_rules,rule,6,injury_status_mapping_rules:6,"{""league_scale"":""COLLEGE"",""severity_tier"":""moderate"",""status_type"":""medical_redshirt"",""weight"":""0.1"",""notes"":""Historical status outcome for generated injury event.""}"
injuries,injury_status_mapping_rules.csv,injury_status_mapping_rules,rule,7,injury_status_mapping_rules:7,"{""league_scale"":""COLLEGE"",""severity_tier"":""major"",""status_type"":""out"",""weight"":""0.38"",""notes"":""Historical status outcome for generated injury event.""}"
injuries,injury_status_mapping_rules.csv,injury_status_mapping_rules,rule,8,injury_status_mapping_rules:8,"{""league_scale"":""COLLEGE"",""severity_tier"":""major"",""status_type"":""medical_redshirt"",""weight"":""0.62"",""notes"":""Historical status outcome for generated injury event.""}"
injuries,injury_status_mapping_rules.csv,injury_status_mapping_rules,rule,9,injury_status_mapping_rules:9,"{""league_scale"":""COLLEGE"",""severity_tier"":""career_medical_flag"",""status_type"":""out"",""weight"":""0.25"",""notes"":""Historical status outcome for generated injury event.""}"
injuries,injury_status_mapping_rules.csv,injury_status_mapping_rules,rule,10,injury_status_mapping_rules:10,"{""league_scale"":""COLLEGE"",""severity_tier"":""career_medical_flag"",""status_type"":""medical_redshirt"",""weight"":""0.75"",""notes"":""Historical status outcome for generated injury event.""}"
injuries,injury_status_mapping_rules.csv,injury_status_mapping_rules,rule,11,injury_status_mapping_rules:11,"{""league_scale"":""NFL"",""severity_tier"":""minor"",""status_type"":""active_limited"",""weight"":""0.83333"",""notes"":""Historical status outcome for generated injury event.""}"
injuries,injury_status_mapping_rules.csv,injury_status_mapping_rules,rule,12,injury_status_mapping_rules:12,"{""league_scale"":""NFL"",""severity_tier"":""minor"",""status_type"":""out"",""weight"":""0.16667"",""notes"":""Historical status outcome for generated injury event.""}"
injuries,injury_status_mapping_rules.csv,injury_status_mapping_rules,rule,13,injury_status_mapping_rules:13,"{""league_scale"":""NFL"",""severity_tier"":""moderate"",""status_type"":""active_limited"",""weight"":""0.14706"",""notes"":""Historical status outcome for generated injury event.""}"
injuries,injury_status_mapping_rules.csv,injury_status_mapping_rules,rule,14,injury_status_mapping_rules:14,"{""league_scale"":""NFL"",""severity_tier"":""moderate"",""status_type"":""out"",""weight"":""0.70588"",""notes"":""Historical status outcome for generated injury event.""}"
injuries,injury_status_mapping_rules.csv,injury_status_mapping_rules,rule,15,injury_status_mapping_rules:15,"{""league_scale"":""NFL"",""severity_tier"":""moderate"",""status_type"":""ir_return"",""weight"":""0.14706"",""notes"":""Historical status outcome for generated injury event.""}"
injuries,injury_status_mapping_rules.csv,injury_status_mapping_rules,rule,16,injury_status_mapping_rules:16,"{""league_scale"":""NFL"",""severity_tier"":""major"",""status_type"":""out"",""weight"":""0.35185"",""notes"":""Historical status outcome for generated injury event.""}"
injuries,injury_status_mapping_rules.csv,injury_status_mapping_rules,rule,17,injury_status_mapping_rules:17,"{""league_scale"":""NFL"",""severity_tier"":""major"",""status_type"":""ir_return"",""weight"":""0.41667"",""notes"":""Historical status outcome for generated injury event.""}"
injuries,injury_status_mapping_rules.csv,injury_status_mapping_rules,rule,18,injury_status_mapping_rules:18,"{""league_scale"":""NFL"",""severity_tier"":""major"",""status_type"":""ir_season"",""weight"":""0.18519"",""notes"":""Historical status outcome for generated injury event.""}"
injuries,injury_status_mapping_rules.csv,injury_status_mapping_rules,rule,19,injury_status_mapping_rules:19,"{""league_scale"":""NFL"",""severity_tier"":""major"",""status_type"":""pup_nfi"",""weight"":""0.0463"",""notes"":""Historical status outcome for generated injury event.""}"
injuries,injury_status_mapping_rules.csv,injury_status_mapping_rules,rule,20,injury_status_mapping_rules:20,"{""league_scale"":""NFL"",""severity_tier"":""career_medical_flag"",""status_type"":""out"",""weight"":""0.20833"",""notes"":""Historical status outcome for generated injury event.""}"
injuries,injury_status_mapping_rules.csv,injury_status_mapping_rules,rule,21,injury_status_mapping_rules:21,"{""league_scale"":""NFL"",""severity_tier"":""career_medical_flag"",""status_type"":""ir_return"",""weight"":""0.20833"",""notes"":""Historical status outcome for generated injury event.""}"
injuries,injury_status_mapping_rules.csv,injury_status_mapping_rules,rule,22,injury_status_mapping_rules:22,"{""league_scale"":""NFL"",""severity_tier"":""career_medical_flag"",""status_type"":""ir_season"",""weight"":""0.375"",""notes"":""Historical status outcome for generated injury event.""}"
injuries,injury_status_mapping_rules.csv,injury_status_mapping_rules,rule,23,injury_status_mapping_rules:23,"{""league_scale"":""NFL"",""severity_tier"":""career_medical_flag"",""status_type"":""pup_nfi"",""weight"":""0.20833"",""notes"":""Historical status outcome for generated injury event.""}"
