domain,source_file,source_table,record_category,source_row,row_key,payload_json
nfl_contracts,nfl_active_minimum_salary_table.csv,nfl_active_minimum_salary_table,runtime_tuning,1,nfl_active_minimum_salary_table:1,"{""season_year"":""2026"",""accrued_seasons_band"":""0"",""active_minimum_salary_millions"":""0.885"",""veteran_minimum_benefit_eligible"":""no"",""source_basis"":""synthetic_cba_minimum_schedule_aligned_to_public_2026_rookie_base_examples"",""notes"":""Use as game-tuning minimum floor; verify against official CBA tables if exact legal replication is needed.""}"
nfl_contracts,nfl_active_minimum_salary_table.csv,nfl_active_minimum_salary_table,runtime_tuning,2,nfl_active_minimum_salary_table:2,"{""season_year"":""2026"",""accrued_seasons_band"":""1"",""active_minimum_salary_millions"":""0.96"",""veteran_minimum_benefit_eligible"":""no"",""source_basis"":""synthetic_cba_minimum_schedule_aligned_to_public_2026_rookie_base_examples"",""notes"":""Use as game-tuning minimum floor; verify against official CBA tables if exact legal replication is needed.""}"
nfl_contracts,nfl_active_minimum_salary_table.csv,nfl_active_minimum_salary_table,runtime_tuning,3,nfl_active_minimum_salary_table:3,"{""season_year"":""2026"",""accrued_seasons_band"":""2"",""active_minimum_salary_millions"":""1.03"",""veteran_minimum_benefit_eligible"":""yes"",""source_basis"":""synthetic_cba_minimum_schedule_aligned_to_public_2026_rookie_base_examples"",""notes"":""Use as game-tuning minimum floor; verify against official CBA tables if exact legal replication is needed.""}"
nfl_contracts,nfl_active_minimum_salary_table.csv,nfl_active_minimum_salary_table,runtime_tuning,4,nfl_active_minimum_salary_table:4,"{""season_year"":""2026"",""accrued_seasons_band"":""3"",""active_minimum_salary_millions"":""1.1"",""veteran_minimum_benefit_eligible"":""yes"",""source_basis"":""synthetic_cba_minimum_schedule_aligned_to_public_2026_rookie_base_examples"",""notes"":""Use as game-tuning minimum floor; verify against official CBA tables if exact legal replication is needed.""}"
nfl_contracts,nfl_active_minimum_salary_table.csv,nfl_active_minimum_salary_table,runtime_tuning,5,nfl_active_minimum_salary_table:5,"{""season_year"":""2026"",""accrued_seasons_band"":""4-6"",""active_minimum_salary_millions"":""1.185"",""veteran_minimum_benefit_eligible"":""yes"",""source_basis"":""synthetic_cba_minimum_schedule_aligned_to_public_2026_rookie_base_examples"",""notes"":""Use as game-tuning minimum floor; verify against official CBA tables if exact legal replication is needed.""}"
nfl_contracts,nfl_active_minimum_salary_table.csv,nfl_active_minimum_salary_table,runtime_tuning,6,nfl_active_minimum_salary_table:6,"{""season_year"":""2026"",""accrued_seasons_band"":""7-9"",""active_minimum_salary_millions"":""1.255"",""veteran_minimum_benefit_eligible"":""yes"",""source_basis"":""synthetic_cba_minimum_schedule_aligned_to_public_2026_rookie_base_examples"",""notes"":""Use as game-tuning minimum floor; verify against official CBA tables if exact legal replication is needed.""}"
nfl_contracts,nfl_active_minimum_salary_table.csv,nfl_active_minimum_salary_table,runtime_tuning,7,nfl_active_minimum_salary_table:7,"{""season_year"":""2026"",""accrued_seasons_band"":""10+"",""active_minimum_salary_millions"":""1.33"",""veteran_minimum_benefit_eligible"":""yes"",""source_basis"":""synthetic_cba_minimum_schedule_aligned_to_public_2026_rookie_base_examples"",""notes"":""Use as game-tuning minimum floor; verify against official CBA tables if exact legal replication is needed.""}"
nfl_contracts,nfl_active_minimum_salary_table.csv,nfl_active_minimum_salary_table,runtime_tuning,8,nfl_active_minimum_salary_table:8,"{""season_year"":""2027"",""accrued_seasons_band"":""0"",""active_minimum_salary_millions"":""0.93"",""veteran_minimum_benefit_eligible"":""no"",""source_basis"":""synthetic_cba_minimum_schedule_aligned_to_public_2026_rookie_base_examples"",""notes"":""Use as game-tuning minimum floor; verify against official CBA tables if exact legal replication is needed.""}"
nfl_contracts,nfl_active_minimum_salary_table.csv,nfl_active_minimum_salary_table,runtime_tuning,9,nfl_active_minimum_salary_table:9,"{""season_year"":""2027"",""accrued_seasons_band"":""1"",""active_minimum_salary_millions"":""1.005"",""veteran_minimum_benefit_eligible"":""no"",""source_basis"":""synthetic_cba_minimum_schedule_aligned_to_public_2026_rookie_base_examples"",""notes"":""Use as game-tuning minimum floor; verify against official CBA tables if exact legal replication is needed.""}"
nfl_contracts,nfl_active_minimum_salary_table.csv,nfl_active_minimum_salary_table,runtime_tuning,10,nfl_active_minimum_salary_table:10,"{""season_year"":""2027"",""accrued_seasons_band"":""2"",""active_minimum_salary_millions"":""1.075"",""veteran_minimum_benefit_eligible"":""yes"",""source_basis"":""synthetic_cba_minimum_schedule_aligned_to_public_2026_rookie_base_examples"",""notes"":""Use as game-tuning minimum floor; verify against official CBA tables if exact legal replication is needed.""}"
nfl_contracts,nfl_active_minimum_salary_table.csv,nfl_active_minimum_salary_table,runtime_tuning,11,nfl_active_minimum_salary_table:11,"{""season_year"":""2027"",""accrued_seasons_band"":""3"",""active_minimum_salary_millions"":""1.145"",""veteran_minimum_benefit_eligible"":""yes"",""source_basis"":""synthetic_cba_minimum_schedule_aligned_to_public_2026_rookie_base_examples"",""notes"":""Use as game-tuning minimum floor; verify against official CBA tables if exact legal replication is needed.""}"
nfl_contracts,nfl_active_minimum_salary_table.csv,nfl_active_minimum_salary_table,runtime_tuning,12,nfl_active_minimum_salary_table:12,"{""season_year"":""2027"",""accrued_seasons_band"":""4-6"",""active_minimum_salary_millions"":""1.23"",""veteran_minimum_benefit_eligible"":""yes"",""source_basis"":""synthetic_cba_minimum_schedule_aligned_to_public_2026_rookie_base_examples"",""notes"":""Use as game-tuning minimum floor; verify against official CBA tables if exact legal replication is needed.""}"
nfl_contracts,nfl_active_minimum_salary_table.csv,nfl_active_minimum_salary_table,runtime_tuning,13,nfl_active_minimum_salary_table:13,"{""season_year"":""2027"",""accrued_seasons_band"":""7-9"",""active_minimum_salary_millions"":""1.3"",""veteran_minimum_benefit_eligible"":""yes"",""source_basis"":""synthetic_cba_minimum_schedule_aligned_to_public_2026_rookie_base_examples"",""notes"":""Use as game-tuning minimum floor; verify against official CBA tables if exact legal replication is needed.""}"
nfl_contracts,nfl_active_minimum_salary_table.csv,nfl_active_minimum_salary_table,runtime_tuning,14,nfl_active_minimum_salary_table:14,"{""season_year"":""2027"",""accrued_seasons_band"":""10+"",""active_minimum_salary_millions"":""1.375"",""veteran_minimum_benefit_eligible"":""yes"",""source_basis"":""synthetic_cba_minimum_schedule_aligned_to_public_2026_rookie_base_examples"",""notes"":""Use as game-tuning minimum floor; verify against official CBA tables if exact legal replication is needed.""}"
nfl_contracts,nfl_active_minimum_salary_table.csv,nfl_active_minimum_salary_table,runtime_tuning,15,nfl_active_minimum_salary_table:15,"{""season_year"":""2028"",""accrued_seasons_band"":""0"",""active_minimum_salary_millions"":""0.975"",""veteran_minimum_benefit_eligible"":""no"",""source_basis"":""synthetic_cba_minimum_schedule_aligned_to_public_2026_rookie_base_examples"",""notes"":""Use as game-tuning minimum floor; verify against official CBA tables if exact legal replication is needed.""}"
nfl_contracts,nfl_active_minimum_salary_table.csv,nfl_active_minimum_salary_table,runtime_tuning,16,nfl_active_minimum_salary_table:16,"{""season_year"":""2028"",""accrued_seasons_band"":""1"",""active_minimum_salary_millions"":""1.05"",""veteran_minimum_benefit_eligible"":""no"",""source_basis"":""synthetic_cba_minimum_schedule_aligned_to_public_2026_rookie_base_examples"",""notes"":""Use as game-tuning minimum floor; verify against official CBA tables if exact legal replication is needed.""}"
nfl_contracts,nfl_active_minimum_salary_table.csv,nfl_active_minimum_salary_table,runtime_tuning,17,nfl_active_minimum_salary_table:17,"{""season_year"":""2028"",""accrued_seasons_band"":""2"",""active_minimum_salary_millions"":""1.12"",""veteran_minimum_benefit_eligible"":""yes"",""source_basis"":""synthetic_cba_minimum_schedule_aligned_to_public_2026_rookie_base_examples"",""notes"":""Use as game-tuning minimum floor; verify against official CBA tables if exact legal replication is needed.""}"
nfl_contracts,nfl_active_minimum_salary_table.csv,nfl_active_minimum_salary_table,runtime_tuning,18,nfl_active_minimum_salary_table:18,"{""season_year"":""2028"",""accrued_seasons_band"":""3"",""active_minimum_salary_millions"":""1.19"",""veteran_minimum_benefit_eligible"":""yes"",""source_basis"":""synthetic_cba_minimum_schedule_aligned_to_public_2026_rookie_base_examples"",""notes"":""Use as game-tuning minimum floor; verify against official CBA tables if exact legal replication is needed.""}"
nfl_contracts,nfl_active_minimum_salary_table.csv,nfl_active_minimum_salary_table,runtime_tuning,19,nfl_active_minimum_salary_table:19,"{""season_year"":""2028"",""accrued_seasons_band"":""4-6"",""active_minimum_salary_millions"":""1.275"",""veteran_minimum_benefit_eligible"":""yes"",""source_basis"":""synthetic_cba_minimum_schedule_aligned_to_public_2026_rookie_base_examples"",""notes"":""Use as game-tuning minimum floor; verify against official CBA tables if exact legal replication is needed.""}"
nfl_contracts,nfl_active_minimum_salary_table.csv,nfl_active_minimum_salary_table,runtime_tuning,20,nfl_active_minimum_salary_table:20,"{""season_year"":""2028"",""accrued_seasons_band"":""7-9"",""active_minimum_salary_millions"":""1.345"",""veteran_minimum_benefit_eligible"":""yes"",""source_basis"":""synthetic_cba_minimum_schedule_aligned_to_public_2026_rookie_base_examples"",""notes"":""Use as game-tuning minimum floor; verify against official CBA tables if exact legal replication is needed.""}"
nfl_contracts,nfl_active_minimum_salary_table.csv,nfl_active_minimum_salary_table,runtime_tuning,21,nfl_active_minimum_salary_table:21,"{""season_year"":""2028"",""accrued_seasons_band"":""10+"",""active_minimum_salary_millions"":""1.42"",""veteran_minimum_benefit_eligible"":""yes"",""source_basis"":""synthetic_cba_minimum_schedule_aligned_to_public_2026_rookie_base_examples"",""notes"":""Use as game-tuning minimum floor; verify against official CBA tables if exact legal replication is needed.""}"
nfl_contracts,nfl_contract_cap_environment.csv,nfl_contract_cap_environment,runtime_tuning,1,nfl_contract_cap_environment:1,"{""season_year"":""2026"",""salary_cap_millions"":""301.2"",""player_benefit_estimate_millions"":""77.6"",""league_year_start"":""2026-03-11"",""offseason_cap_rule"":""top_51"",""regular_season_cap_rule"":""active_53_plus_reserve_lists_plus_practice_squad"",""rookie_base_minimum_millions"":""0.885"",""source_basis"":""researched_2026_cap_and_public_rookie_contract_examples"",""notes"":""Player benefits are tracked as context, not player payroll cap. Use top 51 before final cutdowns; use full roster/reserve/practice squad after Week 1.""}"
nfl_contracts,nfl_contract_cap_environment.csv,nfl_contract_cap_environment,runtime_tuning,2,nfl_contract_cap_environment:2,"{""season_year"":""2027"",""salary_cap_millions"":""322.0"",""player_benefit_estimate_millions"":""83.0"",""league_year_start"":""2027-03-10"",""offseason_cap_rule"":""top_51"",""regular_season_cap_rule"":""active_53_plus_reserve_lists_plus_practice_squad"",""rookie_base_minimum_millions"":""0.93"",""source_basis"":""synthetic_forward_projection"",""notes"":""Projection row only; update later if real cap exists.""}"
nfl_contracts,nfl_contract_cap_environment.csv,nfl_contract_cap_environment,runtime_tuning,3,nfl_contract_cap_environment:3,"{""season_year"":""2028"",""salary_cap_millions"":""344.5"",""player_benefit_estimate_millions"":""88.0"",""league_year_start"":""2028-03-08"",""offseason_cap_rule"":""top_51"",""regular_season_cap_rule"":""active_53_plus_reserve_lists_plus_practice_squad"",""rookie_base_minimum_millions"":""0.975"",""source_basis"":""synthetic_forward_projection"",""notes"":""Projection row only; update later if real cap exists.""}"
nfl_contracts,nfl_contract_cut_trade_dead_money_rules.csv,nfl_contract_cut_trade_dead_money_rules,rule,1,pre_june_1_release,"{""rule_id"":""pre_june_1_release"",""move_type"":""release"",""timing"":""pre_june_1"",""current_year_dead_money"":""all_remaining_unamortized_bonus"",""future_year_dead_money"":""0"",""cap_savings"":""remaining_base_and_non_guaranteed_bonuses_minus_current_dead"",""notes"":""Simple rule. Guaranteed future base can also accelerate if game supports full guarantee accounting.""}"
nfl_contracts,nfl_contract_cut_trade_dead_money_rules.csv,nfl_contract_cut_trade_dead_money_rules,rule,2,post_june_1_release,"{""rule_id"":""post_june_1_release"",""move_type"":""release"",""timing"":""post_june_1"",""current_year_dead_money"":""current_year_bonus_proration"",""future_year_dead_money"":""all_future_unamortized_bonus"",""cap_savings"":""current_year_base_minus_current_proration"",""notes"":""Useful for advanced cap management; can be simplified if no post-June mechanic.""}"
nfl_contracts,nfl_contract_cut_trade_dead_money_rules.csv,nfl_contract_cut_trade_dead_money_rules,rule,3,trade,"{""rule_id"":""trade"",""move_type"":""trade"",""timing"":""any"",""current_year_dead_money"":""seller_remaining_unamortized_signing_bonus_by_timing_rule"",""future_year_dead_money"":""seller_future_proration_if_post_june"",""cap_savings"":""buyer_assumes_remaining_base_roster_workout_bonuses"",""notes"":""Team trading player keeps signing-bonus dead money; acquiring team takes salary obligations.""}"
nfl_contracts,nfl_contract_cut_trade_dead_money_rules.csv,nfl_contract_cut_trade_dead_money_rules,rule,4,practice_squad_release,"{""rule_id"":""practice_squad_release"",""move_type"":""release"",""timing"":""any"",""current_year_dead_money"":""0"",""future_year_dead_money"":""0"",""cap_savings"":""remaining_weekly_practice_squad_salary"",""notes"":""No guaranteed money unless explicitly added by special rule.""}"
nfl_contracts,nfl_contract_generation_examples.csv,nfl_contract_generation_examples,example,1,LB,"{""example_id"":""top5_rookie_lb"",""player_type"":""drafted_rookie"",""position"":""LB"",""input_context"":""pick_5"",""contract_archetype"":""rookie_first_round"",""expected_years"":""4"",""expected_apy_millions"":""11.5"",""expected_signing_bonus_millions"":""31.0"",""expected_year1_cap_hit_millions"":""8.7"",""expected_guarantee_style"":""fully_guaranteed"",""notes"":""Mirrors public top-5 rookie contract scale.""}"
nfl_contracts,nfl_contract_generation_examples.csv,nfl_contract_generation_examples,example,2,QB,"{""example_id"":""late_round_qb"",""player_type"":""drafted_rookie"",""position"":""QB"",""input_context"":""pick_234"",""contract_archetype"":""rookie_day3"",""expected_years"":""4"",""expected_apy_millions"":""1.13"",""expected_signing_bonus_millions"":""0.15"",""expected_year1_cap_hit_millions"":""0.92"",""expected_guarantee_style"":""signing_bonus_only"",""notes"":""Late-round rookie contract should be cheap and mostly non-guaranteed.""}"
nfl_contracts,nfl_contract_generation_examples.csv,nfl_contract_generation_examples,example,3,QB,"{""example_id"":""franchise_qb"",""player_type"":""veteran"",""position"":""QB"",""input_context"":""age_27_elite"",""contract_archetype"":""franchise_qb_extension"",""expected_years"":""5"",""expected_apy_millions"":""55.0"",""expected_signing_bonus_millions"":""55.0"",""expected_year1_cap_hit_millions"":""28.0"",""expected_guarantee_style"":""large_signing_bonus_plus_multi_year_guarantee"",""notes"":""Early cap hit lower than APY; future years escalate.""}"
nfl_contracts,nfl_contract_generation_examples.csv,nfl_contract_generation_examples,example,4,WR,"{""example_id"":""aging_wr_prove_it"",""player_type"":""veteran"",""position"":""WR"",""input_context"":""age_31_decline_risk"",""contract_archetype"":""one_year_prove_it"",""expected_years"":""1"",""expected_apy_millions"":""7.5"",""expected_signing_bonus_millions"":""1.0"",""expected_year1_cap_hit_millions"":""7.5"",""expected_guarantee_style"":""partial_guarantee_or_incentive_heavy"",""notes"":""Older skill player should not automatically receive long guaranteed deal.""}"
nfl_contracts,nfl_contract_generation_examples.csv,nfl_contract_generation_examples,example,5,CB,"{""example_id"":""practice_squad_rookie"",""player_type"":""practice_squad"",""position"":""CB"",""input_context"":""0_accrued_seasons"",""contract_archetype"":""practice_squad"",""expected_years"":""1"",""expected_apy_millions"":""0.248"",""expected_signing_bonus_millions"":""0.0"",""expected_year1_cap_hit_millions"":""0.248"",""expected_guarantee_style"":""no_guarantee"",""notes"":""Uses 2026 rookie/two-or-fewer weekly practice squad salary.""}"
nfl_contracts,nfl_contract_guarantee_bonus_rules.csv,nfl_contract_guarantee_bonus_rules,rule,1,nfl_contract_guarantee_bonus_rules:1,"{""contract_archetype"":""rookie_first_round"",""guarantee_pct_min"":""1.0"",""guarantee_pct_max"":""1.0"",""roster_bonus_pct_min"":""0"",""roster_bonus_pct_max"":""0.02"",""workout_bonus_pct_min"":""0"",""workout_bonus_pct_max"":""0"",""void_year_policy"":""no"",""signing_bonus_proration_cap_years"":""5"",""notes"":""Guarantee pct is percent of total value, not percent of APY. Signing bonus is prorated for cap up to five years.""}"
nfl_contracts,nfl_contract_guarantee_bonus_rules.csv,nfl_contract_guarantee_bonus_rules,rule,2,nfl_contract_guarantee_bonus_rules:2,"{""contract_archetype"":""rookie_second_round"",""guarantee_pct_min"":""0.55"",""guarantee_pct_max"":""1.0"",""roster_bonus_pct_min"":""0"",""roster_bonus_pct_max"":""0.02"",""workout_bonus_pct_min"":""0"",""workout_bonus_pct_max"":""0"",""void_year_policy"":""no"",""signing_bonus_proration_cap_years"":""5"",""notes"":""Guarantee pct is percent of total value, not percent of APY. Signing bonus is prorated for cap up to five years.""}"
nfl_contracts,nfl_contract_guarantee_bonus_rules.csv,nfl_contract_guarantee_bonus_rules,rule,3,nfl_contract_guarantee_bonus_rules:3,"{""contract_archetype"":""rookie_day2"",""guarantee_pct_min"":""0.15"",""guarantee_pct_max"":""0.45"",""roster_bonus_pct_min"":""0"",""roster_bonus_pct_max"":""0.02"",""workout_bonus_pct_min"":""0"",""workout_bonus_pct_max"":""0"",""void_year_policy"":""no"",""signing_bonus_proration_cap_years"":""5"",""notes"":""Guarantee pct is percent of total value, not percent of APY. Signing bonus is prorated for cap up to five years.""}"
nfl_contracts,nfl_contract_guarantee_bonus_rules.csv,nfl_contract_guarantee_bonus_rules,rule,4,nfl_contract_guarantee_bonus_rules:4,"{""contract_archetype"":""rookie_day3"",""guarantee_pct_min"":""0.03"",""guarantee_pct_max"":""0.12"",""roster_bonus_pct_min"":""0"",""roster_bonus_pct_max"":""0.02"",""workout_bonus_pct_min"":""0"",""workout_bonus_pct_max"":""0"",""void_year_policy"":""no"",""signing_bonus_proration_cap_years"":""5"",""notes"":""Guarantee pct is percent of total value, not percent of APY. Signing bonus is prorated for cap up to five years.""}"
nfl_contracts,nfl_contract_guarantee_bonus_rules.csv,nfl_contract_guarantee_bonus_rules,rule,5,nfl_contract_guarantee_bonus_rules:5,"{""contract_archetype"":""udfa"",""guarantee_pct_min"":""0"",""guarantee_pct_max"":""0.08"",""roster_bonus_pct_min"":""0"",""roster_bonus_pct_max"":""0.01"",""workout_bonus_pct_min"":""0"",""workout_bonus_pct_max"":""0"",""void_year_policy"":""no"",""signing_bonus_proration_cap_years"":""5"",""notes"":""Guarantee pct is percent of total value, not percent of APY. Signing bonus is prorated for cap up to five years.""}"
nfl_contracts,nfl_contract_guarantee_bonus_rules.csv,nfl_contract_guarantee_bonus_rules,rule,6,nfl_contract_guarantee_bonus_rules:6,"{""contract_archetype"":""franchise_qb_extension"",""guarantee_pct_min"":""0.45"",""guarantee_pct_max"":""0.75"",""roster_bonus_pct_min"":""0.04"",""roster_bonus_pct_max"":""0.14"",""workout_bonus_pct_min"":""0.0"",""workout_bonus_pct_max"":""0.03"",""void_year_policy"":""optional_if_supported"",""signing_bonus_proration_cap_years"":""5"",""notes"":""Guarantee pct is percent of total value, not percent of APY. Signing bonus is prorated for cap up to five years.""}"
nfl_contracts,nfl_contract_guarantee_bonus_rules.csv,nfl_contract_guarantee_bonus_rules,rule,7,nfl_contract_guarantee_bonus_rules:7,"{""contract_archetype"":""elite_extension"",""guarantee_pct_min"":""0.35"",""guarantee_pct_max"":""0.65"",""roster_bonus_pct_min"":""0.03"",""roster_bonus_pct_max"":""0.12"",""workout_bonus_pct_min"":""0.0"",""workout_bonus_pct_max"":""0.03"",""void_year_policy"":""optional_if_supported"",""signing_bonus_proration_cap_years"":""5"",""notes"":""Guarantee pct is percent of total value, not percent of APY. Signing bonus is prorated for cap up to five years.""}"
nfl_contracts,nfl_contract_guarantee_bonus_rules.csv,nfl_contract_guarantee_bonus_rules,rule,8,nfl_contract_guarantee_bonus_rules:8,"{""contract_archetype"":""solid_starter_extension"",""guarantee_pct_min"":""0.18"",""guarantee_pct_max"":""0.45"",""roster_bonus_pct_min"":""0.02"",""roster_bonus_pct_max"":""0.1"",""workout_bonus_pct_min"":""0.0"",""workout_bonus_pct_max"":""0.02"",""void_year_policy"":""no_by_default"",""signing_bonus_proration_cap_years"":""5"",""notes"":""Guarantee pct is percent of total value, not percent of APY. Signing bonus is prorated for cap up to five years.""}"
nfl_contracts,nfl_contract_guarantee_bonus_rules.csv,nfl_contract_guarantee_bonus_rules,rule,9,nfl_contract_guarantee_bonus_rules:9,"{""contract_archetype"":""veteran_ufa_multiyear"",""guarantee_pct_min"":""0.1"",""guarantee_pct_max"":""0.4"",""roster_bonus_pct_min"":""0.02"",""roster_bonus_pct_max"":""0.12"",""workout_bonus_pct_min"":""0.0"",""workout_bonus_pct_max"":""0.02"",""void_year_policy"":""rare"",""signing_bonus_proration_cap_years"":""5"",""notes"":""Guarantee pct is percent of total value, not percent of APY. Signing bonus is prorated for cap up to five years.""}"
nfl_contracts,nfl_contract_guarantee_bonus_rules.csv,nfl_contract_guarantee_bonus_rules,rule,10,nfl_contract_guarantee_bonus_rules:10,"{""contract_archetype"":""one_year_prove_it"",""guarantee_pct_min"":""0.0"",""guarantee_pct_max"":""0.3"",""roster_bonus_pct_min"":""0.0"",""roster_bonus_pct_max"":""0.1"",""workout_bonus_pct_min"":""0"",""workout_bonus_pct_max"":""0.03"",""void_year_policy"":""no"",""signing_bonus_proration_cap_years"":""5"",""notes"":""Guarantee pct is percent of total value, not percent of APY. Signing bonus is prorated for cap up to five years.""}"
nfl_contracts,nfl_contract_guarantee_bonus_rules.csv,nfl_contract_guarantee_bonus_rules,rule,11,nfl_contract_guarantee_bonus_rules:11,"{""contract_archetype"":""veteran_minimum"",""guarantee_pct_min"":""0.0"",""guarantee_pct_max"":""0.08"",""roster_bonus_pct_min"":""0.0"",""roster_bonus_pct_max"":""0.02"",""workout_bonus_pct_min"":""0"",""workout_bonus_pct_max"":""0"",""void_year_policy"":""no"",""signing_bonus_proration_cap_years"":""5"",""notes"":""Guarantee pct is percent of total value, not percent of APY. Signing bonus is prorated for cap up to five years.""}"
nfl_contracts,nfl_contract_guarantee_bonus_rules.csv,nfl_contract_guarantee_bonus_rules,rule,12,nfl_contract_guarantee_bonus_rules:12,"{""contract_archetype"":""practice_squad"",""guarantee_pct_min"":""0"",""guarantee_pct_max"":""0.02"",""roster_bonus_pct_min"":""0"",""roster_bonus_pct_max"":""0"",""workout_bonus_pct_min"":""0"",""workout_bonus_pct_max"":""0"",""void_year_policy"":""no"",""signing_bonus_proration_cap_years"":""5"",""notes"":""Guarantee pct is percent of total value, not percent of APY. Signing bonus is prorated for cap up to five years.""}"
nfl_contracts,nfl_contract_guarantee_bonus_rules.csv,nfl_contract_guarantee_bonus_rules,rule,13,nfl_contract_guarantee_bonus_rules:13,"{""contract_archetype"":""reserve_future"",""guarantee_pct_min"":""0"",""guarantee_pct_max"":""0.02"",""roster_bonus_pct_min"":""0"",""roster_bonus_pct_max"":""0"",""workout_bonus_pct_min"":""0"",""workout_bonus_pct_max"":""0"",""void_year_policy"":""no"",""signing_bonus_proration_cap_years"":""5"",""notes"":""Guarantee pct is percent of total value, not percent of APY. Signing bonus is prorated for cap up to five years.""}"
nfl_contracts,nfl_contract_history_cap_mechanics_rules.csv,nfl_contract_history_cap_mechanics_rules,rule,1,nfl_contract_history_cap_mechanics_rules:1,"{""mechanic_id"":""signing_bonus_proration"",""description"":""Signing bonus is guaranteed and prorated across contract seasons for cap accounting."",""year_zero_rule"":""spread_evenly_over_remaining_years_or_contract_years"",""cap_effect"":""lowers immediate cap vs salary but creates future dead money risk""}"
nfl_contracts,nfl_contract_history_cap_mechanics_rules.csv,nfl_contract_history_cap_mechanics_rules,rule,2,nfl_contract_history_cap_mechanics_rules:2,"{""mechanic_id"":""base_salary"",""description"":""Base salary is paid if player remains on roster and usually disappears from future cap if released unless guaranteed."",""year_zero_rule"":""use as main annual compensation after bonus"",""cap_effect"":""high current-year cap but lower future dead money if not guaranteed""}"
nfl_contracts,nfl_contract_history_cap_mechanics_rules.csv,nfl_contract_history_cap_mechanics_rules,rule,3,nfl_contract_history_cap_mechanics_rules:3,"{""mechanic_id"":""roster_bonus"",""description"":""Roster bonus triggers if player remains on roster at a date; not prorated like signing bonus."",""year_zero_rule"":""use for veteran contracts and cut-decision history"",""cap_effect"":""front-loads cap or creates roster decision deadline""}"
nfl_contracts,nfl_contract_history_cap_mechanics_rules.csv,nfl_contract_history_cap_mechanics_rules,rule,4,nfl_contract_history_cap_mechanics_rules:4,"{""mechanic_id"":""option_bonus"",""description"":""Bonus paid if team exercises option; can function like proratable compensation."",""year_zero_rule"":""rare; high-end contracts only"",""cap_effect"":""moves cap into future seasons""}"
nfl_contracts,nfl_contract_history_cap_mechanics_rules.csv,nfl_contract_history_cap_mechanics_rules,rule,5,nfl_contract_history_cap_mechanics_rules:5,"{""mechanic_id"":""void_years"",""description"":""Dummy future years used to prorate bonus; remaining proration accelerates when contract voids."",""year_zero_rule"":""allowed only for cap-push restructures and veteran deals"",""cap_effect"":""cap relief now, dead money later""}"
nfl_contracts,nfl_contract_history_cap_mechanics_rules.csv,nfl_contract_history_cap_mechanics_rules,rule,6,nfl_contract_history_cap_mechanics_rules:6,"{""mechanic_id"":""pre_june_release"",""description"":""Remaining prorated bonus accelerates into current year when cut before June 1."",""year_zero_rule"":""use for immediate dead money hits"",""cap_effect"":""current-year dead money spike""}"
nfl_contracts,nfl_contract_history_cap_mechanics_rules.csv,nfl_contract_history_cap_mechanics_rules,rule,7,nfl_contract_history_cap_mechanics_rules:7,"{""mechanic_id"":""post_june_release"",""description"":""Current proration stays in current year; future proration moves to next year."",""year_zero_rule"":""use for older expensive veterans"",""cap_effect"":""splits dead money over two years""}"
nfl_contracts,nfl_contract_history_cap_mechanics_rules.csv,nfl_contract_history_cap_mechanics_rules,rule,8,nfl_contract_history_cap_mechanics_rules:8,"{""mechanic_id"":""trade_accounting"",""description"":""New team takes future salaries; old team absorbs remaining prorated bonus/dead money."",""year_zero_rule"":""use for trade history rows"",""cap_effect"":""dead money for old team, salary/cap obligation for new team""}"
nfl_contracts,nfl_contract_history_cap_mechanics_rules.csv,nfl_contract_history_cap_mechanics_rules,rule,9,nfl_contract_history_cap_mechanics_rules:9,"{""mechanic_id"":""top_51_offseason"",""description"":""Only top salary-cap figures count during offseason; full accounting begins after roster cutdown."",""year_zero_rule"":""use only for offseason history, not Week 1 active cap validation"",""cap_effect"":""explains offseason contract behavior""}"
nfl_contracts,nfl_contract_history_comp_pick_signal_rules.csv,nfl_contract_history_comp_pick_signal_rules,rule,1,nfl_contract_history_comp_pick_signal_rules:1,"{""apy_band"":""minimum"",""apy_min_millions"":""0.75"",""apy_max_millions"":""1.5"",""potential_comp_pick_signal"":""none"",""requires_unrestricted_free_agent"":""true"",""cancelled_by_external_signings"":""true"",""notes"":""Simplified signal for history and comp-pick ledger, not exact NFL formula.""}"
nfl_contracts,nfl_contract_history_comp_pick_signal_rules.csv,nfl_contract_history_comp_pick_signal_rules,rule,2,nfl_contract_history_comp_pick_signal_rules:2,"{""apy_band"":""low_depth"",""apy_min_millions"":""1.51"",""apy_max_millions"":""3.5"",""potential_comp_pick_signal"":""7th_or_none"",""requires_unrestricted_free_agent"":""true"",""cancelled_by_external_signings"":""true"",""notes"":""Simplified signal for history and comp-pick ledger, not exact NFL formula.""}"
nfl_contracts,nfl_contract_history_comp_pick_signal_rules.csv,nfl_contract_history_comp_pick_signal_rules,rule,3,nfl_contract_history_comp_pick_signal_rules:3,"{""apy_band"":""rotation"",""apy_min_millions"":""3.51"",""apy_max_millions"":""7.0"",""potential_comp_pick_signal"":""6th_or_7th"",""requires_unrestricted_free_agent"":""true"",""cancelled_by_external_signings"":""true"",""notes"":""Simplified signal for history and comp-pick ledger, not exact NFL formula.""}"
nfl_contracts,nfl_contract_history_comp_pick_signal_rules.csv,nfl_contract_history_comp_pick_signal_rules,rule,4,nfl_contract_history_comp_pick_signal_rules:4,"{""apy_band"":""starter"",""apy_min_millions"":""7.01"",""apy_max_millions"":""14.0"",""potential_comp_pick_signal"":""4th_to_6th"",""requires_unrestricted_free_agent"":""true"",""cancelled_by_external_signings"":""true"",""notes"":""Simplified signal for history and comp-pick ledger, not exact NFL formula.""}"
nfl_contracts,nfl_contract_history_comp_pick_signal_rules.csv,nfl_contract_history_comp_pick_signal_rules,rule,5,nfl_contract_history_comp_pick_signal_rules:5,"{""apy_band"":""premium"",""apy_min_millions"":""14.01"",""apy_max_millions"":""28.0"",""potential_comp_pick_signal"":""3rd_to_5th"",""requires_unrestricted_free_agent"":""true"",""cancelled_by_external_signings"":""true"",""notes"":""Simplified signal for history and comp-pick ledger, not exact NFL formula.""}"
nfl_contracts,nfl_contract_history_comp_pick_signal_rules.csv,nfl_contract_history_comp_pick_signal_rules,rule,6,nfl_contract_history_comp_pick_signal_rules:6,"{""apy_band"":""elite"",""apy_min_millions"":""28.01"",""apy_max_millions"":""70.0"",""potential_comp_pick_signal"":""3rd_likely"",""requires_unrestricted_free_agent"":""true"",""cancelled_by_external_signings"":""true"",""notes"":""Simplified signal for history and comp-pick ledger, not exact NFL formula.""}"
nfl_contracts,nfl_contract_history_dead_money_rules.csv,nfl_contract_history_dead_money_rules,rule,1,nfl_contract_history_dead_money_rules:1,"{""event_id"":""RELEASE_PRE_JUNE"",""dead_money_rule"":""accelerate_all_remaining_proration_current_year"",""min_dead_money_millions"":""0.1"",""max_dead_money_millions"":""55"",""history_visibility"":""show_on_player_history_and_team_cap_ledger"",""notes"":""Cap consequence should be generated alongside visible transaction history.""}"
nfl_contracts,nfl_contract_history_dead_money_rules.csv,nfl_contract_history_dead_money_rules,rule,2,nfl_contract_history_dead_money_rules:2,"{""event_id"":""RELEASE_POST_JUNE"",""dead_money_rule"":""current_year_proration_now_future_proration_next_year"",""min_dead_money_millions"":""0.1"",""max_dead_money_millions"":""45"",""history_visibility"":""show_on_player_history_and_team_cap_ledger"",""notes"":""Cap consequence should be generated alongside visible transaction history.""}"
nfl_contracts,nfl_contract_history_dead_money_rules.csv,nfl_contract_history_dead_money_rules,rule,3,nfl_contract_history_dead_money_rules:3,"{""event_id"":""TRADE"",""dead_money_rule"":""old_team_keeps_prorated_bonus_new_team_takes_salary"",""min_dead_money_millions"":""0.0"",""max_dead_money_millions"":""60"",""history_visibility"":""show_on_player_history_and_team_cap_ledger"",""notes"":""Cap consequence should be generated alongside visible transaction history.""}"
nfl_contracts,nfl_contract_history_dead_money_rules.csv,nfl_contract_history_dead_money_rules,rule,4,nfl_contract_history_dead_money_rules:4,"{""event_id"":""RESTRUCTURE_VOID"",""dead_money_rule"":""void_acceleration_at_expiration"",""min_dead_money_millions"":""0.25"",""max_dead_money_millions"":""25"",""history_visibility"":""show_on_player_history_and_team_cap_ledger"",""notes"":""Cap consequence should be generated alongside visible transaction history.""}"
nfl_contracts,nfl_contract_history_dead_money_rules.csv,nfl_contract_history_dead_money_rules,rule,5,nfl_contract_history_dead_money_rules:5,"{""event_id"":""RETIRE_CONTRACT_CLOSE"",""dead_money_rule"":""apply_remaining_bonus_or_recovery_clause_if_modeled"",""min_dead_money_millions"":""0.0"",""max_dead_money_millions"":""15"",""history_visibility"":""show_on_player_history_and_team_cap_ledger"",""notes"":""Cap consequence should be generated alongside visible transaction history.""}"
nfl_contracts,nfl_contract_history_event_taxonomy.csv,nfl_contract_history_event_taxonomy,definition,1,nfl_contract_history_event_taxonomy:1,"{""event_id"":""ROOKIE_SIGN"",""event_family"":""initial_contract"",""description"":""Player signs drafted rookie contract."",""event_subtype"":""rookie_contract"",""systems_touched"":""cap,history"",""generated_in_year_zero"":""true""}"
nfl_contracts,nfl_contract_history_event_taxonomy.csv,nfl_contract_history_event_taxonomy,definition,2,nfl_contract_history_event_taxonomy:2,"{""event_id"":""UDFA_SIGN"",""event_family"":""initial_contract"",""description"":""Undrafted rookie signs priority/camp/minimum deal."",""event_subtype"":""udfa_contract"",""systems_touched"":""cap,history"",""generated_in_year_zero"":""true""}"
nfl_contracts,nfl_contract_history_event_taxonomy.csv,nfl_contract_history_event_taxonomy,definition,3,nfl_contract_history_event_taxonomy:3,"{""event_id"":""PS_SIGN"",""event_family"":""practice_squad"",""description"":""Player signs practice squad contract."",""event_subtype"":""practice_squad"",""systems_touched"":""history"",""generated_in_year_zero"":""true""}"
nfl_contracts,nfl_contract_history_event_taxonomy.csv,nfl_contract_history_event_taxonomy,definition,4,nfl_contract_history_event_taxonomy:4,"{""event_id"":""RESERVE_FUTURE_SIGN"",""event_family"":""practice_squad"",""description"":""Player signs reserve/future contract after season."",""event_subtype"":""reserve_future"",""systems_touched"":""history"",""generated_in_year_zero"":""true""}"
nfl_contracts,nfl_contract_history_event_taxonomy.csv,nfl_contract_history_event_taxonomy,definition,5,nfl_contract_history_event_taxonomy:5,"{""event_id"":""ACTIVE_PROMOTION"",""event_family"":""practice_squad"",""description"":""Practice squad player promoted to active roster."",""event_subtype"":""promotion"",""systems_touched"":""cap,history"",""generated_in_year_zero"":""true""}"
nfl_contracts,nfl_contract_history_event_taxonomy.csv,nfl_contract_history_event_taxonomy,definition,6,nfl_contract_history_event_taxonomy:6,"{""event_id"":""WAIVER_CLAIM"",""event_family"":""movement"",""description"":""Player claimed off waivers."",""event_subtype"":""waiver"",""systems_touched"":""cap,history"",""generated_in_year_zero"":""true""}"
nfl_contracts,nfl_contract_history_event_taxonomy.csv,nfl_contract_history_event_taxonomy,definition,7,nfl_contract_history_event_taxonomy:7,"{""event_id"":""VETERAN_FA_SIGN"",""event_family"":""free_agency"",""description"":""Veteran signs unrestricted free-agent contract."",""event_subtype"":""ufa_contract"",""systems_touched"":""cap,history"",""generated_in_year_zero"":""true""}"
nfl_contracts,nfl_contract_history_event_taxonomy.csv,nfl_contract_history_event_taxonomy,definition,8,nfl_contract_history_event_taxonomy:8,"{""event_id"":""RFA_TENDER"",""event_family"":""free_agency"",""description"":""Team tenders restricted free agent."",""event_subtype"":""rfa_tender"",""systems_touched"":""rights,cap"",""generated_in_year_zero"":""true""}"
nfl_contracts,nfl_contract_history_event_taxonomy.csv,nfl_contract_history_event_taxonomy,definition,9,nfl_contract_history_event_taxonomy:9,"{""event_id"":""ERFA_TENDER"",""event_family"":""free_agency"",""description"":""Team tenders exclusive-rights free agent."",""event_subtype"":""erfa_tender"",""systems_touched"":""rights,cap"",""generated_in_year_zero"":""true""}"
nfl_contracts,nfl_contract_history_event_taxonomy.csv,nfl_contract_history_event_taxonomy,definition,10,nfl_contract_history_event_taxonomy:10,"{""event_id"":""FRANCHISE_TAG"",""event_family"":""tag"",""description"":""Team applies franchise tag."",""event_subtype"":""tag"",""systems_touched"":""cap,rights"",""generated_in_year_zero"":""true""}"
nfl_contracts,nfl_contract_history_event_taxonomy.csv,nfl_contract_history_event_taxonomy,definition,11,nfl_contract_history_event_taxonomy:11,"{""event_id"":""TRANSITION_TAG"",""event_family"":""tag"",""description"":""Team applies transition tag."",""event_subtype"":""tag"",""systems_touched"":""cap,rights"",""generated_in_year_zero"":""true""}"
nfl_contracts,nfl_contract_history_event_taxonomy.csv,nfl_contract_history_event_taxonomy,definition,12,nfl_contract_history_event_taxonomy:12,"{""event_id"":""EXTENSION_SIGN"",""event_family"":""extension"",""description"":""Player signs extension before or near free agency."",""event_subtype"":""extension"",""systems_touched"":""cap,history"",""generated_in_year_zero"":""true""}"
nfl_contracts,nfl_contract_history_event_taxonomy.csv,nfl_contract_history_event_taxonomy,definition,13,nfl_contract_history_event_taxonomy:13,"{""event_id"":""OPTION_EXERCISED"",""event_family"":""option"",""description"":""First-round fifth-year option exercised."",""event_subtype"":""option"",""systems_touched"":""cap,rights"",""generated_in_year_zero"":""true""}"
nfl_contracts,nfl_contract_history_event_taxonomy.csv,nfl_contract_history_event_taxonomy,definition,14,nfl_contract_history_event_taxonomy:14,"{""event_id"":""OPTION_DECLINED"",""event_family"":""option"",""description"":""First-round fifth-year option declined."",""event_subtype"":""option"",""systems_touched"":""history"",""generated_in_year_zero"":""true""}"
nfl_contracts,nfl_contract_history_event_taxonomy.csv,nfl_contract_history_event_taxonomy,definition,15,nfl_contract_history_event_taxonomy:15,"{""event_id"":""RESTRUCTURE_SIMPLE"",""event_family"":""restructure"",""description"":""Base salary converted to signing bonus to create cap room."",""event_subtype"":""restructure"",""systems_touched"":""cap,dead_money"",""generated_in_year_zero"":""true""}"
nfl_contracts,nfl_contract_history_event_taxonomy.csv,nfl_contract_history_event_taxonomy,definition,16,nfl_contract_history_event_taxonomy:16,"{""event_id"":""RESTRUCTURE_VOID"",""event_family"":""restructure"",""description"":""Contract uses void years or extension mechanics to spread bonus."",""event_subtype"":""restructure"",""systems_touched"":""cap,dead_money"",""generated_in_year_zero"":""true""}"
nfl_contracts,nfl_contract_history_event_taxonomy.csv,nfl_contract_history_event_taxonomy,definition,17,nfl_contract_history_event_taxonomy:17,"{""event_id"":""PAY_CUT"",""event_family"":""renegotiation"",""description"":""Veteran accepts reduced salary or incentives to remain."",""event_subtype"":""pay_cut"",""systems_touched"":""cap,history"",""generated_in_year_zero"":""true""}"
nfl_contracts,nfl_contract_history_event_taxonomy.csv,nfl_contract_history_event_taxonomy,definition,18,nfl_contract_history_event_taxonomy:18,"{""event_id"":""ROSTER_BONUS_TRIGGER"",""event_family"":""bonus"",""description"":""Roster bonus triggers if player remains by trigger date."",""event_subtype"":""bonus"",""systems_touched"":""cap,history"",""generated_in_year_zero"":""true""}"
nfl_contracts,nfl_contract_history_event_taxonomy.csv,nfl_contract_history_event_taxonomy,definition,19,nfl_contract_history_event_taxonomy:19,"{""event_id"":""TRADE"",""event_family"":""movement"",""description"":""Player traded with contract obligations transferred."",""event_subtype"":""trade"",""systems_touched"":""cap,dead_money,history"",""generated_in_year_zero"":""true""}"
nfl_contracts,nfl_contract_history_event_taxonomy.csv,nfl_contract_history_event_taxonomy,definition,20,nfl_contract_history_event_taxonomy:20,"{""event_id"":""RELEASE_PRE_JUNE"",""event_family"":""release"",""description"":""Player released before June 1 accounting treatment."",""event_subtype"":""release"",""systems_touched"":""cap,dead_money"",""generated_in_year_zero"":""true""}"
nfl_contracts,nfl_contract_history_event_taxonomy.csv,nfl_contract_history_event_taxonomy,definition,21,nfl_contract_history_event_taxonomy:21,"{""event_id"":""RELEASE_POST_JUNE"",""event_family"":""release"",""description"":""Player released or designated post-June 1."",""event_subtype"":""release"",""systems_touched"":""cap,dead_money"",""generated_in_year_zero"":""true""}"
nfl_contracts,nfl_contract_history_event_taxonomy.csv,nfl_contract_history_event_taxonomy,definition,22,nfl_contract_history_event_taxonomy:22,"{""event_id"":""CUT_CANDIDATE_RETAINED"",""event_family"":""renegotiation"",""description"":""Player survives cut deadline or accepts adjusted terms."",""event_subtype"":""retention"",""systems_touched"":""history"",""generated_in_year_zero"":""true""}"
nfl_contracts,nfl_contract_history_event_taxonomy.csv,nfl_contract_history_event_taxonomy,definition,23,nfl_contract_history_event_taxonomy:23,"{""event_id"":""RETIRE_CONTRACT_CLOSE"",""event_family"":""retirement"",""description"":""Player retires and contract closes."",""event_subtype"":""retirement"",""systems_touched"":""cap,history"",""generated_in_year_zero"":""true""}"
nfl_contracts,nfl_contract_history_event_taxonomy.csv,nfl_contract_history_event_taxonomy,definition,24,nfl_contract_history_event_taxonomy:24,"{""event_id"":""CONTRACT_EXPIRES"",""event_family"":""expiration"",""description"":""Contract expires into UFA/RFA/ERFA/free agency."",""event_subtype"":""expiration"",""systems_touched"":""rights,history"",""generated_in_year_zero"":""true""}"
nfl_contracts,nfl_contract_history_event_taxonomy.csv,nfl_contract_history_event_taxonomy,definition,25,nfl_contract_history_event_taxonomy:25,"{""event_id"":""COMP_PICK_QUALIFYING_LOSS"",""event_family"":""compensatory"",""description"":""Lost UFA counts as potential compensatory-pick loss."",""event_subtype"":""comp_pick"",""systems_touched"":""draft,history"",""generated_in_year_zero"":""true""}"
nfl_contracts,nfl_contract_history_event_taxonomy.csv,nfl_contract_history_event_taxonomy,definition,26,nfl_contract_history_event_taxonomy:26,"{""event_id"":""COMP_PICK_CANCELLING_SIGN"",""event_family"":""compensatory"",""description"":""External UFA signing offsets compensatory formula."",""event_subtype"":""comp_pick"",""systems_touched"":""draft,history"",""generated_in_year_zero"":""true""}"
nfl_contracts,nfl_contract_history_event_weights_by_age_role.csv,nfl_contract_history_event_weights_by_age_role,weight_distribution,1,nfl_contract_history_event_weights_by_age_role:1,"{""age_band"":""rookie"",""min_age"":""21"",""max_age"":""22"",""role_tier"":""superstar"",""extension_multiplier"":""0.49"",""restructure_multiplier"":""0.28"",""release_multiplier"":""0.11"",""pay_cut_multiplier"":""0.1"",""retirement_multiplier"":""0.01""}"
nfl_contracts,nfl_contract_history_event_weights_by_age_role.csv,nfl_contract_history_event_weights_by_age_role,weight_distribution,2,nfl_contract_history_event_weights_by_age_role:2,"{""age_band"":""rookie"",""min_age"":""21"",""max_age"":""22"",""role_tier"":""plus_starter"",""extension_multiplier"":""0.49"",""restructure_multiplier"":""0.28"",""release_multiplier"":""0.11"",""pay_cut_multiplier"":""0.1"",""retirement_multiplier"":""0.01""}"
nfl_contracts,nfl_contract_history_event_weights_by_age_role.csv,nfl_contract_history_event_weights_by_age_role,weight_distribution,3,nfl_contract_history_event_weights_by_age_role:3,"{""age_band"":""rookie"",""min_age"":""21"",""max_age"":""22"",""role_tier"":""starter"",""extension_multiplier"":""0.35"",""restructure_multiplier"":""0.28"",""release_multiplier"":""0.16"",""pay_cut_multiplier"":""0.1"",""retirement_multiplier"":""0.01""}"
nfl_contracts,nfl_contract_history_event_weights_by_age_role.csv,nfl_contract_history_event_weights_by_age_role,weight_distribution,4,nfl_contract_history_event_weights_by_age_role:4,"{""age_band"":""rookie"",""min_age"":""21"",""max_age"":""22"",""role_tier"":""rotation"",""extension_multiplier"":""0.193"",""restructure_multiplier"":""0.14"",""release_multiplier"":""0.22"",""pay_cut_multiplier"":""0.1"",""retirement_multiplier"":""0.01""}"
nfl_contracts,nfl_contract_history_event_weights_by_age_role.csv,nfl_contract_history_event_weights_by_age_role,weight_distribution,5,nfl_contract_history_event_weights_by_age_role:5,"{""age_band"":""rookie"",""min_age"":""21"",""max_age"":""22"",""role_tier"":""depth"",""extension_multiplier"":""0.193"",""restructure_multiplier"":""0.14"",""release_multiplier"":""0.22"",""pay_cut_multiplier"":""0.1"",""retirement_multiplier"":""0.01""}"
nfl_contracts,nfl_contract_history_event_weights_by_age_role.csv,nfl_contract_history_event_weights_by_age_role,weight_distribution,6,nfl_contract_history_event_weights_by_age_role:6,"{""age_band"":""rookie"",""min_age"":""21"",""max_age"":""22"",""role_tier"":""fringe"",""extension_multiplier"":""0.193"",""restructure_multiplier"":""0.14"",""release_multiplier"":""0.27"",""pay_cut_multiplier"":""0.1"",""retirement_multiplier"":""0.01""}"
nfl_contracts,nfl_contract_history_event_weights_by_age_role.csv,nfl_contract_history_event_weights_by_age_role,weight_distribution,7,nfl_contract_history_event_weights_by_age_role:7,"{""age_band"":""rookie"",""min_age"":""21"",""max_age"":""22"",""role_tier"":""specialist"",""extension_multiplier"":""0.193"",""restructure_multiplier"":""0.14"",""release_multiplier"":""0.27"",""pay_cut_multiplier"":""0.1"",""retirement_multiplier"":""0.01""}"
nfl_contracts,nfl_contract_history_event_weights_by_age_role.csv,nfl_contract_history_event_weights_by_age_role,weight_distribution,8,nfl_contract_history_event_weights_by_age_role:8,"{""age_band"":""early_career"",""min_age"":""23"",""max_age"":""25"",""role_tier"":""superstar"",""extension_multiplier"":""1.4"",""restructure_multiplier"":""0.84"",""release_multiplier"":""0.33"",""pay_cut_multiplier"":""0.1"",""retirement_multiplier"":""0.01""}"
nfl_contracts,nfl_contract_history_event_weights_by_age_role.csv,nfl_contract_history_event_weights_by_age_role,weight_distribution,9,nfl_contract_history_event_weights_by_age_role:9,"{""age_band"":""early_career"",""min_age"":""23"",""max_age"":""25"",""role_tier"":""plus_starter"",""extension_multiplier"":""1.4"",""restructure_multiplier"":""0.84"",""release_multiplier"":""0.33"",""pay_cut_multiplier"":""0.1"",""retirement_multiplier"":""0.01""}"
nfl_contracts,nfl_contract_history_event_weights_by_age_role.csv,nfl_contract_history_event_weights_by_age_role,weight_distribution,10,nfl_contract_history_event_weights_by_age_role:10,"{""age_band"":""early_career"",""min_age"":""23"",""max_age"":""25"",""role_tier"":""starter"",""extension_multiplier"":""1.0"",""restructure_multiplier"":""0.84"",""release_multiplier"":""0.48"",""pay_cut_multiplier"":""0.1"",""retirement_multiplier"":""0.01""}"
nfl_contracts,nfl_contract_history_event_weights_by_age_role.csv,nfl_contract_history_event_weights_by_age_role,weight_distribution,11,nfl_contract_history_event_weights_by_age_role:11,"{""age_band"":""early_career"",""min_age"":""23"",""max_age"":""25"",""role_tier"":""rotation"",""extension_multiplier"":""0.55"",""restructure_multiplier"":""0.42"",""release_multiplier"":""0.66"",""pay_cut_multiplier"":""0.1"",""retirement_multiplier"":""0.01""}"
nfl_contracts,nfl_contract_history_event_weights_by_age_role.csv,nfl_contract_history_event_weights_by_age_role,weight_distribution,12,nfl_contract_history_event_weights_by_age_role:12,"{""age_band"":""early_career"",""min_age"":""23"",""max_age"":""25"",""role_tier"":""depth"",""extension_multiplier"":""0.55"",""restructure_multiplier"":""0.42"",""release_multiplier"":""0.66"",""pay_cut_multiplier"":""0.1"",""retirement_multiplier"":""0.01""}"
nfl_contracts,nfl_contract_history_event_weights_by_age_role.csv,nfl_contract_history_event_weights_by_age_role,weight_distribution,13,nfl_contract_history_event_weights_by_age_role:13,"{""age_band"":""early_career"",""min_age"":""23"",""max_age"":""25"",""role_tier"":""fringe"",""extension_multiplier"":""0.55"",""restructure_multiplier"":""0.42"",""release_multiplier"":""0.81"",""pay_cut_multiplier"":""0.1"",""retirement_multiplier"":""0.01""}"
nfl_contracts,nfl_contract_history_event_weights_by_age_role.csv,nfl_contract_history_event_weights_by_age_role,weight_distribution,14,nfl_contract_history_event_weights_by_age_role:14,"{""age_band"":""early_career"",""min_age"":""23"",""max_age"":""25"",""role_tier"":""specialist"",""extension_multiplier"":""0.55"",""restructure_multiplier"":""0.42"",""release_multiplier"":""0.81"",""pay_cut_multiplier"":""0.1"",""retirement_multiplier"":""0.01""}"
nfl_contracts,nfl_contract_history_event_weights_by_age_role.csv,nfl_contract_history_event_weights_by_age_role,weight_distribution,15,nfl_contract_history_event_weights_by_age_role:15,"{""age_band"":""prime"",""min_age"":""26"",""max_age"":""29"",""role_tier"":""superstar"",""extension_multiplier"":""1.4"",""restructure_multiplier"":""1.4"",""release_multiplier"":""0.55"",""pay_cut_multiplier"":""0.5"",""retirement_multiplier"":""0.01""}"
nfl_contracts,nfl_contract_history_event_weights_by_age_role.csv,nfl_contract_history_event_weights_by_age_role,weight_distribution,16,nfl_contract_history_event_weights_by_age_role:16,"{""age_band"":""prime"",""min_age"":""26"",""max_age"":""29"",""role_tier"":""plus_starter"",""extension_multiplier"":""1.4"",""restructure_multiplier"":""1.4"",""release_multiplier"":""0.55"",""pay_cut_multiplier"":""0.5"",""retirement_multiplier"":""0.01""}"
nfl_contracts,nfl_contract_history_event_weights_by_age_role.csv,nfl_contract_history_event_weights_by_age_role,weight_distribution,17,nfl_contract_history_event_weights_by_age_role:17,"{""age_band"":""prime"",""min_age"":""26"",""max_age"":""29"",""role_tier"":""starter"",""extension_multiplier"":""1.0"",""restructure_multiplier"":""1.4"",""release_multiplier"":""0.8"",""pay_cut_multiplier"":""0.5"",""retirement_multiplier"":""0.01""}"
nfl_contracts,nfl_contract_history_event_weights_by_age_role.csv,nfl_contract_history_event_weights_by_age_role,weight_distribution,18,nfl_contract_history_event_weights_by_age_role:18,"{""age_band"":""prime"",""min_age"":""26"",""max_age"":""29"",""role_tier"":""rotation"",""extension_multiplier"":""0.55"",""restructure_multiplier"":""0.7"",""release_multiplier"":""1.1"",""pay_cut_multiplier"":""0.5"",""retirement_multiplier"":""0.01""}"
nfl_contracts,nfl_contract_history_event_weights_by_age_role.csv,nfl_contract_history_event_weights_by_age_role,weight_distribution,19,nfl_contract_history_event_weights_by_age_role:19,"{""age_band"":""prime"",""min_age"":""26"",""max_age"":""29"",""role_tier"":""depth"",""extension_multiplier"":""0.55"",""restructure_multiplier"":""0.7"",""release_multiplier"":""1.1"",""pay_cut_multiplier"":""0.5"",""retirement_multiplier"":""0.01""}"
nfl_contracts,nfl_contract_history_event_weights_by_age_role.csv,nfl_contract_history_event_weights_by_age_role,weight_distribution,20,nfl_contract_history_event_weights_by_age_role:20,"{""age_band"":""prime"",""min_age"":""26"",""max_age"":""29"",""role_tier"":""fringe"",""extension_multiplier"":""0.55"",""restructure_multiplier"":""0.7"",""release_multiplier"":""1.35"",""pay_cut_multiplier"":""0.5"",""retirement_multiplier"":""0.01""}"
nfl_contracts,nfl_contract_history_event_weights_by_age_role.csv,nfl_contract_history_event_weights_by_age_role,weight_distribution,21,nfl_contract_history_event_weights_by_age_role:21,"{""age_band"":""prime"",""min_age"":""26"",""max_age"":""29"",""role_tier"":""specialist"",""extension_multiplier"":""0.55"",""restructure_multiplier"":""0.7"",""release_multiplier"":""1.35"",""pay_cut_multiplier"":""0.5"",""retirement_multiplier"":""0.01""}"
nfl_contracts,nfl_contract_history_event_weights_by_age_role.csv,nfl_contract_history_event_weights_by_age_role,weight_distribution,22,nfl_contract_history_event_weights_by_age_role:22,"{""age_band"":""late_prime"",""min_age"":""30"",""max_age"":""32"",""role_tier"":""superstar"",""extension_multiplier"":""1.4"",""restructure_multiplier"":""1.68"",""release_multiplier"":""0.66"",""pay_cut_multiplier"":""1.2"",""retirement_multiplier"":""0.01""}"
nfl_contracts,nfl_contract_history_event_weights_by_age_role.csv,nfl_contract_history_event_weights_by_age_role,weight_distribution,23,nfl_contract_history_event_weights_by_age_role:23,"{""age_band"":""late_prime"",""min_age"":""30"",""max_age"":""32"",""role_tier"":""plus_starter"",""extension_multiplier"":""1.4"",""restructure_multiplier"":""1.68"",""release_multiplier"":""0.66"",""pay_cut_multiplier"":""1.2"",""retirement_multiplier"":""0.01""}"
nfl_contracts,nfl_contract_history_event_weights_by_age_role.csv,nfl_contract_history_event_weights_by_age_role,weight_distribution,24,nfl_contract_history_event_weights_by_age_role:24,"{""age_band"":""late_prime"",""min_age"":""30"",""max_age"":""32"",""role_tier"":""starter"",""extension_multiplier"":""1.0"",""restructure_multiplier"":""1.68"",""release_multiplier"":""0.96"",""pay_cut_multiplier"":""1.2"",""retirement_multiplier"":""0.01""}"
nfl_contracts,nfl_contract_history_event_weights_by_age_role.csv,nfl_contract_history_event_weights_by_age_role,weight_distribution,25,nfl_contract_history_event_weights_by_age_role:25,"{""age_band"":""late_prime"",""min_age"":""30"",""max_age"":""32"",""role_tier"":""rotation"",""extension_multiplier"":""0.55"",""restructure_multiplier"":""0.84"",""release_multiplier"":""1.32"",""pay_cut_multiplier"":""1.2"",""retirement_multiplier"":""0.01""}"
nfl_contracts,nfl_contract_history_event_weights_by_age_role.csv,nfl_contract_history_event_weights_by_age_role,weight_distribution,26,nfl_contract_history_event_weights_by_age_role:26,"{""age_band"":""late_prime"",""min_age"":""30"",""max_age"":""32"",""role_tier"":""depth"",""extension_multiplier"":""0.55"",""restructure_multiplier"":""0.84"",""release_multiplier"":""1.32"",""pay_cut_multiplier"":""1.2"",""retirement_multiplier"":""0.01""}"
nfl_contracts,nfl_contract_history_event_weights_by_age_role.csv,nfl_contract_history_event_weights_by_age_role,weight_distribution,27,nfl_contract_history_event_weights_by_age_role:27,"{""age_band"":""late_prime"",""min_age"":""30"",""max_age"":""32"",""role_tier"":""fringe"",""extension_multiplier"":""0.55"",""restructure_multiplier"":""0.84"",""release_multiplier"":""1.62"",""pay_cut_multiplier"":""1.2"",""retirement_multiplier"":""0.01""}"
nfl_contracts,nfl_contract_history_event_weights_by_age_role.csv,nfl_contract_history_event_weights_by_age_role,weight_distribution,28,nfl_contract_history_event_weights_by_age_role:28,"{""age_band"":""late_prime"",""min_age"":""30"",""max_age"":""32"",""role_tier"":""specialist"",""extension_multiplier"":""0.55"",""restructure_multiplier"":""0.84"",""release_multiplier"":""1.62"",""pay_cut_multiplier"":""1.2"",""retirement_multiplier"":""0.01""}"
nfl_contracts,nfl_contract_history_event_weights_by_age_role.csv,nfl_contract_history_event_weights_by_age_role,weight_distribution,29,nfl_contract_history_event_weights_by_age_role:29,"{""age_band"":""older_vet"",""min_age"":""33"",""max_age"":""36"",""role_tier"":""superstar"",""extension_multiplier"":""0.49"",""restructure_multiplier"":""2.1"",""release_multiplier"":""0.825"",""pay_cut_multiplier"":""1.8"",""retirement_multiplier"":""0.01""}"
nfl_contracts,nfl_contract_history_event_weights_by_age_role.csv,nfl_contract_history_event_weights_by_age_role,weight_distribution,30,nfl_contract_history_event_weights_by_age_role:30,"{""age_band"":""older_vet"",""min_age"":""33"",""max_age"":""36"",""role_tier"":""plus_starter"",""extension_multiplier"":""0.49"",""restructure_multiplier"":""2.1"",""release_multiplier"":""0.825"",""pay_cut_multiplier"":""1.8"",""retirement_multiplier"":""0.01""}"
nfl_contracts,nfl_contract_history_event_weights_by_age_role.csv,nfl_contract_history_event_weights_by_age_role,weight_distribution,31,nfl_contract_history_event_weights_by_age_role:31,"{""age_band"":""older_vet"",""min_age"":""33"",""max_age"":""36"",""role_tier"":""starter"",""extension_multiplier"":""0.35"",""restructure_multiplier"":""2.1"",""release_multiplier"":""1.2"",""pay_cut_multiplier"":""1.8"",""retirement_multiplier"":""0.01""}"
nfl_contracts,nfl_contract_history_event_weights_by_age_role.csv,nfl_contract_history_event_weights_by_age_role,weight_distribution,32,nfl_contract_history_event_weights_by_age_role:32,"{""age_band"":""older_vet"",""min_age"":""33"",""max_age"":""36"",""role_tier"":""rotation"",""extension_multiplier"":""0.193"",""restructure_multiplier"":""1.05"",""release_multiplier"":""1.65"",""pay_cut_multiplier"":""1.8"",""retirement_multiplier"":""0.01""}"
nfl_contracts,nfl_contract_history_event_weights_by_age_role.csv,nfl_contract_history_event_weights_by_age_role,weight_distribution,33,nfl_contract_history_event_weights_by_age_role:33,"{""age_band"":""older_vet"",""min_age"":""33"",""max_age"":""36"",""role_tier"":""depth"",""extension_multiplier"":""0.193"",""restructure_multiplier"":""1.05"",""release_multiplier"":""1.65"",""pay_cut_multiplier"":""1.8"",""retirement_multiplier"":""0.01""}"
nfl_contracts,nfl_contract_history_event_weights_by_age_role.csv,nfl_contract_history_event_weights_by_age_role,weight_distribution,34,nfl_contract_history_event_weights_by_age_role:34,"{""age_band"":""older_vet"",""min_age"":""33"",""max_age"":""36"",""role_tier"":""fringe"",""extension_multiplier"":""0.193"",""restructure_multiplier"":""1.05"",""release_multiplier"":""2.025"",""pay_cut_multiplier"":""1.8"",""retirement_multiplier"":""0.01""}"
nfl_contracts,nfl_contract_history_event_weights_by_age_role.csv,nfl_contract_history_event_weights_by_age_role,weight_distribution,35,nfl_contract_history_event_weights_by_age_role:35,"{""age_band"":""older_vet"",""min_age"":""33"",""max_age"":""36"",""role_tier"":""specialist"",""extension_multiplier"":""0.193"",""restructure_multiplier"":""1.05"",""release_multiplier"":""2.025"",""pay_cut_multiplier"":""1.8"",""retirement_multiplier"":""0.01""}"
nfl_contracts,nfl_contract_history_event_weights_by_age_role.csv,nfl_contract_history_event_weights_by_age_role,weight_distribution,36,nfl_contract_history_event_weights_by_age_role:36,"{""age_band"":""late_career"",""min_age"":""37"",""max_age"":""45"",""role_tier"":""superstar"",""extension_multiplier"":""0.49"",""restructure_multiplier"":""2.52"",""release_multiplier"":""0.99"",""pay_cut_multiplier"":""1.8"",""retirement_multiplier"":""1.2""}"
nfl_contracts,nfl_contract_history_event_weights_by_age_role.csv,nfl_contract_history_event_weights_by_age_role,weight_distribution,37,nfl_contract_history_event_weights_by_age_role:37,"{""age_band"":""late_career"",""min_age"":""37"",""max_age"":""45"",""role_tier"":""plus_starter"",""extension_multiplier"":""0.49"",""restructure_multiplier"":""2.52"",""release_multiplier"":""0.99"",""pay_cut_multiplier"":""1.8"",""retirement_multiplier"":""1.2""}"
nfl_contracts,nfl_contract_history_event_weights_by_age_role.csv,nfl_contract_history_event_weights_by_age_role,weight_distribution,38,nfl_contract_history_event_weights_by_age_role:38,"{""age_band"":""late_career"",""min_age"":""37"",""max_age"":""45"",""role_tier"":""starter"",""extension_multiplier"":""0.35"",""restructure_multiplier"":""2.52"",""release_multiplier"":""1.44"",""pay_cut_multiplier"":""1.8"",""retirement_multiplier"":""1.2""}"
nfl_contracts,nfl_contract_history_event_weights_by_age_role.csv,nfl_contract_history_event_weights_by_age_role,weight_distribution,39,nfl_contract_history_event_weights_by_age_role:39,"{""age_band"":""late_career"",""min_age"":""37"",""max_age"":""45"",""role_tier"":""rotation"",""extension_multiplier"":""0.193"",""restructure_multiplier"":""1.26"",""release_multiplier"":""1.98"",""pay_cut_multiplier"":""1.8"",""retirement_multiplier"":""1.2""}"
nfl_contracts,nfl_contract_history_event_weights_by_age_role.csv,nfl_contract_history_event_weights_by_age_role,weight_distribution,40,nfl_contract_history_event_weights_by_age_role:40,"{""age_band"":""late_career"",""min_age"":""37"",""max_age"":""45"",""role_tier"":""depth"",""extension_multiplier"":""0.193"",""restructure_multiplier"":""1.26"",""release_multiplier"":""1.98"",""pay_cut_multiplier"":""1.8"",""retirement_multiplier"":""1.2""}"
nfl_contracts,nfl_contract_history_event_weights_by_age_role.csv,nfl_contract_history_event_weights_by_age_role,weight_distribution,41,nfl_contract_history_event_weights_by_age_role:41,"{""age_band"":""late_career"",""min_age"":""37"",""max_age"":""45"",""role_tier"":""fringe"",""extension_multiplier"":""0.193"",""restructure_multiplier"":""1.26"",""release_multiplier"":""2.43"",""pay_cut_multiplier"":""1.8"",""retirement_multiplier"":""1.2""}"
nfl_contracts,nfl_contract_history_event_weights_by_age_role.csv,nfl_contract_history_event_weights_by_age_role,weight_distribution,42,nfl_contract_history_event_weights_by_age_role:42,"{""age_band"":""late_career"",""min_age"":""37"",""max_age"":""45"",""role_tier"":""specialist"",""extension_multiplier"":""0.193"",""restructure_multiplier"":""1.26"",""release_multiplier"":""2.43"",""pay_cut_multiplier"":""1.8"",""retirement_multiplier"":""1.2""}"
nfl_contracts,nfl_contract_history_event_weights_by_origin.csv,nfl_contract_history_event_weights_by_origin,weight_distribution,1,nfl_contract_history_event_weights_by_origin:1,"{""origin_bucket"":""draft_round_1"",""event_id"":""ROOKIE_SIGN"",""relative_weight"":""1.0"",""allow_multiple"":""false"",""notes"":""Relative event eligibility, not guaranteed frequency.""}"
nfl_contracts,nfl_contract_history_event_weights_by_origin.csv,nfl_contract_history_event_weights_by_origin,weight_distribution,2,nfl_contract_history_event_weights_by_origin:2,"{""origin_bucket"":""draft_round_1"",""event_id"":""OPTION_EXERCISED"",""relative_weight"":""0.45"",""allow_multiple"":""false"",""notes"":""Relative event eligibility, not guaranteed frequency.""}"
nfl_contracts,nfl_contract_history_event_weights_by_origin.csv,nfl_contract_history_event_weights_by_origin,weight_distribution,3,nfl_contract_history_event_weights_by_origin:3,"{""origin_bucket"":""draft_round_1"",""event_id"":""OPTION_DECLINED"",""relative_weight"":""0.18"",""allow_multiple"":""false"",""notes"":""Relative event eligibility, not guaranteed frequency.""}"
nfl_contracts,nfl_contract_history_event_weights_by_origin.csv,nfl_contract_history_event_weights_by_origin,weight_distribution,4,nfl_contract_history_event_weights_by_origin:4,"{""origin_bucket"":""draft_round_1"",""event_id"":""EXTENSION_SIGN"",""relative_weight"":""0.38"",""allow_multiple"":""false"",""notes"":""Relative event eligibility, not guaranteed frequency.""}"
nfl_contracts,nfl_contract_history_event_weights_by_origin.csv,nfl_contract_history_event_weights_by_origin,weight_distribution,5,nfl_contract_history_event_weights_by_origin:5,"{""origin_bucket"":""draft_round_1"",""event_id"":""RESTRUCTURE_SIMPLE"",""relative_weight"":""0.12"",""allow_multiple"":""true"",""notes"":""Relative event eligibility, not guaranteed frequency.""}"
nfl_contracts,nfl_contract_history_event_weights_by_origin.csv,nfl_contract_history_event_weights_by_origin,weight_distribution,6,nfl_contract_history_event_weights_by_origin:6,"{""origin_bucket"":""draft_round_1"",""event_id"":""TRADE"",""relative_weight"":""0.05"",""allow_multiple"":""false"",""notes"":""Relative event eligibility, not guaranteed frequency.""}"
nfl_contracts,nfl_contract_history_event_weights_by_origin.csv,nfl_contract_history_event_weights_by_origin,weight_distribution,7,nfl_contract_history_event_weights_by_origin:7,"{""origin_bucket"":""draft_round_1"",""event_id"":""RELEASE_PRE_JUNE"",""relative_weight"":""0.04"",""allow_multiple"":""false"",""notes"":""Relative event eligibility, not guaranteed frequency.""}"
nfl_contracts,nfl_contract_history_event_weights_by_origin.csv,nfl_contract_history_event_weights_by_origin,weight_distribution,8,nfl_contract_history_event_weights_by_origin:8,"{""origin_bucket"":""draft_round_1"",""event_id"":""FRANCHISE_TAG"",""relative_weight"":""0.06"",""allow_multiple"":""false"",""notes"":""Relative event eligibility, not guaranteed frequency.""}"
nfl_contracts,nfl_contract_history_event_weights_by_origin.csv,nfl_contract_history_event_weights_by_origin,weight_distribution,9,nfl_contract_history_event_weights_by_origin:9,"{""origin_bucket"":""draft_round_1"",""event_id"":""CONTRACT_EXPIRES"",""relative_weight"":""0.12"",""allow_multiple"":""false"",""notes"":""Relative event eligibility, not guaranteed frequency.""}"
nfl_contracts,nfl_contract_history_event_weights_by_origin.csv,nfl_contract_history_event_weights_by_origin,weight_distribution,10,nfl_contract_history_event_weights_by_origin:10,"{""origin_bucket"":""draft_round_2"",""event_id"":""ROOKIE_SIGN"",""relative_weight"":""1.0"",""allow_multiple"":""false"",""notes"":""Relative event eligibility, not guaranteed frequency.""}"
nfl_contracts,nfl_contract_history_event_weights_by_origin.csv,nfl_contract_history_event_weights_by_origin,weight_distribution,11,nfl_contract_history_event_weights_by_origin:11,"{""origin_bucket"":""draft_round_2"",""event_id"":""EXTENSION_SIGN"",""relative_weight"":""0.24"",""allow_multiple"":""false"",""notes"":""Relative event eligibility, not guaranteed frequency.""}"
nfl_contracts,nfl_contract_history_event_weights_by_origin.csv,nfl_contract_history_event_weights_by_origin,weight_distribution,12,nfl_contract_history_event_weights_by_origin:12,"{""origin_bucket"":""draft_round_2"",""event_id"":""VETERAN_FA_SIGN"",""relative_weight"":""0.24"",""allow_multiple"":""false"",""notes"":""Relative event eligibility, not guaranteed frequency.""}"
nfl_contracts,nfl_contract_history_event_weights_by_origin.csv,nfl_contract_history_event_weights_by_origin,weight_distribution,13,nfl_contract_history_event_weights_by_origin:13,"{""origin_bucket"":""draft_round_2"",""event_id"":""TRADE"",""relative_weight"":""0.07"",""allow_multiple"":""false"",""notes"":""Relative event eligibility, not guaranteed frequency.""}"
nfl_contracts,nfl_contract_history_event_weights_by_origin.csv,nfl_contract_history_event_weights_by_origin,weight_distribution,14,nfl_contract_history_event_weights_by_origin:14,"{""origin_bucket"":""draft_round_2"",""event_id"":""RELEASE_PRE_JUNE"",""relative_weight"":""0.08"",""allow_multiple"":""false"",""notes"":""Relative event eligibility, not guaranteed frequency.""}"
nfl_contracts,nfl_contract_history_event_weights_by_origin.csv,nfl_contract_history_event_weights_by_origin,weight_distribution,15,nfl_contract_history_event_weights_by_origin:15,"{""origin_bucket"":""draft_round_2"",""event_id"":""RFA_TENDER"",""relative_weight"":""0.04"",""allow_multiple"":""false"",""notes"":""Relative event eligibility, not guaranteed frequency.""}"
nfl_contracts,nfl_contract_history_event_weights_by_origin.csv,nfl_contract_history_event_weights_by_origin,weight_distribution,16,nfl_contract_history_event_weights_by_origin:16,"{""origin_bucket"":""draft_round_2"",""event_id"":""CONTRACT_EXPIRES"",""relative_weight"":""0.25"",""allow_multiple"":""false"",""notes"":""Relative event eligibility, not guaranteed frequency.""}"
nfl_contracts,nfl_contract_history_event_weights_by_origin.csv,nfl_contract_history_event_weights_by_origin,weight_distribution,17,nfl_contract_history_event_weights_by_origin:17,"{""origin_bucket"":""draft_round_3"",""event_id"":""ROOKIE_SIGN"",""relative_weight"":""1.0"",""allow_multiple"":""false"",""notes"":""Relative event eligibility, not guaranteed frequency.""}"
nfl_contracts,nfl_contract_history_event_weights_by_origin.csv,nfl_contract_history_event_weights_by_origin,weight_distribution,18,nfl_contract_history_event_weights_by_origin:18,"{""origin_bucket"":""draft_round_3"",""event_id"":""EXTENSION_SIGN"",""relative_weight"":""0.18"",""allow_multiple"":""false"",""notes"":""Relative event eligibility, not guaranteed frequency.""}"
nfl_contracts,nfl_contract_history_event_weights_by_origin.csv,nfl_contract_history_event_weights_by_origin,weight_distribution,19,nfl_contract_history_event_weights_by_origin:19,"{""origin_bucket"":""draft_round_3"",""event_id"":""VETERAN_FA_SIGN"",""relative_weight"":""0.28"",""allow_multiple"":""false"",""notes"":""Relative event eligibility, not guaranteed frequency.""}"
nfl_contracts,nfl_contract_history_event_weights_by_origin.csv,nfl_contract_history_event_weights_by_origin,weight_distribution,20,nfl_contract_history_event_weights_by_origin:20,"{""origin_bucket"":""draft_round_3"",""event_id"":""TRADE"",""relative_weight"":""0.06"",""allow_multiple"":""false"",""notes"":""Relative event eligibility, not guaranteed frequency.""}"
nfl_contracts,nfl_contract_history_event_weights_by_origin.csv,nfl_contract_history_event_weights_by_origin,weight_distribution,21,nfl_contract_history_event_weights_by_origin:21,"{""origin_bucket"":""draft_round_3"",""event_id"":""RELEASE_PRE_JUNE"",""relative_weight"":""0.11"",""allow_multiple"":""false"",""notes"":""Relative event eligibility, not guaranteed frequency.""}"
nfl_contracts,nfl_contract_history_event_weights_by_origin.csv,nfl_contract_history_event_weights_by_origin,weight_distribution,22,nfl_contract_history_event_weights_by_origin:22,"{""origin_bucket"":""draft_round_3"",""event_id"":""RFA_TENDER"",""relative_weight"":""0.05"",""allow_multiple"":""false"",""notes"":""Relative event eligibility, not guaranteed frequency.""}"
nfl_contracts,nfl_contract_history_event_weights_by_origin.csv,nfl_contract_history_event_weights_by_origin,weight_distribution,23,nfl_contract_history_event_weights_by_origin:23,"{""origin_bucket"":""draft_round_3"",""event_id"":""CONTRACT_EXPIRES"",""relative_weight"":""0.32"",""allow_multiple"":""false"",""notes"":""Relative event eligibility, not guaranteed frequency.""}"
nfl_contracts,nfl_contract_history_event_weights_by_origin.csv,nfl_contract_history_event_weights_by_origin,weight_distribution,24,nfl_contract_history_event_weights_by_origin:24,"{""origin_bucket"":""draft_day3"",""event_id"":""ROOKIE_SIGN"",""relative_weight"":""1.0"",""allow_multiple"":""false"",""notes"":""Relative event eligibility, not guaranteed frequency.""}"
nfl_contracts,nfl_contract_history_event_weights_by_origin.csv,nfl_contract_history_event_weights_by_origin,weight_distribution,25,nfl_contract_history_event_weights_by_origin:25,"{""origin_bucket"":""draft_day3"",""event_id"":""PS_SIGN"",""relative_weight"":""0.12"",""allow_multiple"":""true"",""notes"":""Relative event eligibility, not guaranteed frequency.""}"
nfl_contracts,nfl_contract_history_event_weights_by_origin.csv,nfl_contract_history_event_weights_by_origin,weight_distribution,26,nfl_contract_history_event_weights_by_origin:26,"{""origin_bucket"":""draft_day3"",""event_id"":""ACTIVE_PROMOTION"",""relative_weight"":""0.05"",""allow_multiple"":""true"",""notes"":""Relative event eligibility, not guaranteed frequency.""}"
nfl_contracts,nfl_contract_history_event_weights_by_origin.csv,nfl_contract_history_event_weights_by_origin,weight_distribution,27,nfl_contract_history_event_weights_by_origin:27,"{""origin_bucket"":""draft_day3"",""event_id"":""VETERAN_FA_SIGN"",""relative_weight"":""0.16"",""allow_multiple"":""false"",""notes"":""Relative event eligibility, not guaranteed frequency.""}"
nfl_contracts,nfl_contract_history_event_weights_by_origin.csv,nfl_contract_history_event_weights_by_origin,weight_distribution,28,nfl_contract_history_event_weights_by_origin:28,"{""origin_bucket"":""draft_day3"",""event_id"":""WAIVER_CLAIM"",""relative_weight"":""0.08"",""allow_multiple"":""false"",""notes"":""Relative event eligibility, not guaranteed frequency.""}"
nfl_contracts,nfl_contract_history_event_weights_by_origin.csv,nfl_contract_history_event_weights_by_origin,weight_distribution,29,nfl_contract_history_event_weights_by_origin:29,"{""origin_bucket"":""draft_day3"",""event_id"":""RELEASE_PRE_JUNE"",""relative_weight"":""0.22"",""allow_multiple"":""false"",""notes"":""Relative event eligibility, not guaranteed frequency.""}"
nfl_contracts,nfl_contract_history_event_weights_by_origin.csv,nfl_contract_history_event_weights_by_origin,weight_distribution,30,nfl_contract_history_event_weights_by_origin:30,"{""origin_bucket"":""draft_day3"",""event_id"":""CONTRACT_EXPIRES"",""relative_weight"":""0.38"",""allow_multiple"":""false"",""notes"":""Relative event eligibility, not guaranteed frequency.""}"
nfl_contracts,nfl_contract_history_event_weights_by_origin.csv,nfl_contract_history_event_weights_by_origin,weight_distribution,31,nfl_contract_history_event_weights_by_origin:31,"{""origin_bucket"":""priority_udfa"",""event_id"":""UDFA_SIGN"",""relative_weight"":""1.0"",""allow_multiple"":""false"",""notes"":""Relative event eligibility, not guaranteed frequency.""}"
nfl_contracts,nfl_contract_history_event_weights_by_origin.csv,nfl_contract_history_event_weights_by_origin,weight_distribution,32,nfl_contract_history_event_weights_by_origin:32,"{""origin_bucket"":""priority_udfa"",""event_id"":""PS_SIGN"",""relative_weight"":""0.3"",""allow_multiple"":""true"",""notes"":""Relative event eligibility, not guaranteed frequency.""}"
nfl_contracts,nfl_contract_history_event_weights_by_origin.csv,nfl_contract_history_event_weights_by_origin,weight_distribution,33,nfl_contract_history_event_weights_by_origin:33,"{""origin_bucket"":""priority_udfa"",""event_id"":""RESERVE_FUTURE_SIGN"",""relative_weight"":""0.18"",""allow_multiple"":""false"",""notes"":""Relative event eligibility, not guaranteed frequency.""}"
nfl_contracts,nfl_contract_history_event_weights_by_origin.csv,nfl_contract_history_event_weights_by_origin,weight_distribution,34,nfl_contract_history_event_weights_by_origin:34,"{""origin_bucket"":""priority_udfa"",""event_id"":""ACTIVE_PROMOTION"",""relative_weight"":""0.12"",""allow_multiple"":""true"",""notes"":""Relative event eligibility, not guaranteed frequency.""}"
nfl_contracts,nfl_contract_history_event_weights_by_origin.csv,nfl_contract_history_event_weights_by_origin,weight_distribution,35,nfl_contract_history_event_weights_by_origin:35,"{""origin_bucket"":""priority_udfa"",""event_id"":""VETERAN_FA_SIGN"",""relative_weight"":""0.1"",""allow_multiple"":""false"",""notes"":""Relative event eligibility, not guaranteed frequency.""}"
nfl_contracts,nfl_contract_history_event_weights_by_origin.csv,nfl_contract_history_event_weights_by_origin,weight_distribution,36,nfl_contract_history_event_weights_by_origin:36,"{""origin_bucket"":""priority_udfa"",""event_id"":""WAIVER_CLAIM"",""relative_weight"":""0.08"",""allow_multiple"":""false"",""notes"":""Relative event eligibility, not guaranteed frequency.""}"
nfl_contracts,nfl_contract_history_event_weights_by_origin.csv,nfl_contract_history_event_weights_by_origin,weight_distribution,37,nfl_contract_history_event_weights_by_origin:37,"{""origin_bucket"":""priority_udfa"",""event_id"":""RELEASE_PRE_JUNE"",""relative_weight"":""0.26"",""allow_multiple"":""false"",""notes"":""Relative event eligibility, not guaranteed frequency.""}"
nfl_contracts,nfl_contract_history_event_weights_by_origin.csv,nfl_contract_history_event_weights_by_origin,weight_distribution,38,nfl_contract_history_event_weights_by_origin:38,"{""origin_bucket"":""priority_udfa"",""event_id"":""CONTRACT_EXPIRES"",""relative_weight"":""0.25"",""allow_multiple"":""false"",""notes"":""Relative event eligibility, not guaranteed frequency.""}"
nfl_contracts,nfl_contract_history_event_weights_by_origin.csv,nfl_contract_history_event_weights_by_origin,weight_distribution,39,nfl_contract_history_event_weights_by_origin:39,"{""origin_bucket"":""standard_udfa"",""event_id"":""UDFA_SIGN"",""relative_weight"":""1.0"",""allow_multiple"":""false"",""notes"":""Relative event eligibility, not guaranteed frequency.""}"
nfl_contracts,nfl_contract_history_event_weights_by_origin.csv,nfl_contract_history_event_weights_by_origin,weight_distribution,40,nfl_contract_history_event_weights_by_origin:40,"{""origin_bucket"":""standard_udfa"",""event_id"":""PS_SIGN"",""relative_weight"":""0.4"",""allow_multiple"":""true"",""notes"":""Relative event eligibility, not guaranteed frequency.""}"
nfl_contracts,nfl_contract_history_event_weights_by_origin.csv,nfl_contract_history_event_weights_by_origin,weight_distribution,41,nfl_contract_history_event_weights_by_origin:41,"{""origin_bucket"":""standard_udfa"",""event_id"":""RESERVE_FUTURE_SIGN"",""relative_weight"":""0.22"",""allow_multiple"":""false"",""notes"":""Relative event eligibility, not guaranteed frequency.""}"
nfl_contracts,nfl_contract_history_event_weights_by_origin.csv,nfl_contract_history_event_weights_by_origin,weight_distribution,42,nfl_contract_history_event_weights_by_origin:42,"{""origin_bucket"":""standard_udfa"",""event_id"":""ACTIVE_PROMOTION"",""relative_weight"":""0.06"",""allow_multiple"":""true"",""notes"":""Relative event eligibility, not guaranteed frequency.""}"
nfl_contracts,nfl_contract_history_event_weights_by_origin.csv,nfl_contract_history_event_weights_by_origin,weight_distribution,43,nfl_contract_history_event_weights_by_origin:43,"{""origin_bucket"":""standard_udfa"",""event_id"":""WAIVER_CLAIM"",""relative_weight"":""0.07"",""allow_multiple"":""false"",""notes"":""Relative event eligibility, not guaranteed frequency.""}"
nfl_contracts,nfl_contract_history_event_weights_by_origin.csv,nfl_contract_history_event_weights_by_origin,weight_distribution,44,nfl_contract_history_event_weights_by_origin:44,"{""origin_bucket"":""standard_udfa"",""event_id"":""RELEASE_PRE_JUNE"",""relative_weight"":""0.32"",""allow_multiple"":""false"",""notes"":""Relative event eligibility, not guaranteed frequency.""}"
nfl_contracts,nfl_contract_history_event_weights_by_origin.csv,nfl_contract_history_event_weights_by_origin,weight_distribution,45,nfl_contract_history_event_weights_by_origin:45,"{""origin_bucket"":""standard_udfa"",""event_id"":""CONTRACT_EXPIRES"",""relative_weight"":""0.2"",""allow_multiple"":""false"",""notes"":""Relative event eligibility, not guaranteed frequency.""}"
nfl_contracts,nfl_contract_history_event_weights_by_origin.csv,nfl_contract_history_event_weights_by_origin,weight_distribution,46,nfl_contract_history_event_weights_by_origin:46,"{""origin_bucket"":""veteran_free_agent"",""event_id"":""VETERAN_FA_SIGN"",""relative_weight"":""1.0"",""allow_multiple"":""false"",""notes"":""Relative event eligibility, not guaranteed frequency.""}"
nfl_contracts,nfl_contract_history_event_weights_by_origin.csv,nfl_contract_history_event_weights_by_origin,weight_distribution,47,nfl_contract_history_event_weights_by_origin:47,"{""origin_bucket"":""veteran_free_agent"",""event_id"":""RESTRUCTURE_SIMPLE"",""relative_weight"":""0.18"",""allow_multiple"":""true"",""notes"":""Relative event eligibility, not guaranteed frequency.""}"
nfl_contracts,nfl_contract_history_event_weights_by_origin.csv,nfl_contract_history_event_weights_by_origin,weight_distribution,48,nfl_contract_history_event_weights_by_origin:48,"{""origin_bucket"":""veteran_free_agent"",""event_id"":""PAY_CUT"",""relative_weight"":""0.16"",""allow_multiple"":""false"",""notes"":""Relative event eligibility, not guaranteed frequency.""}"
nfl_contracts,nfl_contract_history_event_weights_by_origin.csv,nfl_contract_history_event_weights_by_origin,weight_distribution,49,nfl_contract_history_event_weights_by_origin:49,"{""origin_bucket"":""veteran_free_agent"",""event_id"":""ROSTER_BONUS_TRIGGER"",""relative_weight"":""0.12"",""allow_multiple"":""true"",""notes"":""Relative event eligibility, not guaranteed frequency.""}"
nfl_contracts,nfl_contract_history_event_weights_by_origin.csv,nfl_contract_history_event_weights_by_origin,weight_distribution,50,nfl_contract_history_event_weights_by_origin:50,"{""origin_bucket"":""veteran_free_agent"",""event_id"":""TRADE"",""relative_weight"":""0.06"",""allow_multiple"":""false"",""notes"":""Relative event eligibility, not guaranteed frequency.""}"
nfl_contracts,nfl_contract_history_event_weights_by_origin.csv,nfl_contract_history_event_weights_by_origin,weight_distribution,51,nfl_contract_history_event_weights_by_origin:51,"{""origin_bucket"":""veteran_free_agent"",""event_id"":""RELEASE_PRE_JUNE"",""relative_weight"":""0.18"",""allow_multiple"":""false"",""notes"":""Relative event eligibility, not guaranteed frequency.""}"
nfl_contracts,nfl_contract_history_event_weights_by_origin.csv,nfl_contract_history_event_weights_by_origin,weight_distribution,52,nfl_contract_history_event_weights_by_origin:52,"{""origin_bucket"":""veteran_free_agent"",""event_id"":""RELEASE_POST_JUNE"",""relative_weight"":""0.08"",""allow_multiple"":""false"",""notes"":""Relative event eligibility, not guaranteed frequency.""}"
nfl_contracts,nfl_contract_history_event_weights_by_origin.csv,nfl_contract_history_event_weights_by_origin,weight_distribution,53,nfl_contract_history_event_weights_by_origin:53,"{""origin_bucket"":""veteran_free_agent"",""event_id"":""CONTRACT_EXPIRES"",""relative_weight"":""0.24"",""allow_multiple"":""false"",""notes"":""Relative event eligibility, not guaranteed frequency.""}"
nfl_contracts,nfl_contract_history_event_weights_by_origin.csv,nfl_contract_history_event_weights_by_origin,weight_distribution,54,nfl_contract_history_event_weights_by_origin:54,"{""origin_bucket"":""veteran_free_agent"",""event_id"":""COMP_PICK_QUALIFYING_LOSS"",""relative_weight"":""0.08"",""allow_multiple"":""false"",""notes"":""Relative event eligibility, not guaranteed frequency.""}"
nfl_contracts,nfl_contract_history_event_weights_by_origin.csv,nfl_contract_history_event_weights_by_origin,weight_distribution,55,nfl_contract_history_event_weights_by_origin:55,"{""origin_bucket"":""practice_squad_origin"",""event_id"":""PS_SIGN"",""relative_weight"":""1.0"",""allow_multiple"":""true"",""notes"":""Relative event eligibility, not guaranteed frequency.""}"
nfl_contracts,nfl_contract_history_event_weights_by_origin.csv,nfl_contract_history_event_weights_by_origin,weight_distribution,56,nfl_contract_history_event_weights_by_origin:56,"{""origin_bucket"":""practice_squad_origin"",""event_id"":""RESERVE_FUTURE_SIGN"",""relative_weight"":""0.35"",""allow_multiple"":""false"",""notes"":""Relative event eligibility, not guaranteed frequency.""}"
nfl_contracts,nfl_contract_history_event_weights_by_origin.csv,nfl_contract_history_event_weights_by_origin,weight_distribution,57,nfl_contract_history_event_weights_by_origin:57,"{""origin_bucket"":""practice_squad_origin"",""event_id"":""ACTIVE_PROMOTION"",""relative_weight"":""0.16"",""allow_multiple"":""true"",""notes"":""Relative event eligibility, not guaranteed frequency.""}"
nfl_contracts,nfl_contract_history_event_weights_by_origin.csv,nfl_contract_history_event_weights_by_origin,weight_distribution,58,nfl_contract_history_event_weights_by_origin:58,"{""origin_bucket"":""practice_squad_origin"",""event_id"":""WAIVER_CLAIM"",""relative_weight"":""0.08"",""allow_multiple"":""false"",""notes"":""Relative event eligibility, not guaranteed frequency.""}"
nfl_contracts,nfl_contract_history_event_weights_by_origin.csv,nfl_contract_history_event_weights_by_origin,weight_distribution,59,nfl_contract_history_event_weights_by_origin:59,"{""origin_bucket"":""practice_squad_origin"",""event_id"":""UDFA_SIGN"",""relative_weight"":""0.4"",""allow_multiple"":""false"",""notes"":""Relative event eligibility, not guaranteed frequency.""}"
nfl_contracts,nfl_contract_history_event_weights_by_origin.csv,nfl_contract_history_event_weights_by_origin,weight_distribution,60,nfl_contract_history_event_weights_by_origin:60,"{""origin_bucket"":""practice_squad_origin"",""event_id"":""RELEASE_PRE_JUNE"",""relative_weight"":""0.25"",""allow_multiple"":""false"",""notes"":""Relative event eligibility, not guaranteed frequency.""}"
nfl_contracts,nfl_contract_history_event_weights_by_origin.csv,nfl_contract_history_event_weights_by_origin,weight_distribution,61,nfl_contract_history_event_weights_by_origin:61,"{""origin_bucket"":""practice_squad_origin"",""event_id"":""CONTRACT_EXPIRES"",""relative_weight"":""0.15"",""allow_multiple"":""false"",""notes"":""Relative event eligibility, not guaranteed frequency.""}"
nfl_contracts,nfl_contract_history_extension_rules.csv,nfl_contract_history_extension_rules,rule,1,QB,"{""position_group"":""QB"",""role_tier"":""superstar"",""extension_likelihood_weight"":""3.04"",""years_min"":""4"",""years_max"":""6"",""guarantee_pct_min"":""0.37"",""guarantee_pct_max"":""0.63"",""signing_bonus_pct_min"":""0.18"",""signing_bonus_pct_max"":""0.38"",""notes"":""Used when backfilling extensions for Year Zero veterans.""}"
nfl_contracts,nfl_contract_history_extension_rules.csv,nfl_contract_history_extension_rules,rule,2,QB,"{""position_group"":""QB"",""role_tier"":""plus_starter"",""extension_likelihood_weight"":""2.375"",""years_min"":""4"",""years_max"":""6"",""guarantee_pct_min"":""0.33"",""guarantee_pct_max"":""0.59"",""signing_bonus_pct_min"":""0.18"",""signing_bonus_pct_max"":""0.38"",""notes"":""Used when backfilling extensions for Year Zero veterans.""}"
nfl_contracts,nfl_contract_history_extension_rules.csv,nfl_contract_history_extension_rules,rule,3,QB,"{""position_group"":""QB"",""role_tier"":""starter"",""extension_likelihood_weight"":""1.9"",""years_min"":""3"",""years_max"":""4"",""guarantee_pct_min"":""0.3"",""guarantee_pct_max"":""0.54"",""signing_bonus_pct_min"":""0.18"",""signing_bonus_pct_max"":""0.26"",""notes"":""Used when backfilling extensions for Year Zero veterans.""}"
nfl_contracts,nfl_contract_history_extension_rules.csv,nfl_contract_history_extension_rules,rule,4,QB,"{""position_group"":""QB"",""role_tier"":""rotation"",""extension_likelihood_weight"":""1.102"",""years_min"":""1"",""years_max"":""2"",""guarantee_pct_min"":""0.25"",""guarantee_pct_max"":""0.45"",""signing_bonus_pct_min"":""0.18"",""signing_bonus_pct_max"":""0.14"",""notes"":""Used when backfilling extensions for Year Zero veterans.""}"
nfl_contracts,nfl_contract_history_extension_rules.csv,nfl_contract_history_extension_rules,rule,5,QB,"{""position_group"":""QB"",""role_tier"":""depth"",""extension_likelihood_weight"":""0.532"",""years_min"":""1"",""years_max"":""2"",""guarantee_pct_min"":""0.21"",""guarantee_pct_max"":""0.38"",""signing_bonus_pct_min"":""0.05"",""signing_bonus_pct_max"":""0.14"",""notes"":""Used when backfilling extensions for Year Zero veterans.""}"
nfl_contracts,nfl_contract_history_extension_rules.csv,nfl_contract_history_extension_rules,rule,6,RB,"{""position_group"":""RB"",""role_tier"":""superstar"",""extension_likelihood_weight"":""1.12"",""years_min"":""3"",""years_max"":""5"",""guarantee_pct_min"":""0.37"",""guarantee_pct_max"":""0.63"",""signing_bonus_pct_min"":""0.18"",""signing_bonus_pct_max"":""0.38"",""notes"":""Used when backfilling extensions for Year Zero veterans.""}"
nfl_contracts,nfl_contract_history_extension_rules.csv,nfl_contract_history_extension_rules,rule,7,RB,"{""position_group"":""RB"",""role_tier"":""plus_starter"",""extension_likelihood_weight"":""0.875"",""years_min"":""3"",""years_max"":""5"",""guarantee_pct_min"":""0.33"",""guarantee_pct_max"":""0.59"",""signing_bonus_pct_min"":""0.18"",""signing_bonus_pct_max"":""0.38"",""notes"":""Used when backfilling extensions for Year Zero veterans.""}"
nfl_contracts,nfl_contract_history_extension_rules.csv,nfl_contract_history_extension_rules,rule,8,RB,"{""position_group"":""RB"",""role_tier"":""starter"",""extension_likelihood_weight"":""0.7"",""years_min"":""3"",""years_max"":""4"",""guarantee_pct_min"":""0.3"",""guarantee_pct_max"":""0.54"",""signing_bonus_pct_min"":""0.18"",""signing_bonus_pct_max"":""0.26"",""notes"":""Used when backfilling extensions for Year Zero veterans.""}"
nfl_contracts,nfl_contract_history_extension_rules.csv,nfl_contract_history_extension_rules,rule,9,RB,"{""position_group"":""RB"",""role_tier"":""rotation"",""extension_likelihood_weight"":""0.406"",""years_min"":""1"",""years_max"":""2"",""guarantee_pct_min"":""0.25"",""guarantee_pct_max"":""0.45"",""signing_bonus_pct_min"":""0.18"",""signing_bonus_pct_max"":""0.14"",""notes"":""Used when backfilling extensions for Year Zero veterans.""}"
nfl_contracts,nfl_contract_history_extension_rules.csv,nfl_contract_history_extension_rules,rule,10,RB,"{""position_group"":""RB"",""role_tier"":""depth"",""extension_likelihood_weight"":""0.196"",""years_min"":""1"",""years_max"":""2"",""guarantee_pct_min"":""0.21"",""guarantee_pct_max"":""0.38"",""signing_bonus_pct_min"":""0.05"",""signing_bonus_pct_max"":""0.14"",""notes"":""Used when backfilling extensions for Year Zero veterans.""}"
nfl_contracts,nfl_contract_history_extension_rules.csv,nfl_contract_history_extension_rules,rule,11,WR,"{""position_group"":""WR"",""role_tier"":""superstar"",""extension_likelihood_weight"":""2.0"",""years_min"":""4"",""years_max"":""5"",""guarantee_pct_min"":""0.37"",""guarantee_pct_max"":""0.63"",""signing_bonus_pct_min"":""0.18"",""signing_bonus_pct_max"":""0.38"",""notes"":""Used when backfilling extensions for Year Zero veterans.""}"
nfl_contracts,nfl_contract_history_extension_rules.csv,nfl_contract_history_extension_rules,rule,12,WR,"{""position_group"":""WR"",""role_tier"":""plus_starter"",""extension_likelihood_weight"":""1.562"",""years_min"":""4"",""years_max"":""5"",""guarantee_pct_min"":""0.33"",""guarantee_pct_max"":""0.59"",""signing_bonus_pct_min"":""0.18"",""signing_bonus_pct_max"":""0.38"",""notes"":""Used when backfilling extensions for Year Zero veterans.""}"
nfl_contracts,nfl_contract_history_extension_rules.csv,nfl_contract_history_extension_rules,rule,13,WR,"{""position_group"":""WR"",""role_tier"":""starter"",""extension_likelihood_weight"":""1.25"",""years_min"":""3"",""years_max"":""4"",""guarantee_pct_min"":""0.3"",""guarantee_pct_max"":""0.54"",""signing_bonus_pct_min"":""0.18"",""signing_bonus_pct_max"":""0.26"",""notes"":""Used when backfilling extensions for Year Zero veterans.""}"
nfl_contracts,nfl_contract_history_extension_rules.csv,nfl_contract_history_extension_rules,rule,14,WR,"{""position_group"":""WR"",""role_tier"":""rotation"",""extension_likelihood_weight"":""0.725"",""years_min"":""1"",""years_max"":""2"",""guarantee_pct_min"":""0.25"",""guarantee_pct_max"":""0.45"",""signing_bonus_pct_min"":""0.18"",""signing_bonus_pct_max"":""0.14"",""notes"":""Used when backfilling extensions for Year Zero veterans.""}"
nfl_contracts,nfl_contract_history_extension_rules.csv,nfl_contract_history_extension_rules,rule,15,WR,"{""position_group"":""WR"",""role_tier"":""depth"",""extension_likelihood_weight"":""0.35"",""years_min"":""1"",""years_max"":""2"",""guarantee_pct_min"":""0.21"",""guarantee_pct_max"":""0.38"",""signing_bonus_pct_min"":""0.05"",""signing_bonus_pct_max"":""0.14"",""notes"":""Used when backfilling extensions for Year Zero veterans.""}"
nfl_contracts,nfl_contract_history_extension_rules.csv,nfl_contract_history_extension_rules,rule,16,TE,"{""position_group"":""TE"",""role_tier"":""superstar"",""extension_likelihood_weight"":""1.408"",""years_min"":""4"",""years_max"":""5"",""guarantee_pct_min"":""0.37"",""guarantee_pct_max"":""0.63"",""signing_bonus_pct_min"":""0.18"",""signing_bonus_pct_max"":""0.38"",""notes"":""Used when backfilling extensions for Year Zero veterans.""}"
nfl_contracts,nfl_contract_history_extension_rules.csv,nfl_contract_history_extension_rules,rule,17,TE,"{""position_group"":""TE"",""role_tier"":""plus_starter"",""extension_likelihood_weight"":""1.1"",""years_min"":""4"",""years_max"":""5"",""guarantee_pct_min"":""0.33"",""guarantee_pct_max"":""0.59"",""signing_bonus_pct_min"":""0.18"",""signing_bonus_pct_max"":""0.38"",""notes"":""Used when backfilling extensions for Year Zero veterans.""}"
nfl_contracts,nfl_contract_history_extension_rules.csv,nfl_contract_history_extension_rules,rule,18,TE,"{""position_group"":""TE"",""role_tier"":""starter"",""extension_likelihood_weight"":""0.88"",""years_min"":""3"",""years_max"":""4"",""guarantee_pct_min"":""0.3"",""guarantee_pct_max"":""0.54"",""signing_bonus_pct_min"":""0.18"",""signing_bonus_pct_max"":""0.26"",""notes"":""Used when backfilling extensions for Year Zero veterans.""}"
nfl_contracts,nfl_contract_history_extension_rules.csv,nfl_contract_history_extension_rules,rule,19,TE,"{""position_group"":""TE"",""role_tier"":""rotation"",""extension_likelihood_weight"":""0.51"",""years_min"":""1"",""years_max"":""2"",""guarantee_pct_min"":""0.25"",""guarantee_pct_max"":""0.45"",""signing_bonus_pct_min"":""0.18"",""signing_bonus_pct_max"":""0.14"",""notes"":""Used when backfilling extensions for Year Zero veterans.""}"
nfl_contracts,nfl_contract_history_extension_rules.csv,nfl_contract_history_extension_rules,rule,20,TE,"{""position_group"":""TE"",""role_tier"":""depth"",""extension_likelihood_weight"":""0.246"",""years_min"":""1"",""years_max"":""2"",""guarantee_pct_min"":""0.21"",""guarantee_pct_max"":""0.38"",""signing_bonus_pct_min"":""0.05"",""signing_bonus_pct_max"":""0.14"",""notes"":""Used when backfilling extensions for Year Zero veterans.""}"
nfl_contracts,nfl_contract_history_extension_rules.csv,nfl_contract_history_extension_rules,rule,21,OL,"{""position_group"":""OL"",""role_tier"":""superstar"",""extension_likelihood_weight"":""1.76"",""years_min"":""4"",""years_max"":""5"",""guarantee_pct_min"":""0.37"",""guarantee_pct_max"":""0.63"",""signing_bonus_pct_min"":""0.18"",""signing_bonus_pct_max"":""0.38"",""notes"":""Used when backfilling extensions for Year Zero veterans.""}"
nfl_contracts,nfl_contract_history_extension_rules.csv,nfl_contract_history_extension_rules,rule,22,OL,"{""position_group"":""OL"",""role_tier"":""plus_starter"",""extension_likelihood_weight"":""1.375"",""years_min"":""4"",""years_max"":""5"",""guarantee_pct_min"":""0.33"",""guarantee_pct_max"":""0.59"",""signing_bonus_pct_min"":""0.18"",""signing_bonus_pct_max"":""0.38"",""notes"":""Used when backfilling extensions for Year Zero veterans.""}"
nfl_contracts,nfl_contract_history_extension_rules.csv,nfl_contract_history_extension_rules,rule,23,OL,"{""position_group"":""OL"",""role_tier"":""starter"",""extension_likelihood_weight"":""1.1"",""years_min"":""3"",""years_max"":""4"",""guarantee_pct_min"":""0.3"",""guarantee_pct_max"":""0.54"",""signing_bonus_pct_min"":""0.18"",""signing_bonus_pct_max"":""0.26"",""notes"":""Used when backfilling extensions for Year Zero veterans.""}"
nfl_contracts,nfl_contract_history_extension_rules.csv,nfl_contract_history_extension_rules,rule,24,OL,"{""position_group"":""OL"",""role_tier"":""rotation"",""extension_likelihood_weight"":""0.638"",""years_min"":""1"",""years_max"":""2"",""guarantee_pct_min"":""0.25"",""guarantee_pct_max"":""0.45"",""signing_bonus_pct_min"":""0.18"",""signing_bonus_pct_max"":""0.14"",""notes"":""Used when backfilling extensions for Year Zero veterans.""}"
nfl_contracts,nfl_contract_history_extension_rules.csv,nfl_contract_history_extension_rules,rule,25,OL,"{""position_group"":""OL"",""role_tier"":""depth"",""extension_likelihood_weight"":""0.308"",""years_min"":""1"",""years_max"":""2"",""guarantee_pct_min"":""0.21"",""guarantee_pct_max"":""0.38"",""signing_bonus_pct_min"":""0.05"",""signing_bonus_pct_max"":""0.14"",""notes"":""Used when backfilling extensions for Year Zero veterans.""}"
nfl_contracts,nfl_contract_history_extension_rules.csv,nfl_contract_history_extension_rules,rule,26,EDGE,"{""position_group"":""EDGE"",""role_tier"":""superstar"",""extension_likelihood_weight"":""2.16"",""years_min"":""4"",""years_max"":""5"",""guarantee_pct_min"":""0.37"",""guarantee_pct_max"":""0.63"",""signing_bonus_pct_min"":""0.18"",""signing_bonus_pct_max"":""0.38"",""notes"":""Used when backfilling extensions for Year Zero veterans.""}"
nfl_contracts,nfl_contract_history_extension_rules.csv,nfl_contract_history_extension_rules,rule,27,EDGE,"{""position_group"":""EDGE"",""role_tier"":""plus_starter"",""extension_likelihood_weight"":""1.688"",""years_min"":""4"",""years_max"":""5"",""guarantee_pct_min"":""0.33"",""guarantee_pct_max"":""0.59"",""signing_bonus_pct_min"":""0.18"",""signing_bonus_pct_max"":""0.38"",""notes"":""Used when backfilling extensions for Year Zero veterans.""}"
nfl_contracts,nfl_contract_history_extension_rules.csv,nfl_contract_history_extension_rules,rule,28,EDGE,"{""position_group"":""EDGE"",""role_tier"":""starter"",""extension_likelihood_weight"":""1.35"",""years_min"":""3"",""years_max"":""4"",""guarantee_pct_min"":""0.3"",""guarantee_pct_max"":""0.54"",""signing_bonus_pct_min"":""0.18"",""signing_bonus_pct_max"":""0.26"",""notes"":""Used when backfilling extensions for Year Zero veterans.""}"
nfl_contracts,nfl_contract_history_extension_rules.csv,nfl_contract_history_extension_rules,rule,29,EDGE,"{""position_group"":""EDGE"",""role_tier"":""rotation"",""extension_likelihood_weight"":""0.783"",""years_min"":""1"",""years_max"":""2"",""guarantee_pct_min"":""0.25"",""guarantee_pct_max"":""0.45"",""signing_bonus_pct_min"":""0.18"",""signing_bonus_pct_max"":""0.14"",""notes"":""Used when backfilling extensions for Year Zero veterans.""}"
nfl_contracts,nfl_contract_history_extension_rules.csv,nfl_contract_history_extension_rules,rule,30,EDGE,"{""position_group"":""EDGE"",""role_tier"":""depth"",""extension_likelihood_weight"":""0.378"",""years_min"":""1"",""years_max"":""2"",""guarantee_pct_min"":""0.21"",""guarantee_pct_max"":""0.38"",""signing_bonus_pct_min"":""0.05"",""signing_bonus_pct_max"":""0.14"",""notes"":""Used when backfilling extensions for Year Zero veterans.""}"
nfl_contracts,nfl_contract_history_extension_rules.csv,nfl_contract_history_extension_rules,rule,31,DL,"{""position_group"":""DL"",""role_tier"":""superstar"",""extension_likelihood_weight"":""1.68"",""years_min"":""4"",""years_max"":""5"",""guarantee_pct_min"":""0.37"",""guarantee_pct_max"":""0.63"",""signing_bonus_pct_min"":""0.18"",""signing_bonus_pct_max"":""0.38"",""notes"":""Used when backfilling extensions for Year Zero veterans.""}"
nfl_contracts,nfl_contract_history_extension_rules.csv,nfl_contract_history_extension_rules,rule,32,DL,"{""position_group"":""DL"",""role_tier"":""plus_starter"",""extension_likelihood_weight"":""1.312"",""years_min"":""4"",""years_max"":""5"",""guarantee_pct_min"":""0.33"",""guarantee_pct_max"":""0.59"",""signing_bonus_pct_min"":""0.18"",""signing_bonus_pct_max"":""0.38"",""notes"":""Used when backfilling extensions for Year Zero veterans.""}"
nfl_contracts,nfl_contract_history_extension_rules.csv,nfl_contract_history_extension_rules,rule,33,DL,"{""position_group"":""DL"",""role_tier"":""starter"",""extension_likelihood_weight"":""1.05"",""years_min"":""3"",""years_max"":""4"",""guarantee_pct_min"":""0.3"",""guarantee_pct_max"":""0.54"",""signing_bonus_pct_min"":""0.18"",""signing_bonus_pct_max"":""0.26"",""notes"":""Used when backfilling extensions for Year Zero veterans.""}"
nfl_contracts,nfl_contract_history_extension_rules.csv,nfl_contract_history_extension_rules,rule,34,DL,"{""position_group"":""DL"",""role_tier"":""rotation"",""extension_likelihood_weight"":""0.609"",""years_min"":""1"",""years_max"":""2"",""guarantee_pct_min"":""0.25"",""guarantee_pct_max"":""0.45"",""signing_bonus_pct_min"":""0.18"",""signing_bonus_pct_max"":""0.14"",""notes"":""Used when backfilling extensions for Year Zero veterans.""}"
nfl_contracts,nfl_contract_history_extension_rules.csv,nfl_contract_history_extension_rules,rule,35,DL,"{""position_group"":""DL"",""role_tier"":""depth"",""extension_likelihood_weight"":""0.294"",""years_min"":""1"",""years_max"":""2"",""guarantee_pct_min"":""0.21"",""guarantee_pct_max"":""0.38"",""signing_bonus_pct_min"":""0.05"",""signing_bonus_pct_max"":""0.14"",""notes"":""Used when backfilling extensions for Year Zero veterans.""}"
nfl_contracts,nfl_contract_history_extension_rules.csv,nfl_contract_history_extension_rules,rule,36,LB,"{""position_group"":""LB"",""role_tier"":""superstar"",""extension_likelihood_weight"":""1.28"",""years_min"":""4"",""years_max"":""5"",""guarantee_pct_min"":""0.37"",""guarantee_pct_max"":""0.63"",""signing_bonus_pct_min"":""0.18"",""signing_bonus_pct_max"":""0.38"",""notes"":""Used when backfilling extensions for Year Zero veterans.""}"
nfl_contracts,nfl_contract_history_extension_rules.csv,nfl_contract_history_extension_rules,rule,37,LB,"{""position_group"":""LB"",""role_tier"":""plus_starter"",""extension_likelihood_weight"":""1.0"",""years_min"":""4"",""years_max"":""5"",""guarantee_pct_min"":""0.33"",""guarantee_pct_max"":""0.59"",""signing_bonus_pct_min"":""0.18"",""signing_bonus_pct_max"":""0.38"",""notes"":""Used when backfilling extensions for Year Zero veterans.""}"
nfl_contracts,nfl_contract_history_extension_rules.csv,nfl_contract_history_extension_rules,rule,38,LB,"{""position_group"":""LB"",""role_tier"":""starter"",""extension_likelihood_weight"":""0.8"",""years_min"":""3"",""years_max"":""4"",""guarantee_pct_min"":""0.3"",""guarantee_pct_max"":""0.54"",""signing_bonus_pct_min"":""0.18"",""signing_bonus_pct_max"":""0.26"",""notes"":""Used when backfilling extensions for Year Zero veterans.""}"
nfl_contracts,nfl_contract_history_extension_rules.csv,nfl_contract_history_extension_rules,rule,39,LB,"{""position_group"":""LB"",""role_tier"":""rotation"",""extension_likelihood_weight"":""0.464"",""years_min"":""1"",""years_max"":""2"",""guarantee_pct_min"":""0.25"",""guarantee_pct_max"":""0.45"",""signing_bonus_pct_min"":""0.18"",""signing_bonus_pct_max"":""0.14"",""notes"":""Used when backfilling extensions for Year Zero veterans.""}"
nfl_contracts,nfl_contract_history_extension_rules.csv,nfl_contract_history_extension_rules,rule,40,LB,"{""position_group"":""LB"",""role_tier"":""depth"",""extension_likelihood_weight"":""0.224"",""years_min"":""1"",""years_max"":""2"",""guarantee_pct_min"":""0.21"",""guarantee_pct_max"":""0.38"",""signing_bonus_pct_min"":""0.05"",""signing_bonus_pct_max"":""0.14"",""notes"":""Used when backfilling extensions for Year Zero veterans.""}"
nfl_contracts,nfl_contract_history_extension_rules.csv,nfl_contract_history_extension_rules,rule,41,CB,"{""position_group"":""CB"",""role_tier"":""superstar"",""extension_likelihood_weight"":""1.888"",""years_min"":""4"",""years_max"":""5"",""guarantee_pct_min"":""0.37"",""guarantee_pct_max"":""0.63"",""signing_bonus_pct_min"":""0.18"",""signing_bonus_pct_max"":""0.38"",""notes"":""Used when backfilling extensions for Year Zero veterans.""}"
nfl_contracts,nfl_contract_history_extension_rules.csv,nfl_contract_history_extension_rules,rule,42,CB,"{""position_group"":""CB"",""role_tier"":""plus_starter"",""extension_likelihood_weight"":""1.475"",""years_min"":""4"",""years_max"":""5"",""guarantee_pct_min"":""0.33"",""guarantee_pct_max"":""0.59"",""signing_bonus_pct_min"":""0.18"",""signing_bonus_pct_max"":""0.38"",""notes"":""Used when backfilling extensions for Year Zero veterans.""}"
nfl_contracts,nfl_contract_history_extension_rules.csv,nfl_contract_history_extension_rules,rule,43,CB,"{""position_group"":""CB"",""role_tier"":""starter"",""extension_likelihood_weight"":""1.18"",""years_min"":""3"",""years_max"":""4"",""guarantee_pct_min"":""0.3"",""guarantee_pct_max"":""0.54"",""signing_bonus_pct_min"":""0.18"",""signing_bonus_pct_max"":""0.26"",""notes"":""Used when backfilling extensions for Year Zero veterans.""}"
nfl_contracts,nfl_contract_history_extension_rules.csv,nfl_contract_history_extension_rules,rule,44,CB,"{""position_group"":""CB"",""role_tier"":""rotation"",""extension_likelihood_weight"":""0.684"",""years_min"":""1"",""years_max"":""2"",""guarantee_pct_min"":""0.25"",""guarantee_pct_max"":""0.45"",""signing_bonus_pct_min"":""0.18"",""signing_bonus_pct_max"":""0.14"",""notes"":""Used when backfilling extensions for Year Zero veterans.""}"
nfl_contracts,nfl_contract_history_extension_rules.csv,nfl_contract_history_extension_rules,rule,45,CB,"{""position_group"":""CB"",""role_tier"":""depth"",""extension_likelihood_weight"":""0.33"",""years_min"":""1"",""years_max"":""2"",""guarantee_pct_min"":""0.21"",""guarantee_pct_max"":""0.38"",""signing_bonus_pct_min"":""0.05"",""signing_bonus_pct_max"":""0.14"",""notes"":""Used when backfilling extensions for Year Zero veterans.""}"
nfl_contracts,nfl_contract_history_extension_rules.csv,nfl_contract_history_extension_rules,rule,46,S,"{""position_group"":""S"",""role_tier"":""superstar"",""extension_likelihood_weight"":""1.312"",""years_min"":""4"",""years_max"":""5"",""guarantee_pct_min"":""0.37"",""guarantee_pct_max"":""0.63"",""signing_bonus_pct_min"":""0.18"",""signing_bonus_pct_max"":""0.38"",""notes"":""Used when backfilling extensions for Year Zero veterans.""}"
nfl_contracts,nfl_contract_history_extension_rules.csv,nfl_contract_history_extension_rules,rule,47,S,"{""position_group"":""S"",""role_tier"":""plus_starter"",""extension_likelihood_weight"":""1.025"",""years_min"":""4"",""years_max"":""5"",""guarantee_pct_min"":""0.33"",""guarantee_pct_max"":""0.59"",""signing_bonus_pct_min"":""0.18"",""signing_bonus_pct_max"":""0.38"",""notes"":""Used when backfilling extensions for Year Zero veterans.""}"
nfl_contracts,nfl_contract_history_extension_rules.csv,nfl_contract_history_extension_rules,rule,48,S,"{""position_group"":""S"",""role_tier"":""starter"",""extension_likelihood_weight"":""0.82"",""years_min"":""3"",""years_max"":""4"",""guarantee_pct_min"":""0.3"",""guarantee_pct_max"":""0.54"",""signing_bonus_pct_min"":""0.18"",""signing_bonus_pct_max"":""0.26"",""notes"":""Used when backfilling extensions for Year Zero veterans.""}"
nfl_contracts,nfl_contract_history_extension_rules.csv,nfl_contract_history_extension_rules,rule,49,S,"{""position_group"":""S"",""role_tier"":""rotation"",""extension_likelihood_weight"":""0.476"",""years_min"":""1"",""years_max"":""2"",""guarantee_pct_min"":""0.25"",""guarantee_pct_max"":""0.45"",""signing_bonus_pct_min"":""0.18"",""signing_bonus_pct_max"":""0.14"",""notes"":""Used when backfilling extensions for Year Zero veterans.""}"
nfl_contracts,nfl_contract_history_extension_rules.csv,nfl_contract_history_extension_rules,rule,50,S,"{""position_group"":""S"",""role_tier"":""depth"",""extension_likelihood_weight"":""0.23"",""years_min"":""1"",""years_max"":""2"",""guarantee_pct_min"":""0.21"",""guarantee_pct_max"":""0.38"",""signing_bonus_pct_min"":""0.05"",""signing_bonus_pct_max"":""0.14"",""notes"":""Used when backfilling extensions for Year Zero veterans.""}"
nfl_contracts,nfl_contract_history_extension_rules.csv,nfl_contract_history_extension_rules,rule,51,K,"{""position_group"":""K"",""role_tier"":""superstar"",""extension_likelihood_weight"":""0.72"",""years_min"":""4"",""years_max"":""5"",""guarantee_pct_min"":""0.37"",""guarantee_pct_max"":""0.63"",""signing_bonus_pct_min"":""0.18"",""signing_bonus_pct_max"":""0.38"",""notes"":""Used when backfilling extensions for Year Zero veterans.""}"
nfl_contracts,nfl_contract_history_extension_rules.csv,nfl_contract_history_extension_rules,rule,52,K,"{""position_group"":""K"",""role_tier"":""plus_starter"",""extension_likelihood_weight"":""0.562"",""years_min"":""4"",""years_max"":""5"",""guarantee_pct_min"":""0.33"",""guarantee_pct_max"":""0.59"",""signing_bonus_pct_min"":""0.18"",""signing_bonus_pct_max"":""0.38"",""notes"":""Used when backfilling extensions for Year Zero veterans.""}"
nfl_contracts,nfl_contract_history_extension_rules.csv,nfl_contract_history_extension_rules,rule,53,K,"{""position_group"":""K"",""role_tier"":""starter"",""extension_likelihood_weight"":""0.45"",""years_min"":""3"",""years_max"":""4"",""guarantee_pct_min"":""0.3"",""guarantee_pct_max"":""0.54"",""signing_bonus_pct_min"":""0.18"",""signing_bonus_pct_max"":""0.26"",""notes"":""Used when backfilling extensions for Year Zero veterans.""}"
nfl_contracts,nfl_contract_history_extension_rules.csv,nfl_contract_history_extension_rules,rule,54,K,"{""position_group"":""K"",""role_tier"":""rotation"",""extension_likelihood_weight"":""0.261"",""years_min"":""1"",""years_max"":""2"",""guarantee_pct_min"":""0.25"",""guarantee_pct_max"":""0.45"",""signing_bonus_pct_min"":""0.18"",""signing_bonus_pct_max"":""0.14"",""notes"":""Used when backfilling extensions for Year Zero veterans.""}"
nfl_contracts,nfl_contract_history_extension_rules.csv,nfl_contract_history_extension_rules,rule,55,K,"{""position_group"":""K"",""role_tier"":""depth"",""extension_likelihood_weight"":""0.126"",""years_min"":""1"",""years_max"":""2"",""guarantee_pct_min"":""0.21"",""guarantee_pct_max"":""0.38"",""signing_bonus_pct_min"":""0.05"",""signing_bonus_pct_max"":""0.14"",""notes"":""Used when backfilling extensions for Year Zero veterans.""}"
nfl_contracts,nfl_contract_history_extension_rules.csv,nfl_contract_history_extension_rules,rule,56,P,"{""position_group"":""P"",""role_tier"":""superstar"",""extension_likelihood_weight"":""0.64"",""years_min"":""4"",""years_max"":""5"",""guarantee_pct_min"":""0.37"",""guarantee_pct_max"":""0.63"",""signing_bonus_pct_min"":""0.18"",""signing_bonus_pct_max"":""0.38"",""notes"":""Used when backfilling extensions for Year Zero veterans.""}"
nfl_contracts,nfl_contract_history_extension_rules.csv,nfl_contract_history_extension_rules,rule,57,P,"{""position_group"":""P"",""role_tier"":""plus_starter"",""extension_likelihood_weight"":""0.5"",""years_min"":""4"",""years_max"":""5"",""guarantee_pct_min"":""0.33"",""guarantee_pct_max"":""0.59"",""signing_bonus_pct_min"":""0.18"",""signing_bonus_pct_max"":""0.38"",""notes"":""Used when backfilling extensions for Year Zero veterans.""}"
nfl_contracts,nfl_contract_history_extension_rules.csv,nfl_contract_history_extension_rules,rule,58,P,"{""position_group"":""P"",""role_tier"":""starter"",""extension_likelihood_weight"":""0.4"",""years_min"":""3"",""years_max"":""4"",""guarantee_pct_min"":""0.3"",""guarantee_pct_max"":""0.54"",""signing_bonus_pct_min"":""0.18"",""signing_bonus_pct_max"":""0.26"",""notes"":""Used when backfilling extensions for Year Zero veterans.""}"
nfl_contracts,nfl_contract_history_extension_rules.csv,nfl_contract_history_extension_rules,rule,59,P,"{""position_group"":""P"",""role_tier"":""rotation"",""extension_likelihood_weight"":""0.232"",""years_min"":""1"",""years_max"":""2"",""guarantee_pct_min"":""0.25"",""guarantee_pct_max"":""0.45"",""signing_bonus_pct_min"":""0.18"",""signing_bonus_pct_max"":""0.14"",""notes"":""Used when backfilling extensions for Year Zero veterans.""}"
nfl_contracts,nfl_contract_history_extension_rules.csv,nfl_contract_history_extension_rules,rule,60,P,"{""position_group"":""P"",""role_tier"":""depth"",""extension_likelihood_weight"":""0.112"",""years_min"":""1"",""years_max"":""2"",""guarantee_pct_min"":""0.21"",""guarantee_pct_max"":""0.38"",""signing_bonus_pct_min"":""0.05"",""signing_bonus_pct_max"":""0.14"",""notes"":""Used when backfilling extensions for Year Zero veterans.""}"
nfl_contracts,nfl_contract_history_generation_algorithm.csv,nfl_contract_history_generation_algorithm,algorithm,1,nfl_contract_history_generation_algorithm:1,"{""step_order"":""1"",""step_id"":""load_inputs"",""description"":""Load player origin, age, role, awards, injuries, team cap context, current contract shell."",""required"":""true""}"
nfl_contracts,nfl_contract_history_generation_algorithm.csv,nfl_contract_history_generation_algorithm,algorithm,2,nfl_contract_history_generation_algorithm:2,"{""step_order"":""2"",""step_id"":""select_path_template"",""description"":""Choose path template from origin bucket + role tier."",""required"":""true""}"
nfl_contracts,nfl_contract_history_generation_algorithm.csv,nfl_contract_history_generation_algorithm,algorithm,3,nfl_contract_history_generation_algorithm:3,"{""step_order"":""3"",""step_id"":""generate_base_contract_events"",""description"":""Guarantee required origin event such as ROOKIE_SIGN, UDFA_SIGN, or VETERAN_FA_SIGN."",""required"":""true""}"
nfl_contracts,nfl_contract_history_generation_algorithm.csv,nfl_contract_history_generation_algorithm,algorithm,4,nfl_contract_history_generation_algorithm:4,"{""step_order"":""4"",""step_id"":""add_timing"",""description"":""Place events on plausible league calendar dates using timing rules."",""required"":""true""}"
nfl_contracts,nfl_contract_history_generation_algorithm.csv,nfl_contract_history_generation_algorithm,algorithm,5,nfl_contract_history_generation_algorithm:5,"{""step_order"":""5"",""step_id"":""apply_player_value_modifiers"",""description"":""Modify extension/restructure/release odds from awards, injuries, position value, and age."",""required"":""true""}"
nfl_contracts,nfl_contract_history_generation_algorithm.csv,nfl_contract_history_generation_algorithm,algorithm,6,nfl_contract_history_generation_algorithm:6,"{""step_order"":""6"",""step_id"":""apply_team_cap_context"",""description"":""Increase restructures, releases, and void-year usage only for fictional cap contexts that allow them."",""required"":""true""}"
nfl_contracts,nfl_contract_history_generation_algorithm.csv,nfl_contract_history_generation_algorithm,algorithm,7,nfl_contract_history_generation_algorithm:7,"{""step_order"":""7"",""step_id"":""generate_cap_consequences"",""description"":""For each contract event generate cap hits, bonus proration, dead money, or future risk when relevant."",""required"":""true""}"
nfl_contracts,nfl_contract_history_generation_algorithm.csv,nfl_contract_history_generation_algorithm,algorithm,8,nfl_contract_history_generation_algorithm:8,"{""step_order"":""8"",""step_id"":""generate_rights_events"",""description"":""Apply tags, RFA/ERFA tenders, or fifth-year option events only when eligibility is valid."",""required"":""true""}"
nfl_contracts,nfl_contract_history_generation_algorithm.csv,nfl_contract_history_generation_algorithm,algorithm,9,nfl_contract_history_generation_algorithm:9,"{""step_order"":""9"",""step_id"":""generate_comp_pick_signals"",""description"":""Mark relevant UFA departures/signings for the simplified compensatory-pick ledger."",""required"":""true""}"
nfl_contracts,nfl_contract_history_generation_algorithm.csv,nfl_contract_history_generation_algorithm,algorithm,10,nfl_contract_history_generation_algorithm:10,"{""step_order"":""10"",""step_id"":""write_player_history"",""description"":""Write displayable history rows and narrative labels."",""required"":""true""}"
nfl_contracts,nfl_contract_history_generation_algorithm.csv,nfl_contract_history_generation_algorithm,algorithm,11,nfl_contract_history_generation_algorithm:11,"{""step_order"":""11"",""step_id"":""write_team_ledger"",""description"":""Write cap/dead-money/transaction ledger rows for team history."",""required"":""true""}"
nfl_contracts,nfl_contract_history_generation_algorithm.csv,nfl_contract_history_generation_algorithm,algorithm,12,nfl_contract_history_generation_algorithm:12,"{""step_order"":""12"",""step_id"":""validate"",""description"":""Run balance targets and reject impossible sequences."",""required"":""true""}"
nfl_contracts,nfl_contract_history_generation_examples.csv,nfl_contract_history_generation_examples,example,1,nfl_contract_history_generation_examples:1,"{""example_id"":""round1_qb_extension"",""origin_bucket"":""draft_round_1"",""role_tier"":""superstar"",""age"":""27"",""events"":""ROOKIE_SIGN;OPTION_EXERCISED;EXTENSION_SIGN;RESTRUCTURE_SIMPLE"",""expected_result"":""Franchise QB with large extension and later cap restructure.""}"
nfl_contracts,nfl_contract_history_generation_examples.csv,nfl_contract_history_generation_examples,example,2,nfl_contract_history_generation_examples:2,"{""example_id"":""round2_edge_walk"",""origin_bucket"":""draft_round_2"",""role_tier"":""starter"",""age"":""26"",""events"":""ROOKIE_SIGN;CONTRACT_EXPIRES;VETERAN_FA_SIGN;COMP_PICK_QUALIFYING_LOSS"",""expected_result"":""Second-round EDGE reaches UFA and creates comp-pick signal.""}"
nfl_contracts,nfl_contract_history_generation_examples.csv,nfl_contract_history_generation_examples,example,3,nfl_contract_history_generation_examples:3,"{""example_id"":""day3_depth_churn"",""origin_bucket"":""draft_day3"",""role_tier"":""depth"",""age"":""25"",""events"":""ROOKIE_SIGN;RELEASE_PRE_JUNE;WAIVER_CLAIM;VETERAN_FA_SIGN"",""expected_result"":""Day 3 player moves around league as depth.""}"
nfl_contracts,nfl_contract_history_generation_examples.csv,nfl_contract_history_generation_examples,example,4,nfl_contract_history_generation_examples:4,"{""example_id"":""udfa_ps_success"",""origin_bucket"":""priority_udfa"",""role_tier"":""rotation"",""age"":""24"",""events"":""UDFA_SIGN;PS_SIGN;ACTIVE_PROMOTION;EXTENSION_SIGN"",""expected_result"":""Priority UDFA develops into rotation player.""}"
nfl_contracts,nfl_contract_history_generation_examples.csv,nfl_contract_history_generation_examples,example,5,nfl_contract_history_generation_examples:5,"{""example_id"":""older_vet_paycut"",""origin_bucket"":""veteran_free_agent"",""role_tier"":""rotation"",""age"":""34"",""events"":""VETERAN_FA_SIGN;PAY_CUT;ROSTER_BONUS_TRIGGER;RELEASE_POST_JUNE"",""expected_result"":""Older veteran survives one year then becomes cap casualty.""}"
nfl_contracts,nfl_contract_history_generation_examples.csv,nfl_contract_history_generation_examples,example,6,nfl_contract_history_generation_examples:6,"{""example_id"":""tag_then_extension"",""origin_bucket"":""draft_round_1"",""role_tier"":""plus_starter"",""age"":""26"",""events"":""ROOKIE_SIGN;OPTION_DECLINED;FRANCHISE_TAG;EXTENSION_SIGN"",""expected_result"":""Tag bridges team to long-term extension.""}"
nfl_contracts,nfl_contract_history_generation_rules.csv,nfl_contract_history_generation_rules,rule,1,nfl_contract_history_generation_rules:1,"{""history_type"":""drafted_rookie_contract"",""description"":""drafted rookie signed initial slot contract"",""base_weight"":""0.18"",""visible_in_player_history"":""yes"",""affects_current_rating"":""mostly_no"",""affects_contract_generation"":""yes"",""notes"":""Weights should be adjusted by player age, role tier, draft source, and roster pool.""}"
nfl_contracts,nfl_contract_history_generation_rules.csv,nfl_contract_history_generation_rules,rule,2,nfl_contract_history_generation_rules:2,"{""history_type"":""rookie_deal_midstream"",""description"":""player still on rookie contract with remaining years"",""base_weight"":""0.2"",""visible_in_player_history"":""yes"",""affects_current_rating"":""mostly_no"",""affects_contract_generation"":""yes"",""notes"":""Weights should be adjusted by player age, role tier, draft source, and roster pool.""}"
nfl_contracts,nfl_contract_history_generation_rules.csv,nfl_contract_history_generation_rules,rule,3,nfl_contract_history_generation_rules:3,"{""history_type"":""fifth_year_option_exercised"",""description"":""former first-round player on option year or option history"",""base_weight"":""0.03"",""visible_in_player_history"":""yes"",""affects_current_rating"":""mostly_no"",""affects_contract_generation"":""yes"",""notes"":""Weights should be adjusted by player age, role tier, draft source, and roster pool.""}"
nfl_contracts,nfl_contract_history_generation_rules.csv,nfl_contract_history_generation_rules,rule,4,nfl_contract_history_generation_rules:4,"{""history_type"":""early_extension"",""description"":""team extended player before free agency"",""base_weight"":""0.08"",""visible_in_player_history"":""yes"",""affects_current_rating"":""mostly_no"",""affects_contract_generation"":""yes"",""notes"":""Weights should be adjusted by player age, role tier, draft source, and roster pool.""}"
nfl_contracts,nfl_contract_history_generation_rules.csv,nfl_contract_history_generation_rules,rule,5,nfl_contract_history_generation_rules:5,"{""history_type"":""second_contract_home_team"",""description"":""player signed second deal with drafting team"",""base_weight"":""0.1"",""visible_in_player_history"":""yes"",""affects_current_rating"":""mostly_no"",""affects_contract_generation"":""yes"",""notes"":""Weights should be adjusted by player age, role tier, draft source, and roster pool.""}"
nfl_contracts,nfl_contract_history_generation_rules.csv,nfl_contract_history_generation_rules,rule,6,nfl_contract_history_generation_rules:6,"{""history_type"":""ufa_signing_from_other_team"",""description"":""player changed teams in free agency"",""base_weight"":""0.12"",""visible_in_player_history"":""yes"",""affects_current_rating"":""mostly_no"",""affects_contract_generation"":""yes"",""notes"":""Weights should be adjusted by player age, role tier, draft source, and roster pool.""}"
nfl_contracts,nfl_contract_history_generation_rules.csv,nfl_contract_history_generation_rules,rule,7,nfl_contract_history_generation_rules:7,"{""history_type"":""cap_casualty_restructured"",""description"":""player had restructure or was released for cap reasons"",""base_weight"":""0.05"",""visible_in_player_history"":""yes"",""affects_current_rating"":""mostly_no"",""affects_contract_generation"":""yes"",""notes"":""Weights should be adjusted by player age, role tier, draft source, and roster pool.""}"
nfl_contracts,nfl_contract_history_generation_rules.csv,nfl_contract_history_generation_rules,rule,8,nfl_contract_history_generation_rules:8,"{""history_type"":""one_year_prove_it"",""description"":""short deal after injury/decline/role uncertainty"",""base_weight"":""0.08"",""visible_in_player_history"":""yes"",""affects_current_rating"":""mostly_no"",""affects_contract_generation"":""yes"",""notes"":""Weights should be adjusted by player age, role tier, draft source, and roster pool.""}"
nfl_contracts,nfl_contract_history_generation_rules.csv,nfl_contract_history_generation_rules,rule,9,nfl_contract_history_generation_rules:9,"{""history_type"":""veteran_minimum_depth"",""description"":""veteran minimum depth contract"",""base_weight"":""0.08"",""visible_in_player_history"":""yes"",""affects_current_rating"":""mostly_no"",""affects_contract_generation"":""yes"",""notes"":""Weights should be adjusted by player age, role tier, draft source, and roster pool.""}"
nfl_contracts,nfl_contract_history_generation_rules.csv,nfl_contract_history_generation_rules,rule,10,nfl_contract_history_generation_rules:10,"{""history_type"":""udfa_survivor"",""description"":""former UDFA worked up into roster role"",""base_weight"":""0.05"",""visible_in_player_history"":""yes"",""affects_current_rating"":""mostly_no"",""affects_contract_generation"":""yes"",""notes"":""Weights should be adjusted by player age, role tier, draft source, and roster pool.""}"
nfl_contracts,nfl_contract_history_generation_rules.csv,nfl_contract_history_generation_rules,rule,11,nfl_contract_history_generation_rules:11,"{""history_type"":""practice_squad_callup"",""description"":""former practice squad player promoted to active roster"",""base_weight"":""0.03"",""visible_in_player_history"":""yes"",""affects_current_rating"":""mostly_no"",""affects_contract_generation"":""yes"",""notes"":""Weights should be adjusted by player age, role tier, draft source, and roster pool.""}"
nfl_contracts,nfl_contract_history_narrative_rules.csv,nfl_contract_history_narrative_rules,rule,1,nfl_contract_history_narrative_rules:1,"{""narrative_id"":""rookie_slot_contract"",""template"":""Signed standard rookie deal after being selected in the {draft_round} round."",""primary_event_id"":""ROOKIE_SIGN"",""display_in_player_history"":""true"",""display_in_team_ledger"":""false""}"
nfl_contracts,nfl_contract_history_narrative_rules.csv,nfl_contract_history_narrative_rules,rule,2,nfl_contract_history_narrative_rules:2,"{""narrative_id"":""priority_udfa_bet"",""template"":""Received one of the team's larger UDFA guarantees and entered camp with a real roster path."",""primary_event_id"":""UDFA_SIGN"",""display_in_player_history"":""true"",""display_in_team_ledger"":""false""}"
nfl_contracts,nfl_contract_history_narrative_rules.csv,nfl_contract_history_narrative_rules,rule,3,nfl_contract_history_narrative_rules:3,"{""narrative_id"":""ps_development_path"",""template"":""Spent time on the practice squad before earning a regular-season opportunity."",""primary_event_id"":""PS_SIGN"",""display_in_player_history"":""true"",""display_in_team_ledger"":""false""}"
nfl_contracts,nfl_contract_history_narrative_rules.csv,nfl_contract_history_narrative_rules,rule,4,nfl_contract_history_narrative_rules:4,"{""narrative_id"":""reserve_future_depth"",""template"":""Signed a reserve/future deal after the season to compete for an offseason roster spot."",""primary_event_id"":""RESERVE_FUTURE_SIGN"",""display_in_player_history"":""true"",""display_in_team_ledger"":""false""}"
nfl_contracts,nfl_contract_history_narrative_rules.csv,nfl_contract_history_narrative_rules,rule,5,nfl_contract_history_narrative_rules:5,"{""narrative_id"":""breakout_extension"",""template"":""Turned early production into a multi-year extension before reaching the open market."",""primary_event_id"":""EXTENSION_SIGN"",""display_in_player_history"":""true"",""display_in_team_ledger"":""false""}"
nfl_contracts,nfl_contract_history_narrative_rules.csv,nfl_contract_history_narrative_rules,rule,6,nfl_contract_history_narrative_rules:6,"{""narrative_id"":""tag_to_extension"",""template"":""Played under a tag or tag threat before eventually getting a longer-term deal."",""primary_event_id"":""FRANCHISE_TAG"",""display_in_player_history"":""true"",""display_in_team_ledger"":""false""}"
nfl_contracts,nfl_contract_history_narrative_rules.csv,nfl_contract_history_narrative_rules,rule,7,nfl_contract_history_narrative_rules:7,"{""narrative_id"":""cap_restructure"",""template"":""Converted salary to bonus to help the team create short-term cap space."",""primary_event_id"":""RESTRUCTURE_SIMPLE"",""display_in_player_history"":""true"",""display_in_team_ledger"":""true""}"
nfl_contracts,nfl_contract_history_narrative_rules.csv,nfl_contract_history_narrative_rules,rule,8,nfl_contract_history_narrative_rules:8,"{""narrative_id"":""veteran_pay_cut"",""template"":""Accepted a revised contract to stay with the club in a reduced or transitional role."",""primary_event_id"":""PAY_CUT"",""display_in_player_history"":""true"",""display_in_team_ledger"":""false""}"
nfl_contracts,nfl_contract_history_narrative_rules.csv,nfl_contract_history_narrative_rules,rule,9,nfl_contract_history_narrative_rules:9,"{""narrative_id"":""release_cap_casualty"",""template"":""Released as part of a cap or roster reset, creating dead-money consequences."",""primary_event_id"":""RELEASE_PRE_JUNE"",""display_in_player_history"":""true"",""display_in_team_ledger"":""true""}"
nfl_contracts,nfl_contract_history_narrative_rules.csv,nfl_contract_history_narrative_rules,rule,10,nfl_contract_history_narrative_rules:10,"{""narrative_id"":""trade_contract_shift"",""template"":""Moved in a trade that shifted future salary to the new club while leaving dead money behind."",""primary_event_id"":""TRADE"",""display_in_player_history"":""true"",""display_in_team_ledger"":""true""}"
nfl_contracts,nfl_contract_history_narrative_rules.csv,nfl_contract_history_narrative_rules,rule,11,nfl_contract_history_narrative_rules:11,"{""narrative_id"":""comp_pick_loss"",""template"":""Departed on a contract large enough to count in compensatory-pick planning."",""primary_event_id"":""COMP_PICK_QUALIFYING_LOSS"",""display_in_player_history"":""true"",""display_in_team_ledger"":""true""}"
nfl_contracts,nfl_contract_history_path_templates.csv,nfl_contract_history_path_templates,runtime_tuning,1,nfl_contract_history_path_templates:1,"{""template_id"":""draft_round_1_superstar"",""origin_bucket"":""draft_round_1"",""role_tier"":""superstar"",""core_path"":""rookie_deal_option_extension"",""min_history_events"":""2"",""max_history_events"":""7"",""starter_quality_weight"":""0.25"",""notes"":""Used to backfill visible contract/career transaction history for Year Zero players.""}"
nfl_contracts,nfl_contract_history_path_templates.csv,nfl_contract_history_path_templates,runtime_tuning,2,nfl_contract_history_path_templates:2,"{""template_id"":""draft_round_1_plus_starter"",""origin_bucket"":""draft_round_1"",""role_tier"":""plus_starter"",""core_path"":""rookie_deal_option_extension"",""min_history_events"":""2"",""max_history_events"":""7"",""starter_quality_weight"":""0.25"",""notes"":""Used to backfill visible contract/career transaction history for Year Zero players.""}"
nfl_contracts,nfl_contract_history_path_templates.csv,nfl_contract_history_path_templates,runtime_tuning,3,nfl_contract_history_path_templates:3,"{""template_id"":""draft_round_1_starter"",""origin_bucket"":""draft_round_1"",""role_tier"":""starter"",""core_path"":""rookie_deal_option_extension"",""min_history_events"":""2"",""max_history_events"":""5"",""starter_quality_weight"":""0.1"",""notes"":""Used to backfill visible contract/career transaction history for Year Zero players.""}"
nfl_contracts,nfl_contract_history_path_templates.csv,nfl_contract_history_path_templates,runtime_tuning,4,nfl_contract_history_path_templates:4,"{""template_id"":""draft_round_1_rotation"",""origin_bucket"":""draft_round_1"",""role_tier"":""rotation"",""core_path"":""rookie_deal_option_decline_market"",""min_history_events"":""2"",""max_history_events"":""5"",""starter_quality_weight"":""0.1"",""notes"":""Used to backfill visible contract/career transaction history for Year Zero players.""}"
nfl_contracts,nfl_contract_history_path_templates.csv,nfl_contract_history_path_templates,runtime_tuning,5,nfl_contract_history_path_templates:5,"{""template_id"":""draft_round_1_depth"",""origin_bucket"":""draft_round_1"",""role_tier"":""depth"",""core_path"":""rookie_deal_option_decline_market"",""min_history_events"":""2"",""max_history_events"":""5"",""starter_quality_weight"":""0.1"",""notes"":""Used to backfill visible contract/career transaction history for Year Zero players.""}"
nfl_contracts,nfl_contract_history_path_templates.csv,nfl_contract_history_path_templates,runtime_tuning,6,nfl_contract_history_path_templates:6,"{""template_id"":""draft_round_1_fringe"",""origin_bucket"":""draft_round_1"",""role_tier"":""fringe"",""core_path"":""rookie_deal_option_decline_market"",""min_history_events"":""2"",""max_history_events"":""5"",""starter_quality_weight"":""0.1"",""notes"":""Used to backfill visible contract/career transaction history for Year Zero players.""}"
nfl_contracts,nfl_contract_history_path_templates.csv,nfl_contract_history_path_templates,runtime_tuning,7,nfl_contract_history_path_templates:7,"{""template_id"":""draft_round_1_specialist"",""origin_bucket"":""draft_round_1"",""role_tier"":""specialist"",""core_path"":""rookie_deal_option_decline_market"",""min_history_events"":""2"",""max_history_events"":""5"",""starter_quality_weight"":""0.1"",""notes"":""Used to backfill visible contract/career transaction history for Year Zero players.""}"
nfl_contracts,nfl_contract_history_path_templates.csv,nfl_contract_history_path_templates,runtime_tuning,8,nfl_contract_history_path_templates:8,"{""template_id"":""draft_round_2_superstar"",""origin_bucket"":""draft_round_2"",""role_tier"":""superstar"",""core_path"":""rookie_deal_extension_or_ufa"",""min_history_events"":""2"",""max_history_events"":""4"",""starter_quality_weight"":""0.05"",""notes"":""Used to backfill visible contract/career transaction history for Year Zero players.""}"
nfl_contracts,nfl_contract_history_path_templates.csv,nfl_contract_history_path_templates,runtime_tuning,9,nfl_contract_history_path_templates:9,"{""template_id"":""draft_round_2_plus_starter"",""origin_bucket"":""draft_round_2"",""role_tier"":""plus_starter"",""core_path"":""rookie_deal_extension_or_ufa"",""min_history_events"":""2"",""max_history_events"":""6"",""starter_quality_weight"":""0.16"",""notes"":""Used to backfill visible contract/career transaction history for Year Zero players.""}"
nfl_contracts,nfl_contract_history_path_templates.csv,nfl_contract_history_path_templates,runtime_tuning,10,nfl_contract_history_path_templates:10,"{""template_id"":""draft_round_2_starter"",""origin_bucket"":""draft_round_2"",""role_tier"":""starter"",""core_path"":""rookie_deal_extension_or_ufa"",""min_history_events"":""2"",""max_history_events"":""6"",""starter_quality_weight"":""0.16"",""notes"":""Used to backfill visible contract/career transaction history for Year Zero players.""}"
nfl_contracts,nfl_contract_history_path_templates.csv,nfl_contract_history_path_templates,runtime_tuning,11,nfl_contract_history_path_templates:11,"{""template_id"":""draft_round_2_rotation"",""origin_bucket"":""draft_round_2"",""role_tier"":""rotation"",""core_path"":""rookie_deal_extension_or_ufa"",""min_history_events"":""2"",""max_history_events"":""4"",""starter_quality_weight"":""0.05"",""notes"":""Used to backfill visible contract/career transaction history for Year Zero players.""}"
nfl_contracts,nfl_contract_history_path_templates.csv,nfl_contract_history_path_templates,runtime_tuning,12,nfl_contract_history_path_templates:12,"{""template_id"":""draft_round_2_depth"",""origin_bucket"":""draft_round_2"",""role_tier"":""depth"",""core_path"":""rookie_deal_extension_or_ufa"",""min_history_events"":""2"",""max_history_events"":""4"",""starter_quality_weight"":""0.05"",""notes"":""Used to backfill visible contract/career transaction history for Year Zero players.""}"
nfl_contracts,nfl_contract_history_path_templates.csv,nfl_contract_history_path_templates,runtime_tuning,13,nfl_contract_history_path_templates:13,"{""template_id"":""draft_round_2_fringe"",""origin_bucket"":""draft_round_2"",""role_tier"":""fringe"",""core_path"":""rookie_deal_extension_or_ufa"",""min_history_events"":""2"",""max_history_events"":""4"",""starter_quality_weight"":""0.05"",""notes"":""Used to backfill visible contract/career transaction history for Year Zero players.""}"
nfl_contracts,nfl_contract_history_path_templates.csv,nfl_contract_history_path_templates,runtime_tuning,14,nfl_contract_history_path_templates:14,"{""template_id"":""draft_round_2_specialist"",""origin_bucket"":""draft_round_2"",""role_tier"":""specialist"",""core_path"":""rookie_deal_extension_or_ufa"",""min_history_events"":""2"",""max_history_events"":""4"",""starter_quality_weight"":""0.05"",""notes"":""Used to backfill visible contract/career transaction history for Year Zero players.""}"
nfl_contracts,nfl_contract_history_path_templates.csv,nfl_contract_history_path_templates,runtime_tuning,15,nfl_contract_history_path_templates:15,"{""template_id"":""draft_round_3_superstar"",""origin_bucket"":""draft_round_3"",""role_tier"":""superstar"",""core_path"":""rookie_deal_extension_or_ufa"",""min_history_events"":""2"",""max_history_events"":""4"",""starter_quality_weight"":""0.05"",""notes"":""Used to backfill visible contract/career transaction history for Year Zero players.""}"
nfl_contracts,nfl_contract_history_path_templates.csv,nfl_contract_history_path_templates,runtime_tuning,16,nfl_contract_history_path_templates:16,"{""template_id"":""draft_round_3_plus_starter"",""origin_bucket"":""draft_round_3"",""role_tier"":""plus_starter"",""core_path"":""rookie_deal_extension_or_ufa"",""min_history_events"":""2"",""max_history_events"":""6"",""starter_quality_weight"":""0.16"",""notes"":""Used to backfill visible contract/career transaction history for Year Zero players.""}"
nfl_contracts,nfl_contract_history_path_templates.csv,nfl_contract_history_path_templates,runtime_tuning,17,nfl_contract_history_path_templates:17,"{""template_id"":""draft_round_3_starter"",""origin_bucket"":""draft_round_3"",""role_tier"":""starter"",""core_path"":""rookie_deal_extension_or_ufa"",""min_history_events"":""2"",""max_history_events"":""6"",""starter_quality_weight"":""0.16"",""notes"":""Used to backfill visible contract/career transaction history for Year Zero players.""}"
nfl_contracts,nfl_contract_history_path_templates.csv,nfl_contract_history_path_templates,runtime_tuning,18,nfl_contract_history_path_templates:18,"{""template_id"":""draft_round_3_rotation"",""origin_bucket"":""draft_round_3"",""role_tier"":""rotation"",""core_path"":""rookie_deal_extension_or_ufa"",""min_history_events"":""2"",""max_history_events"":""4"",""starter_quality_weight"":""0.05"",""notes"":""Used to backfill visible contract/career transaction history for Year Zero players.""}"
nfl_contracts,nfl_contract_history_path_templates.csv,nfl_contract_history_path_templates,runtime_tuning,19,nfl_contract_history_path_templates:19,"{""template_id"":""draft_round_3_depth"",""origin_bucket"":""draft_round_3"",""role_tier"":""depth"",""core_path"":""rookie_deal_extension_or_ufa"",""min_history_events"":""2"",""max_history_events"":""4"",""starter_quality_weight"":""0.05"",""notes"":""Used to backfill visible contract/career transaction history for Year Zero players.""}"
nfl_contracts,nfl_contract_history_path_templates.csv,nfl_contract_history_path_templates,runtime_tuning,20,nfl_contract_history_path_templates:20,"{""template_id"":""draft_round_3_fringe"",""origin_bucket"":""draft_round_3"",""role_tier"":""fringe"",""core_path"":""rookie_deal_extension_or_ufa"",""min_history_events"":""2"",""max_history_events"":""4"",""starter_quality_weight"":""0.05"",""notes"":""Used to backfill visible contract/career transaction history for Year Zero players.""}"
nfl_contracts,nfl_contract_history_path_templates.csv,nfl_contract_history_path_templates,runtime_tuning,21,nfl_contract_history_path_templates:21,"{""template_id"":""draft_round_3_specialist"",""origin_bucket"":""draft_round_3"",""role_tier"":""specialist"",""core_path"":""rookie_deal_extension_or_ufa"",""min_history_events"":""2"",""max_history_events"":""4"",""starter_quality_weight"":""0.05"",""notes"":""Used to backfill visible contract/career transaction history for Year Zero players.""}"
nfl_contracts,nfl_contract_history_path_templates.csv,nfl_contract_history_path_templates,runtime_tuning,22,nfl_contract_history_path_templates:22,"{""template_id"":""draft_day3_superstar"",""origin_bucket"":""draft_day3"",""role_tier"":""superstar"",""core_path"":""rookie_deal_roster_bubble_second_contract"",""min_history_events"":""2"",""max_history_events"":""3"",""starter_quality_weight"":""0.02"",""notes"":""Used to backfill visible contract/career transaction history for Year Zero players.""}"
nfl_contracts,nfl_contract_history_path_templates.csv,nfl_contract_history_path_templates,runtime_tuning,23,nfl_contract_history_path_templates:23,"{""template_id"":""draft_day3_plus_starter"",""origin_bucket"":""draft_day3"",""role_tier"":""plus_starter"",""core_path"":""rookie_deal_roster_bubble_second_contract"",""min_history_events"":""2"",""max_history_events"":""3"",""starter_quality_weight"":""0.02"",""notes"":""Used to backfill visible contract/career transaction history for Year Zero players.""}"
nfl_contracts,nfl_contract_history_path_templates.csv,nfl_contract_history_path_templates,runtime_tuning,24,nfl_contract_history_path_templates:24,"{""template_id"":""draft_day3_starter"",""origin_bucket"":""draft_day3"",""role_tier"":""starter"",""core_path"":""rookie_deal_roster_bubble_second_contract"",""min_history_events"":""2"",""max_history_events"":""5"",""starter_quality_weight"":""0.08"",""notes"":""Used to backfill visible contract/career transaction history for Year Zero players.""}"
nfl_contracts,nfl_contract_history_path_templates.csv,nfl_contract_history_path_templates,runtime_tuning,25,nfl_contract_history_path_templates:25,"{""template_id"":""draft_day3_rotation"",""origin_bucket"":""draft_day3"",""role_tier"":""rotation"",""core_path"":""rookie_deal_roster_bubble_second_contract"",""min_history_events"":""2"",""max_history_events"":""5"",""starter_quality_weight"":""0.08"",""notes"":""Used to backfill visible contract/career transaction history for Year Zero players.""}"
nfl_contracts,nfl_contract_history_path_templates.csv,nfl_contract_history_path_templates,runtime_tuning,26,nfl_contract_history_path_templates:26,"{""template_id"":""draft_day3_depth"",""origin_bucket"":""draft_day3"",""role_tier"":""depth"",""core_path"":""rookie_deal_roster_bubble_second_contract"",""min_history_events"":""2"",""max_history_events"":""3"",""starter_quality_weight"":""0.02"",""notes"":""Used to backfill visible contract/career transaction history for Year Zero players.""}"
nfl_contracts,nfl_contract_history_path_templates.csv,nfl_contract_history_path_templates,runtime_tuning,27,nfl_contract_history_path_templates:27,"{""template_id"":""draft_day3_fringe"",""origin_bucket"":""draft_day3"",""role_tier"":""fringe"",""core_path"":""rookie_deal_roster_bubble_second_contract"",""min_history_events"":""2"",""max_history_events"":""3"",""starter_quality_weight"":""0.02"",""notes"":""Used to backfill visible contract/career transaction history for Year Zero players.""}"
nfl_contracts,nfl_contract_history_path_templates.csv,nfl_contract_history_path_templates,runtime_tuning,28,nfl_contract_history_path_templates:28,"{""template_id"":""draft_day3_specialist"",""origin_bucket"":""draft_day3"",""role_tier"":""specialist"",""core_path"":""rookie_deal_roster_bubble_second_contract"",""min_history_events"":""2"",""max_history_events"":""3"",""starter_quality_weight"":""0.02"",""notes"":""Used to backfill visible contract/career transaction history for Year Zero players.""}"
nfl_contracts,nfl_contract_history_path_templates.csv,nfl_contract_history_path_templates,runtime_tuning,29,nfl_contract_history_path_templates:29,"{""template_id"":""priority_udfa_superstar"",""origin_bucket"":""priority_udfa"",""role_tier"":""superstar"",""core_path"":""udfa_bonus_camp_ps_or_active"",""min_history_events"":""2"",""max_history_events"":""3"",""starter_quality_weight"":""0.01"",""notes"":""Used to backfill visible contract/career transaction history for Year Zero players.""}"
nfl_contracts,nfl_contract_history_path_templates.csv,nfl_contract_history_path_templates,runtime_tuning,30,nfl_contract_history_path_templates:30,"{""template_id"":""priority_udfa_plus_starter"",""origin_bucket"":""priority_udfa"",""role_tier"":""plus_starter"",""core_path"":""udfa_bonus_camp_ps_or_active"",""min_history_events"":""2"",""max_history_events"":""3"",""starter_quality_weight"":""0.01"",""notes"":""Used to backfill visible contract/career transaction history for Year Zero players.""}"
nfl_contracts,nfl_contract_history_path_templates.csv,nfl_contract_history_path_templates,runtime_tuning,31,nfl_contract_history_path_templates:31,"{""template_id"":""priority_udfa_starter"",""origin_bucket"":""priority_udfa"",""role_tier"":""starter"",""core_path"":""udfa_bonus_camp_ps_or_active"",""min_history_events"":""2"",""max_history_events"":""5"",""starter_quality_weight"":""0.05"",""notes"":""Used to backfill visible contract/career transaction history for Year Zero players.""}"
nfl_contracts,nfl_contract_history_path_templates.csv,nfl_contract_history_path_templates,runtime_tuning,32,nfl_contract_history_path_templates:32,"{""template_id"":""priority_udfa_rotation"",""origin_bucket"":""priority_udfa"",""role_tier"":""rotation"",""core_path"":""udfa_bonus_camp_ps_or_active"",""min_history_events"":""2"",""max_history_events"":""5"",""starter_quality_weight"":""0.05"",""notes"":""Used to backfill visible contract/career transaction history for Year Zero players.""}"
nfl_contracts,nfl_contract_history_path_templates.csv,nfl_contract_history_path_templates,runtime_tuning,33,nfl_contract_history_path_templates:33,"{""template_id"":""priority_udfa_depth"",""origin_bucket"":""priority_udfa"",""role_tier"":""depth"",""core_path"":""udfa_bonus_camp_ps_or_active"",""min_history_events"":""2"",""max_history_events"":""3"",""starter_quality_weight"":""0.01"",""notes"":""Used to backfill visible contract/career transaction history for Year Zero players.""}"
nfl_contracts,nfl_contract_history_path_templates.csv,nfl_contract_history_path_templates,runtime_tuning,34,nfl_contract_history_path_templates:34,"{""template_id"":""priority_udfa_fringe"",""origin_bucket"":""priority_udfa"",""role_tier"":""fringe"",""core_path"":""udfa_bonus_camp_ps_or_active"",""min_history_events"":""2"",""max_history_events"":""3"",""starter_quality_weight"":""0.01"",""notes"":""Used to backfill visible contract/career transaction history for Year Zero players.""}"
nfl_contracts,nfl_contract_history_path_templates.csv,nfl_contract_history_path_templates,runtime_tuning,35,nfl_contract_history_path_templates:35,"{""template_id"":""priority_udfa_specialist"",""origin_bucket"":""priority_udfa"",""role_tier"":""specialist"",""core_path"":""udfa_bonus_camp_ps_or_active"",""min_history_events"":""2"",""max_history_events"":""3"",""starter_quality_weight"":""0.01"",""notes"":""Used to backfill visible contract/career transaction history for Year Zero players.""}"
nfl_contracts,nfl_contract_history_path_templates.csv,nfl_contract_history_path_templates,runtime_tuning,36,nfl_contract_history_path_templates:36,"{""template_id"":""standard_udfa_superstar"",""origin_bucket"":""standard_udfa"",""role_tier"":""superstar"",""core_path"":""udfa_minimum_ps_churn"",""min_history_events"":""1"",""max_history_events"":""2"",""starter_quality_weight"":""0.015"",""notes"":""Used to backfill visible contract/career transaction history for Year Zero players.""}"
nfl_contracts,nfl_contract_history_path_templates.csv,nfl_contract_history_path_templates,runtime_tuning,37,nfl_contract_history_path_templates:37,"{""template_id"":""standard_udfa_plus_starter"",""origin_bucket"":""standard_udfa"",""role_tier"":""plus_starter"",""core_path"":""udfa_minimum_ps_churn"",""min_history_events"":""1"",""max_history_events"":""2"",""starter_quality_weight"":""0.015"",""notes"":""Used to backfill visible contract/career transaction history for Year Zero players.""}"
nfl_contracts,nfl_contract_history_path_templates.csv,nfl_contract_history_path_templates,runtime_tuning,38,nfl_contract_history_path_templates:38,"{""template_id"":""standard_udfa_starter"",""origin_bucket"":""standard_udfa"",""role_tier"":""starter"",""core_path"":""udfa_minimum_ps_churn"",""min_history_events"":""1"",""max_history_events"":""2"",""starter_quality_weight"":""0.015"",""notes"":""Used to backfill visible contract/career transaction history for Year Zero players.""}"
nfl_contracts,nfl_contract_history_path_templates.csv,nfl_contract_history_path_templates,runtime_tuning,39,nfl_contract_history_path_templates:39,"{""template_id"":""standard_udfa_rotation"",""origin_bucket"":""standard_udfa"",""role_tier"":""rotation"",""core_path"":""udfa_minimum_ps_churn"",""min_history_events"":""1"",""max_history_events"":""4"",""starter_quality_weight"":""0.015"",""notes"":""Used to backfill visible contract/career transaction history for Year Zero players.""}"
nfl_contracts,nfl_contract_history_path_templates.csv,nfl_contract_history_path_templates,runtime_tuning,40,nfl_contract_history_path_templates:40,"{""template_id"":""standard_udfa_depth"",""origin_bucket"":""standard_udfa"",""role_tier"":""depth"",""core_path"":""udfa_minimum_ps_churn"",""min_history_events"":""1"",""max_history_events"":""4"",""starter_quality_weight"":""0.015"",""notes"":""Used to backfill visible contract/career transaction history for Year Zero players.""}"
nfl_contracts,nfl_contract_history_path_templates.csv,nfl_contract_history_path_templates,runtime_tuning,41,nfl_contract_history_path_templates:41,"{""template_id"":""standard_udfa_fringe"",""origin_bucket"":""standard_udfa"",""role_tier"":""fringe"",""core_path"":""udfa_minimum_ps_churn"",""min_history_events"":""1"",""max_history_events"":""2"",""starter_quality_weight"":""0.015"",""notes"":""Used to backfill visible contract/career transaction history for Year Zero players.""}"
nfl_contracts,nfl_contract_history_path_templates.csv,nfl_contract_history_path_templates,runtime_tuning,42,nfl_contract_history_path_templates:42,"{""template_id"":""standard_udfa_specialist"",""origin_bucket"":""standard_udfa"",""role_tier"":""specialist"",""core_path"":""udfa_minimum_ps_churn"",""min_history_events"":""1"",""max_history_events"":""2"",""starter_quality_weight"":""0.015"",""notes"":""Used to backfill visible contract/career transaction history for Year Zero players.""}"
nfl_contracts,nfl_contract_history_path_templates.csv,nfl_contract_history_path_templates,runtime_tuning,43,nfl_contract_history_path_templates:43,"{""template_id"":""veteran_free_agent_superstar"",""origin_bucket"":""veteran_free_agent"",""role_tier"":""superstar"",""core_path"":""veteran_market_contract_restructure_release"",""min_history_events"":""2"",""max_history_events"":""6"",""starter_quality_weight"":""0.12"",""notes"":""Used to backfill visible contract/career transaction history for Year Zero players.""}"
nfl_contracts,nfl_contract_history_path_templates.csv,nfl_contract_history_path_templates,runtime_tuning,44,nfl_contract_history_path_templates:44,"{""template_id"":""veteran_free_agent_plus_starter"",""origin_bucket"":""veteran_free_agent"",""role_tier"":""plus_starter"",""core_path"":""veteran_market_contract_restructure_release"",""min_history_events"":""2"",""max_history_events"":""6"",""starter_quality_weight"":""0.12"",""notes"":""Used to backfill visible contract/career transaction history for Year Zero players.""}"
nfl_contracts,nfl_contract_history_path_templates.csv,nfl_contract_history_path_templates,runtime_tuning,45,nfl_contract_history_path_templates:45,"{""template_id"":""veteran_free_agent_starter"",""origin_bucket"":""veteran_free_agent"",""role_tier"":""starter"",""core_path"":""veteran_market_contract_restructure_release"",""min_history_events"":""2"",""max_history_events"":""6"",""starter_quality_weight"":""0.12"",""notes"":""Used to backfill visible contract/career transaction history for Year Zero players.""}"
nfl_contracts,nfl_contract_history_path_templates.csv,nfl_contract_history_path_templates,runtime_tuning,46,nfl_contract_history_path_templates:46,"{""template_id"":""veteran_free_agent_rotation"",""origin_bucket"":""veteran_free_agent"",""role_tier"":""rotation"",""core_path"":""veteran_market_contract_restructure_release"",""min_history_events"":""2"",""max_history_events"":""4"",""starter_quality_weight"":""0.03"",""notes"":""Used to backfill visible contract/career transaction history for Year Zero players.""}"
nfl_contracts,nfl_contract_history_path_templates.csv,nfl_contract_history_path_templates,runtime_tuning,47,nfl_contract_history_path_templates:47,"{""template_id"":""veteran_free_agent_depth"",""origin_bucket"":""veteran_free_agent"",""role_tier"":""depth"",""core_path"":""veteran_market_contract_restructure_release"",""min_history_events"":""2"",""max_history_events"":""4"",""starter_quality_weight"":""0.03"",""notes"":""Used to backfill visible contract/career transaction history for Year Zero players.""}"
nfl_contracts,nfl_contract_history_path_templates.csv,nfl_contract_history_path_templates,runtime_tuning,48,nfl_contract_history_path_templates:48,"{""template_id"":""veteran_free_agent_fringe"",""origin_bucket"":""veteran_free_agent"",""role_tier"":""fringe"",""core_path"":""veteran_market_contract_restructure_release"",""min_history_events"":""2"",""max_history_events"":""4"",""starter_quality_weight"":""0.03"",""notes"":""Used to backfill visible contract/career transaction history for Year Zero players.""}"
nfl_contracts,nfl_contract_history_path_templates.csv,nfl_contract_history_path_templates,runtime_tuning,49,nfl_contract_history_path_templates:49,"{""template_id"":""veteran_free_agent_specialist"",""origin_bucket"":""veteran_free_agent"",""role_tier"":""specialist"",""core_path"":""veteran_market_contract_restructure_release"",""min_history_events"":""2"",""max_history_events"":""4"",""starter_quality_weight"":""0.03"",""notes"":""Used to backfill visible contract/career transaction history for Year Zero players.""}"
nfl_contracts,nfl_contract_history_path_templates.csv,nfl_contract_history_path_templates,runtime_tuning,50,nfl_contract_history_path_templates:50,"{""template_id"":""practice_squad_origin_superstar"",""origin_bucket"":""practice_squad_origin"",""role_tier"":""superstar"",""core_path"":""practice_squad_reserve_future_promotion"",""min_history_events"":""1"",""max_history_events"":""3"",""starter_quality_weight"":""0.02"",""notes"":""Used to backfill visible contract/career transaction history for Year Zero players.""}"
nfl_contracts,nfl_contract_history_path_templates.csv,nfl_contract_history_path_templates,runtime_tuning,51,nfl_contract_history_path_templates:51,"{""template_id"":""practice_squad_origin_plus_starter"",""origin_bucket"":""practice_squad_origin"",""role_tier"":""plus_starter"",""core_path"":""practice_squad_reserve_future_promotion"",""min_history_events"":""1"",""max_history_events"":""3"",""starter_quality_weight"":""0.02"",""notes"":""Used to backfill visible contract/career transaction history for Year Zero players.""}"
nfl_contracts,nfl_contract_history_path_templates.csv,nfl_contract_history_path_templates,runtime_tuning,52,nfl_contract_history_path_templates:52,"{""template_id"":""practice_squad_origin_starter"",""origin_bucket"":""practice_squad_origin"",""role_tier"":""starter"",""core_path"":""practice_squad_reserve_future_promotion"",""min_history_events"":""1"",""max_history_events"":""3"",""starter_quality_weight"":""0.02"",""notes"":""Used to backfill visible contract/career transaction history for Year Zero players.""}"
nfl_contracts,nfl_contract_history_path_templates.csv,nfl_contract_history_path_templates,runtime_tuning,53,nfl_contract_history_path_templates:53,"{""template_id"":""practice_squad_origin_rotation"",""origin_bucket"":""practice_squad_origin"",""role_tier"":""rotation"",""core_path"":""practice_squad_reserve_future_promotion"",""min_history_events"":""1"",""max_history_events"":""4"",""starter_quality_weight"":""0.02"",""notes"":""Used to backfill visible contract/career transaction history for Year Zero players.""}"
nfl_contracts,nfl_contract_history_path_templates.csv,nfl_contract_history_path_templates,runtime_tuning,54,nfl_contract_history_path_templates:54,"{""template_id"":""practice_squad_origin_depth"",""origin_bucket"":""practice_squad_origin"",""role_tier"":""depth"",""core_path"":""practice_squad_reserve_future_promotion"",""min_history_events"":""1"",""max_history_events"":""4"",""starter_quality_weight"":""0.02"",""notes"":""Used to backfill visible contract/career transaction history for Year Zero players.""}"
nfl_contracts,nfl_contract_history_path_templates.csv,nfl_contract_history_path_templates,runtime_tuning,55,nfl_contract_history_path_templates:55,"{""template_id"":""practice_squad_origin_fringe"",""origin_bucket"":""practice_squad_origin"",""role_tier"":""fringe"",""core_path"":""practice_squad_reserve_future_promotion"",""min_history_events"":""1"",""max_history_events"":""3"",""starter_quality_weight"":""0.02"",""notes"":""Used to backfill visible contract/career transaction history for Year Zero players.""}"
nfl_contracts,nfl_contract_history_path_templates.csv,nfl_contract_history_path_templates,runtime_tuning,56,nfl_contract_history_path_templates:56,"{""template_id"":""practice_squad_origin_specialist"",""origin_bucket"":""practice_squad_origin"",""role_tier"":""specialist"",""core_path"":""practice_squad_reserve_future_promotion"",""min_history_events"":""1"",""max_history_events"":""3"",""starter_quality_weight"":""0.02"",""notes"":""Used to backfill visible contract/career transaction history for Year Zero players.""}"
nfl_contracts,nfl_contract_history_player_value_modifiers.csv,nfl_contract_history_player_value_modifiers,modifier,1,nfl_contract_history_player_value_modifiers:1,"{""player_value_signal"":""all_pro"",""extension_weight_add"":""0.55"",""guarantee_pct_modifier"":""0.15"",""restructure_weight_add"":""0.15"",""notes"":""Player value signal modifies contract history plausibility.""}"
nfl_contracts,nfl_contract_history_player_value_modifiers.csv,nfl_contract_history_player_value_modifiers,modifier,2,nfl_contract_history_player_value_modifiers:2,"{""player_value_signal"":""pro_bowl"",""extension_weight_add"":""0.32"",""guarantee_pct_modifier"":""0.08"",""restructure_weight_add"":""0.1"",""notes"":""Player value signal modifies contract history plausibility.""}"
nfl_contracts,nfl_contract_history_player_value_modifiers.csv,nfl_contract_history_player_value_modifiers,modifier,3,nfl_contract_history_player_value_modifiers:3,"{""player_value_signal"":""top_10_pick"",""extension_weight_add"":""0.18"",""guarantee_pct_modifier"":""0.04"",""restructure_weight_add"":""0.02"",""notes"":""Player value signal modifies contract history plausibility.""}"
nfl_contracts,nfl_contract_history_player_value_modifiers.csv,nfl_contract_history_player_value_modifiers,modifier,4,nfl_contract_history_player_value_modifiers:4,"{""player_value_signal"":""premium_position"",""extension_weight_add"":""0.15"",""guarantee_pct_modifier"":""0.05"",""restructure_weight_add"":""0.06"",""notes"":""Player value signal modifies contract history plausibility.""}"
nfl_contracts,nfl_contract_history_player_value_modifiers.csv,nfl_contract_history_player_value_modifiers,modifier,5,nfl_contract_history_player_value_modifiers:5,"{""player_value_signal"":""injury_red_flag"",""extension_weight_add"":""-0.25"",""guarantee_pct_modifier"":""-0.12"",""restructure_weight_add"":""-0.04"",""notes"":""Player value signal modifies contract history plausibility.""}"
nfl_contracts,nfl_contract_history_player_value_modifiers.csv,nfl_contract_history_player_value_modifiers,modifier,6,nfl_contract_history_player_value_modifiers:6,"{""player_value_signal"":""older_than_position_peak"",""extension_weight_add"":""-0.15"",""guarantee_pct_modifier"":""-0.08"",""restructure_weight_add"":""0.12"",""notes"":""Player value signal modifies contract history plausibility.""}"
nfl_contracts,nfl_contract_history_player_value_modifiers.csv,nfl_contract_history_player_value_modifiers,modifier,7,nfl_contract_history_player_value_modifiers:7,"{""player_value_signal"":""udfa_outlier"",""extension_weight_add"":""0.18"",""guarantee_pct_modifier"":""0.03"",""restructure_weight_add"":""0.02"",""notes"":""Player value signal modifies contract history plausibility.""}"
nfl_contracts,nfl_contract_history_player_value_modifiers.csv,nfl_contract_history_player_value_modifiers,modifier,8,nfl_contract_history_player_value_modifiers:8,"{""player_value_signal"":""position_change"",""extension_weight_add"":""-0.05"",""guarantee_pct_modifier"":""-0.02"",""restructure_weight_add"":""0.0"",""notes"":""Player value signal modifies contract history plausibility.""}"
nfl_contracts,nfl_contract_history_player_value_modifiers.csv,nfl_contract_history_player_value_modifiers,modifier,9,nfl_contract_history_player_value_modifiers:9,"{""player_value_signal"":""low_work_ethic"",""extension_weight_add"":""-0.2"",""guarantee_pct_modifier"":""-0.07"",""restructure_weight_add"":""-0.05"",""notes"":""Player value signal modifies contract history plausibility.""}"
nfl_contracts,nfl_contract_history_player_value_modifiers.csv,nfl_contract_history_player_value_modifiers,modifier,10,nfl_contract_history_player_value_modifiers:10,"{""player_value_signal"":""high_leadership"",""extension_weight_add"":""0.1"",""guarantee_pct_modifier"":""0.02"",""restructure_weight_add"":""0.05"",""notes"":""Player value signal modifies contract history plausibility.""}"
nfl_contracts,nfl_contract_history_player_value_modifiers.csv,nfl_contract_history_player_value_modifiers,modifier,11,nfl_contract_history_player_value_modifiers:11,"{""player_value_signal"":""marketable_star"",""extension_weight_add"":""0.16"",""guarantee_pct_modifier"":""0.05"",""restructure_weight_add"":""0.08"",""notes"":""Player value signal modifies contract history plausibility.""}"
nfl_contracts,nfl_contract_history_practice_squad_reserve_future_rules.csv,nfl_contract_history_practice_squad_reserve_future_rules,rule,1,nfl_contract_history_practice_squad_reserve_future_rules:1,"{""ps_quality_tier"":""premium_stash"",""ps_sign_weight"":""0.65"",""reserve_future_weight"":""0.6"",""active_promotion_weight"":""0.22"",""poach_history_weight"":""0.16"",""notes"":""Used to backfill PS-heavy fringe player histories.""}"
nfl_contracts,nfl_contract_history_practice_squad_reserve_future_rules.csv,nfl_contract_history_practice_squad_reserve_future_rules,rule,2,nfl_contract_history_practice_squad_reserve_future_rules:2,"{""ps_quality_tier"":""game_day_emergency"",""ps_sign_weight"":""0.7"",""reserve_future_weight"":""0.28"",""active_promotion_weight"":""0.35"",""poach_history_weight"":""0.1"",""notes"":""Used to backfill PS-heavy fringe player histories.""}"
nfl_contracts,nfl_contract_history_practice_squad_reserve_future_rules.csv,nfl_contract_history_practice_squad_reserve_future_rules,rule,3,nfl_contract_history_practice_squad_reserve_future_rules:3,"{""ps_quality_tier"":""developmental"",""ps_sign_weight"":""0.85"",""reserve_future_weight"":""0.55"",""active_promotion_weight"":""0.16"",""poach_history_weight"":""0.08"",""notes"":""Used to backfill PS-heavy fringe player histories.""}"
nfl_contracts,nfl_contract_history_practice_squad_reserve_future_rules.csv,nfl_contract_history_practice_squad_reserve_future_rules,rule,4,nfl_contract_history_practice_squad_reserve_future_rules:4,"{""ps_quality_tier"":""veteran_emergency"",""ps_sign_weight"":""0.45"",""reserve_future_weight"":""0.2"",""active_promotion_weight"":""0.26"",""poach_history_weight"":""0.05"",""notes"":""Used to backfill PS-heavy fringe player histories.""}"
nfl_contracts,nfl_contract_history_practice_squad_reserve_future_rules.csv,nfl_contract_history_practice_squad_reserve_future_rules,rule,5,nfl_contract_history_practice_squad_reserve_future_rules:5,"{""ps_quality_tier"":""camp_body"",""ps_sign_weight"":""0.75"",""reserve_future_weight"":""0.18"",""active_promotion_weight"":""0.06"",""poach_history_weight"":""0.02"",""notes"":""Used to backfill PS-heavy fringe player histories.""}"
nfl_contracts,nfl_contract_history_release_trade_rules.csv,nfl_contract_history_release_trade_rules,rule,1,nfl_contract_history_release_trade_rules:1,"{""role_tier"":""superstar"",""age_band"":""rookie"",""release_weight"":""0.017"",""trade_weight"":""0.03"",""post_june_probability"":""0.18"",""dead_money_tolerance"":""high"",""notes"":""Generates plausible cut/trade history rows and cap consequences.""}"
nfl_contracts,nfl_contract_history_release_trade_rules.csv,nfl_contract_history_release_trade_rules,rule,2,nfl_contract_history_release_trade_rules:2,"{""role_tier"":""superstar"",""age_band"":""early_career"",""release_weight"":""0.028"",""trade_weight"":""0.078"",""post_june_probability"":""0.18"",""dead_money_tolerance"":""high"",""notes"":""Generates plausible cut/trade history rows and cap consequences.""}"
nfl_contracts,nfl_contract_history_release_trade_rules.csv,nfl_contract_history_release_trade_rules,rule,3,nfl_contract_history_release_trade_rules:3,"{""role_tier"":""superstar"",""age_band"":""prime"",""release_weight"":""0.038"",""trade_weight"":""0.12"",""post_june_probability"":""0.18"",""dead_money_tolerance"":""high"",""notes"":""Generates plausible cut/trade history rows and cap consequences.""}"
nfl_contracts,nfl_contract_history_release_trade_rules.csv,nfl_contract_history_release_trade_rules,rule,4,nfl_contract_history_release_trade_rules:4,"{""role_tier"":""superstar"",""age_band"":""late_prime"",""release_weight"":""0.055"",""trade_weight"":""0.108"",""post_june_probability"":""0.35"",""dead_money_tolerance"":""high"",""notes"":""Generates plausible cut/trade history rows and cap consequences.""}"
nfl_contracts,nfl_contract_history_release_trade_rules.csv,nfl_contract_history_release_trade_rules,rule,5,nfl_contract_history_release_trade_rules:5,"{""role_tier"":""superstar"",""age_band"":""older_vet"",""release_weight"":""0.078"",""trade_weight"":""0.066"",""post_june_probability"":""0.35"",""dead_money_tolerance"":""high"",""notes"":""Generates plausible cut/trade history rows and cap consequences.""}"
nfl_contracts,nfl_contract_history_release_trade_rules.csv,nfl_contract_history_release_trade_rules,rule,6,nfl_contract_history_release_trade_rules:6,"{""role_tier"":""superstar"",""age_band"":""late_career"",""release_weight"":""0.1"",""trade_weight"":""0.03"",""post_june_probability"":""0.35"",""dead_money_tolerance"":""high"",""notes"":""Generates plausible cut/trade history rows and cap consequences.""}"
nfl_contracts,nfl_contract_history_release_trade_rules.csv,nfl_contract_history_release_trade_rules,rule,7,nfl_contract_history_release_trade_rules:7,"{""role_tier"":""plus_starter"",""age_band"":""rookie"",""release_weight"":""0.028"",""trade_weight"":""0.04"",""post_june_probability"":""0.18"",""dead_money_tolerance"":""high"",""notes"":""Generates plausible cut/trade history rows and cap consequences.""}"
nfl_contracts,nfl_contract_history_release_trade_rules.csv,nfl_contract_history_release_trade_rules,rule,8,nfl_contract_history_release_trade_rules:8,"{""role_tier"":""plus_starter"",""age_band"":""early_career"",""release_weight"":""0.044"",""trade_weight"":""0.104"",""post_june_probability"":""0.18"",""dead_money_tolerance"":""high"",""notes"":""Generates plausible cut/trade history rows and cap consequences.""}"
nfl_contracts,nfl_contract_history_release_trade_rules.csv,nfl_contract_history_release_trade_rules,rule,9,nfl_contract_history_release_trade_rules:9,"{""role_tier"":""plus_starter"",""age_band"":""prime"",""release_weight"":""0.06"",""trade_weight"":""0.16"",""post_june_probability"":""0.18"",""dead_money_tolerance"":""high"",""notes"":""Generates plausible cut/trade history rows and cap consequences.""}"
nfl_contracts,nfl_contract_history_release_trade_rules.csv,nfl_contract_history_release_trade_rules,rule,10,nfl_contract_history_release_trade_rules:10,"{""role_tier"":""plus_starter"",""age_band"":""late_prime"",""release_weight"":""0.088"",""trade_weight"":""0.144"",""post_june_probability"":""0.35"",""dead_money_tolerance"":""high"",""notes"":""Generates plausible cut/trade history rows and cap consequences.""}"
nfl_contracts,nfl_contract_history_release_trade_rules.csv,nfl_contract_history_release_trade_rules,rule,11,nfl_contract_history_release_trade_rules:11,"{""role_tier"":""plus_starter"",""age_band"":""older_vet"",""release_weight"":""0.124"",""trade_weight"":""0.088"",""post_june_probability"":""0.35"",""dead_money_tolerance"":""high"",""notes"":""Generates plausible cut/trade history rows and cap consequences.""}"
nfl_contracts,nfl_contract_history_release_trade_rules.csv,nfl_contract_history_release_trade_rules,rule,12,nfl_contract_history_release_trade_rules:12,"{""role_tier"":""plus_starter"",""age_band"":""late_career"",""release_weight"":""0.16"",""trade_weight"":""0.04"",""post_june_probability"":""0.35"",""dead_money_tolerance"":""high"",""notes"":""Generates plausible cut/trade history rows and cap consequences.""}"
nfl_contracts,nfl_contract_history_release_trade_rules.csv,nfl_contract_history_release_trade_rules,rule,13,nfl_contract_history_release_trade_rules:13,"{""role_tier"":""starter"",""age_band"":""rookie"",""release_weight"":""0.063"",""trade_weight"":""0.03"",""post_june_probability"":""0.18"",""dead_money_tolerance"":""medium"",""notes"":""Generates plausible cut/trade history rows and cap consequences.""}"
nfl_contracts,nfl_contract_history_release_trade_rules.csv,nfl_contract_history_release_trade_rules,rule,14,nfl_contract_history_release_trade_rules:14,"{""role_tier"":""starter"",""age_band"":""early_career"",""release_weight"":""0.099"",""trade_weight"":""0.078"",""post_june_probability"":""0.18"",""dead_money_tolerance"":""medium"",""notes"":""Generates plausible cut/trade history rows and cap consequences.""}"
nfl_contracts,nfl_contract_history_release_trade_rules.csv,nfl_contract_history_release_trade_rules,rule,15,nfl_contract_history_release_trade_rules:15,"{""role_tier"":""starter"",""age_band"":""prime"",""release_weight"":""0.135"",""trade_weight"":""0.12"",""post_june_probability"":""0.18"",""dead_money_tolerance"":""medium"",""notes"":""Generates plausible cut/trade history rows and cap consequences.""}"
nfl_contracts,nfl_contract_history_release_trade_rules.csv,nfl_contract_history_release_trade_rules,rule,16,nfl_contract_history_release_trade_rules:16,"{""role_tier"":""starter"",""age_band"":""late_prime"",""release_weight"":""0.198"",""trade_weight"":""0.108"",""post_june_probability"":""0.35"",""dead_money_tolerance"":""medium"",""notes"":""Generates plausible cut/trade history rows and cap consequences.""}"
nfl_contracts,nfl_contract_history_release_trade_rules.csv,nfl_contract_history_release_trade_rules,rule,17,nfl_contract_history_release_trade_rules:17,"{""role_tier"":""starter"",""age_band"":""older_vet"",""release_weight"":""0.279"",""trade_weight"":""0.066"",""post_june_probability"":""0.35"",""dead_money_tolerance"":""medium"",""notes"":""Generates plausible cut/trade history rows and cap consequences.""}"
nfl_contracts,nfl_contract_history_release_trade_rules.csv,nfl_contract_history_release_trade_rules,rule,18,nfl_contract_history_release_trade_rules:18,"{""role_tier"":""starter"",""age_band"":""late_career"",""release_weight"":""0.36"",""trade_weight"":""0.03"",""post_june_probability"":""0.35"",""dead_money_tolerance"":""medium"",""notes"":""Generates plausible cut/trade history rows and cap consequences.""}"
nfl_contracts,nfl_contract_history_release_trade_rules.csv,nfl_contract_history_release_trade_rules,rule,19,nfl_contract_history_release_trade_rules:19,"{""role_tier"":""rotation"",""age_band"":""rookie"",""release_weight"":""0.147"",""trade_weight"":""0.015"",""post_june_probability"":""0.18"",""dead_money_tolerance"":""low"",""notes"":""Generates plausible cut/trade history rows and cap consequences.""}"
nfl_contracts,nfl_contract_history_release_trade_rules.csv,nfl_contract_history_release_trade_rules,rule,20,nfl_contract_history_release_trade_rules:20,"{""role_tier"":""rotation"",""age_band"":""early_career"",""release_weight"":""0.231"",""trade_weight"":""0.039"",""post_june_probability"":""0.18"",""dead_money_tolerance"":""low"",""notes"":""Generates plausible cut/trade history rows and cap consequences.""}"
nfl_contracts,nfl_contract_history_release_trade_rules.csv,nfl_contract_history_release_trade_rules,rule,21,nfl_contract_history_release_trade_rules:21,"{""role_tier"":""rotation"",""age_band"":""prime"",""release_weight"":""0.315"",""trade_weight"":""0.06"",""post_june_probability"":""0.18"",""dead_money_tolerance"":""low"",""notes"":""Generates plausible cut/trade history rows and cap consequences.""}"
nfl_contracts,nfl_contract_history_release_trade_rules.csv,nfl_contract_history_release_trade_rules,rule,22,nfl_contract_history_release_trade_rules:22,"{""role_tier"":""rotation"",""age_band"":""late_prime"",""release_weight"":""0.462"",""trade_weight"":""0.054"",""post_june_probability"":""0.35"",""dead_money_tolerance"":""low"",""notes"":""Generates plausible cut/trade history rows and cap consequences.""}"
nfl_contracts,nfl_contract_history_release_trade_rules.csv,nfl_contract_history_release_trade_rules,rule,23,nfl_contract_history_release_trade_rules:23,"{""role_tier"":""rotation"",""age_band"":""older_vet"",""release_weight"":""0.651"",""trade_weight"":""0.033"",""post_june_probability"":""0.35"",""dead_money_tolerance"":""low"",""notes"":""Generates plausible cut/trade history rows and cap consequences.""}"
nfl_contracts,nfl_contract_history_release_trade_rules.csv,nfl_contract_history_release_trade_rules,rule,24,nfl_contract_history_release_trade_rules:24,"{""role_tier"":""rotation"",""age_band"":""late_career"",""release_weight"":""0.84"",""trade_weight"":""0.015"",""post_june_probability"":""0.35"",""dead_money_tolerance"":""low"",""notes"":""Generates plausible cut/trade history rows and cap consequences.""}"
nfl_contracts,nfl_contract_history_release_trade_rules.csv,nfl_contract_history_release_trade_rules,rule,25,nfl_contract_history_release_trade_rules:25,"{""role_tier"":""depth"",""age_band"":""rookie"",""release_weight"":""0.262"",""trade_weight"":""0.005"",""post_june_probability"":""0.18"",""dead_money_tolerance"":""low"",""notes"":""Generates plausible cut/trade history rows and cap consequences.""}"
nfl_contracts,nfl_contract_history_release_trade_rules.csv,nfl_contract_history_release_trade_rules,rule,26,nfl_contract_history_release_trade_rules:26,"{""role_tier"":""depth"",""age_band"":""early_career"",""release_weight"":""0.413"",""trade_weight"":""0.013"",""post_june_probability"":""0.18"",""dead_money_tolerance"":""low"",""notes"":""Generates plausible cut/trade history rows and cap consequences.""}"
nfl_contracts,nfl_contract_history_release_trade_rules.csv,nfl_contract_history_release_trade_rules,rule,27,nfl_contract_history_release_trade_rules:27,"{""role_tier"":""depth"",""age_band"":""prime"",""release_weight"":""0.562"",""trade_weight"":""0.02"",""post_june_probability"":""0.18"",""dead_money_tolerance"":""low"",""notes"":""Generates plausible cut/trade history rows and cap consequences.""}"
nfl_contracts,nfl_contract_history_release_trade_rules.csv,nfl_contract_history_release_trade_rules,rule,28,nfl_contract_history_release_trade_rules:28,"{""role_tier"":""depth"",""age_band"":""late_prime"",""release_weight"":""0.825"",""trade_weight"":""0.018"",""post_june_probability"":""0.35"",""dead_money_tolerance"":""low"",""notes"":""Generates plausible cut/trade history rows and cap consequences.""}"
nfl_contracts,nfl_contract_history_release_trade_rules.csv,nfl_contract_history_release_trade_rules,rule,29,nfl_contract_history_release_trade_rules:29,"{""role_tier"":""depth"",""age_band"":""older_vet"",""release_weight"":""1.163"",""trade_weight"":""0.011"",""post_june_probability"":""0.35"",""dead_money_tolerance"":""low"",""notes"":""Generates plausible cut/trade history rows and cap consequences.""}"
nfl_contracts,nfl_contract_history_release_trade_rules.csv,nfl_contract_history_release_trade_rules,rule,30,nfl_contract_history_release_trade_rules:30,"{""role_tier"":""depth"",""age_band"":""late_career"",""release_weight"":""1.5"",""trade_weight"":""0.005"",""post_june_probability"":""0.35"",""dead_money_tolerance"":""low"",""notes"":""Generates plausible cut/trade history rows and cap consequences.""}"
nfl_contracts,nfl_contract_history_release_trade_rules.csv,nfl_contract_history_release_trade_rules,rule,31,nfl_contract_history_release_trade_rules:31,"{""role_tier"":""fringe"",""age_band"":""rookie"",""release_weight"":""0.35"",""trade_weight"":""0.003"",""post_june_probability"":""0.18"",""dead_money_tolerance"":""low"",""notes"":""Generates plausible cut/trade history rows and cap consequences.""}"
nfl_contracts,nfl_contract_history_release_trade_rules.csv,nfl_contract_history_release_trade_rules,rule,32,nfl_contract_history_release_trade_rules:32,"{""role_tier"":""fringe"",""age_band"":""early_career"",""release_weight"":""0.55"",""trade_weight"":""0.007"",""post_june_probability"":""0.18"",""dead_money_tolerance"":""low"",""notes"":""Generates plausible cut/trade history rows and cap consequences.""}"
nfl_contracts,nfl_contract_history_release_trade_rules.csv,nfl_contract_history_release_trade_rules,rule,33,nfl_contract_history_release_trade_rules:33,"{""role_tier"":""fringe"",""age_band"":""prime"",""release_weight"":""0.75"",""trade_weight"":""0.01"",""post_june_probability"":""0.18"",""dead_money_tolerance"":""low"",""notes"":""Generates plausible cut/trade history rows and cap consequences.""}"
nfl_contracts,nfl_contract_history_release_trade_rules.csv,nfl_contract_history_release_trade_rules,rule,34,nfl_contract_history_release_trade_rules:34,"{""role_tier"":""fringe"",""age_band"":""late_prime"",""release_weight"":""1.1"",""trade_weight"":""0.009"",""post_june_probability"":""0.35"",""dead_money_tolerance"":""low"",""notes"":""Generates plausible cut/trade history rows and cap consequences.""}"
nfl_contracts,nfl_contract_history_release_trade_rules.csv,nfl_contract_history_release_trade_rules,rule,35,nfl_contract_history_release_trade_rules:35,"{""role_tier"":""fringe"",""age_band"":""older_vet"",""release_weight"":""1.55"",""trade_weight"":""0.006"",""post_june_probability"":""0.35"",""dead_money_tolerance"":""low"",""notes"":""Generates plausible cut/trade history rows and cap consequences.""}"
nfl_contracts,nfl_contract_history_release_trade_rules.csv,nfl_contract_history_release_trade_rules,rule,36,nfl_contract_history_release_trade_rules:36,"{""role_tier"":""fringe"",""age_band"":""late_career"",""release_weight"":""2.0"",""trade_weight"":""0.003"",""post_june_probability"":""0.35"",""dead_money_tolerance"":""low"",""notes"":""Generates plausible cut/trade history rows and cap consequences.""}"
nfl_contracts,nfl_contract_history_release_trade_rules.csv,nfl_contract_history_release_trade_rules,rule,37,nfl_contract_history_release_trade_rules:37,"{""role_tier"":""specialist"",""age_band"":""rookie"",""release_weight"":""0.098"",""trade_weight"":""0.005"",""post_june_probability"":""0.18"",""dead_money_tolerance"":""low"",""notes"":""Generates plausible cut/trade history rows and cap consequences.""}"
nfl_contracts,nfl_contract_history_release_trade_rules.csv,nfl_contract_history_release_trade_rules,rule,38,nfl_contract_history_release_trade_rules:38,"{""role_tier"":""specialist"",""age_band"":""early_career"",""release_weight"":""0.154"",""trade_weight"":""0.013"",""post_june_probability"":""0.18"",""dead_money_tolerance"":""low"",""notes"":""Generates plausible cut/trade history rows and cap consequences.""}"
nfl_contracts,nfl_contract_history_release_trade_rules.csv,nfl_contract_history_release_trade_rules,rule,39,nfl_contract_history_release_trade_rules:39,"{""role_tier"":""specialist"",""age_band"":""prime"",""release_weight"":""0.21"",""trade_weight"":""0.02"",""post_june_probability"":""0.18"",""dead_money_tolerance"":""low"",""notes"":""Generates plausible cut/trade history rows and cap consequences.""}"
nfl_contracts,nfl_contract_history_release_trade_rules.csv,nfl_contract_history_release_trade_rules,rule,40,nfl_contract_history_release_trade_rules:40,"{""role_tier"":""specialist"",""age_band"":""late_prime"",""release_weight"":""0.308"",""trade_weight"":""0.018"",""post_june_probability"":""0.35"",""dead_money_tolerance"":""low"",""notes"":""Generates plausible cut/trade history rows and cap consequences.""}"
nfl_contracts,nfl_contract_history_release_trade_rules.csv,nfl_contract_history_release_trade_rules,rule,41,nfl_contract_history_release_trade_rules:41,"{""role_tier"":""specialist"",""age_band"":""older_vet"",""release_weight"":""0.434"",""trade_weight"":""0.011"",""post_june_probability"":""0.35"",""dead_money_tolerance"":""low"",""notes"":""Generates plausible cut/trade history rows and cap consequences.""}"
nfl_contracts,nfl_contract_history_release_trade_rules.csv,nfl_contract_history_release_trade_rules,rule,42,nfl_contract_history_release_trade_rules:42,"{""role_tier"":""specialist"",""age_band"":""late_career"",""release_weight"":""0.56"",""trade_weight"":""0.005"",""post_june_probability"":""0.35"",""dead_money_tolerance"":""low"",""notes"":""Generates plausible cut/trade history rows and cap consequences.""}"
nfl_contracts,nfl_contract_history_research_basis.csv,nfl_contract_history_research_basis,research_basis,1,nfl_contract_history_research_basis:1,"{""basis_id"":""salary_cap_proration"",""research_anchor"":""NFL salary-cap accounting prorates signing-bonus guarantees, counts full active/reserve/practice squad in season, and treats pre/post-June release accounting differently."",""model_impact"":""Create cap mechanics and dead-money rules.""}"
nfl_contracts,nfl_contract_history_research_basis.csv,nfl_contract_history_research_basis,research_basis,2,nfl_contract_history_research_basis:2,"{""basis_id"":""rookie_wage_scale"",""research_anchor"":""Modern rookie contracts are four-year deals with draft-slot-driven value; first-rounders can have fifth-year options."",""model_impact"":""Create rookie deal rules and option decision history.""}"
nfl_contracts,nfl_contract_history_research_basis.csv,nfl_contract_history_research_basis,research_basis,3,nfl_contract_history_research_basis:3,"{""basis_id"":""franchise_transition_tags"",""research_anchor"":""Franchise/transition tags are one-year retention tools and rare enough to be treated as exceptional history events."",""model_impact"":""Add tag/tender eligibility and rarity rules.""}"
nfl_contracts,nfl_contract_history_research_basis.csv,nfl_contract_history_research_basis,research_basis,4,nfl_contract_history_research_basis:4,"{""basis_id"":""rfa_erfa_rights"",""research_anchor"":""Restricted/exclusive-rights free agency is based on accrued seasons and tenders."",""model_impact"":""Create rights-event history for young veterans.""}"
nfl_contracts,nfl_contract_history_research_basis.csv,nfl_contract_history_research_basis,research_basis,5,nfl_contract_history_research_basis:5,"{""basis_id"":""practice_squad_reserve_future"",""research_anchor"":""Practice squad contracts terminate after season; reserve/future contracts move players to offseason roster."",""model_impact"":""Add PS to reserve/future contract paths.""}"
nfl_contracts,nfl_contract_history_research_basis.csv,nfl_contract_history_research_basis,research_basis,6,nfl_contract_history_research_basis:6,"{""basis_id"":""restructures"",""research_anchor"":""Teams frequently convert salary into signing bonus to create short-term cap room while increasing future proration."",""model_impact"":""Add restructure and future cap risk history rows.""}"
nfl_contracts,nfl_contract_history_research_basis.csv,nfl_contract_history_research_basis,research_basis,7,nfl_contract_history_research_basis:7,"{""basis_id"":""roster_bonus"",""research_anchor"":""Roster bonuses create date-specific roster decisions and are not prorated like signing bonus."",""model_impact"":""Add roster-bonus trigger events and cut-deadline narratives.""}"
nfl_contracts,nfl_contract_history_research_basis.csv,nfl_contract_history_research_basis,research_basis,8,nfl_contract_history_research_basis:8,"{""basis_id"":""compensatory_pick_formula"",""research_anchor"":""Compensatory-pick formula is primarily based on contract value, playing time, and honors; exact formula is complex."",""model_impact"":""Add simplified comp-pick signal, not exact forced results.""}"
nfl_contracts,nfl_contract_history_restructure_rules.csv,nfl_contract_history_restructure_rules,rule,1,nfl_contract_history_restructure_rules:1,"{""team_cap_context"":""cap_crunch"",""role_tier"":""superstar"",""restructure_weight"":""2.1"",""max_base_salary_conversion_pct"":""0.8"",""allow_void_years"":""true"",""future_cap_risk_add_min"":""0.04"",""future_cap_risk_add_max"":""0.2"",""notes"":""Converts current-year cap relief into future cap risk and dead money exposure.""}"
nfl_contracts,nfl_contract_history_restructure_rules.csv,nfl_contract_history_restructure_rules,rule,2,nfl_contract_history_restructure_rules:2,"{""team_cap_context"":""cap_crunch"",""role_tier"":""plus_starter"",""restructure_weight"":""1.8"",""max_base_salary_conversion_pct"":""0.8"",""allow_void_years"":""true"",""future_cap_risk_add_min"":""0.04"",""future_cap_risk_add_max"":""0.2"",""notes"":""Converts current-year cap relief into future cap risk and dead money exposure.""}"
nfl_contracts,nfl_contract_history_restructure_rules.csv,nfl_contract_history_restructure_rules,rule,3,nfl_contract_history_restructure_rules:3,"{""team_cap_context"":""cap_crunch"",""role_tier"":""starter"",""restructure_weight"":""1.5"",""max_base_salary_conversion_pct"":""0.8"",""allow_void_years"":""true"",""future_cap_risk_add_min"":""0.04"",""future_cap_risk_add_max"":""0.2"",""notes"":""Converts current-year cap relief into future cap risk and dead money exposure.""}"
nfl_contracts,nfl_contract_history_restructure_rules.csv,nfl_contract_history_restructure_rules,rule,4,nfl_contract_history_restructure_rules:4,"{""team_cap_context"":""cap_crunch"",""role_tier"":""rotation"",""restructure_weight"":""0.675"",""max_base_salary_conversion_pct"":""0.45"",""allow_void_years"":""true"",""future_cap_risk_add_min"":""0.04"",""future_cap_risk_add_max"":""0.2"",""notes"":""Converts current-year cap relief into future cap risk and dead money exposure.""}"
nfl_contracts,nfl_contract_history_restructure_rules.csv,nfl_contract_history_restructure_rules,rule,5,nfl_contract_history_restructure_rules:5,"{""team_cap_context"":""cap_crunch"",""role_tier"":""depth"",""restructure_weight"":""0.15"",""max_base_salary_conversion_pct"":""0.45"",""allow_void_years"":""false"",""future_cap_risk_add_min"":""0.04"",""future_cap_risk_add_max"":""0.2"",""notes"":""Converts current-year cap relief into future cap risk and dead money exposure.""}"
nfl_contracts,nfl_contract_history_restructure_rules.csv,nfl_contract_history_restructure_rules,rule,6,nfl_contract_history_restructure_rules:6,"{""team_cap_context"":""contender_push"",""role_tier"":""superstar"",""restructure_weight"":""1.75"",""max_base_salary_conversion_pct"":""0.8"",""allow_void_years"":""true"",""future_cap_risk_add_min"":""0.04"",""future_cap_risk_add_max"":""0.2"",""notes"":""Converts current-year cap relief into future cap risk and dead money exposure.""}"
nfl_contracts,nfl_contract_history_restructure_rules.csv,nfl_contract_history_restructure_rules,rule,7,nfl_contract_history_restructure_rules:7,"{""team_cap_context"":""contender_push"",""role_tier"":""plus_starter"",""restructure_weight"":""1.5"",""max_base_salary_conversion_pct"":""0.8"",""allow_void_years"":""true"",""future_cap_risk_add_min"":""0.04"",""future_cap_risk_add_max"":""0.2"",""notes"":""Converts current-year cap relief into future cap risk and dead money exposure.""}"
nfl_contracts,nfl_contract_history_restructure_rules.csv,nfl_contract_history_restructure_rules,rule,8,nfl_contract_history_restructure_rules:8,"{""team_cap_context"":""contender_push"",""role_tier"":""starter"",""restructure_weight"":""1.25"",""max_base_salary_conversion_pct"":""0.8"",""allow_void_years"":""true"",""future_cap_risk_add_min"":""0.04"",""future_cap_risk_add_max"":""0.2"",""notes"":""Converts current-year cap relief into future cap risk and dead money exposure.""}"
nfl_contracts,nfl_contract_history_restructure_rules.csv,nfl_contract_history_restructure_rules,rule,9,nfl_contract_history_restructure_rules:9,"{""team_cap_context"":""contender_push"",""role_tier"":""rotation"",""restructure_weight"":""0.562"",""max_base_salary_conversion_pct"":""0.45"",""allow_void_years"":""true"",""future_cap_risk_add_min"":""0.04"",""future_cap_risk_add_max"":""0.2"",""notes"":""Converts current-year cap relief into future cap risk and dead money exposure.""}"
nfl_contracts,nfl_contract_history_restructure_rules.csv,nfl_contract_history_restructure_rules,rule,10,nfl_contract_history_restructure_rules:10,"{""team_cap_context"":""contender_push"",""role_tier"":""depth"",""restructure_weight"":""0.125"",""max_base_salary_conversion_pct"":""0.45"",""allow_void_years"":""false"",""future_cap_risk_add_min"":""0.04"",""future_cap_risk_add_max"":""0.2"",""notes"":""Converts current-year cap relief into future cap risk and dead money exposure.""}"
nfl_contracts,nfl_contract_history_restructure_rules.csv,nfl_contract_history_restructure_rules,rule,11,nfl_contract_history_restructure_rules:11,"{""team_cap_context"":""rookie_reserve_need"",""role_tier"":""superstar"",""restructure_weight"":""0.98"",""max_base_salary_conversion_pct"":""0.8"",""allow_void_years"":""false"",""future_cap_risk_add_min"":""0.04"",""future_cap_risk_add_max"":""0.08"",""notes"":""Converts current-year cap relief into future cap risk and dead money exposure.""}"
nfl_contracts,nfl_contract_history_restructure_rules.csv,nfl_contract_history_restructure_rules,rule,12,nfl_contract_history_restructure_rules:12,"{""team_cap_context"":""rookie_reserve_need"",""role_tier"":""plus_starter"",""restructure_weight"":""0.84"",""max_base_salary_conversion_pct"":""0.8"",""allow_void_years"":""false"",""future_cap_risk_add_min"":""0.04"",""future_cap_risk_add_max"":""0.08"",""notes"":""Converts current-year cap relief into future cap risk and dead money exposure.""}"
nfl_contracts,nfl_contract_history_restructure_rules.csv,nfl_contract_history_restructure_rules,rule,13,nfl_contract_history_restructure_rules:13,"{""team_cap_context"":""rookie_reserve_need"",""role_tier"":""starter"",""restructure_weight"":""0.7"",""max_base_salary_conversion_pct"":""0.8"",""allow_void_years"":""false"",""future_cap_risk_add_min"":""0.04"",""future_cap_risk_add_max"":""0.08"",""notes"":""Converts current-year cap relief into future cap risk and dead money exposure.""}"
nfl_contracts,nfl_contract_history_restructure_rules.csv,nfl_contract_history_restructure_rules,rule,14,nfl_contract_history_restructure_rules:14,"{""team_cap_context"":""rookie_reserve_need"",""role_tier"":""rotation"",""restructure_weight"":""0.315"",""max_base_salary_conversion_pct"":""0.45"",""allow_void_years"":""false"",""future_cap_risk_add_min"":""0.04"",""future_cap_risk_add_max"":""0.08"",""notes"":""Converts current-year cap relief into future cap risk and dead money exposure.""}"
nfl_contracts,nfl_contract_history_restructure_rules.csv,nfl_contract_history_restructure_rules,rule,15,nfl_contract_history_restructure_rules:15,"{""team_cap_context"":""rookie_reserve_need"",""role_tier"":""depth"",""restructure_weight"":""0.07"",""max_base_salary_conversion_pct"":""0.45"",""allow_void_years"":""false"",""future_cap_risk_add_min"":""0.04"",""future_cap_risk_add_max"":""0.08"",""notes"":""Converts current-year cap relief into future cap risk and dead money exposure.""}"
nfl_contracts,nfl_contract_history_restructure_rules.csv,nfl_contract_history_restructure_rules,rule,16,nfl_contract_history_restructure_rules:16,"{""team_cap_context"":""injury_replacement_need"",""role_tier"":""superstar"",""restructure_weight"":""1.19"",""max_base_salary_conversion_pct"":""0.8"",""allow_void_years"":""false"",""future_cap_risk_add_min"":""0.04"",""future_cap_risk_add_max"":""0.08"",""notes"":""Converts current-year cap relief into future cap risk and dead money exposure.""}"
nfl_contracts,nfl_contract_history_restructure_rules.csv,nfl_contract_history_restructure_rules,rule,17,nfl_contract_history_restructure_rules:17,"{""team_cap_context"":""injury_replacement_need"",""role_tier"":""plus_starter"",""restructure_weight"":""1.02"",""max_base_salary_conversion_pct"":""0.8"",""allow_void_years"":""false"",""future_cap_risk_add_min"":""0.04"",""future_cap_risk_add_max"":""0.08"",""notes"":""Converts current-year cap relief into future cap risk and dead money exposure.""}"
nfl_contracts,nfl_contract_history_restructure_rules.csv,nfl_contract_history_restructure_rules,rule,18,nfl_contract_history_restructure_rules:18,"{""team_cap_context"":""injury_replacement_need"",""role_tier"":""starter"",""restructure_weight"":""0.85"",""max_base_salary_conversion_pct"":""0.8"",""allow_void_years"":""false"",""future_cap_risk_add_min"":""0.04"",""future_cap_risk_add_max"":""0.08"",""notes"":""Converts current-year cap relief into future cap risk and dead money exposure.""}"
nfl_contracts,nfl_contract_history_restructure_rules.csv,nfl_contract_history_restructure_rules,rule,19,nfl_contract_history_restructure_rules:19,"{""team_cap_context"":""injury_replacement_need"",""role_tier"":""rotation"",""restructure_weight"":""0.383"",""max_base_salary_conversion_pct"":""0.45"",""allow_void_years"":""false"",""future_cap_risk_add_min"":""0.04"",""future_cap_risk_add_max"":""0.08"",""notes"":""Converts current-year cap relief into future cap risk and dead money exposure.""}"
nfl_contracts,nfl_contract_history_restructure_rules.csv,nfl_contract_history_restructure_rules,rule,20,nfl_contract_history_restructure_rules:20,"{""team_cap_context"":""injury_replacement_need"",""role_tier"":""depth"",""restructure_weight"":""0.085"",""max_base_salary_conversion_pct"":""0.45"",""allow_void_years"":""false"",""future_cap_risk_add_min"":""0.04"",""future_cap_risk_add_max"":""0.08"",""notes"":""Converts current-year cap relief into future cap risk and dead money exposure.""}"
nfl_contracts,nfl_contract_history_restructure_rules.csv,nfl_contract_history_restructure_rules,rule,21,nfl_contract_history_restructure_rules:21,"{""team_cap_context"":""future_push"",""role_tier"":""superstar"",""restructure_weight"":""1.54"",""max_base_salary_conversion_pct"":""0.8"",""allow_void_years"":""true"",""future_cap_risk_add_min"":""0.04"",""future_cap_risk_add_max"":""0.08"",""notes"":""Converts current-year cap relief into future cap risk and dead money exposure.""}"
nfl_contracts,nfl_contract_history_restructure_rules.csv,nfl_contract_history_restructure_rules,rule,22,nfl_contract_history_restructure_rules:22,"{""team_cap_context"":""future_push"",""role_tier"":""plus_starter"",""restructure_weight"":""1.32"",""max_base_salary_conversion_pct"":""0.8"",""allow_void_years"":""true"",""future_cap_risk_add_min"":""0.04"",""future_cap_risk_add_max"":""0.08"",""notes"":""Converts current-year cap relief into future cap risk and dead money exposure.""}"
nfl_contracts,nfl_contract_history_restructure_rules.csv,nfl_contract_history_restructure_rules,rule,23,nfl_contract_history_restructure_rules:23,"{""team_cap_context"":""future_push"",""role_tier"":""starter"",""restructure_weight"":""1.1"",""max_base_salary_conversion_pct"":""0.8"",""allow_void_years"":""true"",""future_cap_risk_add_min"":""0.04"",""future_cap_risk_add_max"":""0.08"",""notes"":""Converts current-year cap relief into future cap risk and dead money exposure.""}"
nfl_contracts,nfl_contract_history_restructure_rules.csv,nfl_contract_history_restructure_rules,rule,24,nfl_contract_history_restructure_rules:24,"{""team_cap_context"":""future_push"",""role_tier"":""rotation"",""restructure_weight"":""0.495"",""max_base_salary_conversion_pct"":""0.45"",""allow_void_years"":""true"",""future_cap_risk_add_min"":""0.04"",""future_cap_risk_add_max"":""0.08"",""notes"":""Converts current-year cap relief into future cap risk and dead money exposure.""}"
nfl_contracts,nfl_contract_history_restructure_rules.csv,nfl_contract_history_restructure_rules,rule,25,nfl_contract_history_restructure_rules:25,"{""team_cap_context"":""future_push"",""role_tier"":""depth"",""restructure_weight"":""0.11"",""max_base_salary_conversion_pct"":""0.45"",""allow_void_years"":""false"",""future_cap_risk_add_min"":""0.04"",""future_cap_risk_add_max"":""0.08"",""notes"":""Converts current-year cap relief into future cap risk and dead money exposure.""}"
nfl_contracts,nfl_contract_history_restructure_rules.csv,nfl_contract_history_restructure_rules,rule,26,nfl_contract_history_restructure_rules:26,"{""team_cap_context"":""neutral"",""role_tier"":""superstar"",""restructure_weight"":""0.49"",""max_base_salary_conversion_pct"":""0.8"",""allow_void_years"":""false"",""future_cap_risk_add_min"":""0.0"",""future_cap_risk_add_max"":""0.08"",""notes"":""Converts current-year cap relief into future cap risk and dead money exposure.""}"
nfl_contracts,nfl_contract_history_restructure_rules.csv,nfl_contract_history_restructure_rules,rule,27,nfl_contract_history_restructure_rules:27,"{""team_cap_context"":""neutral"",""role_tier"":""plus_starter"",""restructure_weight"":""0.42"",""max_base_salary_conversion_pct"":""0.8"",""allow_void_years"":""false"",""future_cap_risk_add_min"":""0.0"",""future_cap_risk_add_max"":""0.08"",""notes"":""Converts current-year cap relief into future cap risk and dead money exposure.""}"
nfl_contracts,nfl_contract_history_restructure_rules.csv,nfl_contract_history_restructure_rules,rule,28,nfl_contract_history_restructure_rules:28,"{""team_cap_context"":""neutral"",""role_tier"":""starter"",""restructure_weight"":""0.35"",""max_base_salary_conversion_pct"":""0.8"",""allow_void_years"":""false"",""future_cap_risk_add_min"":""0.0"",""future_cap_risk_add_max"":""0.08"",""notes"":""Converts current-year cap relief into future cap risk and dead money exposure.""}"
nfl_contracts,nfl_contract_history_restructure_rules.csv,nfl_contract_history_restructure_rules,rule,29,nfl_contract_history_restructure_rules:29,"{""team_cap_context"":""neutral"",""role_tier"":""rotation"",""restructure_weight"":""0.158"",""max_base_salary_conversion_pct"":""0.45"",""allow_void_years"":""false"",""future_cap_risk_add_min"":""0.0"",""future_cap_risk_add_max"":""0.08"",""notes"":""Converts current-year cap relief into future cap risk and dead money exposure.""}"
nfl_contracts,nfl_contract_history_restructure_rules.csv,nfl_contract_history_restructure_rules,rule,30,nfl_contract_history_restructure_rules:30,"{""team_cap_context"":""neutral"",""role_tier"":""depth"",""restructure_weight"":""0.035"",""max_base_salary_conversion_pct"":""0.45"",""allow_void_years"":""false"",""future_cap_risk_add_min"":""0.0"",""future_cap_risk_add_max"":""0.08"",""notes"":""Converts current-year cap relief into future cap risk and dead money exposure.""}"
nfl_contracts,nfl_contract_history_rookie_deal_rules.csv,nfl_contract_history_rookie_deal_rules,rule,1,nfl_contract_history_rookie_deal_rules:1,"{""pick_band"":""1_1_5"",""pick_min"":""1"",""pick_max"":""5"",""contract_years"":""4"",""has_fifth_year_option"":""True"",""guarantee_pct_min"":""0.98"",""guarantee_pct_max"":""1.0"",""signing_bonus_share_min"":""0.412"",""signing_bonus_share_max"":""0.58"",""history_event_sequence"":""ROOKIE_SIGN;OPTION_DECISION"",""notes"":""top_pick_fully_guaranteed""}"
nfl_contracts,nfl_contract_history_rookie_deal_rules.csv,nfl_contract_history_rookie_deal_rules,rule,2,nfl_contract_history_rookie_deal_rules:2,"{""pick_band"":""1_6_32"",""pick_min"":""6"",""pick_max"":""32"",""contract_years"":""4"",""has_fifth_year_option"":""True"",""guarantee_pct_min"":""0.86"",""guarantee_pct_max"":""0.98"",""signing_bonus_share_min"":""0.361"",""signing_bonus_share_max"":""0.568"",""history_event_sequence"":""ROOKIE_SIGN;OPTION_DECISION"",""notes"":""first_round_strong_guarantee""}"
nfl_contracts,nfl_contract_history_rookie_deal_rules.csv,nfl_contract_history_rookie_deal_rules,rule,3,nfl_contract_history_rookie_deal_rules:3,"{""pick_band"":""2_33_64"",""pick_min"":""33"",""pick_max"":""64"",""contract_years"":""4"",""has_fifth_year_option"":""False"",""guarantee_pct_min"":""0.35"",""guarantee_pct_max"":""0.85"",""signing_bonus_share_min"":""0.147"",""signing_bonus_share_max"":""0.493"",""history_event_sequence"":""ROOKIE_SIGN"",""notes"":""second_round_negotiated_guarantees""}"
nfl_contracts,nfl_contract_history_rookie_deal_rules.csv,nfl_contract_history_rookie_deal_rules,rule,4,nfl_contract_history_rookie_deal_rules:4,"{""pick_band"":""3_65_100"",""pick_min"":""65"",""pick_max"":""100"",""contract_years"":""4"",""has_fifth_year_option"":""False"",""guarantee_pct_min"":""0.18"",""guarantee_pct_max"":""0.42"",""signing_bonus_share_min"":""0.076"",""signing_bonus_share_max"":""0.244"",""history_event_sequence"":""ROOKIE_SIGN"",""notes"":""third_round_partial_guarantee""}"
nfl_contracts,nfl_contract_history_rookie_deal_rules.csv,nfl_contract_history_rookie_deal_rules,rule,5,nfl_contract_history_rookie_deal_rules:5,"{""pick_band"":""4_101_140"",""pick_min"":""101"",""pick_max"":""140"",""contract_years"":""4"",""has_fifth_year_option"":""False"",""guarantee_pct_min"":""0.06"",""guarantee_pct_max"":""0.2"",""signing_bonus_share_min"":""0.025"",""signing_bonus_share_max"":""0.116"",""history_event_sequence"":""ROOKIE_SIGN"",""notes"":""day3_bonus_driven""}"
nfl_contracts,nfl_contract_history_rookie_deal_rules.csv,nfl_contract_history_rookie_deal_rules,rule,6,nfl_contract_history_rookie_deal_rules:6,"{""pick_band"":""5_141_180"",""pick_min"":""141"",""pick_max"":""180"",""contract_years"":""4"",""has_fifth_year_option"":""False"",""guarantee_pct_min"":""0.03"",""guarantee_pct_max"":""0.12"",""signing_bonus_share_min"":""0.013"",""signing_bonus_share_max"":""0.07"",""history_event_sequence"":""ROOKIE_SIGN"",""notes"":""day3_small_bonus""}"
nfl_contracts,nfl_contract_history_rookie_deal_rules.csv,nfl_contract_history_rookie_deal_rules,rule,7,nfl_contract_history_rookie_deal_rules:7,"{""pick_band"":""6_181_220"",""pick_min"":""181"",""pick_max"":""220"",""contract_years"":""4"",""has_fifth_year_option"":""False"",""guarantee_pct_min"":""0.01"",""guarantee_pct_max"":""0.08"",""signing_bonus_share_min"":""0.004"",""signing_bonus_share_max"":""0.046"",""history_event_sequence"":""ROOKIE_SIGN"",""notes"":""late_round_minimum_ladder""}"
nfl_contracts,nfl_contract_history_rookie_deal_rules.csv,nfl_contract_history_rookie_deal_rules,rule,8,nfl_contract_history_rookie_deal_rules:8,"{""pick_band"":""7_221_260"",""pick_min"":""221"",""pick_max"":""260"",""contract_years"":""4"",""has_fifth_year_option"":""False"",""guarantee_pct_min"":""0.0"",""guarantee_pct_max"":""0.05"",""signing_bonus_share_min"":""0.0"",""signing_bonus_share_max"":""0.029"",""history_event_sequence"":""ROOKIE_SIGN"",""notes"":""late_round_minimum_ladder""}"
nfl_contracts,nfl_contract_history_tag_tender_rules.csv,nfl_contract_history_tag_tender_rules,rule,1,QB,"{""position_group"":""QB"",""tag_or_tender_type"":""franchise_nonexclusive"",""relative_weight"":""0.9"",""salary_rule"":""top5_or_120pct"",""max_per_team_per_year"":""1"",""history_use"":""Use as rare event in generated contract histories, not a common default."",""notes"":""Tags are retention tools; RFA/ERFA tenders are rights-status tools.""}"
nfl_contracts,nfl_contract_history_tag_tender_rules.csv,nfl_contract_history_tag_tender_rules,rule,2,QB,"{""position_group"":""QB"",""tag_or_tender_type"":""franchise_exclusive"",""relative_weight"":""0.9"",""salary_rule"":""top5_or_120pct"",""max_per_team_per_year"":""1"",""history_use"":""Use as rare event in generated contract histories, not a common default."",""notes"":""Tags are retention tools; RFA/ERFA tenders are rights-status tools.""}"
nfl_contracts,nfl_contract_history_tag_tender_rules.csv,nfl_contract_history_tag_tender_rules,rule,3,QB,"{""position_group"":""QB"",""tag_or_tender_type"":""transition"",""relative_weight"":""0.08"",""salary_rule"":""top10_or_120pct"",""max_per_team_per_year"":""1"",""history_use"":""Use as rare event in generated contract histories, not a common default."",""notes"":""Tags are retention tools; RFA/ERFA tenders are rights-status tools.""}"
nfl_contracts,nfl_contract_history_tag_tender_rules.csv,nfl_contract_history_tag_tender_rules,rule,4,QB,"{""position_group"":""QB"",""tag_or_tender_type"":""rfa_first"",""relative_weight"":""0.16"",""salary_rule"":""tender_level"",""max_per_team_per_year"":""unlimited_by_rule_but_rare"",""history_use"":""Use as rare event in generated contract histories, not a common default."",""notes"":""Tags are retention tools; RFA/ERFA tenders are rights-status tools.""}"
nfl_contracts,nfl_contract_history_tag_tender_rules.csv,nfl_contract_history_tag_tender_rules,rule,5,QB,"{""position_group"":""QB"",""tag_or_tender_type"":""rfa_second"",""relative_weight"":""0.16"",""salary_rule"":""tender_level"",""max_per_team_per_year"":""unlimited_by_rule_but_rare"",""history_use"":""Use as rare event in generated contract histories, not a common default."",""notes"":""Tags are retention tools; RFA/ERFA tenders are rights-status tools.""}"
nfl_contracts,nfl_contract_history_tag_tender_rules.csv,nfl_contract_history_tag_tender_rules,rule,6,QB,"{""position_group"":""QB"",""tag_or_tender_type"":""rfa_original"",""relative_weight"":""0.16"",""salary_rule"":""tender_level"",""max_per_team_per_year"":""unlimited_by_rule_but_rare"",""history_use"":""Use as rare event in generated contract histories, not a common default."",""notes"":""Tags are retention tools; RFA/ERFA tenders are rights-status tools.""}"
nfl_contracts,nfl_contract_history_tag_tender_rules.csv,nfl_contract_history_tag_tender_rules,rule,7,QB,"{""position_group"":""QB"",""tag_or_tender_type"":""erfa"",""relative_weight"":""0.12"",""salary_rule"":""league_minimum_rights_tender"",""max_per_team_per_year"":""unlimited_by_rule_but_rare"",""history_use"":""Use as rare event in generated contract histories, not a common default."",""notes"":""Tags are retention tools; RFA/ERFA tenders are rights-status tools.""}"
nfl_contracts,nfl_contract_history_tag_tender_rules.csv,nfl_contract_history_tag_tender_rules,rule,8,RB,"{""position_group"":""RB"",""tag_or_tender_type"":""franchise_nonexclusive"",""relative_weight"":""0.18"",""salary_rule"":""top5_or_120pct"",""max_per_team_per_year"":""1"",""history_use"":""Use as rare event in generated contract histories, not a common default."",""notes"":""Tags are retention tools; RFA/ERFA tenders are rights-status tools.""}"
nfl_contracts,nfl_contract_history_tag_tender_rules.csv,nfl_contract_history_tag_tender_rules,rule,9,RB,"{""position_group"":""RB"",""tag_or_tender_type"":""franchise_exclusive"",""relative_weight"":""0.18"",""salary_rule"":""top5_or_120pct"",""max_per_team_per_year"":""1"",""history_use"":""Use as rare event in generated contract histories, not a common default."",""notes"":""Tags are retention tools; RFA/ERFA tenders are rights-status tools.""}"
nfl_contracts,nfl_contract_history_tag_tender_rules.csv,nfl_contract_history_tag_tender_rules,rule,10,RB,"{""position_group"":""RB"",""tag_or_tender_type"":""transition"",""relative_weight"":""0.03"",""salary_rule"":""top10_or_120pct"",""max_per_team_per_year"":""1"",""history_use"":""Use as rare event in generated contract histories, not a common default."",""notes"":""Tags are retention tools; RFA/ERFA tenders are rights-status tools.""}"
nfl_contracts,nfl_contract_history_tag_tender_rules.csv,nfl_contract_history_tag_tender_rules,rule,11,RB,"{""position_group"":""RB"",""tag_or_tender_type"":""rfa_first"",""relative_weight"":""0.16"",""salary_rule"":""tender_level"",""max_per_team_per_year"":""unlimited_by_rule_but_rare"",""history_use"":""Use as rare event in generated contract histories, not a common default."",""notes"":""Tags are retention tools; RFA/ERFA tenders are rights-status tools.""}"
nfl_contracts,nfl_contract_history_tag_tender_rules.csv,nfl_contract_history_tag_tender_rules,rule,12,RB,"{""position_group"":""RB"",""tag_or_tender_type"":""rfa_second"",""relative_weight"":""0.16"",""salary_rule"":""tender_level"",""max_per_team_per_year"":""unlimited_by_rule_but_rare"",""history_use"":""Use as rare event in generated contract histories, not a common default."",""notes"":""Tags are retention tools; RFA/ERFA tenders are rights-status tools.""}"
nfl_contracts,nfl_contract_history_tag_tender_rules.csv,nfl_contract_history_tag_tender_rules,rule,13,RB,"{""position_group"":""RB"",""tag_or_tender_type"":""rfa_original"",""relative_weight"":""0.16"",""salary_rule"":""tender_level"",""max_per_team_per_year"":""unlimited_by_rule_but_rare"",""history_use"":""Use as rare event in generated contract histories, not a common default."",""notes"":""Tags are retention tools; RFA/ERFA tenders are rights-status tools.""}"
nfl_contracts,nfl_contract_history_tag_tender_rules.csv,nfl_contract_history_tag_tender_rules,rule,14,RB,"{""position_group"":""RB"",""tag_or_tender_type"":""erfa"",""relative_weight"":""0.12"",""salary_rule"":""league_minimum_rights_tender"",""max_per_team_per_year"":""unlimited_by_rule_but_rare"",""history_use"":""Use as rare event in generated contract histories, not a common default."",""notes"":""Tags are retention tools; RFA/ERFA tenders are rights-status tools.""}"
nfl_contracts,nfl_contract_history_tag_tender_rules.csv,nfl_contract_history_tag_tender_rules,rule,15,WR,"{""position_group"":""WR"",""tag_or_tender_type"":""franchise_nonexclusive"",""relative_weight"":""0.65"",""salary_rule"":""top5_or_120pct"",""max_per_team_per_year"":""1"",""history_use"":""Use as rare event in generated contract histories, not a common default."",""notes"":""Tags are retention tools; RFA/ERFA tenders are rights-status tools.""}"
nfl_contracts,nfl_contract_history_tag_tender_rules.csv,nfl_contract_history_tag_tender_rules,rule,16,WR,"{""position_group"":""WR"",""tag_or_tender_type"":""franchise_exclusive"",""relative_weight"":""0.65"",""salary_rule"":""top5_or_120pct"",""max_per_team_per_year"":""1"",""history_use"":""Use as rare event in generated contract histories, not a common default."",""notes"":""Tags are retention tools; RFA/ERFA tenders are rights-status tools.""}"
nfl_contracts,nfl_contract_history_tag_tender_rules.csv,nfl_contract_history_tag_tender_rules,rule,17,WR,"{""position_group"":""WR"",""tag_or_tender_type"":""transition"",""relative_weight"":""0.12"",""salary_rule"":""top10_or_120pct"",""max_per_team_per_year"":""1"",""history_use"":""Use as rare event in generated contract histories, not a common default."",""notes"":""Tags are retention tools; RFA/ERFA tenders are rights-status tools.""}"
nfl_contracts,nfl_contract_history_tag_tender_rules.csv,nfl_contract_history_tag_tender_rules,rule,18,WR,"{""position_group"":""WR"",""tag_or_tender_type"":""rfa_first"",""relative_weight"":""0.16"",""salary_rule"":""tender_level"",""max_per_team_per_year"":""unlimited_by_rule_but_rare"",""history_use"":""Use as rare event in generated contract histories, not a common default."",""notes"":""Tags are retention tools; RFA/ERFA tenders are rights-status tools.""}"
nfl_contracts,nfl_contract_history_tag_tender_rules.csv,nfl_contract_history_tag_tender_rules,rule,19,WR,"{""position_group"":""WR"",""tag_or_tender_type"":""rfa_second"",""relative_weight"":""0.16"",""salary_rule"":""tender_level"",""max_per_team_per_year"":""unlimited_by_rule_but_rare"",""history_use"":""Use as rare event in generated contract histories, not a common default."",""notes"":""Tags are retention tools; RFA/ERFA tenders are rights-status tools.""}"
nfl_contracts,nfl_contract_history_tag_tender_rules.csv,nfl_contract_history_tag_tender_rules,rule,20,WR,"{""position_group"":""WR"",""tag_or_tender_type"":""rfa_original"",""relative_weight"":""0.16"",""salary_rule"":""tender_level"",""max_per_team_per_year"":""unlimited_by_rule_but_rare"",""history_use"":""Use as rare event in generated contract histories, not a common default."",""notes"":""Tags are retention tools; RFA/ERFA tenders are rights-status tools.""}"
nfl_contracts,nfl_contract_history_tag_tender_rules.csv,nfl_contract_history_tag_tender_rules,rule,21,WR,"{""position_group"":""WR"",""tag_or_tender_type"":""erfa"",""relative_weight"":""0.12"",""salary_rule"":""league_minimum_rights_tender"",""max_per_team_per_year"":""unlimited_by_rule_but_rare"",""history_use"":""Use as rare event in generated contract histories, not a common default."",""notes"":""Tags are retention tools; RFA/ERFA tenders are rights-status tools.""}"
nfl_contracts,nfl_contract_history_tag_tender_rules.csv,nfl_contract_history_tag_tender_rules,rule,22,TE,"{""position_group"":""TE"",""tag_or_tender_type"":""franchise_nonexclusive"",""relative_weight"":""0.32"",""salary_rule"":""top5_or_120pct"",""max_per_team_per_year"":""1"",""history_use"":""Use as rare event in generated contract histories, not a common default."",""notes"":""Tags are retention tools; RFA/ERFA tenders are rights-status tools.""}"
nfl_contracts,nfl_contract_history_tag_tender_rules.csv,nfl_contract_history_tag_tender_rules,rule,23,TE,"{""position_group"":""TE"",""tag_or_tender_type"":""franchise_exclusive"",""relative_weight"":""0.32"",""salary_rule"":""top5_or_120pct"",""max_per_team_per_year"":""1"",""history_use"":""Use as rare event in generated contract histories, not a common default."",""notes"":""Tags are retention tools; RFA/ERFA tenders are rights-status tools.""}"
nfl_contracts,nfl_contract_history_tag_tender_rules.csv,nfl_contract_history_tag_tender_rules,rule,24,TE,"{""position_group"":""TE"",""tag_or_tender_type"":""transition"",""relative_weight"":""0.05"",""salary_rule"":""top10_or_120pct"",""max_per_team_per_year"":""1"",""history_use"":""Use as rare event in generated contract histories, not a common default."",""notes"":""Tags are retention tools; RFA/ERFA tenders are rights-status tools.""}"
nfl_contracts,nfl_contract_history_tag_tender_rules.csv,nfl_contract_history_tag_tender_rules,rule,25,TE,"{""position_group"":""TE"",""tag_or_tender_type"":""rfa_first"",""relative_weight"":""0.16"",""salary_rule"":""tender_level"",""max_per_team_per_year"":""unlimited_by_rule_but_rare"",""history_use"":""Use as rare event in generated contract histories, not a common default."",""notes"":""Tags are retention tools; RFA/ERFA tenders are rights-status tools.""}"
nfl_contracts,nfl_contract_history_tag_tender_rules.csv,nfl_contract_history_tag_tender_rules,rule,26,TE,"{""position_group"":""TE"",""tag_or_tender_type"":""rfa_second"",""relative_weight"":""0.16"",""salary_rule"":""tender_level"",""max_per_team_per_year"":""unlimited_by_rule_but_rare"",""history_use"":""Use as rare event in generated contract histories, not a common default."",""notes"":""Tags are retention tools; RFA/ERFA tenders are rights-status tools.""}"
nfl_contracts,nfl_contract_history_tag_tender_rules.csv,nfl_contract_history_tag_tender_rules,rule,27,TE,"{""position_group"":""TE"",""tag_or_tender_type"":""rfa_original"",""relative_weight"":""0.16"",""salary_rule"":""tender_level"",""max_per_team_per_year"":""unlimited_by_rule_but_rare"",""history_use"":""Use as rare event in generated contract histories, not a common default."",""notes"":""Tags are retention tools; RFA/ERFA tenders are rights-status tools.""}"
nfl_contracts,nfl_contract_history_tag_tender_rules.csv,nfl_contract_history_tag_tender_rules,rule,28,TE,"{""position_group"":""TE"",""tag_or_tender_type"":""erfa"",""relative_weight"":""0.12"",""salary_rule"":""league_minimum_rights_tender"",""max_per_team_per_year"":""unlimited_by_rule_but_rare"",""history_use"":""Use as rare event in generated contract histories, not a common default."",""notes"":""Tags are retention tools; RFA/ERFA tenders are rights-status tools.""}"
nfl_contracts,nfl_contract_history_tag_tender_rules.csv,nfl_contract_history_tag_tender_rules,rule,29,OL,"{""position_group"":""OL"",""tag_or_tender_type"":""franchise_nonexclusive"",""relative_weight"":""0.55"",""salary_rule"":""top5_or_120pct"",""max_per_team_per_year"":""1"",""history_use"":""Use as rare event in generated contract histories, not a common default."",""notes"":""Tags are retention tools; RFA/ERFA tenders are rights-status tools.""}"
nfl_contracts,nfl_contract_history_tag_tender_rules.csv,nfl_contract_history_tag_tender_rules,rule,30,OL,"{""position_group"":""OL"",""tag_or_tender_type"":""franchise_exclusive"",""relative_weight"":""0.55"",""salary_rule"":""top5_or_120pct"",""max_per_team_per_year"":""1"",""history_use"":""Use as rare event in generated contract histories, not a common default."",""notes"":""Tags are retention tools; RFA/ERFA tenders are rights-status tools.""}"
nfl_contracts,nfl_contract_history_tag_tender_rules.csv,nfl_contract_history_tag_tender_rules,rule,31,OL,"{""position_group"":""OL"",""tag_or_tender_type"":""transition"",""relative_weight"":""0.08"",""salary_rule"":""top10_or_120pct"",""max_per_team_per_year"":""1"",""history_use"":""Use as rare event in generated contract histories, not a common default."",""notes"":""Tags are retention tools; RFA/ERFA tenders are rights-status tools.""}"
nfl_contracts,nfl_contract_history_tag_tender_rules.csv,nfl_contract_history_tag_tender_rules,rule,32,OL,"{""position_group"":""OL"",""tag_or_tender_type"":""rfa_first"",""relative_weight"":""0.16"",""salary_rule"":""tender_level"",""max_per_team_per_year"":""unlimited_by_rule_but_rare"",""history_use"":""Use as rare event in generated contract histories, not a common default."",""notes"":""Tags are retention tools; RFA/ERFA tenders are rights-status tools.""}"
nfl_contracts,nfl_contract_history_tag_tender_rules.csv,nfl_contract_history_tag_tender_rules,rule,33,OL,"{""position_group"":""OL"",""tag_or_tender_type"":""rfa_second"",""relative_weight"":""0.16"",""salary_rule"":""tender_level"",""max_per_team_per_year"":""unlimited_by_rule_but_rare"",""history_use"":""Use as rare event in generated contract histories, not a common default."",""notes"":""Tags are retention tools; RFA/ERFA tenders are rights-status tools.""}"
nfl_contracts,nfl_contract_history_tag_tender_rules.csv,nfl_contract_history_tag_tender_rules,rule,34,OL,"{""position_group"":""OL"",""tag_or_tender_type"":""rfa_original"",""relative_weight"":""0.16"",""salary_rule"":""tender_level"",""max_per_team_per_year"":""unlimited_by_rule_but_rare"",""history_use"":""Use as rare event in generated contract histories, not a common default."",""notes"":""Tags are retention tools; RFA/ERFA tenders are rights-status tools.""}"
nfl_contracts,nfl_contract_history_tag_tender_rules.csv,nfl_contract_history_tag_tender_rules,rule,35,OL,"{""position_group"":""OL"",""tag_or_tender_type"":""erfa"",""relative_weight"":""0.12"",""salary_rule"":""league_minimum_rights_tender"",""max_per_team_per_year"":""unlimited_by_rule_but_rare"",""history_use"":""Use as rare event in generated contract histories, not a common default."",""notes"":""Tags are retention tools; RFA/ERFA tenders are rights-status tools.""}"
nfl_contracts,nfl_contract_history_tag_tender_rules.csv,nfl_contract_history_tag_tender_rules,rule,36,EDGE,"{""position_group"":""EDGE"",""tag_or_tender_type"":""franchise_nonexclusive"",""relative_weight"":""0.75"",""salary_rule"":""top5_or_120pct"",""max_per_team_per_year"":""1"",""history_use"":""Use as rare event in generated contract histories, not a common default."",""notes"":""Tags are retention tools; RFA/ERFA tenders are rights-status tools.""}"
nfl_contracts,nfl_contract_history_tag_tender_rules.csv,nfl_contract_history_tag_tender_rules,rule,37,EDGE,"{""position_group"":""EDGE"",""tag_or_tender_type"":""franchise_exclusive"",""relative_weight"":""0.75"",""salary_rule"":""top5_or_120pct"",""max_per_team_per_year"":""1"",""history_use"":""Use as rare event in generated contract histories, not a common default."",""notes"":""Tags are retention tools; RFA/ERFA tenders are rights-status tools.""}"
nfl_contracts,nfl_contract_history_tag_tender_rules.csv,nfl_contract_history_tag_tender_rules,rule,38,EDGE,"{""position_group"":""EDGE"",""tag_or_tender_type"":""transition"",""relative_weight"":""0.1"",""salary_rule"":""top10_or_120pct"",""max_per_team_per_year"":""1"",""history_use"":""Use as rare event in generated contract histories, not a common default."",""notes"":""Tags are retention tools; RFA/ERFA tenders are rights-status tools.""}"
nfl_contracts,nfl_contract_history_tag_tender_rules.csv,nfl_contract_history_tag_tender_rules,rule,39,EDGE,"{""position_group"":""EDGE"",""tag_or_tender_type"":""rfa_first"",""relative_weight"":""0.16"",""salary_rule"":""tender_level"",""max_per_team_per_year"":""unlimited_by_rule_but_rare"",""history_use"":""Use as rare event in generated contract histories, not a common default."",""notes"":""Tags are retention tools; RFA/ERFA tenders are rights-status tools.""}"
nfl_contracts,nfl_contract_history_tag_tender_rules.csv,nfl_contract_history_tag_tender_rules,rule,40,EDGE,"{""position_group"":""EDGE"",""tag_or_tender_type"":""rfa_second"",""relative_weight"":""0.16"",""salary_rule"":""tender_level"",""max_per_team_per_year"":""unlimited_by_rule_but_rare"",""history_use"":""Use as rare event in generated contract histories, not a common default."",""notes"":""Tags are retention tools; RFA/ERFA tenders are rights-status tools.""}"
nfl_contracts,nfl_contract_history_tag_tender_rules.csv,nfl_contract_history_tag_tender_rules,rule,41,EDGE,"{""position_group"":""EDGE"",""tag_or_tender_type"":""rfa_original"",""relative_weight"":""0.16"",""salary_rule"":""tender_level"",""max_per_team_per_year"":""unlimited_by_rule_but_rare"",""history_use"":""Use as rare event in generated contract histories, not a common default."",""notes"":""Tags are retention tools; RFA/ERFA tenders are rights-status tools.""}"
nfl_contracts,nfl_contract_history_tag_tender_rules.csv,nfl_contract_history_tag_tender_rules,rule,42,EDGE,"{""position_group"":""EDGE"",""tag_or_tender_type"":""erfa"",""relative_weight"":""0.12"",""salary_rule"":""league_minimum_rights_tender"",""max_per_team_per_year"":""unlimited_by_rule_but_rare"",""history_use"":""Use as rare event in generated contract histories, not a common default."",""notes"":""Tags are retention tools; RFA/ERFA tenders are rights-status tools.""}"
nfl_contracts,nfl_contract_history_tag_tender_rules.csv,nfl_contract_history_tag_tender_rules,rule,43,DL,"{""position_group"":""DL"",""tag_or_tender_type"":""franchise_nonexclusive"",""relative_weight"":""0.42"",""salary_rule"":""top5_or_120pct"",""max_per_team_per_year"":""1"",""history_use"":""Use as rare event in generated contract histories, not a common default."",""notes"":""Tags are retention tools; RFA/ERFA tenders are rights-status tools.""}"
nfl_contracts,nfl_contract_history_tag_tender_rules.csv,nfl_contract_history_tag_tender_rules,rule,44,DL,"{""position_group"":""DL"",""tag_or_tender_type"":""franchise_exclusive"",""relative_weight"":""0.42"",""salary_rule"":""top5_or_120pct"",""max_per_team_per_year"":""1"",""history_use"":""Use as rare event in generated contract histories, not a common default."",""notes"":""Tags are retention tools; RFA/ERFA tenders are rights-status tools.""}"
nfl_contracts,nfl_contract_history_tag_tender_rules.csv,nfl_contract_history_tag_tender_rules,rule,45,DL,"{""position_group"":""DL"",""tag_or_tender_type"":""transition"",""relative_weight"":""0.06"",""salary_rule"":""top10_or_120pct"",""max_per_team_per_year"":""1"",""history_use"":""Use as rare event in generated contract histories, not a common default."",""notes"":""Tags are retention tools; RFA/ERFA tenders are rights-status tools.""}"
nfl_contracts,nfl_contract_history_tag_tender_rules.csv,nfl_contract_history_tag_tender_rules,rule,46,DL,"{""position_group"":""DL"",""tag_or_tender_type"":""rfa_first"",""relative_weight"":""0.16"",""salary_rule"":""tender_level"",""max_per_team_per_year"":""unlimited_by_rule_but_rare"",""history_use"":""Use as rare event in generated contract histories, not a common default."",""notes"":""Tags are retention tools; RFA/ERFA tenders are rights-status tools.""}"
nfl_contracts,nfl_contract_history_tag_tender_rules.csv,nfl_contract_history_tag_tender_rules,rule,47,DL,"{""position_group"":""DL"",""tag_or_tender_type"":""rfa_second"",""relative_weight"":""0.16"",""salary_rule"":""tender_level"",""max_per_team_per_year"":""unlimited_by_rule_but_rare"",""history_use"":""Use as rare event in generated contract histories, not a common default."",""notes"":""Tags are retention tools; RFA/ERFA tenders are rights-status tools.""}"
nfl_contracts,nfl_contract_history_tag_tender_rules.csv,nfl_contract_history_tag_tender_rules,rule,48,DL,"{""position_group"":""DL"",""tag_or_tender_type"":""rfa_original"",""relative_weight"":""0.16"",""salary_rule"":""tender_level"",""max_per_team_per_year"":""unlimited_by_rule_but_rare"",""history_use"":""Use as rare event in generated contract histories, not a common default."",""notes"":""Tags are retention tools; RFA/ERFA tenders are rights-status tools.""}"
nfl_contracts,nfl_contract_history_tag_tender_rules.csv,nfl_contract_history_tag_tender_rules,rule,49,DL,"{""position_group"":""DL"",""tag_or_tender_type"":""erfa"",""relative_weight"":""0.12"",""salary_rule"":""league_minimum_rights_tender"",""max_per_team_per_year"":""unlimited_by_rule_but_rare"",""history_use"":""Use as rare event in generated contract histories, not a common default."",""notes"":""Tags are retention tools; RFA/ERFA tenders are rights-status tools.""}"
nfl_contracts,nfl_contract_history_tag_tender_rules.csv,nfl_contract_history_tag_tender_rules,rule,50,LB,"{""position_group"":""LB"",""tag_or_tender_type"":""franchise_nonexclusive"",""relative_weight"":""0.22"",""salary_rule"":""top5_or_120pct"",""max_per_team_per_year"":""1"",""history_use"":""Use as rare event in generated contract histories, not a common default."",""notes"":""Tags are retention tools; RFA/ERFA tenders are rights-status tools.""}"
nfl_contracts,nfl_contract_history_tag_tender_rules.csv,nfl_contract_history_tag_tender_rules,rule,51,LB,"{""position_group"":""LB"",""tag_or_tender_type"":""franchise_exclusive"",""relative_weight"":""0.22"",""salary_rule"":""top5_or_120pct"",""max_per_team_per_year"":""1"",""history_use"":""Use as rare event in generated contract histories, not a common default."",""notes"":""Tags are retention tools; RFA/ERFA tenders are rights-status tools.""}"
nfl_contracts,nfl_contract_history_tag_tender_rules.csv,nfl_contract_history_tag_tender_rules,rule,52,LB,"{""position_group"":""LB"",""tag_or_tender_type"":""transition"",""relative_weight"":""0.04"",""salary_rule"":""top10_or_120pct"",""max_per_team_per_year"":""1"",""history_use"":""Use as rare event in generated contract histories, not a common default."",""notes"":""Tags are retention tools; RFA/ERFA tenders are rights-status tools.""}"
nfl_contracts,nfl_contract_history_tag_tender_rules.csv,nfl_contract_history_tag_tender_rules,rule,53,LB,"{""position_group"":""LB"",""tag_or_tender_type"":""rfa_first"",""relative_weight"":""0.16"",""salary_rule"":""tender_level"",""max_per_team_per_year"":""unlimited_by_rule_but_rare"",""history_use"":""Use as rare event in generated contract histories, not a common default."",""notes"":""Tags are retention tools; RFA/ERFA tenders are rights-status tools.""}"
nfl_contracts,nfl_contract_history_tag_tender_rules.csv,nfl_contract_history_tag_tender_rules,rule,54,LB,"{""position_group"":""LB"",""tag_or_tender_type"":""rfa_second"",""relative_weight"":""0.16"",""salary_rule"":""tender_level"",""max_per_team_per_year"":""unlimited_by_rule_but_rare"",""history_use"":""Use as rare event in generated contract histories, not a common default."",""notes"":""Tags are retention tools; RFA/ERFA tenders are rights-status tools.""}"
nfl_contracts,nfl_contract_history_tag_tender_rules.csv,nfl_contract_history_tag_tender_rules,rule,55,LB,"{""position_group"":""LB"",""tag_or_tender_type"":""rfa_original"",""relative_weight"":""0.16"",""salary_rule"":""tender_level"",""max_per_team_per_year"":""unlimited_by_rule_but_rare"",""history_use"":""Use as rare event in generated contract histories, not a common default."",""notes"":""Tags are retention tools; RFA/ERFA tenders are rights-status tools.""}"
nfl_contracts,nfl_contract_history_tag_tender_rules.csv,nfl_contract_history_tag_tender_rules,rule,56,LB,"{""position_group"":""LB"",""tag_or_tender_type"":""erfa"",""relative_weight"":""0.12"",""salary_rule"":""league_minimum_rights_tender"",""max_per_team_per_year"":""unlimited_by_rule_but_rare"",""history_use"":""Use as rare event in generated contract histories, not a common default."",""notes"":""Tags are retention tools; RFA/ERFA tenders are rights-status tools.""}"
nfl_contracts,nfl_contract_history_tag_tender_rules.csv,nfl_contract_history_tag_tender_rules,rule,57,CB,"{""position_group"":""CB"",""tag_or_tender_type"":""franchise_nonexclusive"",""relative_weight"":""0.5"",""salary_rule"":""top5_or_120pct"",""max_per_team_per_year"":""1"",""history_use"":""Use as rare event in generated contract histories, not a common default."",""notes"":""Tags are retention tools; RFA/ERFA tenders are rights-status tools.""}"
nfl_contracts,nfl_contract_history_tag_tender_rules.csv,nfl_contract_history_tag_tender_rules,rule,58,CB,"{""position_group"":""CB"",""tag_or_tender_type"":""franchise_exclusive"",""relative_weight"":""0.5"",""salary_rule"":""top5_or_120pct"",""max_per_team_per_year"":""1"",""history_use"":""Use as rare event in generated contract histories, not a common default."",""notes"":""Tags are retention tools; RFA/ERFA tenders are rights-status tools.""}"
nfl_contracts,nfl_contract_history_tag_tender_rules.csv,nfl_contract_history_tag_tender_rules,rule,59,CB,"{""position_group"":""CB"",""tag_or_tender_type"":""transition"",""relative_weight"":""0.08"",""salary_rule"":""top10_or_120pct"",""max_per_team_per_year"":""1"",""history_use"":""Use as rare event in generated contract histories, not a common default."",""notes"":""Tags are retention tools; RFA/ERFA tenders are rights-status tools.""}"
nfl_contracts,nfl_contract_history_tag_tender_rules.csv,nfl_contract_history_tag_tender_rules,rule,60,CB,"{""position_group"":""CB"",""tag_or_tender_type"":""rfa_first"",""relative_weight"":""0.16"",""salary_rule"":""tender_level"",""max_per_team_per_year"":""unlimited_by_rule_but_rare"",""history_use"":""Use as rare event in generated contract histories, not a common default."",""notes"":""Tags are retention tools; RFA/ERFA tenders are rights-status tools.""}"
nfl_contracts,nfl_contract_history_tag_tender_rules.csv,nfl_contract_history_tag_tender_rules,rule,61,CB,"{""position_group"":""CB"",""tag_or_tender_type"":""rfa_second"",""relative_weight"":""0.16"",""salary_rule"":""tender_level"",""max_per_team_per_year"":""unlimited_by_rule_but_rare"",""history_use"":""Use as rare event in generated contract histories, not a common default."",""notes"":""Tags are retention tools; RFA/ERFA tenders are rights-status tools.""}"
nfl_contracts,nfl_contract_history_tag_tender_rules.csv,nfl_contract_history_tag_tender_rules,rule,62,CB,"{""position_group"":""CB"",""tag_or_tender_type"":""rfa_original"",""relative_weight"":""0.16"",""salary_rule"":""tender_level"",""max_per_team_per_year"":""unlimited_by_rule_but_rare"",""history_use"":""Use as rare event in generated contract histories, not a common default."",""notes"":""Tags are retention tools; RFA/ERFA tenders are rights-status tools.""}"
nfl_contracts,nfl_contract_history_tag_tender_rules.csv,nfl_contract_history_tag_tender_rules,rule,63,CB,"{""position_group"":""CB"",""tag_or_tender_type"":""erfa"",""relative_weight"":""0.12"",""salary_rule"":""league_minimum_rights_tender"",""max_per_team_per_year"":""unlimited_by_rule_but_rare"",""history_use"":""Use as rare event in generated contract histories, not a common default."",""notes"":""Tags are retention tools; RFA/ERFA tenders are rights-status tools.""}"
nfl_contracts,nfl_contract_history_tag_tender_rules.csv,nfl_contract_history_tag_tender_rules,rule,64,S,"{""position_group"":""S"",""tag_or_tender_type"":""franchise_nonexclusive"",""relative_weight"":""0.22"",""salary_rule"":""top5_or_120pct"",""max_per_team_per_year"":""1"",""history_use"":""Use as rare event in generated contract histories, not a common default."",""notes"":""Tags are retention tools; RFA/ERFA tenders are rights-status tools.""}"
nfl_contracts,nfl_contract_history_tag_tender_rules.csv,nfl_contract_history_tag_tender_rules,rule,65,S,"{""position_group"":""S"",""tag_or_tender_type"":""franchise_exclusive"",""relative_weight"":""0.22"",""salary_rule"":""top5_or_120pct"",""max_per_team_per_year"":""1"",""history_use"":""Use as rare event in generated contract histories, not a common default."",""notes"":""Tags are retention tools; RFA/ERFA tenders are rights-status tools.""}"
nfl_contracts,nfl_contract_history_tag_tender_rules.csv,nfl_contract_history_tag_tender_rules,rule,66,S,"{""position_group"":""S"",""tag_or_tender_type"":""transition"",""relative_weight"":""0.04"",""salary_rule"":""top10_or_120pct"",""max_per_team_per_year"":""1"",""history_use"":""Use as rare event in generated contract histories, not a common default."",""notes"":""Tags are retention tools; RFA/ERFA tenders are rights-status tools.""}"
nfl_contracts,nfl_contract_history_tag_tender_rules.csv,nfl_contract_history_tag_tender_rules,rule,67,S,"{""position_group"":""S"",""tag_or_tender_type"":""rfa_first"",""relative_weight"":""0.16"",""salary_rule"":""tender_level"",""max_per_team_per_year"":""unlimited_by_rule_but_rare"",""history_use"":""Use as rare event in generated contract histories, not a common default."",""notes"":""Tags are retention tools; RFA/ERFA tenders are rights-status tools.""}"
nfl_contracts,nfl_contract_history_tag_tender_rules.csv,nfl_contract_history_tag_tender_rules,rule,68,S,"{""position_group"":""S"",""tag_or_tender_type"":""rfa_second"",""relative_weight"":""0.16"",""salary_rule"":""tender_level"",""max_per_team_per_year"":""unlimited_by_rule_but_rare"",""history_use"":""Use as rare event in generated contract histories, not a common default."",""notes"":""Tags are retention tools; RFA/ERFA tenders are rights-status tools.""}"
nfl_contracts,nfl_contract_history_tag_tender_rules.csv,nfl_contract_history_tag_tender_rules,rule,69,S,"{""position_group"":""S"",""tag_or_tender_type"":""rfa_original"",""relative_weight"":""0.16"",""salary_rule"":""tender_level"",""max_per_team_per_year"":""unlimited_by_rule_but_rare"",""history_use"":""Use as rare event in generated contract histories, not a common default."",""notes"":""Tags are retention tools; RFA/ERFA tenders are rights-status tools.""}"
nfl_contracts,nfl_contract_history_tag_tender_rules.csv,nfl_contract_history_tag_tender_rules,rule,70,S,"{""position_group"":""S"",""tag_or_tender_type"":""erfa"",""relative_weight"":""0.12"",""salary_rule"":""league_minimum_rights_tender"",""max_per_team_per_year"":""unlimited_by_rule_but_rare"",""history_use"":""Use as rare event in generated contract histories, not a common default."",""notes"":""Tags are retention tools; RFA/ERFA tenders are rights-status tools.""}"
nfl_contracts,nfl_contract_history_tag_tender_rules.csv,nfl_contract_history_tag_tender_rules,rule,71,K,"{""position_group"":""K"",""tag_or_tender_type"":""franchise_nonexclusive"",""relative_weight"":""0.03"",""salary_rule"":""top5_or_120pct"",""max_per_team_per_year"":""1"",""history_use"":""Use as rare event in generated contract histories, not a common default."",""notes"":""Tags are retention tools; RFA/ERFA tenders are rights-status tools.""}"
nfl_contracts,nfl_contract_history_tag_tender_rules.csv,nfl_contract_history_tag_tender_rules,rule,72,K,"{""position_group"":""K"",""tag_or_tender_type"":""franchise_exclusive"",""relative_weight"":""0.03"",""salary_rule"":""top5_or_120pct"",""max_per_team_per_year"":""1"",""history_use"":""Use as rare event in generated contract histories, not a common default."",""notes"":""Tags are retention tools; RFA/ERFA tenders are rights-status tools.""}"
nfl_contracts,nfl_contract_history_tag_tender_rules.csv,nfl_contract_history_tag_tender_rules,rule,73,K,"{""position_group"":""K"",""tag_or_tender_type"":""transition"",""relative_weight"":""0.01"",""salary_rule"":""top10_or_120pct"",""max_per_team_per_year"":""1"",""history_use"":""Use as rare event in generated contract histories, not a common default."",""notes"":""Tags are retention tools; RFA/ERFA tenders are rights-status tools.""}"
nfl_contracts,nfl_contract_history_tag_tender_rules.csv,nfl_contract_history_tag_tender_rules,rule,74,K,"{""position_group"":""K"",""tag_or_tender_type"":""rfa_first"",""relative_weight"":""0.06"",""salary_rule"":""tender_level"",""max_per_team_per_year"":""unlimited_by_rule_but_rare"",""history_use"":""Use as rare event in generated contract histories, not a common default."",""notes"":""Tags are retention tools; RFA/ERFA tenders are rights-status tools.""}"
nfl_contracts,nfl_contract_history_tag_tender_rules.csv,nfl_contract_history_tag_tender_rules,rule,75,K,"{""position_group"":""K"",""tag_or_tender_type"":""rfa_second"",""relative_weight"":""0.06"",""salary_rule"":""tender_level"",""max_per_team_per_year"":""unlimited_by_rule_but_rare"",""history_use"":""Use as rare event in generated contract histories, not a common default."",""notes"":""Tags are retention tools; RFA/ERFA tenders are rights-status tools.""}"
nfl_contracts,nfl_contract_history_tag_tender_rules.csv,nfl_contract_history_tag_tender_rules,rule,76,K,"{""position_group"":""K"",""tag_or_tender_type"":""rfa_original"",""relative_weight"":""0.06"",""salary_rule"":""tender_level"",""max_per_team_per_year"":""unlimited_by_rule_but_rare"",""history_use"":""Use as rare event in generated contract histories, not a common default."",""notes"":""Tags are retention tools; RFA/ERFA tenders are rights-status tools.""}"
nfl_contracts,nfl_contract_history_tag_tender_rules.csv,nfl_contract_history_tag_tender_rules,rule,77,K,"{""position_group"":""K"",""tag_or_tender_type"":""erfa"",""relative_weight"":""0.12"",""salary_rule"":""league_minimum_rights_tender"",""max_per_team_per_year"":""unlimited_by_rule_but_rare"",""history_use"":""Use as rare event in generated contract histories, not a common default."",""notes"":""Tags are retention tools; RFA/ERFA tenders are rights-status tools.""}"
nfl_contracts,nfl_contract_history_tag_tender_rules.csv,nfl_contract_history_tag_tender_rules,rule,78,P,"{""position_group"":""P"",""tag_or_tender_type"":""franchise_nonexclusive"",""relative_weight"":""0.03"",""salary_rule"":""top5_or_120pct"",""max_per_team_per_year"":""1"",""history_use"":""Use as rare event in generated contract histories, not a common default."",""notes"":""Tags are retention tools; RFA/ERFA tenders are rights-status tools.""}"
nfl_contracts,nfl_contract_history_tag_tender_rules.csv,nfl_contract_history_tag_tender_rules,rule,79,P,"{""position_group"":""P"",""tag_or_tender_type"":""franchise_exclusive"",""relative_weight"":""0.03"",""salary_rule"":""top5_or_120pct"",""max_per_team_per_year"":""1"",""history_use"":""Use as rare event in generated contract histories, not a common default."",""notes"":""Tags are retention tools; RFA/ERFA tenders are rights-status tools.""}"
nfl_contracts,nfl_contract_history_tag_tender_rules.csv,nfl_contract_history_tag_tender_rules,rule,80,P,"{""position_group"":""P"",""tag_or_tender_type"":""transition"",""relative_weight"":""0.01"",""salary_rule"":""top10_or_120pct"",""max_per_team_per_year"":""1"",""history_use"":""Use as rare event in generated contract histories, not a common default."",""notes"":""Tags are retention tools; RFA/ERFA tenders are rights-status tools.""}"
nfl_contracts,nfl_contract_history_tag_tender_rules.csv,nfl_contract_history_tag_tender_rules,rule,81,P,"{""position_group"":""P"",""tag_or_tender_type"":""rfa_first"",""relative_weight"":""0.06"",""salary_rule"":""tender_level"",""max_per_team_per_year"":""unlimited_by_rule_but_rare"",""history_use"":""Use as rare event in generated contract histories, not a common default."",""notes"":""Tags are retention tools; RFA/ERFA tenders are rights-status tools.""}"
nfl_contracts,nfl_contract_history_tag_tender_rules.csv,nfl_contract_history_tag_tender_rules,rule,82,P,"{""position_group"":""P"",""tag_or_tender_type"":""rfa_second"",""relative_weight"":""0.06"",""salary_rule"":""tender_level"",""max_per_team_per_year"":""unlimited_by_rule_but_rare"",""history_use"":""Use as rare event in generated contract histories, not a common default."",""notes"":""Tags are retention tools; RFA/ERFA tenders are rights-status tools.""}"
nfl_contracts,nfl_contract_history_tag_tender_rules.csv,nfl_contract_history_tag_tender_rules,rule,83,P,"{""position_group"":""P"",""tag_or_tender_type"":""rfa_original"",""relative_weight"":""0.06"",""salary_rule"":""tender_level"",""max_per_team_per_year"":""unlimited_by_rule_but_rare"",""history_use"":""Use as rare event in generated contract histories, not a common default."",""notes"":""Tags are retention tools; RFA/ERFA tenders are rights-status tools.""}"
nfl_contracts,nfl_contract_history_tag_tender_rules.csv,nfl_contract_history_tag_tender_rules,rule,84,P,"{""position_group"":""P"",""tag_or_tender_type"":""erfa"",""relative_weight"":""0.12"",""salary_rule"":""league_minimum_rights_tender"",""max_per_team_per_year"":""unlimited_by_rule_but_rare"",""history_use"":""Use as rare event in generated contract histories, not a common default."",""notes"":""Tags are retention tools; RFA/ERFA tenders are rights-status tools.""}"
nfl_contracts,nfl_contract_history_team_cap_context_modifiers.csv,nfl_contract_history_team_cap_context_modifiers,modifier,1,nfl_contract_history_team_cap_context_modifiers:1,"{""team_cap_context"":""clean_cap"",""restructure_multiplier"":""0.3"",""release_multiplier"":""0.45"",""extension_multiplier"":""1.25"",""void_years_allowed"":""false"",""target_cap_room_after_bootstrap_min_pct"":""0.08"",""notes"":""Fictional cap context should be seed-generated, not tied to real team identity.""}"
nfl_contracts,nfl_contract_history_team_cap_context_modifiers.csv,nfl_contract_history_team_cap_context_modifiers,modifier,2,nfl_contract_history_team_cap_context_modifiers:2,"{""team_cap_context"":""balanced"",""restructure_multiplier"":""0.55"",""release_multiplier"":""0.7"",""extension_multiplier"":""1.0"",""void_years_allowed"":""false"",""target_cap_room_after_bootstrap_min_pct"":""0.04"",""notes"":""Fictional cap context should be seed-generated, not tied to real team identity.""}"
nfl_contracts,nfl_contract_history_team_cap_context_modifiers.csv,nfl_contract_history_team_cap_context_modifiers,modifier,3,nfl_contract_history_team_cap_context_modifiers:3,"{""team_cap_context"":""mild_pressure"",""restructure_multiplier"":""0.9"",""release_multiplier"":""1.0"",""extension_multiplier"":""0.85"",""void_years_allowed"":""false"",""target_cap_room_after_bootstrap_min_pct"":""0.02"",""notes"":""Fictional cap context should be seed-generated, not tied to real team identity.""}"
nfl_contracts,nfl_contract_history_team_cap_context_modifiers.csv,nfl_contract_history_team_cap_context_modifiers,modifier,4,nfl_contract_history_team_cap_context_modifiers:4,"{""team_cap_context"":""cap_crunch"",""restructure_multiplier"":""1.55"",""release_multiplier"":""1.35"",""extension_multiplier"":""0.65"",""void_years_allowed"":""true"",""target_cap_room_after_bootstrap_min_pct"":""0.0"",""notes"":""Fictional cap context should be seed-generated, not tied to real team identity.""}"
nfl_contracts,nfl_contract_history_team_cap_context_modifiers.csv,nfl_contract_history_team_cap_context_modifiers,modifier,5,nfl_contract_history_team_cap_context_modifiers:5,"{""team_cap_context"":""all_in_push"",""restructure_multiplier"":""1.45"",""release_multiplier"":""0.72"",""extension_multiplier"":""1.1"",""void_years_allowed"":""true"",""target_cap_room_after_bootstrap_min_pct"":""0.0"",""notes"":""Fictional cap context should be seed-generated, not tied to real team identity.""}"
nfl_contracts,nfl_contract_history_team_cap_context_modifiers.csv,nfl_contract_history_team_cap_context_modifiers,modifier,6,nfl_contract_history_team_cap_context_modifiers:6,"{""team_cap_context"":""rebuild_dead_money"",""restructure_multiplier"":""0.35"",""release_multiplier"":""1.25"",""extension_multiplier"":""0.55"",""void_years_allowed"":""false"",""target_cap_room_after_bootstrap_min_pct"":""0.02"",""notes"":""Fictional cap context should be seed-generated, not tied to real team identity.""}"
nfl_contracts,nfl_contract_history_timing_rules.csv,nfl_contract_history_timing_rules,rule,1,nfl_contract_history_timing_rules:1,"{""event_id"":""ROOKIE_SIGN"",""allowed_months"":""May,June,July,August"",""default_relative_year"":""draft_year"",""min_days_after_prior"":""0"",""max_days_after_prior"":""120"",""ordering_notes"":""Must occur before rookie season.""}"
nfl_contracts,nfl_contract_history_timing_rules.csv,nfl_contract_history_timing_rules,rule,2,nfl_contract_history_timing_rules:2,"{""event_id"":""UDFA_SIGN"",""allowed_months"":""April,May,June"",""default_relative_year"":""draft_year"",""min_days_after_prior"":""0"",""max_days_after_prior"":""45"",""ordering_notes"":""After draft ends; before rookie camp.""}"
nfl_contracts,nfl_contract_history_timing_rules.csv,nfl_contract_history_timing_rules,rule,3,nfl_contract_history_timing_rules:3,"{""event_id"":""PS_SIGN"",""allowed_months"":""August,September,October,November,December,January"",""default_relative_year"":""any_active_year"",""min_days_after_prior"":""1"",""max_days_after_prior"":""365"",""ordering_notes"":""Usually after cutdown or during season.""}"
nfl_contracts,nfl_contract_history_timing_rules.csv,nfl_contract_history_timing_rules,rule,4,nfl_contract_history_timing_rules:4,"{""event_id"":""RESERVE_FUTURE_SIGN"",""allowed_months"":""January,February"",""default_relative_year"":""postseason_end"",""min_days_after_prior"":""1"",""max_days_after_prior"":""45"",""ordering_notes"":""Common after team season ends.""}"
nfl_contracts,nfl_contract_history_timing_rules.csv,nfl_contract_history_timing_rules,rule,5,nfl_contract_history_timing_rules:5,"{""event_id"":""OPTION_EXERCISED"",""allowed_months"":""April,May"",""default_relative_year"":""after_year_3"",""min_days_after_prior"":""900"",""max_days_after_prior"":""1250"",""ordering_notes"":""First-round fifth-year option decision window.""}"
nfl_contracts,nfl_contract_history_timing_rules.csv,nfl_contract_history_timing_rules,rule,6,nfl_contract_history_timing_rules:6,"{""event_id"":""OPTION_DECLINED"",""allowed_months"":""April,May"",""default_relative_year"":""after_year_3"",""min_days_after_prior"":""900"",""max_days_after_prior"":""1250"",""ordering_notes"":""First-round fifth-year option decision window.""}"
nfl_contracts,nfl_contract_history_timing_rules.csv,nfl_contract_history_timing_rules,rule,7,nfl_contract_history_timing_rules:7,"{""event_id"":""EXTENSION_SIGN"",""allowed_months"":""March,April,May,June,July,August,September"",""default_relative_year"":""contract_year_3_plus"",""min_days_after_prior"":""365"",""max_days_after_prior"":""3000"",""ordering_notes"":""Often before contract year or after strong seasons.""}"
nfl_contracts,nfl_contract_history_timing_rules.csv,nfl_contract_history_timing_rules,rule,8,nfl_contract_history_timing_rules:8,"{""event_id"":""VETERAN_FA_SIGN"",""allowed_months"":""March,April,May,June,August,September"",""default_relative_year"":""free_agency"",""min_days_after_prior"":""1"",""max_days_after_prior"":""180"",""ordering_notes"":""League-year opening is highest-volume period.""}"
nfl_contracts,nfl_contract_history_timing_rules.csv,nfl_contract_history_timing_rules,rule,9,nfl_contract_history_timing_rules:9,"{""event_id"":""RESTRUCTURE_SIMPLE"",""allowed_months"":""February,March,April,May,August"",""default_relative_year"":""cap_pressure_year"",""min_days_after_prior"":""180"",""max_days_after_prior"":""2500"",""ordering_notes"":""Usually veteran contracts, cap-room management.""}"
nfl_contracts,nfl_contract_history_timing_rules.csv,nfl_contract_history_timing_rules,rule,10,nfl_contract_history_timing_rules:10,"{""event_id"":""ROSTER_BONUS_TRIGGER"",""allowed_months"":""March,June,August"",""default_relative_year"":""contract_year"",""min_days_after_prior"":""30"",""max_days_after_prior"":""3650"",""ordering_notes"":""Must be before or during active contract.""}"
nfl_contracts,nfl_contract_history_timing_rules.csv,nfl_contract_history_timing_rules,rule,11,nfl_contract_history_timing_rules:11,"{""event_id"":""RELEASE_PRE_JUNE"",""allowed_months"":""February,March,April,May,August"",""default_relative_year"":""cut_year"",""min_days_after_prior"":""1"",""max_days_after_prior"":""3650"",""ordering_notes"":""Accelerates remaining bonus into current cap year unless modeled otherwise.""}"
nfl_contracts,nfl_contract_history_timing_rules.csv,nfl_contract_history_timing_rules,rule,12,nfl_contract_history_timing_rules:12,"{""event_id"":""RELEASE_POST_JUNE"",""allowed_months"":""June,July,August,September"",""default_relative_year"":""cut_year"",""min_days_after_prior"":""1"",""max_days_after_prior"":""3650"",""ordering_notes"":""Splits dead money over current/future cap years.""}"
nfl_contracts,nfl_contract_history_timing_rules.csv,nfl_contract_history_timing_rules,rule,13,nfl_contract_history_timing_rules:13,"{""event_id"":""TRADE"",""allowed_months"":""March,April,August,September,October"",""default_relative_year"":""market_window"",""min_days_after_prior"":""30"",""max_days_after_prior"":""3650"",""ordering_notes"":""Trading team takes remaining prorated bonus dead money.""}"
nfl_contracts,nfl_contract_history_timing_rules.csv,nfl_contract_history_timing_rules,rule,14,nfl_contract_history_timing_rules:14,"{""event_id"":""FRANCHISE_TAG"",""allowed_months"":""February,March"",""default_relative_year"":""tag_window"",""min_days_after_prior"":""700"",""max_days_after_prior"":""3650"",""ordering_notes"":""One-year high-value retention tool.""}"
nfl_contracts,nfl_contract_history_timing_rules.csv,nfl_contract_history_timing_rules,rule,15,nfl_contract_history_timing_rules:15,"{""event_id"":""TRANSITION_TAG"",""allowed_months"":""February,March"",""default_relative_year"":""tag_window"",""min_days_after_prior"":""700"",""max_days_after_prior"":""3650"",""ordering_notes"":""Right-of-first-refusal tool, no draft compensation if not matched.""}"
nfl_contracts,nfl_contract_history_udfa_journey_rules.csv,nfl_contract_history_udfa_journey_rules,rule,1,nfl_contract_history_udfa_journey_rules:1,"{""udfa_priority_tier"":""premium_udfa"",""signing_bonus_signal_min"":""125000"",""signing_bonus_signal_max"":""350000"",""guarantee_signal_min"":""150000"",""guarantee_signal_max"":""500000"",""first_event_sequence"":""UDFA_SIGN"",""common_followup_events"":""PS_SIGN;RESERVE_FUTURE_SIGN;ACTIVE_PROMOTION;WAIVER_CLAIM"",""starter_outlier_allowed"":""true"",""notes"":""Financial signal indicates team interest without guaranteeing success.""}"
nfl_contracts,nfl_contract_history_udfa_journey_rules.csv,nfl_contract_history_udfa_journey_rules,rule,2,nfl_contract_history_udfa_journey_rules:2,"{""udfa_priority_tier"":""priority_udfa"",""signing_bonus_signal_min"":""35000"",""signing_bonus_signal_max"":""125000"",""guarantee_signal_min"":""50000"",""guarantee_signal_max"":""150000"",""first_event_sequence"":""UDFA_SIGN"",""common_followup_events"":""PS_SIGN;RESERVE_FUTURE_SIGN;ACTIVE_PROMOTION;WAIVER_CLAIM"",""starter_outlier_allowed"":""true"",""notes"":""Financial signal indicates team interest without guaranteeing success.""}"
nfl_contracts,nfl_contract_history_udfa_journey_rules.csv,nfl_contract_history_udfa_journey_rules,rule,3,nfl_contract_history_udfa_journey_rules:3,"{""udfa_priority_tier"":""standard_udfa"",""signing_bonus_signal_min"":""5000"",""signing_bonus_signal_max"":""35000"",""guarantee_signal_min"":""0"",""guarantee_signal_max"":""40000"",""first_event_sequence"":""UDFA_SIGN"",""common_followup_events"":""PS_SIGN;RESERVE_FUTURE_SIGN;ACTIVE_PROMOTION;WAIVER_CLAIM"",""starter_outlier_allowed"":""rare"",""notes"":""Financial signal indicates team interest without guaranteeing success.""}"
nfl_contracts,nfl_contract_history_udfa_journey_rules.csv,nfl_contract_history_udfa_journey_rules,rule,4,nfl_contract_history_udfa_journey_rules:4,"{""udfa_priority_tier"":""camp_invite"",""signing_bonus_signal_min"":""0"",""signing_bonus_signal_max"":""7500"",""guarantee_signal_min"":""0"",""guarantee_signal_max"":""0"",""first_event_sequence"":""UDFA_SIGN"",""common_followup_events"":""PS_SIGN;RESERVE_FUTURE_SIGN;ACTIVE_PROMOTION;WAIVER_CLAIM"",""starter_outlier_allowed"":""rare"",""notes"":""Financial signal indicates team interest without guaranteeing success.""}"
nfl_contracts,nfl_contract_history_validation_balance_targets.csv,nfl_contract_history_validation_balance_targets,validation_target,1,nfl_contract_history_validation_balance_targets:1,"{""metric_id"":""rookie_history_has_rookie_sign"",""metric_name"":""Share of drafted rookies/veterans with draft origin that have ROOKIE_SIGN event"",""target_min"":""0.98"",""target_max"":""1.0"",""severity"":""error"",""calculation_notes"":""Validate after Year Zero contract history generation.""}"
nfl_contracts,nfl_contract_history_validation_balance_targets.csv,nfl_contract_history_validation_balance_targets,validation_target,2,nfl_contract_history_validation_balance_targets:2,"{""metric_id"":""first_round_option_decision"",""metric_name"":""Share of first-round veterans past Year 3 with option exercised/declined/extension logic"",""target_min"":""0.85"",""target_max"":""1.0"",""severity"":""warning"",""calculation_notes"":""Validate after Year Zero contract history generation.""}"
nfl_contracts,nfl_contract_history_validation_balance_targets.csv,nfl_contract_history_validation_balance_targets,validation_target,3,nfl_contract_history_validation_balance_targets:3,"{""metric_id"":""udfa_has_origin_signal"",""metric_name"":""Share of UDFA-origin players with UDFA_SIGN or PS_SIGN history"",""target_min"":""0.9"",""target_max"":""1.0"",""severity"":""warning"",""calculation_notes"":""Validate after Year Zero contract history generation.""}"
nfl_contracts,nfl_contract_history_validation_balance_targets.csv,nfl_contract_history_validation_balance_targets,validation_target,4,nfl_contract_history_validation_balance_targets:4,"{""metric_id"":""restructure_share_veteran_contracts"",""metric_name"":""Share of veteran starters with at least one restructure in history"",""target_min"":""0.05"",""target_max"":""0.28"",""severity"":""warning"",""calculation_notes"":""Validate after Year Zero contract history generation.""}"
nfl_contracts,nfl_contract_history_validation_balance_targets.csv,nfl_contract_history_validation_balance_targets,validation_target,5,nfl_contract_history_validation_balance_targets:5,"{""metric_id"":""release_trade_share_depth_vets"",""metric_name"":""Share of depth/fringe veterans with release/trade history"",""target_min"":""0.15"",""target_max"":""0.6"",""severity"":""warning"",""calculation_notes"":""Validate after Year Zero contract history generation.""}"
nfl_contracts,nfl_contract_history_validation_balance_targets.csv,nfl_contract_history_validation_balance_targets,validation_target,6,nfl_contract_history_validation_balance_targets:6,"{""metric_id"":""dead_money_nonzero_team_share"",""metric_name"":""Share of teams with some Year Zero dead-money ledger"",""target_min"":""0.25"",""target_max"":""0.85"",""severity"":""warning"",""calculation_notes"":""Validate after Year Zero contract history generation.""}"
nfl_contracts,nfl_contract_history_validation_balance_targets.csv,nfl_contract_history_validation_balance_targets,validation_target,7,nfl_contract_history_validation_balance_targets:7,"{""metric_id"":""tag_event_rarity"",""metric_name"":""Leaguewide franchise/transition tag events per generated history year"",""target_min"":""0"",""target_max"":""7"",""severity"":""warning"",""calculation_notes"":""Validate after Year Zero contract history generation.""}"
nfl_contracts,nfl_contract_history_validation_balance_targets.csv,nfl_contract_history_validation_balance_targets,validation_target,8,nfl_contract_history_validation_balance_targets:8,"{""metric_id"":""comp_pick_signal_rarity"",""metric_name"":""Comp-pick signal events per league year"",""target_min"":""8"",""target_max"":""36"",""severity"":""warning"",""calculation_notes"":""Validate after Year Zero contract history generation.""}"
nfl_contracts,nfl_contract_history_validation_balance_targets.csv,nfl_contract_history_validation_balance_targets,validation_target,9,nfl_contract_history_validation_balance_targets:9,"{""metric_id"":""void_years_rarity"",""metric_name"":""Share of contracts using void-year backfill"",""target_min"":""0.0"",""target_max"":""0.16"",""severity"":""warning"",""calculation_notes"":""Validate after Year Zero contract history generation.""}"
nfl_contracts,nfl_contract_history_validation_balance_targets.csv,nfl_contract_history_validation_balance_targets,validation_target,10,nfl_contract_history_validation_balance_targets:10,"{""metric_id"":""contract_history_event_count"",""metric_name"":""Average contract history events per veteran"",""target_min"":""2.0"",""target_max"":""5.5"",""severity"":""warning"",""calculation_notes"":""Validate after Year Zero contract history generation.""}"
nfl_contracts,nfl_contract_structure_by_age_role.csv,nfl_contract_structure_by_age_role,runtime_tuning,1,nfl_contract_structure_by_age_role:1,"{""age_band"":""21-24"",""role_tier"":""franchise"",""preferred_contract_style"":""rookie_or_early_extension"",""years_range"":""2-5"",""guarantee_adjustment"":""0.05"",""decline_risk_tag"":""low"",""notes"":""Apply after position and role. QBs and specialists may override older-age penalties.""}"
nfl_contracts,nfl_contract_structure_by_age_role.csv,nfl_contract_structure_by_age_role,runtime_tuning,2,nfl_contract_structure_by_age_role:2,"{""age_band"":""21-24"",""role_tier"":""elite"",""preferred_contract_style"":""rookie_or_early_extension"",""years_range"":""2-5"",""guarantee_adjustment"":""0.05"",""decline_risk_tag"":""low"",""notes"":""Apply after position and role. QBs and specialists may override older-age penalties.""}"
nfl_contracts,nfl_contract_structure_by_age_role.csv,nfl_contract_structure_by_age_role,runtime_tuning,3,nfl_contract_structure_by_age_role:3,"{""age_band"":""21-24"",""role_tier"":""starter"",""preferred_contract_style"":""rookie_or_early_extension"",""years_range"":""2-5"",""guarantee_adjustment"":""0.05"",""decline_risk_tag"":""low"",""notes"":""Apply after position and role. QBs and specialists may override older-age penalties.""}"
nfl_contracts,nfl_contract_structure_by_age_role.csv,nfl_contract_structure_by_age_role,runtime_tuning,4,nfl_contract_structure_by_age_role:4,"{""age_band"":""21-24"",""role_tier"":""bridge"",""preferred_contract_style"":""rookie_or_early_extension"",""years_range"":""2-5"",""guarantee_adjustment"":""0.05"",""decline_risk_tag"":""low"",""notes"":""Apply after position and role. QBs and specialists may override older-age penalties.""}"
nfl_contracts,nfl_contract_structure_by_age_role.csv,nfl_contract_structure_by_age_role,runtime_tuning,5,nfl_contract_structure_by_age_role:5,"{""age_band"":""21-24"",""role_tier"":""backup"",""preferred_contract_style"":""rookie_or_early_extension"",""years_range"":""2-5"",""guarantee_adjustment"":""0.05"",""decline_risk_tag"":""low"",""notes"":""Apply after position and role. QBs and specialists may override older-age penalties.""}"
nfl_contracts,nfl_contract_structure_by_age_role.csv,nfl_contract_structure_by_age_role,runtime_tuning,6,nfl_contract_structure_by_age_role:6,"{""age_band"":""21-24"",""role_tier"":""depth"",""preferred_contract_style"":""rookie_or_early_extension"",""years_range"":""2-5"",""guarantee_adjustment"":""0.05"",""decline_risk_tag"":""low"",""notes"":""Apply after position and role. QBs and specialists may override older-age penalties.""}"
nfl_contracts,nfl_contract_structure_by_age_role.csv,nfl_contract_structure_by_age_role,runtime_tuning,7,nfl_contract_structure_by_age_role:7,"{""age_band"":""21-24"",""role_tier"":""developmental"",""preferred_contract_style"":""rookie_or_early_extension"",""years_range"":""2-5"",""guarantee_adjustment"":""0.05"",""decline_risk_tag"":""low"",""notes"":""Apply after position and role. QBs and specialists may override older-age penalties.""}"
nfl_contracts,nfl_contract_structure_by_age_role.csv,nfl_contract_structure_by_age_role,runtime_tuning,8,nfl_contract_structure_by_age_role:8,"{""age_band"":""25-27"",""role_tier"":""franchise"",""preferred_contract_style"":""prime_multiyear"",""years_range"":""3-5"",""guarantee_adjustment"":""0.08"",""decline_risk_tag"":""low"",""notes"":""Apply after position and role. QBs and specialists may override older-age penalties.""}"
nfl_contracts,nfl_contract_structure_by_age_role.csv,nfl_contract_structure_by_age_role,runtime_tuning,9,nfl_contract_structure_by_age_role:9,"{""age_band"":""25-27"",""role_tier"":""elite"",""preferred_contract_style"":""prime_multiyear"",""years_range"":""3-5"",""guarantee_adjustment"":""0.08"",""decline_risk_tag"":""low"",""notes"":""Apply after position and role. QBs and specialists may override older-age penalties.""}"
nfl_contracts,nfl_contract_structure_by_age_role.csv,nfl_contract_structure_by_age_role,runtime_tuning,10,nfl_contract_structure_by_age_role:10,"{""age_band"":""25-27"",""role_tier"":""starter"",""preferred_contract_style"":""prime_multiyear"",""years_range"":""3-5"",""guarantee_adjustment"":""0.08"",""decline_risk_tag"":""low"",""notes"":""Apply after position and role. QBs and specialists may override older-age penalties.""}"
nfl_contracts,nfl_contract_structure_by_age_role.csv,nfl_contract_structure_by_age_role,runtime_tuning,11,nfl_contract_structure_by_age_role:11,"{""age_band"":""25-27"",""role_tier"":""bridge"",""preferred_contract_style"":""prime_multiyear"",""years_range"":""3-5"",""guarantee_adjustment"":""0.08"",""decline_risk_tag"":""low"",""notes"":""Apply after position and role. QBs and specialists may override older-age penalties.""}"
nfl_contracts,nfl_contract_structure_by_age_role.csv,nfl_contract_structure_by_age_role,runtime_tuning,12,nfl_contract_structure_by_age_role:12,"{""age_band"":""25-27"",""role_tier"":""backup"",""preferred_contract_style"":""prime_multiyear"",""years_range"":""3-5"",""guarantee_adjustment"":""0.08"",""decline_risk_tag"":""low"",""notes"":""Apply after position and role. QBs and specialists may override older-age penalties.""}"
nfl_contracts,nfl_contract_structure_by_age_role.csv,nfl_contract_structure_by_age_role,runtime_tuning,13,nfl_contract_structure_by_age_role:13,"{""age_band"":""25-27"",""role_tier"":""depth"",""preferred_contract_style"":""prime_multiyear"",""years_range"":""3-5"",""guarantee_adjustment"":""0.08"",""decline_risk_tag"":""low"",""notes"":""Apply after position and role. QBs and specialists may override older-age penalties.""}"
nfl_contracts,nfl_contract_structure_by_age_role.csv,nfl_contract_structure_by_age_role,runtime_tuning,14,nfl_contract_structure_by_age_role:14,"{""age_band"":""25-27"",""role_tier"":""developmental"",""preferred_contract_style"":""prime_multiyear"",""years_range"":""3-5"",""guarantee_adjustment"":""0.08"",""decline_risk_tag"":""low"",""notes"":""Apply after position and role. QBs and specialists may override older-age penalties.""}"
nfl_contracts,nfl_contract_structure_by_age_role.csv,nfl_contract_structure_by_age_role,runtime_tuning,15,nfl_contract_structure_by_age_role:15,"{""age_band"":""28-30"",""role_tier"":""franchise"",""preferred_contract_style"":""prime_or_late_prime_multiyear"",""years_range"":""2-4"",""guarantee_adjustment"":""0.0"",""decline_risk_tag"":""medium"",""notes"":""Apply after position and role. QBs and specialists may override older-age penalties.""}"
nfl_contracts,nfl_contract_structure_by_age_role.csv,nfl_contract_structure_by_age_role,runtime_tuning,16,nfl_contract_structure_by_age_role:16,"{""age_band"":""28-30"",""role_tier"":""elite"",""preferred_contract_style"":""prime_or_late_prime_multiyear"",""years_range"":""2-4"",""guarantee_adjustment"":""0.0"",""decline_risk_tag"":""medium"",""notes"":""Apply after position and role. QBs and specialists may override older-age penalties.""}"
nfl_contracts,nfl_contract_structure_by_age_role.csv,nfl_contract_structure_by_age_role,runtime_tuning,17,nfl_contract_structure_by_age_role:17,"{""age_band"":""28-30"",""role_tier"":""starter"",""preferred_contract_style"":""prime_or_late_prime_multiyear"",""years_range"":""2-4"",""guarantee_adjustment"":""0.0"",""decline_risk_tag"":""medium"",""notes"":""Apply after position and role. QBs and specialists may override older-age penalties.""}"
nfl_contracts,nfl_contract_structure_by_age_role.csv,nfl_contract_structure_by_age_role,runtime_tuning,18,nfl_contract_structure_by_age_role:18,"{""age_band"":""28-30"",""role_tier"":""bridge"",""preferred_contract_style"":""prime_or_late_prime_multiyear"",""years_range"":""2-4"",""guarantee_adjustment"":""0.0"",""decline_risk_tag"":""medium"",""notes"":""Apply after position and role. QBs and specialists may override older-age penalties.""}"
nfl_contracts,nfl_contract_structure_by_age_role.csv,nfl_contract_structure_by_age_role,runtime_tuning,19,nfl_contract_structure_by_age_role:19,"{""age_band"":""28-30"",""role_tier"":""backup"",""preferred_contract_style"":""prime_or_late_prime_multiyear"",""years_range"":""2-4"",""guarantee_adjustment"":""0.0"",""decline_risk_tag"":""medium"",""notes"":""Apply after position and role. QBs and specialists may override older-age penalties.""}"
nfl_contracts,nfl_contract_structure_by_age_role.csv,nfl_contract_structure_by_age_role,runtime_tuning,20,nfl_contract_structure_by_age_role:20,"{""age_band"":""28-30"",""role_tier"":""depth"",""preferred_contract_style"":""prime_or_late_prime_multiyear"",""years_range"":""2-4"",""guarantee_adjustment"":""0.0"",""decline_risk_tag"":""medium"",""notes"":""Apply after position and role. QBs and specialists may override older-age penalties.""}"
nfl_contracts,nfl_contract_structure_by_age_role.csv,nfl_contract_structure_by_age_role,runtime_tuning,21,nfl_contract_structure_by_age_role:21,"{""age_band"":""28-30"",""role_tier"":""developmental"",""preferred_contract_style"":""prime_or_late_prime_multiyear"",""years_range"":""2-4"",""guarantee_adjustment"":""0.0"",""decline_risk_tag"":""medium"",""notes"":""Apply after position and role. QBs and specialists may override older-age penalties.""}"
nfl_contracts,nfl_contract_structure_by_age_role.csv,nfl_contract_structure_by_age_role,runtime_tuning,22,nfl_contract_structure_by_age_role:22,"{""age_band"":""31-33"",""role_tier"":""franchise"",""preferred_contract_style"":""shorter_veteran_deal"",""years_range"":""1-3"",""guarantee_adjustment"":""-0.08"",""decline_risk_tag"":""high_except_qb_k_p"",""notes"":""Apply after position and role. QBs and specialists may override older-age penalties.""}"
nfl_contracts,nfl_contract_structure_by_age_role.csv,nfl_contract_structure_by_age_role,runtime_tuning,23,nfl_contract_structure_by_age_role:23,"{""age_band"":""31-33"",""role_tier"":""elite"",""preferred_contract_style"":""shorter_veteran_deal"",""years_range"":""1-3"",""guarantee_adjustment"":""-0.08"",""decline_risk_tag"":""high_except_qb_k_p"",""notes"":""Apply after position and role. QBs and specialists may override older-age penalties.""}"
nfl_contracts,nfl_contract_structure_by_age_role.csv,nfl_contract_structure_by_age_role,runtime_tuning,24,nfl_contract_structure_by_age_role:24,"{""age_band"":""31-33"",""role_tier"":""starter"",""preferred_contract_style"":""shorter_veteran_deal"",""years_range"":""1-3"",""guarantee_adjustment"":""-0.08"",""decline_risk_tag"":""high_except_qb_k_p"",""notes"":""Apply after position and role. QBs and specialists may override older-age penalties.""}"
nfl_contracts,nfl_contract_structure_by_age_role.csv,nfl_contract_structure_by_age_role,runtime_tuning,25,nfl_contract_structure_by_age_role:25,"{""age_band"":""31-33"",""role_tier"":""bridge"",""preferred_contract_style"":""shorter_veteran_deal"",""years_range"":""1-3"",""guarantee_adjustment"":""-0.08"",""decline_risk_tag"":""high_except_qb_k_p"",""notes"":""Apply after position and role. QBs and specialists may override older-age penalties.""}"
nfl_contracts,nfl_contract_structure_by_age_role.csv,nfl_contract_structure_by_age_role,runtime_tuning,26,nfl_contract_structure_by_age_role:26,"{""age_band"":""31-33"",""role_tier"":""backup"",""preferred_contract_style"":""shorter_veteran_deal"",""years_range"":""1-3"",""guarantee_adjustment"":""-0.08"",""decline_risk_tag"":""high_except_qb_k_p"",""notes"":""Apply after position and role. QBs and specialists may override older-age penalties.""}"
nfl_contracts,nfl_contract_structure_by_age_role.csv,nfl_contract_structure_by_age_role,runtime_tuning,27,nfl_contract_structure_by_age_role:27,"{""age_band"":""31-33"",""role_tier"":""depth"",""preferred_contract_style"":""shorter_veteran_deal"",""years_range"":""1-3"",""guarantee_adjustment"":""-0.08"",""decline_risk_tag"":""high_except_qb_k_p"",""notes"":""Apply after position and role. QBs and specialists may override older-age penalties.""}"
nfl_contracts,nfl_contract_structure_by_age_role.csv,nfl_contract_structure_by_age_role,runtime_tuning,28,nfl_contract_structure_by_age_role:28,"{""age_band"":""31-33"",""role_tier"":""developmental"",""preferred_contract_style"":""shorter_veteran_deal"",""years_range"":""1-3"",""guarantee_adjustment"":""-0.08"",""decline_risk_tag"":""high_except_qb_k_p"",""notes"":""Apply after position and role. QBs and specialists may override older-age penalties.""}"
nfl_contracts,nfl_contract_structure_by_age_role.csv,nfl_contract_structure_by_age_role,runtime_tuning,29,nfl_contract_structure_by_age_role:29,"{""age_band"":""34+"",""role_tier"":""franchise"",""preferred_contract_style"":""one_year_or_special_case"",""years_range"":""1-2"",""guarantee_adjustment"":""-0.15"",""decline_risk_tag"":""very_high_except_qb_k_p"",""notes"":""Apply after position and role. QBs and specialists may override older-age penalties.""}"
nfl_contracts,nfl_contract_structure_by_age_role.csv,nfl_contract_structure_by_age_role,runtime_tuning,30,nfl_contract_structure_by_age_role:30,"{""age_band"":""34+"",""role_tier"":""elite"",""preferred_contract_style"":""one_year_or_special_case"",""years_range"":""1-2"",""guarantee_adjustment"":""-0.15"",""decline_risk_tag"":""very_high_except_qb_k_p"",""notes"":""Apply after position and role. QBs and specialists may override older-age penalties.""}"
nfl_contracts,nfl_contract_structure_by_age_role.csv,nfl_contract_structure_by_age_role,runtime_tuning,31,nfl_contract_structure_by_age_role:31,"{""age_band"":""34+"",""role_tier"":""starter"",""preferred_contract_style"":""one_year_or_special_case"",""years_range"":""1-2"",""guarantee_adjustment"":""-0.15"",""decline_risk_tag"":""very_high_except_qb_k_p"",""notes"":""Apply after position and role. QBs and specialists may override older-age penalties.""}"
nfl_contracts,nfl_contract_structure_by_age_role.csv,nfl_contract_structure_by_age_role,runtime_tuning,32,nfl_contract_structure_by_age_role:32,"{""age_band"":""34+"",""role_tier"":""bridge"",""preferred_contract_style"":""one_year_or_special_case"",""years_range"":""1-2"",""guarantee_adjustment"":""-0.15"",""decline_risk_tag"":""very_high_except_qb_k_p"",""notes"":""Apply after position and role. QBs and specialists may override older-age penalties.""}"
nfl_contracts,nfl_contract_structure_by_age_role.csv,nfl_contract_structure_by_age_role,runtime_tuning,33,nfl_contract_structure_by_age_role:33,"{""age_band"":""34+"",""role_tier"":""backup"",""preferred_contract_style"":""one_year_or_special_case"",""years_range"":""1-2"",""guarantee_adjustment"":""-0.15"",""decline_risk_tag"":""very_high_except_qb_k_p"",""notes"":""Apply after position and role. QBs and specialists may override older-age penalties.""}"
nfl_contracts,nfl_contract_structure_by_age_role.csv,nfl_contract_structure_by_age_role,runtime_tuning,34,nfl_contract_structure_by_age_role:34,"{""age_band"":""34+"",""role_tier"":""depth"",""preferred_contract_style"":""one_year_or_special_case"",""years_range"":""1-2"",""guarantee_adjustment"":""-0.15"",""decline_risk_tag"":""very_high_except_qb_k_p"",""notes"":""Apply after position and role. QBs and specialists may override older-age penalties.""}"
nfl_contracts,nfl_contract_structure_by_age_role.csv,nfl_contract_structure_by_age_role,runtime_tuning,35,nfl_contract_structure_by_age_role:35,"{""age_band"":""34+"",""role_tier"":""developmental"",""preferred_contract_style"":""one_year_or_special_case"",""years_range"":""1-2"",""guarantee_adjustment"":""-0.15"",""decline_risk_tag"":""very_high_except_qb_k_p"",""notes"":""Apply after position and role. QBs and specialists may override older-age penalties.""}"
nfl_contracts,nfl_contract_type_archetypes.csv,nfl_contract_type_archetypes,runtime_tuning,1,nfl_contract_type_archetypes:1,"{""contract_archetype"":""rookie_first_round"",""player_origin"":""draft_pick"",""default_years"":""4"",""has_fifth_year_option"":""yes"",""guarantee_style"":""fully_guaranteed"",""bonus_proration_years"":""4_or_option_if_exercised_later"",""typical_signing_bonus_share_min"":""0.52"",""typical_signing_bonus_share_max"":""0.68"",""base_salary_pattern"":""minimum_base_plus_slot_bonus"",""notes"":""First round rookie deals are four years with team fifth-year option; modern top first round deals are generally fully guaranteed.""}"
nfl_contracts,nfl_contract_type_archetypes.csv,nfl_contract_type_archetypes,runtime_tuning,2,nfl_contract_type_archetypes:2,"{""contract_archetype"":""rookie_second_round"",""player_origin"":""draft_pick"",""default_years"":""4"",""has_fifth_year_option"":""no"",""guarantee_style"":""partial_to_full_trending_high"",""bonus_proration_years"":""4"",""typical_signing_bonus_share_min"":""0.24"",""typical_signing_bonus_share_max"":""0.38"",""base_salary_pattern"":""minimum_base_plus_slot_bonus"",""notes"":""Guarantee disputes are meaningful. High second round can be treated as near-full guarantee in 2026-era tuning.""}"
nfl_contracts,nfl_contract_type_archetypes.csv,nfl_contract_type_archetypes,runtime_tuning,3,nfl_contract_type_archetypes:3,"{""contract_archetype"":""rookie_day2"",""player_origin"":""draft_pick"",""default_years"":""4"",""has_fifth_year_option"":""no"",""guarantee_style"":""partial_bonus_plus_some_salary"",""bonus_proration_years"":""4"",""typical_signing_bonus_share_min"":""0.12"",""typical_signing_bonus_share_max"":""0.25"",""base_salary_pattern"":""minimum_base_plus_slot_bonus"",""notes"":""Use for late second and third round picks.""}"
nfl_contracts,nfl_contract_type_archetypes.csv,nfl_contract_type_archetypes,runtime_tuning,4,nfl_contract_type_archetypes:4,"{""contract_archetype"":""rookie_day3"",""player_origin"":""draft_pick"",""default_years"":""4"",""has_fifth_year_option"":""no"",""guarantee_style"":""signing_bonus_only"",""bonus_proration_years"":""4"",""typical_signing_bonus_share_min"":""0.03"",""typical_signing_bonus_share_max"":""0.1"",""base_salary_pattern"":""league_minimum_ladder"",""notes"":""Most late-round guarantees are signing bonus only; cap hits often fall below Top 51 early.""}"
nfl_contracts,nfl_contract_type_archetypes.csv,nfl_contract_type_archetypes,runtime_tuning,5,nfl_contract_type_archetypes:5,"{""contract_archetype"":""udfa"",""player_origin"":""undrafted_rookie"",""default_years"":""3"",""has_fifth_year_option"":""no"",""guarantee_style"":""small_bonus_or_partial_guarantee"",""bonus_proration_years"":""3"",""typical_signing_bonus_share_min"":""0.0"",""typical_signing_bonus_share_max"":""0.08"",""base_salary_pattern"":""league_minimum_ladder"",""notes"":""Use for UDFA or fringe rookies, with rare priority UDFA bumps.""}"
nfl_contracts,nfl_contract_type_archetypes.csv,nfl_contract_type_archetypes,runtime_tuning,6,nfl_contract_type_archetypes:6,"{""contract_archetype"":""franchise_qb_extension"",""player_origin"":""veteran_extension"",""default_years"":""5"",""has_fifth_year_option"":""no"",""guarantee_style"":""large_signing_bonus_plus_multi_year_guarantee"",""bonus_proration_years"":""5"",""typical_signing_bonus_share_min"":""0.18"",""typical_signing_bonus_share_max"":""0.34"",""base_salary_pattern"":""low_early_cap_then_escalation"",""notes"":""Can create future cap pressure. Use void/dummy years only if the main game supports them.""}"
nfl_contracts,nfl_contract_type_archetypes.csv,nfl_contract_type_archetypes,runtime_tuning,7,nfl_contract_type_archetypes:7,"{""contract_archetype"":""elite_extension"",""player_origin"":""veteran_extension"",""default_years"":""4"",""has_fifth_year_option"":""no"",""guarantee_style"":""significant_bonus_and_two_year_security"",""bonus_proration_years"":""5"",""typical_signing_bonus_share_min"":""0.16"",""typical_signing_bonus_share_max"":""0.32"",""base_salary_pattern"":""moderate_early_cap_then_escalation"",""notes"":""Top non-QB extension template.""}"
nfl_contracts,nfl_contract_type_archetypes.csv,nfl_contract_type_archetypes,runtime_tuning,8,nfl_contract_type_archetypes:8,"{""contract_archetype"":""solid_starter_extension"",""player_origin"":""veteran_extension"",""default_years"":""3"",""has_fifth_year_option"":""no"",""guarantee_style"":""first_year_plus_bonus"",""bonus_proration_years"":""3"",""typical_signing_bonus_share_min"":""0.1"",""typical_signing_bonus_share_max"":""0.24"",""base_salary_pattern"":""balanced"",""notes"":""Common for starters and high-end role players.""}"
nfl_contracts,nfl_contract_type_archetypes.csv,nfl_contract_type_archetypes,runtime_tuning,9,nfl_contract_type_archetypes:9,"{""contract_archetype"":""veteran_ufa_multiyear"",""player_origin"":""free_agent_signing"",""default_years"":""3"",""has_fifth_year_option"":""no"",""guarantee_style"":""first_year_guarantee_plus_bonus"",""bonus_proration_years"":""3"",""typical_signing_bonus_share_min"":""0.08"",""typical_signing_bonus_share_max"":""0.22"",""base_salary_pattern"":""balanced_or_front_loaded"",""notes"":""Open-market signing for starters or rotation players.""}"
nfl_contracts,nfl_contract_type_archetypes.csv,nfl_contract_type_archetypes,runtime_tuning,10,nfl_contract_type_archetypes:10,"{""contract_archetype"":""one_year_prove_it"",""player_origin"":""free_agent_signing"",""default_years"":""1"",""has_fifth_year_option"":""no"",""guarantee_style"":""partial_guarantee_or_incentive_heavy"",""bonus_proration_years"":""1"",""typical_signing_bonus_share_min"":""0.0"",""typical_signing_bonus_share_max"":""0.18"",""base_salary_pattern"":""single_year_base_plus_incentives"",""notes"":""Use for injury bounce-back, older veterans, and role uncertainty.""}"
nfl_contracts,nfl_contract_type_archetypes.csv,nfl_contract_type_archetypes,runtime_tuning,11,nfl_contract_type_archetypes:11,"{""contract_archetype"":""veteran_minimum"",""player_origin"":""free_agent_signing"",""default_years"":""1"",""has_fifth_year_option"":""no"",""guarantee_style"":""little_or_no_guarantee"",""bonus_proration_years"":""1"",""typical_signing_bonus_share_min"":""0.0"",""typical_signing_bonus_share_max"":""0.05"",""base_salary_pattern"":""active_minimum_salary"",""notes"":""Depth veterans and in-season emergency signings.""}"
nfl_contracts,nfl_contract_type_archetypes.csv,nfl_contract_type_archetypes,runtime_tuning,12,nfl_contract_type_archetypes:12,"{""contract_archetype"":""practice_squad"",""player_origin"":""practice_squad"",""default_years"":""1"",""has_fifth_year_option"":""no"",""guarantee_style"":""no_guarantee"",""bonus_proration_years"":""1"",""typical_signing_bonus_share_min"":""0.0"",""typical_signing_bonus_share_max"":""0.0"",""base_salary_pattern"":""weekly_practice_squad_salary"",""notes"":""Does not use normal APY market logic.""}"
nfl_contracts,nfl_contract_type_archetypes.csv,nfl_contract_type_archetypes,runtime_tuning,13,nfl_contract_type_archetypes:13,"{""contract_archetype"":""reserve_future"",""player_origin"":""reserve_future"",""default_years"":""1"",""has_fifth_year_option"":""no"",""guarantee_style"":""no_or_small_bonus"",""bonus_proration_years"":""1"",""typical_signing_bonus_share_min"":""0.0"",""typical_signing_bonus_share_max"":""0.02"",""base_salary_pattern"":""minimum_future_contract"",""notes"":""Mostly offseason/camp body control for next league year.""}"
nfl_contracts,nfl_contract_validation_balance_targets.csv,nfl_contract_validation_balance_targets,validation_target,1,nfl_contract_validation_balance_targets:1,"{""metric_id"":""league_cap_compliance"",""description"":""All teams must be cap legal at end of Year Zero generation"",""target_min"":""1.0"",""target_max"":""1.0"",""severity"":""hard_fail"",""notes"":""Use configured cap rule for phase.""}"
nfl_contracts,nfl_contract_validation_balance_targets.csv,nfl_contract_validation_balance_targets,validation_target,2,nfl_contract_validation_balance_targets:2,"{""metric_id"":""top_qb_contract_count"",""description"":""Number of QBs with APY above 40M"",""target_min"":""8"",""target_max"":""18"",""severity"":""warning"",""notes"":""Reflects franchise QB contract concentration without overpopulating mega deals.""}"
nfl_contracts,nfl_contract_validation_balance_targets.csv,nfl_contract_validation_balance_targets,validation_target,3,nfl_contract_validation_balance_targets:3,"{""metric_id"":""non_qb_25m_plus_contract_count"",""description"":""Number of non-QBs with APY above 25M"",""target_min"":""18"",""target_max"":""45"",""severity"":""warning"",""notes"":""Covers WR, EDGE, DL, LT, CB star contracts.""}"
nfl_contracts,nfl_contract_validation_balance_targets.csv,nfl_contract_validation_balance_targets,validation_target,4,nfl_contract_validation_balance_targets:4,"{""metric_id"":""veteran_minimum_active_share"",""description"":""Active roster players on minimum/depth deals"",""target_min"":""0.18"",""target_max"":""0.34"",""severity"":""warning"",""notes"":""Keeps rosters financially layered.""}"
nfl_contracts,nfl_contract_validation_balance_targets.csv,nfl_contract_validation_balance_targets,validation_target,5,nfl_contract_validation_balance_targets:5,"{""metric_id"":""rookie_contract_active_share"",""description"":""Active roster players on rookie contracts"",""target_min"":""0.2"",""target_max"":""0.38"",""severity"":""warning"",""notes"":""Important for realistic cap management.""}"
nfl_contracts,nfl_contract_validation_balance_targets.csv,nfl_contract_validation_balance_targets,validation_target,6,nfl_contract_validation_balance_targets:6,"{""metric_id"":""practice_squad_contract_validity"",""description"":""Practice squad players use practice squad salary table"",""target_min"":""1.0"",""target_max"":""1.0"",""severity"":""hard_fail"",""notes"":""No normal veteran contracts on practice squad unless promoted.""}"
nfl_contracts,nfl_contract_validation_balance_targets.csv,nfl_contract_validation_balance_targets,validation_target,7,nfl_contract_validation_balance_targets:7,"{""metric_id"":""dead_money_league_average_pct"",""description"":""Average dead money as percent of cap"",""target_min"":""0.02"",""target_max"":""0.14"",""severity"":""warning"",""notes"":""Generate enough cap history to make cap sheets realistic without crushing every team.""}"
nfl_contracts,nfl_position_contract_market_bands.csv,nfl_position_contract_market_bands,runtime_tuning,1,QB,"{""position"":""QB"",""market_tier"":""franchise"",""apy_min_millions"":""48"",""apy_max_millions"":""65"",""guarantee_pct_min"":""0.35"",""guarantee_pct_max"":""0.7"",""default_years_min"":""4"",""default_years_max"":""6"",""source_basis"":""synthetic_position_market_tuning_from_public_contract_environment"",""notes"":""Designed for fictional players and game balance; update with contract databases if exact player-level realism is desired.""}"
nfl_contracts,nfl_position_contract_market_bands.csv,nfl_position_contract_market_bands,runtime_tuning,2,QB,"{""position"":""QB"",""market_tier"":""elite"",""apy_min_millions"":""38"",""apy_max_millions"":""52"",""guarantee_pct_min"":""0.35"",""guarantee_pct_max"":""0.7"",""default_years_min"":""4"",""default_years_max"":""5"",""source_basis"":""synthetic_position_market_tuning_from_public_contract_environment"",""notes"":""Designed for fictional players and game balance; update with contract databases if exact player-level realism is desired.""}"
nfl_contracts,nfl_position_contract_market_bands.csv,nfl_position_contract_market_bands,runtime_tuning,3,QB,"{""position"":""QB"",""market_tier"":""starter"",""apy_min_millions"":""18"",""apy_max_millions"":""36"",""guarantee_pct_min"":""0.2"",""guarantee_pct_max"":""0.5"",""default_years_min"":""2"",""default_years_max"":""4"",""source_basis"":""synthetic_position_market_tuning_from_public_contract_environment"",""notes"":""Designed for fictional players and game balance; update with contract databases if exact player-level realism is desired.""}"
nfl_contracts,nfl_position_contract_market_bands.csv,nfl_position_contract_market_bands,runtime_tuning,4,QB,"{""position"":""QB"",""market_tier"":""bridge"",""apy_min_millions"":""7"",""apy_max_millions"":""18"",""guarantee_pct_min"":""0.08"",""guarantee_pct_max"":""0.25"",""default_years_min"":""1"",""default_years_max"":""2"",""source_basis"":""synthetic_position_market_tuning_from_public_contract_environment"",""notes"":""Designed for fictional players and game balance; update with contract databases if exact player-level realism is desired.""}"
nfl_contracts,nfl_position_contract_market_bands.csv,nfl_position_contract_market_bands,runtime_tuning,5,QB,"{""position"":""QB"",""market_tier"":""backup"",""apy_min_millions"":""3"",""apy_max_millions"":""8"",""guarantee_pct_min"":""0.08"",""guarantee_pct_max"":""0.25"",""default_years_min"":""1"",""default_years_max"":""2"",""source_basis"":""synthetic_position_market_tuning_from_public_contract_environment"",""notes"":""Designed for fictional players and game balance; update with contract databases if exact player-level realism is desired.""}"
nfl_contracts,nfl_position_contract_market_bands.csv,nfl_position_contract_market_bands,runtime_tuning,6,QB,"{""position"":""QB"",""market_tier"":""depth"",""apy_min_millions"":""1"",""apy_max_millions"":""3"",""guarantee_pct_min"":""0.0"",""guarantee_pct_max"":""0.08"",""default_years_min"":""1"",""default_years_max"":""2"",""source_basis"":""synthetic_position_market_tuning_from_public_contract_environment"",""notes"":""Designed for fictional players and game balance; update with contract databases if exact player-level realism is desired.""}"
nfl_contracts,nfl_position_contract_market_bands.csv,nfl_position_contract_market_bands,runtime_tuning,7,RB,"{""position"":""RB"",""market_tier"":""franchise"",""apy_min_millions"":""10"",""apy_max_millions"":""16"",""guarantee_pct_min"":""0.35"",""guarantee_pct_max"":""0.7"",""default_years_min"":""4"",""default_years_max"":""6"",""source_basis"":""synthetic_position_market_tuning_from_public_contract_environment"",""notes"":""Designed for fictional players and game balance; update with contract databases if exact player-level realism is desired.""}"
nfl_contracts,nfl_position_contract_market_bands.csv,nfl_position_contract_market_bands,runtime_tuning,8,RB,"{""position"":""RB"",""market_tier"":""elite"",""apy_min_millions"":""8"",""apy_max_millions"":""12"",""guarantee_pct_min"":""0.35"",""guarantee_pct_max"":""0.7"",""default_years_min"":""4"",""default_years_max"":""5"",""source_basis"":""synthetic_position_market_tuning_from_public_contract_environment"",""notes"":""Designed for fictional players and game balance; update with contract databases if exact player-level realism is desired.""}"
nfl_contracts,nfl_position_contract_market_bands.csv,nfl_position_contract_market_bands,runtime_tuning,9,RB,"{""position"":""RB"",""market_tier"":""starter"",""apy_min_millions"":""4"",""apy_max_millions"":""8"",""guarantee_pct_min"":""0.2"",""guarantee_pct_max"":""0.5"",""default_years_min"":""2"",""default_years_max"":""4"",""source_basis"":""synthetic_position_market_tuning_from_public_contract_environment"",""notes"":""Designed for fictional players and game balance; update with contract databases if exact player-level realism is desired.""}"
nfl_contracts,nfl_position_contract_market_bands.csv,nfl_position_contract_market_bands,runtime_tuning,10,RB,"{""position"":""RB"",""market_tier"":""bridge"",""apy_min_millions"":""2"",""apy_max_millions"":""5"",""guarantee_pct_min"":""0.08"",""guarantee_pct_max"":""0.25"",""default_years_min"":""1"",""default_years_max"":""2"",""source_basis"":""synthetic_position_market_tuning_from_public_contract_environment"",""notes"":""Designed for fictional players and game balance; update with contract databases if exact player-level realism is desired.""}"
nfl_contracts,nfl_position_contract_market_bands.csv,nfl_position_contract_market_bands,runtime_tuning,11,RB,"{""position"":""RB"",""market_tier"":""backup"",""apy_min_millions"":""1"",""apy_max_millions"":""3"",""guarantee_pct_min"":""0.08"",""guarantee_pct_max"":""0.25"",""default_years_min"":""1"",""default_years_max"":""2"",""source_basis"":""synthetic_position_market_tuning_from_public_contract_environment"",""notes"":""Designed for fictional players and game balance; update with contract databases if exact player-level realism is desired.""}"
nfl_contracts,nfl_position_contract_market_bands.csv,nfl_position_contract_market_bands,runtime_tuning,12,RB,"{""position"":""RB"",""market_tier"":""depth"",""apy_min_millions"":""0.9"",""apy_max_millions"":""1.8"",""guarantee_pct_min"":""0.0"",""guarantee_pct_max"":""0.08"",""default_years_min"":""1"",""default_years_max"":""2"",""source_basis"":""synthetic_position_market_tuning_from_public_contract_environment"",""notes"":""Designed for fictional players and game balance; update with contract databases if exact player-level realism is desired.""}"
nfl_contracts,nfl_position_contract_market_bands.csv,nfl_position_contract_market_bands,runtime_tuning,13,WR,"{""position"":""WR"",""market_tier"":""franchise"",""apy_min_millions"":""28"",""apy_max_millions"":""40"",""guarantee_pct_min"":""0.35"",""guarantee_pct_max"":""0.7"",""default_years_min"":""4"",""default_years_max"":""6"",""source_basis"":""synthetic_position_market_tuning_from_public_contract_environment"",""notes"":""Designed for fictional players and game balance; update with contract databases if exact player-level realism is desired.""}"
nfl_contracts,nfl_position_contract_market_bands.csv,nfl_position_contract_market_bands,runtime_tuning,14,WR,"{""position"":""WR"",""market_tier"":""elite"",""apy_min_millions"":""21"",""apy_max_millions"":""32"",""guarantee_pct_min"":""0.35"",""guarantee_pct_max"":""0.7"",""default_years_min"":""4"",""default_years_max"":""5"",""source_basis"":""synthetic_position_market_tuning_from_public_contract_environment"",""notes"":""Designed for fictional players and game balance; update with contract databases if exact player-level realism is desired.""}"
nfl_contracts,nfl_position_contract_market_bands.csv,nfl_position_contract_market_bands,runtime_tuning,15,WR,"{""position"":""WR"",""market_tier"":""starter"",""apy_min_millions"":""10"",""apy_max_millions"":""22"",""guarantee_pct_min"":""0.2"",""guarantee_pct_max"":""0.5"",""default_years_min"":""2"",""default_years_max"":""4"",""source_basis"":""synthetic_position_market_tuning_from_public_contract_environment"",""notes"":""Designed for fictional players and game balance; update with contract databases if exact player-level realism is desired.""}"
nfl_contracts,nfl_position_contract_market_bands.csv,nfl_position_contract_market_bands,runtime_tuning,16,WR,"{""position"":""WR"",""market_tier"":""bridge"",""apy_min_millions"":""5"",""apy_max_millions"":""12"",""guarantee_pct_min"":""0.08"",""guarantee_pct_max"":""0.25"",""default_years_min"":""1"",""default_years_max"":""2"",""source_basis"":""synthetic_position_market_tuning_from_public_contract_environment"",""notes"":""Designed for fictional players and game balance; update with contract databases if exact player-level realism is desired.""}"
nfl_contracts,nfl_position_contract_market_bands.csv,nfl_position_contract_market_bands,runtime_tuning,17,WR,"{""position"":""WR"",""market_tier"":""backup"",""apy_min_millions"":""2"",""apy_max_millions"":""6"",""guarantee_pct_min"":""0.08"",""guarantee_pct_max"":""0.25"",""default_years_min"":""1"",""default_years_max"":""2"",""source_basis"":""synthetic_position_market_tuning_from_public_contract_environment"",""notes"":""Designed for fictional players and game balance; update with contract databases if exact player-level realism is desired.""}"
nfl_contracts,nfl_position_contract_market_bands.csv,nfl_position_contract_market_bands,runtime_tuning,18,WR,"{""position"":""WR"",""market_tier"":""depth"",""apy_min_millions"":""0.9"",""apy_max_millions"":""2.5"",""guarantee_pct_min"":""0.0"",""guarantee_pct_max"":""0.08"",""default_years_min"":""1"",""default_years_max"":""2"",""source_basis"":""synthetic_position_market_tuning_from_public_contract_environment"",""notes"":""Designed for fictional players and game balance; update with contract databases if exact player-level realism is desired.""}"
nfl_contracts,nfl_position_contract_market_bands.csv,nfl_position_contract_market_bands,runtime_tuning,19,TE,"{""position"":""TE"",""market_tier"":""franchise"",""apy_min_millions"":""13"",""apy_max_millions"":""20"",""guarantee_pct_min"":""0.35"",""guarantee_pct_max"":""0.7"",""default_years_min"":""4"",""default_years_max"":""6"",""source_basis"":""synthetic_position_market_tuning_from_public_contract_environment"",""notes"":""Designed for fictional players and game balance; update with contract databases if exact player-level realism is desired.""}"
nfl_contracts,nfl_position_contract_market_bands.csv,nfl_position_contract_market_bands,runtime_tuning,20,TE,"{""position"":""TE"",""market_tier"":""elite"",""apy_min_millions"":""10"",""apy_max_millions"":""16"",""guarantee_pct_min"":""0.35"",""guarantee_pct_max"":""0.7"",""default_years_min"":""4"",""default_years_max"":""5"",""source_basis"":""synthetic_position_market_tuning_from_public_contract_environment"",""notes"":""Designed for fictional players and game balance; update with contract databases if exact player-level realism is desired.""}"
nfl_contracts,nfl_position_contract_market_bands.csv,nfl_position_contract_market_bands,runtime_tuning,21,TE,"{""position"":""TE"",""market_tier"":""starter"",""apy_min_millions"":""5"",""apy_max_millions"":""10"",""guarantee_pct_min"":""0.2"",""guarantee_pct_max"":""0.5"",""default_years_min"":""2"",""default_years_max"":""4"",""source_basis"":""synthetic_position_market_tuning_from_public_contract_environment"",""notes"":""Designed for fictional players and game balance; update with contract databases if exact player-level realism is desired.""}"
nfl_contracts,nfl_position_contract_market_bands.csv,nfl_position_contract_market_bands,runtime_tuning,22,TE,"{""position"":""TE"",""market_tier"":""bridge"",""apy_min_millions"":""3"",""apy_max_millions"":""7"",""guarantee_pct_min"":""0.08"",""guarantee_pct_max"":""0.25"",""default_years_min"":""1"",""default_years_max"":""2"",""source_basis"":""synthetic_position_market_tuning_from_public_contract_environment"",""notes"":""Designed for fictional players and game balance; update with contract databases if exact player-level realism is desired.""}"
nfl_contracts,nfl_position_contract_market_bands.csv,nfl_position_contract_market_bands,runtime_tuning,23,TE,"{""position"":""TE"",""market_tier"":""backup"",""apy_min_millions"":""1.5"",""apy_max_millions"":""4"",""guarantee_pct_min"":""0.08"",""guarantee_pct_max"":""0.25"",""default_years_min"":""1"",""default_years_max"":""2"",""source_basis"":""synthetic_position_market_tuning_from_public_contract_environment"",""notes"":""Designed for fictional players and game balance; update with contract databases if exact player-level realism is desired.""}"
nfl_contracts,nfl_position_contract_market_bands.csv,nfl_position_contract_market_bands,runtime_tuning,24,TE,"{""position"":""TE"",""market_tier"":""depth"",""apy_min_millions"":""0.9"",""apy_max_millions"":""2.2"",""guarantee_pct_min"":""0.0"",""guarantee_pct_max"":""0.08"",""default_years_min"":""1"",""default_years_max"":""2"",""source_basis"":""synthetic_position_market_tuning_from_public_contract_environment"",""notes"":""Designed for fictional players and game balance; update with contract databases if exact player-level realism is desired.""}"
nfl_contracts,nfl_position_contract_market_bands.csv,nfl_position_contract_market_bands,runtime_tuning,25,LT,"{""position"":""LT"",""market_tier"":""franchise"",""apy_min_millions"":""24"",""apy_max_millions"":""34"",""guarantee_pct_min"":""0.35"",""guarantee_pct_max"":""0.7"",""default_years_min"":""4"",""default_years_max"":""6"",""source_basis"":""synthetic_position_market_tuning_from_public_contract_environment"",""notes"":""Designed for fictional players and game balance; update with contract databases if exact player-level realism is desired.""}"
nfl_contracts,nfl_position_contract_market_bands.csv,nfl_position_contract_market_bands,runtime_tuning,26,LT,"{""position"":""LT"",""market_tier"":""elite"",""apy_min_millions"":""18"",""apy_max_millions"":""26"",""guarantee_pct_min"":""0.35"",""guarantee_pct_max"":""0.7"",""default_years_min"":""4"",""default_years_max"":""5"",""source_basis"":""synthetic_position_market_tuning_from_public_contract_environment"",""notes"":""Designed for fictional players and game balance; update with contract databases if exact player-level realism is desired.""}"
nfl_contracts,nfl_position_contract_market_bands.csv,nfl_position_contract_market_bands,runtime_tuning,27,LT,"{""position"":""LT"",""market_tier"":""starter"",""apy_min_millions"":""9"",""apy_max_millions"":""18"",""guarantee_pct_min"":""0.2"",""guarantee_pct_max"":""0.5"",""default_years_min"":""2"",""default_years_max"":""4"",""source_basis"":""synthetic_position_market_tuning_from_public_contract_environment"",""notes"":""Designed for fictional players and game balance; update with contract databases if exact player-level realism is desired.""}"
nfl_contracts,nfl_position_contract_market_bands.csv,nfl_position_contract_market_bands,runtime_tuning,28,LT,"{""position"":""LT"",""market_tier"":""bridge"",""apy_min_millions"":""5"",""apy_max_millions"":""10"",""guarantee_pct_min"":""0.08"",""guarantee_pct_max"":""0.25"",""default_years_min"":""1"",""default_years_max"":""2"",""source_basis"":""synthetic_position_market_tuning_from_public_contract_environment"",""notes"":""Designed for fictional players and game balance; update with contract databases if exact player-level realism is desired.""}"
nfl_contracts,nfl_position_contract_market_bands.csv,nfl_position_contract_market_bands,runtime_tuning,29,LT,"{""position"":""LT"",""market_tier"":""backup"",""apy_min_millions"":""2"",""apy_max_millions"":""5"",""guarantee_pct_min"":""0.08"",""guarantee_pct_max"":""0.25"",""default_years_min"":""1"",""default_years_max"":""2"",""source_basis"":""synthetic_position_market_tuning_from_public_contract_environment"",""notes"":""Designed for fictional players and game balance; update with contract databases if exact player-level realism is desired.""}"
nfl_contracts,nfl_position_contract_market_bands.csv,nfl_position_contract_market_bands,runtime_tuning,30,LT,"{""position"":""LT"",""market_tier"":""depth"",""apy_min_millions"":""0.9"",""apy_max_millions"":""2.5"",""guarantee_pct_min"":""0.0"",""guarantee_pct_max"":""0.08"",""default_years_min"":""1"",""default_years_max"":""2"",""source_basis"":""synthetic_position_market_tuning_from_public_contract_environment"",""notes"":""Designed for fictional players and game balance; update with contract databases if exact player-level realism is desired.""}"
nfl_contracts,nfl_position_contract_market_bands.csv,nfl_position_contract_market_bands,runtime_tuning,31,LG,"{""position"":""LG"",""market_tier"":""franchise"",""apy_min_millions"":""17"",""apy_max_millions"":""24"",""guarantee_pct_min"":""0.35"",""guarantee_pct_max"":""0.7"",""default_years_min"":""4"",""default_years_max"":""6"",""source_basis"":""synthetic_position_market_tuning_from_public_contract_environment"",""notes"":""Designed for fictional players and game balance; update with contract databases if exact player-level realism is desired.""}"
nfl_contracts,nfl_position_contract_market_bands.csv,nfl_position_contract_market_bands,runtime_tuning,32,LG,"{""position"":""LG"",""market_tier"":""elite"",""apy_min_millions"":""12"",""apy_max_millions"":""18"",""guarantee_pct_min"":""0.35"",""guarantee_pct_max"":""0.7"",""default_years_min"":""4"",""default_years_max"":""5"",""source_basis"":""synthetic_position_market_tuning_from_public_contract_environment"",""notes"":""Designed for fictional players and game balance; update with contract databases if exact player-level realism is desired.""}"
nfl_contracts,nfl_position_contract_market_bands.csv,nfl_position_contract_market_bands,runtime_tuning,33,LG,"{""position"":""LG"",""market_tier"":""starter"",""apy_min_millions"":""6"",""apy_max_millions"":""12"",""guarantee_pct_min"":""0.2"",""guarantee_pct_max"":""0.5"",""default_years_min"":""2"",""default_years_max"":""4"",""source_basis"":""synthetic_position_market_tuning_from_public_contract_environment"",""notes"":""Designed for fictional players and game balance; update with contract databases if exact player-level realism is desired.""}"
nfl_contracts,nfl_position_contract_market_bands.csv,nfl_position_contract_market_bands,runtime_tuning,34,LG,"{""position"":""LG"",""market_tier"":""bridge"",""apy_min_millions"":""3"",""apy_max_millions"":""7"",""guarantee_pct_min"":""0.08"",""guarantee_pct_max"":""0.25"",""default_years_min"":""1"",""default_years_max"":""2"",""source_basis"":""synthetic_position_market_tuning_from_public_contract_environment"",""notes"":""Designed for fictional players and game balance; update with contract databases if exact player-level realism is desired.""}"
nfl_contracts,nfl_position_contract_market_bands.csv,nfl_position_contract_market_bands,runtime_tuning,35,LG,"{""position"":""LG"",""market_tier"":""backup"",""apy_min_millions"":""1.5"",""apy_max_millions"":""4"",""guarantee_pct_min"":""0.08"",""guarantee_pct_max"":""0.25"",""default_years_min"":""1"",""default_years_max"":""2"",""source_basis"":""synthetic_position_market_tuning_from_public_contract_environment"",""notes"":""Designed for fictional players and game balance; update with contract databases if exact player-level realism is desired.""}"
nfl_contracts,nfl_position_contract_market_bands.csv,nfl_position_contract_market_bands,runtime_tuning,36,LG,"{""position"":""LG"",""market_tier"":""depth"",""apy_min_millions"":""0.9"",""apy_max_millions"":""2.2"",""guarantee_pct_min"":""0.0"",""guarantee_pct_max"":""0.08"",""default_years_min"":""1"",""default_years_max"":""2"",""source_basis"":""synthetic_position_market_tuning_from_public_contract_environment"",""notes"":""Designed for fictional players and game balance; update with contract databases if exact player-level realism is desired.""}"
nfl_contracts,nfl_position_contract_market_bands.csv,nfl_position_contract_market_bands,runtime_tuning,37,C,"{""position"":""C"",""market_tier"":""franchise"",""apy_min_millions"":""15"",""apy_max_millions"":""22"",""guarantee_pct_min"":""0.35"",""guarantee_pct_max"":""0.7"",""default_years_min"":""4"",""default_years_max"":""6"",""source_basis"":""synthetic_position_market_tuning_from_public_contract_environment"",""notes"":""Designed for fictional players and game balance; update with contract databases if exact player-level realism is desired.""}"
nfl_contracts,nfl_position_contract_market_bands.csv,nfl_position_contract_market_bands,runtime_tuning,38,C,"{""position"":""C"",""market_tier"":""elite"",""apy_min_millions"":""10"",""apy_max_millions"":""16"",""guarantee_pct_min"":""0.35"",""guarantee_pct_max"":""0.7"",""default_years_min"":""4"",""default_years_max"":""5"",""source_basis"":""synthetic_position_market_tuning_from_public_contract_environment"",""notes"":""Designed for fictional players and game balance; update with contract databases if exact player-level realism is desired.""}"
nfl_contracts,nfl_position_contract_market_bands.csv,nfl_position_contract_market_bands,runtime_tuning,39,C,"{""position"":""C"",""market_tier"":""starter"",""apy_min_millions"":""5"",""apy_max_millions"":""11"",""guarantee_pct_min"":""0.2"",""guarantee_pct_max"":""0.5"",""default_years_min"":""2"",""default_years_max"":""4"",""source_basis"":""synthetic_position_market_tuning_from_public_contract_environment"",""notes"":""Designed for fictional players and game balance; update with contract databases if exact player-level realism is desired.""}"
nfl_contracts,nfl_position_contract_market_bands.csv,nfl_position_contract_market_bands,runtime_tuning,40,C,"{""position"":""C"",""market_tier"":""bridge"",""apy_min_millions"":""3"",""apy_max_millions"":""7"",""guarantee_pct_min"":""0.08"",""guarantee_pct_max"":""0.25"",""default_years_min"":""1"",""default_years_max"":""2"",""source_basis"":""synthetic_position_market_tuning_from_public_contract_environment"",""notes"":""Designed for fictional players and game balance; update with contract databases if exact player-level realism is desired.""}"
nfl_contracts,nfl_position_contract_market_bands.csv,nfl_position_contract_market_bands,runtime_tuning,41,C,"{""position"":""C"",""market_tier"":""backup"",""apy_min_millions"":""1.5"",""apy_max_millions"":""4"",""guarantee_pct_min"":""0.08"",""guarantee_pct_max"":""0.25"",""default_years_min"":""1"",""default_years_max"":""2"",""source_basis"":""synthetic_position_market_tuning_from_public_contract_environment"",""notes"":""Designed for fictional players and game balance; update with contract databases if exact player-level realism is desired.""}"
nfl_contracts,nfl_position_contract_market_bands.csv,nfl_position_contract_market_bands,runtime_tuning,42,C,"{""position"":""C"",""market_tier"":""depth"",""apy_min_millions"":""0.9"",""apy_max_millions"":""2.2"",""guarantee_pct_min"":""0.0"",""guarantee_pct_max"":""0.08"",""default_years_min"":""1"",""default_years_max"":""2"",""source_basis"":""synthetic_position_market_tuning_from_public_contract_environment"",""notes"":""Designed for fictional players and game balance; update with contract databases if exact player-level realism is desired.""}"
nfl_contracts,nfl_position_contract_market_bands.csv,nfl_position_contract_market_bands,runtime_tuning,43,RG,"{""position"":""RG"",""market_tier"":""franchise"",""apy_min_millions"":""17"",""apy_max_millions"":""24"",""guarantee_pct_min"":""0.35"",""guarantee_pct_max"":""0.7"",""default_years_min"":""4"",""default_years_max"":""6"",""source_basis"":""synthetic_position_market_tuning_from_public_contract_environment"",""notes"":""Designed for fictional players and game balance; update with contract databases if exact player-level realism is desired.""}"
nfl_contracts,nfl_position_contract_market_bands.csv,nfl_position_contract_market_bands,runtime_tuning,44,RG,"{""position"":""RG"",""market_tier"":""elite"",""apy_min_millions"":""12"",""apy_max_millions"":""18"",""guarantee_pct_min"":""0.35"",""guarantee_pct_max"":""0.7"",""default_years_min"":""4"",""default_years_max"":""5"",""source_basis"":""synthetic_position_market_tuning_from_public_contract_environment"",""notes"":""Designed for fictional players and game balance; update with contract databases if exact player-level realism is desired.""}"
nfl_contracts,nfl_position_contract_market_bands.csv,nfl_position_contract_market_bands,runtime_tuning,45,RG,"{""position"":""RG"",""market_tier"":""starter"",""apy_min_millions"":""6"",""apy_max_millions"":""12"",""guarantee_pct_min"":""0.2"",""guarantee_pct_max"":""0.5"",""default_years_min"":""2"",""default_years_max"":""4"",""source_basis"":""synthetic_position_market_tuning_from_public_contract_environment"",""notes"":""Designed for fictional players and game balance; update with contract databases if exact player-level realism is desired.""}"
nfl_contracts,nfl_position_contract_market_bands.csv,nfl_position_contract_market_bands,runtime_tuning,46,RG,"{""position"":""RG"",""market_tier"":""bridge"",""apy_min_millions"":""3"",""apy_max_millions"":""7"",""guarantee_pct_min"":""0.08"",""guarantee_pct_max"":""0.25"",""default_years_min"":""1"",""default_years_max"":""2"",""source_basis"":""synthetic_position_market_tuning_from_public_contract_environment"",""notes"":""Designed for fictional players and game balance; update with contract databases if exact player-level realism is desired.""}"
nfl_contracts,nfl_position_contract_market_bands.csv,nfl_position_contract_market_bands,runtime_tuning,47,RG,"{""position"":""RG"",""market_tier"":""backup"",""apy_min_millions"":""1.5"",""apy_max_millions"":""4"",""guarantee_pct_min"":""0.08"",""guarantee_pct_max"":""0.25"",""default_years_min"":""1"",""default_years_max"":""2"",""source_basis"":""synthetic_position_market_tuning_from_public_contract_environment"",""notes"":""Designed for fictional players and game balance; update with contract databases if exact player-level realism is desired.""}"
nfl_contracts,nfl_position_contract_market_bands.csv,nfl_position_contract_market_bands,runtime_tuning,48,RG,"{""position"":""RG"",""market_tier"":""depth"",""apy_min_millions"":""0.9"",""apy_max_millions"":""2.2"",""guarantee_pct_min"":""0.0"",""guarantee_pct_max"":""0.08"",""default_years_min"":""1"",""default_years_max"":""2"",""source_basis"":""synthetic_position_market_tuning_from_public_contract_environment"",""notes"":""Designed for fictional players and game balance; update with contract databases if exact player-level realism is desired.""}"
nfl_contracts,nfl_position_contract_market_bands.csv,nfl_position_contract_market_bands,runtime_tuning,49,RT,"{""position"":""RT"",""market_tier"":""franchise"",""apy_min_millions"":""20"",""apy_max_millions"":""30"",""guarantee_pct_min"":""0.35"",""guarantee_pct_max"":""0.7"",""default_years_min"":""4"",""default_years_max"":""6"",""source_basis"":""synthetic_position_market_tuning_from_public_contract_environment"",""notes"":""Designed for fictional players and game balance; update with contract databases if exact player-level realism is desired.""}"
nfl_contracts,nfl_position_contract_market_bands.csv,nfl_position_contract_market_bands,runtime_tuning,50,RT,"{""position"":""RT"",""market_tier"":""elite"",""apy_min_millions"":""15"",""apy_max_millions"":""23"",""guarantee_pct_min"":""0.35"",""guarantee_pct_max"":""0.7"",""default_years_min"":""4"",""default_years_max"":""5"",""source_basis"":""synthetic_position_market_tuning_from_public_contract_environment"",""notes"":""Designed for fictional players and game balance; update with contract databases if exact player-level realism is desired.""}"
nfl_contracts,nfl_position_contract_market_bands.csv,nfl_position_contract_market_bands,runtime_tuning,51,RT,"{""position"":""RT"",""market_tier"":""starter"",""apy_min_millions"":""7"",""apy_max_millions"":""15"",""guarantee_pct_min"":""0.2"",""guarantee_pct_max"":""0.5"",""default_years_min"":""2"",""default_years_max"":""4"",""source_basis"":""synthetic_position_market_tuning_from_public_contract_environment"",""notes"":""Designed for fictional players and game balance; update with contract databases if exact player-level realism is desired.""}"
nfl_contracts,nfl_position_contract_market_bands.csv,nfl_position_contract_market_bands,runtime_tuning,52,RT,"{""position"":""RT"",""market_tier"":""bridge"",""apy_min_millions"":""4"",""apy_max_millions"":""9"",""guarantee_pct_min"":""0.08"",""guarantee_pct_max"":""0.25"",""default_years_min"":""1"",""default_years_max"":""2"",""source_basis"":""synthetic_position_market_tuning_from_public_contract_environment"",""notes"":""Designed for fictional players and game balance; update with contract databases if exact player-level realism is desired.""}"
nfl_contracts,nfl_position_contract_market_bands.csv,nfl_position_contract_market_bands,runtime_tuning,53,RT,"{""position"":""RT"",""market_tier"":""backup"",""apy_min_millions"":""2"",""apy_max_millions"":""5"",""guarantee_pct_min"":""0.08"",""guarantee_pct_max"":""0.25"",""default_years_min"":""1"",""default_years_max"":""2"",""source_basis"":""synthetic_position_market_tuning_from_public_contract_environment"",""notes"":""Designed for fictional players and game balance; update with contract databases if exact player-level realism is desired.""}"
nfl_contracts,nfl_position_contract_market_bands.csv,nfl_position_contract_market_bands,runtime_tuning,54,RT,"{""position"":""RT"",""market_tier"":""depth"",""apy_min_millions"":""0.9"",""apy_max_millions"":""2.5"",""guarantee_pct_min"":""0.0"",""guarantee_pct_max"":""0.08"",""default_years_min"":""1"",""default_years_max"":""2"",""source_basis"":""synthetic_position_market_tuning_from_public_contract_environment"",""notes"":""Designed for fictional players and game balance; update with contract databases if exact player-level realism is desired.""}"
nfl_contracts,nfl_position_contract_market_bands.csv,nfl_position_contract_market_bands,runtime_tuning,55,EDGE,"{""position"":""EDGE"",""market_tier"":""franchise"",""apy_min_millions"":""30"",""apy_max_millions"":""42"",""guarantee_pct_min"":""0.35"",""guarantee_pct_max"":""0.7"",""default_years_min"":""4"",""default_years_max"":""6"",""source_basis"":""synthetic_position_market_tuning_from_public_contract_environment"",""notes"":""Designed for fictional players and game balance; update with contract databases if exact player-level realism is desired.""}"
nfl_contracts,nfl_position_contract_market_bands.csv,nfl_position_contract_market_bands,runtime_tuning,56,EDGE,"{""position"":""EDGE"",""market_tier"":""elite"",""apy_min_millions"":""22"",""apy_max_millions"":""32"",""guarantee_pct_min"":""0.35"",""guarantee_pct_max"":""0.7"",""default_years_min"":""4"",""default_years_max"":""5"",""source_basis"":""synthetic_position_market_tuning_from_public_contract_environment"",""notes"":""Designed for fictional players and game balance; update with contract databases if exact player-level realism is desired.""}"
nfl_contracts,nfl_position_contract_market_bands.csv,nfl_position_contract_market_bands,runtime_tuning,57,EDGE,"{""position"":""EDGE"",""market_tier"":""starter"",""apy_min_millions"":""10"",""apy_max_millions"":""22"",""guarantee_pct_min"":""0.2"",""guarantee_pct_max"":""0.5"",""default_years_min"":""2"",""default_years_max"":""4"",""source_basis"":""synthetic_position_market_tuning_from_public_contract_environment"",""notes"":""Designed for fictional players and game balance; update with contract databases if exact player-level realism is desired.""}"
nfl_contracts,nfl_position_contract_market_bands.csv,nfl_position_contract_market_bands,runtime_tuning,58,EDGE,"{""position"":""EDGE"",""market_tier"":""bridge"",""apy_min_millions"":""5"",""apy_max_millions"":""12"",""guarantee_pct_min"":""0.08"",""guarantee_pct_max"":""0.25"",""default_years_min"":""1"",""default_years_max"":""2"",""source_basis"":""synthetic_position_market_tuning_from_public_contract_environment"",""notes"":""Designed for fictional players and game balance; update with contract databases if exact player-level realism is desired.""}"
nfl_contracts,nfl_position_contract_market_bands.csv,nfl_position_contract_market_bands,runtime_tuning,59,EDGE,"{""position"":""EDGE"",""market_tier"":""backup"",""apy_min_millions"":""2"",""apy_max_millions"":""6"",""guarantee_pct_min"":""0.08"",""guarantee_pct_max"":""0.25"",""default_years_min"":""1"",""default_years_max"":""2"",""source_basis"":""synthetic_position_market_tuning_from_public_contract_environment"",""notes"":""Designed for fictional players and game balance; update with contract databases if exact player-level realism is desired.""}"
nfl_contracts,nfl_position_contract_market_bands.csv,nfl_position_contract_market_bands,runtime_tuning,60,EDGE,"{""position"":""EDGE"",""market_tier"":""depth"",""apy_min_millions"":""0.9"",""apy_max_millions"":""2.5"",""guarantee_pct_min"":""0.0"",""guarantee_pct_max"":""0.08"",""default_years_min"":""1"",""default_years_max"":""2"",""source_basis"":""synthetic_position_market_tuning_from_public_contract_environment"",""notes"":""Designed for fictional players and game balance; update with contract databases if exact player-level realism is desired.""}"
nfl_contracts,nfl_position_contract_market_bands.csv,nfl_position_contract_market_bands,runtime_tuning,61,DL,"{""position"":""DL"",""market_tier"":""franchise"",""apy_min_millions"":""26"",""apy_max_millions"":""38"",""guarantee_pct_min"":""0.35"",""guarantee_pct_max"":""0.7"",""default_years_min"":""4"",""default_years_max"":""6"",""source_basis"":""synthetic_position_market_tuning_from_public_contract_environment"",""notes"":""Designed for fictional players and game balance; update with contract databases if exact player-level realism is desired.""}"
nfl_contracts,nfl_position_contract_market_bands.csv,nfl_position_contract_market_bands,runtime_tuning,62,DL,"{""position"":""DL"",""market_tier"":""elite"",""apy_min_millions"":""18"",""apy_max_millions"":""28"",""guarantee_pct_min"":""0.35"",""guarantee_pct_max"":""0.7"",""default_years_min"":""4"",""default_years_max"":""5"",""source_basis"":""synthetic_position_market_tuning_from_public_contract_environment"",""notes"":""Designed for fictional players and game balance; update with contract databases if exact player-level realism is desired.""}"
nfl_contracts,nfl_position_contract_market_bands.csv,nfl_position_contract_market_bands,runtime_tuning,63,DL,"{""position"":""DL"",""market_tier"":""starter"",""apy_min_millions"":""8"",""apy_max_millions"":""18"",""guarantee_pct_min"":""0.2"",""guarantee_pct_max"":""0.5"",""default_years_min"":""2"",""default_years_max"":""4"",""source_basis"":""synthetic_position_market_tuning_from_public_contract_environment"",""notes"":""Designed for fictional players and game balance; update with contract databases if exact player-level realism is desired.""}"
nfl_contracts,nfl_position_contract_market_bands.csv,nfl_position_contract_market_bands,runtime_tuning,64,DL,"{""position"":""DL"",""market_tier"":""bridge"",""apy_min_millions"":""4"",""apy_max_millions"":""10"",""guarantee_pct_min"":""0.08"",""guarantee_pct_max"":""0.25"",""default_years_min"":""1"",""default_years_max"":""2"",""source_basis"":""synthetic_position_market_tuning_from_public_contract_environment"",""notes"":""Designed for fictional players and game balance; update with contract databases if exact player-level realism is desired.""}"
nfl_contracts,nfl_position_contract_market_bands.csv,nfl_position_contract_market_bands,runtime_tuning,65,DL,"{""position"":""DL"",""market_tier"":""backup"",""apy_min_millions"":""2"",""apy_max_millions"":""5"",""guarantee_pct_min"":""0.08"",""guarantee_pct_max"":""0.25"",""default_years_min"":""1"",""default_years_max"":""2"",""source_basis"":""synthetic_position_market_tuning_from_public_contract_environment"",""notes"":""Designed for fictional players and game balance; update with contract databases if exact player-level realism is desired.""}"
nfl_contracts,nfl_position_contract_market_bands.csv,nfl_position_contract_market_bands,runtime_tuning,66,DL,"{""position"":""DL"",""market_tier"":""depth"",""apy_min_millions"":""0.9"",""apy_max_millions"":""2.5"",""guarantee_pct_min"":""0.0"",""guarantee_pct_max"":""0.08"",""default_years_min"":""1"",""default_years_max"":""2"",""source_basis"":""synthetic_position_market_tuning_from_public_contract_environment"",""notes"":""Designed for fictional players and game balance; update with contract databases if exact player-level realism is desired.""}"
nfl_contracts,nfl_position_contract_market_bands.csv,nfl_position_contract_market_bands,runtime_tuning,67,LB,"{""position"":""LB"",""market_tier"":""franchise"",""apy_min_millions"":""17"",""apy_max_millions"":""25"",""guarantee_pct_min"":""0.35"",""guarantee_pct_max"":""0.7"",""default_years_min"":""4"",""default_years_max"":""6"",""source_basis"":""synthetic_position_market_tuning_from_public_contract_environment"",""notes"":""Designed for fictional players and game balance; update with contract databases if exact player-level realism is desired.""}"
nfl_contracts,nfl_position_contract_market_bands.csv,nfl_position_contract_market_bands,runtime_tuning,68,LB,"{""position"":""LB"",""market_tier"":""elite"",""apy_min_millions"":""12"",""apy_max_millions"":""18"",""guarantee_pct_min"":""0.35"",""guarantee_pct_max"":""0.7"",""default_years_min"":""4"",""default_years_max"":""5"",""source_basis"":""synthetic_position_market_tuning_from_public_contract_environment"",""notes"":""Designed for fictional players and game balance; update with contract databases if exact player-level realism is desired.""}"
nfl_contracts,nfl_position_contract_market_bands.csv,nfl_position_contract_market_bands,runtime_tuning,69,LB,"{""position"":""LB"",""market_tier"":""starter"",""apy_min_millions"":""6"",""apy_max_millions"":""12"",""guarantee_pct_min"":""0.2"",""guarantee_pct_max"":""0.5"",""default_years_min"":""2"",""default_years_max"":""4"",""source_basis"":""synthetic_position_market_tuning_from_public_contract_environment"",""notes"":""Designed for fictional players and game balance; update with contract databases if exact player-level realism is desired.""}"
nfl_contracts,nfl_position_contract_market_bands.csv,nfl_position_contract_market_bands,runtime_tuning,70,LB,"{""position"":""LB"",""market_tier"":""bridge"",""apy_min_millions"":""3"",""apy_max_millions"":""7"",""guarantee_pct_min"":""0.08"",""guarantee_pct_max"":""0.25"",""default_years_min"":""1"",""default_years_max"":""2"",""source_basis"":""synthetic_position_market_tuning_from_public_contract_environment"",""notes"":""Designed for fictional players and game balance; update with contract databases if exact player-level realism is desired.""}"
nfl_contracts,nfl_position_contract_market_bands.csv,nfl_position_contract_market_bands,runtime_tuning,71,LB,"{""position"":""LB"",""market_tier"":""backup"",""apy_min_millions"":""1.5"",""apy_max_millions"":""4"",""guarantee_pct_min"":""0.08"",""guarantee_pct_max"":""0.25"",""default_years_min"":""1"",""default_years_max"":""2"",""source_basis"":""synthetic_position_market_tuning_from_public_contract_environment"",""notes"":""Designed for fictional players and game balance; update with contract databases if exact player-level realism is desired.""}"
nfl_contracts,nfl_position_contract_market_bands.csv,nfl_position_contract_market_bands,runtime_tuning,72,LB,"{""position"":""LB"",""market_tier"":""depth"",""apy_min_millions"":""0.9"",""apy_max_millions"":""2.2"",""guarantee_pct_min"":""0.0"",""guarantee_pct_max"":""0.08"",""default_years_min"":""1"",""default_years_max"":""2"",""source_basis"":""synthetic_position_market_tuning_from_public_contract_environment"",""notes"":""Designed for fictional players and game balance; update with contract databases if exact player-level realism is desired.""}"
nfl_contracts,nfl_position_contract_market_bands.csv,nfl_position_contract_market_bands,runtime_tuning,73,CB,"{""position"":""CB"",""market_tier"":""franchise"",""apy_min_millions"":""24"",""apy_max_millions"":""34"",""guarantee_pct_min"":""0.35"",""guarantee_pct_max"":""0.7"",""default_years_min"":""4"",""default_years_max"":""6"",""source_basis"":""synthetic_position_market_tuning_from_public_contract_environment"",""notes"":""Designed for fictional players and game balance; update with contract databases if exact player-level realism is desired.""}"
nfl_contracts,nfl_position_contract_market_bands.csv,nfl_position_contract_market_bands,runtime_tuning,74,CB,"{""position"":""CB"",""market_tier"":""elite"",""apy_min_millions"":""17"",""apy_max_millions"":""26"",""guarantee_pct_min"":""0.35"",""guarantee_pct_max"":""0.7"",""default_years_min"":""4"",""default_years_max"":""5"",""source_basis"":""synthetic_position_market_tuning_from_public_contract_environment"",""notes"":""Designed for fictional players and game balance; update with contract databases if exact player-level realism is desired.""}"
nfl_contracts,nfl_position_contract_market_bands.csv,nfl_position_contract_market_bands,runtime_tuning,75,CB,"{""position"":""CB"",""market_tier"":""starter"",""apy_min_millions"":""8"",""apy_max_millions"":""18"",""guarantee_pct_min"":""0.2"",""guarantee_pct_max"":""0.5"",""default_years_min"":""2"",""default_years_max"":""4"",""source_basis"":""synthetic_position_market_tuning_from_public_contract_environment"",""notes"":""Designed for fictional players and game balance; update with contract databases if exact player-level realism is desired.""}"
nfl_contracts,nfl_position_contract_market_bands.csv,nfl_position_contract_market_bands,runtime_tuning,76,CB,"{""position"":""CB"",""market_tier"":""bridge"",""apy_min_millions"":""4"",""apy_max_millions"":""10"",""guarantee_pct_min"":""0.08"",""guarantee_pct_max"":""0.25"",""default_years_min"":""1"",""default_years_max"":""2"",""source_basis"":""synthetic_position_market_tuning_from_public_contract_environment"",""notes"":""Designed for fictional players and game balance; update with contract databases if exact player-level realism is desired.""}"
nfl_contracts,nfl_position_contract_market_bands.csv,nfl_position_contract_market_bands,runtime_tuning,77,CB,"{""position"":""CB"",""market_tier"":""backup"",""apy_min_millions"":""2"",""apy_max_millions"":""5"",""guarantee_pct_min"":""0.08"",""guarantee_pct_max"":""0.25"",""default_years_min"":""1"",""default_years_max"":""2"",""source_basis"":""synthetic_position_market_tuning_from_public_contract_environment"",""notes"":""Designed for fictional players and game balance; update with contract databases if exact player-level realism is desired.""}"
nfl_contracts,nfl_position_contract_market_bands.csv,nfl_position_contract_market_bands,runtime_tuning,78,CB,"{""position"":""CB"",""market_tier"":""depth"",""apy_min_millions"":""0.9"",""apy_max_millions"":""2.5"",""guarantee_pct_min"":""0.0"",""guarantee_pct_max"":""0.08"",""default_years_min"":""1"",""default_years_max"":""2"",""source_basis"":""synthetic_position_market_tuning_from_public_contract_environment"",""notes"":""Designed for fictional players and game balance; update with contract databases if exact player-level realism is desired.""}"
nfl_contracts,nfl_position_contract_market_bands.csv,nfl_position_contract_market_bands,runtime_tuning,79,S,"{""position"":""S"",""market_tier"":""franchise"",""apy_min_millions"":""16"",""apy_max_millions"":""24"",""guarantee_pct_min"":""0.35"",""guarantee_pct_max"":""0.7"",""default_years_min"":""4"",""default_years_max"":""6"",""source_basis"":""synthetic_position_market_tuning_from_public_contract_environment"",""notes"":""Designed for fictional players and game balance; update with contract databases if exact player-level realism is desired.""}"
nfl_contracts,nfl_position_contract_market_bands.csv,nfl_position_contract_market_bands,runtime_tuning,80,S,"{""position"":""S"",""market_tier"":""elite"",""apy_min_millions"":""11"",""apy_max_millions"":""18"",""guarantee_pct_min"":""0.35"",""guarantee_pct_max"":""0.7"",""default_years_min"":""4"",""default_years_max"":""5"",""source_basis"":""synthetic_position_market_tuning_from_public_contract_environment"",""notes"":""Designed for fictional players and game balance; update with contract databases if exact player-level realism is desired.""}"
nfl_contracts,nfl_position_contract_market_bands.csv,nfl_position_contract_market_bands,runtime_tuning,81,S,"{""position"":""S"",""market_tier"":""starter"",""apy_min_millions"":""5"",""apy_max_millions"":""12"",""guarantee_pct_min"":""0.2"",""guarantee_pct_max"":""0.5"",""default_years_min"":""2"",""default_years_max"":""4"",""source_basis"":""synthetic_position_market_tuning_from_public_contract_environment"",""notes"":""Designed for fictional players and game balance; update with contract databases if exact player-level realism is desired.""}"
nfl_contracts,nfl_position_contract_market_bands.csv,nfl_position_contract_market_bands,runtime_tuning,82,S,"{""position"":""S"",""market_tier"":""bridge"",""apy_min_millions"":""3"",""apy_max_millions"":""7"",""guarantee_pct_min"":""0.08"",""guarantee_pct_max"":""0.25"",""default_years_min"":""1"",""default_years_max"":""2"",""source_basis"":""synthetic_position_market_tuning_from_public_contract_environment"",""notes"":""Designed for fictional players and game balance; update with contract databases if exact player-level realism is desired.""}"
nfl_contracts,nfl_position_contract_market_bands.csv,nfl_position_contract_market_bands,runtime_tuning,83,S,"{""position"":""S"",""market_tier"":""backup"",""apy_min_millions"":""1.5"",""apy_max_millions"":""4"",""guarantee_pct_min"":""0.08"",""guarantee_pct_max"":""0.25"",""default_years_min"":""1"",""default_years_max"":""2"",""source_basis"":""synthetic_position_market_tuning_from_public_contract_environment"",""notes"":""Designed for fictional players and game balance; update with contract databases if exact player-level realism is desired.""}"
nfl_contracts,nfl_position_contract_market_bands.csv,nfl_position_contract_market_bands,runtime_tuning,84,S,"{""position"":""S"",""market_tier"":""depth"",""apy_min_millions"":""0.9"",""apy_max_millions"":""2.2"",""guarantee_pct_min"":""0.0"",""guarantee_pct_max"":""0.08"",""default_years_min"":""1"",""default_years_max"":""2"",""source_basis"":""synthetic_position_market_tuning_from_public_contract_environment"",""notes"":""Designed for fictional players and game balance; update with contract databases if exact player-level realism is desired.""}"
nfl_contracts,nfl_position_contract_market_bands.csv,nfl_position_contract_market_bands,runtime_tuning,85,K,"{""position"":""K"",""market_tier"":""franchise"",""apy_min_millions"":""5"",""apy_max_millions"":""8"",""guarantee_pct_min"":""0.35"",""guarantee_pct_max"":""0.7"",""default_years_min"":""4"",""default_years_max"":""6"",""source_basis"":""synthetic_position_market_tuning_from_public_contract_environment"",""notes"":""Designed for fictional players and game balance; update with contract databases if exact player-level realism is desired.""}"
nfl_contracts,nfl_position_contract_market_bands.csv,nfl_position_contract_market_bands,runtime_tuning,86,K,"{""position"":""K"",""market_tier"":""elite"",""apy_min_millions"":""3.5"",""apy_max_millions"":""5.5"",""guarantee_pct_min"":""0.35"",""guarantee_pct_max"":""0.7"",""default_years_min"":""4"",""default_years_max"":""5"",""source_basis"":""synthetic_position_market_tuning_from_public_contract_environment"",""notes"":""Designed for fictional players and game balance; update with contract databases if exact player-level realism is desired.""}"
nfl_contracts,nfl_position_contract_market_bands.csv,nfl_position_contract_market_bands,runtime_tuning,87,K,"{""position"":""K"",""market_tier"":""starter"",""apy_min_millions"":""2"",""apy_max_millions"":""4"",""guarantee_pct_min"":""0.2"",""guarantee_pct_max"":""0.5"",""default_years_min"":""2"",""default_years_max"":""4"",""source_basis"":""synthetic_position_market_tuning_from_public_contract_environment"",""notes"":""Designed for fictional players and game balance; update with contract databases if exact player-level realism is desired.""}"
nfl_contracts,nfl_position_contract_market_bands.csv,nfl_position_contract_market_bands,runtime_tuning,88,K,"{""position"":""K"",""market_tier"":""bridge"",""apy_min_millions"":""1.2"",""apy_max_millions"":""2.5"",""guarantee_pct_min"":""0.08"",""guarantee_pct_max"":""0.25"",""default_years_min"":""1"",""default_years_max"":""2"",""source_basis"":""synthetic_position_market_tuning_from_public_contract_environment"",""notes"":""Designed for fictional players and game balance; update with contract databases if exact player-level realism is desired.""}"
nfl_contracts,nfl_position_contract_market_bands.csv,nfl_position_contract_market_bands,runtime_tuning,89,K,"{""position"":""K"",""market_tier"":""backup"",""apy_min_millions"":""0.9"",""apy_max_millions"":""1.8"",""guarantee_pct_min"":""0.08"",""guarantee_pct_max"":""0.25"",""default_years_min"":""1"",""default_years_max"":""2"",""source_basis"":""synthetic_position_market_tuning_from_public_contract_environment"",""notes"":""Designed for fictional players and game balance; update with contract databases if exact player-level realism is desired.""}"
nfl_contracts,nfl_position_contract_market_bands.csv,nfl_position_contract_market_bands,runtime_tuning,90,K,"{""position"":""K"",""market_tier"":""depth"",""apy_min_millions"":""0.75"",""apy_max_millions"":""1.2"",""guarantee_pct_min"":""0.0"",""guarantee_pct_max"":""0.08"",""default_years_min"":""1"",""default_years_max"":""2"",""source_basis"":""synthetic_position_market_tuning_from_public_contract_environment"",""notes"":""Designed for fictional players and game balance; update with contract databases if exact player-level realism is desired.""}"
nfl_contracts,nfl_position_contract_market_bands.csv,nfl_position_contract_market_bands,runtime_tuning,91,P,"{""position"":""P"",""market_tier"":""franchise"",""apy_min_millions"":""4"",""apy_max_millions"":""7"",""guarantee_pct_min"":""0.35"",""guarantee_pct_max"":""0.7"",""default_years_min"":""4"",""default_years_max"":""6"",""source_basis"":""synthetic_position_market_tuning_from_public_contract_environment"",""notes"":""Designed for fictional players and game balance; update with contract databases if exact player-level realism is desired.""}"
nfl_contracts,nfl_position_contract_market_bands.csv,nfl_position_contract_market_bands,runtime_tuning,92,P,"{""position"":""P"",""market_tier"":""elite"",""apy_min_millions"":""3"",""apy_max_millions"":""5"",""guarantee_pct_min"":""0.35"",""guarantee_pct_max"":""0.7"",""default_years_min"":""4"",""default_years_max"":""5"",""source_basis"":""synthetic_position_market_tuning_from_public_contract_environment"",""notes"":""Designed for fictional players and game balance; update with contract databases if exact player-level realism is desired.""}"
nfl_contracts,nfl_position_contract_market_bands.csv,nfl_position_contract_market_bands,runtime_tuning,93,P,"{""position"":""P"",""market_tier"":""starter"",""apy_min_millions"":""1.8"",""apy_max_millions"":""3.5"",""guarantee_pct_min"":""0.2"",""guarantee_pct_max"":""0.5"",""default_years_min"":""2"",""default_years_max"":""4"",""source_basis"":""synthetic_position_market_tuning_from_public_contract_environment"",""notes"":""Designed for fictional players and game balance; update with contract databases if exact player-level realism is desired.""}"
nfl_contracts,nfl_position_contract_market_bands.csv,nfl_position_contract_market_bands,runtime_tuning,94,P,"{""position"":""P"",""market_tier"":""bridge"",""apy_min_millions"":""1.1"",""apy_max_millions"":""2.2"",""guarantee_pct_min"":""0.08"",""guarantee_pct_max"":""0.25"",""default_years_min"":""1"",""default_years_max"":""2"",""source_basis"":""synthetic_position_market_tuning_from_public_contract_environment"",""notes"":""Designed for fictional players and game balance; update with contract databases if exact player-level realism is desired.""}"
nfl_contracts,nfl_position_contract_market_bands.csv,nfl_position_contract_market_bands,runtime_tuning,95,P,"{""position"":""P"",""market_tier"":""backup"",""apy_min_millions"":""0.9"",""apy_max_millions"":""1.6"",""guarantee_pct_min"":""0.08"",""guarantee_pct_max"":""0.25"",""default_years_min"":""1"",""default_years_max"":""2"",""source_basis"":""synthetic_position_market_tuning_from_public_contract_environment"",""notes"":""Designed for fictional players and game balance; update with contract databases if exact player-level realism is desired.""}"
nfl_contracts,nfl_position_contract_market_bands.csv,nfl_position_contract_market_bands,runtime_tuning,96,P,"{""position"":""P"",""market_tier"":""depth"",""apy_min_millions"":""0.75"",""apy_max_millions"":""1.2"",""guarantee_pct_min"":""0.0"",""guarantee_pct_max"":""0.08"",""default_years_min"":""1"",""default_years_max"":""2"",""source_basis"":""synthetic_position_market_tuning_from_public_contract_environment"",""notes"":""Designed for fictional players and game balance; update with contract databases if exact player-level realism is desired.""}"
nfl_contracts,nfl_practice_squad_salary_table.csv,nfl_practice_squad_salary_table,runtime_tuning,1,nfl_practice_squad_salary_table:1,"{""season_year"":""2026"",""practice_squad_group"":""rookie_or_two_or_fewer_accrued"",""weekly_salary_min"":""13750"",""weekly_salary_max"":""13750"",""weeks_paid"":""18"",""season_salary_min_millions"":""0.247"",""season_salary_max_millions"":""0.247"",""source_basis"":""researched_practice_squad_salary_schedule"",""notes"":""Use for rookies and players with two or fewer accrued seasons.""}"
nfl_contracts,nfl_practice_squad_salary_table.csv,nfl_practice_squad_salary_table,runtime_tuning,2,nfl_practice_squad_salary_table:2,"{""season_year"":""2026"",""practice_squad_group"":""veteran"",""weekly_salary_min"":""18350"",""weekly_salary_max"":""22850"",""weeks_paid"":""18"",""season_salary_min_millions"":""0.33"",""season_salary_max_millions"":""0.411"",""source_basis"":""researched_practice_squad_salary_schedule"",""notes"":""Veterans may negotiate between min and max.""}"
nfl_contracts,nfl_practice_squad_salary_table.csv,nfl_practice_squad_salary_table,runtime_tuning,3,nfl_practice_squad_salary_table:3,"{""season_year"":""2027"",""practice_squad_group"":""rookie_or_two_or_fewer_accrued"",""weekly_salary_min"":""14500"",""weekly_salary_max"":""14500"",""weeks_paid"":""18"",""season_salary_min_millions"":""0.261"",""season_salary_max_millions"":""0.261"",""source_basis"":""researched_practice_squad_salary_schedule"",""notes"":""Use for rookies and players with two or fewer accrued seasons.""}"
nfl_contracts,nfl_practice_squad_salary_table.csv,nfl_practice_squad_salary_table,runtime_tuning,4,nfl_practice_squad_salary_table:4,"{""season_year"":""2027"",""practice_squad_group"":""veteran"",""weekly_salary_min"":""19200"",""weekly_salary_max"":""23700"",""weeks_paid"":""18"",""season_salary_min_millions"":""0.346"",""season_salary_max_millions"":""0.427"",""source_basis"":""researched_practice_squad_salary_schedule"",""notes"":""Veterans may negotiate between min and max.""}"
nfl_contracts,nfl_practice_squad_salary_table.csv,nfl_practice_squad_salary_table,runtime_tuning,5,nfl_practice_squad_salary_table:5,"{""season_year"":""2028"",""practice_squad_group"":""rookie_or_two_or_fewer_accrued"",""weekly_salary_min"":""15250"",""weekly_salary_max"":""15250"",""weeks_paid"":""18"",""season_salary_min_millions"":""0.275"",""season_salary_max_millions"":""0.275"",""source_basis"":""researched_practice_squad_salary_schedule"",""notes"":""Use for rookies and players with two or fewer accrued seasons.""}"
nfl_contracts,nfl_practice_squad_salary_table.csv,nfl_practice_squad_salary_table,runtime_tuning,6,nfl_practice_squad_salary_table:6,"{""season_year"":""2028"",""practice_squad_group"":""veteran"",""weekly_salary_min"":""20050"",""weekly_salary_max"":""24550"",""weeks_paid"":""18"",""season_salary_min_millions"":""0.361"",""season_salary_max_millions"":""0.442"",""source_basis"":""researched_practice_squad_salary_schedule"",""notes"":""Veterans may negotiate between min and max.""}"
nfl_contracts,nfl_practice_squad_salary_table.csv,nfl_practice_squad_salary_table,runtime_tuning,7,nfl_practice_squad_salary_table:7,"{""season_year"":""2029"",""practice_squad_group"":""rookie_or_two_or_fewer_accrued"",""weekly_salary_min"":""16000"",""weekly_salary_max"":""16000"",""weeks_paid"":""18"",""season_salary_min_millions"":""0.288"",""season_salary_max_millions"":""0.288"",""source_basis"":""researched_practice_squad_salary_schedule"",""notes"":""Use for rookies and players with two or fewer accrued seasons.""}"
nfl_contracts,nfl_practice_squad_salary_table.csv,nfl_practice_squad_salary_table,runtime_tuning,8,nfl_practice_squad_salary_table:8,"{""season_year"":""2029"",""practice_squad_group"":""veteran"",""weekly_salary_min"":""20900"",""weekly_salary_max"":""25400"",""weeks_paid"":""18"",""season_salary_min_millions"":""0.376"",""season_salary_max_millions"":""0.457"",""source_basis"":""researched_practice_squad_salary_schedule"",""notes"":""Veterans may negotiate between min and max.""}"
nfl_contracts,nfl_practice_squad_salary_table.csv,nfl_practice_squad_salary_table,runtime_tuning,9,nfl_practice_squad_salary_table:9,"{""season_year"":""2030"",""practice_squad_group"":""rookie_or_two_or_fewer_accrued"",""weekly_salary_min"":""16750"",""weekly_salary_max"":""16750"",""weeks_paid"":""18"",""season_salary_min_millions"":""0.301"",""season_salary_max_millions"":""0.301"",""source_basis"":""researched_practice_squad_salary_schedule"",""notes"":""Use for rookies and players with two or fewer accrued seasons.""}"
nfl_contracts,nfl_practice_squad_salary_table.csv,nfl_practice_squad_salary_table,runtime_tuning,10,nfl_practice_squad_salary_table:10,"{""season_year"":""2030"",""practice_squad_group"":""veteran"",""weekly_salary_min"":""21750"",""weekly_salary_max"":""26250"",""weeks_paid"":""18"",""season_salary_min_millions"":""0.392"",""season_salary_max_millions"":""0.472"",""source_basis"":""researched_practice_squad_salary_schedule"",""notes"":""Veterans may negotiate between min and max.""}"
nfl_contracts,nfl_rookie_contract_scale_by_pick_band.csv,nfl_rookie_contract_scale_by_pick_band,runtime_tuning,1,nfl_rookie_contract_scale_by_pick_band:1,"{""pick_band"":""pick_001"",""pick_min"":""1"",""pick_max"":""1"",""contract_years"":""4"",""total_value_min_millions"":""58.0"",""total_value_max_millions"":""64.0"",""signing_bonus_min_millions"":""38.0"",""signing_bonus_max_millions"":""43.0"",""year1_cap_hit_min_millions"":""6.0"",""year1_cap_hit_max_millions"":""7.5"",""has_fifth_year_option"":""yes"",""guarantee_style"":""fully_guaranteed"",""source_basis"":""researched_public_rookie_contract_examples_and_synthetic_interpolation"",""notes"":""Use bands rather than exact slots. Pick-level exact values can be added later.""}"
nfl_contracts,nfl_rookie_contract_scale_by_pick_band.csv,nfl_rookie_contract_scale_by_pick_band,runtime_tuning,2,nfl_rookie_contract_scale_by_pick_band:2,"{""pick_band"":""picks_002_005"",""pick_min"":""2"",""pick_max"":""5"",""contract_years"":""4"",""total_value_min_millions"":""43.0"",""total_value_max_millions"":""58.0"",""signing_bonus_min_millions"":""28.0"",""signing_bonus_max_millions"":""38.0"",""year1_cap_hit_min_millions"":""4.7"",""year1_cap_hit_max_millions"":""6.5"",""has_fifth_year_option"":""yes"",""guarantee_style"":""fully_guaranteed"",""source_basis"":""researched_public_rookie_contract_examples_and_synthetic_interpolation"",""notes"":""Use bands rather than exact slots. Pick-level exact values can be added later.""}"
nfl_contracts,nfl_rookie_contract_scale_by_pick_band.csv,nfl_rookie_contract_scale_by_pick_band,runtime_tuning,3,nfl_rookie_contract_scale_by_pick_band:3,"{""pick_band"":""picks_006_010"",""pick_min"":""6"",""pick_max"":""10"",""contract_years"":""4"",""total_value_min_millions"":""30.0"",""total_value_max_millions"":""43.0"",""signing_bonus_min_millions"":""18.0"",""signing_bonus_max_millions"":""29.0"",""year1_cap_hit_min_millions"":""3.3"",""year1_cap_hit_max_millions"":""5.1"",""has_fifth_year_option"":""yes"",""guarantee_style"":""fully_guaranteed"",""source_basis"":""researched_public_rookie_contract_examples_and_synthetic_interpolation"",""notes"":""Use bands rather than exact slots. Pick-level exact values can be added later.""}"
nfl_contracts,nfl_rookie_contract_scale_by_pick_band.csv,nfl_rookie_contract_scale_by_pick_band,runtime_tuning,4,nfl_rookie_contract_scale_by_pick_band:4,"{""pick_band"":""picks_011_020"",""pick_min"":""11"",""pick_max"":""20"",""contract_years"":""4"",""total_value_min_millions"":""21.0"",""total_value_max_millions"":""30.0"",""signing_bonus_min_millions"":""11.0"",""signing_bonus_max_millions"":""18.0"",""year1_cap_hit_min_millions"":""2.3"",""year1_cap_hit_max_millions"":""3.6"",""has_fifth_year_option"":""yes"",""guarantee_style"":""fully_guaranteed"",""source_basis"":""researched_public_rookie_contract_examples_and_synthetic_interpolation"",""notes"":""Use bands rather than exact slots. Pick-level exact values can be added later.""}"
nfl_contracts,nfl_rookie_contract_scale_by_pick_band.csv,nfl_rookie_contract_scale_by_pick_band,runtime_tuning,5,nfl_rookie_contract_scale_by_pick_band:5,"{""pick_band"":""picks_021_032"",""pick_min"":""21"",""pick_max"":""32"",""contract_years"":""4"",""total_value_min_millions"":""16.0"",""total_value_max_millions"":""22.0"",""signing_bonus_min_millions"":""7.5"",""signing_bonus_max_millions"":""12.0"",""year1_cap_hit_min_millions"":""1.8"",""year1_cap_hit_max_millions"":""2.7"",""has_fifth_year_option"":""yes"",""guarantee_style"":""fully_guaranteed"",""source_basis"":""researched_public_rookie_contract_examples_and_synthetic_interpolation"",""notes"":""Use bands rather than exact slots. Pick-level exact values can be added later.""}"
nfl_contracts,nfl_rookie_contract_scale_by_pick_band.csv,nfl_rookie_contract_scale_by_pick_band,runtime_tuning,6,nfl_rookie_contract_scale_by_pick_band:6,"{""pick_band"":""round_2_high"",""pick_min"":""33"",""pick_max"":""45"",""contract_years"":""4"",""total_value_min_millions"":""10.0"",""total_value_max_millions"":""15.5"",""signing_bonus_min_millions"":""4.0"",""signing_bonus_max_millions"":""7.5"",""year1_cap_hit_min_millions"":""1.3"",""year1_cap_hit_max_millions"":""2.0"",""has_fifth_year_option"":""no"",""guarantee_style"":""partial_to_full_guarantee"",""source_basis"":""researched_public_rookie_contract_examples_and_synthetic_interpolation"",""notes"":""Use bands rather than exact slots. Pick-level exact values can be added later.""}"
nfl_contracts,nfl_rookie_contract_scale_by_pick_band.csv,nfl_rookie_contract_scale_by_pick_band,runtime_tuning,7,nfl_rookie_contract_scale_by_pick_band:7,"{""pick_band"":""round_2_low"",""pick_min"":""46"",""pick_max"":""64"",""contract_years"":""4"",""total_value_min_millions"":""7.7"",""total_value_max_millions"":""10.5"",""signing_bonus_min_millions"":""2.2"",""signing_bonus_max_millions"":""4.5"",""year1_cap_hit_min_millions"":""1.1"",""year1_cap_hit_max_millions"":""1.6"",""has_fifth_year_option"":""no"",""guarantee_style"":""partial_guarantee"",""source_basis"":""researched_public_rookie_contract_examples_and_synthetic_interpolation"",""notes"":""Use bands rather than exact slots. Pick-level exact values can be added later.""}"
nfl_contracts,nfl_rookie_contract_scale_by_pick_band.csv,nfl_rookie_contract_scale_by_pick_band,runtime_tuning,8,nfl_rookie_contract_scale_by_pick_band:8,"{""pick_band"":""round_3"",""pick_min"":""65"",""pick_max"":""102"",""contract_years"":""4"",""total_value_min_millions"":""6.0"",""total_value_max_millions"":""7.6"",""signing_bonus_min_millions"":""1.0"",""signing_bonus_max_millions"":""2.1"",""year1_cap_hit_min_millions"":""1.0"",""year1_cap_hit_max_millions"":""1.35"",""has_fifth_year_option"":""no"",""guarantee_style"":""bonus_plus_limited_salary_guarantee"",""source_basis"":""researched_public_rookie_contract_examples_and_synthetic_interpolation"",""notes"":""Use bands rather than exact slots. Pick-level exact values can be added later.""}"
nfl_contracts,nfl_rookie_contract_scale_by_pick_band.csv,nfl_rookie_contract_scale_by_pick_band,runtime_tuning,9,nfl_rookie_contract_scale_by_pick_band:9,"{""pick_band"":""round_4"",""pick_min"":""103"",""pick_max"":""140"",""contract_years"":""4"",""total_value_min_millions"":""5.1"",""total_value_max_millions"":""6.1"",""signing_bonus_min_millions"":""0.65"",""signing_bonus_max_millions"":""1.1"",""year1_cap_hit_min_millions"":""0.95"",""year1_cap_hit_max_millions"":""1.15"",""has_fifth_year_option"":""no"",""guarantee_style"":""signing_bonus_only"",""source_basis"":""researched_public_rookie_contract_examples_and_synthetic_interpolation"",""notes"":""Use bands rather than exact slots. Pick-level exact values can be added later.""}"
nfl_contracts,nfl_rookie_contract_scale_by_pick_band.csv,nfl_rookie_contract_scale_by_pick_band,runtime_tuning,10,nfl_rookie_contract_scale_by_pick_band:10,"{""pick_band"":""round_5"",""pick_min"":""141"",""pick_max"":""178"",""contract_years"":""4"",""total_value_min_millions"":""4.75"",""total_value_max_millions"":""5.2"",""signing_bonus_min_millions"":""0.35"",""signing_bonus_max_millions"":""0.7"",""year1_cap_hit_min_millions"":""0.93"",""year1_cap_hit_max_millions"":""1.05"",""has_fifth_year_option"":""no"",""guarantee_style"":""signing_bonus_only"",""source_basis"":""researched_public_rookie_contract_examples_and_synthetic_interpolation"",""notes"":""Use bands rather than exact slots. Pick-level exact values can be added later.""}"
nfl_contracts,nfl_rookie_contract_scale_by_pick_band.csv,nfl_rookie_contract_scale_by_pick_band,runtime_tuning,11,nfl_rookie_contract_scale_by_pick_band:11,"{""pick_band"":""round_6"",""pick_min"":""179"",""pick_max"":""218"",""contract_years"":""4"",""total_value_min_millions"":""4.58"",""total_value_max_millions"":""4.85"",""signing_bonus_min_millions"":""0.2"",""signing_bonus_max_millions"":""0.38"",""year1_cap_hit_min_millions"":""0.92"",""year1_cap_hit_max_millions"":""1.0"",""has_fifth_year_option"":""no"",""guarantee_style"":""signing_bonus_only"",""source_basis"":""researched_public_rookie_contract_examples_and_synthetic_interpolation"",""notes"":""Use bands rather than exact slots. Pick-level exact values can be added later.""}"
nfl_contracts,nfl_rookie_contract_scale_by_pick_band.csv,nfl_rookie_contract_scale_by_pick_band,runtime_tuning,12,nfl_rookie_contract_scale_by_pick_band:12,"{""pick_band"":""round_7"",""pick_min"":""219"",""pick_max"":""257"",""contract_years"":""4"",""total_value_min_millions"":""4.45"",""total_value_max_millions"":""4.65"",""signing_bonus_min_millions"":""0.08"",""signing_bonus_max_millions"":""0.22"",""year1_cap_hit_min_millions"":""0.91"",""year1_cap_hit_max_millions"":""0.97"",""has_fifth_year_option"":""no"",""guarantee_style"":""signing_bonus_only"",""source_basis"":""researched_public_rookie_contract_examples_and_synthetic_interpolation"",""notes"":""Use bands rather than exact slots. Pick-level exact values can be added later.""}"
nfl_contracts,nfl_rookie_contract_scale_by_pick_band.csv,nfl_rookie_contract_scale_by_pick_band,runtime_tuning,13,nfl_rookie_contract_scale_by_pick_band:13,"{""pick_band"":""udfa_priority"",""pick_min"":""258"",""pick_max"":""999"",""contract_years"":""3"",""total_value_min_millions"":""2.7"",""total_value_max_millions"":""3.1"",""signing_bonus_min_millions"":""0.02"",""signing_bonus_max_millions"":""0.2"",""year1_cap_hit_min_millions"":""0.89"",""year1_cap_hit_max_millions"":""0.94"",""has_fifth_year_option"":""no"",""guarantee_style"":""small_bonus_possible"",""source_basis"":""researched_public_rookie_contract_examples_and_synthetic_interpolation"",""notes"":""Use bands rather than exact slots. Pick-level exact values can be added later.""}"
nfl_contracts,nfl_rookie_contract_scale_by_pick_band.csv,nfl_rookie_contract_scale_by_pick_band,runtime_tuning,14,nfl_rookie_contract_scale_by_pick_band:14,"{""pick_band"":""udfa_standard"",""pick_min"":""258"",""pick_max"":""999"",""contract_years"":""3"",""total_value_min_millions"":""2.65"",""total_value_max_millions"":""2.8"",""signing_bonus_min_millions"":""0.0"",""signing_bonus_max_millions"":""0.05"",""year1_cap_hit_min_millions"":""0.885"",""year1_cap_hit_max_millions"":""0.92"",""has_fifth_year_option"":""no"",""guarantee_style"":""little_or_no_guarantee"",""source_basis"":""researched_public_rookie_contract_examples_and_synthetic_interpolation"",""notes"":""Use bands rather than exact slots. Pick-level exact values can be added later.""}"
nfl_contracts,nfl_rookie_fifth_year_option_rules.csv,nfl_rookie_fifth_year_option_rules,rule,1,first_round_only,"{""rule_id"":""first_round_only"",""applies_to"":""draft_pick_round_1"",""option_year"":""year_5"",""exercise_window"":""after_year_3_before_year_4"",""fully_guaranteed_when_exercised"":""yes"",""salary_basis"":""position_and_playtime_or_pro_bowl_tier"",""notes"":""Game can simplify to a position/overall/playtime option estimate.""}"
nfl_contracts,nfl_rookie_fifth_year_option_rules.csv,nfl_rookie_fifth_year_option_rules,rule,2,non_first_round,"{""rule_id"":""non_first_round"",""applies_to"":""rounds_2_to_7_and_udfa"",""option_year"":""none"",""exercise_window"":""none"",""fully_guaranteed_when_exercised"":""no"",""salary_basis"":""none"",""notes"":""No fifth-year option.""}"
nfl_contracts,nfl_tag_tender_rules.csv,nfl_tag_tender_rules,rule,1,QB,"{""season_year"":""2026"",""position_group"":""QB"",""franchise_tag_estimate_millions"":""42.0"",""transition_tag_estimate_millions"":""34.0"",""use_in_year_zero"":""rare_history_only"",""source_basis"":""synthetic_2026_estimate_from_public_tag_environment"",""notes"":""Use tags as generated contract-history events or pending tagged player statuses, not common startup contracts.""}"
nfl_contracts,nfl_tag_tender_rules.csv,nfl_tag_tender_rules,rule,2,RB,"{""season_year"":""2026"",""position_group"":""RB"",""franchise_tag_estimate_millions"":""14.2"",""transition_tag_estimate_millions"":""11.3"",""use_in_year_zero"":""rare_history_only"",""source_basis"":""synthetic_2026_estimate_from_public_tag_environment"",""notes"":""Use tags as generated contract-history events or pending tagged player statuses, not common startup contracts.""}"
nfl_contracts,nfl_tag_tender_rules.csv,nfl_tag_tender_rules,rule,3,WR,"{""season_year"":""2026"",""position_group"":""WR"",""franchise_tag_estimate_millions"":""27.0"",""transition_tag_estimate_millions"":""22.0"",""use_in_year_zero"":""rare_history_only"",""source_basis"":""synthetic_2026_estimate_from_public_tag_environment"",""notes"":""Use tags as generated contract-history events or pending tagged player statuses, not common startup contracts.""}"
nfl_contracts,nfl_tag_tender_rules.csv,nfl_tag_tender_rules,rule,4,TE,"{""season_year"":""2026"",""position_group"":""TE"",""franchise_tag_estimate_millions"":""13.5"",""transition_tag_estimate_millions"":""11.0"",""use_in_year_zero"":""rare_history_only"",""source_basis"":""synthetic_2026_estimate_from_public_tag_environment"",""notes"":""Use tags as generated contract-history events or pending tagged player statuses, not common startup contracts.""}"
nfl_contracts,nfl_tag_tender_rules.csv,nfl_tag_tender_rules,rule,5,OL,"{""season_year"":""2026"",""position_group"":""OL"",""franchise_tag_estimate_millions"":""24.0"",""transition_tag_estimate_millions"":""20.0"",""use_in_year_zero"":""rare_history_only"",""source_basis"":""synthetic_2026_estimate_from_public_tag_environment"",""notes"":""Use tags as generated contract-history events or pending tagged player statuses, not common startup contracts.""}"
nfl_contracts,nfl_tag_tender_rules.csv,nfl_tag_tender_rules,rule,6,EDGE,"{""season_year"":""2026"",""position_group"":""EDGE"",""franchise_tag_estimate_millions"":""25.5"",""transition_tag_estimate_millions"":""21.0"",""use_in_year_zero"":""rare_history_only"",""source_basis"":""synthetic_2026_estimate_from_public_tag_environment"",""notes"":""Use tags as generated contract-history events or pending tagged player statuses, not common startup contracts.""}"
nfl_contracts,nfl_tag_tender_rules.csv,nfl_tag_tender_rules,rule,7,DL,"{""season_year"":""2026"",""position_group"":""DL"",""franchise_tag_estimate_millions"":""24.0"",""transition_tag_estimate_millions"":""20.0"",""use_in_year_zero"":""rare_history_only"",""source_basis"":""synthetic_2026_estimate_from_public_tag_environment"",""notes"":""Use tags as generated contract-history events or pending tagged player statuses, not common startup contracts.""}"
nfl_contracts,nfl_tag_tender_rules.csv,nfl_tag_tender_rules,rule,8,LB,"{""season_year"":""2026"",""position_group"":""LB"",""franchise_tag_estimate_millions"":""21.0"",""transition_tag_estimate_millions"":""17.5"",""use_in_year_zero"":""rare_history_only"",""source_basis"":""synthetic_2026_estimate_from_public_tag_environment"",""notes"":""Use tags as generated contract-history events or pending tagged player statuses, not common startup contracts.""}"
nfl_contracts,nfl_tag_tender_rules.csv,nfl_tag_tender_rules,rule,9,CB,"{""season_year"":""2026"",""position_group"":""CB"",""franchise_tag_estimate_millions"":""22.5"",""transition_tag_estimate_millions"":""18.5"",""use_in_year_zero"":""rare_history_only"",""source_basis"":""synthetic_2026_estimate_from_public_tag_environment"",""notes"":""Use tags as generated contract-history events or pending tagged player statuses, not common startup contracts.""}"
nfl_contracts,nfl_tag_tender_rules.csv,nfl_tag_tender_rules,rule,10,S,"{""season_year"":""2026"",""position_group"":""S"",""franchise_tag_estimate_millions"":""18.0"",""transition_tag_estimate_millions"":""14.5"",""use_in_year_zero"":""rare_history_only"",""source_basis"":""synthetic_2026_estimate_from_public_tag_environment"",""notes"":""Use tags as generated contract-history events or pending tagged player statuses, not common startup contracts.""}"
nfl_contracts,nfl_tag_tender_rules.csv,nfl_tag_tender_rules,rule,11,K_P,"{""season_year"":""2026"",""position_group"":""K_P"",""franchise_tag_estimate_millions"":""6.0"",""transition_tag_estimate_millions"":""5.0"",""use_in_year_zero"":""rare_history_only"",""source_basis"":""synthetic_2026_estimate_from_public_tag_environment"",""notes"":""Use tags as generated contract-history events or pending tagged player statuses, not common startup contracts.""}"
nfl_contracts,nfl_initial_contract_generation_matrix.csv,nfl_initial_contract_generation_matrix,runtime_tuning,1,QB,"{""position_group"":""QB"",""role_tier"":""franchise"",""default_contract_archetype"":""franchise_qb_extension"",""remaining_years_min"":""3"",""remaining_years_max"":""5"",""remaining_years_weights_for_1_to_5"":""0.05|0.10|0.25|0.35|0.25"",""guarantee_pct_min"":""0.45"",""guarantee_pct_max"":""0.75"",""signing_bonus_pct_min"":""0.18"",""signing_bonus_pct_max"":""0.34"",""base_escalator_pct_min"":""0.04"",""base_escalator_pct_max"":""0.12"",""cap_smoothing_bias"":""high"",""notes"":""Year Zero active roster contract generation uses role tier, position group, age/experience, and team cap health to choose exact APY and structure.""}"
nfl_contracts,nfl_initial_contract_generation_matrix.csv,nfl_initial_contract_generation_matrix,runtime_tuning,2,QB,"{""position_group"":""QB"",""role_tier"":""elite"",""default_contract_archetype"":""elite_extension"",""remaining_years_min"":""2"",""remaining_years_max"":""5"",""remaining_years_weights_for_1_to_5"":""0.08|0.15|0.27|0.30|0.20"",""guarantee_pct_min"":""0.35"",""guarantee_pct_max"":""0.65"",""signing_bonus_pct_min"":""0.14"",""signing_bonus_pct_max"":""0.3"",""base_escalator_pct_min"":""0.04"",""base_escalator_pct_max"":""0.12"",""cap_smoothing_bias"":""high"",""notes"":""Year Zero active roster contract generation uses role tier, position group, age/experience, and team cap health to choose exact APY and structure.""}"
nfl_contracts,nfl_initial_contract_generation_matrix.csv,nfl_initial_contract_generation_matrix,runtime_tuning,3,QB,"{""position_group"":""QB"",""role_tier"":""starter"",""default_contract_archetype"":""solid_starter_extension"",""remaining_years_min"":""1"",""remaining_years_max"":""4"",""remaining_years_weights_for_1_to_5"":""0.18|0.28|0.30|0.18|0.06"",""guarantee_pct_min"":""0.18"",""guarantee_pct_max"":""0.45"",""signing_bonus_pct_min"":""0.08"",""signing_bonus_pct_max"":""0.24"",""base_escalator_pct_min"":""0.04"",""base_escalator_pct_max"":""0.08"",""cap_smoothing_bias"":""medium"",""notes"":""Year Zero active roster contract generation uses role tier, position group, age/experience, and team cap health to choose exact APY and structure.""}"
nfl_contracts,nfl_initial_contract_generation_matrix.csv,nfl_initial_contract_generation_matrix,runtime_tuning,4,QB,"{""position_group"":""QB"",""role_tier"":""bridge"",""default_contract_archetype"":""veteran_ufa_multiyear"",""remaining_years_min"":""1"",""remaining_years_max"":""3"",""remaining_years_weights_for_1_to_5"":""0.35|0.40|0.20|0.05|0.00"",""guarantee_pct_min"":""0.08"",""guarantee_pct_max"":""0.28"",""signing_bonus_pct_min"":""0.04"",""signing_bonus_pct_max"":""0.18"",""base_escalator_pct_min"":""0.0"",""base_escalator_pct_max"":""0.04"",""cap_smoothing_bias"":""low"",""notes"":""Year Zero active roster contract generation uses role tier, position group, age/experience, and team cap health to choose exact APY and structure.""}"
nfl_contracts,nfl_initial_contract_generation_matrix.csv,nfl_initial_contract_generation_matrix,runtime_tuning,5,QB,"{""position_group"":""QB"",""role_tier"":""backup"",""default_contract_archetype"":""veteran_ufa_multiyear"",""remaining_years_min"":""1"",""remaining_years_max"":""2"",""remaining_years_weights_for_1_to_5"":""0.55|0.32|0.10|0.03|0.00"",""guarantee_pct_min"":""0.02"",""guarantee_pct_max"":""0.18"",""signing_bonus_pct_min"":""0.0"",""signing_bonus_pct_max"":""0.12"",""base_escalator_pct_min"":""0.0"",""base_escalator_pct_max"":""0.04"",""cap_smoothing_bias"":""low"",""notes"":""Year Zero active roster contract generation uses role tier, position group, age/experience, and team cap health to choose exact APY and structure.""}"
nfl_contracts,nfl_initial_contract_generation_matrix.csv,nfl_initial_contract_generation_matrix,runtime_tuning,6,QB,"{""position_group"":""QB"",""role_tier"":""depth"",""default_contract_archetype"":""veteran_minimum"",""remaining_years_min"":""1"",""remaining_years_max"":""1"",""remaining_years_weights_for_1_to_5"":""0.85|0.15|0.00|0.00|0.00"",""guarantee_pct_min"":""0.0"",""guarantee_pct_max"":""0.05"",""signing_bonus_pct_min"":""0.0"",""signing_bonus_pct_max"":""0.04"",""base_escalator_pct_min"":""0.0"",""base_escalator_pct_max"":""0.04"",""cap_smoothing_bias"":""low"",""notes"":""Year Zero active roster contract generation uses role tier, position group, age/experience, and team cap health to choose exact APY and structure.""}"
nfl_contracts,nfl_initial_contract_generation_matrix.csv,nfl_initial_contract_generation_matrix,runtime_tuning,7,QB,"{""position_group"":""QB"",""role_tier"":""developmental"",""default_contract_archetype"":""udfa"",""remaining_years_min"":""1"",""remaining_years_max"":""3"",""remaining_years_weights_for_1_to_5"":""0.30|0.35|0.25|0.10|0.00"",""guarantee_pct_min"":""0.0"",""guarantee_pct_max"":""0.1"",""signing_bonus_pct_min"":""0.0"",""signing_bonus_pct_max"":""0.06"",""base_escalator_pct_min"":""0.0"",""base_escalator_pct_max"":""0.04"",""cap_smoothing_bias"":""low"",""notes"":""Year Zero active roster contract generation uses role tier, position group, age/experience, and team cap health to choose exact APY and structure.""}"
nfl_contracts,nfl_initial_contract_generation_matrix.csv,nfl_initial_contract_generation_matrix,runtime_tuning,8,RB,"{""position_group"":""RB"",""role_tier"":""franchise"",""default_contract_archetype"":""elite_extension"",""remaining_years_min"":""3"",""remaining_years_max"":""5"",""remaining_years_weights_for_1_to_5"":""0.05|0.10|0.25|0.35|0.25"",""guarantee_pct_min"":""0.45"",""guarantee_pct_max"":""0.75"",""signing_bonus_pct_min"":""0.18"",""signing_bonus_pct_max"":""0.34"",""base_escalator_pct_min"":""0.04"",""base_escalator_pct_max"":""0.12"",""cap_smoothing_bias"":""high"",""notes"":""Year Zero active roster contract generation uses role tier, position group, age/experience, and team cap health to choose exact APY and structure.""}"
nfl_contracts,nfl_initial_contract_generation_matrix.csv,nfl_initial_contract_generation_matrix,runtime_tuning,9,RB,"{""position_group"":""RB"",""role_tier"":""elite"",""default_contract_archetype"":""elite_extension"",""remaining_years_min"":""2"",""remaining_years_max"":""5"",""remaining_years_weights_for_1_to_5"":""0.08|0.15|0.27|0.30|0.20"",""guarantee_pct_min"":""0.35"",""guarantee_pct_max"":""0.65"",""signing_bonus_pct_min"":""0.14"",""signing_bonus_pct_max"":""0.3"",""base_escalator_pct_min"":""0.04"",""base_escalator_pct_max"":""0.12"",""cap_smoothing_bias"":""high"",""notes"":""Year Zero active roster contract generation uses role tier, position group, age/experience, and team cap health to choose exact APY and structure.""}"
nfl_contracts,nfl_initial_contract_generation_matrix.csv,nfl_initial_contract_generation_matrix,runtime_tuning,10,RB,"{""position_group"":""RB"",""role_tier"":""starter"",""default_contract_archetype"":""solid_starter_extension"",""remaining_years_min"":""1"",""remaining_years_max"":""4"",""remaining_years_weights_for_1_to_5"":""0.18|0.28|0.30|0.18|0.06"",""guarantee_pct_min"":""0.18"",""guarantee_pct_max"":""0.45"",""signing_bonus_pct_min"":""0.08"",""signing_bonus_pct_max"":""0.24"",""base_escalator_pct_min"":""0.04"",""base_escalator_pct_max"":""0.08"",""cap_smoothing_bias"":""medium"",""notes"":""Year Zero active roster contract generation uses role tier, position group, age/experience, and team cap health to choose exact APY and structure.""}"
nfl_contracts,nfl_initial_contract_generation_matrix.csv,nfl_initial_contract_generation_matrix,runtime_tuning,11,RB,"{""position_group"":""RB"",""role_tier"":""bridge"",""default_contract_archetype"":""veteran_ufa_multiyear"",""remaining_years_min"":""1"",""remaining_years_max"":""3"",""remaining_years_weights_for_1_to_5"":""0.35|0.40|0.20|0.05|0.00"",""guarantee_pct_min"":""0.08"",""guarantee_pct_max"":""0.28"",""signing_bonus_pct_min"":""0.04"",""signing_bonus_pct_max"":""0.18"",""base_escalator_pct_min"":""0.0"",""base_escalator_pct_max"":""0.04"",""cap_smoothing_bias"":""low"",""notes"":""Year Zero active roster contract generation uses role tier, position group, age/experience, and team cap health to choose exact APY and structure.""}"
nfl_contracts,nfl_initial_contract_generation_matrix.csv,nfl_initial_contract_generation_matrix,runtime_tuning,12,RB,"{""position_group"":""RB"",""role_tier"":""backup"",""default_contract_archetype"":""one_year_prove_it"",""remaining_years_min"":""1"",""remaining_years_max"":""2"",""remaining_years_weights_for_1_to_5"":""0.55|0.32|0.10|0.03|0.00"",""guarantee_pct_min"":""0.02"",""guarantee_pct_max"":""0.18"",""signing_bonus_pct_min"":""0.0"",""signing_bonus_pct_max"":""0.12"",""base_escalator_pct_min"":""0.0"",""base_escalator_pct_max"":""0.04"",""cap_smoothing_bias"":""low"",""notes"":""Year Zero active roster contract generation uses role tier, position group, age/experience, and team cap health to choose exact APY and structure.""}"
nfl_contracts,nfl_initial_contract_generation_matrix.csv,nfl_initial_contract_generation_matrix,runtime_tuning,13,RB,"{""position_group"":""RB"",""role_tier"":""depth"",""default_contract_archetype"":""veteran_minimum"",""remaining_years_min"":""1"",""remaining_years_max"":""1"",""remaining_years_weights_for_1_to_5"":""0.85|0.15|0.00|0.00|0.00"",""guarantee_pct_min"":""0.0"",""guarantee_pct_max"":""0.05"",""signing_bonus_pct_min"":""0.0"",""signing_bonus_pct_max"":""0.04"",""base_escalator_pct_min"":""0.0"",""base_escalator_pct_max"":""0.04"",""cap_smoothing_bias"":""low"",""notes"":""Year Zero active roster contract generation uses role tier, position group, age/experience, and team cap health to choose exact APY and structure.""}"
nfl_contracts,nfl_initial_contract_generation_matrix.csv,nfl_initial_contract_generation_matrix,runtime_tuning,14,RB,"{""position_group"":""RB"",""role_tier"":""developmental"",""default_contract_archetype"":""udfa"",""remaining_years_min"":""1"",""remaining_years_max"":""3"",""remaining_years_weights_for_1_to_5"":""0.30|0.35|0.25|0.10|0.00"",""guarantee_pct_min"":""0.0"",""guarantee_pct_max"":""0.1"",""signing_bonus_pct_min"":""0.0"",""signing_bonus_pct_max"":""0.06"",""base_escalator_pct_min"":""0.0"",""base_escalator_pct_max"":""0.04"",""cap_smoothing_bias"":""low"",""notes"":""Year Zero active roster contract generation uses role tier, position group, age/experience, and team cap health to choose exact APY and structure.""}"
nfl_contracts,nfl_initial_contract_generation_matrix.csv,nfl_initial_contract_generation_matrix,runtime_tuning,15,WR,"{""position_group"":""WR"",""role_tier"":""franchise"",""default_contract_archetype"":""elite_extension"",""remaining_years_min"":""3"",""remaining_years_max"":""5"",""remaining_years_weights_for_1_to_5"":""0.05|0.10|0.25|0.35|0.25"",""guarantee_pct_min"":""0.45"",""guarantee_pct_max"":""0.75"",""signing_bonus_pct_min"":""0.18"",""signing_bonus_pct_max"":""0.34"",""base_escalator_pct_min"":""0.04"",""base_escalator_pct_max"":""0.12"",""cap_smoothing_bias"":""high"",""notes"":""Year Zero active roster contract generation uses role tier, position group, age/experience, and team cap health to choose exact APY and structure.""}"
nfl_contracts,nfl_initial_contract_generation_matrix.csv,nfl_initial_contract_generation_matrix,runtime_tuning,16,WR,"{""position_group"":""WR"",""role_tier"":""elite"",""default_contract_archetype"":""elite_extension"",""remaining_years_min"":""2"",""remaining_years_max"":""5"",""remaining_years_weights_for_1_to_5"":""0.08|0.15|0.27|0.30|0.20"",""guarantee_pct_min"":""0.35"",""guarantee_pct_max"":""0.65"",""signing_bonus_pct_min"":""0.14"",""signing_bonus_pct_max"":""0.3"",""base_escalator_pct_min"":""0.04"",""base_escalator_pct_max"":""0.12"",""cap_smoothing_bias"":""high"",""notes"":""Year Zero active roster contract generation uses role tier, position group, age/experience, and team cap health to choose exact APY and structure.""}"
nfl_contracts,nfl_initial_contract_generation_matrix.csv,nfl_initial_contract_generation_matrix,runtime_tuning,17,WR,"{""position_group"":""WR"",""role_tier"":""starter"",""default_contract_archetype"":""solid_starter_extension"",""remaining_years_min"":""1"",""remaining_years_max"":""4"",""remaining_years_weights_for_1_to_5"":""0.18|0.28|0.30|0.18|0.06"",""guarantee_pct_min"":""0.18"",""guarantee_pct_max"":""0.45"",""signing_bonus_pct_min"":""0.08"",""signing_bonus_pct_max"":""0.24"",""base_escalator_pct_min"":""0.04"",""base_escalator_pct_max"":""0.08"",""cap_smoothing_bias"":""medium"",""notes"":""Year Zero active roster contract generation uses role tier, position group, age/experience, and team cap health to choose exact APY and structure.""}"
nfl_contracts,nfl_initial_contract_generation_matrix.csv,nfl_initial_contract_generation_matrix,runtime_tuning,18,WR,"{""position_group"":""WR"",""role_tier"":""bridge"",""default_contract_archetype"":""veteran_ufa_multiyear"",""remaining_years_min"":""1"",""remaining_years_max"":""3"",""remaining_years_weights_for_1_to_5"":""0.35|0.40|0.20|0.05|0.00"",""guarantee_pct_min"":""0.08"",""guarantee_pct_max"":""0.28"",""signing_bonus_pct_min"":""0.04"",""signing_bonus_pct_max"":""0.18"",""base_escalator_pct_min"":""0.0"",""base_escalator_pct_max"":""0.04"",""cap_smoothing_bias"":""low"",""notes"":""Year Zero active roster contract generation uses role tier, position group, age/experience, and team cap health to choose exact APY and structure.""}"
nfl_contracts,nfl_initial_contract_generation_matrix.csv,nfl_initial_contract_generation_matrix,runtime_tuning,19,WR,"{""position_group"":""WR"",""role_tier"":""backup"",""default_contract_archetype"":""one_year_prove_it"",""remaining_years_min"":""1"",""remaining_years_max"":""2"",""remaining_years_weights_for_1_to_5"":""0.55|0.32|0.10|0.03|0.00"",""guarantee_pct_min"":""0.02"",""guarantee_pct_max"":""0.18"",""signing_bonus_pct_min"":""0.0"",""signing_bonus_pct_max"":""0.12"",""base_escalator_pct_min"":""0.0"",""base_escalator_pct_max"":""0.04"",""cap_smoothing_bias"":""low"",""notes"":""Year Zero active roster contract generation uses role tier, position group, age/experience, and team cap health to choose exact APY and structure.""}"
nfl_contracts,nfl_initial_contract_generation_matrix.csv,nfl_initial_contract_generation_matrix,runtime_tuning,20,WR,"{""position_group"":""WR"",""role_tier"":""depth"",""default_contract_archetype"":""veteran_minimum"",""remaining_years_min"":""1"",""remaining_years_max"":""1"",""remaining_years_weights_for_1_to_5"":""0.85|0.15|0.00|0.00|0.00"",""guarantee_pct_min"":""0.0"",""guarantee_pct_max"":""0.05"",""signing_bonus_pct_min"":""0.0"",""signing_bonus_pct_max"":""0.04"",""base_escalator_pct_min"":""0.0"",""base_escalator_pct_max"":""0.04"",""cap_smoothing_bias"":""low"",""notes"":""Year Zero active roster contract generation uses role tier, position group, age/experience, and team cap health to choose exact APY and structure.""}"
nfl_contracts,nfl_initial_contract_generation_matrix.csv,nfl_initial_contract_generation_matrix,runtime_tuning,21,WR,"{""position_group"":""WR"",""role_tier"":""developmental"",""default_contract_archetype"":""udfa"",""remaining_years_min"":""1"",""remaining_years_max"":""3"",""remaining_years_weights_for_1_to_5"":""0.30|0.35|0.25|0.10|0.00"",""guarantee_pct_min"":""0.0"",""guarantee_pct_max"":""0.1"",""signing_bonus_pct_min"":""0.0"",""signing_bonus_pct_max"":""0.06"",""base_escalator_pct_min"":""0.0"",""base_escalator_pct_max"":""0.04"",""cap_smoothing_bias"":""low"",""notes"":""Year Zero active roster contract generation uses role tier, position group, age/experience, and team cap health to choose exact APY and structure.""}"
nfl_contracts,nfl_initial_contract_generation_matrix.csv,nfl_initial_contract_generation_matrix,runtime_tuning,22,TE,"{""position_group"":""TE"",""role_tier"":""franchise"",""default_contract_archetype"":""elite_extension"",""remaining_years_min"":""3"",""remaining_years_max"":""5"",""remaining_years_weights_for_1_to_5"":""0.05|0.10|0.25|0.35|0.25"",""guarantee_pct_min"":""0.45"",""guarantee_pct_max"":""0.75"",""signing_bonus_pct_min"":""0.18"",""signing_bonus_pct_max"":""0.34"",""base_escalator_pct_min"":""0.04"",""base_escalator_pct_max"":""0.12"",""cap_smoothing_bias"":""high"",""notes"":""Year Zero active roster contract generation uses role tier, position group, age/experience, and team cap health to choose exact APY and structure.""}"
nfl_contracts,nfl_initial_contract_generation_matrix.csv,nfl_initial_contract_generation_matrix,runtime_tuning,23,TE,"{""position_group"":""TE"",""role_tier"":""elite"",""default_contract_archetype"":""elite_extension"",""remaining_years_min"":""2"",""remaining_years_max"":""5"",""remaining_years_weights_for_1_to_5"":""0.08|0.15|0.27|0.30|0.20"",""guarantee_pct_min"":""0.35"",""guarantee_pct_max"":""0.65"",""signing_bonus_pct_min"":""0.14"",""signing_bonus_pct_max"":""0.3"",""base_escalator_pct_min"":""0.04"",""base_escalator_pct_max"":""0.12"",""cap_smoothing_bias"":""high"",""notes"":""Year Zero active roster contract generation uses role tier, position group, age/experience, and team cap health to choose exact APY and structure.""}"
nfl_contracts,nfl_initial_contract_generation_matrix.csv,nfl_initial_contract_generation_matrix,runtime_tuning,24,TE,"{""position_group"":""TE"",""role_tier"":""starter"",""default_contract_archetype"":""solid_starter_extension"",""remaining_years_min"":""1"",""remaining_years_max"":""4"",""remaining_years_weights_for_1_to_5"":""0.18|0.28|0.30|0.18|0.06"",""guarantee_pct_min"":""0.18"",""guarantee_pct_max"":""0.45"",""signing_bonus_pct_min"":""0.08"",""signing_bonus_pct_max"":""0.24"",""base_escalator_pct_min"":""0.04"",""base_escalator_pct_max"":""0.08"",""cap_smoothing_bias"":""medium"",""notes"":""Year Zero active roster contract generation uses role tier, position group, age/experience, and team cap health to choose exact APY and structure.""}"
nfl_contracts,nfl_initial_contract_generation_matrix.csv,nfl_initial_contract_generation_matrix,runtime_tuning,25,TE,"{""position_group"":""TE"",""role_tier"":""bridge"",""default_contract_archetype"":""veteran_ufa_multiyear"",""remaining_years_min"":""1"",""remaining_years_max"":""3"",""remaining_years_weights_for_1_to_5"":""0.35|0.40|0.20|0.05|0.00"",""guarantee_pct_min"":""0.08"",""guarantee_pct_max"":""0.28"",""signing_bonus_pct_min"":""0.04"",""signing_bonus_pct_max"":""0.18"",""base_escalator_pct_min"":""0.0"",""base_escalator_pct_max"":""0.04"",""cap_smoothing_bias"":""low"",""notes"":""Year Zero active roster contract generation uses role tier, position group, age/experience, and team cap health to choose exact APY and structure.""}"
nfl_contracts,nfl_initial_contract_generation_matrix.csv,nfl_initial_contract_generation_matrix,runtime_tuning,26,TE,"{""position_group"":""TE"",""role_tier"":""backup"",""default_contract_archetype"":""one_year_prove_it"",""remaining_years_min"":""1"",""remaining_years_max"":""2"",""remaining_years_weights_for_1_to_5"":""0.55|0.32|0.10|0.03|0.00"",""guarantee_pct_min"":""0.02"",""guarantee_pct_max"":""0.18"",""signing_bonus_pct_min"":""0.0"",""signing_bonus_pct_max"":""0.12"",""base_escalator_pct_min"":""0.0"",""base_escalator_pct_max"":""0.04"",""cap_smoothing_bias"":""low"",""notes"":""Year Zero active roster contract generation uses role tier, position group, age/experience, and team cap health to choose exact APY and structure.""}"
nfl_contracts,nfl_initial_contract_generation_matrix.csv,nfl_initial_contract_generation_matrix,runtime_tuning,27,TE,"{""position_group"":""TE"",""role_tier"":""depth"",""default_contract_archetype"":""veteran_minimum"",""remaining_years_min"":""1"",""remaining_years_max"":""1"",""remaining_years_weights_for_1_to_5"":""0.85|0.15|0.00|0.00|0.00"",""guarantee_pct_min"":""0.0"",""guarantee_pct_max"":""0.05"",""signing_bonus_pct_min"":""0.0"",""signing_bonus_pct_max"":""0.04"",""base_escalator_pct_min"":""0.0"",""base_escalator_pct_max"":""0.04"",""cap_smoothing_bias"":""low"",""notes"":""Year Zero active roster contract generation uses role tier, position group, age/experience, and team cap health to choose exact APY and structure.""}"
nfl_contracts,nfl_initial_contract_generation_matrix.csv,nfl_initial_contract_generation_matrix,runtime_tuning,28,TE,"{""position_group"":""TE"",""role_tier"":""developmental"",""default_contract_archetype"":""udfa"",""remaining_years_min"":""1"",""remaining_years_max"":""3"",""remaining_years_weights_for_1_to_5"":""0.30|0.35|0.25|0.10|0.00"",""guarantee_pct_min"":""0.0"",""guarantee_pct_max"":""0.1"",""signing_bonus_pct_min"":""0.0"",""signing_bonus_pct_max"":""0.06"",""base_escalator_pct_min"":""0.0"",""base_escalator_pct_max"":""0.04"",""cap_smoothing_bias"":""low"",""notes"":""Year Zero active roster contract generation uses role tier, position group, age/experience, and team cap health to choose exact APY and structure.""}"
nfl_contracts,nfl_initial_contract_generation_matrix.csv,nfl_initial_contract_generation_matrix,runtime_tuning,29,OL,"{""position_group"":""OL"",""role_tier"":""franchise"",""default_contract_archetype"":""elite_extension"",""remaining_years_min"":""3"",""remaining_years_max"":""5"",""remaining_years_weights_for_1_to_5"":""0.05|0.10|0.25|0.35|0.25"",""guarantee_pct_min"":""0.45"",""guarantee_pct_max"":""0.75"",""signing_bonus_pct_min"":""0.18"",""signing_bonus_pct_max"":""0.34"",""base_escalator_pct_min"":""0.04"",""base_escalator_pct_max"":""0.12"",""cap_smoothing_bias"":""high"",""notes"":""Year Zero active roster contract generation uses role tier, position group, age/experience, and team cap health to choose exact APY and structure.""}"
nfl_contracts,nfl_initial_contract_generation_matrix.csv,nfl_initial_contract_generation_matrix,runtime_tuning,30,OL,"{""position_group"":""OL"",""role_tier"":""elite"",""default_contract_archetype"":""elite_extension"",""remaining_years_min"":""2"",""remaining_years_max"":""5"",""remaining_years_weights_for_1_to_5"":""0.08|0.15|0.27|0.30|0.20"",""guarantee_pct_min"":""0.35"",""guarantee_pct_max"":""0.65"",""signing_bonus_pct_min"":""0.14"",""signing_bonus_pct_max"":""0.3"",""base_escalator_pct_min"":""0.04"",""base_escalator_pct_max"":""0.12"",""cap_smoothing_bias"":""high"",""notes"":""Year Zero active roster contract generation uses role tier, position group, age/experience, and team cap health to choose exact APY and structure.""}"
nfl_contracts,nfl_initial_contract_generation_matrix.csv,nfl_initial_contract_generation_matrix,runtime_tuning,31,OL,"{""position_group"":""OL"",""role_tier"":""starter"",""default_contract_archetype"":""solid_starter_extension"",""remaining_years_min"":""1"",""remaining_years_max"":""4"",""remaining_years_weights_for_1_to_5"":""0.18|0.28|0.30|0.18|0.06"",""guarantee_pct_min"":""0.18"",""guarantee_pct_max"":""0.45"",""signing_bonus_pct_min"":""0.08"",""signing_bonus_pct_max"":""0.24"",""base_escalator_pct_min"":""0.04"",""base_escalator_pct_max"":""0.08"",""cap_smoothing_bias"":""medium"",""notes"":""Year Zero active roster contract generation uses role tier, position group, age/experience, and team cap health to choose exact APY and structure.""}"
nfl_contracts,nfl_initial_contract_generation_matrix.csv,nfl_initial_contract_generation_matrix,runtime_tuning,32,OL,"{""position_group"":""OL"",""role_tier"":""bridge"",""default_contract_archetype"":""veteran_ufa_multiyear"",""remaining_years_min"":""1"",""remaining_years_max"":""3"",""remaining_years_weights_for_1_to_5"":""0.35|0.40|0.20|0.05|0.00"",""guarantee_pct_min"":""0.08"",""guarantee_pct_max"":""0.28"",""signing_bonus_pct_min"":""0.04"",""signing_bonus_pct_max"":""0.18"",""base_escalator_pct_min"":""0.0"",""base_escalator_pct_max"":""0.04"",""cap_smoothing_bias"":""low"",""notes"":""Year Zero active roster contract generation uses role tier, position group, age/experience, and team cap health to choose exact APY and structure.""}"
nfl_contracts,nfl_initial_contract_generation_matrix.csv,nfl_initial_contract_generation_matrix,runtime_tuning,33,OL,"{""position_group"":""OL"",""role_tier"":""backup"",""default_contract_archetype"":""one_year_prove_it"",""remaining_years_min"":""1"",""remaining_years_max"":""2"",""remaining_years_weights_for_1_to_5"":""0.55|0.32|0.10|0.03|0.00"",""guarantee_pct_min"":""0.02"",""guarantee_pct_max"":""0.18"",""signing_bonus_pct_min"":""0.0"",""signing_bonus_pct_max"":""0.12"",""base_escalator_pct_min"":""0.0"",""base_escalator_pct_max"":""0.04"",""cap_smoothing_bias"":""low"",""notes"":""Year Zero active roster contract generation uses role tier, position group, age/experience, and team cap health to choose exact APY and structure.""}"
nfl_contracts,nfl_initial_contract_generation_matrix.csv,nfl_initial_contract_generation_matrix,runtime_tuning,34,OL,"{""position_group"":""OL"",""role_tier"":""depth"",""default_contract_archetype"":""veteran_minimum"",""remaining_years_min"":""1"",""remaining_years_max"":""1"",""remaining_years_weights_for_1_to_5"":""0.85|0.15|0.00|0.00|0.00"",""guarantee_pct_min"":""0.0"",""guarantee_pct_max"":""0.05"",""signing_bonus_pct_min"":""0.0"",""signing_bonus_pct_max"":""0.04"",""base_escalator_pct_min"":""0.0"",""base_escalator_pct_max"":""0.04"",""cap_smoothing_bias"":""low"",""notes"":""Year Zero active roster contract generation uses role tier, position group, age/experience, and team cap health to choose exact APY and structure.""}"
nfl_contracts,nfl_initial_contract_generation_matrix.csv,nfl_initial_contract_generation_matrix,runtime_tuning,35,OL,"{""position_group"":""OL"",""role_tier"":""developmental"",""default_contract_archetype"":""udfa"",""remaining_years_min"":""1"",""remaining_years_max"":""3"",""remaining_years_weights_for_1_to_5"":""0.30|0.35|0.25|0.10|0.00"",""guarantee_pct_min"":""0.0"",""guarantee_pct_max"":""0.1"",""signing_bonus_pct_min"":""0.0"",""signing_bonus_pct_max"":""0.06"",""base_escalator_pct_min"":""0.0"",""base_escalator_pct_max"":""0.04"",""cap_smoothing_bias"":""low"",""notes"":""Year Zero active roster contract generation uses role tier, position group, age/experience, and team cap health to choose exact APY and structure.""}"
nfl_contracts,nfl_initial_contract_generation_matrix.csv,nfl_initial_contract_generation_matrix,runtime_tuning,36,EDGE,"{""position_group"":""EDGE"",""role_tier"":""franchise"",""default_contract_archetype"":""elite_extension"",""remaining_years_min"":""3"",""remaining_years_max"":""5"",""remaining_years_weights_for_1_to_5"":""0.05|0.10|0.25|0.35|0.25"",""guarantee_pct_min"":""0.45"",""guarantee_pct_max"":""0.75"",""signing_bonus_pct_min"":""0.18"",""signing_bonus_pct_max"":""0.34"",""base_escalator_pct_min"":""0.04"",""base_escalator_pct_max"":""0.12"",""cap_smoothing_bias"":""high"",""notes"":""Year Zero active roster contract generation uses role tier, position group, age/experience, and team cap health to choose exact APY and structure.""}"
nfl_contracts,nfl_initial_contract_generation_matrix.csv,nfl_initial_contract_generation_matrix,runtime_tuning,37,EDGE,"{""position_group"":""EDGE"",""role_tier"":""elite"",""default_contract_archetype"":""elite_extension"",""remaining_years_min"":""2"",""remaining_years_max"":""5"",""remaining_years_weights_for_1_to_5"":""0.08|0.15|0.27|0.30|0.20"",""guarantee_pct_min"":""0.35"",""guarantee_pct_max"":""0.65"",""signing_bonus_pct_min"":""0.14"",""signing_bonus_pct_max"":""0.3"",""base_escalator_pct_min"":""0.04"",""base_escalator_pct_max"":""0.12"",""cap_smoothing_bias"":""high"",""notes"":""Year Zero active roster contract generation uses role tier, position group, age/experience, and team cap health to choose exact APY and structure.""}"
nfl_contracts,nfl_initial_contract_generation_matrix.csv,nfl_initial_contract_generation_matrix,runtime_tuning,38,EDGE,"{""position_group"":""EDGE"",""role_tier"":""starter"",""default_contract_archetype"":""solid_starter_extension"",""remaining_years_min"":""1"",""remaining_years_max"":""4"",""remaining_years_weights_for_1_to_5"":""0.18|0.28|0.30|0.18|0.06"",""guarantee_pct_min"":""0.18"",""guarantee_pct_max"":""0.45"",""signing_bonus_pct_min"":""0.08"",""signing_bonus_pct_max"":""0.24"",""base_escalator_pct_min"":""0.04"",""base_escalator_pct_max"":""0.08"",""cap_smoothing_bias"":""medium"",""notes"":""Year Zero active roster contract generation uses role tier, position group, age/experience, and team cap health to choose exact APY and structure.""}"
nfl_contracts,nfl_initial_contract_generation_matrix.csv,nfl_initial_contract_generation_matrix,runtime_tuning,39,EDGE,"{""position_group"":""EDGE"",""role_tier"":""bridge"",""default_contract_archetype"":""veteran_ufa_multiyear"",""remaining_years_min"":""1"",""remaining_years_max"":""3"",""remaining_years_weights_for_1_to_5"":""0.35|0.40|0.20|0.05|0.00"",""guarantee_pct_min"":""0.08"",""guarantee_pct_max"":""0.28"",""signing_bonus_pct_min"":""0.04"",""signing_bonus_pct_max"":""0.18"",""base_escalator_pct_min"":""0.0"",""base_escalator_pct_max"":""0.04"",""cap_smoothing_bias"":""low"",""notes"":""Year Zero active roster contract generation uses role tier, position group, age/experience, and team cap health to choose exact APY and structure.""}"
nfl_contracts,nfl_initial_contract_generation_matrix.csv,nfl_initial_contract_generation_matrix,runtime_tuning,40,EDGE,"{""position_group"":""EDGE"",""role_tier"":""backup"",""default_contract_archetype"":""one_year_prove_it"",""remaining_years_min"":""1"",""remaining_years_max"":""2"",""remaining_years_weights_for_1_to_5"":""0.55|0.32|0.10|0.03|0.00"",""guarantee_pct_min"":""0.02"",""guarantee_pct_max"":""0.18"",""signing_bonus_pct_min"":""0.0"",""signing_bonus_pct_max"":""0.12"",""base_escalator_pct_min"":""0.0"",""base_escalator_pct_max"":""0.04"",""cap_smoothing_bias"":""low"",""notes"":""Year Zero active roster contract generation uses role tier, position group, age/experience, and team cap health to choose exact APY and structure.""}"
nfl_contracts,nfl_initial_contract_generation_matrix.csv,nfl_initial_contract_generation_matrix,runtime_tuning,41,EDGE,"{""position_group"":""EDGE"",""role_tier"":""depth"",""default_contract_archetype"":""veteran_minimum"",""remaining_years_min"":""1"",""remaining_years_max"":""1"",""remaining_years_weights_for_1_to_5"":""0.85|0.15|0.00|0.00|0.00"",""guarantee_pct_min"":""0.0"",""guarantee_pct_max"":""0.05"",""signing_bonus_pct_min"":""0.0"",""signing_bonus_pct_max"":""0.04"",""base_escalator_pct_min"":""0.0"",""base_escalator_pct_max"":""0.04"",""cap_smoothing_bias"":""low"",""notes"":""Year Zero active roster contract generation uses role tier, position group, age/experience, and team cap health to choose exact APY and structure.""}"
nfl_contracts,nfl_initial_contract_generation_matrix.csv,nfl_initial_contract_generation_matrix,runtime_tuning,42,EDGE,"{""position_group"":""EDGE"",""role_tier"":""developmental"",""default_contract_archetype"":""udfa"",""remaining_years_min"":""1"",""remaining_years_max"":""3"",""remaining_years_weights_for_1_to_5"":""0.30|0.35|0.25|0.10|0.00"",""guarantee_pct_min"":""0.0"",""guarantee_pct_max"":""0.1"",""signing_bonus_pct_min"":""0.0"",""signing_bonus_pct_max"":""0.06"",""base_escalator_pct_min"":""0.0"",""base_escalator_pct_max"":""0.04"",""cap_smoothing_bias"":""low"",""notes"":""Year Zero active roster contract generation uses role tier, position group, age/experience, and team cap health to choose exact APY and structure.""}"
nfl_contracts,nfl_initial_contract_generation_matrix.csv,nfl_initial_contract_generation_matrix,runtime_tuning,43,DL,"{""position_group"":""DL"",""role_tier"":""franchise"",""default_contract_archetype"":""elite_extension"",""remaining_years_min"":""3"",""remaining_years_max"":""5"",""remaining_years_weights_for_1_to_5"":""0.05|0.10|0.25|0.35|0.25"",""guarantee_pct_min"":""0.45"",""guarantee_pct_max"":""0.75"",""signing_bonus_pct_min"":""0.18"",""signing_bonus_pct_max"":""0.34"",""base_escalator_pct_min"":""0.04"",""base_escalator_pct_max"":""0.12"",""cap_smoothing_bias"":""high"",""notes"":""Year Zero active roster contract generation uses role tier, position group, age/experience, and team cap health to choose exact APY and structure.""}"
nfl_contracts,nfl_initial_contract_generation_matrix.csv,nfl_initial_contract_generation_matrix,runtime_tuning,44,DL,"{""position_group"":""DL"",""role_tier"":""elite"",""default_contract_archetype"":""elite_extension"",""remaining_years_min"":""2"",""remaining_years_max"":""5"",""remaining_years_weights_for_1_to_5"":""0.08|0.15|0.27|0.30|0.20"",""guarantee_pct_min"":""0.35"",""guarantee_pct_max"":""0.65"",""signing_bonus_pct_min"":""0.14"",""signing_bonus_pct_max"":""0.3"",""base_escalator_pct_min"":""0.04"",""base_escalator_pct_max"":""0.12"",""cap_smoothing_bias"":""high"",""notes"":""Year Zero active roster contract generation uses role tier, position group, age/experience, and team cap health to choose exact APY and structure.""}"
nfl_contracts,nfl_initial_contract_generation_matrix.csv,nfl_initial_contract_generation_matrix,runtime_tuning,45,DL,"{""position_group"":""DL"",""role_tier"":""starter"",""default_contract_archetype"":""solid_starter_extension"",""remaining_years_min"":""1"",""remaining_years_max"":""4"",""remaining_years_weights_for_1_to_5"":""0.18|0.28|0.30|0.18|0.06"",""guarantee_pct_min"":""0.18"",""guarantee_pct_max"":""0.45"",""signing_bonus_pct_min"":""0.08"",""signing_bonus_pct_max"":""0.24"",""base_escalator_pct_min"":""0.04"",""base_escalator_pct_max"":""0.08"",""cap_smoothing_bias"":""medium"",""notes"":""Year Zero active roster contract generation uses role tier, position group, age/experience, and team cap health to choose exact APY and structure.""}"
nfl_contracts,nfl_initial_contract_generation_matrix.csv,nfl_initial_contract_generation_matrix,runtime_tuning,46,DL,"{""position_group"":""DL"",""role_tier"":""bridge"",""default_contract_archetype"":""veteran_ufa_multiyear"",""remaining_years_min"":""1"",""remaining_years_max"":""3"",""remaining_years_weights_for_1_to_5"":""0.35|0.40|0.20|0.05|0.00"",""guarantee_pct_min"":""0.08"",""guarantee_pct_max"":""0.28"",""signing_bonus_pct_min"":""0.04"",""signing_bonus_pct_max"":""0.18"",""base_escalator_pct_min"":""0.0"",""base_escalator_pct_max"":""0.04"",""cap_smoothing_bias"":""low"",""notes"":""Year Zero active roster contract generation uses role tier, position group, age/experience, and team cap health to choose exact APY and structure.""}"
nfl_contracts,nfl_initial_contract_generation_matrix.csv,nfl_initial_contract_generation_matrix,runtime_tuning,47,DL,"{""position_group"":""DL"",""role_tier"":""backup"",""default_contract_archetype"":""one_year_prove_it"",""remaining_years_min"":""1"",""remaining_years_max"":""2"",""remaining_years_weights_for_1_to_5"":""0.55|0.32|0.10|0.03|0.00"",""guarantee_pct_min"":""0.02"",""guarantee_pct_max"":""0.18"",""signing_bonus_pct_min"":""0.0"",""signing_bonus_pct_max"":""0.12"",""base_escalator_pct_min"":""0.0"",""base_escalator_pct_max"":""0.04"",""cap_smoothing_bias"":""low"",""notes"":""Year Zero active roster contract generation uses role tier, position group, age/experience, and team cap health to choose exact APY and structure.""}"
nfl_contracts,nfl_initial_contract_generation_matrix.csv,nfl_initial_contract_generation_matrix,runtime_tuning,48,DL,"{""position_group"":""DL"",""role_tier"":""depth"",""default_contract_archetype"":""veteran_minimum"",""remaining_years_min"":""1"",""remaining_years_max"":""1"",""remaining_years_weights_for_1_to_5"":""0.85|0.15|0.00|0.00|0.00"",""guarantee_pct_min"":""0.0"",""guarantee_pct_max"":""0.05"",""signing_bonus_pct_min"":""0.0"",""signing_bonus_pct_max"":""0.04"",""base_escalator_pct_min"":""0.0"",""base_escalator_pct_max"":""0.04"",""cap_smoothing_bias"":""low"",""notes"":""Year Zero active roster contract generation uses role tier, position group, age/experience, and team cap health to choose exact APY and structure.""}"
nfl_contracts,nfl_initial_contract_generation_matrix.csv,nfl_initial_contract_generation_matrix,runtime_tuning,49,DL,"{""position_group"":""DL"",""role_tier"":""developmental"",""default_contract_archetype"":""udfa"",""remaining_years_min"":""1"",""remaining_years_max"":""3"",""remaining_years_weights_for_1_to_5"":""0.30|0.35|0.25|0.10|0.00"",""guarantee_pct_min"":""0.0"",""guarantee_pct_max"":""0.1"",""signing_bonus_pct_min"":""0.0"",""signing_bonus_pct_max"":""0.06"",""base_escalator_pct_min"":""0.0"",""base_escalator_pct_max"":""0.04"",""cap_smoothing_bias"":""low"",""notes"":""Year Zero active roster contract generation uses role tier, position group, age/experience, and team cap health to choose exact APY and structure.""}"
nfl_contracts,nfl_initial_contract_generation_matrix.csv,nfl_initial_contract_generation_matrix,runtime_tuning,50,LB,"{""position_group"":""LB"",""role_tier"":""franchise"",""default_contract_archetype"":""elite_extension"",""remaining_years_min"":""3"",""remaining_years_max"":""5"",""remaining_years_weights_for_1_to_5"":""0.05|0.10|0.25|0.35|0.25"",""guarantee_pct_min"":""0.45"",""guarantee_pct_max"":""0.75"",""signing_bonus_pct_min"":""0.18"",""signing_bonus_pct_max"":""0.34"",""base_escalator_pct_min"":""0.04"",""base_escalator_pct_max"":""0.12"",""cap_smoothing_bias"":""high"",""notes"":""Year Zero active roster contract generation uses role tier, position group, age/experience, and team cap health to choose exact APY and structure.""}"
nfl_contracts,nfl_initial_contract_generation_matrix.csv,nfl_initial_contract_generation_matrix,runtime_tuning,51,LB,"{""position_group"":""LB"",""role_tier"":""elite"",""default_contract_archetype"":""elite_extension"",""remaining_years_min"":""2"",""remaining_years_max"":""5"",""remaining_years_weights_for_1_to_5"":""0.08|0.15|0.27|0.30|0.20"",""guarantee_pct_min"":""0.35"",""guarantee_pct_max"":""0.65"",""signing_bonus_pct_min"":""0.14"",""signing_bonus_pct_max"":""0.3"",""base_escalator_pct_min"":""0.04"",""base_escalator_pct_max"":""0.12"",""cap_smoothing_bias"":""high"",""notes"":""Year Zero active roster contract generation uses role tier, position group, age/experience, and team cap health to choose exact APY and structure.""}"
nfl_contracts,nfl_initial_contract_generation_matrix.csv,nfl_initial_contract_generation_matrix,runtime_tuning,52,LB,"{""position_group"":""LB"",""role_tier"":""starter"",""default_contract_archetype"":""solid_starter_extension"",""remaining_years_min"":""1"",""remaining_years_max"":""4"",""remaining_years_weights_for_1_to_5"":""0.18|0.28|0.30|0.18|0.06"",""guarantee_pct_min"":""0.18"",""guarantee_pct_max"":""0.45"",""signing_bonus_pct_min"":""0.08"",""signing_bonus_pct_max"":""0.24"",""base_escalator_pct_min"":""0.04"",""base_escalator_pct_max"":""0.08"",""cap_smoothing_bias"":""medium"",""notes"":""Year Zero active roster contract generation uses role tier, position group, age/experience, and team cap health to choose exact APY and structure.""}"
nfl_contracts,nfl_initial_contract_generation_matrix.csv,nfl_initial_contract_generation_matrix,runtime_tuning,53,LB,"{""position_group"":""LB"",""role_tier"":""bridge"",""default_contract_archetype"":""veteran_ufa_multiyear"",""remaining_years_min"":""1"",""remaining_years_max"":""3"",""remaining_years_weights_for_1_to_5"":""0.35|0.40|0.20|0.05|0.00"",""guarantee_pct_min"":""0.08"",""guarantee_pct_max"":""0.28"",""signing_bonus_pct_min"":""0.04"",""signing_bonus_pct_max"":""0.18"",""base_escalator_pct_min"":""0.0"",""base_escalator_pct_max"":""0.04"",""cap_smoothing_bias"":""low"",""notes"":""Year Zero active roster contract generation uses role tier, position group, age/experience, and team cap health to choose exact APY and structure.""}"
nfl_contracts,nfl_initial_contract_generation_matrix.csv,nfl_initial_contract_generation_matrix,runtime_tuning,54,LB,"{""position_group"":""LB"",""role_tier"":""backup"",""default_contract_archetype"":""one_year_prove_it"",""remaining_years_min"":""1"",""remaining_years_max"":""2"",""remaining_years_weights_for_1_to_5"":""0.55|0.32|0.10|0.03|0.00"",""guarantee_pct_min"":""0.02"",""guarantee_pct_max"":""0.18"",""signing_bonus_pct_min"":""0.0"",""signing_bonus_pct_max"":""0.12"",""base_escalator_pct_min"":""0.0"",""base_escalator_pct_max"":""0.04"",""cap_smoothing_bias"":""low"",""notes"":""Year Zero active roster contract generation uses role tier, position group, age/experience, and team cap health to choose exact APY and structure.""}"
nfl_contracts,nfl_initial_contract_generation_matrix.csv,nfl_initial_contract_generation_matrix,runtime_tuning,55,LB,"{""position_group"":""LB"",""role_tier"":""depth"",""default_contract_archetype"":""veteran_minimum"",""remaining_years_min"":""1"",""remaining_years_max"":""1"",""remaining_years_weights_for_1_to_5"":""0.85|0.15|0.00|0.00|0.00"",""guarantee_pct_min"":""0.0"",""guarantee_pct_max"":""0.05"",""signing_bonus_pct_min"":""0.0"",""signing_bonus_pct_max"":""0.04"",""base_escalator_pct_min"":""0.0"",""base_escalator_pct_max"":""0.04"",""cap_smoothing_bias"":""low"",""notes"":""Year Zero active roster contract generation uses role tier, position group, age/experience, and team cap health to choose exact APY and structure.""}"
nfl_contracts,nfl_initial_contract_generation_matrix.csv,nfl_initial_contract_generation_matrix,runtime_tuning,56,LB,"{""position_group"":""LB"",""role_tier"":""developmental"",""default_contract_archetype"":""udfa"",""remaining_years_min"":""1"",""remaining_years_max"":""3"",""remaining_years_weights_for_1_to_5"":""0.30|0.35|0.25|0.10|0.00"",""guarantee_pct_min"":""0.0"",""guarantee_pct_max"":""0.1"",""signing_bonus_pct_min"":""0.0"",""signing_bonus_pct_max"":""0.06"",""base_escalator_pct_min"":""0.0"",""base_escalator_pct_max"":""0.04"",""cap_smoothing_bias"":""low"",""notes"":""Year Zero active roster contract generation uses role tier, position group, age/experience, and team cap health to choose exact APY and structure.""}"
nfl_contracts,nfl_initial_contract_generation_matrix.csv,nfl_initial_contract_generation_matrix,runtime_tuning,57,CB,"{""position_group"":""CB"",""role_tier"":""franchise"",""default_contract_archetype"":""elite_extension"",""remaining_years_min"":""3"",""remaining_years_max"":""5"",""remaining_years_weights_for_1_to_5"":""0.05|0.10|0.25|0.35|0.25"",""guarantee_pct_min"":""0.45"",""guarantee_pct_max"":""0.75"",""signing_bonus_pct_min"":""0.18"",""signing_bonus_pct_max"":""0.34"",""base_escalator_pct_min"":""0.04"",""base_escalator_pct_max"":""0.12"",""cap_smoothing_bias"":""high"",""notes"":""Year Zero active roster contract generation uses role tier, position group, age/experience, and team cap health to choose exact APY and structure.""}"
nfl_contracts,nfl_initial_contract_generation_matrix.csv,nfl_initial_contract_generation_matrix,runtime_tuning,58,CB,"{""position_group"":""CB"",""role_tier"":""elite"",""default_contract_archetype"":""elite_extension"",""remaining_years_min"":""2"",""remaining_years_max"":""5"",""remaining_years_weights_for_1_to_5"":""0.08|0.15|0.27|0.30|0.20"",""guarantee_pct_min"":""0.35"",""guarantee_pct_max"":""0.65"",""signing_bonus_pct_min"":""0.14"",""signing_bonus_pct_max"":""0.3"",""base_escalator_pct_min"":""0.04"",""base_escalator_pct_max"":""0.12"",""cap_smoothing_bias"":""high"",""notes"":""Year Zero active roster contract generation uses role tier, position group, age/experience, and team cap health to choose exact APY and structure.""}"
nfl_contracts,nfl_initial_contract_generation_matrix.csv,nfl_initial_contract_generation_matrix,runtime_tuning,59,CB,"{""position_group"":""CB"",""role_tier"":""starter"",""default_contract_archetype"":""solid_starter_extension"",""remaining_years_min"":""1"",""remaining_years_max"":""4"",""remaining_years_weights_for_1_to_5"":""0.18|0.28|0.30|0.18|0.06"",""guarantee_pct_min"":""0.18"",""guarantee_pct_max"":""0.45"",""signing_bonus_pct_min"":""0.08"",""signing_bonus_pct_max"":""0.24"",""base_escalator_pct_min"":""0.04"",""base_escalator_pct_max"":""0.08"",""cap_smoothing_bias"":""medium"",""notes"":""Year Zero active roster contract generation uses role tier, position group, age/experience, and team cap health to choose exact APY and structure.""}"
nfl_contracts,nfl_initial_contract_generation_matrix.csv,nfl_initial_contract_generation_matrix,runtime_tuning,60,CB,"{""position_group"":""CB"",""role_tier"":""bridge"",""default_contract_archetype"":""veteran_ufa_multiyear"",""remaining_years_min"":""1"",""remaining_years_max"":""3"",""remaining_years_weights_for_1_to_5"":""0.35|0.40|0.20|0.05|0.00"",""guarantee_pct_min"":""0.08"",""guarantee_pct_max"":""0.28"",""signing_bonus_pct_min"":""0.04"",""signing_bonus_pct_max"":""0.18"",""base_escalator_pct_min"":""0.0"",""base_escalator_pct_max"":""0.04"",""cap_smoothing_bias"":""low"",""notes"":""Year Zero active roster contract generation uses role tier, position group, age/experience, and team cap health to choose exact APY and structure.""}"
nfl_contracts,nfl_initial_contract_generation_matrix.csv,nfl_initial_contract_generation_matrix,runtime_tuning,61,CB,"{""position_group"":""CB"",""role_tier"":""backup"",""default_contract_archetype"":""one_year_prove_it"",""remaining_years_min"":""1"",""remaining_years_max"":""2"",""remaining_years_weights_for_1_to_5"":""0.55|0.32|0.10|0.03|0.00"",""guarantee_pct_min"":""0.02"",""guarantee_pct_max"":""0.18"",""signing_bonus_pct_min"":""0.0"",""signing_bonus_pct_max"":""0.12"",""base_escalator_pct_min"":""0.0"",""base_escalator_pct_max"":""0.04"",""cap_smoothing_bias"":""low"",""notes"":""Year Zero active roster contract generation uses role tier, position group, age/experience, and team cap health to choose exact APY and structure.""}"
nfl_contracts,nfl_initial_contract_generation_matrix.csv,nfl_initial_contract_generation_matrix,runtime_tuning,62,CB,"{""position_group"":""CB"",""role_tier"":""depth"",""default_contract_archetype"":""veteran_minimum"",""remaining_years_min"":""1"",""remaining_years_max"":""1"",""remaining_years_weights_for_1_to_5"":""0.85|0.15|0.00|0.00|0.00"",""guarantee_pct_min"":""0.0"",""guarantee_pct_max"":""0.05"",""signing_bonus_pct_min"":""0.0"",""signing_bonus_pct_max"":""0.04"",""base_escalator_pct_min"":""0.0"",""base_escalator_pct_max"":""0.04"",""cap_smoothing_bias"":""low"",""notes"":""Year Zero active roster contract generation uses role tier, position group, age/experience, and team cap health to choose exact APY and structure.""}"
nfl_contracts,nfl_initial_contract_generation_matrix.csv,nfl_initial_contract_generation_matrix,runtime_tuning,63,CB,"{""position_group"":""CB"",""role_tier"":""developmental"",""default_contract_archetype"":""udfa"",""remaining_years_min"":""1"",""remaining_years_max"":""3"",""remaining_years_weights_for_1_to_5"":""0.30|0.35|0.25|0.10|0.00"",""guarantee_pct_min"":""0.0"",""guarantee_pct_max"":""0.1"",""signing_bonus_pct_min"":""0.0"",""signing_bonus_pct_max"":""0.06"",""base_escalator_pct_min"":""0.0"",""base_escalator_pct_max"":""0.04"",""cap_smoothing_bias"":""low"",""notes"":""Year Zero active roster contract generation uses role tier, position group, age/experience, and team cap health to choose exact APY and structure.""}"
nfl_contracts,nfl_initial_contract_generation_matrix.csv,nfl_initial_contract_generation_matrix,runtime_tuning,64,S,"{""position_group"":""S"",""role_tier"":""franchise"",""default_contract_archetype"":""elite_extension"",""remaining_years_min"":""3"",""remaining_years_max"":""5"",""remaining_years_weights_for_1_to_5"":""0.05|0.10|0.25|0.35|0.25"",""guarantee_pct_min"":""0.45"",""guarantee_pct_max"":""0.75"",""signing_bonus_pct_min"":""0.18"",""signing_bonus_pct_max"":""0.34"",""base_escalator_pct_min"":""0.04"",""base_escalator_pct_max"":""0.12"",""cap_smoothing_bias"":""high"",""notes"":""Year Zero active roster contract generation uses role tier, position group, age/experience, and team cap health to choose exact APY and structure.""}"
nfl_contracts,nfl_initial_contract_generation_matrix.csv,nfl_initial_contract_generation_matrix,runtime_tuning,65,S,"{""position_group"":""S"",""role_tier"":""elite"",""default_contract_archetype"":""elite_extension"",""remaining_years_min"":""2"",""remaining_years_max"":""5"",""remaining_years_weights_for_1_to_5"":""0.08|0.15|0.27|0.30|0.20"",""guarantee_pct_min"":""0.35"",""guarantee_pct_max"":""0.65"",""signing_bonus_pct_min"":""0.14"",""signing_bonus_pct_max"":""0.3"",""base_escalator_pct_min"":""0.04"",""base_escalator_pct_max"":""0.12"",""cap_smoothing_bias"":""high"",""notes"":""Year Zero active roster contract generation uses role tier, position group, age/experience, and team cap health to choose exact APY and structure.""}"
nfl_contracts,nfl_initial_contract_generation_matrix.csv,nfl_initial_contract_generation_matrix,runtime_tuning,66,S,"{""position_group"":""S"",""role_tier"":""starter"",""default_contract_archetype"":""solid_starter_extension"",""remaining_years_min"":""1"",""remaining_years_max"":""4"",""remaining_years_weights_for_1_to_5"":""0.18|0.28|0.30|0.18|0.06"",""guarantee_pct_min"":""0.18"",""guarantee_pct_max"":""0.45"",""signing_bonus_pct_min"":""0.08"",""signing_bonus_pct_max"":""0.24"",""base_escalator_pct_min"":""0.04"",""base_escalator_pct_max"":""0.08"",""cap_smoothing_bias"":""medium"",""notes"":""Year Zero active roster contract generation uses role tier, position group, age/experience, and team cap health to choose exact APY and structure.""}"
nfl_contracts,nfl_initial_contract_generation_matrix.csv,nfl_initial_contract_generation_matrix,runtime_tuning,67,S,"{""position_group"":""S"",""role_tier"":""bridge"",""default_contract_archetype"":""veteran_ufa_multiyear"",""remaining_years_min"":""1"",""remaining_years_max"":""3"",""remaining_years_weights_for_1_to_5"":""0.35|0.40|0.20|0.05|0.00"",""guarantee_pct_min"":""0.08"",""guarantee_pct_max"":""0.28"",""signing_bonus_pct_min"":""0.04"",""signing_bonus_pct_max"":""0.18"",""base_escalator_pct_min"":""0.0"",""base_escalator_pct_max"":""0.04"",""cap_smoothing_bias"":""low"",""notes"":""Year Zero active roster contract generation uses role tier, position group, age/experience, and team cap health to choose exact APY and structure.""}"
nfl_contracts,nfl_initial_contract_generation_matrix.csv,nfl_initial_contract_generation_matrix,runtime_tuning,68,S,"{""position_group"":""S"",""role_tier"":""backup"",""default_contract_archetype"":""one_year_prove_it"",""remaining_years_min"":""1"",""remaining_years_max"":""2"",""remaining_years_weights_for_1_to_5"":""0.55|0.32|0.10|0.03|0.00"",""guarantee_pct_min"":""0.02"",""guarantee_pct_max"":""0.18"",""signing_bonus_pct_min"":""0.0"",""signing_bonus_pct_max"":""0.12"",""base_escalator_pct_min"":""0.0"",""base_escalator_pct_max"":""0.04"",""cap_smoothing_bias"":""low"",""notes"":""Year Zero active roster contract generation uses role tier, position group, age/experience, and team cap health to choose exact APY and structure.""}"
nfl_contracts,nfl_initial_contract_generation_matrix.csv,nfl_initial_contract_generation_matrix,runtime_tuning,69,S,"{""position_group"":""S"",""role_tier"":""depth"",""default_contract_archetype"":""veteran_minimum"",""remaining_years_min"":""1"",""remaining_years_max"":""1"",""remaining_years_weights_for_1_to_5"":""0.85|0.15|0.00|0.00|0.00"",""guarantee_pct_min"":""0.0"",""guarantee_pct_max"":""0.05"",""signing_bonus_pct_min"":""0.0"",""signing_bonus_pct_max"":""0.04"",""base_escalator_pct_min"":""0.0"",""base_escalator_pct_max"":""0.04"",""cap_smoothing_bias"":""low"",""notes"":""Year Zero active roster contract generation uses role tier, position group, age/experience, and team cap health to choose exact APY and structure.""}"
nfl_contracts,nfl_initial_contract_generation_matrix.csv,nfl_initial_contract_generation_matrix,runtime_tuning,70,S,"{""position_group"":""S"",""role_tier"":""developmental"",""default_contract_archetype"":""udfa"",""remaining_years_min"":""1"",""remaining_years_max"":""3"",""remaining_years_weights_for_1_to_5"":""0.30|0.35|0.25|0.10|0.00"",""guarantee_pct_min"":""0.0"",""guarantee_pct_max"":""0.1"",""signing_bonus_pct_min"":""0.0"",""signing_bonus_pct_max"":""0.06"",""base_escalator_pct_min"":""0.0"",""base_escalator_pct_max"":""0.04"",""cap_smoothing_bias"":""low"",""notes"":""Year Zero active roster contract generation uses role tier, position group, age/experience, and team cap health to choose exact APY and structure.""}"
nfl_contracts,nfl_initial_contract_generation_matrix.csv,nfl_initial_contract_generation_matrix,runtime_tuning,71,SPEC,"{""position_group"":""SPEC"",""role_tier"":""franchise"",""default_contract_archetype"":""elite_extension"",""remaining_years_min"":""3"",""remaining_years_max"":""5"",""remaining_years_weights_for_1_to_5"":""0.05|0.10|0.25|0.35|0.25"",""guarantee_pct_min"":""0.45"",""guarantee_pct_max"":""0.75"",""signing_bonus_pct_min"":""0.18"",""signing_bonus_pct_max"":""0.34"",""base_escalator_pct_min"":""0.04"",""base_escalator_pct_max"":""0.12"",""cap_smoothing_bias"":""high"",""notes"":""Year Zero active roster contract generation uses role tier, position group, age/experience, and team cap health to choose exact APY and structure.""}"
nfl_contracts,nfl_initial_contract_generation_matrix.csv,nfl_initial_contract_generation_matrix,runtime_tuning,72,SPEC,"{""position_group"":""SPEC"",""role_tier"":""elite"",""default_contract_archetype"":""elite_extension"",""remaining_years_min"":""2"",""remaining_years_max"":""5"",""remaining_years_weights_for_1_to_5"":""0.08|0.15|0.27|0.30|0.20"",""guarantee_pct_min"":""0.35"",""guarantee_pct_max"":""0.65"",""signing_bonus_pct_min"":""0.14"",""signing_bonus_pct_max"":""0.3"",""base_escalator_pct_min"":""0.04"",""base_escalator_pct_max"":""0.12"",""cap_smoothing_bias"":""high"",""notes"":""Year Zero active roster contract generation uses role tier, position group, age/experience, and team cap health to choose exact APY and structure.""}"
nfl_contracts,nfl_initial_contract_generation_matrix.csv,nfl_initial_contract_generation_matrix,runtime_tuning,73,SPEC,"{""position_group"":""SPEC"",""role_tier"":""starter"",""default_contract_archetype"":""solid_starter_extension"",""remaining_years_min"":""1"",""remaining_years_max"":""4"",""remaining_years_weights_for_1_to_5"":""0.18|0.28|0.30|0.18|0.06"",""guarantee_pct_min"":""0.18"",""guarantee_pct_max"":""0.45"",""signing_bonus_pct_min"":""0.08"",""signing_bonus_pct_max"":""0.24"",""base_escalator_pct_min"":""0.04"",""base_escalator_pct_max"":""0.08"",""cap_smoothing_bias"":""medium"",""notes"":""Year Zero active roster contract generation uses role tier, position group, age/experience, and team cap health to choose exact APY and structure.""}"
nfl_contracts,nfl_initial_contract_generation_matrix.csv,nfl_initial_contract_generation_matrix,runtime_tuning,74,SPEC,"{""position_group"":""SPEC"",""role_tier"":""bridge"",""default_contract_archetype"":""veteran_ufa_multiyear"",""remaining_years_min"":""1"",""remaining_years_max"":""3"",""remaining_years_weights_for_1_to_5"":""0.35|0.40|0.20|0.05|0.00"",""guarantee_pct_min"":""0.08"",""guarantee_pct_max"":""0.28"",""signing_bonus_pct_min"":""0.04"",""signing_bonus_pct_max"":""0.18"",""base_escalator_pct_min"":""0.0"",""base_escalator_pct_max"":""0.04"",""cap_smoothing_bias"":""low"",""notes"":""Year Zero active roster contract generation uses role tier, position group, age/experience, and team cap health to choose exact APY and structure.""}"
nfl_contracts,nfl_initial_contract_generation_matrix.csv,nfl_initial_contract_generation_matrix,runtime_tuning,75,SPEC,"{""position_group"":""SPEC"",""role_tier"":""backup"",""default_contract_archetype"":""one_year_prove_it"",""remaining_years_min"":""1"",""remaining_years_max"":""2"",""remaining_years_weights_for_1_to_5"":""0.55|0.32|0.10|0.03|0.00"",""guarantee_pct_min"":""0.02"",""guarantee_pct_max"":""0.18"",""signing_bonus_pct_min"":""0.0"",""signing_bonus_pct_max"":""0.12"",""base_escalator_pct_min"":""0.0"",""base_escalator_pct_max"":""0.04"",""cap_smoothing_bias"":""low"",""notes"":""Year Zero active roster contract generation uses role tier, position group, age/experience, and team cap health to choose exact APY and structure.""}"
nfl_contracts,nfl_initial_contract_generation_matrix.csv,nfl_initial_contract_generation_matrix,runtime_tuning,76,SPEC,"{""position_group"":""SPEC"",""role_tier"":""depth"",""default_contract_archetype"":""veteran_minimum"",""remaining_years_min"":""1"",""remaining_years_max"":""1"",""remaining_years_weights_for_1_to_5"":""0.85|0.15|0.00|0.00|0.00"",""guarantee_pct_min"":""0.0"",""guarantee_pct_max"":""0.05"",""signing_bonus_pct_min"":""0.0"",""signing_bonus_pct_max"":""0.04"",""base_escalator_pct_min"":""0.0"",""base_escalator_pct_max"":""0.04"",""cap_smoothing_bias"":""low"",""notes"":""Year Zero active roster contract generation uses role tier, position group, age/experience, and team cap health to choose exact APY and structure.""}"
nfl_contracts,nfl_initial_contract_generation_matrix.csv,nfl_initial_contract_generation_matrix,runtime_tuning,77,SPEC,"{""position_group"":""SPEC"",""role_tier"":""developmental"",""default_contract_archetype"":""udfa"",""remaining_years_min"":""1"",""remaining_years_max"":""3"",""remaining_years_weights_for_1_to_5"":""0.30|0.35|0.25|0.10|0.00"",""guarantee_pct_min"":""0.0"",""guarantee_pct_max"":""0.1"",""signing_bonus_pct_min"":""0.0"",""signing_bonus_pct_max"":""0.06"",""base_escalator_pct_min"":""0.0"",""base_escalator_pct_max"":""0.04"",""cap_smoothing_bias"":""low"",""notes"":""Year Zero active roster contract generation uses role tier, position group, age/experience, and team cap health to choose exact APY and structure.""}"
nfl_contracts,nfl_initial_contract_research_basis.csv,nfl_initial_contract_research_basis,research_basis,1,nfl_initial_contract_research_basis:1,"{""source_label"":""2026_salary_cap"",""key_fact"":""2026 NFL salary cap is 301.2 million per team"",""used_for"":""nfl_contract_cap_environment.csv"",""confidence"":""high"",""notes"":""Use as cap baseline for Year Zero 2026.""}"
nfl_contracts,nfl_initial_contract_research_basis.csv,nfl_initial_contract_research_basis,research_basis,2,nfl_initial_contract_research_basis:2,"{""source_label"":""top_51_rule"",""key_fact"":""Offseason cap uses top 51 contracts; regular season cap includes active roster, reserve lists, and practice squad"",""used_for"":""cap environment and validation"",""confidence"":""medium_high"",""notes"":""Implement phase-specific cap counting.""}"
nfl_contracts,nfl_initial_contract_research_basis.csv,nfl_initial_contract_research_basis,research_basis,3,nfl_initial_contract_research_basis:3,"{""source_label"":""rookie_contract_examples"",""key_fact"":""Public 2026 rookie examples show top-10 four-year fully guaranteed contracts, second/third/later bands, and late-round minimum salary ladder"",""used_for"":""nfl_rookie_contract_scale_by_pick_band.csv"",""confidence"":""medium"",""notes"":""Use pick bands, not exact legal slot values.""}"
nfl_contracts,nfl_initial_contract_research_basis.csv,nfl_initial_contract_research_basis,research_basis,4,nfl_initial_contract_research_basis:4,"{""source_label"":""practice_squad_salary_schedule"",""key_fact"":""2026 practice squad weekly salary is 13,750 for rookies/two-or-fewer and 18,350 to 22,850 for veterans"",""used_for"":""nfl_practice_squad_salary_table.csv"",""confidence"":""medium_high"",""notes"":""Use 18 weeks for season salary.""}"
nfl_contracts,nfl_initial_contract_research_basis.csv,nfl_initial_contract_research_basis,research_basis,5,nfl_initial_contract_research_basis:5,"{""source_label"":""franchise_transition_tag_logic"",""key_fact"":""Franchise and transition tags are one-year mechanisms tied to top positional salaries or 120 percent prior salary"",""used_for"":""nfl_tag_tender_rules.csv"",""confidence"":""medium"",""notes"":""Use mostly for rare history/status events.""}"
nfl_contracts,nfl_initial_contract_source_mix_by_roster_pool.csv,nfl_initial_contract_source_mix_by_roster_pool,weight_distribution,1,QB,"{""roster_pool"":""active_roster"",""position_group"":""QB"",""contract_source_bucket"":""rookie_contract_remaining"",""weight"":""0.28"",""notes"":""Normalize after filtering for player age, experience, draft source, and role tier.""}"
nfl_contracts,nfl_initial_contract_source_mix_by_roster_pool.csv,nfl_initial_contract_source_mix_by_roster_pool,weight_distribution,2,QB,"{""roster_pool"":""active_roster"",""position_group"":""QB"",""contract_source_bucket"":""veteran_minimum_or_depth"",""weight"":""0.2"",""notes"":""Normalize after filtering for player age, experience, draft source, and role tier.""}"
nfl_contracts,nfl_initial_contract_source_mix_by_roster_pool.csv,nfl_initial_contract_source_mix_by_roster_pool,weight_distribution,3,QB,"{""roster_pool"":""active_roster"",""position_group"":""QB"",""contract_source_bucket"":""solid_starter_extension"",""weight"":""0.24"",""notes"":""Normalize after filtering for player age, experience, draft source, and role tier.""}"
nfl_contracts,nfl_initial_contract_source_mix_by_roster_pool.csv,nfl_initial_contract_source_mix_by_roster_pool,weight_distribution,4,QB,"{""roster_pool"":""active_roster"",""position_group"":""QB"",""contract_source_bucket"":""veteran_ufa_multiyear"",""weight"":""0.16"",""notes"":""Normalize after filtering for player age, experience, draft source, and role tier.""}"
nfl_contracts,nfl_initial_contract_source_mix_by_roster_pool.csv,nfl_initial_contract_source_mix_by_roster_pool,weight_distribution,5,QB,"{""roster_pool"":""active_roster"",""position_group"":""QB"",""contract_source_bucket"":""elite_or_franchise_extension"",""weight"":""0.08"",""notes"":""Normalize after filtering for player age, experience, draft source, and role tier.""}"
nfl_contracts,nfl_initial_contract_source_mix_by_roster_pool.csv,nfl_initial_contract_source_mix_by_roster_pool,weight_distribution,6,QB,"{""roster_pool"":""active_roster"",""position_group"":""QB"",""contract_source_bucket"":""one_year_prove_it"",""weight"":""0.04"",""notes"":""Normalize after filtering for player age, experience, draft source, and role tier.""}"
nfl_contracts,nfl_initial_contract_source_mix_by_roster_pool.csv,nfl_initial_contract_source_mix_by_roster_pool,weight_distribution,7,RB,"{""roster_pool"":""active_roster"",""position_group"":""RB"",""contract_source_bucket"":""rookie_contract_remaining"",""weight"":""0.28"",""notes"":""Normalize after filtering for player age, experience, draft source, and role tier.""}"
nfl_contracts,nfl_initial_contract_source_mix_by_roster_pool.csv,nfl_initial_contract_source_mix_by_roster_pool,weight_distribution,8,RB,"{""roster_pool"":""active_roster"",""position_group"":""RB"",""contract_source_bucket"":""veteran_minimum_or_depth"",""weight"":""0.2"",""notes"":""Normalize after filtering for player age, experience, draft source, and role tier.""}"
nfl_contracts,nfl_initial_contract_source_mix_by_roster_pool.csv,nfl_initial_contract_source_mix_by_roster_pool,weight_distribution,9,RB,"{""roster_pool"":""active_roster"",""position_group"":""RB"",""contract_source_bucket"":""solid_starter_extension"",""weight"":""0.24"",""notes"":""Normalize after filtering for player age, experience, draft source, and role tier.""}"
nfl_contracts,nfl_initial_contract_source_mix_by_roster_pool.csv,nfl_initial_contract_source_mix_by_roster_pool,weight_distribution,10,RB,"{""roster_pool"":""active_roster"",""position_group"":""RB"",""contract_source_bucket"":""veteran_ufa_multiyear"",""weight"":""0.16"",""notes"":""Normalize after filtering for player age, experience, draft source, and role tier.""}"
nfl_contracts,nfl_initial_contract_source_mix_by_roster_pool.csv,nfl_initial_contract_source_mix_by_roster_pool,weight_distribution,11,RB,"{""roster_pool"":""active_roster"",""position_group"":""RB"",""contract_source_bucket"":""elite_or_franchise_extension"",""weight"":""0.08"",""notes"":""Normalize after filtering for player age, experience, draft source, and role tier.""}"
nfl_contracts,nfl_initial_contract_source_mix_by_roster_pool.csv,nfl_initial_contract_source_mix_by_roster_pool,weight_distribution,12,RB,"{""roster_pool"":""active_roster"",""position_group"":""RB"",""contract_source_bucket"":""one_year_prove_it"",""weight"":""0.04"",""notes"":""Normalize after filtering for player age, experience, draft source, and role tier.""}"
nfl_contracts,nfl_initial_contract_source_mix_by_roster_pool.csv,nfl_initial_contract_source_mix_by_roster_pool,weight_distribution,13,WR,"{""roster_pool"":""active_roster"",""position_group"":""WR"",""contract_source_bucket"":""rookie_contract_remaining"",""weight"":""0.28"",""notes"":""Normalize after filtering for player age, experience, draft source, and role tier.""}"
nfl_contracts,nfl_initial_contract_source_mix_by_roster_pool.csv,nfl_initial_contract_source_mix_by_roster_pool,weight_distribution,14,WR,"{""roster_pool"":""active_roster"",""position_group"":""WR"",""contract_source_bucket"":""veteran_minimum_or_depth"",""weight"":""0.2"",""notes"":""Normalize after filtering for player age, experience, draft source, and role tier.""}"
nfl_contracts,nfl_initial_contract_source_mix_by_roster_pool.csv,nfl_initial_contract_source_mix_by_roster_pool,weight_distribution,15,WR,"{""roster_pool"":""active_roster"",""position_group"":""WR"",""contract_source_bucket"":""solid_starter_extension"",""weight"":""0.24"",""notes"":""Normalize after filtering for player age, experience, draft source, and role tier.""}"
nfl_contracts,nfl_initial_contract_source_mix_by_roster_pool.csv,nfl_initial_contract_source_mix_by_roster_pool,weight_distribution,16,WR,"{""roster_pool"":""active_roster"",""position_group"":""WR"",""contract_source_bucket"":""veteran_ufa_multiyear"",""weight"":""0.16"",""notes"":""Normalize after filtering for player age, experience, draft source, and role tier.""}"
nfl_contracts,nfl_initial_contract_source_mix_by_roster_pool.csv,nfl_initial_contract_source_mix_by_roster_pool,weight_distribution,17,WR,"{""roster_pool"":""active_roster"",""position_group"":""WR"",""contract_source_bucket"":""elite_or_franchise_extension"",""weight"":""0.08"",""notes"":""Normalize after filtering for player age, experience, draft source, and role tier.""}"
nfl_contracts,nfl_initial_contract_source_mix_by_roster_pool.csv,nfl_initial_contract_source_mix_by_roster_pool,weight_distribution,18,WR,"{""roster_pool"":""active_roster"",""position_group"":""WR"",""contract_source_bucket"":""one_year_prove_it"",""weight"":""0.04"",""notes"":""Normalize after filtering for player age, experience, draft source, and role tier.""}"
nfl_contracts,nfl_initial_contract_source_mix_by_roster_pool.csv,nfl_initial_contract_source_mix_by_roster_pool,weight_distribution,19,TE,"{""roster_pool"":""active_roster"",""position_group"":""TE"",""contract_source_bucket"":""rookie_contract_remaining"",""weight"":""0.28"",""notes"":""Normalize after filtering for player age, experience, draft source, and role tier.""}"
nfl_contracts,nfl_initial_contract_source_mix_by_roster_pool.csv,nfl_initial_contract_source_mix_by_roster_pool,weight_distribution,20,TE,"{""roster_pool"":""active_roster"",""position_group"":""TE"",""contract_source_bucket"":""veteran_minimum_or_depth"",""weight"":""0.2"",""notes"":""Normalize after filtering for player age, experience, draft source, and role tier.""}"
nfl_contracts,nfl_initial_contract_source_mix_by_roster_pool.csv,nfl_initial_contract_source_mix_by_roster_pool,weight_distribution,21,TE,"{""roster_pool"":""active_roster"",""position_group"":""TE"",""contract_source_bucket"":""solid_starter_extension"",""weight"":""0.24"",""notes"":""Normalize after filtering for player age, experience, draft source, and role tier.""}"
nfl_contracts,nfl_initial_contract_source_mix_by_roster_pool.csv,nfl_initial_contract_source_mix_by_roster_pool,weight_distribution,22,TE,"{""roster_pool"":""active_roster"",""position_group"":""TE"",""contract_source_bucket"":""veteran_ufa_multiyear"",""weight"":""0.16"",""notes"":""Normalize after filtering for player age, experience, draft source, and role tier.""}"
nfl_contracts,nfl_initial_contract_source_mix_by_roster_pool.csv,nfl_initial_contract_source_mix_by_roster_pool,weight_distribution,23,TE,"{""roster_pool"":""active_roster"",""position_group"":""TE"",""contract_source_bucket"":""elite_or_franchise_extension"",""weight"":""0.08"",""notes"":""Normalize after filtering for player age, experience, draft source, and role tier.""}"
nfl_contracts,nfl_initial_contract_source_mix_by_roster_pool.csv,nfl_initial_contract_source_mix_by_roster_pool,weight_distribution,24,TE,"{""roster_pool"":""active_roster"",""position_group"":""TE"",""contract_source_bucket"":""one_year_prove_it"",""weight"":""0.04"",""notes"":""Normalize after filtering for player age, experience, draft source, and role tier.""}"
nfl_contracts,nfl_initial_contract_source_mix_by_roster_pool.csv,nfl_initial_contract_source_mix_by_roster_pool,weight_distribution,25,OL,"{""roster_pool"":""active_roster"",""position_group"":""OL"",""contract_source_bucket"":""rookie_contract_remaining"",""weight"":""0.28"",""notes"":""Normalize after filtering for player age, experience, draft source, and role tier.""}"
nfl_contracts,nfl_initial_contract_source_mix_by_roster_pool.csv,nfl_initial_contract_source_mix_by_roster_pool,weight_distribution,26,OL,"{""roster_pool"":""active_roster"",""position_group"":""OL"",""contract_source_bucket"":""veteran_minimum_or_depth"",""weight"":""0.2"",""notes"":""Normalize after filtering for player age, experience, draft source, and role tier.""}"
nfl_contracts,nfl_initial_contract_source_mix_by_roster_pool.csv,nfl_initial_contract_source_mix_by_roster_pool,weight_distribution,27,OL,"{""roster_pool"":""active_roster"",""position_group"":""OL"",""contract_source_bucket"":""solid_starter_extension"",""weight"":""0.24"",""notes"":""Normalize after filtering for player age, experience, draft source, and role tier.""}"
nfl_contracts,nfl_initial_contract_source_mix_by_roster_pool.csv,nfl_initial_contract_source_mix_by_roster_pool,weight_distribution,28,OL,"{""roster_pool"":""active_roster"",""position_group"":""OL"",""contract_source_bucket"":""veteran_ufa_multiyear"",""weight"":""0.16"",""notes"":""Normalize after filtering for player age, experience, draft source, and role tier.""}"
nfl_contracts,nfl_initial_contract_source_mix_by_roster_pool.csv,nfl_initial_contract_source_mix_by_roster_pool,weight_distribution,29,OL,"{""roster_pool"":""active_roster"",""position_group"":""OL"",""contract_source_bucket"":""elite_or_franchise_extension"",""weight"":""0.08"",""notes"":""Normalize after filtering for player age, experience, draft source, and role tier.""}"
nfl_contracts,nfl_initial_contract_source_mix_by_roster_pool.csv,nfl_initial_contract_source_mix_by_roster_pool,weight_distribution,30,OL,"{""roster_pool"":""active_roster"",""position_group"":""OL"",""contract_source_bucket"":""one_year_prove_it"",""weight"":""0.04"",""notes"":""Normalize after filtering for player age, experience, draft source, and role tier.""}"
nfl_contracts,nfl_initial_contract_source_mix_by_roster_pool.csv,nfl_initial_contract_source_mix_by_roster_pool,weight_distribution,31,EDGE,"{""roster_pool"":""active_roster"",""position_group"":""EDGE"",""contract_source_bucket"":""rookie_contract_remaining"",""weight"":""0.28"",""notes"":""Normalize after filtering for player age, experience, draft source, and role tier.""}"
nfl_contracts,nfl_initial_contract_source_mix_by_roster_pool.csv,nfl_initial_contract_source_mix_by_roster_pool,weight_distribution,32,EDGE,"{""roster_pool"":""active_roster"",""position_group"":""EDGE"",""contract_source_bucket"":""veteran_minimum_or_depth"",""weight"":""0.2"",""notes"":""Normalize after filtering for player age, experience, draft source, and role tier.""}"
nfl_contracts,nfl_initial_contract_source_mix_by_roster_pool.csv,nfl_initial_contract_source_mix_by_roster_pool,weight_distribution,33,EDGE,"{""roster_pool"":""active_roster"",""position_group"":""EDGE"",""contract_source_bucket"":""solid_starter_extension"",""weight"":""0.24"",""notes"":""Normalize after filtering for player age, experience, draft source, and role tier.""}"
nfl_contracts,nfl_initial_contract_source_mix_by_roster_pool.csv,nfl_initial_contract_source_mix_by_roster_pool,weight_distribution,34,EDGE,"{""roster_pool"":""active_roster"",""position_group"":""EDGE"",""contract_source_bucket"":""veteran_ufa_multiyear"",""weight"":""0.16"",""notes"":""Normalize after filtering for player age, experience, draft source, and role tier.""}"
nfl_contracts,nfl_initial_contract_source_mix_by_roster_pool.csv,nfl_initial_contract_source_mix_by_roster_pool,weight_distribution,35,EDGE,"{""roster_pool"":""active_roster"",""position_group"":""EDGE"",""contract_source_bucket"":""elite_or_franchise_extension"",""weight"":""0.08"",""notes"":""Normalize after filtering for player age, experience, draft source, and role tier.""}"
nfl_contracts,nfl_initial_contract_source_mix_by_roster_pool.csv,nfl_initial_contract_source_mix_by_roster_pool,weight_distribution,36,EDGE,"{""roster_pool"":""active_roster"",""position_group"":""EDGE"",""contract_source_bucket"":""one_year_prove_it"",""weight"":""0.04"",""notes"":""Normalize after filtering for player age, experience, draft source, and role tier.""}"
nfl_contracts,nfl_initial_contract_source_mix_by_roster_pool.csv,nfl_initial_contract_source_mix_by_roster_pool,weight_distribution,37,DL,"{""roster_pool"":""active_roster"",""position_group"":""DL"",""contract_source_bucket"":""rookie_contract_remaining"",""weight"":""0.28"",""notes"":""Normalize after filtering for player age, experience, draft source, and role tier.""}"
nfl_contracts,nfl_initial_contract_source_mix_by_roster_pool.csv,nfl_initial_contract_source_mix_by_roster_pool,weight_distribution,38,DL,"{""roster_pool"":""active_roster"",""position_group"":""DL"",""contract_source_bucket"":""veteran_minimum_or_depth"",""weight"":""0.2"",""notes"":""Normalize after filtering for player age, experience, draft source, and role tier.""}"
nfl_contracts,nfl_initial_contract_source_mix_by_roster_pool.csv,nfl_initial_contract_source_mix_by_roster_pool,weight_distribution,39,DL,"{""roster_pool"":""active_roster"",""position_group"":""DL"",""contract_source_bucket"":""solid_starter_extension"",""weight"":""0.24"",""notes"":""Normalize after filtering for player age, experience, draft source, and role tier.""}"
nfl_contracts,nfl_initial_contract_source_mix_by_roster_pool.csv,nfl_initial_contract_source_mix_by_roster_pool,weight_distribution,40,DL,"{""roster_pool"":""active_roster"",""position_group"":""DL"",""contract_source_bucket"":""veteran_ufa_multiyear"",""weight"":""0.16"",""notes"":""Normalize after filtering for player age, experience, draft source, and role tier.""}"
nfl_contracts,nfl_initial_contract_source_mix_by_roster_pool.csv,nfl_initial_contract_source_mix_by_roster_pool,weight_distribution,41,DL,"{""roster_pool"":""active_roster"",""position_group"":""DL"",""contract_source_bucket"":""elite_or_franchise_extension"",""weight"":""0.08"",""notes"":""Normalize after filtering for player age, experience, draft source, and role tier.""}"
nfl_contracts,nfl_initial_contract_source_mix_by_roster_pool.csv,nfl_initial_contract_source_mix_by_roster_pool,weight_distribution,42,DL,"{""roster_pool"":""active_roster"",""position_group"":""DL"",""contract_source_bucket"":""one_year_prove_it"",""weight"":""0.04"",""notes"":""Normalize after filtering for player age, experience, draft source, and role tier.""}"
nfl_contracts,nfl_initial_contract_source_mix_by_roster_pool.csv,nfl_initial_contract_source_mix_by_roster_pool,weight_distribution,43,LB,"{""roster_pool"":""active_roster"",""position_group"":""LB"",""contract_source_bucket"":""rookie_contract_remaining"",""weight"":""0.28"",""notes"":""Normalize after filtering for player age, experience, draft source, and role tier.""}"
nfl_contracts,nfl_initial_contract_source_mix_by_roster_pool.csv,nfl_initial_contract_source_mix_by_roster_pool,weight_distribution,44,LB,"{""roster_pool"":""active_roster"",""position_group"":""LB"",""contract_source_bucket"":""veteran_minimum_or_depth"",""weight"":""0.2"",""notes"":""Normalize after filtering for player age, experience, draft source, and role tier.""}"
nfl_contracts,nfl_initial_contract_source_mix_by_roster_pool.csv,nfl_initial_contract_source_mix_by_roster_pool,weight_distribution,45,LB,"{""roster_pool"":""active_roster"",""position_group"":""LB"",""contract_source_bucket"":""solid_starter_extension"",""weight"":""0.24"",""notes"":""Normalize after filtering for player age, experience, draft source, and role tier.""}"
nfl_contracts,nfl_initial_contract_source_mix_by_roster_pool.csv,nfl_initial_contract_source_mix_by_roster_pool,weight_distribution,46,LB,"{""roster_pool"":""active_roster"",""position_group"":""LB"",""contract_source_bucket"":""veteran_ufa_multiyear"",""weight"":""0.16"",""notes"":""Normalize after filtering for player age, experience, draft source, and role tier.""}"
nfl_contracts,nfl_initial_contract_source_mix_by_roster_pool.csv,nfl_initial_contract_source_mix_by_roster_pool,weight_distribution,47,LB,"{""roster_pool"":""active_roster"",""position_group"":""LB"",""contract_source_bucket"":""elite_or_franchise_extension"",""weight"":""0.08"",""notes"":""Normalize after filtering for player age, experience, draft source, and role tier.""}"
nfl_contracts,nfl_initial_contract_source_mix_by_roster_pool.csv,nfl_initial_contract_source_mix_by_roster_pool,weight_distribution,48,LB,"{""roster_pool"":""active_roster"",""position_group"":""LB"",""contract_source_bucket"":""one_year_prove_it"",""weight"":""0.04"",""notes"":""Normalize after filtering for player age, experience, draft source, and role tier.""}"
nfl_contracts,nfl_initial_contract_source_mix_by_roster_pool.csv,nfl_initial_contract_source_mix_by_roster_pool,weight_distribution,49,CB,"{""roster_pool"":""active_roster"",""position_group"":""CB"",""contract_source_bucket"":""rookie_contract_remaining"",""weight"":""0.28"",""notes"":""Normalize after filtering for player age, experience, draft source, and role tier.""}"
nfl_contracts,nfl_initial_contract_source_mix_by_roster_pool.csv,nfl_initial_contract_source_mix_by_roster_pool,weight_distribution,50,CB,"{""roster_pool"":""active_roster"",""position_group"":""CB"",""contract_source_bucket"":""veteran_minimum_or_depth"",""weight"":""0.2"",""notes"":""Normalize after filtering for player age, experience, draft source, and role tier.""}"
nfl_contracts,nfl_initial_contract_source_mix_by_roster_pool.csv,nfl_initial_contract_source_mix_by_roster_pool,weight_distribution,51,CB,"{""roster_pool"":""active_roster"",""position_group"":""CB"",""contract_source_bucket"":""solid_starter_extension"",""weight"":""0.24"",""notes"":""Normalize after filtering for player age, experience, draft source, and role tier.""}"
nfl_contracts,nfl_initial_contract_source_mix_by_roster_pool.csv,nfl_initial_contract_source_mix_by_roster_pool,weight_distribution,52,CB,"{""roster_pool"":""active_roster"",""position_group"":""CB"",""contract_source_bucket"":""veteran_ufa_multiyear"",""weight"":""0.16"",""notes"":""Normalize after filtering for player age, experience, draft source, and role tier.""}"
nfl_contracts,nfl_initial_contract_source_mix_by_roster_pool.csv,nfl_initial_contract_source_mix_by_roster_pool,weight_distribution,53,CB,"{""roster_pool"":""active_roster"",""position_group"":""CB"",""contract_source_bucket"":""elite_or_franchise_extension"",""weight"":""0.08"",""notes"":""Normalize after filtering for player age, experience, draft source, and role tier.""}"
nfl_contracts,nfl_initial_contract_source_mix_by_roster_pool.csv,nfl_initial_contract_source_mix_by_roster_pool,weight_distribution,54,CB,"{""roster_pool"":""active_roster"",""position_group"":""CB"",""contract_source_bucket"":""one_year_prove_it"",""weight"":""0.04"",""notes"":""Normalize after filtering for player age, experience, draft source, and role tier.""}"
nfl_contracts,nfl_initial_contract_source_mix_by_roster_pool.csv,nfl_initial_contract_source_mix_by_roster_pool,weight_distribution,55,S,"{""roster_pool"":""active_roster"",""position_group"":""S"",""contract_source_bucket"":""rookie_contract_remaining"",""weight"":""0.28"",""notes"":""Normalize after filtering for player age, experience, draft source, and role tier.""}"
nfl_contracts,nfl_initial_contract_source_mix_by_roster_pool.csv,nfl_initial_contract_source_mix_by_roster_pool,weight_distribution,56,S,"{""roster_pool"":""active_roster"",""position_group"":""S"",""contract_source_bucket"":""veteran_minimum_or_depth"",""weight"":""0.2"",""notes"":""Normalize after filtering for player age, experience, draft source, and role tier.""}"
nfl_contracts,nfl_initial_contract_source_mix_by_roster_pool.csv,nfl_initial_contract_source_mix_by_roster_pool,weight_distribution,57,S,"{""roster_pool"":""active_roster"",""position_group"":""S"",""contract_source_bucket"":""solid_starter_extension"",""weight"":""0.24"",""notes"":""Normalize after filtering for player age, experience, draft source, and role tier.""}"
nfl_contracts,nfl_initial_contract_source_mix_by_roster_pool.csv,nfl_initial_contract_source_mix_by_roster_pool,weight_distribution,58,S,"{""roster_pool"":""active_roster"",""position_group"":""S"",""contract_source_bucket"":""veteran_ufa_multiyear"",""weight"":""0.16"",""notes"":""Normalize after filtering for player age, experience, draft source, and role tier.""}"
nfl_contracts,nfl_initial_contract_source_mix_by_roster_pool.csv,nfl_initial_contract_source_mix_by_roster_pool,weight_distribution,59,S,"{""roster_pool"":""active_roster"",""position_group"":""S"",""contract_source_bucket"":""elite_or_franchise_extension"",""weight"":""0.08"",""notes"":""Normalize after filtering for player age, experience, draft source, and role tier.""}"
nfl_contracts,nfl_initial_contract_source_mix_by_roster_pool.csv,nfl_initial_contract_source_mix_by_roster_pool,weight_distribution,60,S,"{""roster_pool"":""active_roster"",""position_group"":""S"",""contract_source_bucket"":""one_year_prove_it"",""weight"":""0.04"",""notes"":""Normalize after filtering for player age, experience, draft source, and role tier.""}"
nfl_contracts,nfl_initial_contract_source_mix_by_roster_pool.csv,nfl_initial_contract_source_mix_by_roster_pool,weight_distribution,61,SPEC,"{""roster_pool"":""active_roster"",""position_group"":""SPEC"",""contract_source_bucket"":""rookie_contract_remaining"",""weight"":""0.28"",""notes"":""Normalize after filtering for player age, experience, draft source, and role tier.""}"
nfl_contracts,nfl_initial_contract_source_mix_by_roster_pool.csv,nfl_initial_contract_source_mix_by_roster_pool,weight_distribution,62,SPEC,"{""roster_pool"":""active_roster"",""position_group"":""SPEC"",""contract_source_bucket"":""veteran_minimum_or_depth"",""weight"":""0.2"",""notes"":""Normalize after filtering for player age, experience, draft source, and role tier.""}"
nfl_contracts,nfl_initial_contract_source_mix_by_roster_pool.csv,nfl_initial_contract_source_mix_by_roster_pool,weight_distribution,63,SPEC,"{""roster_pool"":""active_roster"",""position_group"":""SPEC"",""contract_source_bucket"":""solid_starter_extension"",""weight"":""0.24"",""notes"":""Normalize after filtering for player age, experience, draft source, and role tier.""}"
nfl_contracts,nfl_initial_contract_source_mix_by_roster_pool.csv,nfl_initial_contract_source_mix_by_roster_pool,weight_distribution,64,SPEC,"{""roster_pool"":""active_roster"",""position_group"":""SPEC"",""contract_source_bucket"":""veteran_ufa_multiyear"",""weight"":""0.16"",""notes"":""Normalize after filtering for player age, experience, draft source, and role tier.""}"
nfl_contracts,nfl_initial_contract_source_mix_by_roster_pool.csv,nfl_initial_contract_source_mix_by_roster_pool,weight_distribution,65,SPEC,"{""roster_pool"":""active_roster"",""position_group"":""SPEC"",""contract_source_bucket"":""elite_or_franchise_extension"",""weight"":""0.08"",""notes"":""Normalize after filtering for player age, experience, draft source, and role tier.""}"
nfl_contracts,nfl_initial_contract_source_mix_by_roster_pool.csv,nfl_initial_contract_source_mix_by_roster_pool,weight_distribution,66,SPEC,"{""roster_pool"":""active_roster"",""position_group"":""SPEC"",""contract_source_bucket"":""one_year_prove_it"",""weight"":""0.04"",""notes"":""Normalize after filtering for player age, experience, draft source, and role tier.""}"
nfl_contracts,nfl_initial_contract_source_mix_by_roster_pool.csv,nfl_initial_contract_source_mix_by_roster_pool,weight_distribution,67,QB,"{""roster_pool"":""practice_squad"",""position_group"":""QB"",""contract_source_bucket"":""practice_squad"",""weight"":""0.86"",""notes"":""Normalize after filtering for player age, experience, draft source, and role tier.""}"
nfl_contracts,nfl_initial_contract_source_mix_by_roster_pool.csv,nfl_initial_contract_source_mix_by_roster_pool,weight_distribution,68,QB,"{""roster_pool"":""practice_squad"",""position_group"":""QB"",""contract_source_bucket"":""reserve_future"",""weight"":""0.08"",""notes"":""Normalize after filtering for player age, experience, draft source, and role tier.""}"
nfl_contracts,nfl_initial_contract_source_mix_by_roster_pool.csv,nfl_initial_contract_source_mix_by_roster_pool,weight_distribution,69,QB,"{""roster_pool"":""practice_squad"",""position_group"":""QB"",""contract_source_bucket"":""udfa"",""weight"":""0.06"",""notes"":""Normalize after filtering for player age, experience, draft source, and role tier.""}"
nfl_contracts,nfl_initial_contract_source_mix_by_roster_pool.csv,nfl_initial_contract_source_mix_by_roster_pool,weight_distribution,70,RB,"{""roster_pool"":""practice_squad"",""position_group"":""RB"",""contract_source_bucket"":""practice_squad"",""weight"":""0.86"",""notes"":""Normalize after filtering for player age, experience, draft source, and role tier.""}"
nfl_contracts,nfl_initial_contract_source_mix_by_roster_pool.csv,nfl_initial_contract_source_mix_by_roster_pool,weight_distribution,71,RB,"{""roster_pool"":""practice_squad"",""position_group"":""RB"",""contract_source_bucket"":""reserve_future"",""weight"":""0.08"",""notes"":""Normalize after filtering for player age, experience, draft source, and role tier.""}"
nfl_contracts,nfl_initial_contract_source_mix_by_roster_pool.csv,nfl_initial_contract_source_mix_by_roster_pool,weight_distribution,72,RB,"{""roster_pool"":""practice_squad"",""position_group"":""RB"",""contract_source_bucket"":""udfa"",""weight"":""0.06"",""notes"":""Normalize after filtering for player age, experience, draft source, and role tier.""}"
nfl_contracts,nfl_initial_contract_source_mix_by_roster_pool.csv,nfl_initial_contract_source_mix_by_roster_pool,weight_distribution,73,WR,"{""roster_pool"":""practice_squad"",""position_group"":""WR"",""contract_source_bucket"":""practice_squad"",""weight"":""0.86"",""notes"":""Normalize after filtering for player age, experience, draft source, and role tier.""}"
nfl_contracts,nfl_initial_contract_source_mix_by_roster_pool.csv,nfl_initial_contract_source_mix_by_roster_pool,weight_distribution,74,WR,"{""roster_pool"":""practice_squad"",""position_group"":""WR"",""contract_source_bucket"":""reserve_future"",""weight"":""0.08"",""notes"":""Normalize after filtering for player age, experience, draft source, and role tier.""}"
nfl_contracts,nfl_initial_contract_source_mix_by_roster_pool.csv,nfl_initial_contract_source_mix_by_roster_pool,weight_distribution,75,WR,"{""roster_pool"":""practice_squad"",""position_group"":""WR"",""contract_source_bucket"":""udfa"",""weight"":""0.06"",""notes"":""Normalize after filtering for player age, experience, draft source, and role tier.""}"
nfl_contracts,nfl_initial_contract_source_mix_by_roster_pool.csv,nfl_initial_contract_source_mix_by_roster_pool,weight_distribution,76,TE,"{""roster_pool"":""practice_squad"",""position_group"":""TE"",""contract_source_bucket"":""practice_squad"",""weight"":""0.86"",""notes"":""Normalize after filtering for player age, experience, draft source, and role tier.""}"
nfl_contracts,nfl_initial_contract_source_mix_by_roster_pool.csv,nfl_initial_contract_source_mix_by_roster_pool,weight_distribution,77,TE,"{""roster_pool"":""practice_squad"",""position_group"":""TE"",""contract_source_bucket"":""reserve_future"",""weight"":""0.08"",""notes"":""Normalize after filtering for player age, experience, draft source, and role tier.""}"
nfl_contracts,nfl_initial_contract_source_mix_by_roster_pool.csv,nfl_initial_contract_source_mix_by_roster_pool,weight_distribution,78,TE,"{""roster_pool"":""practice_squad"",""position_group"":""TE"",""contract_source_bucket"":""udfa"",""weight"":""0.06"",""notes"":""Normalize after filtering for player age, experience, draft source, and role tier.""}"
nfl_contracts,nfl_initial_contract_source_mix_by_roster_pool.csv,nfl_initial_contract_source_mix_by_roster_pool,weight_distribution,79,OL,"{""roster_pool"":""practice_squad"",""position_group"":""OL"",""contract_source_bucket"":""practice_squad"",""weight"":""0.86"",""notes"":""Normalize after filtering for player age, experience, draft source, and role tier.""}"
nfl_contracts,nfl_initial_contract_source_mix_by_roster_pool.csv,nfl_initial_contract_source_mix_by_roster_pool,weight_distribution,80,OL,"{""roster_pool"":""practice_squad"",""position_group"":""OL"",""contract_source_bucket"":""reserve_future"",""weight"":""0.08"",""notes"":""Normalize after filtering for player age, experience, draft source, and role tier.""}"
nfl_contracts,nfl_initial_contract_source_mix_by_roster_pool.csv,nfl_initial_contract_source_mix_by_roster_pool,weight_distribution,81,OL,"{""roster_pool"":""practice_squad"",""position_group"":""OL"",""contract_source_bucket"":""udfa"",""weight"":""0.06"",""notes"":""Normalize after filtering for player age, experience, draft source, and role tier.""}"
nfl_contracts,nfl_initial_contract_source_mix_by_roster_pool.csv,nfl_initial_contract_source_mix_by_roster_pool,weight_distribution,82,EDGE,"{""roster_pool"":""practice_squad"",""position_group"":""EDGE"",""contract_source_bucket"":""practice_squad"",""weight"":""0.86"",""notes"":""Normalize after filtering for player age, experience, draft source, and role tier.""}"
nfl_contracts,nfl_initial_contract_source_mix_by_roster_pool.csv,nfl_initial_contract_source_mix_by_roster_pool,weight_distribution,83,EDGE,"{""roster_pool"":""practice_squad"",""position_group"":""EDGE"",""contract_source_bucket"":""reserve_future"",""weight"":""0.08"",""notes"":""Normalize after filtering for player age, experience, draft source, and role tier.""}"
nfl_contracts,nfl_initial_contract_source_mix_by_roster_pool.csv,nfl_initial_contract_source_mix_by_roster_pool,weight_distribution,84,EDGE,"{""roster_pool"":""practice_squad"",""position_group"":""EDGE"",""contract_source_bucket"":""udfa"",""weight"":""0.06"",""notes"":""Normalize after filtering for player age, experience, draft source, and role tier.""}"
nfl_contracts,nfl_initial_contract_source_mix_by_roster_pool.csv,nfl_initial_contract_source_mix_by_roster_pool,weight_distribution,85,DL,"{""roster_pool"":""practice_squad"",""position_group"":""DL"",""contract_source_bucket"":""practice_squad"",""weight"":""0.86"",""notes"":""Normalize after filtering for player age, experience, draft source, and role tier.""}"
nfl_contracts,nfl_initial_contract_source_mix_by_roster_pool.csv,nfl_initial_contract_source_mix_by_roster_pool,weight_distribution,86,DL,"{""roster_pool"":""practice_squad"",""position_group"":""DL"",""contract_source_bucket"":""reserve_future"",""weight"":""0.08"",""notes"":""Normalize after filtering for player age, experience, draft source, and role tier.""}"
nfl_contracts,nfl_initial_contract_source_mix_by_roster_pool.csv,nfl_initial_contract_source_mix_by_roster_pool,weight_distribution,87,DL,"{""roster_pool"":""practice_squad"",""position_group"":""DL"",""contract_source_bucket"":""udfa"",""weight"":""0.06"",""notes"":""Normalize after filtering for player age, experience, draft source, and role tier.""}"
nfl_contracts,nfl_initial_contract_source_mix_by_roster_pool.csv,nfl_initial_contract_source_mix_by_roster_pool,weight_distribution,88,LB,"{""roster_pool"":""practice_squad"",""position_group"":""LB"",""contract_source_bucket"":""practice_squad"",""weight"":""0.86"",""notes"":""Normalize after filtering for player age, experience, draft source, and role tier.""}"
nfl_contracts,nfl_initial_contract_source_mix_by_roster_pool.csv,nfl_initial_contract_source_mix_by_roster_pool,weight_distribution,89,LB,"{""roster_pool"":""practice_squad"",""position_group"":""LB"",""contract_source_bucket"":""reserve_future"",""weight"":""0.08"",""notes"":""Normalize after filtering for player age, experience, draft source, and role tier.""}"
nfl_contracts,nfl_initial_contract_source_mix_by_roster_pool.csv,nfl_initial_contract_source_mix_by_roster_pool,weight_distribution,90,LB,"{""roster_pool"":""practice_squad"",""position_group"":""LB"",""contract_source_bucket"":""udfa"",""weight"":""0.06"",""notes"":""Normalize after filtering for player age, experience, draft source, and role tier.""}"
nfl_contracts,nfl_initial_contract_source_mix_by_roster_pool.csv,nfl_initial_contract_source_mix_by_roster_pool,weight_distribution,91,CB,"{""roster_pool"":""practice_squad"",""position_group"":""CB"",""contract_source_bucket"":""practice_squad"",""weight"":""0.86"",""notes"":""Normalize after filtering for player age, experience, draft source, and role tier.""}"
nfl_contracts,nfl_initial_contract_source_mix_by_roster_pool.csv,nfl_initial_contract_source_mix_by_roster_pool,weight_distribution,92,CB,"{""roster_pool"":""practice_squad"",""position_group"":""CB"",""contract_source_bucket"":""reserve_future"",""weight"":""0.08"",""notes"":""Normalize after filtering for player age, experience, draft source, and role tier.""}"
nfl_contracts,nfl_initial_contract_source_mix_by_roster_pool.csv,nfl_initial_contract_source_mix_by_roster_pool,weight_distribution,93,CB,"{""roster_pool"":""practice_squad"",""position_group"":""CB"",""contract_source_bucket"":""udfa"",""weight"":""0.06"",""notes"":""Normalize after filtering for player age, experience, draft source, and role tier.""}"
nfl_contracts,nfl_initial_contract_source_mix_by_roster_pool.csv,nfl_initial_contract_source_mix_by_roster_pool,weight_distribution,94,S,"{""roster_pool"":""practice_squad"",""position_group"":""S"",""contract_source_bucket"":""practice_squad"",""weight"":""0.86"",""notes"":""Normalize after filtering for player age, experience, draft source, and role tier.""}"
nfl_contracts,nfl_initial_contract_source_mix_by_roster_pool.csv,nfl_initial_contract_source_mix_by_roster_pool,weight_distribution,95,S,"{""roster_pool"":""practice_squad"",""position_group"":""S"",""contract_source_bucket"":""reserve_future"",""weight"":""0.08"",""notes"":""Normalize after filtering for player age, experience, draft source, and role tier.""}"
nfl_contracts,nfl_initial_contract_source_mix_by_roster_pool.csv,nfl_initial_contract_source_mix_by_roster_pool,weight_distribution,96,S,"{""roster_pool"":""practice_squad"",""position_group"":""S"",""contract_source_bucket"":""udfa"",""weight"":""0.06"",""notes"":""Normalize after filtering for player age, experience, draft source, and role tier.""}"
nfl_contracts,nfl_initial_contract_source_mix_by_roster_pool.csv,nfl_initial_contract_source_mix_by_roster_pool,weight_distribution,97,SPEC,"{""roster_pool"":""practice_squad"",""position_group"":""SPEC"",""contract_source_bucket"":""practice_squad"",""weight"":""0.86"",""notes"":""Normalize after filtering for player age, experience, draft source, and role tier.""}"
nfl_contracts,nfl_initial_contract_source_mix_by_roster_pool.csv,nfl_initial_contract_source_mix_by_roster_pool,weight_distribution,98,SPEC,"{""roster_pool"":""practice_squad"",""position_group"":""SPEC"",""contract_source_bucket"":""reserve_future"",""weight"":""0.08"",""notes"":""Normalize after filtering for player age, experience, draft source, and role tier.""}"
nfl_contracts,nfl_initial_contract_source_mix_by_roster_pool.csv,nfl_initial_contract_source_mix_by_roster_pool,weight_distribution,99,SPEC,"{""roster_pool"":""practice_squad"",""position_group"":""SPEC"",""contract_source_bucket"":""udfa"",""weight"":""0.06"",""notes"":""Normalize after filtering for player age, experience, draft source, and role tier.""}"
nfl_contracts,nfl_initial_contract_source_mix_by_roster_pool.csv,nfl_initial_contract_source_mix_by_roster_pool,weight_distribution,100,QB,"{""roster_pool"":""ir_pup_nfi_stash"",""position_group"":""QB"",""contract_source_bucket"":""existing_active_contract"",""weight"":""0.65"",""notes"":""Normalize after filtering for player age, experience, draft source, and role tier.""}"
nfl_contracts,nfl_initial_contract_source_mix_by_roster_pool.csv,nfl_initial_contract_source_mix_by_roster_pool,weight_distribution,101,QB,"{""roster_pool"":""ir_pup_nfi_stash"",""position_group"":""QB"",""contract_source_bucket"":""veteran_minimum"",""weight"":""0.2"",""notes"":""Normalize after filtering for player age, experience, draft source, and role tier.""}"
nfl_contracts,nfl_initial_contract_source_mix_by_roster_pool.csv,nfl_initial_contract_source_mix_by_roster_pool,weight_distribution,102,QB,"{""roster_pool"":""ir_pup_nfi_stash"",""position_group"":""QB"",""contract_source_bucket"":""rookie_day3"",""weight"":""0.1"",""notes"":""Normalize after filtering for player age, experience, draft source, and role tier.""}"
nfl_contracts,nfl_initial_contract_source_mix_by_roster_pool.csv,nfl_initial_contract_source_mix_by_roster_pool,weight_distribution,103,QB,"{""roster_pool"":""ir_pup_nfi_stash"",""position_group"":""QB"",""contract_source_bucket"":""solid_starter_extension"",""weight"":""0.05"",""notes"":""Normalize after filtering for player age, experience, draft source, and role tier.""}"
nfl_contracts,nfl_initial_contract_source_mix_by_roster_pool.csv,nfl_initial_contract_source_mix_by_roster_pool,weight_distribution,104,RB,"{""roster_pool"":""ir_pup_nfi_stash"",""position_group"":""RB"",""contract_source_bucket"":""existing_active_contract"",""weight"":""0.65"",""notes"":""Normalize after filtering for player age, experience, draft source, and role tier.""}"
nfl_contracts,nfl_initial_contract_source_mix_by_roster_pool.csv,nfl_initial_contract_source_mix_by_roster_pool,weight_distribution,105,RB,"{""roster_pool"":""ir_pup_nfi_stash"",""position_group"":""RB"",""contract_source_bucket"":""veteran_minimum"",""weight"":""0.2"",""notes"":""Normalize after filtering for player age, experience, draft source, and role tier.""}"
nfl_contracts,nfl_initial_contract_source_mix_by_roster_pool.csv,nfl_initial_contract_source_mix_by_roster_pool,weight_distribution,106,RB,"{""roster_pool"":""ir_pup_nfi_stash"",""position_group"":""RB"",""contract_source_bucket"":""rookie_day3"",""weight"":""0.1"",""notes"":""Normalize after filtering for player age, experience, draft source, and role tier.""}"
nfl_contracts,nfl_initial_contract_source_mix_by_roster_pool.csv,nfl_initial_contract_source_mix_by_roster_pool,weight_distribution,107,RB,"{""roster_pool"":""ir_pup_nfi_stash"",""position_group"":""RB"",""contract_source_bucket"":""solid_starter_extension"",""weight"":""0.05"",""notes"":""Normalize after filtering for player age, experience, draft source, and role tier.""}"
nfl_contracts,nfl_initial_contract_source_mix_by_roster_pool.csv,nfl_initial_contract_source_mix_by_roster_pool,weight_distribution,108,WR,"{""roster_pool"":""ir_pup_nfi_stash"",""position_group"":""WR"",""contract_source_bucket"":""existing_active_contract"",""weight"":""0.65"",""notes"":""Normalize after filtering for player age, experience, draft source, and role tier.""}"
nfl_contracts,nfl_initial_contract_source_mix_by_roster_pool.csv,nfl_initial_contract_source_mix_by_roster_pool,weight_distribution,109,WR,"{""roster_pool"":""ir_pup_nfi_stash"",""position_group"":""WR"",""contract_source_bucket"":""veteran_minimum"",""weight"":""0.2"",""notes"":""Normalize after filtering for player age, experience, draft source, and role tier.""}"
nfl_contracts,nfl_initial_contract_source_mix_by_roster_pool.csv,nfl_initial_contract_source_mix_by_roster_pool,weight_distribution,110,WR,"{""roster_pool"":""ir_pup_nfi_stash"",""position_group"":""WR"",""contract_source_bucket"":""rookie_day3"",""weight"":""0.1"",""notes"":""Normalize after filtering for player age, experience, draft source, and role tier.""}"
nfl_contracts,nfl_initial_contract_source_mix_by_roster_pool.csv,nfl_initial_contract_source_mix_by_roster_pool,weight_distribution,111,WR,"{""roster_pool"":""ir_pup_nfi_stash"",""position_group"":""WR"",""contract_source_bucket"":""solid_starter_extension"",""weight"":""0.05"",""notes"":""Normalize after filtering for player age, experience, draft source, and role tier.""}"
nfl_contracts,nfl_initial_contract_source_mix_by_roster_pool.csv,nfl_initial_contract_source_mix_by_roster_pool,weight_distribution,112,TE,"{""roster_pool"":""ir_pup_nfi_stash"",""position_group"":""TE"",""contract_source_bucket"":""existing_active_contract"",""weight"":""0.65"",""notes"":""Normalize after filtering for player age, experience, draft source, and role tier.""}"
nfl_contracts,nfl_initial_contract_source_mix_by_roster_pool.csv,nfl_initial_contract_source_mix_by_roster_pool,weight_distribution,113,TE,"{""roster_pool"":""ir_pup_nfi_stash"",""position_group"":""TE"",""contract_source_bucket"":""veteran_minimum"",""weight"":""0.2"",""notes"":""Normalize after filtering for player age, experience, draft source, and role tier.""}"
nfl_contracts,nfl_initial_contract_source_mix_by_roster_pool.csv,nfl_initial_contract_source_mix_by_roster_pool,weight_distribution,114,TE,"{""roster_pool"":""ir_pup_nfi_stash"",""position_group"":""TE"",""contract_source_bucket"":""rookie_day3"",""weight"":""0.1"",""notes"":""Normalize after filtering for player age, experience, draft source, and role tier.""}"
nfl_contracts,nfl_initial_contract_source_mix_by_roster_pool.csv,nfl_initial_contract_source_mix_by_roster_pool,weight_distribution,115,TE,"{""roster_pool"":""ir_pup_nfi_stash"",""position_group"":""TE"",""contract_source_bucket"":""solid_starter_extension"",""weight"":""0.05"",""notes"":""Normalize after filtering for player age, experience, draft source, and role tier.""}"
nfl_contracts,nfl_initial_contract_source_mix_by_roster_pool.csv,nfl_initial_contract_source_mix_by_roster_pool,weight_distribution,116,OL,"{""roster_pool"":""ir_pup_nfi_stash"",""position_group"":""OL"",""contract_source_bucket"":""existing_active_contract"",""weight"":""0.65"",""notes"":""Normalize after filtering for player age, experience, draft source, and role tier.""}"
nfl_contracts,nfl_initial_contract_source_mix_by_roster_pool.csv,nfl_initial_contract_source_mix_by_roster_pool,weight_distribution,117,OL,"{""roster_pool"":""ir_pup_nfi_stash"",""position_group"":""OL"",""contract_source_bucket"":""veteran_minimum"",""weight"":""0.2"",""notes"":""Normalize after filtering for player age, experience, draft source, and role tier.""}"
nfl_contracts,nfl_initial_contract_source_mix_by_roster_pool.csv,nfl_initial_contract_source_mix_by_roster_pool,weight_distribution,118,OL,"{""roster_pool"":""ir_pup_nfi_stash"",""position_group"":""OL"",""contract_source_bucket"":""rookie_day3"",""weight"":""0.1"",""notes"":""Normalize after filtering for player age, experience, draft source, and role tier.""}"
nfl_contracts,nfl_initial_contract_source_mix_by_roster_pool.csv,nfl_initial_contract_source_mix_by_roster_pool,weight_distribution,119,OL,"{""roster_pool"":""ir_pup_nfi_stash"",""position_group"":""OL"",""contract_source_bucket"":""solid_starter_extension"",""weight"":""0.05"",""notes"":""Normalize after filtering for player age, experience, draft source, and role tier.""}"
nfl_contracts,nfl_initial_contract_source_mix_by_roster_pool.csv,nfl_initial_contract_source_mix_by_roster_pool,weight_distribution,120,EDGE,"{""roster_pool"":""ir_pup_nfi_stash"",""position_group"":""EDGE"",""contract_source_bucket"":""existing_active_contract"",""weight"":""0.65"",""notes"":""Normalize after filtering for player age, experience, draft source, and role tier.""}"
nfl_contracts,nfl_initial_contract_source_mix_by_roster_pool.csv,nfl_initial_contract_source_mix_by_roster_pool,weight_distribution,121,EDGE,"{""roster_pool"":""ir_pup_nfi_stash"",""position_group"":""EDGE"",""contract_source_bucket"":""veteran_minimum"",""weight"":""0.2"",""notes"":""Normalize after filtering for player age, experience, draft source, and role tier.""}"
nfl_contracts,nfl_initial_contract_source_mix_by_roster_pool.csv,nfl_initial_contract_source_mix_by_roster_pool,weight_distribution,122,EDGE,"{""roster_pool"":""ir_pup_nfi_stash"",""position_group"":""EDGE"",""contract_source_bucket"":""rookie_day3"",""weight"":""0.1"",""notes"":""Normalize after filtering for player age, experience, draft source, and role tier.""}"
nfl_contracts,nfl_initial_contract_source_mix_by_roster_pool.csv,nfl_initial_contract_source_mix_by_roster_pool,weight_distribution,123,EDGE,"{""roster_pool"":""ir_pup_nfi_stash"",""position_group"":""EDGE"",""contract_source_bucket"":""solid_starter_extension"",""weight"":""0.05"",""notes"":""Normalize after filtering for player age, experience, draft source, and role tier.""}"
nfl_contracts,nfl_initial_contract_source_mix_by_roster_pool.csv,nfl_initial_contract_source_mix_by_roster_pool,weight_distribution,124,DL,"{""roster_pool"":""ir_pup_nfi_stash"",""position_group"":""DL"",""contract_source_bucket"":""existing_active_contract"",""weight"":""0.65"",""notes"":""Normalize after filtering for player age, experience, draft source, and role tier.""}"
nfl_contracts,nfl_initial_contract_source_mix_by_roster_pool.csv,nfl_initial_contract_source_mix_by_roster_pool,weight_distribution,125,DL,"{""roster_pool"":""ir_pup_nfi_stash"",""position_group"":""DL"",""contract_source_bucket"":""veteran_minimum"",""weight"":""0.2"",""notes"":""Normalize after filtering for player age, experience, draft source, and role tier.""}"
nfl_contracts,nfl_initial_contract_source_mix_by_roster_pool.csv,nfl_initial_contract_source_mix_by_roster_pool,weight_distribution,126,DL,"{""roster_pool"":""ir_pup_nfi_stash"",""position_group"":""DL"",""contract_source_bucket"":""rookie_day3"",""weight"":""0.1"",""notes"":""Normalize after filtering for player age, experience, draft source, and role tier.""}"
nfl_contracts,nfl_initial_contract_source_mix_by_roster_pool.csv,nfl_initial_contract_source_mix_by_roster_pool,weight_distribution,127,DL,"{""roster_pool"":""ir_pup_nfi_stash"",""position_group"":""DL"",""contract_source_bucket"":""solid_starter_extension"",""weight"":""0.05"",""notes"":""Normalize after filtering for player age, experience, draft source, and role tier.""}"
nfl_contracts,nfl_initial_contract_source_mix_by_roster_pool.csv,nfl_initial_contract_source_mix_by_roster_pool,weight_distribution,128,LB,"{""roster_pool"":""ir_pup_nfi_stash"",""position_group"":""LB"",""contract_source_bucket"":""existing_active_contract"",""weight"":""0.65"",""notes"":""Normalize after filtering for player age, experience, draft source, and role tier.""}"
nfl_contracts,nfl_initial_contract_source_mix_by_roster_pool.csv,nfl_initial_contract_source_mix_by_roster_pool,weight_distribution,129,LB,"{""roster_pool"":""ir_pup_nfi_stash"",""position_group"":""LB"",""contract_source_bucket"":""veteran_minimum"",""weight"":""0.2"",""notes"":""Normalize after filtering for player age, experience, draft source, and role tier.""}"
nfl_contracts,nfl_initial_contract_source_mix_by_roster_pool.csv,nfl_initial_contract_source_mix_by_roster_pool,weight_distribution,130,LB,"{""roster_pool"":""ir_pup_nfi_stash"",""position_group"":""LB"",""contract_source_bucket"":""rookie_day3"",""weight"":""0.1"",""notes"":""Normalize after filtering for player age, experience, draft source, and role tier.""}"
nfl_contracts,nfl_initial_contract_source_mix_by_roster_pool.csv,nfl_initial_contract_source_mix_by_roster_pool,weight_distribution,131,LB,"{""roster_pool"":""ir_pup_nfi_stash"",""position_group"":""LB"",""contract_source_bucket"":""solid_starter_extension"",""weight"":""0.05"",""notes"":""Normalize after filtering for player age, experience, draft source, and role tier.""}"
nfl_contracts,nfl_initial_contract_source_mix_by_roster_pool.csv,nfl_initial_contract_source_mix_by_roster_pool,weight_distribution,132,CB,"{""roster_pool"":""ir_pup_nfi_stash"",""position_group"":""CB"",""contract_source_bucket"":""existing_active_contract"",""weight"":""0.65"",""notes"":""Normalize after filtering for player age, experience, draft source, and role tier.""}"
nfl_contracts,nfl_initial_contract_source_mix_by_roster_pool.csv,nfl_initial_contract_source_mix_by_roster_pool,weight_distribution,133,CB,"{""roster_pool"":""ir_pup_nfi_stash"",""position_group"":""CB"",""contract_source_bucket"":""veteran_minimum"",""weight"":""0.2"",""notes"":""Normalize after filtering for player age, experience, draft source, and role tier.""}"
nfl_contracts,nfl_initial_contract_source_mix_by_roster_pool.csv,nfl_initial_contract_source_mix_by_roster_pool,weight_distribution,134,CB,"{""roster_pool"":""ir_pup_nfi_stash"",""position_group"":""CB"",""contract_source_bucket"":""rookie_day3"",""weight"":""0.1"",""notes"":""Normalize after filtering for player age, experience, draft source, and role tier.""}"
nfl_contracts,nfl_initial_contract_source_mix_by_roster_pool.csv,nfl_initial_contract_source_mix_by_roster_pool,weight_distribution,135,CB,"{""roster_pool"":""ir_pup_nfi_stash"",""position_group"":""CB"",""contract_source_bucket"":""solid_starter_extension"",""weight"":""0.05"",""notes"":""Normalize after filtering for player age, experience, draft source, and role tier.""}"
nfl_contracts,nfl_initial_contract_source_mix_by_roster_pool.csv,nfl_initial_contract_source_mix_by_roster_pool,weight_distribution,136,S,"{""roster_pool"":""ir_pup_nfi_stash"",""position_group"":""S"",""contract_source_bucket"":""existing_active_contract"",""weight"":""0.65"",""notes"":""Normalize after filtering for player age, experience, draft source, and role tier.""}"
nfl_contracts,nfl_initial_contract_source_mix_by_roster_pool.csv,nfl_initial_contract_source_mix_by_roster_pool,weight_distribution,137,S,"{""roster_pool"":""ir_pup_nfi_stash"",""position_group"":""S"",""contract_source_bucket"":""veteran_minimum"",""weight"":""0.2"",""notes"":""Normalize after filtering for player age, experience, draft source, and role tier.""}"
nfl_contracts,nfl_initial_contract_source_mix_by_roster_pool.csv,nfl_initial_contract_source_mix_by_roster_pool,weight_distribution,138,S,"{""roster_pool"":""ir_pup_nfi_stash"",""position_group"":""S"",""contract_source_bucket"":""rookie_day3"",""weight"":""0.1"",""notes"":""Normalize after filtering for player age, experience, draft source, and role tier.""}"
nfl_contracts,nfl_initial_contract_source_mix_by_roster_pool.csv,nfl_initial_contract_source_mix_by_roster_pool,weight_distribution,139,S,"{""roster_pool"":""ir_pup_nfi_stash"",""position_group"":""S"",""contract_source_bucket"":""solid_starter_extension"",""weight"":""0.05"",""notes"":""Normalize after filtering for player age, experience, draft source, and role tier.""}"
nfl_contracts,nfl_initial_contract_source_mix_by_roster_pool.csv,nfl_initial_contract_source_mix_by_roster_pool,weight_distribution,140,SPEC,"{""roster_pool"":""ir_pup_nfi_stash"",""position_group"":""SPEC"",""contract_source_bucket"":""existing_active_contract"",""weight"":""0.65"",""notes"":""Normalize after filtering for player age, experience, draft source, and role tier.""}"
nfl_contracts,nfl_initial_contract_source_mix_by_roster_pool.csv,nfl_initial_contract_source_mix_by_roster_pool,weight_distribution,141,SPEC,"{""roster_pool"":""ir_pup_nfi_stash"",""position_group"":""SPEC"",""contract_source_bucket"":""veteran_minimum"",""weight"":""0.2"",""notes"":""Normalize after filtering for player age, experience, draft source, and role tier.""}"
nfl_contracts,nfl_initial_contract_source_mix_by_roster_pool.csv,nfl_initial_contract_source_mix_by_roster_pool,weight_distribution,142,SPEC,"{""roster_pool"":""ir_pup_nfi_stash"",""position_group"":""SPEC"",""contract_source_bucket"":""rookie_day3"",""weight"":""0.1"",""notes"":""Normalize after filtering for player age, experience, draft source, and role tier.""}"
nfl_contracts,nfl_initial_contract_source_mix_by_roster_pool.csv,nfl_initial_contract_source_mix_by_roster_pool,weight_distribution,143,SPEC,"{""roster_pool"":""ir_pup_nfi_stash"",""position_group"":""SPEC"",""contract_source_bucket"":""solid_starter_extension"",""weight"":""0.05"",""notes"":""Normalize after filtering for player age, experience, draft source, and role tier.""}"
nfl_contracts,nfl_initial_contract_source_mix_by_roster_pool.csv,nfl_initial_contract_source_mix_by_roster_pool,weight_distribution,144,QB,"{""roster_pool"":""free_agent_pool"",""position_group"":""QB"",""contract_source_bucket"":""veteran_minimum"",""weight"":""0.35"",""notes"":""Normalize after filtering for player age, experience, draft source, and role tier.""}"
nfl_contracts,nfl_initial_contract_source_mix_by_roster_pool.csv,nfl_initial_contract_source_mix_by_roster_pool,weight_distribution,145,QB,"{""roster_pool"":""free_agent_pool"",""position_group"":""QB"",""contract_source_bucket"":""one_year_prove_it"",""weight"":""0.3"",""notes"":""Normalize after filtering for player age, experience, draft source, and role tier.""}"
nfl_contracts,nfl_initial_contract_source_mix_by_roster_pool.csv,nfl_initial_contract_source_mix_by_roster_pool,weight_distribution,146,QB,"{""roster_pool"":""free_agent_pool"",""position_group"":""QB"",""contract_source_bucket"":""veteran_ufa_multiyear"",""weight"":""0.2"",""notes"":""Normalize after filtering for player age, experience, draft source, and role tier.""}"
nfl_contracts,nfl_initial_contract_source_mix_by_roster_pool.csv,nfl_initial_contract_source_mix_by_roster_pool,weight_distribution,147,QB,"{""roster_pool"":""free_agent_pool"",""position_group"":""QB"",""contract_source_bucket"":""cap_casualty_history"",""weight"":""0.1"",""notes"":""Normalize after filtering for player age, experience, draft source, and role tier.""}"
nfl_contracts,nfl_initial_contract_source_mix_by_roster_pool.csv,nfl_initial_contract_source_mix_by_roster_pool,weight_distribution,148,QB,"{""roster_pool"":""free_agent_pool"",""position_group"":""QB"",""contract_source_bucket"":""udfa"",""weight"":""0.05"",""notes"":""Normalize after filtering for player age, experience, draft source, and role tier.""}"
nfl_contracts,nfl_initial_contract_source_mix_by_roster_pool.csv,nfl_initial_contract_source_mix_by_roster_pool,weight_distribution,149,RB,"{""roster_pool"":""free_agent_pool"",""position_group"":""RB"",""contract_source_bucket"":""veteran_minimum"",""weight"":""0.35"",""notes"":""Normalize after filtering for player age, experience, draft source, and role tier.""}"
nfl_contracts,nfl_initial_contract_source_mix_by_roster_pool.csv,nfl_initial_contract_source_mix_by_roster_pool,weight_distribution,150,RB,"{""roster_pool"":""free_agent_pool"",""position_group"":""RB"",""contract_source_bucket"":""one_year_prove_it"",""weight"":""0.3"",""notes"":""Normalize after filtering for player age, experience, draft source, and role tier.""}"
nfl_contracts,nfl_initial_contract_source_mix_by_roster_pool.csv,nfl_initial_contract_source_mix_by_roster_pool,weight_distribution,151,RB,"{""roster_pool"":""free_agent_pool"",""position_group"":""RB"",""contract_source_bucket"":""veteran_ufa_multiyear"",""weight"":""0.2"",""notes"":""Normalize after filtering for player age, experience, draft source, and role tier.""}"
nfl_contracts,nfl_initial_contract_source_mix_by_roster_pool.csv,nfl_initial_contract_source_mix_by_roster_pool,weight_distribution,152,RB,"{""roster_pool"":""free_agent_pool"",""position_group"":""RB"",""contract_source_bucket"":""cap_casualty_history"",""weight"":""0.1"",""notes"":""Normalize after filtering for player age, experience, draft source, and role tier.""}"
nfl_contracts,nfl_initial_contract_source_mix_by_roster_pool.csv,nfl_initial_contract_source_mix_by_roster_pool,weight_distribution,153,RB,"{""roster_pool"":""free_agent_pool"",""position_group"":""RB"",""contract_source_bucket"":""udfa"",""weight"":""0.05"",""notes"":""Normalize after filtering for player age, experience, draft source, and role tier.""}"
nfl_contracts,nfl_initial_contract_source_mix_by_roster_pool.csv,nfl_initial_contract_source_mix_by_roster_pool,weight_distribution,154,WR,"{""roster_pool"":""free_agent_pool"",""position_group"":""WR"",""contract_source_bucket"":""veteran_minimum"",""weight"":""0.35"",""notes"":""Normalize after filtering for player age, experience, draft source, and role tier.""}"
nfl_contracts,nfl_initial_contract_source_mix_by_roster_pool.csv,nfl_initial_contract_source_mix_by_roster_pool,weight_distribution,155,WR,"{""roster_pool"":""free_agent_pool"",""position_group"":""WR"",""contract_source_bucket"":""one_year_prove_it"",""weight"":""0.3"",""notes"":""Normalize after filtering for player age, experience, draft source, and role tier.""}"
nfl_contracts,nfl_initial_contract_source_mix_by_roster_pool.csv,nfl_initial_contract_source_mix_by_roster_pool,weight_distribution,156,WR,"{""roster_pool"":""free_agent_pool"",""position_group"":""WR"",""contract_source_bucket"":""veteran_ufa_multiyear"",""weight"":""0.2"",""notes"":""Normalize after filtering for player age, experience, draft source, and role tier.""}"
nfl_contracts,nfl_initial_contract_source_mix_by_roster_pool.csv,nfl_initial_contract_source_mix_by_roster_pool,weight_distribution,157,WR,"{""roster_pool"":""free_agent_pool"",""position_group"":""WR"",""contract_source_bucket"":""cap_casualty_history"",""weight"":""0.1"",""notes"":""Normalize after filtering for player age, experience, draft source, and role tier.""}"
nfl_contracts,nfl_initial_contract_source_mix_by_roster_pool.csv,nfl_initial_contract_source_mix_by_roster_pool,weight_distribution,158,WR,"{""roster_pool"":""free_agent_pool"",""position_group"":""WR"",""contract_source_bucket"":""udfa"",""weight"":""0.05"",""notes"":""Normalize after filtering for player age, experience, draft source, and role tier.""}"
nfl_contracts,nfl_initial_contract_source_mix_by_roster_pool.csv,nfl_initial_contract_source_mix_by_roster_pool,weight_distribution,159,TE,"{""roster_pool"":""free_agent_pool"",""position_group"":""TE"",""contract_source_bucket"":""veteran_minimum"",""weight"":""0.35"",""notes"":""Normalize after filtering for player age, experience, draft source, and role tier.""}"
nfl_contracts,nfl_initial_contract_source_mix_by_roster_pool.csv,nfl_initial_contract_source_mix_by_roster_pool,weight_distribution,160,TE,"{""roster_pool"":""free_agent_pool"",""position_group"":""TE"",""contract_source_bucket"":""one_year_prove_it"",""weight"":""0.3"",""notes"":""Normalize after filtering for player age, experience, draft source, and role tier.""}"
nfl_contracts,nfl_initial_contract_source_mix_by_roster_pool.csv,nfl_initial_contract_source_mix_by_roster_pool,weight_distribution,161,TE,"{""roster_pool"":""free_agent_pool"",""position_group"":""TE"",""contract_source_bucket"":""veteran_ufa_multiyear"",""weight"":""0.2"",""notes"":""Normalize after filtering for player age, experience, draft source, and role tier.""}"
nfl_contracts,nfl_initial_contract_source_mix_by_roster_pool.csv,nfl_initial_contract_source_mix_by_roster_pool,weight_distribution,162,TE,"{""roster_pool"":""free_agent_pool"",""position_group"":""TE"",""contract_source_bucket"":""cap_casualty_history"",""weight"":""0.1"",""notes"":""Normalize after filtering for player age, experience, draft source, and role tier.""}"
nfl_contracts,nfl_initial_contract_source_mix_by_roster_pool.csv,nfl_initial_contract_source_mix_by_roster_pool,weight_distribution,163,TE,"{""roster_pool"":""free_agent_pool"",""position_group"":""TE"",""contract_source_bucket"":""udfa"",""weight"":""0.05"",""notes"":""Normalize after filtering for player age, experience, draft source, and role tier.""}"
nfl_contracts,nfl_initial_contract_source_mix_by_roster_pool.csv,nfl_initial_contract_source_mix_by_roster_pool,weight_distribution,164,OL,"{""roster_pool"":""free_agent_pool"",""position_group"":""OL"",""contract_source_bucket"":""veteran_minimum"",""weight"":""0.35"",""notes"":""Normalize after filtering for player age, experience, draft source, and role tier.""}"
nfl_contracts,nfl_initial_contract_source_mix_by_roster_pool.csv,nfl_initial_contract_source_mix_by_roster_pool,weight_distribution,165,OL,"{""roster_pool"":""free_agent_pool"",""position_group"":""OL"",""contract_source_bucket"":""one_year_prove_it"",""weight"":""0.3"",""notes"":""Normalize after filtering for player age, experience, draft source, and role tier.""}"
nfl_contracts,nfl_initial_contract_source_mix_by_roster_pool.csv,nfl_initial_contract_source_mix_by_roster_pool,weight_distribution,166,OL,"{""roster_pool"":""free_agent_pool"",""position_group"":""OL"",""contract_source_bucket"":""veteran_ufa_multiyear"",""weight"":""0.2"",""notes"":""Normalize after filtering for player age, experience, draft source, and role tier.""}"
nfl_contracts,nfl_initial_contract_source_mix_by_roster_pool.csv,nfl_initial_contract_source_mix_by_roster_pool,weight_distribution,167,OL,"{""roster_pool"":""free_agent_pool"",""position_group"":""OL"",""contract_source_bucket"":""cap_casualty_history"",""weight"":""0.1"",""notes"":""Normalize after filtering for player age, experience, draft source, and role tier.""}"
nfl_contracts,nfl_initial_contract_source_mix_by_roster_pool.csv,nfl_initial_contract_source_mix_by_roster_pool,weight_distribution,168,OL,"{""roster_pool"":""free_agent_pool"",""position_group"":""OL"",""contract_source_bucket"":""udfa"",""weight"":""0.05"",""notes"":""Normalize after filtering for player age, experience, draft source, and role tier.""}"
nfl_contracts,nfl_initial_contract_source_mix_by_roster_pool.csv,nfl_initial_contract_source_mix_by_roster_pool,weight_distribution,169,EDGE,"{""roster_pool"":""free_agent_pool"",""position_group"":""EDGE"",""contract_source_bucket"":""veteran_minimum"",""weight"":""0.35"",""notes"":""Normalize after filtering for player age, experience, draft source, and role tier.""}"
nfl_contracts,nfl_initial_contract_source_mix_by_roster_pool.csv,nfl_initial_contract_source_mix_by_roster_pool,weight_distribution,170,EDGE,"{""roster_pool"":""free_agent_pool"",""position_group"":""EDGE"",""contract_source_bucket"":""one_year_prove_it"",""weight"":""0.3"",""notes"":""Normalize after filtering for player age, experience, draft source, and role tier.""}"
nfl_contracts,nfl_initial_contract_source_mix_by_roster_pool.csv,nfl_initial_contract_source_mix_by_roster_pool,weight_distribution,171,EDGE,"{""roster_pool"":""free_agent_pool"",""position_group"":""EDGE"",""contract_source_bucket"":""veteran_ufa_multiyear"",""weight"":""0.2"",""notes"":""Normalize after filtering for player age, experience, draft source, and role tier.""}"
nfl_contracts,nfl_initial_contract_source_mix_by_roster_pool.csv,nfl_initial_contract_source_mix_by_roster_pool,weight_distribution,172,EDGE,"{""roster_pool"":""free_agent_pool"",""position_group"":""EDGE"",""contract_source_bucket"":""cap_casualty_history"",""weight"":""0.1"",""notes"":""Normalize after filtering for player age, experience, draft source, and role tier.""}"
nfl_contracts,nfl_initial_contract_source_mix_by_roster_pool.csv,nfl_initial_contract_source_mix_by_roster_pool,weight_distribution,173,EDGE,"{""roster_pool"":""free_agent_pool"",""position_group"":""EDGE"",""contract_source_bucket"":""udfa"",""weight"":""0.05"",""notes"":""Normalize after filtering for player age, experience, draft source, and role tier.""}"
nfl_contracts,nfl_initial_contract_source_mix_by_roster_pool.csv,nfl_initial_contract_source_mix_by_roster_pool,weight_distribution,174,DL,"{""roster_pool"":""free_agent_pool"",""position_group"":""DL"",""contract_source_bucket"":""veteran_minimum"",""weight"":""0.35"",""notes"":""Normalize after filtering for player age, experience, draft source, and role tier.""}"
nfl_contracts,nfl_initial_contract_source_mix_by_roster_pool.csv,nfl_initial_contract_source_mix_by_roster_pool,weight_distribution,175,DL,"{""roster_pool"":""free_agent_pool"",""position_group"":""DL"",""contract_source_bucket"":""one_year_prove_it"",""weight"":""0.3"",""notes"":""Normalize after filtering for player age, experience, draft source, and role tier.""}"
nfl_contracts,nfl_initial_contract_source_mix_by_roster_pool.csv,nfl_initial_contract_source_mix_by_roster_pool,weight_distribution,176,DL,"{""roster_pool"":""free_agent_pool"",""position_group"":""DL"",""contract_source_bucket"":""veteran_ufa_multiyear"",""weight"":""0.2"",""notes"":""Normalize after filtering for player age, experience, draft source, and role tier.""}"
nfl_contracts,nfl_initial_contract_source_mix_by_roster_pool.csv,nfl_initial_contract_source_mix_by_roster_pool,weight_distribution,177,DL,"{""roster_pool"":""free_agent_pool"",""position_group"":""DL"",""contract_source_bucket"":""cap_casualty_history"",""weight"":""0.1"",""notes"":""Normalize after filtering for player age, experience, draft source, and role tier.""}"
nfl_contracts,nfl_initial_contract_source_mix_by_roster_pool.csv,nfl_initial_contract_source_mix_by_roster_pool,weight_distribution,178,DL,"{""roster_pool"":""free_agent_pool"",""position_group"":""DL"",""contract_source_bucket"":""udfa"",""weight"":""0.05"",""notes"":""Normalize after filtering for player age, experience, draft source, and role tier.""}"
nfl_contracts,nfl_initial_contract_source_mix_by_roster_pool.csv,nfl_initial_contract_source_mix_by_roster_pool,weight_distribution,179,LB,"{""roster_pool"":""free_agent_pool"",""position_group"":""LB"",""contract_source_bucket"":""veteran_minimum"",""weight"":""0.35"",""notes"":""Normalize after filtering for player age, experience, draft source, and role tier.""}"
nfl_contracts,nfl_initial_contract_source_mix_by_roster_pool.csv,nfl_initial_contract_source_mix_by_roster_pool,weight_distribution,180,LB,"{""roster_pool"":""free_agent_pool"",""position_group"":""LB"",""contract_source_bucket"":""one_year_prove_it"",""weight"":""0.3"",""notes"":""Normalize after filtering for player age, experience, draft source, and role tier.""}"
nfl_contracts,nfl_initial_contract_source_mix_by_roster_pool.csv,nfl_initial_contract_source_mix_by_roster_pool,weight_distribution,181,LB,"{""roster_pool"":""free_agent_pool"",""position_group"":""LB"",""contract_source_bucket"":""veteran_ufa_multiyear"",""weight"":""0.2"",""notes"":""Normalize after filtering for player age, experience, draft source, and role tier.""}"
nfl_contracts,nfl_initial_contract_source_mix_by_roster_pool.csv,nfl_initial_contract_source_mix_by_roster_pool,weight_distribution,182,LB,"{""roster_pool"":""free_agent_pool"",""position_group"":""LB"",""contract_source_bucket"":""cap_casualty_history"",""weight"":""0.1"",""notes"":""Normalize after filtering for player age, experience, draft source, and role tier.""}"
nfl_contracts,nfl_initial_contract_source_mix_by_roster_pool.csv,nfl_initial_contract_source_mix_by_roster_pool,weight_distribution,183,LB,"{""roster_pool"":""free_agent_pool"",""position_group"":""LB"",""contract_source_bucket"":""udfa"",""weight"":""0.05"",""notes"":""Normalize after filtering for player age, experience, draft source, and role tier.""}"
nfl_contracts,nfl_initial_contract_source_mix_by_roster_pool.csv,nfl_initial_contract_source_mix_by_roster_pool,weight_distribution,184,CB,"{""roster_pool"":""free_agent_pool"",""position_group"":""CB"",""contract_source_bucket"":""veteran_minimum"",""weight"":""0.35"",""notes"":""Normalize after filtering for player age, experience, draft source, and role tier.""}"
nfl_contracts,nfl_initial_contract_source_mix_by_roster_pool.csv,nfl_initial_contract_source_mix_by_roster_pool,weight_distribution,185,CB,"{""roster_pool"":""free_agent_pool"",""position_group"":""CB"",""contract_source_bucket"":""one_year_prove_it"",""weight"":""0.3"",""notes"":""Normalize after filtering for player age, experience, draft source, and role tier.""}"
nfl_contracts,nfl_initial_contract_source_mix_by_roster_pool.csv,nfl_initial_contract_source_mix_by_roster_pool,weight_distribution,186,CB,"{""roster_pool"":""free_agent_pool"",""position_group"":""CB"",""contract_source_bucket"":""veteran_ufa_multiyear"",""weight"":""0.2"",""notes"":""Normalize after filtering for player age, experience, draft source, and role tier.""}"
nfl_contracts,nfl_initial_contract_source_mix_by_roster_pool.csv,nfl_initial_contract_source_mix_by_roster_pool,weight_distribution,187,CB,"{""roster_pool"":""free_agent_pool"",""position_group"":""CB"",""contract_source_bucket"":""cap_casualty_history"",""weight"":""0.1"",""notes"":""Normalize after filtering for player age, experience, draft source, and role tier.""}"
nfl_contracts,nfl_initial_contract_source_mix_by_roster_pool.csv,nfl_initial_contract_source_mix_by_roster_pool,weight_distribution,188,CB,"{""roster_pool"":""free_agent_pool"",""position_group"":""CB"",""contract_source_bucket"":""udfa"",""weight"":""0.05"",""notes"":""Normalize after filtering for player age, experience, draft source, and role tier.""}"
nfl_contracts,nfl_initial_contract_source_mix_by_roster_pool.csv,nfl_initial_contract_source_mix_by_roster_pool,weight_distribution,189,S,"{""roster_pool"":""free_agent_pool"",""position_group"":""S"",""contract_source_bucket"":""veteran_minimum"",""weight"":""0.35"",""notes"":""Normalize after filtering for player age, experience, draft source, and role tier.""}"
nfl_contracts,nfl_initial_contract_source_mix_by_roster_pool.csv,nfl_initial_contract_source_mix_by_roster_pool,weight_distribution,190,S,"{""roster_pool"":""free_agent_pool"",""position_group"":""S"",""contract_source_bucket"":""one_year_prove_it"",""weight"":""0.3"",""notes"":""Normalize after filtering for player age, experience, draft source, and role tier.""}"
nfl_contracts,nfl_initial_contract_source_mix_by_roster_pool.csv,nfl_initial_contract_source_mix_by_roster_pool,weight_distribution,191,S,"{""roster_pool"":""free_agent_pool"",""position_group"":""S"",""contract_source_bucket"":""veteran_ufa_multiyear"",""weight"":""0.2"",""notes"":""Normalize after filtering for player age, experience, draft source, and role tier.""}"
nfl_contracts,nfl_initial_contract_source_mix_by_roster_pool.csv,nfl_initial_contract_source_mix_by_roster_pool,weight_distribution,192,S,"{""roster_pool"":""free_agent_pool"",""position_group"":""S"",""contract_source_bucket"":""cap_casualty_history"",""weight"":""0.1"",""notes"":""Normalize after filtering for player age, experience, draft source, and role tier.""}"
nfl_contracts,nfl_initial_contract_source_mix_by_roster_pool.csv,nfl_initial_contract_source_mix_by_roster_pool,weight_distribution,193,S,"{""roster_pool"":""free_agent_pool"",""position_group"":""S"",""contract_source_bucket"":""udfa"",""weight"":""0.05"",""notes"":""Normalize after filtering for player age, experience, draft source, and role tier.""}"
nfl_contracts,nfl_initial_contract_source_mix_by_roster_pool.csv,nfl_initial_contract_source_mix_by_roster_pool,weight_distribution,194,SPEC,"{""roster_pool"":""free_agent_pool"",""position_group"":""SPEC"",""contract_source_bucket"":""veteran_minimum"",""weight"":""0.35"",""notes"":""Normalize after filtering for player age, experience, draft source, and role tier.""}"
nfl_contracts,nfl_initial_contract_source_mix_by_roster_pool.csv,nfl_initial_contract_source_mix_by_roster_pool,weight_distribution,195,SPEC,"{""roster_pool"":""free_agent_pool"",""position_group"":""SPEC"",""contract_source_bucket"":""one_year_prove_it"",""weight"":""0.3"",""notes"":""Normalize after filtering for player age, experience, draft source, and role tier.""}"
nfl_contracts,nfl_initial_contract_source_mix_by_roster_pool.csv,nfl_initial_contract_source_mix_by_roster_pool,weight_distribution,196,SPEC,"{""roster_pool"":""free_agent_pool"",""position_group"":""SPEC"",""contract_source_bucket"":""veteran_ufa_multiyear"",""weight"":""0.2"",""notes"":""Normalize after filtering for player age, experience, draft source, and role tier.""}"
nfl_contracts,nfl_initial_contract_source_mix_by_roster_pool.csv,nfl_initial_contract_source_mix_by_roster_pool,weight_distribution,197,SPEC,"{""roster_pool"":""free_agent_pool"",""position_group"":""SPEC"",""contract_source_bucket"":""cap_casualty_history"",""weight"":""0.1"",""notes"":""Normalize after filtering for player age, experience, draft source, and role tier.""}"
nfl_contracts,nfl_initial_contract_source_mix_by_roster_pool.csv,nfl_initial_contract_source_mix_by_roster_pool,weight_distribution,198,SPEC,"{""roster_pool"":""free_agent_pool"",""position_group"":""SPEC"",""contract_source_bucket"":""udfa"",""weight"":""0.05"",""notes"":""Normalize after filtering for player age, experience, draft source, and role tier.""}"
nfl_contracts,nfl_initial_team_cap_health_targets.csv,nfl_initial_team_cap_health_targets,target,1,nfl_initial_team_cap_health_targets:1,"{""team_cap_profile"":""rebuild_high_space"",""target_cap_room_pct_min"":""0.18"",""target_cap_room_pct_max"":""0.32"",""target_top51_payroll_pct_min"":""0.58"",""target_top51_payroll_pct_max"":""0.78"",""dead_money_pct_min"":""0.0"",""dead_money_pct_max"":""0.08"",""restructure_pressure"":""low"",""notes"":""Year Zero team cap health should match team scenario and roster strength. Do not let every team start clean.""}"
nfl_contracts,nfl_initial_team_cap_health_targets.csv,nfl_initial_team_cap_health_targets,target,2,nfl_initial_team_cap_health_targets:2,"{""team_cap_profile"":""balanced"",""target_cap_room_pct_min"":""0.08"",""target_cap_room_pct_max"":""0.18"",""target_top51_payroll_pct_min"":""0.72"",""target_top51_payroll_pct_max"":""0.88"",""dead_money_pct_min"":""0.02"",""dead_money_pct_max"":""0.1"",""restructure_pressure"":""medium"",""notes"":""Year Zero team cap health should match team scenario and roster strength. Do not let every team start clean.""}"
nfl_contracts,nfl_initial_team_cap_health_targets.csv,nfl_initial_team_cap_health_targets,target,3,nfl_initial_team_cap_health_targets:3,"{""team_cap_profile"":""win_now_tight"",""target_cap_room_pct_min"":""0.0"",""target_cap_room_pct_max"":""0.08"",""target_top51_payroll_pct_min"":""0.84"",""target_top51_payroll_pct_max"":""0.98"",""dead_money_pct_min"":""0.05"",""dead_money_pct_max"":""0.16"",""restructure_pressure"":""high"",""notes"":""Year Zero team cap health should match team scenario and roster strength. Do not let every team start clean.""}"
nfl_contracts,nfl_initial_team_cap_health_targets.csv,nfl_initial_team_cap_health_targets,target,4,nfl_initial_team_cap_health_targets:4,"{""team_cap_profile"":""cap_stressed"",""target_cap_room_pct_min"":""-0.02"",""target_cap_room_pct_max"":""0.04"",""target_top51_payroll_pct_min"":""0.94"",""target_top51_payroll_pct_max"":""1.03"",""dead_money_pct_min"":""0.1"",""dead_money_pct_max"":""0.24"",""restructure_pressure"":""high"",""notes"":""Year Zero team cap health should match team scenario and roster strength. Do not let every team start clean.""}"
