domain,source_file,source_table,record_category,source_row,row_key,payload_json
nfl_practice_squad,nfl_practice_squad_age_experience_by_quality.csv,nfl_practice_squad_age_experience_by_quality,runtime_tuning,1,nfl_practice_squad_age_experience_by_quality:1,"{""quality_tier"":""ps_premium_stash"",""age_min"":""21"",""age_max"":""23"",""experience_min"":""0"",""experience_max"":""1"",""weight"":""0.32""}"
nfl_practice_squad,nfl_practice_squad_age_experience_by_quality.csv,nfl_practice_squad_age_experience_by_quality,runtime_tuning,2,nfl_practice_squad_age_experience_by_quality:2,"{""quality_tier"":""ps_premium_stash"",""age_min"":""23"",""age_max"":""25"",""experience_min"":""1"",""experience_max"":""2"",""weight"":""0.38""}"
nfl_practice_squad,nfl_practice_squad_age_experience_by_quality.csv,nfl_practice_squad_age_experience_by_quality,runtime_tuning,3,nfl_practice_squad_age_experience_by_quality:3,"{""quality_tier"":""ps_premium_stash"",""age_min"":""25"",""age_max"":""28"",""experience_min"":""2"",""experience_max"":""4"",""weight"":""0.2""}"
nfl_practice_squad,nfl_practice_squad_age_experience_by_quality.csv,nfl_practice_squad_age_experience_by_quality,runtime_tuning,4,nfl_practice_squad_age_experience_by_quality:4,"{""quality_tier"":""ps_premium_stash"",""age_min"":""29"",""age_max"":""33"",""experience_min"":""5"",""experience_max"":""10"",""weight"":""0.1""}"
nfl_practice_squad,nfl_practice_squad_age_experience_by_quality.csv,nfl_practice_squad_age_experience_by_quality,runtime_tuning,5,nfl_practice_squad_age_experience_by_quality:5,"{""quality_tier"":""ps_game_day_depth"",""age_min"":""21"",""age_max"":""24"",""experience_min"":""0"",""experience_max"":""1"",""weight"":""0.26""}"
nfl_practice_squad,nfl_practice_squad_age_experience_by_quality.csv,nfl_practice_squad_age_experience_by_quality,runtime_tuning,6,nfl_practice_squad_age_experience_by_quality:6,"{""quality_tier"":""ps_game_day_depth"",""age_min"":""24"",""age_max"":""27"",""experience_min"":""1"",""experience_max"":""3"",""weight"":""0.34""}"
nfl_practice_squad,nfl_practice_squad_age_experience_by_quality.csv,nfl_practice_squad_age_experience_by_quality,runtime_tuning,7,nfl_practice_squad_age_experience_by_quality:7,"{""quality_tier"":""ps_game_day_depth"",""age_min"":""27"",""age_max"":""31"",""experience_min"":""3"",""experience_max"":""6"",""weight"":""0.26""}"
nfl_practice_squad,nfl_practice_squad_age_experience_by_quality.csv,nfl_practice_squad_age_experience_by_quality,runtime_tuning,8,nfl_practice_squad_age_experience_by_quality:8,"{""quality_tier"":""ps_game_day_depth"",""age_min"":""31"",""age_max"":""34"",""experience_min"":""6"",""experience_max"":""11"",""weight"":""0.14""}"
nfl_practice_squad,nfl_practice_squad_age_experience_by_quality.csv,nfl_practice_squad_age_experience_by_quality,runtime_tuning,9,nfl_practice_squad_age_experience_by_quality:9,"{""quality_tier"":""ps_developmental_upside"",""age_min"":""21"",""age_max"":""23"",""experience_min"":""0"",""experience_max"":""1"",""weight"":""0.48""}"
nfl_practice_squad,nfl_practice_squad_age_experience_by_quality.csv,nfl_practice_squad_age_experience_by_quality,runtime_tuning,10,nfl_practice_squad_age_experience_by_quality:10,"{""quality_tier"":""ps_developmental_upside"",""age_min"":""23"",""age_max"":""25"",""experience_min"":""0"",""experience_max"":""2"",""weight"":""0.34""}"
nfl_practice_squad,nfl_practice_squad_age_experience_by_quality.csv,nfl_practice_squad_age_experience_by_quality,runtime_tuning,11,nfl_practice_squad_age_experience_by_quality:11,"{""quality_tier"":""ps_developmental_upside"",""age_min"":""25"",""age_max"":""27"",""experience_min"":""1"",""experience_max"":""3"",""weight"":""0.14""}"
nfl_practice_squad,nfl_practice_squad_age_experience_by_quality.csv,nfl_practice_squad_age_experience_by_quality,runtime_tuning,12,nfl_practice_squad_age_experience_by_quality:12,"{""quality_tier"":""ps_developmental_upside"",""age_min"":""27"",""age_max"":""30"",""experience_min"":""2"",""experience_max"":""5"",""weight"":""0.04""}"
nfl_practice_squad,nfl_practice_squad_age_experience_by_quality.csv,nfl_practice_squad_age_experience_by_quality,runtime_tuning,13,nfl_practice_squad_age_experience_by_quality:13,"{""quality_tier"":""ps_specialist_depth"",""age_min"":""21"",""age_max"":""24"",""experience_min"":""0"",""experience_max"":""1"",""weight"":""0.22""}"
nfl_practice_squad,nfl_practice_squad_age_experience_by_quality.csv,nfl_practice_squad_age_experience_by_quality,runtime_tuning,14,nfl_practice_squad_age_experience_by_quality:14,"{""quality_tier"":""ps_specialist_depth"",""age_min"":""24"",""age_max"":""28"",""experience_min"":""1"",""experience_max"":""4"",""weight"":""0.32""}"
nfl_practice_squad,nfl_practice_squad_age_experience_by_quality.csv,nfl_practice_squad_age_experience_by_quality,runtime_tuning,15,nfl_practice_squad_age_experience_by_quality:15,"{""quality_tier"":""ps_specialist_depth"",""age_min"":""28"",""age_max"":""34"",""experience_min"":""4"",""experience_max"":""10"",""weight"":""0.32""}"
nfl_practice_squad,nfl_practice_squad_age_experience_by_quality.csv,nfl_practice_squad_age_experience_by_quality,runtime_tuning,16,nfl_practice_squad_age_experience_by_quality:16,"{""quality_tier"":""ps_specialist_depth"",""age_min"":""34"",""age_max"":""38"",""experience_min"":""8"",""experience_max"":""14"",""weight"":""0.14""}"
nfl_practice_squad,nfl_practice_squad_age_experience_by_quality.csv,nfl_practice_squad_age_experience_by_quality,runtime_tuning,17,nfl_practice_squad_age_experience_by_quality:17,"{""quality_tier"":""ps_veteran_emergency"",""age_min"":""25"",""age_max"":""28"",""experience_min"":""2"",""experience_max"":""4"",""weight"":""0.16""}"
nfl_practice_squad,nfl_practice_squad_age_experience_by_quality.csv,nfl_practice_squad_age_experience_by_quality,runtime_tuning,18,nfl_practice_squad_age_experience_by_quality:18,"{""quality_tier"":""ps_veteran_emergency"",""age_min"":""28"",""age_max"":""31"",""experience_min"":""4"",""experience_max"":""7"",""weight"":""0.34""}"
nfl_practice_squad,nfl_practice_squad_age_experience_by_quality.csv,nfl_practice_squad_age_experience_by_quality,runtime_tuning,19,nfl_practice_squad_age_experience_by_quality:19,"{""quality_tier"":""ps_veteran_emergency"",""age_min"":""31"",""age_max"":""34"",""experience_min"":""7"",""experience_max"":""10"",""weight"":""0.32""}"
nfl_practice_squad,nfl_practice_squad_age_experience_by_quality.csv,nfl_practice_squad_age_experience_by_quality,runtime_tuning,20,nfl_practice_squad_age_experience_by_quality:20,"{""quality_tier"":""ps_veteran_emergency"",""age_min"":""34"",""age_max"":""37"",""experience_min"":""10"",""experience_max"":""14"",""weight"":""0.18""}"
nfl_practice_squad,nfl_practice_squad_age_experience_by_quality.csv,nfl_practice_squad_age_experience_by_quality,runtime_tuning,21,nfl_practice_squad_age_experience_by_quality:21,"{""quality_tier"":""ps_project"",""age_min"":""21"",""age_max"":""23"",""experience_min"":""0"",""experience_max"":""1"",""weight"":""0.58""}"
nfl_practice_squad,nfl_practice_squad_age_experience_by_quality.csv,nfl_practice_squad_age_experience_by_quality,runtime_tuning,22,nfl_practice_squad_age_experience_by_quality:22,"{""quality_tier"":""ps_project"",""age_min"":""23"",""age_max"":""25"",""experience_min"":""0"",""experience_max"":""2"",""weight"":""0.28""}"
nfl_practice_squad,nfl_practice_squad_age_experience_by_quality.csv,nfl_practice_squad_age_experience_by_quality,runtime_tuning,23,nfl_practice_squad_age_experience_by_quality:23,"{""quality_tier"":""ps_project"",""age_min"":""25"",""age_max"":""27"",""experience_min"":""1"",""experience_max"":""3"",""weight"":""0.1""}"
nfl_practice_squad,nfl_practice_squad_age_experience_by_quality.csv,nfl_practice_squad_age_experience_by_quality,runtime_tuning,24,nfl_practice_squad_age_experience_by_quality:24,"{""quality_tier"":""ps_project"",""age_min"":""27"",""age_max"":""30"",""experience_min"":""2"",""experience_max"":""5"",""weight"":""0.04""}"
nfl_practice_squad,nfl_practice_squad_composition_profiles.csv,nfl_practice_squad_composition_profiles,runtime_tuning,1,balanced_default,"{""profile_id"":""balanced_default"",""position_or_group"":""QB"",""target_players"":""1""}"
nfl_practice_squad,nfl_practice_squad_composition_profiles.csv,nfl_practice_squad_composition_profiles,runtime_tuning,2,balanced_default,"{""profile_id"":""balanced_default"",""position_or_group"":""RB"",""target_players"":""1""}"
nfl_practice_squad,nfl_practice_squad_composition_profiles.csv,nfl_practice_squad_composition_profiles,runtime_tuning,3,balanced_default,"{""profile_id"":""balanced_default"",""position_or_group"":""WR"",""target_players"":""3""}"
nfl_practice_squad,nfl_practice_squad_composition_profiles.csv,nfl_practice_squad_composition_profiles,runtime_tuning,4,balanced_default,"{""profile_id"":""balanced_default"",""position_or_group"":""TE"",""target_players"":""1""}"
nfl_practice_squad,nfl_practice_squad_composition_profiles.csv,nfl_practice_squad_composition_profiles,runtime_tuning,5,balanced_default,"{""profile_id"":""balanced_default"",""position_or_group"":""OL"",""target_players"":""3""}"
nfl_practice_squad,nfl_practice_squad_composition_profiles.csv,nfl_practice_squad_composition_profiles,runtime_tuning,6,balanced_default,"{""profile_id"":""balanced_default"",""position_or_group"":""EDGE"",""target_players"":""1""}"
nfl_practice_squad,nfl_practice_squad_composition_profiles.csv,nfl_practice_squad_composition_profiles,runtime_tuning,7,balanced_default,"{""profile_id"":""balanced_default"",""position_or_group"":""DL"",""target_players"":""1""}"
nfl_practice_squad,nfl_practice_squad_composition_profiles.csv,nfl_practice_squad_composition_profiles,runtime_tuning,8,balanced_default,"{""profile_id"":""balanced_default"",""position_or_group"":""LB"",""target_players"":""2""}"
nfl_practice_squad,nfl_practice_squad_composition_profiles.csv,nfl_practice_squad_composition_profiles,runtime_tuning,9,balanced_default,"{""profile_id"":""balanced_default"",""position_or_group"":""CB"",""target_players"":""2""}"
nfl_practice_squad,nfl_practice_squad_composition_profiles.csv,nfl_practice_squad_composition_profiles,runtime_tuning,10,balanced_default,"{""profile_id"":""balanced_default"",""position_or_group"":""S"",""target_players"":""1""}"
nfl_practice_squad,nfl_practice_squad_composition_profiles.csv,nfl_practice_squad_composition_profiles,runtime_tuning,11,balanced_default,"{""profile_id"":""balanced_default"",""position_or_group"":""K"",""target_players"":""0""}"
nfl_practice_squad,nfl_practice_squad_composition_profiles.csv,nfl_practice_squad_composition_profiles,runtime_tuning,12,balanced_default,"{""profile_id"":""balanced_default"",""position_or_group"":""P"",""target_players"":""0""}"
nfl_practice_squad,nfl_practice_squad_composition_profiles.csv,nfl_practice_squad_composition_profiles,runtime_tuning,13,injury_depth_heavy,"{""profile_id"":""injury_depth_heavy"",""position_or_group"":""QB"",""target_players"":""1""}"
nfl_practice_squad,nfl_practice_squad_composition_profiles.csv,nfl_practice_squad_composition_profiles,runtime_tuning,14,injury_depth_heavy,"{""profile_id"":""injury_depth_heavy"",""position_or_group"":""RB"",""target_players"":""2""}"
nfl_practice_squad,nfl_practice_squad_composition_profiles.csv,nfl_practice_squad_composition_profiles,runtime_tuning,15,injury_depth_heavy,"{""profile_id"":""injury_depth_heavy"",""position_or_group"":""WR"",""target_players"":""2""}"
nfl_practice_squad,nfl_practice_squad_composition_profiles.csv,nfl_practice_squad_composition_profiles,runtime_tuning,16,injury_depth_heavy,"{""profile_id"":""injury_depth_heavy"",""position_or_group"":""TE"",""target_players"":""1""}"
nfl_practice_squad,nfl_practice_squad_composition_profiles.csv,nfl_practice_squad_composition_profiles,runtime_tuning,17,injury_depth_heavy,"{""profile_id"":""injury_depth_heavy"",""position_or_group"":""OL"",""target_players"":""4""}"
nfl_practice_squad,nfl_practice_squad_composition_profiles.csv,nfl_practice_squad_composition_profiles,runtime_tuning,18,injury_depth_heavy,"{""profile_id"":""injury_depth_heavy"",""position_or_group"":""EDGE"",""target_players"":""1""}"
nfl_practice_squad,nfl_practice_squad_composition_profiles.csv,nfl_practice_squad_composition_profiles,runtime_tuning,19,injury_depth_heavy,"{""profile_id"":""injury_depth_heavy"",""position_or_group"":""DL"",""target_players"":""2""}"
nfl_practice_squad,nfl_practice_squad_composition_profiles.csv,nfl_practice_squad_composition_profiles,runtime_tuning,20,injury_depth_heavy,"{""profile_id"":""injury_depth_heavy"",""position_or_group"":""LB"",""target_players"":""1""}"
nfl_practice_squad,nfl_practice_squad_composition_profiles.csv,nfl_practice_squad_composition_profiles,runtime_tuning,21,injury_depth_heavy,"{""profile_id"":""injury_depth_heavy"",""position_or_group"":""CB"",""target_players"":""1""}"
nfl_practice_squad,nfl_practice_squad_composition_profiles.csv,nfl_practice_squad_composition_profiles,runtime_tuning,22,injury_depth_heavy,"{""profile_id"":""injury_depth_heavy"",""position_or_group"":""S"",""target_players"":""1""}"
nfl_practice_squad,nfl_practice_squad_composition_profiles.csv,nfl_practice_squad_composition_profiles,runtime_tuning,23,injury_depth_heavy,"{""profile_id"":""injury_depth_heavy"",""position_or_group"":""K"",""target_players"":""0""}"
nfl_practice_squad,nfl_practice_squad_composition_profiles.csv,nfl_practice_squad_composition_profiles,runtime_tuning,24,injury_depth_heavy,"{""profile_id"":""injury_depth_heavy"",""position_or_group"":""P"",""target_players"":""0""}"
nfl_practice_squad,nfl_practice_squad_composition_profiles.csv,nfl_practice_squad_composition_profiles,runtime_tuning,25,developmental_youth,"{""profile_id"":""developmental_youth"",""position_or_group"":""QB"",""target_players"":""1""}"
nfl_practice_squad,nfl_practice_squad_composition_profiles.csv,nfl_practice_squad_composition_profiles,runtime_tuning,26,developmental_youth,"{""profile_id"":""developmental_youth"",""position_or_group"":""RB"",""target_players"":""1""}"
nfl_practice_squad,nfl_practice_squad_composition_profiles.csv,nfl_practice_squad_composition_profiles,runtime_tuning,27,developmental_youth,"{""profile_id"":""developmental_youth"",""position_or_group"":""WR"",""target_players"":""3""}"
nfl_practice_squad,nfl_practice_squad_composition_profiles.csv,nfl_practice_squad_composition_profiles,runtime_tuning,28,developmental_youth,"{""profile_id"":""developmental_youth"",""position_or_group"":""TE"",""target_players"":""1""}"
nfl_practice_squad,nfl_practice_squad_composition_profiles.csv,nfl_practice_squad_composition_profiles,runtime_tuning,29,developmental_youth,"{""profile_id"":""developmental_youth"",""position_or_group"":""OL"",""target_players"":""3""}"
nfl_practice_squad,nfl_practice_squad_composition_profiles.csv,nfl_practice_squad_composition_profiles,runtime_tuning,30,developmental_youth,"{""profile_id"":""developmental_youth"",""position_or_group"":""EDGE"",""target_players"":""2""}"
nfl_practice_squad,nfl_practice_squad_composition_profiles.csv,nfl_practice_squad_composition_profiles,runtime_tuning,31,developmental_youth,"{""profile_id"":""developmental_youth"",""position_or_group"":""DL"",""target_players"":""1""}"
nfl_practice_squad,nfl_practice_squad_composition_profiles.csv,nfl_practice_squad_composition_profiles,runtime_tuning,32,developmental_youth,"{""profile_id"":""developmental_youth"",""position_or_group"":""LB"",""target_players"":""1""}"
nfl_practice_squad,nfl_practice_squad_composition_profiles.csv,nfl_practice_squad_composition_profiles,runtime_tuning,33,developmental_youth,"{""profile_id"":""developmental_youth"",""position_or_group"":""CB"",""target_players"":""2""}"
nfl_practice_squad,nfl_practice_squad_composition_profiles.csv,nfl_practice_squad_composition_profiles,runtime_tuning,34,developmental_youth,"{""profile_id"":""developmental_youth"",""position_or_group"":""S"",""target_players"":""1""}"
nfl_practice_squad,nfl_practice_squad_composition_profiles.csv,nfl_practice_squad_composition_profiles,runtime_tuning,35,developmental_youth,"{""profile_id"":""developmental_youth"",""position_or_group"":""K"",""target_players"":""0""}"
nfl_practice_squad,nfl_practice_squad_composition_profiles.csv,nfl_practice_squad_composition_profiles,runtime_tuning,36,developmental_youth,"{""profile_id"":""developmental_youth"",""position_or_group"":""P"",""target_players"":""0""}"
nfl_practice_squad,nfl_practice_squad_composition_profiles.csv,nfl_practice_squad_composition_profiles,runtime_tuning,37,veteran_contender,"{""profile_id"":""veteran_contender"",""position_or_group"":""QB"",""target_players"":""1""}"
nfl_practice_squad,nfl_practice_squad_composition_profiles.csv,nfl_practice_squad_composition_profiles,runtime_tuning,38,veteran_contender,"{""profile_id"":""veteran_contender"",""position_or_group"":""RB"",""target_players"":""1""}"
nfl_practice_squad,nfl_practice_squad_composition_profiles.csv,nfl_practice_squad_composition_profiles,runtime_tuning,39,veteran_contender,"{""profile_id"":""veteran_contender"",""position_or_group"":""WR"",""target_players"":""2""}"
nfl_practice_squad,nfl_practice_squad_composition_profiles.csv,nfl_practice_squad_composition_profiles,runtime_tuning,40,veteran_contender,"{""profile_id"":""veteran_contender"",""position_or_group"":""TE"",""target_players"":""1""}"
nfl_practice_squad,nfl_practice_squad_composition_profiles.csv,nfl_practice_squad_composition_profiles,runtime_tuning,41,veteran_contender,"{""profile_id"":""veteran_contender"",""position_or_group"":""OL"",""target_players"":""5""}"
nfl_practice_squad,nfl_practice_squad_composition_profiles.csv,nfl_practice_squad_composition_profiles,runtime_tuning,42,veteran_contender,"{""profile_id"":""veteran_contender"",""position_or_group"":""EDGE"",""target_players"":""1""}"
nfl_practice_squad,nfl_practice_squad_composition_profiles.csv,nfl_practice_squad_composition_profiles,runtime_tuning,43,veteran_contender,"{""profile_id"":""veteran_contender"",""position_or_group"":""DL"",""target_players"":""1""}"
nfl_practice_squad,nfl_practice_squad_composition_profiles.csv,nfl_practice_squad_composition_profiles,runtime_tuning,44,veteran_contender,"{""profile_id"":""veteran_contender"",""position_or_group"":""LB"",""target_players"":""2""}"
nfl_practice_squad,nfl_practice_squad_composition_profiles.csv,nfl_practice_squad_composition_profiles,runtime_tuning,45,veteran_contender,"{""profile_id"":""veteran_contender"",""position_or_group"":""CB"",""target_players"":""1""}"
nfl_practice_squad,nfl_practice_squad_composition_profiles.csv,nfl_practice_squad_composition_profiles,runtime_tuning,46,veteran_contender,"{""profile_id"":""veteran_contender"",""position_or_group"":""S"",""target_players"":""1""}"
nfl_practice_squad,nfl_practice_squad_composition_profiles.csv,nfl_practice_squad_composition_profiles,runtime_tuning,47,veteran_contender,"{""profile_id"":""veteran_contender"",""position_or_group"":""K"",""target_players"":""0""}"
nfl_practice_squad,nfl_practice_squad_composition_profiles.csv,nfl_practice_squad_composition_profiles,runtime_tuning,48,veteran_contender,"{""profile_id"":""veteran_contender"",""position_or_group"":""P"",""target_players"":""0""}"
nfl_practice_squad,nfl_practice_squad_composition_profiles.csv,nfl_practice_squad_composition_profiles,runtime_tuning,49,special_teams_heavy,"{""profile_id"":""special_teams_heavy"",""position_or_group"":""QB"",""target_players"":""1""}"
nfl_practice_squad,nfl_practice_squad_composition_profiles.csv,nfl_practice_squad_composition_profiles,runtime_tuning,50,special_teams_heavy,"{""profile_id"":""special_teams_heavy"",""position_or_group"":""RB"",""target_players"":""1""}"
nfl_practice_squad,nfl_practice_squad_composition_profiles.csv,nfl_practice_squad_composition_profiles,runtime_tuning,51,special_teams_heavy,"{""profile_id"":""special_teams_heavy"",""position_or_group"":""WR"",""target_players"":""2""}"
nfl_practice_squad,nfl_practice_squad_composition_profiles.csv,nfl_practice_squad_composition_profiles,runtime_tuning,52,special_teams_heavy,"{""profile_id"":""special_teams_heavy"",""position_or_group"":""TE"",""target_players"":""1""}"
nfl_practice_squad,nfl_practice_squad_composition_profiles.csv,nfl_practice_squad_composition_profiles,runtime_tuning,53,special_teams_heavy,"{""profile_id"":""special_teams_heavy"",""position_or_group"":""OL"",""target_players"":""4""}"
nfl_practice_squad,nfl_practice_squad_composition_profiles.csv,nfl_practice_squad_composition_profiles,runtime_tuning,54,special_teams_heavy,"{""profile_id"":""special_teams_heavy"",""position_or_group"":""EDGE"",""target_players"":""1""}"
nfl_practice_squad,nfl_practice_squad_composition_profiles.csv,nfl_practice_squad_composition_profiles,runtime_tuning,55,special_teams_heavy,"{""profile_id"":""special_teams_heavy"",""position_or_group"":""DL"",""target_players"":""1""}"
nfl_practice_squad,nfl_practice_squad_composition_profiles.csv,nfl_practice_squad_composition_profiles,runtime_tuning,56,special_teams_heavy,"{""profile_id"":""special_teams_heavy"",""position_or_group"":""LB"",""target_players"":""3""}"
nfl_practice_squad,nfl_practice_squad_composition_profiles.csv,nfl_practice_squad_composition_profiles,runtime_tuning,57,special_teams_heavy,"{""profile_id"":""special_teams_heavy"",""position_or_group"":""CB"",""target_players"":""1""}"
nfl_practice_squad,nfl_practice_squad_composition_profiles.csv,nfl_practice_squad_composition_profiles,runtime_tuning,58,special_teams_heavy,"{""profile_id"":""special_teams_heavy"",""position_or_group"":""S"",""target_players"":""1""}"
nfl_practice_squad,nfl_practice_squad_composition_profiles.csv,nfl_practice_squad_composition_profiles,runtime_tuning,59,special_teams_heavy,"{""profile_id"":""special_teams_heavy"",""position_or_group"":""K"",""target_players"":""0""}"
nfl_practice_squad,nfl_practice_squad_composition_profiles.csv,nfl_practice_squad_composition_profiles,runtime_tuning,60,special_teams_heavy,"{""profile_id"":""special_teams_heavy"",""position_or_group"":""P"",""target_players"":""0""}"
nfl_practice_squad,nfl_practice_squad_composition_profiles.csv,nfl_practice_squad_composition_profiles,runtime_tuning,61,qb_development,"{""profile_id"":""qb_development"",""position_or_group"":""QB"",""target_players"":""2""}"
nfl_practice_squad,nfl_practice_squad_composition_profiles.csv,nfl_practice_squad_composition_profiles,runtime_tuning,62,qb_development,"{""profile_id"":""qb_development"",""position_or_group"":""RB"",""target_players"":""1""}"
nfl_practice_squad,nfl_practice_squad_composition_profiles.csv,nfl_practice_squad_composition_profiles,runtime_tuning,63,qb_development,"{""profile_id"":""qb_development"",""position_or_group"":""WR"",""target_players"":""2""}"
nfl_practice_squad,nfl_practice_squad_composition_profiles.csv,nfl_practice_squad_composition_profiles,runtime_tuning,64,qb_development,"{""profile_id"":""qb_development"",""position_or_group"":""TE"",""target_players"":""1""}"
nfl_practice_squad,nfl_practice_squad_composition_profiles.csv,nfl_practice_squad_composition_profiles,runtime_tuning,65,qb_development,"{""profile_id"":""qb_development"",""position_or_group"":""OL"",""target_players"":""4""}"
nfl_practice_squad,nfl_practice_squad_composition_profiles.csv,nfl_practice_squad_composition_profiles,runtime_tuning,66,qb_development,"{""profile_id"":""qb_development"",""position_or_group"":""EDGE"",""target_players"":""1""}"
nfl_practice_squad,nfl_practice_squad_composition_profiles.csv,nfl_practice_squad_composition_profiles,runtime_tuning,67,qb_development,"{""profile_id"":""qb_development"",""position_or_group"":""DL"",""target_players"":""1""}"
nfl_practice_squad,nfl_practice_squad_composition_profiles.csv,nfl_practice_squad_composition_profiles,runtime_tuning,68,qb_development,"{""profile_id"":""qb_development"",""position_or_group"":""LB"",""target_players"":""1""}"
nfl_practice_squad,nfl_practice_squad_composition_profiles.csv,nfl_practice_squad_composition_profiles,runtime_tuning,69,qb_development,"{""profile_id"":""qb_development"",""position_or_group"":""CB"",""target_players"":""2""}"
nfl_practice_squad,nfl_practice_squad_composition_profiles.csv,nfl_practice_squad_composition_profiles,runtime_tuning,70,qb_development,"{""profile_id"":""qb_development"",""position_or_group"":""S"",""target_players"":""1""}"
nfl_practice_squad,nfl_practice_squad_composition_profiles.csv,nfl_practice_squad_composition_profiles,runtime_tuning,71,qb_development,"{""profile_id"":""qb_development"",""position_or_group"":""K"",""target_players"":""0""}"
nfl_practice_squad,nfl_practice_squad_composition_profiles.csv,nfl_practice_squad_composition_profiles,runtime_tuning,72,qb_development,"{""profile_id"":""qb_development"",""position_or_group"":""P"",""target_players"":""0""}"
nfl_practice_squad,nfl_practice_squad_composition_profiles.csv,nfl_practice_squad_composition_profiles,runtime_tuning,73,specialist_competition,"{""profile_id"":""specialist_competition"",""position_or_group"":""QB"",""target_players"":""1""}"
nfl_practice_squad,nfl_practice_squad_composition_profiles.csv,nfl_practice_squad_composition_profiles,runtime_tuning,74,specialist_competition,"{""profile_id"":""specialist_competition"",""position_or_group"":""RB"",""target_players"":""1""}"
nfl_practice_squad,nfl_practice_squad_composition_profiles.csv,nfl_practice_squad_composition_profiles,runtime_tuning,75,specialist_competition,"{""profile_id"":""specialist_competition"",""position_or_group"":""WR"",""target_players"":""2""}"
nfl_practice_squad,nfl_practice_squad_composition_profiles.csv,nfl_practice_squad_composition_profiles,runtime_tuning,76,specialist_competition,"{""profile_id"":""specialist_competition"",""position_or_group"":""TE"",""target_players"":""1""}"
nfl_practice_squad,nfl_practice_squad_composition_profiles.csv,nfl_practice_squad_composition_profiles,runtime_tuning,77,specialist_competition,"{""profile_id"":""specialist_competition"",""position_or_group"":""OL"",""target_players"":""3""}"
nfl_practice_squad,nfl_practice_squad_composition_profiles.csv,nfl_practice_squad_composition_profiles,runtime_tuning,78,specialist_competition,"{""profile_id"":""specialist_competition"",""position_or_group"":""EDGE"",""target_players"":""1""}"
nfl_practice_squad,nfl_practice_squad_composition_profiles.csv,nfl_practice_squad_composition_profiles,runtime_tuning,79,specialist_competition,"{""profile_id"":""specialist_competition"",""position_or_group"":""DL"",""target_players"":""1""}"
nfl_practice_squad,nfl_practice_squad_composition_profiles.csv,nfl_practice_squad_composition_profiles,runtime_tuning,80,specialist_competition,"{""profile_id"":""specialist_competition"",""position_or_group"":""LB"",""target_players"":""2""}"
nfl_practice_squad,nfl_practice_squad_composition_profiles.csv,nfl_practice_squad_composition_profiles,runtime_tuning,81,specialist_competition,"{""profile_id"":""specialist_competition"",""position_or_group"":""CB"",""target_players"":""1""}"
nfl_practice_squad,nfl_practice_squad_composition_profiles.csv,nfl_practice_squad_composition_profiles,runtime_tuning,82,specialist_competition,"{""profile_id"":""specialist_competition"",""position_or_group"":""S"",""target_players"":""1""}"
nfl_practice_squad,nfl_practice_squad_composition_profiles.csv,nfl_practice_squad_composition_profiles,runtime_tuning,83,specialist_competition,"{""profile_id"":""specialist_competition"",""position_or_group"":""K"",""target_players"":""1""}"
nfl_practice_squad,nfl_practice_squad_composition_profiles.csv,nfl_practice_squad_composition_profiles,runtime_tuning,84,specialist_competition,"{""profile_id"":""specialist_competition"",""position_or_group"":""P"",""target_players"":""1""}"
nfl_practice_squad,nfl_practice_squad_development_value_rules.csv,nfl_practice_squad_development_value_rules,rule,1,nfl_practice_squad_development_value_rules:1,"{""quality_tier"":""ps_premium_stash"",""seasonal_dev_bank_multiplier"":""0.92"",""weekly_practice_growth_min"":""0.04"",""weekly_practice_growth_max"":""0.12"",""active_promotion_growth_bonus"":""0.15"",""practice_only_cap_drag"":""0.35"",""potential_decay_if_unpromoted_years"":""3"",""notes"":""Near-roster player can grow, but long-term PS stagnation should eventually cap upside.""}"
nfl_practice_squad,nfl_practice_squad_development_value_rules.csv,nfl_practice_squad_development_value_rules,rule,2,nfl_practice_squad_development_value_rules:2,"{""quality_tier"":""ps_game_day_depth"",""seasonal_dev_bank_multiplier"":""0.78"",""weekly_practice_growth_min"":""0.03"",""weekly_practice_growth_max"":""0.09"",""active_promotion_growth_bonus"":""0.12"",""practice_only_cap_drag"":""0.45"",""potential_decay_if_unpromoted_years"":""2"",""notes"":""Emergency players improve slowly without game snaps.""}"
nfl_practice_squad,nfl_practice_squad_development_value_rules.csv,nfl_practice_squad_development_value_rules,rule,3,nfl_practice_squad_development_value_rules:3,"{""quality_tier"":""ps_developmental_upside"",""seasonal_dev_bank_multiplier"":""1.0"",""weekly_practice_growth_min"":""0.05"",""weekly_practice_growth_max"":""0.14"",""active_promotion_growth_bonus"":""0.18"",""practice_only_cap_drag"":""0.3"",""potential_decay_if_unpromoted_years"":""3"",""notes"":""Highest developmental value; should be protected if poach risk is high.""}"
nfl_practice_squad,nfl_practice_squad_development_value_rules.csv,nfl_practice_squad_development_value_rules,rule,4,nfl_practice_squad_development_value_rules:4,"{""quality_tier"":""ps_specialist_depth"",""seasonal_dev_bank_multiplier"":""0.7"",""weekly_practice_growth_min"":""0.02"",""weekly_practice_growth_max"":""0.07"",""active_promotion_growth_bonus"":""0.08"",""practice_only_cap_drag"":""0.5"",""potential_decay_if_unpromoted_years"":""3"",""notes"":""Specialist development is narrower and mostly consistency-based.""}"
nfl_practice_squad,nfl_practice_squad_development_value_rules.csv,nfl_practice_squad_development_value_rules,rule,5,nfl_practice_squad_development_value_rules:5,"{""quality_tier"":""ps_veteran_emergency"",""seasonal_dev_bank_multiplier"":""0.3"",""weekly_practice_growth_min"":""-0.03"",""weekly_practice_growth_max"":""0.03"",""active_promotion_growth_bonus"":""0.03"",""practice_only_cap_drag"":""0.7"",""potential_decay_if_unpromoted_years"":""1"",""notes"":""Veterans preserve readiness more than they develop.""}"
nfl_practice_squad,nfl_practice_squad_development_value_rules.csv,nfl_practice_squad_development_value_rules,rule,6,nfl_practice_squad_development_value_rules:6,"{""quality_tier"":""ps_project"",""seasonal_dev_bank_multiplier"":""0.95"",""weekly_practice_growth_min"":""0.03"",""weekly_practice_growth_max"":""0.12"",""active_promotion_growth_bonus"":""0.1"",""practice_only_cap_drag"":""0.55"",""potential_decay_if_unpromoted_years"":""2"",""notes"":""Large variance; many fail, a few become useful.""}"
nfl_practice_squad,nfl_practice_squad_elevation_quality_weights.csv,nfl_practice_squad_elevation_quality_weights,weight_distribution,1,nfl_practice_squad_elevation_quality_weights:1,"{""elevation_context"":""normal_week"",""quality_tier"":""ps_game_day_depth"",""weight"":""0.34""}"
nfl_practice_squad,nfl_practice_squad_elevation_quality_weights.csv,nfl_practice_squad_elevation_quality_weights,weight_distribution,2,nfl_practice_squad_elevation_quality_weights:2,"{""elevation_context"":""normal_week"",""quality_tier"":""ps_veteran_emergency"",""weight"":""0.22""}"
nfl_practice_squad,nfl_practice_squad_elevation_quality_weights.csv,nfl_practice_squad_elevation_quality_weights,weight_distribution,3,nfl_practice_squad_elevation_quality_weights:3,"{""elevation_context"":""normal_week"",""quality_tier"":""ps_premium_stash"",""weight"":""0.18""}"
nfl_practice_squad,nfl_practice_squad_elevation_quality_weights.csv,nfl_practice_squad_elevation_quality_weights,weight_distribution,4,nfl_practice_squad_elevation_quality_weights:4,"{""elevation_context"":""normal_week"",""quality_tier"":""ps_specialist_depth"",""weight"":""0.14""}"
nfl_practice_squad,nfl_practice_squad_elevation_quality_weights.csv,nfl_practice_squad_elevation_quality_weights,weight_distribution,5,nfl_practice_squad_elevation_quality_weights:5,"{""elevation_context"":""normal_week"",""quality_tier"":""ps_developmental_upside"",""weight"":""0.1""}"
nfl_practice_squad,nfl_practice_squad_elevation_quality_weights.csv,nfl_practice_squad_elevation_quality_weights,weight_distribution,6,nfl_practice_squad_elevation_quality_weights:6,"{""elevation_context"":""normal_week"",""quality_tier"":""ps_project"",""weight"":""0.02""}"
nfl_practice_squad,nfl_practice_squad_elevation_quality_weights.csv,nfl_practice_squad_elevation_quality_weights,weight_distribution,7,nfl_practice_squad_elevation_quality_weights:7,"{""elevation_context"":""injury_emergency"",""quality_tier"":""ps_game_day_depth"",""weight"":""0.36""}"
nfl_practice_squad,nfl_practice_squad_elevation_quality_weights.csv,nfl_practice_squad_elevation_quality_weights,weight_distribution,8,nfl_practice_squad_elevation_quality_weights:8,"{""elevation_context"":""injury_emergency"",""quality_tier"":""ps_veteran_emergency"",""weight"":""0.3""}"
nfl_practice_squad,nfl_practice_squad_elevation_quality_weights.csv,nfl_practice_squad_elevation_quality_weights,weight_distribution,9,nfl_practice_squad_elevation_quality_weights:9,"{""elevation_context"":""injury_emergency"",""quality_tier"":""ps_premium_stash"",""weight"":""0.18""}"
nfl_practice_squad,nfl_practice_squad_elevation_quality_weights.csv,nfl_practice_squad_elevation_quality_weights,weight_distribution,10,nfl_practice_squad_elevation_quality_weights:10,"{""elevation_context"":""injury_emergency"",""quality_tier"":""ps_specialist_depth"",""weight"":""0.08""}"
nfl_practice_squad,nfl_practice_squad_elevation_quality_weights.csv,nfl_practice_squad_elevation_quality_weights,weight_distribution,11,nfl_practice_squad_elevation_quality_weights:11,"{""elevation_context"":""injury_emergency"",""quality_tier"":""ps_developmental_upside"",""weight"":""0.06""}"
nfl_practice_squad,nfl_practice_squad_elevation_quality_weights.csv,nfl_practice_squad_elevation_quality_weights,weight_distribution,12,nfl_practice_squad_elevation_quality_weights:12,"{""elevation_context"":""injury_emergency"",""quality_tier"":""ps_project"",""weight"":""0.02""}"
nfl_practice_squad,nfl_practice_squad_elevation_quality_weights.csv,nfl_practice_squad_elevation_quality_weights,weight_distribution,13,nfl_practice_squad_elevation_quality_weights:13,"{""elevation_context"":""matchup_specific"",""quality_tier"":""ps_specialist_depth"",""weight"":""0.26""}"
nfl_practice_squad,nfl_practice_squad_elevation_quality_weights.csv,nfl_practice_squad_elevation_quality_weights,weight_distribution,14,nfl_practice_squad_elevation_quality_weights:14,"{""elevation_context"":""matchup_specific"",""quality_tier"":""ps_game_day_depth"",""weight"":""0.24""}"
nfl_practice_squad,nfl_practice_squad_elevation_quality_weights.csv,nfl_practice_squad_elevation_quality_weights,weight_distribution,15,nfl_practice_squad_elevation_quality_weights:15,"{""elevation_context"":""matchup_specific"",""quality_tier"":""ps_premium_stash"",""weight"":""0.18""}"
nfl_practice_squad,nfl_practice_squad_elevation_quality_weights.csv,nfl_practice_squad_elevation_quality_weights,weight_distribution,16,nfl_practice_squad_elevation_quality_weights:16,"{""elevation_context"":""matchup_specific"",""quality_tier"":""ps_developmental_upside"",""weight"":""0.16""}"
nfl_practice_squad,nfl_practice_squad_elevation_quality_weights.csv,nfl_practice_squad_elevation_quality_weights,weight_distribution,17,nfl_practice_squad_elevation_quality_weights:17,"{""elevation_context"":""matchup_specific"",""quality_tier"":""ps_veteran_emergency"",""weight"":""0.12""}"
nfl_practice_squad,nfl_practice_squad_elevation_quality_weights.csv,nfl_practice_squad_elevation_quality_weights,weight_distribution,18,nfl_practice_squad_elevation_quality_weights:18,"{""elevation_context"":""matchup_specific"",""quality_tier"":""ps_project"",""weight"":""0.04""}"
nfl_practice_squad,nfl_practice_squad_elevation_quality_weights.csv,nfl_practice_squad_elevation_quality_weights,weight_distribution,19,nfl_practice_squad_elevation_quality_weights:19,"{""elevation_context"":""late_season_evaluation"",""quality_tier"":""ps_developmental_upside"",""weight"":""0.3""}"
nfl_practice_squad,nfl_practice_squad_elevation_quality_weights.csv,nfl_practice_squad_elevation_quality_weights,weight_distribution,20,nfl_practice_squad_elevation_quality_weights:20,"{""elevation_context"":""late_season_evaluation"",""quality_tier"":""ps_project"",""weight"":""0.18""}"
nfl_practice_squad,nfl_practice_squad_elevation_quality_weights.csv,nfl_practice_squad_elevation_quality_weights,weight_distribution,21,nfl_practice_squad_elevation_quality_weights:21,"{""elevation_context"":""late_season_evaluation"",""quality_tier"":""ps_premium_stash"",""weight"":""0.22""}"
nfl_practice_squad,nfl_practice_squad_elevation_quality_weights.csv,nfl_practice_squad_elevation_quality_weights,weight_distribution,22,nfl_practice_squad_elevation_quality_weights:22,"{""elevation_context"":""late_season_evaluation"",""quality_tier"":""ps_game_day_depth"",""weight"":""0.18""}"
nfl_practice_squad,nfl_practice_squad_elevation_quality_weights.csv,nfl_practice_squad_elevation_quality_weights,weight_distribution,23,nfl_practice_squad_elevation_quality_weights:23,"{""elevation_context"":""late_season_evaluation"",""quality_tier"":""ps_veteran_emergency"",""weight"":""0.08""}"
nfl_practice_squad,nfl_practice_squad_elevation_quality_weights.csv,nfl_practice_squad_elevation_quality_weights,weight_distribution,24,nfl_practice_squad_elevation_quality_weights:24,"{""elevation_context"":""late_season_evaluation"",""quality_tier"":""ps_specialist_depth"",""weight"":""0.04""}"
nfl_practice_squad,nfl_practice_squad_eligibility_buckets.csv,nfl_practice_squad_eligibility_buckets,runtime_tuning,1,nfl_practice_squad_eligibility_buckets:1,"{""eligibility_bucket"":""rookie_no_accrued"",""description"":""Rookie or first-year player with no accrued season. Most developmental practice squad candidates."",""min_accrued_seasons"":""0"",""max_accrued_seasons"":""0"",""active_game_limit_last_accrued_season"":"""",""counts_against_veteran_limit"":""false"",""counts_against_combined_category_iii_iv_limit"":""false"",""default_weekly_salary_band"":""rookie_low_experience"",""quality_expectation"":""developmental_to_borderline_backup"",""source_basis"":""researched_cba_rule_summary"",""notes"":""""}"
nfl_practice_squad,nfl_practice_squad_eligibility_buckets.csv,nfl_practice_squad_eligibility_buckets,runtime_tuning,2,nfl_practice_squad_eligibility_buckets:2,"{""eligibility_bucket"":""low_experience_less_than_9_games"",""description"":""Player with one accrued season but fewer than nine active games in that season."",""min_accrued_seasons"":""1"",""max_accrued_seasons"":""1"",""active_game_limit_last_accrued_season"":""<9"",""counts_against_veteran_limit"":""false"",""counts_against_combined_category_iii_iv_limit"":""false"",""default_weekly_salary_band"":""rookie_low_experience"",""quality_expectation"":""developmental_to_borderline_backup"",""source_basis"":""researched_cba_rule_summary"",""notes"":""""}"
nfl_practice_squad,nfl_practice_squad_eligibility_buckets.csv,nfl_practice_squad_eligibility_buckets,runtime_tuning,3,nfl_practice_squad_eligibility_buckets:3,"{""eligibility_bucket"":""category_iii_two_or_fewer_accrued"",""description"":""Free agent with no more than two accrued seasons and no game-day limitation; category iii plus unlimited-experience veterans may not exceed ten."",""min_accrued_seasons"":""0"",""max_accrued_seasons"":""2"",""active_game_limit_last_accrued_season"":""none"",""counts_against_veteran_limit"":""false"",""counts_against_combined_category_iii_iv_limit"":""true"",""default_weekly_salary_band"":""rookie_low_experience"",""quality_expectation"":""developmental_backup_to_game_day_depth"",""source_basis"":""researched_cba_rule_summary"",""notes"":""""}"
nfl_practice_squad,nfl_practice_squad_eligibility_buckets.csv,nfl_practice_squad_eligibility_buckets,runtime_tuning,4,nfl_practice_squad_eligibility_buckets:4,"{""eligibility_bucket"":""category_iv_unlimited_veteran"",""description"":""Veteran with no accrued-season ceiling; maximum six per practice squad and category iii plus iv may not exceed ten."",""min_accrued_seasons"":""3"",""max_accrued_seasons"":""99"",""active_game_limit_last_accrued_season"":""none"",""counts_against_veteran_limit"":""true"",""counts_against_combined_category_iii_iv_limit"":""true"",""default_weekly_salary_band"":""veteran_practice_squad"",""quality_expectation"":""emergency_depth_to_near_roster_veteran"",""source_basis"":""researched_cba_rule_summary"",""notes"":""""}"
nfl_practice_squad,nfl_practice_squad_eligibility_buckets.csv,nfl_practice_squad_eligibility_buckets,runtime_tuning,5,nfl_practice_squad_eligibility_buckets:5,"{""eligibility_bucket"":""ipp_exemption"",""description"":""International Player Pathway exemption slot, optional seventeenth player if supported."",""min_accrued_seasons"":""0"",""max_accrued_seasons"":""99"",""active_game_limit_last_accrued_season"":""program_specific"",""counts_against_veteran_limit"":""false"",""counts_against_combined_category_iii_iv_limit"":""false"",""default_weekly_salary_band"":""program_defined"",""quality_expectation"":""developmental_project"",""source_basis"":""researched_rule_summary"",""notes"":""Do not generate by default unless IPP feature exists.""}"
nfl_practice_squad,nfl_practice_squad_poach_protection_rules.csv,nfl_practice_squad_poach_protection_rules,rule,1,nfl_practice_squad_poach_protection_rules:1,"{""quality_tier"":""ps_premium_stash"",""base_poach_risk"":""0.38"",""weekly_protection_priority"":""0.85"",""promotion_priority"":""0.55"",""poach_risk_modifier_if_same_position_injuries"":""0.18"",""poach_risk_modifier_if_other_team_need"":""0.22"",""poach_risk_modifier_if_high_potential"":""0.12"",""poach_risk_modifier_if_old_veteran"":""-0.08"",""notes"":""Clamp final risk to 0-1 after modifiers.""}"
nfl_practice_squad,nfl_practice_squad_poach_protection_rules.csv,nfl_practice_squad_poach_protection_rules,rule,2,nfl_practice_squad_poach_protection_rules:2,"{""quality_tier"":""ps_game_day_depth"",""base_poach_risk"":""0.24"",""weekly_protection_priority"":""0.5"",""promotion_priority"":""0.45"",""poach_risk_modifier_if_same_position_injuries"":""0.18"",""poach_risk_modifier_if_other_team_need"":""0.22"",""poach_risk_modifier_if_high_potential"":""0.12"",""poach_risk_modifier_if_old_veteran"":""-0.08"",""notes"":""Clamp final risk to 0-1 after modifiers.""}"
nfl_practice_squad,nfl_practice_squad_poach_protection_rules.csv,nfl_practice_squad_poach_protection_rules,rule,3,nfl_practice_squad_poach_protection_rules:3,"{""quality_tier"":""ps_developmental_upside"",""base_poach_risk"":""0.2"",""weekly_protection_priority"":""0.65"",""promotion_priority"":""0.25"",""poach_risk_modifier_if_same_position_injuries"":""0.18"",""poach_risk_modifier_if_other_team_need"":""0.22"",""poach_risk_modifier_if_high_potential"":""0.12"",""poach_risk_modifier_if_old_veteran"":""-0.08"",""notes"":""Clamp final risk to 0-1 after modifiers.""}"
nfl_practice_squad,nfl_practice_squad_poach_protection_rules.csv,nfl_practice_squad_poach_protection_rules,rule,4,nfl_practice_squad_poach_protection_rules:4,"{""quality_tier"":""ps_specialist_depth"",""base_poach_risk"":""0.12"",""weekly_protection_priority"":""0.25"",""promotion_priority"":""0.28"",""poach_risk_modifier_if_same_position_injuries"":""0.18"",""poach_risk_modifier_if_other_team_need"":""0.22"",""poach_risk_modifier_if_high_potential"":""0.12"",""poach_risk_modifier_if_old_veteran"":""-0.08"",""notes"":""Clamp final risk to 0-1 after modifiers.""}"
nfl_practice_squad,nfl_practice_squad_poach_protection_rules.csv,nfl_practice_squad_poach_protection_rules,rule,5,nfl_practice_squad_poach_protection_rules:5,"{""quality_tier"":""ps_veteran_emergency"",""base_poach_risk"":""0.16"",""weekly_protection_priority"":""0.2"",""promotion_priority"":""0.38"",""poach_risk_modifier_if_same_position_injuries"":""0.18"",""poach_risk_modifier_if_other_team_need"":""0.22"",""poach_risk_modifier_if_high_potential"":""0.12"",""poach_risk_modifier_if_old_veteran"":""-0.08"",""notes"":""Clamp final risk to 0-1 after modifiers.""}"
nfl_practice_squad,nfl_practice_squad_poach_protection_rules.csv,nfl_practice_squad_poach_protection_rules,rule,6,nfl_practice_squad_poach_protection_rules:6,"{""quality_tier"":""ps_project"",""base_poach_risk"":""0.06"",""weekly_protection_priority"":""0.15"",""promotion_priority"":""0.08"",""poach_risk_modifier_if_same_position_injuries"":""0.18"",""poach_risk_modifier_if_other_team_need"":""0.22"",""poach_risk_modifier_if_high_potential"":""0.12"",""poach_risk_modifier_if_old_veteran"":""-0.08"",""notes"":""Clamp final risk to 0-1 after modifiers.""}"
nfl_practice_squad,nfl_practice_squad_position_targets.csv,nfl_practice_squad_position_targets,target,1,QB,"{""position"":""QB"",""min_players"":""0"",""target_players"":""1"",""max_players"":""2"",""selection_weight"":""1.25"",""notes"":""Third QB is valuable but not every team should stash one.""}"
nfl_practice_squad,nfl_practice_squad_position_targets.csv,nfl_practice_squad_position_targets,target,2,RB,"{""position"":""RB"",""min_players"":""1"",""target_players"":""1"",""max_players"":""2"",""selection_weight"":""0.9"",""notes"":""RB churn creates frequent practice squad usage.""}"
nfl_practice_squad,nfl_practice_squad_position_targets.csv,nfl_practice_squad_position_targets,target,3,WR,"{""position"":""WR"",""min_players"":""2"",""target_players"":""3"",""max_players"":""4"",""selection_weight"":""1.35"",""notes"":""WR and return roles are common practice squad targets.""}"
nfl_practice_squad,nfl_practice_squad_position_targets.csv,nfl_practice_squad_position_targets,target,4,TE,"{""position"":""TE"",""min_players"":""0"",""target_players"":""1"",""max_players"":""2"",""selection_weight"":""0.8"",""notes"":""TE, fullback, and H-back emergency depth.""}"
nfl_practice_squad,nfl_practice_squad_position_targets.csv,nfl_practice_squad_position_targets,target,5,LT,"{""position"":""LT"",""min_players"":""0"",""target_players"":""1"",""max_players"":""2"",""selection_weight"":""0.7"",""notes"":""Tackle scarcity makes a swing/developmental tackle useful.""}"
nfl_practice_squad,nfl_practice_squad_position_targets.csv,nfl_practice_squad_position_targets,target,6,LG,"{""position"":""LG"",""min_players"":""0"",""target_players"":""1"",""max_players"":""2"",""selection_weight"":""0.55"",""notes"":""Interior OL depth.""}"
nfl_practice_squad,nfl_practice_squad_position_targets.csv,nfl_practice_squad_position_targets,target,7,C,"{""position"":""C"",""min_players"":""0"",""target_players"":""1"",""max_players"":""2"",""selection_weight"":""0.55"",""notes"":""Center-only players are less common unless emergency snapper depth.""}"
nfl_practice_squad,nfl_practice_squad_position_targets.csv,nfl_practice_squad_position_targets,target,8,RG,"{""position"":""RG"",""min_players"":""0"",""target_players"":""1"",""max_players"":""2"",""selection_weight"":""0.55"",""notes"":""Interior OL depth.""}"
nfl_practice_squad,nfl_practice_squad_position_targets.csv,nfl_practice_squad_position_targets,target,9,RT,"{""position"":""RT"",""min_players"":""0"",""target_players"":""1"",""max_players"":""2"",""selection_weight"":""0.65"",""notes"":""Developmental tackle/swing tackle depth.""}"
nfl_practice_squad,nfl_practice_squad_position_targets.csv,nfl_practice_squad_position_targets,target,10,EDGE,"{""position"":""EDGE"",""min_players"":""1"",""target_players"":""1"",""max_players"":""2"",""selection_weight"":""0.95"",""notes"":""Pass-rush depth and special teams value.""}"
nfl_practice_squad,nfl_practice_squad_position_targets.csv,nfl_practice_squad_position_targets,target,11,DL,"{""position"":""DL"",""min_players"":""1"",""target_players"":""1"",""max_players"":""2"",""selection_weight"":""1.0"",""notes"":""Interior rotation and injury replacement.""}"
nfl_practice_squad,nfl_practice_squad_position_targets.csv,nfl_practice_squad_position_targets,target,12,LB,"{""position"":""LB"",""min_players"":""1"",""target_players"":""2"",""max_players"":""3"",""selection_weight"":""1.15"",""notes"":""Core special teams and elevation value.""}"
nfl_practice_squad,nfl_practice_squad_position_targets.csv,nfl_practice_squad_position_targets,target,13,CB,"{""position"":""CB"",""min_players"":""1"",""target_players"":""2"",""max_players"":""3"",""selection_weight"":""1.25"",""notes"":""DB injuries and dime packages create value.""}"
nfl_practice_squad,nfl_practice_squad_position_targets.csv,nfl_practice_squad_position_targets,target,14,S,"{""position"":""S"",""min_players"":""1"",""target_players"":""1"",""max_players"":""2"",""selection_weight"":""1.0"",""notes"":""Safety and special teams role depth.""}"
nfl_practice_squad,nfl_practice_squad_position_targets.csv,nfl_practice_squad_position_targets,target,15,K,"{""position"":""K"",""min_players"":""0"",""target_players"":""0"",""max_players"":""1"",""selection_weight"":""0.18"",""notes"":""Specialist only if incumbent is unstable/injured or camp leg.""}"
nfl_practice_squad,nfl_practice_squad_position_targets.csv,nfl_practice_squad_position_targets,target,16,P,"{""position"":""P"",""min_players"":""0"",""target_players"":""0"",""max_players"":""1"",""selection_weight"":""0.18"",""notes"":""Specialist only if incumbent is unstable/injured or camp leg.""}"
nfl_practice_squad,nfl_practice_squad_profile_weights_by_team_context.csv,nfl_practice_squad_profile_weights_by_team_context,weight_distribution,1,developmental_youth,"{""team_context"":""rebuilding_low_depth"",""profile_id"":""developmental_youth"",""weight"":""0.38""}"
nfl_practice_squad,nfl_practice_squad_profile_weights_by_team_context.csv,nfl_practice_squad_profile_weights_by_team_context,weight_distribution,2,balanced_default,"{""team_context"":""rebuilding_low_depth"",""profile_id"":""balanced_default"",""weight"":""0.22""}"
nfl_practice_squad,nfl_practice_squad_profile_weights_by_team_context.csv,nfl_practice_squad_profile_weights_by_team_context,weight_distribution,3,qb_development,"{""team_context"":""rebuilding_low_depth"",""profile_id"":""qb_development"",""weight"":""0.18""}"
nfl_practice_squad,nfl_practice_squad_profile_weights_by_team_context.csv,nfl_practice_squad_profile_weights_by_team_context,weight_distribution,4,injury_depth_heavy,"{""team_context"":""rebuilding_low_depth"",""profile_id"":""injury_depth_heavy"",""weight"":""0.14""}"
nfl_practice_squad,nfl_practice_squad_profile_weights_by_team_context.csv,nfl_practice_squad_profile_weights_by_team_context,weight_distribution,5,special_teams_heavy,"{""team_context"":""rebuilding_low_depth"",""profile_id"":""special_teams_heavy"",""weight"":""0.08""}"
nfl_practice_squad,nfl_practice_squad_profile_weights_by_team_context.csv,nfl_practice_squad_profile_weights_by_team_context,weight_distribution,6,veteran_contender,"{""team_context"":""contender_cap_stressed"",""profile_id"":""veteran_contender"",""weight"":""0.35""}"
nfl_practice_squad,nfl_practice_squad_profile_weights_by_team_context.csv,nfl_practice_squad_profile_weights_by_team_context,weight_distribution,7,balanced_default,"{""team_context"":""contender_cap_stressed"",""profile_id"":""balanced_default"",""weight"":""0.25""}"
nfl_practice_squad,nfl_practice_squad_profile_weights_by_team_context.csv,nfl_practice_squad_profile_weights_by_team_context,weight_distribution,8,special_teams_heavy,"{""team_context"":""contender_cap_stressed"",""profile_id"":""special_teams_heavy"",""weight"":""0.2""}"
nfl_practice_squad,nfl_practice_squad_profile_weights_by_team_context.csv,nfl_practice_squad_profile_weights_by_team_context,weight_distribution,9,injury_depth_heavy,"{""team_context"":""contender_cap_stressed"",""profile_id"":""injury_depth_heavy"",""weight"":""0.15""}"
nfl_practice_squad,nfl_practice_squad_profile_weights_by_team_context.csv,nfl_practice_squad_profile_weights_by_team_context,weight_distribution,10,qb_development,"{""team_context"":""contender_cap_stressed"",""profile_id"":""qb_development"",""weight"":""0.05""}"
nfl_practice_squad,nfl_practice_squad_profile_weights_by_team_context.csv,nfl_practice_squad_profile_weights_by_team_context,weight_distribution,11,balanced_default,"{""team_context"":""neutral"",""profile_id"":""balanced_default"",""weight"":""0.4""}"
nfl_practice_squad,nfl_practice_squad_profile_weights_by_team_context.csv,nfl_practice_squad_profile_weights_by_team_context,weight_distribution,12,developmental_youth,"{""team_context"":""neutral"",""profile_id"":""developmental_youth"",""weight"":""0.2""}"
nfl_practice_squad,nfl_practice_squad_profile_weights_by_team_context.csv,nfl_practice_squad_profile_weights_by_team_context,weight_distribution,13,injury_depth_heavy,"{""team_context"":""neutral"",""profile_id"":""injury_depth_heavy"",""weight"":""0.18""}"
nfl_practice_squad,nfl_practice_squad_profile_weights_by_team_context.csv,nfl_practice_squad_profile_weights_by_team_context,weight_distribution,14,special_teams_heavy,"{""team_context"":""neutral"",""profile_id"":""special_teams_heavy"",""weight"":""0.12""}"
nfl_practice_squad,nfl_practice_squad_profile_weights_by_team_context.csv,nfl_practice_squad_profile_weights_by_team_context,weight_distribution,15,qb_development,"{""team_context"":""neutral"",""profile_id"":""qb_development"",""weight"":""0.1""}"
nfl_practice_squad,nfl_practice_squad_profile_weights_by_team_context.csv,nfl_practice_squad_profile_weights_by_team_context,weight_distribution,16,qb_development,"{""team_context"":""qb_uncertain"",""profile_id"":""qb_development"",""weight"":""0.45""}"
nfl_practice_squad,nfl_practice_squad_profile_weights_by_team_context.csv,nfl_practice_squad_profile_weights_by_team_context,weight_distribution,17,balanced_default,"{""team_context"":""qb_uncertain"",""profile_id"":""balanced_default"",""weight"":""0.25""}"
nfl_practice_squad,nfl_practice_squad_profile_weights_by_team_context.csv,nfl_practice_squad_profile_weights_by_team_context,weight_distribution,18,developmental_youth,"{""team_context"":""qb_uncertain"",""profile_id"":""developmental_youth"",""weight"":""0.15""}"
nfl_practice_squad,nfl_practice_squad_profile_weights_by_team_context.csv,nfl_practice_squad_profile_weights_by_team_context,weight_distribution,19,veteran_contender,"{""team_context"":""qb_uncertain"",""profile_id"":""veteran_contender"",""weight"":""0.1""}"
nfl_practice_squad,nfl_practice_squad_profile_weights_by_team_context.csv,nfl_practice_squad_profile_weights_by_team_context,weight_distribution,20,injury_depth_heavy,"{""team_context"":""qb_uncertain"",""profile_id"":""injury_depth_heavy"",""weight"":""0.05""}"
nfl_practice_squad,nfl_practice_squad_profile_weights_by_team_context.csv,nfl_practice_squad_profile_weights_by_team_context,weight_distribution,21,injury_depth_heavy,"{""team_context"":""injury_riddled"",""profile_id"":""injury_depth_heavy"",""weight"":""0.5""}"
nfl_practice_squad,nfl_practice_squad_profile_weights_by_team_context.csv,nfl_practice_squad_profile_weights_by_team_context,weight_distribution,22,balanced_default,"{""team_context"":""injury_riddled"",""profile_id"":""balanced_default"",""weight"":""0.2""}"
nfl_practice_squad,nfl_practice_squad_profile_weights_by_team_context.csv,nfl_practice_squad_profile_weights_by_team_context,weight_distribution,23,veteran_contender,"{""team_context"":""injury_riddled"",""profile_id"":""veteran_contender"",""weight"":""0.15""}"
nfl_practice_squad,nfl_practice_squad_profile_weights_by_team_context.csv,nfl_practice_squad_profile_weights_by_team_context,weight_distribution,24,special_teams_heavy,"{""team_context"":""injury_riddled"",""profile_id"":""special_teams_heavy"",""weight"":""0.1""}"
nfl_practice_squad,nfl_practice_squad_profile_weights_by_team_context.csv,nfl_practice_squad_profile_weights_by_team_context,weight_distribution,25,developmental_youth,"{""team_context"":""injury_riddled"",""profile_id"":""developmental_youth"",""weight"":""0.05""}"
nfl_practice_squad,nfl_practice_squad_profile_weights_by_team_context.csv,nfl_practice_squad_profile_weights_by_team_context,weight_distribution,26,specialist_competition,"{""team_context"":""specialist_unstable"",""profile_id"":""specialist_competition"",""weight"":""0.45""}"
nfl_practice_squad,nfl_practice_squad_profile_weights_by_team_context.csv,nfl_practice_squad_profile_weights_by_team_context,weight_distribution,27,special_teams_heavy,"{""team_context"":""specialist_unstable"",""profile_id"":""special_teams_heavy"",""weight"":""0.25""}"
nfl_practice_squad,nfl_practice_squad_profile_weights_by_team_context.csv,nfl_practice_squad_profile_weights_by_team_context,weight_distribution,28,balanced_default,"{""team_context"":""specialist_unstable"",""profile_id"":""balanced_default"",""weight"":""0.2""}"
nfl_practice_squad,nfl_practice_squad_profile_weights_by_team_context.csv,nfl_practice_squad_profile_weights_by_team_context,weight_distribution,29,injury_depth_heavy,"{""team_context"":""specialist_unstable"",""profile_id"":""injury_depth_heavy"",""weight"":""0.1""}"
nfl_practice_squad,nfl_practice_squad_quality_balance_targets.csv,nfl_practice_squad_quality_balance_targets,validation_target,1,nfl_practice_squad_quality_balance_targets:1,"{""metric_id"":""standard_practice_squad_players_per_team"",""target_min"":""16"",""target_max"":""16"",""severity"":""error"",""notes"":""Every Year Zero NFL team starts with exactly 16 standard PS players.""}"
nfl_practice_squad,nfl_practice_squad_quality_balance_targets.csv,nfl_practice_squad_quality_balance_targets,validation_target,2,nfl_practice_squad_quality_balance_targets:2,"{""metric_id"":""league_ps_players_standard"",""target_min"":""512"",""target_max"":""512"",""severity"":""error"",""notes"":""For 32 teams without IPP exemption.""}"
nfl_practice_squad,nfl_practice_squad_quality_balance_targets.csv,nfl_practice_squad_quality_balance_targets,validation_target,3,nfl_practice_squad_quality_balance_targets:3,"{""metric_id"":""average_ps_current_overall"",""target_min"":""48"",""target_max"":""57"",""severity"":""warning"",""notes"":""Practice squads should be below active roster quality but not useless.""}"
nfl_practice_squad,nfl_practice_squad_quality_balance_targets.csv,nfl_practice_squad_quality_balance_targets,validation_target,4,nfl_practice_squad_quality_balance_targets:4,"{""metric_id"":""ps_premium_stash_share"",""target_min"":""0.06"",""target_max"":""0.14"",""severity"":""warning"",""notes"":""Near-roster players exist but should be limited.""}"
nfl_practice_squad,nfl_practice_squad_quality_balance_targets.csv,nfl_practice_squad_quality_balance_targets,validation_target,5,nfl_practice_squad_quality_balance_targets:5,"{""metric_id"":""ps_veteran_share"",""target_min"":""0.12"",""target_max"":""0.3"",""severity"":""warning"",""notes"":""Veterans are present but should not dominate all squads.""}"
nfl_practice_squad,nfl_practice_squad_quality_balance_targets.csv,nfl_practice_squad_quality_balance_targets,validation_target,6,nfl_practice_squad_quality_balance_targets:6,"{""metric_id"":""team_veteran_count"",""target_min"":""0"",""target_max"":""6"",""severity"":""error"",""notes"":""Respect veteran exception limit.""}"
nfl_practice_squad,nfl_practice_squad_quality_balance_targets.csv,nfl_practice_squad_quality_balance_targets,validation_target,7,nfl_practice_squad_quality_balance_targets:7,"{""metric_id"":""combined_category_iii_iv_count"",""target_min"":""0"",""target_max"":""10"",""severity"":""error"",""notes"":""Respect combined eligibility limit.""}"
nfl_practice_squad,nfl_practice_squad_quality_balance_targets.csv,nfl_practice_squad_quality_balance_targets,validation_target,8,nfl_practice_squad_quality_balance_targets:8,"{""metric_id"":""weekly_protected_players"",""target_min"":""0"",""target_max"":""4"",""severity"":""error"",""notes"":""Weekly protection cap.""}"
nfl_practice_squad,nfl_practice_squad_quality_balance_targets.csv,nfl_practice_squad_quality_balance_targets,validation_target,9,nfl_practice_squad_quality_balance_targets:9,"{""metric_id"":""weekly_elevated_players"",""target_min"":""0"",""target_max"":""2"",""severity"":""error"",""notes"":""Weekly elevation cap.""}"
nfl_practice_squad,nfl_practice_squad_quality_balance_targets.csv,nfl_practice_squad_quality_balance_targets,validation_target,10,nfl_practice_squad_quality_balance_targets:10,"{""metric_id"":""per_player_elevations_per_season"",""target_min"":""0"",""target_max"":""3"",""severity"":""error"",""notes"":""Player must be promoted to active roster after further use.""}"
nfl_practice_squad,nfl_practice_squad_quality_balance_targets.csv,nfl_practice_squad_quality_balance_targets,validation_target,11,nfl_practice_squad_quality_balance_targets:11,"{""metric_id"":""ps_to_active_promotion_rate_per_season"",""target_min"":""0.06"",""target_max"":""0.22"",""severity"":""warning"",""notes"":""Some PS players should matter over a season.""}"
nfl_practice_squad,nfl_practice_squad_quality_balance_targets.csv,nfl_practice_squad_quality_balance_targets,validation_target,12,nfl_practice_squad_quality_balance_targets:12,"{""metric_id"":""ps_poached_players_per_team_per_season"",""target_min"":""0"",""target_max"":""3"",""severity"":""warning"",""notes"":""Poaching should happen but not gut every squad.""}"
nfl_practice_squad,nfl_practice_squad_quality_generation_algorithm.csv,nfl_practice_squad_quality_generation_algorithm,algorithm,1,nfl_practice_squad_quality_generation_algorithm:1,"{""step"":""1"",""action"":""Determine team context from active roster quality, cap, injuries, QB count, and team phase."",""input_csvs"":""nfl_practice_squad_team_context_modifiers.csv"",""output"":""team_context"",""validation"":""context must exist in profile weights""}"
nfl_practice_squad,nfl_practice_squad_quality_generation_algorithm.csv,nfl_practice_squad_quality_generation_algorithm,algorithm,2,nfl_practice_squad_quality_generation_algorithm:2,"{""step"":""2"",""action"":""Sample a 16-player composition profile."",""input_csvs"":""nfl_practice_squad_profile_weights_by_team_context.csv,nfl_practice_squad_composition_profiles.csv"",""output"":""position/group targets"",""validation"":""profile sum must equal 16""}"
nfl_practice_squad,nfl_practice_squad_quality_generation_algorithm.csv,nfl_practice_squad_quality_generation_algorithm,algorithm,3,nfl_practice_squad_quality_generation_algorithm:3,"{""step"":""3"",""action"":""Expand group targets into canonical positions using position targets and active roster weaknesses."",""input_csvs"":""nfl_practice_squad_position_targets.csv"",""output"":""position list"",""validation"":""no invalid position; total equals 16""}"
nfl_practice_squad,nfl_practice_squad_quality_generation_algorithm.csv,nfl_practice_squad_quality_generation_algorithm,algorithm,4,nfl_practice_squad_quality_generation_algorithm:4,"{""step"":""4"",""action"":""For each slot, sample quality tier by position group."",""input_csvs"":""nfl_practice_squad_quality_mix_by_position_group.csv,nfl_practice_squad_quality_tiers.csv"",""output"":""quality_tier"",""validation"":""weights normalize by position group""}"
nfl_practice_squad,nfl_practice_squad_quality_generation_algorithm.csv,nfl_practice_squad_quality_generation_algorithm,algorithm,5,nfl_practice_squad_quality_generation_algorithm:5,"{""step"":""5"",""action"":""Sample source type, age, experience, and eligibility bucket."",""input_csvs"":""nfl_practice_squad_source_mix_by_quality.csv,nfl_practice_squad_age_experience_by_quality.csv,nfl_practice_squad_eligibility_buckets.csv"",""output"":""source, age, accrued seasons, eligibility"",""validation"":""veteran and combined limits must pass""}"
nfl_practice_squad,nfl_practice_squad_quality_generation_algorithm.csv,nfl_practice_squad_quality_generation_algorithm,algorithm,6,nfl_practice_squad_quality_generation_algorithm:6,"{""step"":""6"",""action"":""Generate current NFL ability and potential in the practice squad tier range."",""input_csvs"":""nfl_practice_squad_quality_tiers.csv,nfl_practice_squad_development_value_rules.csv"",""output"":""nflCurrent,nflPotential,development flags"",""validation"":""current/potential in tier bounds""}"
nfl_practice_squad,nfl_practice_squad_quality_generation_algorithm.csv,nfl_practice_squad_quality_generation_algorithm,algorithm,7,nfl_practice_squad_quality_generation_algorithm:7,"{""step"":""7"",""action"":""Assign salary, contract, practice squad state, elevation counters, protection priority, and poach risk."",""input_csvs"":""nfl_practice_squad_salary_rules.csv,nfl_practice_squad_poach_protection_rules.csv"",""output"":""practiceSquad player object"",""validation"":""salary and cap accounting valid""}"
nfl_practice_squad,nfl_practice_squad_quality_generation_algorithm.csv,nfl_practice_squad_quality_generation_algorithm,algorithm,8,nfl_practice_squad_quality_generation_algorithm:8,"{""step"":""8"",""action"":""Run team and league balance checks."",""input_csvs"":""nfl_practice_squad_quality_balance_targets.csv,nfl_practice_squad_rulebook.csv"",""output"":""debug report"",""validation"":""error metrics block save creation""}"
nfl_practice_squad,nfl_practice_squad_quality_generation_examples.csv,nfl_practice_squad_quality_generation_examples,example,1,QB,"{""example_id"":""balanced_qb3"",""team_context"":""neutral"",""position"":""QB"",""quality_tier"":""ps_developmental_upside"",""age"":""23"",""experience"":""1"",""nfl_current"":""52"",""nfl_potential"":""68"",""source_type"":""own_cutdown"",""expected_use"":""emergency QB3 and future backup evaluation"",""protect_priority"":""medium"",""poach_risk"":""medium""}"
nfl_practice_squad,nfl_practice_squad_quality_generation_examples.csv,nfl_practice_squad_quality_generation_examples,example,2,LB,"{""example_id"":""contender_vet_lb"",""team_context"":""contender_cap_stressed"",""position"":""LB"",""quality_tier"":""ps_veteran_emergency"",""age"":""31"",""experience"":""8"",""nfl_current"":""58"",""nfl_potential"":""59"",""source_type"":""veteran_release"",""expected_use"":""special teams and injury elevation"",""protect_priority"":""low"",""poach_risk"":""low-medium""}"
nfl_practice_squad,nfl_practice_squad_quality_generation_examples.csv,nfl_practice_squad_quality_generation_examples,example,3,EDGE,"{""example_id"":""raw_edge_project"",""team_context"":""rebuilding_low_depth"",""position"":""EDGE"",""quality_tier"":""ps_project"",""age"":""22"",""experience"":""0"",""nfl_current"":""43"",""nfl_potential"":""69"",""source_type"":""udfa_recent"",""expected_use"":""developmental pass-rush project"",""protect_priority"":""low"",""poach_risk"":""low""}"
nfl_practice_squad,nfl_practice_squad_quality_generation_examples.csv,nfl_practice_squad_quality_generation_examples,example,4,CB,"{""example_id"":""premium_cb_stash"",""team_context"":""neutral"",""position"":""CB"",""quality_tier"":""ps_premium_stash"",""age"":""24"",""experience"":""2"",""nfl_current"":""61"",""nfl_potential"":""72"",""source_type"":""waiver_cleared_other_team"",""expected_use"":""near-roster DB depth, protect weekly"",""protect_priority"":""high"",""poach_risk"":""high""}"
nfl_practice_squad,nfl_practice_squad_quality_generation_examples.csv,nfl_practice_squad_quality_generation_examples,example,5,K,"{""example_id"":""specialist_kicker"",""team_context"":""specialist_unstable"",""position"":""K"",""quality_tier"":""ps_specialist_depth"",""age"":""25"",""experience"":""1"",""nfl_current"":""55"",""nfl_potential"":""63"",""source_type"":""waiver_cleared_other_team"",""expected_use"":""kicking competition or injury cover"",""protect_priority"":""low"",""poach_risk"":""low""}"
nfl_practice_squad,nfl_practice_squad_quality_mix_by_position_group.csv,nfl_practice_squad_quality_mix_by_position_group,weight_distribution,1,QB,"{""position_group"":""QB"",""quality_tier"":""ps_premium_stash"",""weight"":""0.16""}"
nfl_practice_squad,nfl_practice_squad_quality_mix_by_position_group.csv,nfl_practice_squad_quality_mix_by_position_group,weight_distribution,2,QB,"{""position_group"":""QB"",""quality_tier"":""ps_game_day_depth"",""weight"":""0.24""}"
nfl_practice_squad,nfl_practice_squad_quality_mix_by_position_group.csv,nfl_practice_squad_quality_mix_by_position_group,weight_distribution,3,QB,"{""position_group"":""QB"",""quality_tier"":""ps_developmental_upside"",""weight"":""0.34""}"
nfl_practice_squad,nfl_practice_squad_quality_mix_by_position_group.csv,nfl_practice_squad_quality_mix_by_position_group,weight_distribution,4,QB,"{""position_group"":""QB"",""quality_tier"":""ps_veteran_emergency"",""weight"":""0.18""}"
nfl_practice_squad,nfl_practice_squad_quality_mix_by_position_group.csv,nfl_practice_squad_quality_mix_by_position_group,weight_distribution,5,QB,"{""position_group"":""QB"",""quality_tier"":""ps_project"",""weight"":""0.08""}"
nfl_practice_squad,nfl_practice_squad_quality_mix_by_position_group.csv,nfl_practice_squad_quality_mix_by_position_group,weight_distribution,6,QB,"{""position_group"":""QB"",""quality_tier"":""ps_specialist_depth"",""weight"":""0""}"
nfl_practice_squad,nfl_practice_squad_quality_mix_by_position_group.csv,nfl_practice_squad_quality_mix_by_position_group,weight_distribution,7,RB,"{""position_group"":""RB"",""quality_tier"":""ps_premium_stash"",""weight"":""0.08""}"
nfl_practice_squad,nfl_practice_squad_quality_mix_by_position_group.csv,nfl_practice_squad_quality_mix_by_position_group,weight_distribution,8,RB,"{""position_group"":""RB"",""quality_tier"":""ps_game_day_depth"",""weight"":""0.24""}"
nfl_practice_squad,nfl_practice_squad_quality_mix_by_position_group.csv,nfl_practice_squad_quality_mix_by_position_group,weight_distribution,9,RB,"{""position_group"":""RB"",""quality_tier"":""ps_developmental_upside"",""weight"":""0.31""}"
nfl_practice_squad,nfl_practice_squad_quality_mix_by_position_group.csv,nfl_practice_squad_quality_mix_by_position_group,weight_distribution,10,RB,"{""position_group"":""RB"",""quality_tier"":""ps_veteran_emergency"",""weight"":""0.14""}"
nfl_practice_squad,nfl_practice_squad_quality_mix_by_position_group.csv,nfl_practice_squad_quality_mix_by_position_group,weight_distribution,11,RB,"{""position_group"":""RB"",""quality_tier"":""ps_project"",""weight"":""0.23""}"
nfl_practice_squad,nfl_practice_squad_quality_mix_by_position_group.csv,nfl_practice_squad_quality_mix_by_position_group,weight_distribution,12,RB,"{""position_group"":""RB"",""quality_tier"":""ps_specialist_depth"",""weight"":""0""}"
nfl_practice_squad,nfl_practice_squad_quality_mix_by_position_group.csv,nfl_practice_squad_quality_mix_by_position_group,weight_distribution,13,WR,"{""position_group"":""WR"",""quality_tier"":""ps_premium_stash"",""weight"":""0.1""}"
nfl_practice_squad,nfl_practice_squad_quality_mix_by_position_group.csv,nfl_practice_squad_quality_mix_by_position_group,weight_distribution,14,WR,"{""position_group"":""WR"",""quality_tier"":""ps_game_day_depth"",""weight"":""0.2""}"
nfl_practice_squad,nfl_practice_squad_quality_mix_by_position_group.csv,nfl_practice_squad_quality_mix_by_position_group,weight_distribution,15,WR,"{""position_group"":""WR"",""quality_tier"":""ps_developmental_upside"",""weight"":""0.38""}"
nfl_practice_squad,nfl_practice_squad_quality_mix_by_position_group.csv,nfl_practice_squad_quality_mix_by_position_group,weight_distribution,16,WR,"{""position_group"":""WR"",""quality_tier"":""ps_veteran_emergency"",""weight"":""0.07""}"
nfl_practice_squad,nfl_practice_squad_quality_mix_by_position_group.csv,nfl_practice_squad_quality_mix_by_position_group,weight_distribution,17,WR,"{""position_group"":""WR"",""quality_tier"":""ps_project"",""weight"":""0.2""}"
nfl_practice_squad,nfl_practice_squad_quality_mix_by_position_group.csv,nfl_practice_squad_quality_mix_by_position_group,weight_distribution,18,WR,"{""position_group"":""WR"",""quality_tier"":""ps_specialist_depth"",""weight"":""0.05""}"
nfl_practice_squad,nfl_practice_squad_quality_mix_by_position_group.csv,nfl_practice_squad_quality_mix_by_position_group,weight_distribution,19,TE,"{""position_group"":""TE"",""quality_tier"":""ps_premium_stash"",""weight"":""0.08""}"
nfl_practice_squad,nfl_practice_squad_quality_mix_by_position_group.csv,nfl_practice_squad_quality_mix_by_position_group,weight_distribution,20,TE,"{""position_group"":""TE"",""quality_tier"":""ps_game_day_depth"",""weight"":""0.22""}"
nfl_practice_squad,nfl_practice_squad_quality_mix_by_position_group.csv,nfl_practice_squad_quality_mix_by_position_group,weight_distribution,21,TE,"{""position_group"":""TE"",""quality_tier"":""ps_developmental_upside"",""weight"":""0.3""}"
nfl_practice_squad,nfl_practice_squad_quality_mix_by_position_group.csv,nfl_practice_squad_quality_mix_by_position_group,weight_distribution,22,TE,"{""position_group"":""TE"",""quality_tier"":""ps_veteran_emergency"",""weight"":""0.14""}"
nfl_practice_squad,nfl_practice_squad_quality_mix_by_position_group.csv,nfl_practice_squad_quality_mix_by_position_group,weight_distribution,23,TE,"{""position_group"":""TE"",""quality_tier"":""ps_project"",""weight"":""0.21""}"
nfl_practice_squad,nfl_practice_squad_quality_mix_by_position_group.csv,nfl_practice_squad_quality_mix_by_position_group,weight_distribution,24,TE,"{""position_group"":""TE"",""quality_tier"":""ps_specialist_depth"",""weight"":""0.05""}"
nfl_practice_squad,nfl_practice_squad_quality_mix_by_position_group.csv,nfl_practice_squad_quality_mix_by_position_group,weight_distribution,25,OL,"{""position_group"":""OL"",""quality_tier"":""ps_premium_stash"",""weight"":""0.12""}"
nfl_practice_squad,nfl_practice_squad_quality_mix_by_position_group.csv,nfl_practice_squad_quality_mix_by_position_group,weight_distribution,26,OL,"{""position_group"":""OL"",""quality_tier"":""ps_game_day_depth"",""weight"":""0.28""}"
nfl_practice_squad,nfl_practice_squad_quality_mix_by_position_group.csv,nfl_practice_squad_quality_mix_by_position_group,weight_distribution,27,OL,"{""position_group"":""OL"",""quality_tier"":""ps_developmental_upside"",""weight"":""0.22""}"
nfl_practice_squad,nfl_practice_squad_quality_mix_by_position_group.csv,nfl_practice_squad_quality_mix_by_position_group,weight_distribution,28,OL,"{""position_group"":""OL"",""quality_tier"":""ps_veteran_emergency"",""weight"":""0.2""}"
nfl_practice_squad,nfl_practice_squad_quality_mix_by_position_group.csv,nfl_practice_squad_quality_mix_by_position_group,weight_distribution,29,OL,"{""position_group"":""OL"",""quality_tier"":""ps_project"",""weight"":""0.18""}"
nfl_practice_squad,nfl_practice_squad_quality_mix_by_position_group.csv,nfl_practice_squad_quality_mix_by_position_group,weight_distribution,30,OL,"{""position_group"":""OL"",""quality_tier"":""ps_specialist_depth"",""weight"":""0""}"
nfl_practice_squad,nfl_practice_squad_quality_mix_by_position_group.csv,nfl_practice_squad_quality_mix_by_position_group,weight_distribution,31,EDGE,"{""position_group"":""EDGE"",""quality_tier"":""ps_premium_stash"",""weight"":""0.09""}"
nfl_practice_squad,nfl_practice_squad_quality_mix_by_position_group.csv,nfl_practice_squad_quality_mix_by_position_group,weight_distribution,32,EDGE,"{""position_group"":""EDGE"",""quality_tier"":""ps_game_day_depth"",""weight"":""0.22""}"
nfl_practice_squad,nfl_practice_squad_quality_mix_by_position_group.csv,nfl_practice_squad_quality_mix_by_position_group,weight_distribution,33,EDGE,"{""position_group"":""EDGE"",""quality_tier"":""ps_developmental_upside"",""weight"":""0.34""}"
nfl_practice_squad,nfl_practice_squad_quality_mix_by_position_group.csv,nfl_practice_squad_quality_mix_by_position_group,weight_distribution,34,EDGE,"{""position_group"":""EDGE"",""quality_tier"":""ps_veteran_emergency"",""weight"":""0.1""}"
nfl_practice_squad,nfl_practice_squad_quality_mix_by_position_group.csv,nfl_practice_squad_quality_mix_by_position_group,weight_distribution,35,EDGE,"{""position_group"":""EDGE"",""quality_tier"":""ps_project"",""weight"":""0.25""}"
nfl_practice_squad,nfl_practice_squad_quality_mix_by_position_group.csv,nfl_practice_squad_quality_mix_by_position_group,weight_distribution,36,EDGE,"{""position_group"":""EDGE"",""quality_tier"":""ps_specialist_depth"",""weight"":""0""}"
nfl_practice_squad,nfl_practice_squad_quality_mix_by_position_group.csv,nfl_practice_squad_quality_mix_by_position_group,weight_distribution,37,DL,"{""position_group"":""DL"",""quality_tier"":""ps_premium_stash"",""weight"":""0.1""}"
nfl_practice_squad,nfl_practice_squad_quality_mix_by_position_group.csv,nfl_practice_squad_quality_mix_by_position_group,weight_distribution,38,DL,"{""position_group"":""DL"",""quality_tier"":""ps_game_day_depth"",""weight"":""0.28""}"
nfl_practice_squad,nfl_practice_squad_quality_mix_by_position_group.csv,nfl_practice_squad_quality_mix_by_position_group,weight_distribution,39,DL,"{""position_group"":""DL"",""quality_tier"":""ps_developmental_upside"",""weight"":""0.24""}"
nfl_practice_squad,nfl_practice_squad_quality_mix_by_position_group.csv,nfl_practice_squad_quality_mix_by_position_group,weight_distribution,40,DL,"{""position_group"":""DL"",""quality_tier"":""ps_veteran_emergency"",""weight"":""0.18""}"
nfl_practice_squad,nfl_practice_squad_quality_mix_by_position_group.csv,nfl_practice_squad_quality_mix_by_position_group,weight_distribution,41,DL,"{""position_group"":""DL"",""quality_tier"":""ps_project"",""weight"":""0.2""}"
nfl_practice_squad,nfl_practice_squad_quality_mix_by_position_group.csv,nfl_practice_squad_quality_mix_by_position_group,weight_distribution,42,DL,"{""position_group"":""DL"",""quality_tier"":""ps_specialist_depth"",""weight"":""0""}"
nfl_practice_squad,nfl_practice_squad_quality_mix_by_position_group.csv,nfl_practice_squad_quality_mix_by_position_group,weight_distribution,43,LB,"{""position_group"":""LB"",""quality_tier"":""ps_premium_stash"",""weight"":""0.08""}"
nfl_practice_squad,nfl_practice_squad_quality_mix_by_position_group.csv,nfl_practice_squad_quality_mix_by_position_group,weight_distribution,44,LB,"{""position_group"":""LB"",""quality_tier"":""ps_game_day_depth"",""weight"":""0.27""}"
nfl_practice_squad,nfl_practice_squad_quality_mix_by_position_group.csv,nfl_practice_squad_quality_mix_by_position_group,weight_distribution,45,LB,"{""position_group"":""LB"",""quality_tier"":""ps_developmental_upside"",""weight"":""0.24""}"
nfl_practice_squad,nfl_practice_squad_quality_mix_by_position_group.csv,nfl_practice_squad_quality_mix_by_position_group,weight_distribution,46,LB,"{""position_group"":""LB"",""quality_tier"":""ps_veteran_emergency"",""weight"":""0.14""}"
nfl_practice_squad,nfl_practice_squad_quality_mix_by_position_group.csv,nfl_practice_squad_quality_mix_by_position_group,weight_distribution,47,LB,"{""position_group"":""LB"",""quality_tier"":""ps_project"",""weight"":""0.17""}"
nfl_practice_squad,nfl_practice_squad_quality_mix_by_position_group.csv,nfl_practice_squad_quality_mix_by_position_group,weight_distribution,48,LB,"{""position_group"":""LB"",""quality_tier"":""ps_specialist_depth"",""weight"":""0.1""}"
nfl_practice_squad,nfl_practice_squad_quality_mix_by_position_group.csv,nfl_practice_squad_quality_mix_by_position_group,weight_distribution,49,CB,"{""position_group"":""CB"",""quality_tier"":""ps_premium_stash"",""weight"":""0.12""}"
nfl_practice_squad,nfl_practice_squad_quality_mix_by_position_group.csv,nfl_practice_squad_quality_mix_by_position_group,weight_distribution,50,CB,"{""position_group"":""CB"",""quality_tier"":""ps_game_day_depth"",""weight"":""0.24""}"
nfl_practice_squad,nfl_practice_squad_quality_mix_by_position_group.csv,nfl_practice_squad_quality_mix_by_position_group,weight_distribution,51,CB,"{""position_group"":""CB"",""quality_tier"":""ps_developmental_upside"",""weight"":""0.34""}"
nfl_practice_squad,nfl_practice_squad_quality_mix_by_position_group.csv,nfl_practice_squad_quality_mix_by_position_group,weight_distribution,52,CB,"{""position_group"":""CB"",""quality_tier"":""ps_veteran_emergency"",""weight"":""0.07""}"
nfl_practice_squad,nfl_practice_squad_quality_mix_by_position_group.csv,nfl_practice_squad_quality_mix_by_position_group,weight_distribution,53,CB,"{""position_group"":""CB"",""quality_tier"":""ps_project"",""weight"":""0.18""}"
nfl_practice_squad,nfl_practice_squad_quality_mix_by_position_group.csv,nfl_practice_squad_quality_mix_by_position_group,weight_distribution,54,CB,"{""position_group"":""CB"",""quality_tier"":""ps_specialist_depth"",""weight"":""0.05""}"
nfl_practice_squad,nfl_practice_squad_quality_mix_by_position_group.csv,nfl_practice_squad_quality_mix_by_position_group,weight_distribution,55,S,"{""position_group"":""S"",""quality_tier"":""ps_premium_stash"",""weight"":""0.1""}"
nfl_practice_squad,nfl_practice_squad_quality_mix_by_position_group.csv,nfl_practice_squad_quality_mix_by_position_group,weight_distribution,56,S,"{""position_group"":""S"",""quality_tier"":""ps_game_day_depth"",""weight"":""0.27""}"
nfl_practice_squad,nfl_practice_squad_quality_mix_by_position_group.csv,nfl_practice_squad_quality_mix_by_position_group,weight_distribution,57,S,"{""position_group"":""S"",""quality_tier"":""ps_developmental_upside"",""weight"":""0.27""}"
nfl_practice_squad,nfl_practice_squad_quality_mix_by_position_group.csv,nfl_practice_squad_quality_mix_by_position_group,weight_distribution,58,S,"{""position_group"":""S"",""quality_tier"":""ps_veteran_emergency"",""weight"":""0.12""}"
nfl_practice_squad,nfl_practice_squad_quality_mix_by_position_group.csv,nfl_practice_squad_quality_mix_by_position_group,weight_distribution,59,S,"{""position_group"":""S"",""quality_tier"":""ps_project"",""weight"":""0.14""}"
nfl_practice_squad,nfl_practice_squad_quality_mix_by_position_group.csv,nfl_practice_squad_quality_mix_by_position_group,weight_distribution,60,S,"{""position_group"":""S"",""quality_tier"":""ps_specialist_depth"",""weight"":""0.1""}"
nfl_practice_squad,nfl_practice_squad_quality_mix_by_position_group.csv,nfl_practice_squad_quality_mix_by_position_group,weight_distribution,61,SPECIALIST,"{""position_group"":""SPECIALIST"",""quality_tier"":""ps_premium_stash"",""weight"":""0.05""}"
nfl_practice_squad,nfl_practice_squad_quality_mix_by_position_group.csv,nfl_practice_squad_quality_mix_by_position_group,weight_distribution,62,SPECIALIST,"{""position_group"":""SPECIALIST"",""quality_tier"":""ps_game_day_depth"",""weight"":""0.2""}"
nfl_practice_squad,nfl_practice_squad_quality_mix_by_position_group.csv,nfl_practice_squad_quality_mix_by_position_group,weight_distribution,63,SPECIALIST,"{""position_group"":""SPECIALIST"",""quality_tier"":""ps_developmental_upside"",""weight"":""0.15""}"
nfl_practice_squad,nfl_practice_squad_quality_mix_by_position_group.csv,nfl_practice_squad_quality_mix_by_position_group,weight_distribution,64,SPECIALIST,"{""position_group"":""SPECIALIST"",""quality_tier"":""ps_veteran_emergency"",""weight"":""0.1""}"
nfl_practice_squad,nfl_practice_squad_quality_mix_by_position_group.csv,nfl_practice_squad_quality_mix_by_position_group,weight_distribution,65,SPECIALIST,"{""position_group"":""SPECIALIST"",""quality_tier"":""ps_project"",""weight"":""0.1""}"
nfl_practice_squad,nfl_practice_squad_quality_mix_by_position_group.csv,nfl_practice_squad_quality_mix_by_position_group,weight_distribution,66,SPECIALIST,"{""position_group"":""SPECIALIST"",""quality_tier"":""ps_specialist_depth"",""weight"":""0.4""}"
nfl_practice_squad,nfl_practice_squad_quality_research_basis.csv,nfl_practice_squad_quality_research_basis,research_basis,1,nfl_practice_squad_quality_research_basis:1,"{""source_id"":""practice_squad_rule_summaries_2024_2026"",""finding"":""NFL practice squads normally have 16 players, with possible IPP exemption to 17."",""implementation_use"":""Generate 16 standard players; leave IPP optional.""}"
nfl_practice_squad,nfl_practice_squad_quality_research_basis.csv,nfl_practice_squad_quality_research_basis,research_basis,2,nfl_practice_squad_quality_research_basis:2,"{""source_id"":""cba_eligibility_summaries"",""finding"":""Teams can carry up to six unlimited-experience veterans and category iii plus iv combined cannot exceed ten."",""implementation_use"":""Separate eligibility buckets and validate veteran/combined limits.""}"
nfl_practice_squad,nfl_practice_squad_quality_research_basis.csv,nfl_practice_squad_quality_research_basis,research_basis,3,nfl_practice_squad_quality_research_basis:3,"{""source_id"":""practice_squad_poaching_rules"",""finding"":""Practice squad players can be signed by another team only to the active roster, with restrictions and guaranteed pay."",""implementation_use"":""Create poach risk, protection priority, and promotion/poaching rules.""}"
nfl_practice_squad,nfl_practice_squad_quality_research_basis.csv,nfl_practice_squad_quality_research_basis,research_basis,4,nfl_practice_squad_quality_research_basis:4,"{""source_id"":""salary_schedule_2026"",""finding"":""2026 practice squad weekly salary is $13,750 for low-experience players and $18,350-$22,850 for veterans."",""implementation_use"":""Salary rules by experience bucket.""}"
nfl_practice_squad,nfl_practice_squad_quality_research_basis.csv,nfl_practice_squad_quality_research_basis,research_basis,5,nfl_practice_squad_quality_research_basis:5,"{""source_id"":""practice_squad_mechanism"",""finding"":""Practice squads function as development, scout-team, injury replacement, and roster flexibility pools."",""implementation_use"":""Quality tiers split into premium stash, depth, developmental, veteran, specialist, and project.""}"
nfl_practice_squad,nfl_practice_squad_quality_tiers.csv,nfl_practice_squad_quality_tiers,runtime_tuning,1,nfl_practice_squad_quality_tiers:1,"{""quality_tier"":""ps_premium_stash"",""description"":""Near 53-man player; high poach/protection priority."",""nfl_current_min"":""58"",""nfl_current_max"":""66"",""nfl_potential_min"":""62"",""nfl_potential_max"":""76"",""default_share"":""0.1"",""poach_risk_base"":""0.36"",""promotion_readiness_base"":""0.72"",""rarity_note"":""rare""}"
nfl_practice_squad,nfl_practice_squad_quality_tiers.csv,nfl_practice_squad_quality_tiers,runtime_tuning,2,nfl_practice_squad_quality_tiers:2,"{""quality_tier"":""ps_game_day_depth"",""description"":""Useful emergency player who can be elevated during injuries or matchup weeks."",""nfl_current_min"":""52"",""nfl_current_max"":""60"",""nfl_potential_min"":""55"",""nfl_potential_max"":""69"",""default_share"":""0.22"",""poach_risk_base"":""0.3"",""promotion_readiness_base"":""0.48"",""rarity_note"":""common""}"
nfl_practice_squad,nfl_practice_squad_quality_tiers.csv,nfl_practice_squad_quality_tiers,runtime_tuning,3,nfl_practice_squad_quality_tiers:3,"{""quality_tier"":""ps_developmental_upside"",""description"":""Younger toolsy player with higher ceiling than current value."",""nfl_current_min"":""45"",""nfl_current_max"":""55"",""nfl_potential_min"":""58"",""nfl_potential_max"":""74"",""default_share"":""0.3"",""poach_risk_base"":""0.18"",""promotion_readiness_base"":""0.32"",""rarity_note"":""common""}"
nfl_practice_squad,nfl_practice_squad_quality_tiers.csv,nfl_practice_squad_quality_tiers,runtime_tuning,4,nfl_practice_squad_quality_tiers:4,"{""quality_tier"":""ps_specialist_depth"",""description"":""K/P/return/special teams support or niche role player."",""nfl_current_min"":""47"",""nfl_current_max"":""59"",""nfl_potential_min"":""50"",""nfl_potential_max"":""66"",""default_share"":""0.12"",""poach_risk_base"":""0.16"",""promotion_readiness_base"":""0.42"",""rarity_note"":""position_dependent""}"
nfl_practice_squad,nfl_practice_squad_quality_tiers.csv,nfl_practice_squad_quality_tiers,runtime_tuning,5,nfl_practice_squad_quality_tiers:5,"{""quality_tier"":""ps_veteran_emergency"",""description"":""Older veteran who can survive snaps but has little future upside."",""nfl_current_min"":""52"",""nfl_current_max"":""61"",""nfl_potential_min"":""52"",""nfl_potential_max"":""64"",""default_share"":""0.14"",""poach_risk_base"":""0.22"",""promotion_readiness_base"":""0.46"",""rarity_note"":""limited_by_veteran_slots""}"
nfl_practice_squad,nfl_practice_squad_quality_tiers.csv,nfl_practice_squad_quality_tiers,runtime_tuning,6,nfl_practice_squad_quality_tiers:6,"{""quality_tier"":""ps_project"",""description"":""Raw player unlikely to play this year; kept for athletic/position traits."",""nfl_current_min"":""38"",""nfl_current_max"":""49"",""nfl_potential_min"":""55"",""nfl_potential_max"":""72"",""default_share"":""0.12"",""poach_risk_base"":""0.08"",""promotion_readiness_base"":""0.18"",""rarity_note"":""common_for_low_tier_teams""}"
nfl_practice_squad,nfl_practice_squad_rulebook.csv,nfl_practice_squad_rulebook,definition,1,default_2026,"{""rule_id"":""default_2026"",""season_start"":""2026"",""season_end"":""2030"",""max_standard_players"":""16"",""max_ipp_exemption_players"":""1"",""max_total_players_with_ipp"":""17"",""max_unlimited_experience_veterans"":""6"",""max_combined_category_iii_iv"":""10"",""weekly_elevation_limit"":""2"",""per_player_elevation_limit"":""3"",""weekly_protection_limit"":""4"",""poach_requires_active_roster"":""true"",""poach_min_active_weeks"":""3"",""opponent_poach_blackout_days"":""6"",""bye_week_blackout_days"":""10"",""counts_against_salary_cap"":""true"",""source_basis"":""researched_cba_rule_summary"",""notes"":""Generate 16 standard players. Add IPP only if the game later supports an international pathway slot.""}"
nfl_practice_squad,nfl_practice_squad_salary_rules.csv,nfl_practice_squad_salary_rules,rule,1,nfl_practice_squad_salary_rules:1,"{""season_year"":""2026"",""salary_band"":""rookie_low_experience"",""weekly_min"":""13750"",""weekly_max"":""13750"",""eligible_experience"":""rookie_or_two_or_fewer_accrued"",""notes"":""Low-experience practice squad salary.""}"
nfl_practice_squad,nfl_practice_squad_salary_rules.csv,nfl_practice_squad_salary_rules,rule,2,nfl_practice_squad_salary_rules:2,"{""season_year"":""2026"",""salary_band"":""veteran_practice_squad"",""weekly_min"":""18350"",""weekly_max"":""22850"",""eligible_experience"":""veteran_unlimited_experience"",""notes"":""Veteran practice squad negotiated range.""}"
nfl_practice_squad,nfl_practice_squad_salary_rules.csv,nfl_practice_squad_salary_rules,rule,3,nfl_practice_squad_salary_rules:3,"{""season_year"":""2027"",""salary_band"":""rookie_low_experience"",""weekly_min"":""14500"",""weekly_max"":""14500"",""eligible_experience"":""rookie_or_two_or_fewer_accrued"",""notes"":""Future season reference.""}"
nfl_practice_squad,nfl_practice_squad_salary_rules.csv,nfl_practice_squad_salary_rules,rule,4,nfl_practice_squad_salary_rules:4,"{""season_year"":""2027"",""salary_band"":""veteran_practice_squad"",""weekly_min"":""19200"",""weekly_max"":""23700"",""eligible_experience"":""veteran_unlimited_experience"",""notes"":""Future season reference.""}"
nfl_practice_squad,nfl_practice_squad_source_mix_by_quality.csv,nfl_practice_squad_source_mix_by_quality,weight_distribution,1,nfl_practice_squad_source_mix_by_quality:1,"{""quality_tier"":""ps_premium_stash"",""source_type"":""own_cutdown"",""weight"":""0.46""}"
nfl_practice_squad,nfl_practice_squad_source_mix_by_quality.csv,nfl_practice_squad_source_mix_by_quality,weight_distribution,2,nfl_practice_squad_source_mix_by_quality:2,"{""quality_tier"":""ps_premium_stash"",""source_type"":""waiver_cleared_other_team"",""weight"":""0.22""}"
nfl_practice_squad,nfl_practice_squad_source_mix_by_quality.csv,nfl_practice_squad_source_mix_by_quality,weight_distribution,3,nfl_practice_squad_source_mix_by_quality:3,"{""quality_tier"":""ps_premium_stash"",""source_type"":""udfa_recent"",""weight"":""0.18""}"
nfl_practice_squad,nfl_practice_squad_source_mix_by_quality.csv,nfl_practice_squad_source_mix_by_quality,weight_distribution,4,nfl_practice_squad_source_mix_by_quality:4,"{""quality_tier"":""ps_premium_stash"",""source_type"":""veteran_release"",""weight"":""0.1""}"
nfl_practice_squad,nfl_practice_squad_source_mix_by_quality.csv,nfl_practice_squad_source_mix_by_quality,weight_distribution,5,nfl_practice_squad_source_mix_by_quality:5,"{""quality_tier"":""ps_premium_stash"",""source_type"":""reserve_future_returnee"",""weight"":""0.04""}"
nfl_practice_squad,nfl_practice_squad_source_mix_by_quality.csv,nfl_practice_squad_source_mix_by_quality,weight_distribution,6,nfl_practice_squad_source_mix_by_quality:6,"{""quality_tier"":""ps_game_day_depth"",""source_type"":""own_cutdown"",""weight"":""0.4""}"
nfl_practice_squad,nfl_practice_squad_source_mix_by_quality.csv,nfl_practice_squad_source_mix_by_quality,weight_distribution,7,nfl_practice_squad_source_mix_by_quality:7,"{""quality_tier"":""ps_game_day_depth"",""source_type"":""waiver_cleared_other_team"",""weight"":""0.24""}"
nfl_practice_squad,nfl_practice_squad_source_mix_by_quality.csv,nfl_practice_squad_source_mix_by_quality,weight_distribution,8,nfl_practice_squad_source_mix_by_quality:8,"{""quality_tier"":""ps_game_day_depth"",""source_type"":""udfa_recent"",""weight"":""0.14""}"
nfl_practice_squad,nfl_practice_squad_source_mix_by_quality.csv,nfl_practice_squad_source_mix_by_quality,weight_distribution,9,nfl_practice_squad_source_mix_by_quality:9,"{""quality_tier"":""ps_game_day_depth"",""source_type"":""veteran_release"",""weight"":""0.18""}"
nfl_practice_squad,nfl_practice_squad_source_mix_by_quality.csv,nfl_practice_squad_source_mix_by_quality,weight_distribution,10,nfl_practice_squad_source_mix_by_quality:10,"{""quality_tier"":""ps_game_day_depth"",""source_type"":""reserve_future_returnee"",""weight"":""0.04""}"
nfl_practice_squad,nfl_practice_squad_source_mix_by_quality.csv,nfl_practice_squad_source_mix_by_quality,weight_distribution,11,nfl_practice_squad_source_mix_by_quality:11,"{""quality_tier"":""ps_developmental_upside"",""source_type"":""own_cutdown"",""weight"":""0.34""}"
nfl_practice_squad,nfl_practice_squad_source_mix_by_quality.csv,nfl_practice_squad_source_mix_by_quality,weight_distribution,12,nfl_practice_squad_source_mix_by_quality:12,"{""quality_tier"":""ps_developmental_upside"",""source_type"":""waiver_cleared_other_team"",""weight"":""0.24""}"
nfl_practice_squad,nfl_practice_squad_source_mix_by_quality.csv,nfl_practice_squad_source_mix_by_quality,weight_distribution,13,nfl_practice_squad_source_mix_by_quality:13,"{""quality_tier"":""ps_developmental_upside"",""source_type"":""udfa_recent"",""weight"":""0.32""}"
nfl_practice_squad,nfl_practice_squad_source_mix_by_quality.csv,nfl_practice_squad_source_mix_by_quality,weight_distribution,14,nfl_practice_squad_source_mix_by_quality:14,"{""quality_tier"":""ps_developmental_upside"",""source_type"":""veteran_release"",""weight"":""0.04""}"
nfl_practice_squad,nfl_practice_squad_source_mix_by_quality.csv,nfl_practice_squad_source_mix_by_quality,weight_distribution,15,nfl_practice_squad_source_mix_by_quality:15,"{""quality_tier"":""ps_developmental_upside"",""source_type"":""reserve_future_returnee"",""weight"":""0.06""}"
nfl_practice_squad,nfl_practice_squad_source_mix_by_quality.csv,nfl_practice_squad_source_mix_by_quality,weight_distribution,16,nfl_practice_squad_source_mix_by_quality:16,"{""quality_tier"":""ps_specialist_depth"",""source_type"":""own_cutdown"",""weight"":""0.3""}"
nfl_practice_squad,nfl_practice_squad_source_mix_by_quality.csv,nfl_practice_squad_source_mix_by_quality,weight_distribution,17,nfl_practice_squad_source_mix_by_quality:17,"{""quality_tier"":""ps_specialist_depth"",""source_type"":""waiver_cleared_other_team"",""weight"":""0.2""}"
nfl_practice_squad,nfl_practice_squad_source_mix_by_quality.csv,nfl_practice_squad_source_mix_by_quality,weight_distribution,18,nfl_practice_squad_source_mix_by_quality:18,"{""quality_tier"":""ps_specialist_depth"",""source_type"":""udfa_recent"",""weight"":""0.2""}"
nfl_practice_squad,nfl_practice_squad_source_mix_by_quality.csv,nfl_practice_squad_source_mix_by_quality,weight_distribution,19,nfl_practice_squad_source_mix_by_quality:19,"{""quality_tier"":""ps_specialist_depth"",""source_type"":""veteran_release"",""weight"":""0.2""}"
nfl_practice_squad,nfl_practice_squad_source_mix_by_quality.csv,nfl_practice_squad_source_mix_by_quality,weight_distribution,20,nfl_practice_squad_source_mix_by_quality:20,"{""quality_tier"":""ps_specialist_depth"",""source_type"":""reserve_future_returnee"",""weight"":""0.1""}"
nfl_practice_squad,nfl_practice_squad_source_mix_by_quality.csv,nfl_practice_squad_source_mix_by_quality,weight_distribution,21,nfl_practice_squad_source_mix_by_quality:21,"{""quality_tier"":""ps_veteran_emergency"",""source_type"":""own_cutdown"",""weight"":""0.24""}"
nfl_practice_squad,nfl_practice_squad_source_mix_by_quality.csv,nfl_practice_squad_source_mix_by_quality,weight_distribution,22,nfl_practice_squad_source_mix_by_quality:22,"{""quality_tier"":""ps_veteran_emergency"",""source_type"":""waiver_cleared_other_team"",""weight"":""0.14""}"
nfl_practice_squad,nfl_practice_squad_source_mix_by_quality.csv,nfl_practice_squad_source_mix_by_quality,weight_distribution,23,nfl_practice_squad_source_mix_by_quality:23,"{""quality_tier"":""ps_veteran_emergency"",""source_type"":""udfa_recent"",""weight"":""0.02""}"
nfl_practice_squad,nfl_practice_squad_source_mix_by_quality.csv,nfl_practice_squad_source_mix_by_quality,weight_distribution,24,nfl_practice_squad_source_mix_by_quality:24,"{""quality_tier"":""ps_veteran_emergency"",""source_type"":""veteran_release"",""weight"":""0.54""}"
nfl_practice_squad,nfl_practice_squad_source_mix_by_quality.csv,nfl_practice_squad_source_mix_by_quality,weight_distribution,25,nfl_practice_squad_source_mix_by_quality:25,"{""quality_tier"":""ps_veteran_emergency"",""source_type"":""reserve_future_returnee"",""weight"":""0.06""}"
nfl_practice_squad,nfl_practice_squad_source_mix_by_quality.csv,nfl_practice_squad_source_mix_by_quality,weight_distribution,26,nfl_practice_squad_source_mix_by_quality:26,"{""quality_tier"":""ps_project"",""source_type"":""own_cutdown"",""weight"":""0.24""}"
nfl_practice_squad,nfl_practice_squad_source_mix_by_quality.csv,nfl_practice_squad_source_mix_by_quality,weight_distribution,27,nfl_practice_squad_source_mix_by_quality:27,"{""quality_tier"":""ps_project"",""source_type"":""waiver_cleared_other_team"",""weight"":""0.26""}"
nfl_practice_squad,nfl_practice_squad_source_mix_by_quality.csv,nfl_practice_squad_source_mix_by_quality,weight_distribution,28,nfl_practice_squad_source_mix_by_quality:28,"{""quality_tier"":""ps_project"",""source_type"":""udfa_recent"",""weight"":""0.4""}"
nfl_practice_squad,nfl_practice_squad_source_mix_by_quality.csv,nfl_practice_squad_source_mix_by_quality,weight_distribution,29,nfl_practice_squad_source_mix_by_quality:29,"{""quality_tier"":""ps_project"",""source_type"":""veteran_release"",""weight"":""0.02""}"
nfl_practice_squad,nfl_practice_squad_source_mix_by_quality.csv,nfl_practice_squad_source_mix_by_quality,weight_distribution,30,nfl_practice_squad_source_mix_by_quality:30,"{""quality_tier"":""ps_project"",""source_type"":""reserve_future_returnee"",""weight"":""0.08""}"
nfl_practice_squad,nfl_practice_squad_team_context_modifiers.csv,nfl_practice_squad_team_context_modifiers,modifier,1,nfl_practice_squad_team_context_modifiers:1,"{""modifier_id"":""weak_active_roster"",""condition"":""team_overall_bottom_quartile"",""profile_context"":""developmental_youth"",""quality_tier_modifier"":""ps_developmental_upside:+0.08;ps_project:+0.04;ps_veteran_emergency:-0.04"",""position_modifier"":""QB:+0.10;OL:+0.06;CB:+0.05"",""notes"":""Bad teams should stash more upside.""}"
nfl_practice_squad,nfl_practice_squad_team_context_modifiers.csv,nfl_practice_squad_team_context_modifiers,modifier,2,nfl_practice_squad_team_context_modifiers:2,"{""modifier_id"":""contender"",""condition"":""team_overall_top_quartile"",""profile_context"":""veteran_contender"",""quality_tier_modifier"":""ps_game_day_depth:+0.08;ps_veteran_emergency:+0.06;ps_project:-0.06"",""position_modifier"":""OL:+0.08;LB:+0.04;S:+0.04"",""notes"":""Good teams value reliable emergency depth.""}"
nfl_practice_squad,nfl_practice_squad_team_context_modifiers.csv,nfl_practice_squad_team_context_modifiers,modifier,3,nfl_practice_squad_team_context_modifiers:3,"{""modifier_id"":""cap_stressed"",""condition"":""cap_room_bottom_quartile"",""profile_context"":""developmental_youth"",""quality_tier_modifier"":""ps_developmental_upside:+0.06;ps_veteran_emergency:-0.05"",""position_modifier"":""RB:+0.03;WR:+0.03;CB:+0.03"",""notes"":""Cheap controllable depth matters.""}"
nfl_practice_squad,nfl_practice_squad_team_context_modifiers.csv,nfl_practice_squad_team_context_modifiers,modifier,4,nfl_practice_squad_team_context_modifiers:4,"{""modifier_id"":""active_qb_two_only"",""condition"":""active_roster_qb_count_le_2"",""profile_context"":""qb_development"",""quality_tier_modifier"":""ps_game_day_depth:+0.04;ps_developmental_upside:+0.04"",""position_modifier"":""QB:+0.45"",""notes"":""Many teams prefer a QB3 on PS if active roster carries only two.""}"
nfl_practice_squad,nfl_practice_squad_team_context_modifiers.csv,nfl_practice_squad_team_context_modifiers,modifier,5,nfl_practice_squad_team_context_modifiers:5,"{""modifier_id"":""specialist_instability"",""condition"":""k_or_p_overall_bottom_quartile_or_recent_injury"",""profile_context"":""specialist_unstable"",""quality_tier_modifier"":""ps_specialist_depth:+0.08"",""position_modifier"":""K:+0.35;P:+0.35"",""notes"":""Generate rare specialist competition.""}"
nfl_practice_squad,nfl_practice_squad_veteran_usage_rules.csv,nfl_practice_squad_veteran_usage_rules,rule,1,nfl_practice_squad_veteran_usage_rules:1,"{""team_context"":""rebuilding_low_depth"",""target_veteran_players"":""2"",""min_veteran_players"":""0"",""max_veteran_players"":""4"",""target_combined_category_iii_iv"":""5"",""max_combined_category_iii_iv"":""10"",""notes"":""Rebuilders should prioritize youth and upside.""}"
nfl_practice_squad,nfl_practice_squad_veteran_usage_rules.csv,nfl_practice_squad_veteran_usage_rules,rule,2,nfl_practice_squad_veteran_usage_rules:2,"{""team_context"":""contender_cap_stressed"",""target_veteran_players"":""4"",""min_veteran_players"":""2"",""max_veteran_players"":""6"",""target_combined_category_iii_iv"":""8"",""max_combined_category_iii_iv"":""10"",""notes"":""Contenders need emergency veterans and game-ready depth.""}"
nfl_practice_squad,nfl_practice_squad_veteran_usage_rules.csv,nfl_practice_squad_veteran_usage_rules,rule,3,nfl_practice_squad_veteran_usage_rules:3,"{""team_context"":""neutral"",""target_veteran_players"":""3"",""min_veteran_players"":""1"",""max_veteran_players"":""5"",""target_combined_category_iii_iv"":""6"",""max_combined_category_iii_iv"":""10"",""notes"":""Balanced squad.""}"
nfl_practice_squad,nfl_practice_squad_veteran_usage_rules.csv,nfl_practice_squad_veteran_usage_rules,rule,4,nfl_practice_squad_veteran_usage_rules:4,"{""team_context"":""qb_uncertain"",""target_veteran_players"":""3"",""min_veteran_players"":""1"",""max_veteran_players"":""5"",""target_combined_category_iii_iv"":""6"",""max_combined_category_iii_iv"":""10"",""notes"":""May use one veteran QB slot or young QB stash.""}"
nfl_practice_squad,nfl_practice_squad_veteran_usage_rules.csv,nfl_practice_squad_veteran_usage_rules,rule,5,nfl_practice_squad_veteran_usage_rules:5,"{""team_context"":""injury_riddled"",""target_veteran_players"":""4"",""min_veteran_players"":""2"",""max_veteran_players"":""6"",""target_combined_category_iii_iv"":""8"",""max_combined_category_iii_iv"":""10"",""notes"":""Prioritize players who can play immediately.""}"
nfl_practice_squad,nfl_practice_squad_veteran_usage_rules.csv,nfl_practice_squad_veteran_usage_rules,rule,6,nfl_practice_squad_veteran_usage_rules:6,"{""team_context"":""specialist_unstable"",""target_veteran_players"":""3"",""min_veteran_players"":""1"",""max_veteran_players"":""5"",""target_combined_category_iii_iv"":""6"",""max_combined_category_iii_iv"":""10"",""notes"":""Specialist competitions should not force excessive veteran use.""}"
