domain,source_file,source_table,record_category,source_row,row_key,payload_json
nfl_rosters,initial_nfl_age_experience_distribution.csv,initial_nfl_age_experience_distribution,weight_distribution,1,QB,"{""pool"":""active_roster"",""position_group"":""QB"",""age_band"":""young_backup"",""age_min"":""22"",""age_max"":""26"",""weight"":""0.22"",""weight_group"":""active_roster_QB_age"",""notes"":""Normalize by pool and position_group.""}"
nfl_rosters,initial_nfl_age_experience_distribution.csv,initial_nfl_age_experience_distribution,weight_distribution,2,QB,"{""pool"":""active_roster"",""position_group"":""QB"",""age_band"":""prime"",""age_min"":""26"",""age_max"":""31"",""weight"":""0.38"",""weight_group"":""active_roster_QB_age"",""notes"":""Normalize by pool and position_group.""}"
nfl_rosters,initial_nfl_age_experience_distribution.csv,initial_nfl_age_experience_distribution,weight_distribution,3,QB,"{""pool"":""active_roster"",""position_group"":""QB"",""age_band"":""veteran"",""age_min"":""31"",""age_max"":""36"",""weight"":""0.3"",""weight_group"":""active_roster_QB_age"",""notes"":""Normalize by pool and position_group.""}"
nfl_rosters,initial_nfl_age_experience_distribution.csv,initial_nfl_age_experience_distribution,weight_distribution,4,QB,"{""pool"":""active_roster"",""position_group"":""QB"",""age_band"":""older"",""age_min"":""36"",""age_max"":""40"",""weight"":""0.1"",""weight_group"":""active_roster_QB_age"",""notes"":""Normalize by pool and position_group.""}"
nfl_rosters,initial_nfl_age_experience_distribution.csv,initial_nfl_age_experience_distribution,weight_distribution,5,Skill,"{""pool"":""active_roster"",""position_group"":""Skill"",""age_band"":""rookie_contract"",""age_min"":""21"",""age_max"":""25"",""weight"":""0.36"",""weight_group"":""active_roster_Skill_age"",""notes"":""Normalize by pool and position_group.""}"
nfl_rosters,initial_nfl_age_experience_distribution.csv,initial_nfl_age_experience_distribution,weight_distribution,6,Skill,"{""pool"":""active_roster"",""position_group"":""Skill"",""age_band"":""prime"",""age_min"":""24"",""age_max"":""28"",""weight"":""0.42"",""weight_group"":""active_roster_Skill_age"",""notes"":""Normalize by pool and position_group.""}"
nfl_rosters,initial_nfl_age_experience_distribution.csv,initial_nfl_age_experience_distribution,weight_distribution,7,Skill,"{""pool"":""active_roster"",""position_group"":""Skill"",""age_band"":""late_prime"",""age_min"":""28"",""age_max"":""31"",""weight"":""0.16"",""weight_group"":""active_roster_Skill_age"",""notes"":""Normalize by pool and position_group.""}"
nfl_rosters,initial_nfl_age_experience_distribution.csv,initial_nfl_age_experience_distribution,weight_distribution,8,Skill,"{""pool"":""active_roster"",""position_group"":""Skill"",""age_band"":""older"",""age_min"":""31"",""age_max"":""34"",""weight"":""0.06"",""weight_group"":""active_roster_Skill_age"",""notes"":""Normalize by pool and position_group.""}"
nfl_rosters,initial_nfl_age_experience_distribution.csv,initial_nfl_age_experience_distribution,weight_distribution,9,OL,"{""pool"":""active_roster"",""position_group"":""OL"",""age_band"":""rookie_contract"",""age_min"":""21"",""age_max"":""25"",""weight"":""0.3"",""weight_group"":""active_roster_OL_age"",""notes"":""Normalize by pool and position_group.""}"
nfl_rosters,initial_nfl_age_experience_distribution.csv,initial_nfl_age_experience_distribution,weight_distribution,10,OL,"{""pool"":""active_roster"",""position_group"":""OL"",""age_band"":""prime"",""age_min"":""25"",""age_max"":""30"",""weight"":""0.42"",""weight_group"":""active_roster_OL_age"",""notes"":""Normalize by pool and position_group.""}"
nfl_rosters,initial_nfl_age_experience_distribution.csv,initial_nfl_age_experience_distribution,weight_distribution,11,OL,"{""pool"":""active_roster"",""position_group"":""OL"",""age_band"":""late_prime"",""age_min"":""30"",""age_max"":""33"",""weight"":""0.2"",""weight_group"":""active_roster_OL_age"",""notes"":""Normalize by pool and position_group.""}"
nfl_rosters,initial_nfl_age_experience_distribution.csv,initial_nfl_age_experience_distribution,weight_distribution,12,OL,"{""pool"":""active_roster"",""position_group"":""OL"",""age_band"":""older"",""age_min"":""33"",""age_max"":""37"",""weight"":""0.08"",""weight_group"":""active_roster_OL_age"",""notes"":""Normalize by pool and position_group.""}"
nfl_rosters,initial_nfl_age_experience_distribution.csv,initial_nfl_age_experience_distribution,weight_distribution,13,Front7,"{""pool"":""active_roster"",""position_group"":""Front7"",""age_band"":""rookie_contract"",""age_min"":""21"",""age_max"":""25"",""weight"":""0.3"",""weight_group"":""active_roster_Front7_age"",""notes"":""Normalize by pool and position_group.""}"
nfl_rosters,initial_nfl_age_experience_distribution.csv,initial_nfl_age_experience_distribution,weight_distribution,14,Front7,"{""pool"":""active_roster"",""position_group"":""Front7"",""age_band"":""prime"",""age_min"":""25"",""age_max"":""30"",""weight"":""0.42"",""weight_group"":""active_roster_Front7_age"",""notes"":""Normalize by pool and position_group.""}"
nfl_rosters,initial_nfl_age_experience_distribution.csv,initial_nfl_age_experience_distribution,weight_distribution,15,Front7,"{""pool"":""active_roster"",""position_group"":""Front7"",""age_band"":""late_prime"",""age_min"":""30"",""age_max"":""33"",""weight"":""0.2"",""weight_group"":""active_roster_Front7_age"",""notes"":""Normalize by pool and position_group.""}"
nfl_rosters,initial_nfl_age_experience_distribution.csv,initial_nfl_age_experience_distribution,weight_distribution,16,Front7,"{""pool"":""active_roster"",""position_group"":""Front7"",""age_band"":""older"",""age_min"":""33"",""age_max"":""37"",""weight"":""0.08"",""weight_group"":""active_roster_Front7_age"",""notes"":""Normalize by pool and position_group.""}"
nfl_rosters,initial_nfl_age_experience_distribution.csv,initial_nfl_age_experience_distribution,weight_distribution,17,Secondary,"{""pool"":""active_roster"",""position_group"":""Secondary"",""age_band"":""rookie_contract"",""age_min"":""21"",""age_max"":""25"",""weight"":""0.3"",""weight_group"":""active_roster_Secondary_age"",""notes"":""Normalize by pool and position_group.""}"
nfl_rosters,initial_nfl_age_experience_distribution.csv,initial_nfl_age_experience_distribution,weight_distribution,18,Secondary,"{""pool"":""active_roster"",""position_group"":""Secondary"",""age_band"":""prime"",""age_min"":""25"",""age_max"":""30"",""weight"":""0.42"",""weight_group"":""active_roster_Secondary_age"",""notes"":""Normalize by pool and position_group.""}"
nfl_rosters,initial_nfl_age_experience_distribution.csv,initial_nfl_age_experience_distribution,weight_distribution,19,Secondary,"{""pool"":""active_roster"",""position_group"":""Secondary"",""age_band"":""late_prime"",""age_min"":""30"",""age_max"":""33"",""weight"":""0.2"",""weight_group"":""active_roster_Secondary_age"",""notes"":""Normalize by pool and position_group.""}"
nfl_rosters,initial_nfl_age_experience_distribution.csv,initial_nfl_age_experience_distribution,weight_distribution,20,Secondary,"{""pool"":""active_roster"",""position_group"":""Secondary"",""age_band"":""older"",""age_min"":""33"",""age_max"":""37"",""weight"":""0.08"",""weight_group"":""active_roster_Secondary_age"",""notes"":""Normalize by pool and position_group.""}"
nfl_rosters,initial_nfl_age_experience_distribution.csv,initial_nfl_age_experience_distribution,weight_distribution,21,Specialist,"{""pool"":""active_roster"",""position_group"":""Specialist"",""age_band"":""rookie_contract"",""age_min"":""21"",""age_max"":""25"",""weight"":""0.3"",""weight_group"":""active_roster_Specialist_age"",""notes"":""Normalize by pool and position_group.""}"
nfl_rosters,initial_nfl_age_experience_distribution.csv,initial_nfl_age_experience_distribution,weight_distribution,22,Specialist,"{""pool"":""active_roster"",""position_group"":""Specialist"",""age_band"":""prime"",""age_min"":""25"",""age_max"":""30"",""weight"":""0.42"",""weight_group"":""active_roster_Specialist_age"",""notes"":""Normalize by pool and position_group.""}"
nfl_rosters,initial_nfl_age_experience_distribution.csv,initial_nfl_age_experience_distribution,weight_distribution,23,Specialist,"{""pool"":""active_roster"",""position_group"":""Specialist"",""age_band"":""late_prime"",""age_min"":""30"",""age_max"":""33"",""weight"":""0.2"",""weight_group"":""active_roster_Specialist_age"",""notes"":""Normalize by pool and position_group.""}"
nfl_rosters,initial_nfl_age_experience_distribution.csv,initial_nfl_age_experience_distribution,weight_distribution,24,Specialist,"{""pool"":""active_roster"",""position_group"":""Specialist"",""age_band"":""older"",""age_min"":""33"",""age_max"":""37"",""weight"":""0.08"",""weight_group"":""active_roster_Specialist_age"",""notes"":""Normalize by pool and position_group.""}"
nfl_rosters,initial_nfl_age_experience_distribution.csv,initial_nfl_age_experience_distribution,weight_distribution,25,QB,"{""pool"":""practice_squad"",""position_group"":""QB"",""age_band"":""rookie_0_1"",""age_min"":""21"",""age_max"":""23"",""weight"":""0.48"",""weight_group"":""practice_squad_QB_age"",""notes"":""Normalize by pool and position_group.""}"
nfl_rosters,initial_nfl_age_experience_distribution.csv,initial_nfl_age_experience_distribution,weight_distribution,26,QB,"{""pool"":""practice_squad"",""position_group"":""QB"",""age_band"":""young_2_3"",""age_min"":""23"",""age_max"":""25"",""weight"":""0.3"",""weight_group"":""practice_squad_QB_age"",""notes"":""Normalize by pool and position_group.""}"
nfl_rosters,initial_nfl_age_experience_distribution.csv,initial_nfl_age_experience_distribution,weight_distribution,27,QB,"{""pool"":""practice_squad"",""position_group"":""QB"",""age_band"":""experienced_4_6"",""age_min"":""25"",""age_max"":""29"",""weight"":""0.16"",""weight_group"":""practice_squad_QB_age"",""notes"":""Normalize by pool and position_group.""}"
nfl_rosters,initial_nfl_age_experience_distribution.csv,initial_nfl_age_experience_distribution,weight_distribution,28,QB,"{""pool"":""practice_squad"",""position_group"":""QB"",""age_band"":""veteran_exception"",""age_min"":""29"",""age_max"":""34"",""weight"":""0.06"",""weight_group"":""practice_squad_QB_age"",""notes"":""Normalize by pool and position_group.""}"
nfl_rosters,initial_nfl_age_experience_distribution.csv,initial_nfl_age_experience_distribution,weight_distribution,29,Skill,"{""pool"":""practice_squad"",""position_group"":""Skill"",""age_band"":""rookie_0_1"",""age_min"":""21"",""age_max"":""23"",""weight"":""0.48"",""weight_group"":""practice_squad_Skill_age"",""notes"":""Normalize by pool and position_group.""}"
nfl_rosters,initial_nfl_age_experience_distribution.csv,initial_nfl_age_experience_distribution,weight_distribution,30,Skill,"{""pool"":""practice_squad"",""position_group"":""Skill"",""age_band"":""young_2_3"",""age_min"":""23"",""age_max"":""25"",""weight"":""0.3"",""weight_group"":""practice_squad_Skill_age"",""notes"":""Normalize by pool and position_group.""}"
nfl_rosters,initial_nfl_age_experience_distribution.csv,initial_nfl_age_experience_distribution,weight_distribution,31,Skill,"{""pool"":""practice_squad"",""position_group"":""Skill"",""age_band"":""experienced_4_6"",""age_min"":""25"",""age_max"":""29"",""weight"":""0.16"",""weight_group"":""practice_squad_Skill_age"",""notes"":""Normalize by pool and position_group.""}"
nfl_rosters,initial_nfl_age_experience_distribution.csv,initial_nfl_age_experience_distribution,weight_distribution,32,Skill,"{""pool"":""practice_squad"",""position_group"":""Skill"",""age_band"":""veteran_exception"",""age_min"":""29"",""age_max"":""34"",""weight"":""0.06"",""weight_group"":""practice_squad_Skill_age"",""notes"":""Normalize by pool and position_group.""}"
nfl_rosters,initial_nfl_age_experience_distribution.csv,initial_nfl_age_experience_distribution,weight_distribution,33,OL,"{""pool"":""practice_squad"",""position_group"":""OL"",""age_band"":""rookie_0_1"",""age_min"":""21"",""age_max"":""23"",""weight"":""0.48"",""weight_group"":""practice_squad_OL_age"",""notes"":""Normalize by pool and position_group.""}"
nfl_rosters,initial_nfl_age_experience_distribution.csv,initial_nfl_age_experience_distribution,weight_distribution,34,OL,"{""pool"":""practice_squad"",""position_group"":""OL"",""age_band"":""young_2_3"",""age_min"":""23"",""age_max"":""25"",""weight"":""0.3"",""weight_group"":""practice_squad_OL_age"",""notes"":""Normalize by pool and position_group.""}"
nfl_rosters,initial_nfl_age_experience_distribution.csv,initial_nfl_age_experience_distribution,weight_distribution,35,OL,"{""pool"":""practice_squad"",""position_group"":""OL"",""age_band"":""experienced_4_6"",""age_min"":""25"",""age_max"":""29"",""weight"":""0.16"",""weight_group"":""practice_squad_OL_age"",""notes"":""Normalize by pool and position_group.""}"
nfl_rosters,initial_nfl_age_experience_distribution.csv,initial_nfl_age_experience_distribution,weight_distribution,36,OL,"{""pool"":""practice_squad"",""position_group"":""OL"",""age_band"":""veteran_exception"",""age_min"":""29"",""age_max"":""34"",""weight"":""0.06"",""weight_group"":""practice_squad_OL_age"",""notes"":""Normalize by pool and position_group.""}"
nfl_rosters,initial_nfl_age_experience_distribution.csv,initial_nfl_age_experience_distribution,weight_distribution,37,Front7,"{""pool"":""practice_squad"",""position_group"":""Front7"",""age_band"":""rookie_0_1"",""age_min"":""21"",""age_max"":""23"",""weight"":""0.48"",""weight_group"":""practice_squad_Front7_age"",""notes"":""Normalize by pool and position_group.""}"
nfl_rosters,initial_nfl_age_experience_distribution.csv,initial_nfl_age_experience_distribution,weight_distribution,38,Front7,"{""pool"":""practice_squad"",""position_group"":""Front7"",""age_band"":""young_2_3"",""age_min"":""23"",""age_max"":""25"",""weight"":""0.3"",""weight_group"":""practice_squad_Front7_age"",""notes"":""Normalize by pool and position_group.""}"
nfl_rosters,initial_nfl_age_experience_distribution.csv,initial_nfl_age_experience_distribution,weight_distribution,39,Front7,"{""pool"":""practice_squad"",""position_group"":""Front7"",""age_band"":""experienced_4_6"",""age_min"":""25"",""age_max"":""29"",""weight"":""0.16"",""weight_group"":""practice_squad_Front7_age"",""notes"":""Normalize by pool and position_group.""}"
nfl_rosters,initial_nfl_age_experience_distribution.csv,initial_nfl_age_experience_distribution,weight_distribution,40,Front7,"{""pool"":""practice_squad"",""position_group"":""Front7"",""age_band"":""veteran_exception"",""age_min"":""29"",""age_max"":""34"",""weight"":""0.06"",""weight_group"":""practice_squad_Front7_age"",""notes"":""Normalize by pool and position_group.""}"
nfl_rosters,initial_nfl_age_experience_distribution.csv,initial_nfl_age_experience_distribution,weight_distribution,41,Secondary,"{""pool"":""practice_squad"",""position_group"":""Secondary"",""age_band"":""rookie_0_1"",""age_min"":""21"",""age_max"":""23"",""weight"":""0.48"",""weight_group"":""practice_squad_Secondary_age"",""notes"":""Normalize by pool and position_group.""}"
nfl_rosters,initial_nfl_age_experience_distribution.csv,initial_nfl_age_experience_distribution,weight_distribution,42,Secondary,"{""pool"":""practice_squad"",""position_group"":""Secondary"",""age_band"":""young_2_3"",""age_min"":""23"",""age_max"":""25"",""weight"":""0.3"",""weight_group"":""practice_squad_Secondary_age"",""notes"":""Normalize by pool and position_group.""}"
nfl_rosters,initial_nfl_age_experience_distribution.csv,initial_nfl_age_experience_distribution,weight_distribution,43,Secondary,"{""pool"":""practice_squad"",""position_group"":""Secondary"",""age_band"":""experienced_4_6"",""age_min"":""25"",""age_max"":""29"",""weight"":""0.16"",""weight_group"":""practice_squad_Secondary_age"",""notes"":""Normalize by pool and position_group.""}"
nfl_rosters,initial_nfl_age_experience_distribution.csv,initial_nfl_age_experience_distribution,weight_distribution,44,Secondary,"{""pool"":""practice_squad"",""position_group"":""Secondary"",""age_band"":""veteran_exception"",""age_min"":""29"",""age_max"":""34"",""weight"":""0.06"",""weight_group"":""practice_squad_Secondary_age"",""notes"":""Normalize by pool and position_group.""}"
nfl_rosters,initial_nfl_age_experience_distribution.csv,initial_nfl_age_experience_distribution,weight_distribution,45,Specialist,"{""pool"":""practice_squad"",""position_group"":""Specialist"",""age_band"":""rookie_0_1"",""age_min"":""21"",""age_max"":""23"",""weight"":""0.48"",""weight_group"":""practice_squad_Specialist_age"",""notes"":""Normalize by pool and position_group.""}"
nfl_rosters,initial_nfl_age_experience_distribution.csv,initial_nfl_age_experience_distribution,weight_distribution,46,Specialist,"{""pool"":""practice_squad"",""position_group"":""Specialist"",""age_band"":""young_2_3"",""age_min"":""23"",""age_max"":""25"",""weight"":""0.3"",""weight_group"":""practice_squad_Specialist_age"",""notes"":""Normalize by pool and position_group.""}"
nfl_rosters,initial_nfl_age_experience_distribution.csv,initial_nfl_age_experience_distribution,weight_distribution,47,Specialist,"{""pool"":""practice_squad"",""position_group"":""Specialist"",""age_band"":""experienced_4_6"",""age_min"":""25"",""age_max"":""29"",""weight"":""0.16"",""weight_group"":""practice_squad_Specialist_age"",""notes"":""Normalize by pool and position_group.""}"
nfl_rosters,initial_nfl_age_experience_distribution.csv,initial_nfl_age_experience_distribution,weight_distribution,48,Specialist,"{""pool"":""practice_squad"",""position_group"":""Specialist"",""age_band"":""veteran_exception"",""age_min"":""29"",""age_max"":""34"",""weight"":""0.06"",""weight_group"":""practice_squad_Specialist_age"",""notes"":""Normalize by pool and position_group.""}"
nfl_rosters,initial_nfl_age_experience_distribution.csv,initial_nfl_age_experience_distribution,weight_distribution,49,QB,"{""pool"":""free_agent"",""position_group"":""QB"",""age_band"":""young_fringe"",""age_min"":""21"",""age_max"":""25"",""weight"":""0.22"",""weight_group"":""free_agent_QB_age"",""notes"":""Normalize by pool and position_group.""}"
nfl_rosters,initial_nfl_age_experience_distribution.csv,initial_nfl_age_experience_distribution,weight_distribution,50,QB,"{""pool"":""free_agent"",""position_group"":""QB"",""age_band"":""prime_backup"",""age_min"":""25"",""age_max"":""29"",""weight"":""0.3"",""weight_group"":""free_agent_QB_age"",""notes"":""Normalize by pool and position_group.""}"
nfl_rosters,initial_nfl_age_experience_distribution.csv,initial_nfl_age_experience_distribution,weight_distribution,51,QB,"{""pool"":""free_agent"",""position_group"":""QB"",""age_band"":""veteran_depth"",""age_min"":""29"",""age_max"":""33"",""weight"":""0.28"",""weight_group"":""free_agent_QB_age"",""notes"":""Normalize by pool and position_group.""}"
nfl_rosters,initial_nfl_age_experience_distribution.csv,initial_nfl_age_experience_distribution,weight_distribution,52,QB,"{""pool"":""free_agent"",""position_group"":""QB"",""age_band"":""older_decline"",""age_min"":""33"",""age_max"":""38"",""weight"":""0.2"",""weight_group"":""free_agent_QB_age"",""notes"":""Normalize by pool and position_group.""}"
nfl_rosters,initial_nfl_age_experience_distribution.csv,initial_nfl_age_experience_distribution,weight_distribution,53,Skill,"{""pool"":""free_agent"",""position_group"":""Skill"",""age_band"":""young_fringe"",""age_min"":""21"",""age_max"":""25"",""weight"":""0.22"",""weight_group"":""free_agent_Skill_age"",""notes"":""Normalize by pool and position_group.""}"
nfl_rosters,initial_nfl_age_experience_distribution.csv,initial_nfl_age_experience_distribution,weight_distribution,54,Skill,"{""pool"":""free_agent"",""position_group"":""Skill"",""age_band"":""prime_backup"",""age_min"":""25"",""age_max"":""29"",""weight"":""0.3"",""weight_group"":""free_agent_Skill_age"",""notes"":""Normalize by pool and position_group.""}"
nfl_rosters,initial_nfl_age_experience_distribution.csv,initial_nfl_age_experience_distribution,weight_distribution,55,Skill,"{""pool"":""free_agent"",""position_group"":""Skill"",""age_band"":""veteran_depth"",""age_min"":""29"",""age_max"":""33"",""weight"":""0.28"",""weight_group"":""free_agent_Skill_age"",""notes"":""Normalize by pool and position_group.""}"
nfl_rosters,initial_nfl_age_experience_distribution.csv,initial_nfl_age_experience_distribution,weight_distribution,56,Skill,"{""pool"":""free_agent"",""position_group"":""Skill"",""age_band"":""older_decline"",""age_min"":""33"",""age_max"":""38"",""weight"":""0.2"",""weight_group"":""free_agent_Skill_age"",""notes"":""Normalize by pool and position_group.""}"
nfl_rosters,initial_nfl_age_experience_distribution.csv,initial_nfl_age_experience_distribution,weight_distribution,57,OL,"{""pool"":""free_agent"",""position_group"":""OL"",""age_band"":""young_fringe"",""age_min"":""21"",""age_max"":""25"",""weight"":""0.22"",""weight_group"":""free_agent_OL_age"",""notes"":""Normalize by pool and position_group.""}"
nfl_rosters,initial_nfl_age_experience_distribution.csv,initial_nfl_age_experience_distribution,weight_distribution,58,OL,"{""pool"":""free_agent"",""position_group"":""OL"",""age_band"":""prime_backup"",""age_min"":""25"",""age_max"":""29"",""weight"":""0.3"",""weight_group"":""free_agent_OL_age"",""notes"":""Normalize by pool and position_group.""}"
nfl_rosters,initial_nfl_age_experience_distribution.csv,initial_nfl_age_experience_distribution,weight_distribution,59,OL,"{""pool"":""free_agent"",""position_group"":""OL"",""age_band"":""veteran_depth"",""age_min"":""29"",""age_max"":""33"",""weight"":""0.28"",""weight_group"":""free_agent_OL_age"",""notes"":""Normalize by pool and position_group.""}"
nfl_rosters,initial_nfl_age_experience_distribution.csv,initial_nfl_age_experience_distribution,weight_distribution,60,OL,"{""pool"":""free_agent"",""position_group"":""OL"",""age_band"":""older_decline"",""age_min"":""33"",""age_max"":""38"",""weight"":""0.2"",""weight_group"":""free_agent_OL_age"",""notes"":""Normalize by pool and position_group.""}"
nfl_rosters,initial_nfl_age_experience_distribution.csv,initial_nfl_age_experience_distribution,weight_distribution,61,Front7,"{""pool"":""free_agent"",""position_group"":""Front7"",""age_band"":""young_fringe"",""age_min"":""21"",""age_max"":""25"",""weight"":""0.22"",""weight_group"":""free_agent_Front7_age"",""notes"":""Normalize by pool and position_group.""}"
nfl_rosters,initial_nfl_age_experience_distribution.csv,initial_nfl_age_experience_distribution,weight_distribution,62,Front7,"{""pool"":""free_agent"",""position_group"":""Front7"",""age_band"":""prime_backup"",""age_min"":""25"",""age_max"":""29"",""weight"":""0.3"",""weight_group"":""free_agent_Front7_age"",""notes"":""Normalize by pool and position_group.""}"
nfl_rosters,initial_nfl_age_experience_distribution.csv,initial_nfl_age_experience_distribution,weight_distribution,63,Front7,"{""pool"":""free_agent"",""position_group"":""Front7"",""age_band"":""veteran_depth"",""age_min"":""29"",""age_max"":""33"",""weight"":""0.28"",""weight_group"":""free_agent_Front7_age"",""notes"":""Normalize by pool and position_group.""}"
nfl_rosters,initial_nfl_age_experience_distribution.csv,initial_nfl_age_experience_distribution,weight_distribution,64,Front7,"{""pool"":""free_agent"",""position_group"":""Front7"",""age_band"":""older_decline"",""age_min"":""33"",""age_max"":""38"",""weight"":""0.2"",""weight_group"":""free_agent_Front7_age"",""notes"":""Normalize by pool and position_group.""}"
nfl_rosters,initial_nfl_age_experience_distribution.csv,initial_nfl_age_experience_distribution,weight_distribution,65,Secondary,"{""pool"":""free_agent"",""position_group"":""Secondary"",""age_band"":""young_fringe"",""age_min"":""21"",""age_max"":""25"",""weight"":""0.22"",""weight_group"":""free_agent_Secondary_age"",""notes"":""Normalize by pool and position_group.""}"
nfl_rosters,initial_nfl_age_experience_distribution.csv,initial_nfl_age_experience_distribution,weight_distribution,66,Secondary,"{""pool"":""free_agent"",""position_group"":""Secondary"",""age_band"":""prime_backup"",""age_min"":""25"",""age_max"":""29"",""weight"":""0.3"",""weight_group"":""free_agent_Secondary_age"",""notes"":""Normalize by pool and position_group.""}"
nfl_rosters,initial_nfl_age_experience_distribution.csv,initial_nfl_age_experience_distribution,weight_distribution,67,Secondary,"{""pool"":""free_agent"",""position_group"":""Secondary"",""age_band"":""veteran_depth"",""age_min"":""29"",""age_max"":""33"",""weight"":""0.28"",""weight_group"":""free_agent_Secondary_age"",""notes"":""Normalize by pool and position_group.""}"
nfl_rosters,initial_nfl_age_experience_distribution.csv,initial_nfl_age_experience_distribution,weight_distribution,68,Secondary,"{""pool"":""free_agent"",""position_group"":""Secondary"",""age_band"":""older_decline"",""age_min"":""33"",""age_max"":""38"",""weight"":""0.2"",""weight_group"":""free_agent_Secondary_age"",""notes"":""Normalize by pool and position_group.""}"
nfl_rosters,initial_nfl_age_experience_distribution.csv,initial_nfl_age_experience_distribution,weight_distribution,69,Specialist,"{""pool"":""free_agent"",""position_group"":""Specialist"",""age_band"":""young_fringe"",""age_min"":""21"",""age_max"":""25"",""weight"":""0.22"",""weight_group"":""free_agent_Specialist_age"",""notes"":""Normalize by pool and position_group.""}"
nfl_rosters,initial_nfl_age_experience_distribution.csv,initial_nfl_age_experience_distribution,weight_distribution,70,Specialist,"{""pool"":""free_agent"",""position_group"":""Specialist"",""age_band"":""prime_backup"",""age_min"":""25"",""age_max"":""29"",""weight"":""0.3"",""weight_group"":""free_agent_Specialist_age"",""notes"":""Normalize by pool and position_group.""}"
nfl_rosters,initial_nfl_age_experience_distribution.csv,initial_nfl_age_experience_distribution,weight_distribution,71,Specialist,"{""pool"":""free_agent"",""position_group"":""Specialist"",""age_band"":""veteran_depth"",""age_min"":""29"",""age_max"":""33"",""weight"":""0.28"",""weight_group"":""free_agent_Specialist_age"",""notes"":""Normalize by pool and position_group.""}"
nfl_rosters,initial_nfl_age_experience_distribution.csv,initial_nfl_age_experience_distribution,weight_distribution,72,Specialist,"{""pool"":""free_agent"",""position_group"":""Specialist"",""age_band"":""older_decline"",""age_min"":""33"",""age_max"":""38"",""weight"":""0.2"",""weight_group"":""free_agent_Specialist_age"",""notes"":""Normalize by pool and position_group.""}"
nfl_rosters,initial_nfl_contract_archetypes.csv,initial_nfl_contract_archetypes,runtime_tuning,1,initial_nfl_contract_archetypes:1,"{""contract_archetype"":""rookie_scale_first_round"",""applies_to"":""drafted_round_1"",""years"":""4"",""fifth_year_option"":""yes"",""apy_multiplier"":""1.0"",""guarantee_style"":""high"",""notes"":""For reconstructed young first-round players.""}"
nfl_rosters,initial_nfl_contract_archetypes.csv,initial_nfl_contract_archetypes,runtime_tuning,2,initial_nfl_contract_archetypes:2,"{""contract_archetype"":""rookie_scale_later_round"",""applies_to"":""drafted_round_2_7"",""years"":""4"",""fifth_year_option"":""no"",""apy_multiplier"":""0.55"",""guarantee_style"":""low"",""notes"":""Later drafted rookies.""}"
nfl_rosters,initial_nfl_contract_archetypes.csv,initial_nfl_contract_archetypes,runtime_tuning,3,initial_nfl_contract_archetypes:3,"{""contract_archetype"":""udfa_minimum"",""applies_to"":""udfa"",""years"":""3"",""fifth_year_option"":""no"",""apy_multiplier"":""0.28"",""guarantee_style"":""very_low"",""notes"":""UDFA path.""}"
nfl_rosters,initial_nfl_contract_archetypes.csv,initial_nfl_contract_archetypes,runtime_tuning,4,initial_nfl_contract_archetypes:4,"{""contract_archetype"":""veteran_extension"",""applies_to"":""established_starter"",""years"":""3"",""fifth_year_option"":""no"",""apy_multiplier"":""1.15"",""guarantee_style"":""medium_high"",""notes"":""Starter extension.""}"
nfl_rosters,initial_nfl_contract_archetypes.csv,initial_nfl_contract_archetypes,runtime_tuning,5,initial_nfl_contract_archetypes:5,"{""contract_archetype"":""prove_it_deal"",""applies_to"":""injury_or_decline"",""years"":""1"",""fifth_year_option"":""no"",""apy_multiplier"":""0.7"",""guarantee_style"":""low"",""notes"":""Veteran prove-it contract.""}"
nfl_rosters,initial_nfl_contract_archetypes.csv,initial_nfl_contract_archetypes,runtime_tuning,6,initial_nfl_contract_archetypes:6,"{""contract_archetype"":""bridge_starter"",""applies_to"":""low_starter"",""years"":""2"",""fifth_year_option"":""no"",""apy_multiplier"":""0.85"",""guarantee_style"":""medium"",""notes"":""Bridge starter.""}"
nfl_rosters,initial_nfl_contract_archetypes.csv,initial_nfl_contract_archetypes,runtime_tuning,7,initial_nfl_contract_archetypes:7,"{""contract_archetype"":""camp_body"",""applies_to"":""camp_body"",""years"":""1"",""fifth_year_option"":""no"",""apy_multiplier"":""0.25"",""guarantee_style"":""none"",""notes"":""Free-agent camp body.""}"
nfl_rosters,initial_nfl_contract_archetypes.csv,initial_nfl_contract_archetypes,runtime_tuning,8,initial_nfl_contract_archetypes:8,"{""contract_archetype"":""practice_squad"",""applies_to"":""practice_squad"",""years"":""1"",""fifth_year_option"":""no"",""apy_multiplier"":""0.1"",""guarantee_style"":""none"",""notes"":""Practice squad contract.""}"
nfl_rosters,initial_nfl_contract_distribution.csv,initial_nfl_contract_distribution,weight_distribution,1,QB,"{""position_group"":""QB"",""role_tier"":""star"",""contract_type"":""premium_multi_year"",""years_min"":""3"",""years_max"":""5"",""apy_min"":""25.2"",""apy_max"":""68.4"",""guarantee_share_min"":""0.45"",""guarantee_share_max"":""0.75"",""no_trade_clause_odds"":""0.08"",""notes"":""Synthetic contract ranges in millions APY.""}"
nfl_rosters,initial_nfl_contract_distribution.csv,initial_nfl_contract_distribution,weight_distribution,2,QB,"{""position_group"":""QB"",""role_tier"":""quality_starter"",""contract_type"":""starter_multi_year"",""years_min"":""2"",""years_max"":""5"",""apy_min"":""12.6"",""apy_max"":""39.6"",""guarantee_share_min"":""0.35"",""guarantee_share_max"":""0.65"",""no_trade_clause_odds"":""0.0"",""notes"":""Synthetic contract ranges in millions APY.""}"
nfl_rosters,initial_nfl_contract_distribution.csv,initial_nfl_contract_distribution,weight_distribution,3,QB,"{""position_group"":""QB"",""role_tier"":""starter"",""contract_type"":""starter_or_bridge"",""years_min"":""2"",""years_max"":""4"",""apy_min"":""5.4"",""apy_max"":""21.6"",""guarantee_share_min"":""0.2"",""guarantee_share_max"":""0.5"",""no_trade_clause_odds"":""0.0"",""notes"":""Synthetic contract ranges in millions APY.""}"
nfl_rosters,initial_nfl_contract_distribution.csv,initial_nfl_contract_distribution,weight_distribution,4,QB,"{""position_group"":""QB"",""role_tier"":""rotation"",""contract_type"":""rotation_contract"",""years_min"":""1"",""years_max"":""3"",""apy_min"":""2.16"",""apy_max"":""10.8"",""guarantee_share_min"":""0.08"",""guarantee_share_max"":""0.28"",""no_trade_clause_odds"":""0.0"",""notes"":""Synthetic contract ranges in millions APY.""}"
nfl_rosters,initial_nfl_contract_distribution.csv,initial_nfl_contract_distribution,weight_distribution,5,QB,"{""position_group"":""QB"",""role_tier"":""depth"",""contract_type"":""depth_contract"",""years_min"":""1"",""years_max"":""2"",""apy_min"":""1.44"",""apy_max"":""5.4"",""guarantee_share_min"":""0.02"",""guarantee_share_max"":""0.15"",""no_trade_clause_odds"":""0.0"",""notes"":""Synthetic contract ranges in millions APY.""}"
nfl_rosters,initial_nfl_contract_distribution.csv,initial_nfl_contract_distribution,weight_distribution,6,QB,"{""position_group"":""QB"",""role_tier"":""practice"",""contract_type"":""practice_squad"",""years_min"":""1"",""years_max"":""1"",""apy_min"":""0.45"",""apy_max"":""0.81"",""guarantee_share_min"":""0"",""guarantee_share_max"":""0.02"",""no_trade_clause_odds"":""0.0"",""notes"":""Synthetic contract ranges in millions APY.""}"
nfl_rosters,initial_nfl_contract_distribution.csv,initial_nfl_contract_distribution,weight_distribution,7,QB,"{""position_group"":""QB"",""role_tier"":""free_agent_starter"",""contract_type"":""open_market_starter"",""years_min"":""1"",""years_max"":""3"",""apy_min"":""7.2"",""apy_max"":""25.2"",""guarantee_share_min"":""0.1"",""guarantee_share_max"":""0.42"",""no_trade_clause_odds"":""0.0"",""notes"":""Synthetic contract ranges in millions APY.""}"
nfl_rosters,initial_nfl_contract_distribution.csv,initial_nfl_contract_distribution,weight_distribution,8,QB,"{""position_group"":""QB"",""role_tier"":""free_agent_backup"",""contract_type"":""open_market_backup"",""years_min"":""1"",""years_max"":""2"",""apy_min"":""1.8"",""apy_max"":""9.0"",""guarantee_share_min"":""0.02"",""guarantee_share_max"":""0.2"",""no_trade_clause_odds"":""0.0"",""notes"":""Synthetic contract ranges in millions APY.""}"
nfl_rosters,initial_nfl_contract_distribution.csv,initial_nfl_contract_distribution,weight_distribution,9,QB,"{""position_group"":""QB"",""role_tier"":""camp_body"",""contract_type"":""camp_body"",""years_min"":""1"",""years_max"":""1"",""apy_min"":""1.35"",""apy_max"":""2.7"",""guarantee_share_min"":""0"",""guarantee_share_max"":""0.05"",""no_trade_clause_odds"":""0.0"",""notes"":""Synthetic contract ranges in millions APY.""}"
nfl_rosters,initial_nfl_contract_distribution.csv,initial_nfl_contract_distribution,weight_distribution,10,Skill,"{""position_group"":""Skill"",""role_tier"":""star"",""contract_type"":""premium_multi_year"",""years_min"":""3"",""years_max"":""5"",""apy_min"":""14.0"",""apy_max"":""38.0"",""guarantee_share_min"":""0.45"",""guarantee_share_max"":""0.75"",""no_trade_clause_odds"":""0.0"",""notes"":""Synthetic contract ranges in millions APY.""}"
nfl_rosters,initial_nfl_contract_distribution.csv,initial_nfl_contract_distribution,weight_distribution,11,Skill,"{""position_group"":""Skill"",""role_tier"":""quality_starter"",""contract_type"":""starter_multi_year"",""years_min"":""2"",""years_max"":""5"",""apy_min"":""7.0"",""apy_max"":""22.0"",""guarantee_share_min"":""0.35"",""guarantee_share_max"":""0.65"",""no_trade_clause_odds"":""0.0"",""notes"":""Synthetic contract ranges in millions APY.""}"
nfl_rosters,initial_nfl_contract_distribution.csv,initial_nfl_contract_distribution,weight_distribution,12,Skill,"{""position_group"":""Skill"",""role_tier"":""starter"",""contract_type"":""starter_or_bridge"",""years_min"":""2"",""years_max"":""4"",""apy_min"":""3.0"",""apy_max"":""12.0"",""guarantee_share_min"":""0.2"",""guarantee_share_max"":""0.5"",""no_trade_clause_odds"":""0.0"",""notes"":""Synthetic contract ranges in millions APY.""}"
nfl_rosters,initial_nfl_contract_distribution.csv,initial_nfl_contract_distribution,weight_distribution,13,Skill,"{""position_group"":""Skill"",""role_tier"":""rotation"",""contract_type"":""rotation_contract"",""years_min"":""1"",""years_max"":""3"",""apy_min"":""1.2"",""apy_max"":""6.0"",""guarantee_share_min"":""0.08"",""guarantee_share_max"":""0.28"",""no_trade_clause_odds"":""0.0"",""notes"":""Synthetic contract ranges in millions APY.""}"
nfl_rosters,initial_nfl_contract_distribution.csv,initial_nfl_contract_distribution,weight_distribution,14,Skill,"{""position_group"":""Skill"",""role_tier"":""depth"",""contract_type"":""depth_contract"",""years_min"":""1"",""years_max"":""2"",""apy_min"":""0.8"",""apy_max"":""3.0"",""guarantee_share_min"":""0.02"",""guarantee_share_max"":""0.15"",""no_trade_clause_odds"":""0.0"",""notes"":""Synthetic contract ranges in millions APY.""}"
nfl_rosters,initial_nfl_contract_distribution.csv,initial_nfl_contract_distribution,weight_distribution,15,Skill,"{""position_group"":""Skill"",""role_tier"":""practice"",""contract_type"":""practice_squad"",""years_min"":""1"",""years_max"":""1"",""apy_min"":""0.25"",""apy_max"":""0.45"",""guarantee_share_min"":""0"",""guarantee_share_max"":""0.02"",""no_trade_clause_odds"":""0.0"",""notes"":""Synthetic contract ranges in millions APY.""}"
nfl_rosters,initial_nfl_contract_distribution.csv,initial_nfl_contract_distribution,weight_distribution,16,Skill,"{""position_group"":""Skill"",""role_tier"":""free_agent_starter"",""contract_type"":""open_market_starter"",""years_min"":""1"",""years_max"":""3"",""apy_min"":""4.0"",""apy_max"":""14.0"",""guarantee_share_min"":""0.1"",""guarantee_share_max"":""0.42"",""no_trade_clause_odds"":""0.0"",""notes"":""Synthetic contract ranges in millions APY.""}"
nfl_rosters,initial_nfl_contract_distribution.csv,initial_nfl_contract_distribution,weight_distribution,17,Skill,"{""position_group"":""Skill"",""role_tier"":""free_agent_backup"",""contract_type"":""open_market_backup"",""years_min"":""1"",""years_max"":""2"",""apy_min"":""1.0"",""apy_max"":""5.0"",""guarantee_share_min"":""0.02"",""guarantee_share_max"":""0.2"",""no_trade_clause_odds"":""0.0"",""notes"":""Synthetic contract ranges in millions APY.""}"
nfl_rosters,initial_nfl_contract_distribution.csv,initial_nfl_contract_distribution,weight_distribution,18,Skill,"{""position_group"":""Skill"",""role_tier"":""camp_body"",""contract_type"":""camp_body"",""years_min"":""1"",""years_max"":""1"",""apy_min"":""0.75"",""apy_max"":""1.5"",""guarantee_share_min"":""0"",""guarantee_share_max"":""0.05"",""no_trade_clause_odds"":""0.0"",""notes"":""Synthetic contract ranges in millions APY.""}"
nfl_rosters,initial_nfl_contract_distribution.csv,initial_nfl_contract_distribution,weight_distribution,19,OL,"{""position_group"":""OL"",""role_tier"":""star"",""contract_type"":""premium_multi_year"",""years_min"":""3"",""years_max"":""5"",""apy_min"":""15.4"",""apy_max"":""41.8"",""guarantee_share_min"":""0.45"",""guarantee_share_max"":""0.75"",""no_trade_clause_odds"":""0.0"",""notes"":""Synthetic contract ranges in millions APY.""}"
nfl_rosters,initial_nfl_contract_distribution.csv,initial_nfl_contract_distribution,weight_distribution,20,OL,"{""position_group"":""OL"",""role_tier"":""quality_starter"",""contract_type"":""starter_multi_year"",""years_min"":""2"",""years_max"":""5"",""apy_min"":""7.7"",""apy_max"":""24.2"",""guarantee_share_min"":""0.35"",""guarantee_share_max"":""0.65"",""no_trade_clause_odds"":""0.0"",""notes"":""Synthetic contract ranges in millions APY.""}"
nfl_rosters,initial_nfl_contract_distribution.csv,initial_nfl_contract_distribution,weight_distribution,21,OL,"{""position_group"":""OL"",""role_tier"":""starter"",""contract_type"":""starter_or_bridge"",""years_min"":""2"",""years_max"":""4"",""apy_min"":""3.3"",""apy_max"":""13.2"",""guarantee_share_min"":""0.2"",""guarantee_share_max"":""0.5"",""no_trade_clause_odds"":""0.0"",""notes"":""Synthetic contract ranges in millions APY.""}"
nfl_rosters,initial_nfl_contract_distribution.csv,initial_nfl_contract_distribution,weight_distribution,22,OL,"{""position_group"":""OL"",""role_tier"":""rotation"",""contract_type"":""rotation_contract"",""years_min"":""1"",""years_max"":""3"",""apy_min"":""1.32"",""apy_max"":""6.6"",""guarantee_share_min"":""0.08"",""guarantee_share_max"":""0.28"",""no_trade_clause_odds"":""0.0"",""notes"":""Synthetic contract ranges in millions APY.""}"
nfl_rosters,initial_nfl_contract_distribution.csv,initial_nfl_contract_distribution,weight_distribution,23,OL,"{""position_group"":""OL"",""role_tier"":""depth"",""contract_type"":""depth_contract"",""years_min"":""1"",""years_max"":""2"",""apy_min"":""0.88"",""apy_max"":""3.3"",""guarantee_share_min"":""0.02"",""guarantee_share_max"":""0.15"",""no_trade_clause_odds"":""0.0"",""notes"":""Synthetic contract ranges in millions APY.""}"
nfl_rosters,initial_nfl_contract_distribution.csv,initial_nfl_contract_distribution,weight_distribution,24,OL,"{""position_group"":""OL"",""role_tier"":""practice"",""contract_type"":""practice_squad"",""years_min"":""1"",""years_max"":""1"",""apy_min"":""0.28"",""apy_max"":""0.5"",""guarantee_share_min"":""0"",""guarantee_share_max"":""0.02"",""no_trade_clause_odds"":""0.0"",""notes"":""Synthetic contract ranges in millions APY.""}"
nfl_rosters,initial_nfl_contract_distribution.csv,initial_nfl_contract_distribution,weight_distribution,25,OL,"{""position_group"":""OL"",""role_tier"":""free_agent_starter"",""contract_type"":""open_market_starter"",""years_min"":""1"",""years_max"":""3"",""apy_min"":""4.4"",""apy_max"":""15.4"",""guarantee_share_min"":""0.1"",""guarantee_share_max"":""0.42"",""no_trade_clause_odds"":""0.0"",""notes"":""Synthetic contract ranges in millions APY.""}"
nfl_rosters,initial_nfl_contract_distribution.csv,initial_nfl_contract_distribution,weight_distribution,26,OL,"{""position_group"":""OL"",""role_tier"":""free_agent_backup"",""contract_type"":""open_market_backup"",""years_min"":""1"",""years_max"":""2"",""apy_min"":""1.1"",""apy_max"":""5.5"",""guarantee_share_min"":""0.02"",""guarantee_share_max"":""0.2"",""no_trade_clause_odds"":""0.0"",""notes"":""Synthetic contract ranges in millions APY.""}"
nfl_rosters,initial_nfl_contract_distribution.csv,initial_nfl_contract_distribution,weight_distribution,27,OL,"{""position_group"":""OL"",""role_tier"":""camp_body"",""contract_type"":""camp_body"",""years_min"":""1"",""years_max"":""1"",""apy_min"":""0.83"",""apy_max"":""1.65"",""guarantee_share_min"":""0"",""guarantee_share_max"":""0.05"",""no_trade_clause_odds"":""0.0"",""notes"":""Synthetic contract ranges in millions APY.""}"
nfl_rosters,initial_nfl_contract_distribution.csv,initial_nfl_contract_distribution,weight_distribution,28,Front7,"{""position_group"":""Front7"",""role_tier"":""star"",""contract_type"":""premium_multi_year"",""years_min"":""3"",""years_max"":""5"",""apy_min"":""15.4"",""apy_max"":""41.8"",""guarantee_share_min"":""0.45"",""guarantee_share_max"":""0.75"",""no_trade_clause_odds"":""0.0"",""notes"":""Synthetic contract ranges in millions APY.""}"
nfl_rosters,initial_nfl_contract_distribution.csv,initial_nfl_contract_distribution,weight_distribution,29,Front7,"{""position_group"":""Front7"",""role_tier"":""quality_starter"",""contract_type"":""starter_multi_year"",""years_min"":""2"",""years_max"":""5"",""apy_min"":""7.7"",""apy_max"":""24.2"",""guarantee_share_min"":""0.35"",""guarantee_share_max"":""0.65"",""no_trade_clause_odds"":""0.0"",""notes"":""Synthetic contract ranges in millions APY.""}"
nfl_rosters,initial_nfl_contract_distribution.csv,initial_nfl_contract_distribution,weight_distribution,30,Front7,"{""position_group"":""Front7"",""role_tier"":""starter"",""contract_type"":""starter_or_bridge"",""years_min"":""2"",""years_max"":""4"",""apy_min"":""3.3"",""apy_max"":""13.2"",""guarantee_share_min"":""0.2"",""guarantee_share_max"":""0.5"",""no_trade_clause_odds"":""0.0"",""notes"":""Synthetic contract ranges in millions APY.""}"
nfl_rosters,initial_nfl_contract_distribution.csv,initial_nfl_contract_distribution,weight_distribution,31,Front7,"{""position_group"":""Front7"",""role_tier"":""rotation"",""contract_type"":""rotation_contract"",""years_min"":""1"",""years_max"":""3"",""apy_min"":""1.32"",""apy_max"":""6.6"",""guarantee_share_min"":""0.08"",""guarantee_share_max"":""0.28"",""no_trade_clause_odds"":""0.0"",""notes"":""Synthetic contract ranges in millions APY.""}"
nfl_rosters,initial_nfl_contract_distribution.csv,initial_nfl_contract_distribution,weight_distribution,32,Front7,"{""position_group"":""Front7"",""role_tier"":""depth"",""contract_type"":""depth_contract"",""years_min"":""1"",""years_max"":""2"",""apy_min"":""0.88"",""apy_max"":""3.3"",""guarantee_share_min"":""0.02"",""guarantee_share_max"":""0.15"",""no_trade_clause_odds"":""0.0"",""notes"":""Synthetic contract ranges in millions APY.""}"
nfl_rosters,initial_nfl_contract_distribution.csv,initial_nfl_contract_distribution,weight_distribution,33,Front7,"{""position_group"":""Front7"",""role_tier"":""practice"",""contract_type"":""practice_squad"",""years_min"":""1"",""years_max"":""1"",""apy_min"":""0.28"",""apy_max"":""0.5"",""guarantee_share_min"":""0"",""guarantee_share_max"":""0.02"",""no_trade_clause_odds"":""0.0"",""notes"":""Synthetic contract ranges in millions APY.""}"
nfl_rosters,initial_nfl_contract_distribution.csv,initial_nfl_contract_distribution,weight_distribution,34,Front7,"{""position_group"":""Front7"",""role_tier"":""free_agent_starter"",""contract_type"":""open_market_starter"",""years_min"":""1"",""years_max"":""3"",""apy_min"":""4.4"",""apy_max"":""15.4"",""guarantee_share_min"":""0.1"",""guarantee_share_max"":""0.42"",""no_trade_clause_odds"":""0.0"",""notes"":""Synthetic contract ranges in millions APY.""}"
nfl_rosters,initial_nfl_contract_distribution.csv,initial_nfl_contract_distribution,weight_distribution,35,Front7,"{""position_group"":""Front7"",""role_tier"":""free_agent_backup"",""contract_type"":""open_market_backup"",""years_min"":""1"",""years_max"":""2"",""apy_min"":""1.1"",""apy_max"":""5.5"",""guarantee_share_min"":""0.02"",""guarantee_share_max"":""0.2"",""no_trade_clause_odds"":""0.0"",""notes"":""Synthetic contract ranges in millions APY.""}"
nfl_rosters,initial_nfl_contract_distribution.csv,initial_nfl_contract_distribution,weight_distribution,36,Front7,"{""position_group"":""Front7"",""role_tier"":""camp_body"",""contract_type"":""camp_body"",""years_min"":""1"",""years_max"":""1"",""apy_min"":""0.83"",""apy_max"":""1.65"",""guarantee_share_min"":""0"",""guarantee_share_max"":""0.05"",""no_trade_clause_odds"":""0.0"",""notes"":""Synthetic contract ranges in millions APY.""}"
nfl_rosters,initial_nfl_contract_distribution.csv,initial_nfl_contract_distribution,weight_distribution,37,Secondary,"{""position_group"":""Secondary"",""role_tier"":""star"",""contract_type"":""premium_multi_year"",""years_min"":""3"",""years_max"":""5"",""apy_min"":""15.4"",""apy_max"":""41.8"",""guarantee_share_min"":""0.45"",""guarantee_share_max"":""0.75"",""no_trade_clause_odds"":""0.0"",""notes"":""Synthetic contract ranges in millions APY.""}"
nfl_rosters,initial_nfl_contract_distribution.csv,initial_nfl_contract_distribution,weight_distribution,38,Secondary,"{""position_group"":""Secondary"",""role_tier"":""quality_starter"",""contract_type"":""starter_multi_year"",""years_min"":""2"",""years_max"":""5"",""apy_min"":""7.7"",""apy_max"":""24.2"",""guarantee_share_min"":""0.35"",""guarantee_share_max"":""0.65"",""no_trade_clause_odds"":""0.0"",""notes"":""Synthetic contract ranges in millions APY.""}"
nfl_rosters,initial_nfl_contract_distribution.csv,initial_nfl_contract_distribution,weight_distribution,39,Secondary,"{""position_group"":""Secondary"",""role_tier"":""starter"",""contract_type"":""starter_or_bridge"",""years_min"":""2"",""years_max"":""4"",""apy_min"":""3.3"",""apy_max"":""13.2"",""guarantee_share_min"":""0.2"",""guarantee_share_max"":""0.5"",""no_trade_clause_odds"":""0.0"",""notes"":""Synthetic contract ranges in millions APY.""}"
nfl_rosters,initial_nfl_contract_distribution.csv,initial_nfl_contract_distribution,weight_distribution,40,Secondary,"{""position_group"":""Secondary"",""role_tier"":""rotation"",""contract_type"":""rotation_contract"",""years_min"":""1"",""years_max"":""3"",""apy_min"":""1.32"",""apy_max"":""6.6"",""guarantee_share_min"":""0.08"",""guarantee_share_max"":""0.28"",""no_trade_clause_odds"":""0.0"",""notes"":""Synthetic contract ranges in millions APY.""}"
nfl_rosters,initial_nfl_contract_distribution.csv,initial_nfl_contract_distribution,weight_distribution,41,Secondary,"{""position_group"":""Secondary"",""role_tier"":""depth"",""contract_type"":""depth_contract"",""years_min"":""1"",""years_max"":""2"",""apy_min"":""0.88"",""apy_max"":""3.3"",""guarantee_share_min"":""0.02"",""guarantee_share_max"":""0.15"",""no_trade_clause_odds"":""0.0"",""notes"":""Synthetic contract ranges in millions APY.""}"
nfl_rosters,initial_nfl_contract_distribution.csv,initial_nfl_contract_distribution,weight_distribution,42,Secondary,"{""position_group"":""Secondary"",""role_tier"":""practice"",""contract_type"":""practice_squad"",""years_min"":""1"",""years_max"":""1"",""apy_min"":""0.28"",""apy_max"":""0.5"",""guarantee_share_min"":""0"",""guarantee_share_max"":""0.02"",""no_trade_clause_odds"":""0.0"",""notes"":""Synthetic contract ranges in millions APY.""}"
nfl_rosters,initial_nfl_contract_distribution.csv,initial_nfl_contract_distribution,weight_distribution,43,Secondary,"{""position_group"":""Secondary"",""role_tier"":""free_agent_starter"",""contract_type"":""open_market_starter"",""years_min"":""1"",""years_max"":""3"",""apy_min"":""4.4"",""apy_max"":""15.4"",""guarantee_share_min"":""0.1"",""guarantee_share_max"":""0.42"",""no_trade_clause_odds"":""0.0"",""notes"":""Synthetic contract ranges in millions APY.""}"
nfl_rosters,initial_nfl_contract_distribution.csv,initial_nfl_contract_distribution,weight_distribution,44,Secondary,"{""position_group"":""Secondary"",""role_tier"":""free_agent_backup"",""contract_type"":""open_market_backup"",""years_min"":""1"",""years_max"":""2"",""apy_min"":""1.1"",""apy_max"":""5.5"",""guarantee_share_min"":""0.02"",""guarantee_share_max"":""0.2"",""no_trade_clause_odds"":""0.0"",""notes"":""Synthetic contract ranges in millions APY.""}"
nfl_rosters,initial_nfl_contract_distribution.csv,initial_nfl_contract_distribution,weight_distribution,45,Secondary,"{""position_group"":""Secondary"",""role_tier"":""camp_body"",""contract_type"":""camp_body"",""years_min"":""1"",""years_max"":""1"",""apy_min"":""0.83"",""apy_max"":""1.65"",""guarantee_share_min"":""0"",""guarantee_share_max"":""0.05"",""no_trade_clause_odds"":""0.0"",""notes"":""Synthetic contract ranges in millions APY.""}"
nfl_rosters,initial_nfl_contract_distribution.csv,initial_nfl_contract_distribution,weight_distribution,46,Specialist,"{""position_group"":""Specialist"",""role_tier"":""star"",""contract_type"":""premium_multi_year"",""years_min"":""3"",""years_max"":""5"",""apy_min"":""6.3"",""apy_max"":""17.1"",""guarantee_share_min"":""0.45"",""guarantee_share_max"":""0.75"",""no_trade_clause_odds"":""0.0"",""notes"":""Synthetic contract ranges in millions APY.""}"
nfl_rosters,initial_nfl_contract_distribution.csv,initial_nfl_contract_distribution,weight_distribution,47,Specialist,"{""position_group"":""Specialist"",""role_tier"":""quality_starter"",""contract_type"":""starter_multi_year"",""years_min"":""2"",""years_max"":""5"",""apy_min"":""3.15"",""apy_max"":""9.9"",""guarantee_share_min"":""0.35"",""guarantee_share_max"":""0.65"",""no_trade_clause_odds"":""0.0"",""notes"":""Synthetic contract ranges in millions APY.""}"
nfl_rosters,initial_nfl_contract_distribution.csv,initial_nfl_contract_distribution,weight_distribution,48,Specialist,"{""position_group"":""Specialist"",""role_tier"":""starter"",""contract_type"":""starter_or_bridge"",""years_min"":""2"",""years_max"":""4"",""apy_min"":""1.35"",""apy_max"":""5.4"",""guarantee_share_min"":""0.2"",""guarantee_share_max"":""0.5"",""no_trade_clause_odds"":""0.0"",""notes"":""Synthetic contract ranges in millions APY.""}"
nfl_rosters,initial_nfl_contract_distribution.csv,initial_nfl_contract_distribution,weight_distribution,49,Specialist,"{""position_group"":""Specialist"",""role_tier"":""rotation"",""contract_type"":""rotation_contract"",""years_min"":""1"",""years_max"":""3"",""apy_min"":""0.54"",""apy_max"":""2.7"",""guarantee_share_min"":""0.08"",""guarantee_share_max"":""0.28"",""no_trade_clause_odds"":""0.0"",""notes"":""Synthetic contract ranges in millions APY.""}"
nfl_rosters,initial_nfl_contract_distribution.csv,initial_nfl_contract_distribution,weight_distribution,50,Specialist,"{""position_group"":""Specialist"",""role_tier"":""depth"",""contract_type"":""depth_contract"",""years_min"":""1"",""years_max"":""2"",""apy_min"":""0.36"",""apy_max"":""1.35"",""guarantee_share_min"":""0.02"",""guarantee_share_max"":""0.15"",""no_trade_clause_odds"":""0.0"",""notes"":""Synthetic contract ranges in millions APY.""}"
nfl_rosters,initial_nfl_contract_distribution.csv,initial_nfl_contract_distribution,weight_distribution,51,Specialist,"{""position_group"":""Specialist"",""role_tier"":""practice"",""contract_type"":""practice_squad"",""years_min"":""1"",""years_max"":""1"",""apy_min"":""0.11"",""apy_max"":""0.2"",""guarantee_share_min"":""0"",""guarantee_share_max"":""0.02"",""no_trade_clause_odds"":""0.0"",""notes"":""Synthetic contract ranges in millions APY.""}"
nfl_rosters,initial_nfl_contract_distribution.csv,initial_nfl_contract_distribution,weight_distribution,52,Specialist,"{""position_group"":""Specialist"",""role_tier"":""free_agent_starter"",""contract_type"":""open_market_starter"",""years_min"":""1"",""years_max"":""3"",""apy_min"":""1.8"",""apy_max"":""6.3"",""guarantee_share_min"":""0.1"",""guarantee_share_max"":""0.42"",""no_trade_clause_odds"":""0.0"",""notes"":""Synthetic contract ranges in millions APY.""}"
nfl_rosters,initial_nfl_contract_distribution.csv,initial_nfl_contract_distribution,weight_distribution,53,Specialist,"{""position_group"":""Specialist"",""role_tier"":""free_agent_backup"",""contract_type"":""open_market_backup"",""years_min"":""1"",""years_max"":""2"",""apy_min"":""0.45"",""apy_max"":""2.25"",""guarantee_share_min"":""0.02"",""guarantee_share_max"":""0.2"",""no_trade_clause_odds"":""0.0"",""notes"":""Synthetic contract ranges in millions APY.""}"
nfl_rosters,initial_nfl_contract_distribution.csv,initial_nfl_contract_distribution,weight_distribution,54,Specialist,"{""position_group"":""Specialist"",""role_tier"":""camp_body"",""contract_type"":""camp_body"",""years_min"":""1"",""years_max"":""1"",""apy_min"":""0.34"",""apy_max"":""0.68"",""guarantee_share_min"":""0"",""guarantee_share_max"":""0.05"",""no_trade_clause_odds"":""0.0"",""notes"":""Synthetic contract ranges in millions APY.""}"
nfl_rosters,initial_nfl_free_agent_pool_targets.csv,initial_nfl_free_agent_pool_targets,target,1,QB,"{""market_phase"":""league_year_start"",""position"":""QB"",""min_players"":""20"",""target_players"":""27"",""max_players"":""37"",""starter_quality_cap_share"":""0.207"",""replacement_floor_share"":""0.24"",""camp_body_share"":""0.12"",""young_fringe_share"":""0.08"",""veteran_depth_share"":""0.34"",""positional_scarcity_multiplier"":""1.35"",""notes"":""Earlier offseason pool: more named/starter-level veterans, fewer camp cuts.""}"
nfl_rosters,initial_nfl_free_agent_pool_targets.csv,initial_nfl_free_agent_pool_targets,target,2,RB,"{""market_phase"":""league_year_start"",""position"":""RB"",""min_players"":""27"",""target_players"":""36"",""max_players"":""49"",""starter_quality_cap_share"":""0.18"",""replacement_floor_share"":""0.24"",""camp_body_share"":""0.12"",""young_fringe_share"":""0.08"",""veteran_depth_share"":""0.34"",""positional_scarcity_multiplier"":""1.0"",""notes"":""Earlier offseason pool: more named/starter-level veterans, fewer camp cuts.""}"
nfl_rosters,initial_nfl_free_agent_pool_targets.csv,initial_nfl_free_agent_pool_targets,target,3,WR,"{""market_phase"":""league_year_start"",""position"":""WR"",""min_players"":""47"",""target_players"":""63"",""max_players"":""86"",""starter_quality_cap_share"":""0.18"",""replacement_floor_share"":""0.24"",""camp_body_share"":""0.12"",""young_fringe_share"":""0.08"",""veteran_depth_share"":""0.34"",""positional_scarcity_multiplier"":""1.15"",""notes"":""Earlier offseason pool: more named/starter-level veterans, fewer camp cuts.""}"
nfl_rosters,initial_nfl_free_agent_pool_targets.csv,initial_nfl_free_agent_pool_targets,target,4,TE,"{""market_phase"":""league_year_start"",""position"":""TE"",""min_players"":""24"",""target_players"":""32"",""max_players"":""44"",""starter_quality_cap_share"":""0.18"",""replacement_floor_share"":""0.24"",""camp_body_share"":""0.12"",""young_fringe_share"":""0.08"",""veteran_depth_share"":""0.34"",""positional_scarcity_multiplier"":""1.0"",""notes"":""Earlier offseason pool: more named/starter-level veterans, fewer camp cuts.""}"
nfl_rosters,initial_nfl_free_agent_pool_targets.csv,initial_nfl_free_agent_pool_targets,target,5,LT,"{""market_phase"":""league_year_start"",""position"":""LT"",""min_players"":""18"",""target_players"":""24"",""max_players"":""33"",""starter_quality_cap_share"":""0.18"",""replacement_floor_share"":""0.24"",""camp_body_share"":""0.12"",""young_fringe_share"":""0.08"",""veteran_depth_share"":""0.34"",""positional_scarcity_multiplier"":""1.15"",""notes"":""Earlier offseason pool: more named/starter-level veterans, fewer camp cuts.""}"
nfl_rosters,initial_nfl_free_agent_pool_targets.csv,initial_nfl_free_agent_pool_targets,target,6,LG,"{""market_phase"":""league_year_start"",""position"":""LG"",""min_players"":""19"",""target_players"":""26"",""max_players"":""36"",""starter_quality_cap_share"":""0.18"",""replacement_floor_share"":""0.24"",""camp_body_share"":""0.12"",""young_fringe_share"":""0.08"",""veteran_depth_share"":""0.34"",""positional_scarcity_multiplier"":""1.15"",""notes"":""Earlier offseason pool: more named/starter-level veterans, fewer camp cuts.""}"
nfl_rosters,initial_nfl_free_agent_pool_targets.csv,initial_nfl_free_agent_pool_targets,target,7,C,"{""market_phase"":""league_year_start"",""position"":""C"",""min_players"":""16"",""target_players"":""22"",""max_players"":""30"",""starter_quality_cap_share"":""0.18"",""replacement_floor_share"":""0.24"",""camp_body_share"":""0.12"",""young_fringe_share"":""0.08"",""veteran_depth_share"":""0.34"",""positional_scarcity_multiplier"":""1.15"",""notes"":""Earlier offseason pool: more named/starter-level veterans, fewer camp cuts.""}"
nfl_rosters,initial_nfl_free_agent_pool_targets.csv,initial_nfl_free_agent_pool_targets,target,8,RG,"{""market_phase"":""league_year_start"",""position"":""RG"",""min_players"":""19"",""target_players"":""26"",""max_players"":""36"",""starter_quality_cap_share"":""0.18"",""replacement_floor_share"":""0.24"",""camp_body_share"":""0.12"",""young_fringe_share"":""0.08"",""veteran_depth_share"":""0.34"",""positional_scarcity_multiplier"":""1.15"",""notes"":""Earlier offseason pool: more named/starter-level veterans, fewer camp cuts.""}"
nfl_rosters,initial_nfl_free_agent_pool_targets.csv,initial_nfl_free_agent_pool_targets,target,9,RT,"{""market_phase"":""league_year_start"",""position"":""RT"",""min_players"":""18"",""target_players"":""24"",""max_players"":""33"",""starter_quality_cap_share"":""0.18"",""replacement_floor_share"":""0.24"",""camp_body_share"":""0.12"",""young_fringe_share"":""0.08"",""veteran_depth_share"":""0.34"",""positional_scarcity_multiplier"":""1.15"",""notes"":""Earlier offseason pool: more named/starter-level veterans, fewer camp cuts.""}"
nfl_rosters,initial_nfl_free_agent_pool_targets.csv,initial_nfl_free_agent_pool_targets,target,10,EDGE,"{""market_phase"":""league_year_start"",""position"":""EDGE"",""min_players"":""27"",""target_players"":""36"",""max_players"":""49"",""starter_quality_cap_share"":""0.18"",""replacement_floor_share"":""0.24"",""camp_body_share"":""0.12"",""young_fringe_share"":""0.08"",""veteran_depth_share"":""0.34"",""positional_scarcity_multiplier"":""1.15"",""notes"":""Earlier offseason pool: more named/starter-level veterans, fewer camp cuts.""}"
nfl_rosters,initial_nfl_free_agent_pool_targets.csv,initial_nfl_free_agent_pool_targets,target,11,DL,"{""market_phase"":""league_year_start"",""position"":""DL"",""min_players"":""33"",""target_players"":""44"",""max_players"":""60"",""starter_quality_cap_share"":""0.18"",""replacement_floor_share"":""0.24"",""camp_body_share"":""0.12"",""young_fringe_share"":""0.08"",""veteran_depth_share"":""0.34"",""positional_scarcity_multiplier"":""1.15"",""notes"":""Earlier offseason pool: more named/starter-level veterans, fewer camp cuts.""}"
nfl_rosters,initial_nfl_free_agent_pool_targets.csv,initial_nfl_free_agent_pool_targets,target,12,LB,"{""market_phase"":""league_year_start"",""position"":""LB"",""min_players"":""33"",""target_players"":""44"",""max_players"":""60"",""starter_quality_cap_share"":""0.18"",""replacement_floor_share"":""0.24"",""camp_body_share"":""0.12"",""young_fringe_share"":""0.08"",""veteran_depth_share"":""0.34"",""positional_scarcity_multiplier"":""1.0"",""notes"":""Earlier offseason pool: more named/starter-level veterans, fewer camp cuts.""}"
nfl_rosters,initial_nfl_free_agent_pool_targets.csv,initial_nfl_free_agent_pool_targets,target,13,CB,"{""market_phase"":""league_year_start"",""position"":""CB"",""min_players"":""40"",""target_players"":""54"",""max_players"":""73"",""starter_quality_cap_share"":""0.18"",""replacement_floor_share"":""0.24"",""camp_body_share"":""0.12"",""young_fringe_share"":""0.08"",""veteran_depth_share"":""0.34"",""positional_scarcity_multiplier"":""1.15"",""notes"":""Earlier offseason pool: more named/starter-level veterans, fewer camp cuts.""}"
nfl_rosters,initial_nfl_free_agent_pool_targets.csv,initial_nfl_free_agent_pool_targets,target,14,S,"{""market_phase"":""league_year_start"",""position"":""S"",""min_players"":""27"",""target_players"":""37"",""max_players"":""50"",""starter_quality_cap_share"":""0.18"",""replacement_floor_share"":""0.24"",""camp_body_share"":""0.12"",""young_fringe_share"":""0.08"",""veteran_depth_share"":""0.34"",""positional_scarcity_multiplier"":""1.0"",""notes"":""Earlier offseason pool: more named/starter-level veterans, fewer camp cuts.""}"
nfl_rosters,initial_nfl_free_agent_pool_targets.csv,initial_nfl_free_agent_pool_targets,target,15,K,"{""market_phase"":""league_year_start"",""position"":""K"",""min_players"":""7"",""target_players"":""10"",""max_players"":""14"",""starter_quality_cap_share"":""0.18"",""replacement_floor_share"":""0.24"",""camp_body_share"":""0.12"",""young_fringe_share"":""0.08"",""veteran_depth_share"":""0.34"",""positional_scarcity_multiplier"":""0.65"",""notes"":""Earlier offseason pool: more named/starter-level veterans, fewer camp cuts.""}"
nfl_rosters,initial_nfl_free_agent_pool_targets.csv,initial_nfl_free_agent_pool_targets,target,16,P,"{""market_phase"":""league_year_start"",""position"":""P"",""min_players"":""6"",""target_players"":""8"",""max_players"":""11"",""starter_quality_cap_share"":""0.18"",""replacement_floor_share"":""0.24"",""camp_body_share"":""0.12"",""young_fringe_share"":""0.08"",""veteran_depth_share"":""0.34"",""positional_scarcity_multiplier"":""0.65"",""notes"":""Earlier offseason pool: more named/starter-level veterans, fewer camp cuts.""}"
nfl_rosters,initial_nfl_free_agent_pool_targets.csv,initial_nfl_free_agent_pool_targets,target,17,QB,"{""market_phase"":""post_draft"",""position"":""QB"",""min_players"":""22"",""target_players"":""30"",""max_players"":""41"",""starter_quality_cap_share"":""0.161"",""replacement_floor_share"":""0.24"",""camp_body_share"":""0.12"",""young_fringe_share"":""0.14"",""veteran_depth_share"":""0.28"",""positional_scarcity_multiplier"":""1.35"",""notes"":""Post-draft pool: more veterans displaced by rookies plus UDFA overflow.""}"
nfl_rosters,initial_nfl_free_agent_pool_targets.csv,initial_nfl_free_agent_pool_targets,target,18,RB,"{""market_phase"":""post_draft"",""position"":""RB"",""min_players"":""30"",""target_players"":""40"",""max_players"":""54"",""starter_quality_cap_share"":""0.14"",""replacement_floor_share"":""0.24"",""camp_body_share"":""0.12"",""young_fringe_share"":""0.14"",""veteran_depth_share"":""0.28"",""positional_scarcity_multiplier"":""1.0"",""notes"":""Post-draft pool: more veterans displaced by rookies plus UDFA overflow.""}"
nfl_rosters,initial_nfl_free_agent_pool_targets.csv,initial_nfl_free_agent_pool_targets,target,19,WR,"{""market_phase"":""post_draft"",""position"":""WR"",""min_players"":""52"",""target_players"":""70"",""max_players"":""95"",""starter_quality_cap_share"":""0.14"",""replacement_floor_share"":""0.24"",""camp_body_share"":""0.12"",""young_fringe_share"":""0.14"",""veteran_depth_share"":""0.28"",""positional_scarcity_multiplier"":""1.15"",""notes"":""Post-draft pool: more veterans displaced by rookies plus UDFA overflow.""}"
nfl_rosters,initial_nfl_free_agent_pool_targets.csv,initial_nfl_free_agent_pool_targets,target,20,TE,"{""market_phase"":""post_draft"",""position"":""TE"",""min_players"":""27"",""target_players"":""36"",""max_players"":""49"",""starter_quality_cap_share"":""0.14"",""replacement_floor_share"":""0.24"",""camp_body_share"":""0.12"",""young_fringe_share"":""0.14"",""veteran_depth_share"":""0.28"",""positional_scarcity_multiplier"":""1.0"",""notes"":""Post-draft pool: more veterans displaced by rookies plus UDFA overflow.""}"
nfl_rosters,initial_nfl_free_agent_pool_targets.csv,initial_nfl_free_agent_pool_targets,target,21,LT,"{""market_phase"":""post_draft"",""position"":""LT"",""min_players"":""20"",""target_players"":""27"",""max_players"":""37"",""starter_quality_cap_share"":""0.14"",""replacement_floor_share"":""0.24"",""camp_body_share"":""0.12"",""young_fringe_share"":""0.14"",""veteran_depth_share"":""0.28"",""positional_scarcity_multiplier"":""1.15"",""notes"":""Post-draft pool: more veterans displaced by rookies plus UDFA overflow.""}"
nfl_rosters,initial_nfl_free_agent_pool_targets.csv,initial_nfl_free_agent_pool_targets,target,22,LG,"{""market_phase"":""post_draft"",""position"":""LG"",""min_players"":""21"",""target_players"":""28"",""max_players"":""38"",""starter_quality_cap_share"":""0.14"",""replacement_floor_share"":""0.24"",""camp_body_share"":""0.12"",""young_fringe_share"":""0.14"",""veteran_depth_share"":""0.28"",""positional_scarcity_multiplier"":""1.15"",""notes"":""Post-draft pool: more veterans displaced by rookies plus UDFA overflow.""}"
nfl_rosters,initial_nfl_free_agent_pool_targets.csv,initial_nfl_free_agent_pool_targets,target,23,C,"{""market_phase"":""post_draft"",""position"":""C"",""min_players"":""18"",""target_players"":""25"",""max_players"":""34"",""starter_quality_cap_share"":""0.14"",""replacement_floor_share"":""0.24"",""camp_body_share"":""0.12"",""young_fringe_share"":""0.14"",""veteran_depth_share"":""0.28"",""positional_scarcity_multiplier"":""1.15"",""notes"":""Post-draft pool: more veterans displaced by rookies plus UDFA overflow.""}"
nfl_rosters,initial_nfl_free_agent_pool_targets.csv,initial_nfl_free_agent_pool_targets,target,24,RG,"{""market_phase"":""post_draft"",""position"":""RG"",""min_players"":""21"",""target_players"":""28"",""max_players"":""38"",""starter_quality_cap_share"":""0.14"",""replacement_floor_share"":""0.24"",""camp_body_share"":""0.12"",""young_fringe_share"":""0.14"",""veteran_depth_share"":""0.28"",""positional_scarcity_multiplier"":""1.15"",""notes"":""Post-draft pool: more veterans displaced by rookies plus UDFA overflow.""}"
nfl_rosters,initial_nfl_free_agent_pool_targets.csv,initial_nfl_free_agent_pool_targets,target,25,RT,"{""market_phase"":""post_draft"",""position"":""RT"",""min_players"":""20"",""target_players"":""27"",""max_players"":""37"",""starter_quality_cap_share"":""0.14"",""replacement_floor_share"":""0.24"",""camp_body_share"":""0.12"",""young_fringe_share"":""0.14"",""veteran_depth_share"":""0.28"",""positional_scarcity_multiplier"":""1.15"",""notes"":""Post-draft pool: more veterans displaced by rookies plus UDFA overflow.""}"
nfl_rosters,initial_nfl_free_agent_pool_targets.csv,initial_nfl_free_agent_pool_targets,target,26,EDGE,"{""market_phase"":""post_draft"",""position"":""EDGE"",""min_players"":""30"",""target_players"":""40"",""max_players"":""54"",""starter_quality_cap_share"":""0.14"",""replacement_floor_share"":""0.24"",""camp_body_share"":""0.12"",""young_fringe_share"":""0.14"",""veteran_depth_share"":""0.28"",""positional_scarcity_multiplier"":""1.15"",""notes"":""Post-draft pool: more veterans displaced by rookies plus UDFA overflow.""}"
nfl_rosters,initial_nfl_free_agent_pool_targets.csv,initial_nfl_free_agent_pool_targets,target,27,DL,"{""market_phase"":""post_draft"",""position"":""DL"",""min_players"":""36"",""target_players"":""49"",""max_players"":""67"",""starter_quality_cap_share"":""0.14"",""replacement_floor_share"":""0.24"",""camp_body_share"":""0.12"",""young_fringe_share"":""0.14"",""veteran_depth_share"":""0.28"",""positional_scarcity_multiplier"":""1.15"",""notes"":""Post-draft pool: more veterans displaced by rookies plus UDFA overflow.""}"
nfl_rosters,initial_nfl_free_agent_pool_targets.csv,initial_nfl_free_agent_pool_targets,target,28,LB,"{""market_phase"":""post_draft"",""position"":""LB"",""min_players"":""36"",""target_players"":""49"",""max_players"":""67"",""starter_quality_cap_share"":""0.14"",""replacement_floor_share"":""0.24"",""camp_body_share"":""0.12"",""young_fringe_share"":""0.14"",""veteran_depth_share"":""0.28"",""positional_scarcity_multiplier"":""1.0"",""notes"":""Post-draft pool: more veterans displaced by rookies plus UDFA overflow.""}"
nfl_rosters,initial_nfl_free_agent_pool_targets.csv,initial_nfl_free_agent_pool_targets,target,29,CB,"{""market_phase"":""post_draft"",""position"":""CB"",""min_players"":""45"",""target_players"":""61"",""max_players"":""83"",""starter_quality_cap_share"":""0.14"",""replacement_floor_share"":""0.24"",""camp_body_share"":""0.12"",""young_fringe_share"":""0.14"",""veteran_depth_share"":""0.28"",""positional_scarcity_multiplier"":""1.15"",""notes"":""Post-draft pool: more veterans displaced by rookies plus UDFA overflow.""}"
nfl_rosters,initial_nfl_free_agent_pool_targets.csv,initial_nfl_free_agent_pool_targets,target,30,S,"{""market_phase"":""post_draft"",""position"":""S"",""min_players"":""31"",""target_players"":""42"",""max_players"":""57"",""starter_quality_cap_share"":""0.14"",""replacement_floor_share"":""0.24"",""camp_body_share"":""0.12"",""young_fringe_share"":""0.14"",""veteran_depth_share"":""0.28"",""positional_scarcity_multiplier"":""1.0"",""notes"":""Post-draft pool: more veterans displaced by rookies plus UDFA overflow.""}"
nfl_rosters,initial_nfl_free_agent_pool_targets.csv,initial_nfl_free_agent_pool_targets,target,31,K,"{""market_phase"":""post_draft"",""position"":""K"",""min_players"":""8"",""target_players"":""11"",""max_players"":""15"",""starter_quality_cap_share"":""0.14"",""replacement_floor_share"":""0.24"",""camp_body_share"":""0.12"",""young_fringe_share"":""0.14"",""veteran_depth_share"":""0.28"",""positional_scarcity_multiplier"":""0.65"",""notes"":""Post-draft pool: more veterans displaced by rookies plus UDFA overflow.""}"
nfl_rosters,initial_nfl_free_agent_pool_targets.csv,initial_nfl_free_agent_pool_targets,target,32,P,"{""market_phase"":""post_draft"",""position"":""P"",""min_players"":""7"",""target_players"":""10"",""max_players"":""14"",""starter_quality_cap_share"":""0.14"",""replacement_floor_share"":""0.24"",""camp_body_share"":""0.12"",""young_fringe_share"":""0.14"",""veteran_depth_share"":""0.28"",""positional_scarcity_multiplier"":""0.65"",""notes"":""Post-draft pool: more veterans displaced by rookies plus UDFA overflow.""}"
nfl_rosters,initial_nfl_free_agent_pool_targets.csv,initial_nfl_free_agent_pool_targets,target,33,QB,"{""market_phase"":""post_cutdown_week1"",""position"":""QB"",""min_players"":""24"",""target_players"":""32"",""max_players"":""44"",""starter_quality_cap_share"":""0.092"",""replacement_floor_share"":""0.36"",""camp_body_share"":""0.18"",""young_fringe_share"":""0.14"",""veteran_depth_share"":""0.28"",""positional_scarcity_multiplier"":""1.35"",""notes"":""Default Year Zero pool with 53 active rosters, practice squads, and cutdown casualties.""}"
nfl_rosters,initial_nfl_free_agent_pool_targets.csv,initial_nfl_free_agent_pool_targets,target,34,RB,"{""market_phase"":""post_cutdown_week1"",""position"":""RB"",""min_players"":""31"",""target_players"":""42"",""max_players"":""57"",""starter_quality_cap_share"":""0.08"",""replacement_floor_share"":""0.36"",""camp_body_share"":""0.18"",""young_fringe_share"":""0.14"",""veteran_depth_share"":""0.28"",""positional_scarcity_multiplier"":""1.0"",""notes"":""Default Year Zero pool with 53 active rosters, practice squads, and cutdown casualties.""}"
nfl_rosters,initial_nfl_free_agent_pool_targets.csv,initial_nfl_free_agent_pool_targets,target,35,WR,"{""market_phase"":""post_cutdown_week1"",""position"":""WR"",""min_players"":""55"",""target_players"":""74"",""max_players"":""100"",""starter_quality_cap_share"":""0.08"",""replacement_floor_share"":""0.36"",""camp_body_share"":""0.18"",""young_fringe_share"":""0.14"",""veteran_depth_share"":""0.28"",""positional_scarcity_multiplier"":""1.15"",""notes"":""Default Year Zero pool with 53 active rosters, practice squads, and cutdown casualties.""}"
nfl_rosters,initial_nfl_free_agent_pool_targets.csv,initial_nfl_free_agent_pool_targets,target,36,TE,"{""market_phase"":""post_cutdown_week1"",""position"":""TE"",""min_players"":""28"",""target_players"":""38"",""max_players"":""52"",""starter_quality_cap_share"":""0.08"",""replacement_floor_share"":""0.36"",""camp_body_share"":""0.18"",""young_fringe_share"":""0.14"",""veteran_depth_share"":""0.28"",""positional_scarcity_multiplier"":""1.0"",""notes"":""Default Year Zero pool with 53 active rosters, practice squads, and cutdown casualties.""}"
nfl_rosters,initial_nfl_free_agent_pool_targets.csv,initial_nfl_free_agent_pool_targets,target,37,LT,"{""market_phase"":""post_cutdown_week1"",""position"":""LT"",""min_players"":""21"",""target_players"":""28"",""max_players"":""38"",""starter_quality_cap_share"":""0.08"",""replacement_floor_share"":""0.36"",""camp_body_share"":""0.18"",""young_fringe_share"":""0.14"",""veteran_depth_share"":""0.28"",""positional_scarcity_multiplier"":""1.15"",""notes"":""Default Year Zero pool with 53 active rosters, practice squads, and cutdown casualties.""}"
nfl_rosters,initial_nfl_free_agent_pool_targets.csv,initial_nfl_free_agent_pool_targets,target,38,LG,"{""market_phase"":""post_cutdown_week1"",""position"":""LG"",""min_players"":""22"",""target_players"":""30"",""max_players"":""41"",""starter_quality_cap_share"":""0.08"",""replacement_floor_share"":""0.36"",""camp_body_share"":""0.18"",""young_fringe_share"":""0.14"",""veteran_depth_share"":""0.28"",""positional_scarcity_multiplier"":""1.15"",""notes"":""Default Year Zero pool with 53 active rosters, practice squads, and cutdown casualties.""}"
nfl_rosters,initial_nfl_free_agent_pool_targets.csv,initial_nfl_free_agent_pool_targets,target,39,C,"{""market_phase"":""post_cutdown_week1"",""position"":""C"",""min_players"":""19"",""target_players"":""26"",""max_players"":""36"",""starter_quality_cap_share"":""0.08"",""replacement_floor_share"":""0.36"",""camp_body_share"":""0.18"",""young_fringe_share"":""0.14"",""veteran_depth_share"":""0.28"",""positional_scarcity_multiplier"":""1.15"",""notes"":""Default Year Zero pool with 53 active rosters, practice squads, and cutdown casualties.""}"
nfl_rosters,initial_nfl_free_agent_pool_targets.csv,initial_nfl_free_agent_pool_targets,target,40,RG,"{""market_phase"":""post_cutdown_week1"",""position"":""RG"",""min_players"":""22"",""target_players"":""30"",""max_players"":""41"",""starter_quality_cap_share"":""0.08"",""replacement_floor_share"":""0.36"",""camp_body_share"":""0.18"",""young_fringe_share"":""0.14"",""veteran_depth_share"":""0.28"",""positional_scarcity_multiplier"":""1.15"",""notes"":""Default Year Zero pool with 53 active rosters, practice squads, and cutdown casualties.""}"
nfl_rosters,initial_nfl_free_agent_pool_targets.csv,initial_nfl_free_agent_pool_targets,target,41,RT,"{""market_phase"":""post_cutdown_week1"",""position"":""RT"",""min_players"":""21"",""target_players"":""28"",""max_players"":""38"",""starter_quality_cap_share"":""0.08"",""replacement_floor_share"":""0.36"",""camp_body_share"":""0.18"",""young_fringe_share"":""0.14"",""veteran_depth_share"":""0.28"",""positional_scarcity_multiplier"":""1.15"",""notes"":""Default Year Zero pool with 53 active rosters, practice squads, and cutdown casualties.""}"
nfl_rosters,initial_nfl_free_agent_pool_targets.csv,initial_nfl_free_agent_pool_targets,target,42,EDGE,"{""market_phase"":""post_cutdown_week1"",""position"":""EDGE"",""min_players"":""31"",""target_players"":""42"",""max_players"":""57"",""starter_quality_cap_share"":""0.08"",""replacement_floor_share"":""0.36"",""camp_body_share"":""0.18"",""young_fringe_share"":""0.14"",""veteran_depth_share"":""0.28"",""positional_scarcity_multiplier"":""1.15"",""notes"":""Default Year Zero pool with 53 active rosters, practice squads, and cutdown casualties.""}"
nfl_rosters,initial_nfl_free_agent_pool_targets.csv,initial_nfl_free_agent_pool_targets,target,43,DL,"{""market_phase"":""post_cutdown_week1"",""position"":""DL"",""min_players"":""39"",""target_players"":""52"",""max_players"":""71"",""starter_quality_cap_share"":""0.08"",""replacement_floor_share"":""0.36"",""camp_body_share"":""0.18"",""young_fringe_share"":""0.14"",""veteran_depth_share"":""0.28"",""positional_scarcity_multiplier"":""1.15"",""notes"":""Default Year Zero pool with 53 active rosters, practice squads, and cutdown casualties.""}"
nfl_rosters,initial_nfl_free_agent_pool_targets.csv,initial_nfl_free_agent_pool_targets,target,44,LB,"{""market_phase"":""post_cutdown_week1"",""position"":""LB"",""min_players"":""39"",""target_players"":""52"",""max_players"":""71"",""starter_quality_cap_share"":""0.08"",""replacement_floor_share"":""0.36"",""camp_body_share"":""0.18"",""young_fringe_share"":""0.14"",""veteran_depth_share"":""0.28"",""positional_scarcity_multiplier"":""1.0"",""notes"":""Default Year Zero pool with 53 active rosters, practice squads, and cutdown casualties.""}"
nfl_rosters,initial_nfl_free_agent_pool_targets.csv,initial_nfl_free_agent_pool_targets,target,45,CB,"{""market_phase"":""post_cutdown_week1"",""position"":""CB"",""min_players"":""48"",""target_players"":""64"",""max_players"":""87"",""starter_quality_cap_share"":""0.08"",""replacement_floor_share"":""0.36"",""camp_body_share"":""0.18"",""young_fringe_share"":""0.14"",""veteran_depth_share"":""0.28"",""positional_scarcity_multiplier"":""1.15"",""notes"":""Default Year Zero pool with 53 active rosters, practice squads, and cutdown casualties.""}"
nfl_rosters,initial_nfl_free_agent_pool_targets.csv,initial_nfl_free_agent_pool_targets,target,46,S,"{""market_phase"":""post_cutdown_week1"",""position"":""S"",""min_players"":""33"",""target_players"":""44"",""max_players"":""60"",""starter_quality_cap_share"":""0.08"",""replacement_floor_share"":""0.36"",""camp_body_share"":""0.18"",""young_fringe_share"":""0.14"",""veteran_depth_share"":""0.28"",""positional_scarcity_multiplier"":""1.0"",""notes"":""Default Year Zero pool with 53 active rosters, practice squads, and cutdown casualties.""}"
nfl_rosters,initial_nfl_free_agent_pool_targets.csv,initial_nfl_free_agent_pool_targets,target,47,K,"{""market_phase"":""post_cutdown_week1"",""position"":""K"",""min_players"":""9"",""target_players"":""12"",""max_players"":""17"",""starter_quality_cap_share"":""0.08"",""replacement_floor_share"":""0.36"",""camp_body_share"":""0.18"",""young_fringe_share"":""0.14"",""veteran_depth_share"":""0.28"",""positional_scarcity_multiplier"":""0.65"",""notes"":""Default Year Zero pool with 53 active rosters, practice squads, and cutdown casualties.""}"
nfl_rosters,initial_nfl_free_agent_pool_targets.csv,initial_nfl_free_agent_pool_targets,target,48,P,"{""market_phase"":""post_cutdown_week1"",""position"":""P"",""min_players"":""7"",""target_players"":""10"",""max_players"":""14"",""starter_quality_cap_share"":""0.08"",""replacement_floor_share"":""0.36"",""camp_body_share"":""0.18"",""young_fringe_share"":""0.14"",""veteran_depth_share"":""0.28"",""positional_scarcity_multiplier"":""0.65"",""notes"":""Default Year Zero pool with 53 active rosters, practice squads, and cutdown casualties.""}"
nfl_rosters,initial_nfl_free_agent_pool_targets.csv,initial_nfl_free_agent_pool_targets,target,49,QB,"{""market_phase"":""in_season_week4"",""position"":""QB"",""min_players"":""15"",""target_players"":""20"",""max_players"":""27"",""starter_quality_cap_share"":""0.046"",""replacement_floor_share"":""0.36"",""camp_body_share"":""0.12"",""young_fringe_share"":""0.08"",""veteran_depth_share"":""0.34"",""positional_scarcity_multiplier"":""1.35"",""notes"":""In-season pool after early injuries/signings: lower top-end, many street veterans.""}"
nfl_rosters,initial_nfl_free_agent_pool_targets.csv,initial_nfl_free_agent_pool_targets,target,50,RB,"{""market_phase"":""in_season_week4"",""position"":""RB"",""min_players"":""19"",""target_players"":""26"",""max_players"":""36"",""starter_quality_cap_share"":""0.04"",""replacement_floor_share"":""0.36"",""camp_body_share"":""0.12"",""young_fringe_share"":""0.08"",""veteran_depth_share"":""0.34"",""positional_scarcity_multiplier"":""1.0"",""notes"":""In-season pool after early injuries/signings: lower top-end, many street veterans.""}"
nfl_rosters,initial_nfl_free_agent_pool_targets.csv,initial_nfl_free_agent_pool_targets,target,51,WR,"{""market_phase"":""in_season_week4"",""position"":""WR"",""min_players"":""34"",""target_players"":""46"",""max_players"":""63"",""starter_quality_cap_share"":""0.04"",""replacement_floor_share"":""0.36"",""camp_body_share"":""0.12"",""young_fringe_share"":""0.08"",""veteran_depth_share"":""0.34"",""positional_scarcity_multiplier"":""1.15"",""notes"":""In-season pool after early injuries/signings: lower top-end, many street veterans.""}"
nfl_rosters,initial_nfl_free_agent_pool_targets.csv,initial_nfl_free_agent_pool_targets,target,52,TE,"{""market_phase"":""in_season_week4"",""position"":""TE"",""min_players"":""18"",""target_players"":""24"",""max_players"":""33"",""starter_quality_cap_share"":""0.04"",""replacement_floor_share"":""0.36"",""camp_body_share"":""0.12"",""young_fringe_share"":""0.08"",""veteran_depth_share"":""0.34"",""positional_scarcity_multiplier"":""1.0"",""notes"":""In-season pool after early injuries/signings: lower top-end, many street veterans.""}"
nfl_rosters,initial_nfl_free_agent_pool_targets.csv,initial_nfl_free_agent_pool_targets,target,53,LT,"{""market_phase"":""in_season_week4"",""position"":""LT"",""min_players"":""12"",""target_players"":""17"",""max_players"":""23"",""starter_quality_cap_share"":""0.04"",""replacement_floor_share"":""0.36"",""camp_body_share"":""0.12"",""young_fringe_share"":""0.08"",""veteran_depth_share"":""0.34"",""positional_scarcity_multiplier"":""1.15"",""notes"":""In-season pool after early injuries/signings: lower top-end, many street veterans.""}"
nfl_rosters,initial_nfl_free_agent_pool_targets.csv,initial_nfl_free_agent_pool_targets,target,54,LG,"{""market_phase"":""in_season_week4"",""position"":""LG"",""min_players"":""14"",""target_players"":""19"",""max_players"":""26"",""starter_quality_cap_share"":""0.04"",""replacement_floor_share"":""0.36"",""camp_body_share"":""0.12"",""young_fringe_share"":""0.08"",""veteran_depth_share"":""0.34"",""positional_scarcity_multiplier"":""1.15"",""notes"":""In-season pool after early injuries/signings: lower top-end, many street veterans.""}"
nfl_rosters,initial_nfl_free_agent_pool_targets.csv,initial_nfl_free_agent_pool_targets,target,55,C,"{""market_phase"":""in_season_week4"",""position"":""C"",""min_players"":""12"",""target_players"":""16"",""max_players"":""22"",""starter_quality_cap_share"":""0.04"",""replacement_floor_share"":""0.36"",""camp_body_share"":""0.12"",""young_fringe_share"":""0.08"",""veteran_depth_share"":""0.34"",""positional_scarcity_multiplier"":""1.15"",""notes"":""In-season pool after early injuries/signings: lower top-end, many street veterans.""}"
nfl_rosters,initial_nfl_free_agent_pool_targets.csv,initial_nfl_free_agent_pool_targets,target,56,RG,"{""market_phase"":""in_season_week4"",""position"":""RG"",""min_players"":""14"",""target_players"":""19"",""max_players"":""26"",""starter_quality_cap_share"":""0.04"",""replacement_floor_share"":""0.36"",""camp_body_share"":""0.12"",""young_fringe_share"":""0.08"",""veteran_depth_share"":""0.34"",""positional_scarcity_multiplier"":""1.15"",""notes"":""In-season pool after early injuries/signings: lower top-end, many street veterans.""}"
nfl_rosters,initial_nfl_free_agent_pool_targets.csv,initial_nfl_free_agent_pool_targets,target,57,RT,"{""market_phase"":""in_season_week4"",""position"":""RT"",""min_players"":""12"",""target_players"":""17"",""max_players"":""23"",""starter_quality_cap_share"":""0.04"",""replacement_floor_share"":""0.36"",""camp_body_share"":""0.12"",""young_fringe_share"":""0.08"",""veteran_depth_share"":""0.34"",""positional_scarcity_multiplier"":""1.15"",""notes"":""In-season pool after early injuries/signings: lower top-end, many street veterans.""}"
nfl_rosters,initial_nfl_free_agent_pool_targets.csv,initial_nfl_free_agent_pool_targets,target,58,EDGE,"{""market_phase"":""in_season_week4"",""position"":""EDGE"",""min_players"":""19"",""target_players"":""26"",""max_players"":""36"",""starter_quality_cap_share"":""0.04"",""replacement_floor_share"":""0.36"",""camp_body_share"":""0.12"",""young_fringe_share"":""0.08"",""veteran_depth_share"":""0.34"",""positional_scarcity_multiplier"":""1.15"",""notes"":""In-season pool after early injuries/signings: lower top-end, many street veterans.""}"
nfl_rosters,initial_nfl_free_agent_pool_targets.csv,initial_nfl_free_agent_pool_targets,target,59,DL,"{""market_phase"":""in_season_week4"",""position"":""DL"",""min_players"":""24"",""target_players"":""32"",""max_players"":""44"",""starter_quality_cap_share"":""0.04"",""replacement_floor_share"":""0.36"",""camp_body_share"":""0.12"",""young_fringe_share"":""0.08"",""veteran_depth_share"":""0.34"",""positional_scarcity_multiplier"":""1.15"",""notes"":""In-season pool after early injuries/signings: lower top-end, many street veterans.""}"
nfl_rosters,initial_nfl_free_agent_pool_targets.csv,initial_nfl_free_agent_pool_targets,target,60,LB,"{""market_phase"":""in_season_week4"",""position"":""LB"",""min_players"":""24"",""target_players"":""32"",""max_players"":""44"",""starter_quality_cap_share"":""0.04"",""replacement_floor_share"":""0.36"",""camp_body_share"":""0.12"",""young_fringe_share"":""0.08"",""veteran_depth_share"":""0.34"",""positional_scarcity_multiplier"":""1.0"",""notes"":""In-season pool after early injuries/signings: lower top-end, many street veterans.""}"
nfl_rosters,initial_nfl_free_agent_pool_targets.csv,initial_nfl_free_agent_pool_targets,target,61,CB,"{""market_phase"":""in_season_week4"",""position"":""CB"",""min_players"":""30"",""target_players"":""40"",""max_players"":""54"",""starter_quality_cap_share"":""0.04"",""replacement_floor_share"":""0.36"",""camp_body_share"":""0.12"",""young_fringe_share"":""0.08"",""veteran_depth_share"":""0.34"",""positional_scarcity_multiplier"":""1.15"",""notes"":""In-season pool after early injuries/signings: lower top-end, many street veterans.""}"
nfl_rosters,initial_nfl_free_agent_pool_targets.csv,initial_nfl_free_agent_pool_targets,target,62,S,"{""market_phase"":""in_season_week4"",""position"":""S"",""min_players"":""20"",""target_players"":""27"",""max_players"":""37"",""starter_quality_cap_share"":""0.04"",""replacement_floor_share"":""0.36"",""camp_body_share"":""0.12"",""young_fringe_share"":""0.08"",""veteran_depth_share"":""0.34"",""positional_scarcity_multiplier"":""1.0"",""notes"":""In-season pool after early injuries/signings: lower top-end, many street veterans.""}"
nfl_rosters,initial_nfl_free_agent_pool_targets.csv,initial_nfl_free_agent_pool_targets,target,63,K,"{""market_phase"":""in_season_week4"",""position"":""K"",""min_players"":""5"",""target_players"":""7"",""max_players"":""10"",""starter_quality_cap_share"":""0.04"",""replacement_floor_share"":""0.36"",""camp_body_share"":""0.12"",""young_fringe_share"":""0.08"",""veteran_depth_share"":""0.34"",""positional_scarcity_multiplier"":""0.65"",""notes"":""In-season pool after early injuries/signings: lower top-end, many street veterans.""}"
nfl_rosters,initial_nfl_free_agent_pool_targets.csv,initial_nfl_free_agent_pool_targets,target,64,P,"{""market_phase"":""in_season_week4"",""position"":""P"",""min_players"":""4"",""target_players"":""6"",""max_players"":""9"",""starter_quality_cap_share"":""0.04"",""replacement_floor_share"":""0.36"",""camp_body_share"":""0.12"",""young_fringe_share"":""0.08"",""veteran_depth_share"":""0.34"",""positional_scarcity_multiplier"":""0.65"",""notes"":""In-season pool after early injuries/signings: lower top-end, many street veterans.""}"
nfl_rosters,initial_nfl_free_agent_pool_targets.csv,initial_nfl_free_agent_pool_targets,target,65,QB,"{""market_phase"":""late_season"",""position"":""QB"",""min_players"":""11"",""target_players"":""15"",""max_players"":""21"",""starter_quality_cap_share"":""0.023"",""replacement_floor_share"":""0.36"",""camp_body_share"":""0.18"",""young_fringe_share"":""0.08"",""veteran_depth_share"":""0.28"",""positional_scarcity_multiplier"":""1.35"",""notes"":""Late-season emergency market: thin high-end, mostly replacement/specialist depth.""}"
nfl_rosters,initial_nfl_free_agent_pool_targets.csv,initial_nfl_free_agent_pool_targets,target,66,RB,"{""market_phase"":""late_season"",""position"":""RB"",""min_players"":""15"",""target_players"":""20"",""max_players"":""27"",""starter_quality_cap_share"":""0.02"",""replacement_floor_share"":""0.36"",""camp_body_share"":""0.18"",""young_fringe_share"":""0.08"",""veteran_depth_share"":""0.28"",""positional_scarcity_multiplier"":""1.0"",""notes"":""Late-season emergency market: thin high-end, mostly replacement/specialist depth.""}"
nfl_rosters,initial_nfl_free_agent_pool_targets.csv,initial_nfl_free_agent_pool_targets,target,67,WR,"{""market_phase"":""late_season"",""position"":""WR"",""min_players"":""27"",""target_players"":""36"",""max_players"":""49"",""starter_quality_cap_share"":""0.02"",""replacement_floor_share"":""0.36"",""camp_body_share"":""0.18"",""young_fringe_share"":""0.08"",""veteran_depth_share"":""0.28"",""positional_scarcity_multiplier"":""1.15"",""notes"":""Late-season emergency market: thin high-end, mostly replacement/specialist depth.""}"
nfl_rosters,initial_nfl_free_agent_pool_targets.csv,initial_nfl_free_agent_pool_targets,target,68,TE,"{""market_phase"":""late_season"",""position"":""TE"",""min_players"":""13"",""target_players"":""18"",""max_players"":""25"",""starter_quality_cap_share"":""0.02"",""replacement_floor_share"":""0.36"",""camp_body_share"":""0.18"",""young_fringe_share"":""0.08"",""veteran_depth_share"":""0.28"",""positional_scarcity_multiplier"":""1.0"",""notes"":""Late-season emergency market: thin high-end, mostly replacement/specialist depth.""}"
nfl_rosters,initial_nfl_free_agent_pool_targets.csv,initial_nfl_free_agent_pool_targets,target,69,LT,"{""market_phase"":""late_season"",""position"":""LT"",""min_players"":""9"",""target_players"":""13"",""max_players"":""18"",""starter_quality_cap_share"":""0.02"",""replacement_floor_share"":""0.36"",""camp_body_share"":""0.18"",""young_fringe_share"":""0.08"",""veteran_depth_share"":""0.28"",""positional_scarcity_multiplier"":""1.15"",""notes"":""Late-season emergency market: thin high-end, mostly replacement/specialist depth.""}"
nfl_rosters,initial_nfl_free_agent_pool_targets.csv,initial_nfl_free_agent_pool_targets,target,70,LG,"{""market_phase"":""late_season"",""position"":""LG"",""min_players"":""10"",""target_players"":""14"",""max_players"":""19"",""starter_quality_cap_share"":""0.02"",""replacement_floor_share"":""0.36"",""camp_body_share"":""0.18"",""young_fringe_share"":""0.08"",""veteran_depth_share"":""0.28"",""positional_scarcity_multiplier"":""1.15"",""notes"":""Late-season emergency market: thin high-end, mostly replacement/specialist depth.""}"
nfl_rosters,initial_nfl_free_agent_pool_targets.csv,initial_nfl_free_agent_pool_targets,target,71,C,"{""market_phase"":""late_season"",""position"":""C"",""min_players"":""9"",""target_players"":""12"",""max_players"":""17"",""starter_quality_cap_share"":""0.02"",""replacement_floor_share"":""0.36"",""camp_body_share"":""0.18"",""young_fringe_share"":""0.08"",""veteran_depth_share"":""0.28"",""positional_scarcity_multiplier"":""1.15"",""notes"":""Late-season emergency market: thin high-end, mostly replacement/specialist depth.""}"
nfl_rosters,initial_nfl_free_agent_pool_targets.csv,initial_nfl_free_agent_pool_targets,target,72,RG,"{""market_phase"":""late_season"",""position"":""RG"",""min_players"":""10"",""target_players"":""14"",""max_players"":""19"",""starter_quality_cap_share"":""0.02"",""replacement_floor_share"":""0.36"",""camp_body_share"":""0.18"",""young_fringe_share"":""0.08"",""veteran_depth_share"":""0.28"",""positional_scarcity_multiplier"":""1.15"",""notes"":""Late-season emergency market: thin high-end, mostly replacement/specialist depth.""}"
nfl_rosters,initial_nfl_free_agent_pool_targets.csv,initial_nfl_free_agent_pool_targets,target,73,RT,"{""market_phase"":""late_season"",""position"":""RT"",""min_players"":""9"",""target_players"":""13"",""max_players"":""18"",""starter_quality_cap_share"":""0.02"",""replacement_floor_share"":""0.36"",""camp_body_share"":""0.18"",""young_fringe_share"":""0.08"",""veteran_depth_share"":""0.28"",""positional_scarcity_multiplier"":""1.15"",""notes"":""Late-season emergency market: thin high-end, mostly replacement/specialist depth.""}"
nfl_rosters,initial_nfl_free_agent_pool_targets.csv,initial_nfl_free_agent_pool_targets,target,74,EDGE,"{""market_phase"":""late_season"",""position"":""EDGE"",""min_players"":""15"",""target_players"":""20"",""max_players"":""27"",""starter_quality_cap_share"":""0.02"",""replacement_floor_share"":""0.36"",""camp_body_share"":""0.18"",""young_fringe_share"":""0.08"",""veteran_depth_share"":""0.28"",""positional_scarcity_multiplier"":""1.15"",""notes"":""Late-season emergency market: thin high-end, mostly replacement/specialist depth.""}"
nfl_rosters,initial_nfl_free_agent_pool_targets.csv,initial_nfl_free_agent_pool_targets,target,75,DL,"{""market_phase"":""late_season"",""position"":""DL"",""min_players"":""18"",""target_players"":""25"",""max_players"":""34"",""starter_quality_cap_share"":""0.02"",""replacement_floor_share"":""0.36"",""camp_body_share"":""0.18"",""young_fringe_share"":""0.08"",""veteran_depth_share"":""0.28"",""positional_scarcity_multiplier"":""1.15"",""notes"":""Late-season emergency market: thin high-end, mostly replacement/specialist depth.""}"
nfl_rosters,initial_nfl_free_agent_pool_targets.csv,initial_nfl_free_agent_pool_targets,target,76,LB,"{""market_phase"":""late_season"",""position"":""LB"",""min_players"":""18"",""target_players"":""25"",""max_players"":""34"",""starter_quality_cap_share"":""0.02"",""replacement_floor_share"":""0.36"",""camp_body_share"":""0.18"",""young_fringe_share"":""0.08"",""veteran_depth_share"":""0.28"",""positional_scarcity_multiplier"":""1.0"",""notes"":""Late-season emergency market: thin high-end, mostly replacement/specialist depth.""}"
nfl_rosters,initial_nfl_free_agent_pool_targets.csv,initial_nfl_free_agent_pool_targets,target,77,CB,"{""market_phase"":""late_season"",""position"":""CB"",""min_players"":""23"",""target_players"":""31"",""max_players"":""42"",""starter_quality_cap_share"":""0.02"",""replacement_floor_share"":""0.36"",""camp_body_share"":""0.18"",""young_fringe_share"":""0.08"",""veteran_depth_share"":""0.28"",""positional_scarcity_multiplier"":""1.15"",""notes"":""Late-season emergency market: thin high-end, mostly replacement/specialist depth.""}"
nfl_rosters,initial_nfl_free_agent_pool_targets.csv,initial_nfl_free_agent_pool_targets,target,78,S,"{""market_phase"":""late_season"",""position"":""S"",""min_players"":""15"",""target_players"":""21"",""max_players"":""29"",""starter_quality_cap_share"":""0.02"",""replacement_floor_share"":""0.36"",""camp_body_share"":""0.18"",""young_fringe_share"":""0.08"",""veteran_depth_share"":""0.28"",""positional_scarcity_multiplier"":""1.0"",""notes"":""Late-season emergency market: thin high-end, mostly replacement/specialist depth.""}"
nfl_rosters,initial_nfl_free_agent_pool_targets.csv,initial_nfl_free_agent_pool_targets,target,79,K,"{""market_phase"":""late_season"",""position"":""K"",""min_players"":""4"",""target_players"":""6"",""max_players"":""9"",""starter_quality_cap_share"":""0.02"",""replacement_floor_share"":""0.36"",""camp_body_share"":""0.18"",""young_fringe_share"":""0.08"",""veteran_depth_share"":""0.28"",""positional_scarcity_multiplier"":""0.65"",""notes"":""Late-season emergency market: thin high-end, mostly replacement/specialist depth.""}"
nfl_rosters,initial_nfl_free_agent_pool_targets.csv,initial_nfl_free_agent_pool_targets,target,80,P,"{""market_phase"":""late_season"",""position"":""P"",""min_players"":""3"",""target_players"":""5"",""max_players"":""7"",""starter_quality_cap_share"":""0.02"",""replacement_floor_share"":""0.36"",""camp_body_share"":""0.18"",""young_fringe_share"":""0.08"",""veteran_depth_share"":""0.28"",""positional_scarcity_multiplier"":""0.65"",""notes"":""Late-season emergency market: thin high-end, mostly replacement/specialist depth.""}"
nfl_rosters,initial_nfl_ir_stash_rules.csv,initial_nfl_ir_stash_rules,rule,1,stash_count_zero,"{""rule_id"":""stash_count_zero"",""stash_count"":""0"",""weight"":""0.55"",""weight_group"":""nfl_team_stash_count"",""notes"":""Most teams start with no reserve stash.""}"
nfl_rosters,initial_nfl_ir_stash_rules.csv,initial_nfl_ir_stash_rules,rule,2,stash_count_one,"{""rule_id"":""stash_count_one"",""stash_count"":""1"",""weight"":""0.28"",""weight_group"":""nfl_team_stash_count"",""notes"":""One player on reserve/stash.""}"
nfl_rosters,initial_nfl_ir_stash_rules.csv,initial_nfl_ir_stash_rules,rule,3,stash_count_two,"{""rule_id"":""stash_count_two"",""stash_count"":""2"",""weight"":""0.12"",""weight_group"":""nfl_team_stash_count"",""notes"":""Two players.""}"
nfl_rosters,initial_nfl_ir_stash_rules.csv,initial_nfl_ir_stash_rules,rule,4,stash_count_three,"{""rule_id"":""stash_count_three"",""stash_count"":""3"",""weight"":""0.04"",""weight_group"":""nfl_team_stash_count"",""notes"":""Three players, uncommon.""}"
nfl_rosters,initial_nfl_ir_stash_rules.csv,initial_nfl_ir_stash_rules,rule,5,stash_count_four,"{""rule_id"":""stash_count_four"",""stash_count"":""4"",""weight"":""0.01"",""weight_group"":""nfl_team_stash_count"",""notes"":""Four players, rare.""}"
nfl_rosters,initial_nfl_ir_stash_rules.csv,initial_nfl_ir_stash_rules,rule,6,status_ir,"{""rule_id"":""status_ir"",""stash_count"":""status"",""weight"":""0.58"",""weight_group"":""nfl_stash_status"",""notes"":""Reserve/injured style.""}"
nfl_rosters,initial_nfl_ir_stash_rules.csv,initial_nfl_ir_stash_rules,rule,7,status_pup,"{""rule_id"":""status_pup"",""stash_count"":""status"",""weight"":""0.22"",""weight_group"":""nfl_stash_status"",""notes"":""PUP style.""}"
nfl_rosters,initial_nfl_ir_stash_rules.csv,initial_nfl_ir_stash_rules,rule,8,status_nfi,"{""rule_id"":""status_nfi"",""stash_count"":""status"",""weight"":""0.11"",""weight_group"":""nfl_stash_status"",""notes"":""Non-football injury/illness style.""}"
nfl_rosters,initial_nfl_ir_stash_rules.csv,initial_nfl_ir_stash_rules,rule,9,status_developmental_stash,"{""rule_id"":""status_developmental_stash"",""stash_count"":""status"",""weight"":""0.09"",""weight_group"":""nfl_stash_status"",""notes"":""Developmental rights/stash if supported.""}"
nfl_rosters,initial_nfl_practice_squad_targets.csv,initial_nfl_practice_squad_targets,target,1,QB,"{""position"":""QB"",""target_count"":""1"",""min_count"":""0"",""max_count"":""2"",""exact_sum_group"":""nfl_practice_16"",""eligible_profile"":""rookie_or_developmental_or_veteran_exception"",""notes"":""Practice squad target. Sum target_count must equal 16.""}"
nfl_rosters,initial_nfl_practice_squad_targets.csv,initial_nfl_practice_squad_targets,target,2,RB,"{""position"":""RB"",""target_count"":""1"",""min_count"":""0"",""max_count"":""2"",""exact_sum_group"":""nfl_practice_16"",""eligible_profile"":""rookie_or_developmental_or_veteran_exception"",""notes"":""Practice squad target. Sum target_count must equal 16.""}"
nfl_rosters,initial_nfl_practice_squad_targets.csv,initial_nfl_practice_squad_targets,target,3,WR,"{""position"":""WR"",""target_count"":""3"",""min_count"":""2"",""max_count"":""4"",""exact_sum_group"":""nfl_practice_16"",""eligible_profile"":""rookie_or_developmental_or_veteran_exception"",""notes"":""Practice squad target. Sum target_count must equal 16.""}"
nfl_rosters,initial_nfl_practice_squad_targets.csv,initial_nfl_practice_squad_targets,target,4,TE,"{""position"":""TE"",""target_count"":""1"",""min_count"":""0"",""max_count"":""2"",""exact_sum_group"":""nfl_practice_16"",""eligible_profile"":""rookie_or_developmental_or_veteran_exception"",""notes"":""Practice squad target. Sum target_count must equal 16.""}"
nfl_rosters,initial_nfl_practice_squad_targets.csv,initial_nfl_practice_squad_targets,target,5,LT,"{""position"":""LT"",""target_count"":""1"",""min_count"":""0"",""max_count"":""2"",""exact_sum_group"":""nfl_practice_16"",""eligible_profile"":""rookie_or_developmental_or_veteran_exception"",""notes"":""Practice squad target. Sum target_count must equal 16.""}"
nfl_rosters,initial_nfl_practice_squad_targets.csv,initial_nfl_practice_squad_targets,target,6,LG,"{""position"":""LG"",""target_count"":""1"",""min_count"":""0"",""max_count"":""2"",""exact_sum_group"":""nfl_practice_16"",""eligible_profile"":""rookie_or_developmental_or_veteran_exception"",""notes"":""Practice squad target. Sum target_count must equal 16.""}"
nfl_rosters,initial_nfl_practice_squad_targets.csv,initial_nfl_practice_squad_targets,target,7,C,"{""position"":""C"",""target_count"":""1"",""min_count"":""0"",""max_count"":""2"",""exact_sum_group"":""nfl_practice_16"",""eligible_profile"":""rookie_or_developmental_or_veteran_exception"",""notes"":""Practice squad target. Sum target_count must equal 16.""}"
nfl_rosters,initial_nfl_practice_squad_targets.csv,initial_nfl_practice_squad_targets,target,8,EDGE,"{""position"":""EDGE"",""target_count"":""2"",""min_count"":""1"",""max_count"":""3"",""exact_sum_group"":""nfl_practice_16"",""eligible_profile"":""rookie_or_developmental_or_veteran_exception"",""notes"":""Practice squad target. Sum target_count must equal 16.""}"
nfl_rosters,initial_nfl_practice_squad_targets.csv,initial_nfl_practice_squad_targets,target,9,DL,"{""position"":""DL"",""target_count"":""1"",""min_count"":""0"",""max_count"":""2"",""exact_sum_group"":""nfl_practice_16"",""eligible_profile"":""rookie_or_developmental_or_veteran_exception"",""notes"":""Practice squad target. Sum target_count must equal 16.""}"
nfl_rosters,initial_nfl_practice_squad_targets.csv,initial_nfl_practice_squad_targets,target,10,LB,"{""position"":""LB"",""target_count"":""2"",""min_count"":""1"",""max_count"":""3"",""exact_sum_group"":""nfl_practice_16"",""eligible_profile"":""rookie_or_developmental_or_veteran_exception"",""notes"":""Practice squad target. Sum target_count must equal 16.""}"
nfl_rosters,initial_nfl_practice_squad_targets.csv,initial_nfl_practice_squad_targets,target,11,CB,"{""position"":""CB"",""target_count"":""1"",""min_count"":""0"",""max_count"":""3"",""exact_sum_group"":""nfl_practice_16"",""eligible_profile"":""rookie_or_developmental_or_veteran_exception"",""notes"":""Practice squad target. Sum target_count must equal 16.""}"
nfl_rosters,initial_nfl_practice_squad_targets.csv,initial_nfl_practice_squad_targets,target,12,S,"{""position"":""S"",""target_count"":""1"",""min_count"":""0"",""max_count"":""2"",""exact_sum_group"":""nfl_practice_16"",""eligible_profile"":""rookie_or_developmental_or_veteran_exception"",""notes"":""Practice squad target. Sum target_count must equal 16.""}"
nfl_rosters,initial_nfl_quality_distribution.csv,initial_nfl_quality_distribution,weight_distribution,1,QB,"{""pool"":""active_roster"",""position_group"":""QB"",""role_tier"":""star"",""nfl_ovr_min"":""84"",""nfl_ovr_max"":""99"",""weight"":""0.06"",""weight_group"":""active_roster_QB_quality"",""notes"":""Current NFL rating bands.""}"
nfl_rosters,initial_nfl_quality_distribution.csv,initial_nfl_quality_distribution,weight_distribution,2,QB,"{""pool"":""active_roster"",""position_group"":""QB"",""role_tier"":""quality_starter"",""nfl_ovr_min"":""74"",""nfl_ovr_max"":""88"",""weight"":""0.18"",""weight_group"":""active_roster_QB_quality"",""notes"":""Current NFL rating bands.""}"
nfl_rosters,initial_nfl_quality_distribution.csv,initial_nfl_quality_distribution,weight_distribution,3,QB,"{""pool"":""active_roster"",""position_group"":""QB"",""role_tier"":""starter"",""nfl_ovr_min"":""66"",""nfl_ovr_max"":""78"",""weight"":""0.3"",""weight_group"":""active_roster_QB_quality"",""notes"":""Current NFL rating bands.""}"
nfl_rosters,initial_nfl_quality_distribution.csv,initial_nfl_quality_distribution,weight_distribution,4,QB,"{""pool"":""active_roster"",""position_group"":""QB"",""role_tier"":""rotation"",""nfl_ovr_min"":""56"",""nfl_ovr_max"":""70"",""weight"":""0.28"",""weight_group"":""active_roster_QB_quality"",""notes"":""Current NFL rating bands.""}"
nfl_rosters,initial_nfl_quality_distribution.csv,initial_nfl_quality_distribution,weight_distribution,5,QB,"{""pool"":""active_roster"",""position_group"":""QB"",""role_tier"":""depth"",""nfl_ovr_min"":""45"",""nfl_ovr_max"":""60"",""weight"":""0.18"",""weight_group"":""active_roster_QB_quality"",""notes"":""Current NFL rating bands.""}"
nfl_rosters,initial_nfl_quality_distribution.csv,initial_nfl_quality_distribution,weight_distribution,6,Skill,"{""pool"":""active_roster"",""position_group"":""Skill"",""role_tier"":""star"",""nfl_ovr_min"":""84"",""nfl_ovr_max"":""99"",""weight"":""0.06"",""weight_group"":""active_roster_Skill_quality"",""notes"":""Current NFL rating bands.""}"
nfl_rosters,initial_nfl_quality_distribution.csv,initial_nfl_quality_distribution,weight_distribution,7,Skill,"{""pool"":""active_roster"",""position_group"":""Skill"",""role_tier"":""quality_starter"",""nfl_ovr_min"":""74"",""nfl_ovr_max"":""88"",""weight"":""0.18"",""weight_group"":""active_roster_Skill_quality"",""notes"":""Current NFL rating bands.""}"
nfl_rosters,initial_nfl_quality_distribution.csv,initial_nfl_quality_distribution,weight_distribution,8,Skill,"{""pool"":""active_roster"",""position_group"":""Skill"",""role_tier"":""starter"",""nfl_ovr_min"":""66"",""nfl_ovr_max"":""78"",""weight"":""0.3"",""weight_group"":""active_roster_Skill_quality"",""notes"":""Current NFL rating bands.""}"
nfl_rosters,initial_nfl_quality_distribution.csv,initial_nfl_quality_distribution,weight_distribution,9,Skill,"{""pool"":""active_roster"",""position_group"":""Skill"",""role_tier"":""rotation"",""nfl_ovr_min"":""56"",""nfl_ovr_max"":""70"",""weight"":""0.28"",""weight_group"":""active_roster_Skill_quality"",""notes"":""Current NFL rating bands.""}"
nfl_rosters,initial_nfl_quality_distribution.csv,initial_nfl_quality_distribution,weight_distribution,10,Skill,"{""pool"":""active_roster"",""position_group"":""Skill"",""role_tier"":""depth"",""nfl_ovr_min"":""45"",""nfl_ovr_max"":""60"",""weight"":""0.18"",""weight_group"":""active_roster_Skill_quality"",""notes"":""Current NFL rating bands.""}"
nfl_rosters,initial_nfl_quality_distribution.csv,initial_nfl_quality_distribution,weight_distribution,11,OL,"{""pool"":""active_roster"",""position_group"":""OL"",""role_tier"":""star"",""nfl_ovr_min"":""84"",""nfl_ovr_max"":""99"",""weight"":""0.06"",""weight_group"":""active_roster_OL_quality"",""notes"":""Current NFL rating bands.""}"
nfl_rosters,initial_nfl_quality_distribution.csv,initial_nfl_quality_distribution,weight_distribution,12,OL,"{""pool"":""active_roster"",""position_group"":""OL"",""role_tier"":""quality_starter"",""nfl_ovr_min"":""74"",""nfl_ovr_max"":""88"",""weight"":""0.18"",""weight_group"":""active_roster_OL_quality"",""notes"":""Current NFL rating bands.""}"
nfl_rosters,initial_nfl_quality_distribution.csv,initial_nfl_quality_distribution,weight_distribution,13,OL,"{""pool"":""active_roster"",""position_group"":""OL"",""role_tier"":""starter"",""nfl_ovr_min"":""66"",""nfl_ovr_max"":""78"",""weight"":""0.3"",""weight_group"":""active_roster_OL_quality"",""notes"":""Current NFL rating bands.""}"
nfl_rosters,initial_nfl_quality_distribution.csv,initial_nfl_quality_distribution,weight_distribution,14,OL,"{""pool"":""active_roster"",""position_group"":""OL"",""role_tier"":""rotation"",""nfl_ovr_min"":""56"",""nfl_ovr_max"":""70"",""weight"":""0.28"",""weight_group"":""active_roster_OL_quality"",""notes"":""Current NFL rating bands.""}"
nfl_rosters,initial_nfl_quality_distribution.csv,initial_nfl_quality_distribution,weight_distribution,15,OL,"{""pool"":""active_roster"",""position_group"":""OL"",""role_tier"":""depth"",""nfl_ovr_min"":""45"",""nfl_ovr_max"":""60"",""weight"":""0.18"",""weight_group"":""active_roster_OL_quality"",""notes"":""Current NFL rating bands.""}"
nfl_rosters,initial_nfl_quality_distribution.csv,initial_nfl_quality_distribution,weight_distribution,16,Front7,"{""pool"":""active_roster"",""position_group"":""Front7"",""role_tier"":""star"",""nfl_ovr_min"":""84"",""nfl_ovr_max"":""99"",""weight"":""0.06"",""weight_group"":""active_roster_Front7_quality"",""notes"":""Current NFL rating bands.""}"
nfl_rosters,initial_nfl_quality_distribution.csv,initial_nfl_quality_distribution,weight_distribution,17,Front7,"{""pool"":""active_roster"",""position_group"":""Front7"",""role_tier"":""quality_starter"",""nfl_ovr_min"":""74"",""nfl_ovr_max"":""88"",""weight"":""0.18"",""weight_group"":""active_roster_Front7_quality"",""notes"":""Current NFL rating bands.""}"
nfl_rosters,initial_nfl_quality_distribution.csv,initial_nfl_quality_distribution,weight_distribution,18,Front7,"{""pool"":""active_roster"",""position_group"":""Front7"",""role_tier"":""starter"",""nfl_ovr_min"":""66"",""nfl_ovr_max"":""78"",""weight"":""0.3"",""weight_group"":""active_roster_Front7_quality"",""notes"":""Current NFL rating bands.""}"
nfl_rosters,initial_nfl_quality_distribution.csv,initial_nfl_quality_distribution,weight_distribution,19,Front7,"{""pool"":""active_roster"",""position_group"":""Front7"",""role_tier"":""rotation"",""nfl_ovr_min"":""56"",""nfl_ovr_max"":""70"",""weight"":""0.28"",""weight_group"":""active_roster_Front7_quality"",""notes"":""Current NFL rating bands.""}"
nfl_rosters,initial_nfl_quality_distribution.csv,initial_nfl_quality_distribution,weight_distribution,20,Front7,"{""pool"":""active_roster"",""position_group"":""Front7"",""role_tier"":""depth"",""nfl_ovr_min"":""45"",""nfl_ovr_max"":""60"",""weight"":""0.18"",""weight_group"":""active_roster_Front7_quality"",""notes"":""Current NFL rating bands.""}"
nfl_rosters,initial_nfl_quality_distribution.csv,initial_nfl_quality_distribution,weight_distribution,21,Secondary,"{""pool"":""active_roster"",""position_group"":""Secondary"",""role_tier"":""star"",""nfl_ovr_min"":""84"",""nfl_ovr_max"":""99"",""weight"":""0.06"",""weight_group"":""active_roster_Secondary_quality"",""notes"":""Current NFL rating bands.""}"
nfl_rosters,initial_nfl_quality_distribution.csv,initial_nfl_quality_distribution,weight_distribution,22,Secondary,"{""pool"":""active_roster"",""position_group"":""Secondary"",""role_tier"":""quality_starter"",""nfl_ovr_min"":""74"",""nfl_ovr_max"":""88"",""weight"":""0.18"",""weight_group"":""active_roster_Secondary_quality"",""notes"":""Current NFL rating bands.""}"
nfl_rosters,initial_nfl_quality_distribution.csv,initial_nfl_quality_distribution,weight_distribution,23,Secondary,"{""pool"":""active_roster"",""position_group"":""Secondary"",""role_tier"":""starter"",""nfl_ovr_min"":""66"",""nfl_ovr_max"":""78"",""weight"":""0.3"",""weight_group"":""active_roster_Secondary_quality"",""notes"":""Current NFL rating bands.""}"
nfl_rosters,initial_nfl_quality_distribution.csv,initial_nfl_quality_distribution,weight_distribution,24,Secondary,"{""pool"":""active_roster"",""position_group"":""Secondary"",""role_tier"":""rotation"",""nfl_ovr_min"":""56"",""nfl_ovr_max"":""70"",""weight"":""0.28"",""weight_group"":""active_roster_Secondary_quality"",""notes"":""Current NFL rating bands.""}"
nfl_rosters,initial_nfl_quality_distribution.csv,initial_nfl_quality_distribution,weight_distribution,25,Secondary,"{""pool"":""active_roster"",""position_group"":""Secondary"",""role_tier"":""depth"",""nfl_ovr_min"":""45"",""nfl_ovr_max"":""60"",""weight"":""0.18"",""weight_group"":""active_roster_Secondary_quality"",""notes"":""Current NFL rating bands.""}"
nfl_rosters,initial_nfl_quality_distribution.csv,initial_nfl_quality_distribution,weight_distribution,26,Specialist,"{""pool"":""active_roster"",""position_group"":""Specialist"",""role_tier"":""star"",""nfl_ovr_min"":""84"",""nfl_ovr_max"":""99"",""weight"":""0.06"",""weight_group"":""active_roster_Specialist_quality"",""notes"":""Current NFL rating bands.""}"
nfl_rosters,initial_nfl_quality_distribution.csv,initial_nfl_quality_distribution,weight_distribution,27,Specialist,"{""pool"":""active_roster"",""position_group"":""Specialist"",""role_tier"":""quality_starter"",""nfl_ovr_min"":""74"",""nfl_ovr_max"":""88"",""weight"":""0.18"",""weight_group"":""active_roster_Specialist_quality"",""notes"":""Current NFL rating bands.""}"
nfl_rosters,initial_nfl_quality_distribution.csv,initial_nfl_quality_distribution,weight_distribution,28,Specialist,"{""pool"":""active_roster"",""position_group"":""Specialist"",""role_tier"":""starter"",""nfl_ovr_min"":""66"",""nfl_ovr_max"":""78"",""weight"":""0.3"",""weight_group"":""active_roster_Specialist_quality"",""notes"":""Current NFL rating bands.""}"
nfl_rosters,initial_nfl_quality_distribution.csv,initial_nfl_quality_distribution,weight_distribution,29,Specialist,"{""pool"":""active_roster"",""position_group"":""Specialist"",""role_tier"":""rotation"",""nfl_ovr_min"":""56"",""nfl_ovr_max"":""70"",""weight"":""0.28"",""weight_group"":""active_roster_Specialist_quality"",""notes"":""Current NFL rating bands.""}"
nfl_rosters,initial_nfl_quality_distribution.csv,initial_nfl_quality_distribution,weight_distribution,30,Specialist,"{""pool"":""active_roster"",""position_group"":""Specialist"",""role_tier"":""depth"",""nfl_ovr_min"":""45"",""nfl_ovr_max"":""60"",""weight"":""0.18"",""weight_group"":""active_roster_Specialist_quality"",""notes"":""Current NFL rating bands.""}"
nfl_rosters,initial_nfl_quality_distribution.csv,initial_nfl_quality_distribution,weight_distribution,31,QB,"{""pool"":""practice_squad"",""position_group"":""QB"",""role_tier"":""developmental"",""nfl_ovr_min"":""44"",""nfl_ovr_max"":""62"",""weight"":""0.45"",""weight_group"":""practice_squad_QB_quality"",""notes"":""Current NFL rating bands.""}"
nfl_rosters,initial_nfl_quality_distribution.csv,initial_nfl_quality_distribution,weight_distribution,32,QB,"{""pool"":""practice_squad"",""position_group"":""QB"",""role_tier"":""young_upside"",""nfl_ovr_min"":""50"",""nfl_ovr_max"":""66"",""weight"":""0.22"",""weight_group"":""practice_squad_QB_quality"",""notes"":""Current NFL rating bands.""}"
nfl_rosters,initial_nfl_quality_distribution.csv,initial_nfl_quality_distribution,weight_distribution,33,QB,"{""pool"":""practice_squad"",""position_group"":""QB"",""role_tier"":""emergency_depth"",""nfl_ovr_min"":""42"",""nfl_ovr_max"":""58"",""weight"":""0.25"",""weight_group"":""practice_squad_QB_quality"",""notes"":""Current NFL rating bands.""}"
nfl_rosters,initial_nfl_quality_distribution.csv,initial_nfl_quality_distribution,weight_distribution,34,QB,"{""pool"":""practice_squad"",""position_group"":""QB"",""role_tier"":""veteran_exception"",""nfl_ovr_min"":""52"",""nfl_ovr_max"":""65"",""weight"":""0.08"",""weight_group"":""practice_squad_QB_quality"",""notes"":""Current NFL rating bands.""}"
nfl_rosters,initial_nfl_quality_distribution.csv,initial_nfl_quality_distribution,weight_distribution,35,Skill,"{""pool"":""practice_squad"",""position_group"":""Skill"",""role_tier"":""developmental"",""nfl_ovr_min"":""44"",""nfl_ovr_max"":""62"",""weight"":""0.45"",""weight_group"":""practice_squad_Skill_quality"",""notes"":""Current NFL rating bands.""}"
nfl_rosters,initial_nfl_quality_distribution.csv,initial_nfl_quality_distribution,weight_distribution,36,Skill,"{""pool"":""practice_squad"",""position_group"":""Skill"",""role_tier"":""young_upside"",""nfl_ovr_min"":""50"",""nfl_ovr_max"":""66"",""weight"":""0.22"",""weight_group"":""practice_squad_Skill_quality"",""notes"":""Current NFL rating bands.""}"
nfl_rosters,initial_nfl_quality_distribution.csv,initial_nfl_quality_distribution,weight_distribution,37,Skill,"{""pool"":""practice_squad"",""position_group"":""Skill"",""role_tier"":""emergency_depth"",""nfl_ovr_min"":""42"",""nfl_ovr_max"":""58"",""weight"":""0.25"",""weight_group"":""practice_squad_Skill_quality"",""notes"":""Current NFL rating bands.""}"
nfl_rosters,initial_nfl_quality_distribution.csv,initial_nfl_quality_distribution,weight_distribution,38,Skill,"{""pool"":""practice_squad"",""position_group"":""Skill"",""role_tier"":""veteran_exception"",""nfl_ovr_min"":""52"",""nfl_ovr_max"":""65"",""weight"":""0.08"",""weight_group"":""practice_squad_Skill_quality"",""notes"":""Current NFL rating bands.""}"
nfl_rosters,initial_nfl_quality_distribution.csv,initial_nfl_quality_distribution,weight_distribution,39,OL,"{""pool"":""practice_squad"",""position_group"":""OL"",""role_tier"":""developmental"",""nfl_ovr_min"":""44"",""nfl_ovr_max"":""62"",""weight"":""0.45"",""weight_group"":""practice_squad_OL_quality"",""notes"":""Current NFL rating bands.""}"
nfl_rosters,initial_nfl_quality_distribution.csv,initial_nfl_quality_distribution,weight_distribution,40,OL,"{""pool"":""practice_squad"",""position_group"":""OL"",""role_tier"":""young_upside"",""nfl_ovr_min"":""50"",""nfl_ovr_max"":""66"",""weight"":""0.22"",""weight_group"":""practice_squad_OL_quality"",""notes"":""Current NFL rating bands.""}"
nfl_rosters,initial_nfl_quality_distribution.csv,initial_nfl_quality_distribution,weight_distribution,41,OL,"{""pool"":""practice_squad"",""position_group"":""OL"",""role_tier"":""emergency_depth"",""nfl_ovr_min"":""42"",""nfl_ovr_max"":""58"",""weight"":""0.25"",""weight_group"":""practice_squad_OL_quality"",""notes"":""Current NFL rating bands.""}"
nfl_rosters,initial_nfl_quality_distribution.csv,initial_nfl_quality_distribution,weight_distribution,42,OL,"{""pool"":""practice_squad"",""position_group"":""OL"",""role_tier"":""veteran_exception"",""nfl_ovr_min"":""52"",""nfl_ovr_max"":""65"",""weight"":""0.08"",""weight_group"":""practice_squad_OL_quality"",""notes"":""Current NFL rating bands.""}"
nfl_rosters,initial_nfl_quality_distribution.csv,initial_nfl_quality_distribution,weight_distribution,43,Front7,"{""pool"":""practice_squad"",""position_group"":""Front7"",""role_tier"":""developmental"",""nfl_ovr_min"":""44"",""nfl_ovr_max"":""62"",""weight"":""0.45"",""weight_group"":""practice_squad_Front7_quality"",""notes"":""Current NFL rating bands.""}"
nfl_rosters,initial_nfl_quality_distribution.csv,initial_nfl_quality_distribution,weight_distribution,44,Front7,"{""pool"":""practice_squad"",""position_group"":""Front7"",""role_tier"":""young_upside"",""nfl_ovr_min"":""50"",""nfl_ovr_max"":""66"",""weight"":""0.22"",""weight_group"":""practice_squad_Front7_quality"",""notes"":""Current NFL rating bands.""}"
nfl_rosters,initial_nfl_quality_distribution.csv,initial_nfl_quality_distribution,weight_distribution,45,Front7,"{""pool"":""practice_squad"",""position_group"":""Front7"",""role_tier"":""emergency_depth"",""nfl_ovr_min"":""42"",""nfl_ovr_max"":""58"",""weight"":""0.25"",""weight_group"":""practice_squad_Front7_quality"",""notes"":""Current NFL rating bands.""}"
nfl_rosters,initial_nfl_quality_distribution.csv,initial_nfl_quality_distribution,weight_distribution,46,Front7,"{""pool"":""practice_squad"",""position_group"":""Front7"",""role_tier"":""veteran_exception"",""nfl_ovr_min"":""52"",""nfl_ovr_max"":""65"",""weight"":""0.08"",""weight_group"":""practice_squad_Front7_quality"",""notes"":""Current NFL rating bands.""}"
nfl_rosters,initial_nfl_quality_distribution.csv,initial_nfl_quality_distribution,weight_distribution,47,Secondary,"{""pool"":""practice_squad"",""position_group"":""Secondary"",""role_tier"":""developmental"",""nfl_ovr_min"":""44"",""nfl_ovr_max"":""62"",""weight"":""0.45"",""weight_group"":""practice_squad_Secondary_quality"",""notes"":""Current NFL rating bands.""}"
nfl_rosters,initial_nfl_quality_distribution.csv,initial_nfl_quality_distribution,weight_distribution,48,Secondary,"{""pool"":""practice_squad"",""position_group"":""Secondary"",""role_tier"":""young_upside"",""nfl_ovr_min"":""50"",""nfl_ovr_max"":""66"",""weight"":""0.22"",""weight_group"":""practice_squad_Secondary_quality"",""notes"":""Current NFL rating bands.""}"
nfl_rosters,initial_nfl_quality_distribution.csv,initial_nfl_quality_distribution,weight_distribution,49,Secondary,"{""pool"":""practice_squad"",""position_group"":""Secondary"",""role_tier"":""emergency_depth"",""nfl_ovr_min"":""42"",""nfl_ovr_max"":""58"",""weight"":""0.25"",""weight_group"":""practice_squad_Secondary_quality"",""notes"":""Current NFL rating bands.""}"
nfl_rosters,initial_nfl_quality_distribution.csv,initial_nfl_quality_distribution,weight_distribution,50,Secondary,"{""pool"":""practice_squad"",""position_group"":""Secondary"",""role_tier"":""veteran_exception"",""nfl_ovr_min"":""52"",""nfl_ovr_max"":""65"",""weight"":""0.08"",""weight_group"":""practice_squad_Secondary_quality"",""notes"":""Current NFL rating bands.""}"
nfl_rosters,initial_nfl_quality_distribution.csv,initial_nfl_quality_distribution,weight_distribution,51,Specialist,"{""pool"":""practice_squad"",""position_group"":""Specialist"",""role_tier"":""developmental"",""nfl_ovr_min"":""44"",""nfl_ovr_max"":""62"",""weight"":""0.45"",""weight_group"":""practice_squad_Specialist_quality"",""notes"":""Current NFL rating bands.""}"
nfl_rosters,initial_nfl_quality_distribution.csv,initial_nfl_quality_distribution,weight_distribution,52,Specialist,"{""pool"":""practice_squad"",""position_group"":""Specialist"",""role_tier"":""young_upside"",""nfl_ovr_min"":""50"",""nfl_ovr_max"":""66"",""weight"":""0.22"",""weight_group"":""practice_squad_Specialist_quality"",""notes"":""Current NFL rating bands.""}"
nfl_rosters,initial_nfl_quality_distribution.csv,initial_nfl_quality_distribution,weight_distribution,53,Specialist,"{""pool"":""practice_squad"",""position_group"":""Specialist"",""role_tier"":""emergency_depth"",""nfl_ovr_min"":""42"",""nfl_ovr_max"":""58"",""weight"":""0.25"",""weight_group"":""practice_squad_Specialist_quality"",""notes"":""Current NFL rating bands.""}"
nfl_rosters,initial_nfl_quality_distribution.csv,initial_nfl_quality_distribution,weight_distribution,54,Specialist,"{""pool"":""practice_squad"",""position_group"":""Specialist"",""role_tier"":""veteran_exception"",""nfl_ovr_min"":""52"",""nfl_ovr_max"":""65"",""weight"":""0.08"",""weight_group"":""practice_squad_Specialist_quality"",""notes"":""Current NFL rating bands.""}"
nfl_rosters,initial_nfl_quality_distribution.csv,initial_nfl_quality_distribution,weight_distribution,55,QB,"{""pool"":""free_agent"",""position_group"":""QB"",""role_tier"":""starter_quality"",""nfl_ovr_min"":""68"",""nfl_ovr_max"":""79"",""weight"":""0.035"",""weight_group"":""free_agent_QB_quality"",""notes"":""Current NFL rating bands.""}"
nfl_rosters,initial_nfl_quality_distribution.csv,initial_nfl_quality_distribution,weight_distribution,56,QB,"{""pool"":""free_agent"",""position_group"":""QB"",""role_tier"":""backup_quality"",""nfl_ovr_min"":""56"",""nfl_ovr_max"":""70"",""weight"":""0.22"",""weight_group"":""free_agent_QB_quality"",""notes"":""Current NFL rating bands.""}"
nfl_rosters,initial_nfl_quality_distribution.csv,initial_nfl_quality_distribution,weight_distribution,57,QB,"{""pool"":""free_agent"",""position_group"":""QB"",""role_tier"":""replacement"",""nfl_ovr_min"":""46"",""nfl_ovr_max"":""60"",""weight"":""0.42"",""weight_group"":""free_agent_QB_quality"",""notes"":""Current NFL rating bands.""}"
nfl_rosters,initial_nfl_quality_distribution.csv,initial_nfl_quality_distribution,weight_distribution,58,QB,"{""pool"":""free_agent"",""position_group"":""QB"",""role_tier"":""camp_body"",""nfl_ovr_min"":""35"",""nfl_ovr_max"":""52"",""weight"":""0.23"",""weight_group"":""free_agent_QB_quality"",""notes"":""Current NFL rating bands.""}"
nfl_rosters,initial_nfl_quality_distribution.csv,initial_nfl_quality_distribution,weight_distribution,59,QB,"{""pool"":""free_agent"",""position_group"":""QB"",""role_tier"":""specialist_market"",""nfl_ovr_min"":""45"",""nfl_ovr_max"":""72"",""weight"":""0.085"",""weight_group"":""free_agent_QB_quality"",""notes"":""Current NFL rating bands.""}"
nfl_rosters,initial_nfl_quality_distribution.csv,initial_nfl_quality_distribution,weight_distribution,60,Skill,"{""pool"":""free_agent"",""position_group"":""Skill"",""role_tier"":""starter_quality"",""nfl_ovr_min"":""68"",""nfl_ovr_max"":""79"",""weight"":""0.035"",""weight_group"":""free_agent_Skill_quality"",""notes"":""Current NFL rating bands.""}"
nfl_rosters,initial_nfl_quality_distribution.csv,initial_nfl_quality_distribution,weight_distribution,61,Skill,"{""pool"":""free_agent"",""position_group"":""Skill"",""role_tier"":""backup_quality"",""nfl_ovr_min"":""56"",""nfl_ovr_max"":""70"",""weight"":""0.22"",""weight_group"":""free_agent_Skill_quality"",""notes"":""Current NFL rating bands.""}"
nfl_rosters,initial_nfl_quality_distribution.csv,initial_nfl_quality_distribution,weight_distribution,62,Skill,"{""pool"":""free_agent"",""position_group"":""Skill"",""role_tier"":""replacement"",""nfl_ovr_min"":""46"",""nfl_ovr_max"":""60"",""weight"":""0.42"",""weight_group"":""free_agent_Skill_quality"",""notes"":""Current NFL rating bands.""}"
nfl_rosters,initial_nfl_quality_distribution.csv,initial_nfl_quality_distribution,weight_distribution,63,Skill,"{""pool"":""free_agent"",""position_group"":""Skill"",""role_tier"":""camp_body"",""nfl_ovr_min"":""35"",""nfl_ovr_max"":""52"",""weight"":""0.23"",""weight_group"":""free_agent_Skill_quality"",""notes"":""Current NFL rating bands.""}"
nfl_rosters,initial_nfl_quality_distribution.csv,initial_nfl_quality_distribution,weight_distribution,64,Skill,"{""pool"":""free_agent"",""position_group"":""Skill"",""role_tier"":""specialist_market"",""nfl_ovr_min"":""45"",""nfl_ovr_max"":""72"",""weight"":""0.085"",""weight_group"":""free_agent_Skill_quality"",""notes"":""Current NFL rating bands.""}"
nfl_rosters,initial_nfl_quality_distribution.csv,initial_nfl_quality_distribution,weight_distribution,65,OL,"{""pool"":""free_agent"",""position_group"":""OL"",""role_tier"":""starter_quality"",""nfl_ovr_min"":""68"",""nfl_ovr_max"":""79"",""weight"":""0.035"",""weight_group"":""free_agent_OL_quality"",""notes"":""Current NFL rating bands.""}"
nfl_rosters,initial_nfl_quality_distribution.csv,initial_nfl_quality_distribution,weight_distribution,66,OL,"{""pool"":""free_agent"",""position_group"":""OL"",""role_tier"":""backup_quality"",""nfl_ovr_min"":""56"",""nfl_ovr_max"":""70"",""weight"":""0.22"",""weight_group"":""free_agent_OL_quality"",""notes"":""Current NFL rating bands.""}"
nfl_rosters,initial_nfl_quality_distribution.csv,initial_nfl_quality_distribution,weight_distribution,67,OL,"{""pool"":""free_agent"",""position_group"":""OL"",""role_tier"":""replacement"",""nfl_ovr_min"":""46"",""nfl_ovr_max"":""60"",""weight"":""0.42"",""weight_group"":""free_agent_OL_quality"",""notes"":""Current NFL rating bands.""}"
nfl_rosters,initial_nfl_quality_distribution.csv,initial_nfl_quality_distribution,weight_distribution,68,OL,"{""pool"":""free_agent"",""position_group"":""OL"",""role_tier"":""camp_body"",""nfl_ovr_min"":""35"",""nfl_ovr_max"":""52"",""weight"":""0.23"",""weight_group"":""free_agent_OL_quality"",""notes"":""Current NFL rating bands.""}"
nfl_rosters,initial_nfl_quality_distribution.csv,initial_nfl_quality_distribution,weight_distribution,69,OL,"{""pool"":""free_agent"",""position_group"":""OL"",""role_tier"":""specialist_market"",""nfl_ovr_min"":""45"",""nfl_ovr_max"":""72"",""weight"":""0.085"",""weight_group"":""free_agent_OL_quality"",""notes"":""Current NFL rating bands.""}"
nfl_rosters,initial_nfl_quality_distribution.csv,initial_nfl_quality_distribution,weight_distribution,70,Front7,"{""pool"":""free_agent"",""position_group"":""Front7"",""role_tier"":""starter_quality"",""nfl_ovr_min"":""68"",""nfl_ovr_max"":""79"",""weight"":""0.035"",""weight_group"":""free_agent_Front7_quality"",""notes"":""Current NFL rating bands.""}"
nfl_rosters,initial_nfl_quality_distribution.csv,initial_nfl_quality_distribution,weight_distribution,71,Front7,"{""pool"":""free_agent"",""position_group"":""Front7"",""role_tier"":""backup_quality"",""nfl_ovr_min"":""56"",""nfl_ovr_max"":""70"",""weight"":""0.22"",""weight_group"":""free_agent_Front7_quality"",""notes"":""Current NFL rating bands.""}"
nfl_rosters,initial_nfl_quality_distribution.csv,initial_nfl_quality_distribution,weight_distribution,72,Front7,"{""pool"":""free_agent"",""position_group"":""Front7"",""role_tier"":""replacement"",""nfl_ovr_min"":""46"",""nfl_ovr_max"":""60"",""weight"":""0.42"",""weight_group"":""free_agent_Front7_quality"",""notes"":""Current NFL rating bands.""}"
nfl_rosters,initial_nfl_quality_distribution.csv,initial_nfl_quality_distribution,weight_distribution,73,Front7,"{""pool"":""free_agent"",""position_group"":""Front7"",""role_tier"":""camp_body"",""nfl_ovr_min"":""35"",""nfl_ovr_max"":""52"",""weight"":""0.23"",""weight_group"":""free_agent_Front7_quality"",""notes"":""Current NFL rating bands.""}"
nfl_rosters,initial_nfl_quality_distribution.csv,initial_nfl_quality_distribution,weight_distribution,74,Front7,"{""pool"":""free_agent"",""position_group"":""Front7"",""role_tier"":""specialist_market"",""nfl_ovr_min"":""45"",""nfl_ovr_max"":""72"",""weight"":""0.085"",""weight_group"":""free_agent_Front7_quality"",""notes"":""Current NFL rating bands.""}"
nfl_rosters,initial_nfl_quality_distribution.csv,initial_nfl_quality_distribution,weight_distribution,75,Secondary,"{""pool"":""free_agent"",""position_group"":""Secondary"",""role_tier"":""starter_quality"",""nfl_ovr_min"":""68"",""nfl_ovr_max"":""79"",""weight"":""0.035"",""weight_group"":""free_agent_Secondary_quality"",""notes"":""Current NFL rating bands.""}"
nfl_rosters,initial_nfl_quality_distribution.csv,initial_nfl_quality_distribution,weight_distribution,76,Secondary,"{""pool"":""free_agent"",""position_group"":""Secondary"",""role_tier"":""backup_quality"",""nfl_ovr_min"":""56"",""nfl_ovr_max"":""70"",""weight"":""0.22"",""weight_group"":""free_agent_Secondary_quality"",""notes"":""Current NFL rating bands.""}"
nfl_rosters,initial_nfl_quality_distribution.csv,initial_nfl_quality_distribution,weight_distribution,77,Secondary,"{""pool"":""free_agent"",""position_group"":""Secondary"",""role_tier"":""replacement"",""nfl_ovr_min"":""46"",""nfl_ovr_max"":""60"",""weight"":""0.42"",""weight_group"":""free_agent_Secondary_quality"",""notes"":""Current NFL rating bands.""}"
nfl_rosters,initial_nfl_quality_distribution.csv,initial_nfl_quality_distribution,weight_distribution,78,Secondary,"{""pool"":""free_agent"",""position_group"":""Secondary"",""role_tier"":""camp_body"",""nfl_ovr_min"":""35"",""nfl_ovr_max"":""52"",""weight"":""0.23"",""weight_group"":""free_agent_Secondary_quality"",""notes"":""Current NFL rating bands.""}"
nfl_rosters,initial_nfl_quality_distribution.csv,initial_nfl_quality_distribution,weight_distribution,79,Secondary,"{""pool"":""free_agent"",""position_group"":""Secondary"",""role_tier"":""specialist_market"",""nfl_ovr_min"":""45"",""nfl_ovr_max"":""72"",""weight"":""0.085"",""weight_group"":""free_agent_Secondary_quality"",""notes"":""Current NFL rating bands.""}"
nfl_rosters,initial_nfl_quality_distribution.csv,initial_nfl_quality_distribution,weight_distribution,80,Specialist,"{""pool"":""free_agent"",""position_group"":""Specialist"",""role_tier"":""starter_quality"",""nfl_ovr_min"":""68"",""nfl_ovr_max"":""79"",""weight"":""0.035"",""weight_group"":""free_agent_Specialist_quality"",""notes"":""Current NFL rating bands.""}"
nfl_rosters,initial_nfl_quality_distribution.csv,initial_nfl_quality_distribution,weight_distribution,81,Specialist,"{""pool"":""free_agent"",""position_group"":""Specialist"",""role_tier"":""backup_quality"",""nfl_ovr_min"":""56"",""nfl_ovr_max"":""70"",""weight"":""0.22"",""weight_group"":""free_agent_Specialist_quality"",""notes"":""Current NFL rating bands.""}"
nfl_rosters,initial_nfl_quality_distribution.csv,initial_nfl_quality_distribution,weight_distribution,82,Specialist,"{""pool"":""free_agent"",""position_group"":""Specialist"",""role_tier"":""replacement"",""nfl_ovr_min"":""46"",""nfl_ovr_max"":""60"",""weight"":""0.42"",""weight_group"":""free_agent_Specialist_quality"",""notes"":""Current NFL rating bands.""}"
nfl_rosters,initial_nfl_quality_distribution.csv,initial_nfl_quality_distribution,weight_distribution,83,Specialist,"{""pool"":""free_agent"",""position_group"":""Specialist"",""role_tier"":""camp_body"",""nfl_ovr_min"":""35"",""nfl_ovr_max"":""52"",""weight"":""0.23"",""weight_group"":""free_agent_Specialist_quality"",""notes"":""Current NFL rating bands.""}"
nfl_rosters,initial_nfl_quality_distribution.csv,initial_nfl_quality_distribution,weight_distribution,84,Specialist,"{""pool"":""free_agent"",""position_group"":""Specialist"",""role_tier"":""specialist_market"",""nfl_ovr_min"":""47"",""nfl_ovr_max"":""74"",""weight"":""0.085"",""weight_group"":""free_agent_Specialist_quality"",""notes"":""Current NFL rating bands.""}"
nfl_rosters,initial_nfl_roster_quality_by_team_tier.csv,initial_nfl_roster_quality_by_team_tier,runtime_tuning,1,initial_nfl_roster_quality_by_team_tier:1,"{""team_tier"":""super_bowl_contender"",""role_tier"":""star"",""expected_count_min"":""4"",""expected_count_max"":""8"",""avg_nfl_ovr_min"":""78"",""avg_nfl_ovr_max"":""86"",""notes"":""Top-heavy strong roster.""}"
nfl_rosters,initial_nfl_roster_quality_by_team_tier.csv,initial_nfl_roster_quality_by_team_tier,runtime_tuning,2,initial_nfl_roster_quality_by_team_tier:2,"{""team_tier"":""super_bowl_contender"",""role_tier"":""starter"",""expected_count_min"":""17"",""expected_count_max"":""25"",""avg_nfl_ovr_min"":""68"",""avg_nfl_ovr_max"":""78"",""notes"":""Deep starters.""}"
nfl_rosters,initial_nfl_roster_quality_by_team_tier.csv,initial_nfl_roster_quality_by_team_tier,runtime_tuning,3,initial_nfl_roster_quality_by_team_tier:3,"{""team_tier"":""playoff_contender"",""role_tier"":""star"",""expected_count_min"":""3"",""expected_count_max"":""6"",""avg_nfl_ovr_min"":""74"",""avg_nfl_ovr_max"":""83"",""notes"":""Good roster.""}"
nfl_rosters,initial_nfl_roster_quality_by_team_tier.csv,initial_nfl_roster_quality_by_team_tier,runtime_tuning,4,initial_nfl_roster_quality_by_team_tier:4,"{""team_tier"":""playoff_contender"",""role_tier"":""starter"",""expected_count_min"":""15"",""expected_count_max"":""23"",""avg_nfl_ovr_min"":""65"",""avg_nfl_ovr_max"":""75"",""notes"":""Strong starter core.""}"
nfl_rosters,initial_nfl_roster_quality_by_team_tier.csv,initial_nfl_roster_quality_by_team_tier,runtime_tuning,5,initial_nfl_roster_quality_by_team_tier:5,"{""team_tier"":""middle_class"",""role_tier"":""star"",""expected_count_min"":""1"",""expected_count_max"":""4"",""avg_nfl_ovr_min"":""70"",""avg_nfl_ovr_max"":""80"",""notes"":""Average roster with a few stars.""}"
nfl_rosters,initial_nfl_roster_quality_by_team_tier.csv,initial_nfl_roster_quality_by_team_tier,runtime_tuning,6,initial_nfl_roster_quality_by_team_tier:6,"{""team_tier"":""middle_class"",""role_tier"":""starter"",""expected_count_min"":""12"",""expected_count_max"":""20"",""avg_nfl_ovr_min"":""61"",""avg_nfl_ovr_max"":""72"",""notes"":""Mid-tier.""}"
nfl_rosters,initial_nfl_roster_quality_by_team_tier.csv,initial_nfl_roster_quality_by_team_tier,runtime_tuning,7,initial_nfl_roster_quality_by_team_tier:7,"{""team_tier"":""retooling"",""role_tier"":""star"",""expected_count_min"":""0"",""expected_count_max"":""3"",""avg_nfl_ovr_min"":""66"",""avg_nfl_ovr_max"":""78"",""notes"":""Weaker roster.""}"
nfl_rosters,initial_nfl_roster_quality_by_team_tier.csv,initial_nfl_roster_quality_by_team_tier,runtime_tuning,8,initial_nfl_roster_quality_by_team_tier:8,"{""team_tier"":""retooling"",""role_tier"":""starter"",""expected_count_min"":""9"",""expected_count_max"":""17"",""avg_nfl_ovr_min"":""57"",""avg_nfl_ovr_max"":""69"",""notes"":""Thin starter core.""}"
nfl_rosters,initial_nfl_roster_quality_by_team_tier.csv,initial_nfl_roster_quality_by_team_tier,runtime_tuning,9,initial_nfl_roster_quality_by_team_tier:9,"{""team_tier"":""rebuild"",""role_tier"":""star"",""expected_count_min"":""0"",""expected_count_max"":""2"",""avg_nfl_ovr_min"":""62"",""avg_nfl_ovr_max"":""76"",""notes"":""Few premium players.""}"
nfl_rosters,initial_nfl_roster_quality_by_team_tier.csv,initial_nfl_roster_quality_by_team_tier,runtime_tuning,10,initial_nfl_roster_quality_by_team_tier:10,"{""team_tier"":""rebuild"",""role_tier"":""starter"",""expected_count_min"":""7"",""expected_count_max"":""15"",""avg_nfl_ovr_min"":""53"",""avg_nfl_ovr_max"":""66"",""notes"":""Rebuild roster.""}"
nfl_rosters,initial_nfl_roster_targets.csv,initial_nfl_roster_targets,target,1,QB,"{""position"":""QB"",""target_count"":""3"",""min_count"":""2"",""max_count"":""3"",""exact_sum_group"":""nfl_active_53"",""notes"":""Active roster target. Sum target_count must equal 53.""}"
nfl_rosters,initial_nfl_roster_targets.csv,initial_nfl_roster_targets,target,2,RB,"{""position"":""RB"",""target_count"":""4"",""min_count"":""3"",""max_count"":""5"",""exact_sum_group"":""nfl_active_53"",""notes"":""Active roster target. Sum target_count must equal 53.""}"
nfl_rosters,initial_nfl_roster_targets.csv,initial_nfl_roster_targets,target,3,WR,"{""position"":""WR"",""target_count"":""6"",""min_count"":""5"",""max_count"":""7"",""exact_sum_group"":""nfl_active_53"",""notes"":""Active roster target. Sum target_count must equal 53.""}"
nfl_rosters,initial_nfl_roster_targets.csv,initial_nfl_roster_targets,target,4,TE,"{""position"":""TE"",""target_count"":""3"",""min_count"":""2"",""max_count"":""4"",""exact_sum_group"":""nfl_active_53"",""notes"":""Active roster target. Sum target_count must equal 53.""}"
nfl_rosters,initial_nfl_roster_targets.csv,initial_nfl_roster_targets,target,5,LT,"{""position"":""LT"",""target_count"":""2"",""min_count"":""2"",""max_count"":""3"",""exact_sum_group"":""nfl_active_53"",""notes"":""Active roster target. Sum target_count must equal 53.""}"
nfl_rosters,initial_nfl_roster_targets.csv,initial_nfl_roster_targets,target,6,LG,"{""position"":""LG"",""target_count"":""2"",""min_count"":""1"",""max_count"":""3"",""exact_sum_group"":""nfl_active_53"",""notes"":""Active roster target. Sum target_count must equal 53.""}"
nfl_rosters,initial_nfl_roster_targets.csv,initial_nfl_roster_targets,target,7,C,"{""position"":""C"",""target_count"":""2"",""min_count"":""1"",""max_count"":""3"",""exact_sum_group"":""nfl_active_53"",""notes"":""Active roster target. Sum target_count must equal 53.""}"
nfl_rosters,initial_nfl_roster_targets.csv,initial_nfl_roster_targets,target,8,RG,"{""position"":""RG"",""target_count"":""1"",""min_count"":""1"",""max_count"":""3"",""exact_sum_group"":""nfl_active_53"",""notes"":""Active roster target. Sum target_count must equal 53.""}"
nfl_rosters,initial_nfl_roster_targets.csv,initial_nfl_roster_targets,target,9,RT,"{""position"":""RT"",""target_count"":""2"",""min_count"":""2"",""max_count"":""3"",""exact_sum_group"":""nfl_active_53"",""notes"":""Active roster target. Sum target_count must equal 53.""}"
nfl_rosters,initial_nfl_roster_targets.csv,initial_nfl_roster_targets,target,10,EDGE,"{""position"":""EDGE"",""target_count"":""5"",""min_count"":""4"",""max_count"":""6"",""exact_sum_group"":""nfl_active_53"",""notes"":""Active roster target. Sum target_count must equal 53.""}"
nfl_rosters,initial_nfl_roster_targets.csv,initial_nfl_roster_targets,target,11,DL,"{""position"":""DL"",""target_count"":""5"",""min_count"":""4"",""max_count"":""6"",""exact_sum_group"":""nfl_active_53"",""notes"":""Active roster target. Sum target_count must equal 53.""}"
nfl_rosters,initial_nfl_roster_targets.csv,initial_nfl_roster_targets,target,12,LB,"{""position"":""LB"",""target_count"":""6"",""min_count"":""5"",""max_count"":""7"",""exact_sum_group"":""nfl_active_53"",""notes"":""Active roster target. Sum target_count must equal 53.""}"
nfl_rosters,initial_nfl_roster_targets.csv,initial_nfl_roster_targets,target,13,CB,"{""position"":""CB"",""target_count"":""6"",""min_count"":""5"",""max_count"":""7"",""exact_sum_group"":""nfl_active_53"",""notes"":""Active roster target. Sum target_count must equal 53.""}"
nfl_rosters,initial_nfl_roster_targets.csv,initial_nfl_roster_targets,target,14,S,"{""position"":""S"",""target_count"":""4"",""min_count"":""3"",""max_count"":""5"",""exact_sum_group"":""nfl_active_53"",""notes"":""Active roster target. Sum target_count must equal 53.""}"
nfl_rosters,initial_nfl_roster_targets.csv,initial_nfl_roster_targets,target,15,K,"{""position"":""K"",""target_count"":""1"",""min_count"":""1"",""max_count"":""1"",""exact_sum_group"":""nfl_active_53"",""notes"":""Active roster target. Sum target_count must equal 53.""}"
nfl_rosters,initial_nfl_roster_targets.csv,initial_nfl_roster_targets,target,16,P,"{""position"":""P"",""target_count"":""1"",""min_count"":""1"",""max_count"":""1"",""exact_sum_group"":""nfl_active_53"",""notes"":""Active roster target. Sum target_count must equal 53.""}"
nfl_rosters,nfl_veteran_backfill_templates_v2_2.csv,nfl_veteran_backfill_templates_v2_2,runtime_tuning,1,nfl_veteran_backfill_templates_v2_2:1,"{""career_template"":""rookie_contract_ascender"",""description"":""Young player still developing on first contract."",""min_exp"":""0"",""max_exp"":""3"",""development_bias"":""1.15"",""decline_bias"":""0.25"",""history_density"":""medium"",""likely_roles"":""starter|rotation|backup""}"
nfl_rosters,nfl_veteran_backfill_templates_v2_2.csv,nfl_veteran_backfill_templates_v2_2,runtime_tuning,2,nfl_veteran_backfill_templates_v2_2:2,"{""career_template"":""early_star"",""description"":""Immediate NFL hit with early production and honors."",""min_exp"":""1"",""max_exp"":""5"",""development_bias"":""1.35"",""decline_bias"":""0.35"",""history_density"":""high"",""likely_roles"":""elite|starter""}"
nfl_rosters,nfl_veteran_backfill_templates_v2_2.csv,nfl_veteran_backfill_templates_v2_2,runtime_tuning,3,nfl_veteran_backfill_templates_v2_2:3,"{""career_template"":""normal_prime_starter"",""description"":""Established veteran starter in or near prime."",""min_exp"":""4"",""max_exp"":""8"",""development_bias"":""0.75"",""decline_bias"":""0.65"",""history_density"":""high"",""likely_roles"":""elite|starter""}"
nfl_rosters,nfl_veteran_backfill_templates_v2_2.csv,nfl_veteran_backfill_templates_v2_2,runtime_tuning,4,nfl_veteran_backfill_templates_v2_2:4,"{""career_template"":""late_blooming_starter"",""description"":""Developed slowly before becoming useful starter."",""min_exp"":""4"",""max_exp"":""9"",""development_bias"":""0.95"",""decline_bias"":""0.75"",""history_density"":""high"",""likely_roles"":""starter|rotation""}"
nfl_rosters,nfl_veteran_backfill_templates_v2_2.csv,nfl_veteran_backfill_templates_v2_2,runtime_tuning,5,nfl_veteran_backfill_templates_v2_2:5,"{""career_template"":""journeyman_depth"",""description"":""Multiple teams, stable depth value, limited upside."",""min_exp"":""3"",""max_exp"":""10"",""development_bias"":""0.45"",""decline_bias"":""0.9"",""history_density"":""medium"",""likely_roles"":""rotation|backup|fringe""}"
nfl_rosters,nfl_veteran_backfill_templates_v2_2.csv,nfl_veteran_backfill_templates_v2_2,runtime_tuning,6,nfl_veteran_backfill_templates_v2_2:6,"{""career_template"":""declining_former_starter"",""description"":""Former starter declining into rotation/depth role."",""min_exp"":""7"",""max_exp"":""13"",""development_bias"":""0.2"",""decline_bias"":""1.25"",""history_density"":""high"",""likely_roles"":""rotation|backup|free_agent""}"
nfl_rosters,nfl_veteran_backfill_templates_v2_2.csv,nfl_veteran_backfill_templates_v2_2,runtime_tuning,7,nfl_veteran_backfill_templates_v2_2:7,"{""career_template"":""injury_eroded_veteran"",""description"":""Prior peak cut down by injury history."",""min_exp"":""2"",""max_exp"":""12"",""development_bias"":""0.25"",""decline_bias"":""1.5"",""history_density"":""high"",""likely_roles"":""starter|rotation|backup|free_agent""}"
nfl_rosters,nfl_veteran_backfill_templates_v2_2.csv,nfl_veteran_backfill_templates_v2_2,runtime_tuning,8,nfl_veteran_backfill_templates_v2_2:8,"{""career_template"":""elite_longevity_veteran"",""description"":""Rare player maintaining starter value past typical decline age."",""min_exp"":""8"",""max_exp"":""18"",""development_bias"":""0.35"",""decline_bias"":""0.55"",""history_density"":""high"",""likely_roles"":""elite|starter""}"
nfl_rosters,nfl_veteran_backfill_templates_v2_2.csv,nfl_veteran_backfill_templates_v2_2,runtime_tuning,9,nfl_veteran_backfill_templates_v2_2:9,"{""career_template"":""specialist_lifer"",""description"":""Specialist with long career, moderate year-to-year volatility."",""min_exp"":""4"",""max_exp"":""18"",""development_bias"":""0.4"",""decline_bias"":""0.55"",""history_density"":""medium"",""likely_roles"":""starter|free_agent""}"
nfl_rosters,nfl_veteran_career_path_templates.csv,nfl_veteran_career_path_templates,runtime_tuning,1,nfl_veteran_career_path_templates:1,"{""path_id"":""first_round_star"",""entry_type"":""drafted"",""draft_round_min"":""1"",""draft_round_max"":""1"",""career_probability"":""0.055"",""hs_stars_min"":""4"",""hs_stars_max"":""5"",""college_peak_role"":""star"",""nfl_peak_role"":""star"",""decline_risk"":""medium"",""notes"":""High-end veteran path.""}"
nfl_rosters,nfl_veteran_career_path_templates.csv,nfl_veteran_career_path_templates,runtime_tuning,2,nfl_veteran_career_path_templates:2,"{""path_id"":""first_round_disappointment"",""entry_type"":""drafted"",""draft_round_min"":""1"",""draft_round_max"":""1"",""career_probability"":""0.035"",""hs_stars_min"":""4"",""hs_stars_max"":""5"",""college_peak_role"":""star"",""nfl_peak_role"":""rotation"",""decline_risk"":""high"",""notes"":""Bust/underachiever path.""}"
nfl_rosters,nfl_veteran_career_path_templates.csv,nfl_veteran_career_path_templates,runtime_tuning,3,nfl_veteran_career_path_templates:3,"{""path_id"":""day_two_starter"",""entry_type"":""drafted"",""draft_round_min"":""2"",""draft_round_max"":""3"",""career_probability"":""0.13"",""hs_stars_min"":""3"",""hs_stars_max"":""5"",""college_peak_role"":""star_or_starter"",""nfl_peak_role"":""starter"",""decline_risk"":""medium"",""notes"":""Strong NFL core path.""}"
nfl_rosters,nfl_veteran_career_path_templates.csv,nfl_veteran_career_path_templates,runtime_tuning,4,nfl_veteran_career_path_templates:4,"{""path_id"":""day_three_developer"",""entry_type"":""drafted"",""draft_round_min"":""4"",""draft_round_max"":""7"",""career_probability"":""0.2"",""hs_stars_min"":""2"",""hs_stars_max"":""4"",""college_peak_role"":""starter"",""nfl_peak_role"":""rotation"",""decline_risk"":""medium"",""notes"":""Common depth/starter path.""}"
nfl_rosters,nfl_veteran_career_path_templates.csv,nfl_veteran_career_path_templates,runtime_tuning,5,nfl_veteran_career_path_templates:5,"{""path_id"":""udfa_survivor"",""entry_type"":""udfa"",""draft_round_min"":""0"",""draft_round_max"":""0"",""career_probability"":""0.16"",""hs_stars_min"":""0"",""hs_stars_max"":""3"",""college_peak_role"":""starter"",""nfl_peak_role"":""depth"",""decline_risk"":""high"",""notes"":""UDFA sticks in league.""}"
nfl_rosters,nfl_veteran_career_path_templates.csv,nfl_veteran_career_path_templates,runtime_tuning,6,nfl_veteran_career_path_templates:6,"{""path_id"":""late_bloomer_starter"",""entry_type"":""drafted_or_udfa"",""draft_round_min"":""5"",""draft_round_max"":""0"",""career_probability"":""0.07"",""hs_stars_min"":""0"",""hs_stars_max"":""3"",""college_peak_role"":""late_breakout"",""nfl_peak_role"":""starter"",""decline_risk"":""medium"",""notes"":""Sleeper becomes real NFL starter.""}"
nfl_rosters,nfl_veteran_career_path_templates.csv,nfl_veteran_career_path_templates,runtime_tuning,7,nfl_veteran_career_path_templates:7,"{""path_id"":""specialist_path"",""entry_type"":""drafted_or_udfa"",""draft_round_min"":""0"",""draft_round_max"":""7"",""career_probability"":""0.05"",""hs_stars_min"":""0"",""hs_stars_max"":""3"",""college_peak_role"":""specialist"",""nfl_peak_role"":""specialist"",""decline_risk"":""low"",""notes"":""K/P path.""}"
nfl_rosters,nfl_veteran_career_path_templates.csv,nfl_veteran_career_path_templates,runtime_tuning,8,nfl_veteran_career_path_templates:8,"{""path_id"":""practice_squad_grinder"",""entry_type"":""udfa"",""draft_round_min"":""0"",""draft_round_max"":""0"",""career_probability"":""0.18"",""hs_stars_min"":""0"",""hs_stars_max"":""3"",""college_peak_role"":""rotation"",""nfl_peak_role"":""practice_or_depth"",""decline_risk"":""high"",""notes"":""Fringe pro path.""}"
nfl_rosters,nfl_veteran_career_path_templates.csv,nfl_veteran_career_path_templates,runtime_tuning,9,nfl_veteran_career_path_templates:9,"{""path_id"":""veteran_bridge"",""entry_type"":""drafted"",""draft_round_min"":""2"",""draft_round_max"":""7"",""career_probability"":""0.12"",""hs_stars_min"":""2"",""hs_stars_max"":""5"",""college_peak_role"":""starter"",""nfl_peak_role"":""low_starter"",""decline_risk"":""high"",""notes"":""Older bridge player.""}"
nfl_rosters,nfl_veteran_history_generation_rules.csv,nfl_veteran_history_generation_rules,rule,1,nfl_veteran_history_generation_rules:1,"{""history_component"":""high_school_profile"",""required"":""yes"",""min_events"":""1"",""max_events"":""3"",""visible_to_user"":""yes"",""rating_effect"":""context_only"",""notes"":""Stars, home state, archetype, recruiting summary.""}"
nfl_rosters,nfl_veteran_history_generation_rules.csv,nfl_veteran_history_generation_rules,rule,2,nfl_veteran_history_generation_rules:2,"{""history_component"":""college_seasons"",""required"":""yes"",""min_events"":""2"",""max_events"":""5"",""visible_to_user"":""yes"",""rating_effect"":""explains_draft_entry"",""notes"":""Stats, role, awards, injuries.""}"
nfl_rosters,nfl_veteran_history_generation_rules.csv,nfl_veteran_history_generation_rules,rule,3,nfl_veteran_history_generation_rules:3,"{""history_component"":""draft_entry"",""required"":""yes"",""min_events"":""1"",""max_events"":""1"",""visible_to_user"":""yes"",""rating_effect"":""sets_initial_nfl_contract_context"",""notes"":""Draft round/pick or UDFA.""}"
nfl_rosters,nfl_veteran_history_generation_rules.csv,nfl_veteran_history_generation_rules,rule,4,nfl_veteran_history_generation_rules:4,"{""history_component"":""team_history"",""required"":""yes"",""min_events"":""1"",""max_events"":""6"",""visible_to_user"":""yes"",""rating_effect"":""context_only"",""notes"":""Teams, seasons, role changes.""}"
nfl_rosters,nfl_veteran_history_generation_rules.csv,nfl_veteran_history_generation_rules,rule,5,nfl_veteran_history_generation_rules:5,"{""history_component"":""contract_history"",""required"":""yes"",""min_events"":""1"",""max_events"":""5"",""visible_to_user"":""yes"",""rating_effect"":""sets_current_contract"",""notes"":""Rookie deal, extensions, cuts, prove-it deals.""}"
nfl_rosters,nfl_veteran_history_generation_rules.csv,nfl_veteran_history_generation_rules,rule,6,nfl_veteran_history_generation_rules:6,"{""history_component"":""nfl_stats"",""required"":""yes"",""min_events"":""1"",""max_events"":""12"",""visible_to_user"":""yes"",""rating_effect"":""market_value_context"",""notes"":""Year-by-year pro production.""}"
nfl_rosters,nfl_veteran_history_generation_rules.csv,nfl_veteran_history_generation_rules,rule,7,nfl_veteran_history_generation_rules:7,"{""history_component"":""injury_history"",""required"":""yes"",""min_events"":""0"",""max_events"":""5"",""visible_to_user"":""yes"",""rating_effect"":""durability_and_decline"",""notes"":""Major injuries can reduce current or future value.""}"
nfl_rosters,nfl_veteran_history_generation_rules.csv,nfl_veteran_history_generation_rules,rule,8,nfl_veteran_history_generation_rules:8,"{""history_component"":""awards_history"",""required"":""yes"",""min_events"":""0"",""max_events"":""6"",""visible_to_user"":""yes"",""rating_effect"":""visibility_and_contract_context"",""notes"":""Pro Bowl, All-Pro, awards, honors.""}"
nfl_rosters,nfl_veteran_history_generation_rules.csv,nfl_veteran_history_generation_rules,rule,9,nfl_veteran_history_generation_rules:9,"{""history_component"":""development_arc"",""required"":""yes"",""min_events"":""1"",""max_events"":""1"",""visible_to_user"":""yes"",""rating_effect"":""explanation_only_after_init"",""notes"":""Summary text of rise/peak/decline.""}"
