domain,source_file,source_table,record_category,source_row,row_key,payload_json
nfl_awards,nfl_all_pro_roster_slots.csv,nfl_all_pro_roster_slots,runtime_tuning,1,nfl_all_pro_roster_slots:1,"{""selector_id"":""ap"",""team_type"":""first_team"",""slot_id"":""qb"",""canonical_position"":""QB"",""slot_count"":""1"",""allowed_positions"":""QB"",""notes"":""Game-compatible slot definition. Support slots use role tags because canonical roster does not include LS/KR/PR/ST-only positions.""}"
nfl_awards,nfl_all_pro_roster_slots.csv,nfl_all_pro_roster_slots,runtime_tuning,2,nfl_all_pro_roster_slots:2,"{""selector_id"":""ap"",""team_type"":""first_team"",""slot_id"":""rb"",""canonical_position"":""RB"",""slot_count"":""1"",""allowed_positions"":""RB"",""notes"":""Game-compatible slot definition. Support slots use role tags because canonical roster does not include LS/KR/PR/ST-only positions.""}"
nfl_awards,nfl_all_pro_roster_slots.csv,nfl_all_pro_roster_slots,runtime_tuning,3,nfl_all_pro_roster_slots:3,"{""selector_id"":""ap"",""team_type"":""first_team"",""slot_id"":""wr"",""canonical_position"":""WR"",""slot_count"":""3"",""allowed_positions"":""WR"",""notes"":""Game-compatible slot definition. Support slots use role tags because canonical roster does not include LS/KR/PR/ST-only positions.""}"
nfl_awards,nfl_all_pro_roster_slots.csv,nfl_all_pro_roster_slots,runtime_tuning,4,nfl_all_pro_roster_slots:4,"{""selector_id"":""ap"",""team_type"":""first_team"",""slot_id"":""te"",""canonical_position"":""TE"",""slot_count"":""1"",""allowed_positions"":""TE"",""notes"":""Game-compatible slot definition. Support slots use role tags because canonical roster does not include LS/KR/PR/ST-only positions.""}"
nfl_awards,nfl_all_pro_roster_slots.csv,nfl_all_pro_roster_slots,runtime_tuning,5,nfl_all_pro_roster_slots:5,"{""selector_id"":""ap"",""team_type"":""first_team"",""slot_id"":""lt"",""canonical_position"":""LT"",""slot_count"":""1"",""allowed_positions"":""LT"",""notes"":""Game-compatible slot definition. Support slots use role tags because canonical roster does not include LS/KR/PR/ST-only positions.""}"
nfl_awards,nfl_all_pro_roster_slots.csv,nfl_all_pro_roster_slots,runtime_tuning,6,nfl_all_pro_roster_slots:6,"{""selector_id"":""ap"",""team_type"":""first_team"",""slot_id"":""lg"",""canonical_position"":""LG"",""slot_count"":""1"",""allowed_positions"":""LG"",""notes"":""Game-compatible slot definition. Support slots use role tags because canonical roster does not include LS/KR/PR/ST-only positions.""}"
nfl_awards,nfl_all_pro_roster_slots.csv,nfl_all_pro_roster_slots,runtime_tuning,7,nfl_all_pro_roster_slots:7,"{""selector_id"":""ap"",""team_type"":""first_team"",""slot_id"":""c"",""canonical_position"":""C"",""slot_count"":""1"",""allowed_positions"":""C"",""notes"":""Game-compatible slot definition. Support slots use role tags because canonical roster does not include LS/KR/PR/ST-only positions.""}"
nfl_awards,nfl_all_pro_roster_slots.csv,nfl_all_pro_roster_slots,runtime_tuning,8,nfl_all_pro_roster_slots:8,"{""selector_id"":""ap"",""team_type"":""first_team"",""slot_id"":""rg"",""canonical_position"":""RG"",""slot_count"":""1"",""allowed_positions"":""RG"",""notes"":""Game-compatible slot definition. Support slots use role tags because canonical roster does not include LS/KR/PR/ST-only positions.""}"
nfl_awards,nfl_all_pro_roster_slots.csv,nfl_all_pro_roster_slots,runtime_tuning,9,nfl_all_pro_roster_slots:9,"{""selector_id"":""ap"",""team_type"":""first_team"",""slot_id"":""rt"",""canonical_position"":""RT"",""slot_count"":""1"",""allowed_positions"":""RT"",""notes"":""Game-compatible slot definition. Support slots use role tags because canonical roster does not include LS/KR/PR/ST-only positions.""}"
nfl_awards,nfl_all_pro_roster_slots.csv,nfl_all_pro_roster_slots,runtime_tuning,10,nfl_all_pro_roster_slots:10,"{""selector_id"":""ap"",""team_type"":""first_team"",""slot_id"":""all_purpose"",""canonical_position"":""SUPPORT"",""slot_count"":""1"",""allowed_positions"":""RB|WR|TE|ATH_SUPPORT"",""notes"":""Game-compatible slot definition. Support slots use role tags because canonical roster does not include LS/KR/PR/ST-only positions.""}"
nfl_awards,nfl_all_pro_roster_slots.csv,nfl_all_pro_roster_slots,runtime_tuning,11,nfl_all_pro_roster_slots:11,"{""selector_id"":""ap"",""team_type"":""first_team"",""slot_id"":""edge"",""canonical_position"":""EDGE"",""slot_count"":""3"",""allowed_positions"":""EDGE"",""notes"":""Game-compatible slot definition. Support slots use role tags because canonical roster does not include LS/KR/PR/ST-only positions.""}"
nfl_awards,nfl_all_pro_roster_slots.csv,nfl_all_pro_roster_slots,runtime_tuning,12,nfl_all_pro_roster_slots:12,"{""selector_id"":""ap"",""team_type"":""first_team"",""slot_id"":""dl"",""canonical_position"":""DL"",""slot_count"":""2"",""allowed_positions"":""DL"",""notes"":""Game-compatible slot definition. Support slots use role tags because canonical roster does not include LS/KR/PR/ST-only positions.""}"
nfl_awards,nfl_all_pro_roster_slots.csv,nfl_all_pro_roster_slots,runtime_tuning,13,nfl_all_pro_roster_slots:13,"{""selector_id"":""ap"",""team_type"":""first_team"",""slot_id"":""lb"",""canonical_position"":""LB"",""slot_count"":""3"",""allowed_positions"":""LB"",""notes"":""Game-compatible slot definition. Support slots use role tags because canonical roster does not include LS/KR/PR/ST-only positions.""}"
nfl_awards,nfl_all_pro_roster_slots.csv,nfl_all_pro_roster_slots,runtime_tuning,14,nfl_all_pro_roster_slots:14,"{""selector_id"":""ap"",""team_type"":""first_team"",""slot_id"":""cb"",""canonical_position"":""CB"",""slot_count"":""2"",""allowed_positions"":""CB"",""notes"":""Game-compatible slot definition. Support slots use role tags because canonical roster does not include LS/KR/PR/ST-only positions.""}"
nfl_awards,nfl_all_pro_roster_slots.csv,nfl_all_pro_roster_slots,runtime_tuning,15,nfl_all_pro_roster_slots:15,"{""selector_id"":""ap"",""team_type"":""first_team"",""slot_id"":""s"",""canonical_position"":""S"",""slot_count"":""2"",""allowed_positions"":""S"",""notes"":""Game-compatible slot definition. Support slots use role tags because canonical roster does not include LS/KR/PR/ST-only positions.""}"
nfl_awards,nfl_all_pro_roster_slots.csv,nfl_all_pro_roster_slots,runtime_tuning,16,nfl_all_pro_roster_slots:16,"{""selector_id"":""ap"",""team_type"":""first_team"",""slot_id"":""k"",""canonical_position"":""K"",""slot_count"":""1"",""allowed_positions"":""K"",""notes"":""Game-compatible slot definition. Support slots use role tags because canonical roster does not include LS/KR/PR/ST-only positions.""}"
nfl_awards,nfl_all_pro_roster_slots.csv,nfl_all_pro_roster_slots,runtime_tuning,17,nfl_all_pro_roster_slots:17,"{""selector_id"":""ap"",""team_type"":""first_team"",""slot_id"":""p"",""canonical_position"":""P"",""slot_count"":""1"",""allowed_positions"":""P"",""notes"":""Game-compatible slot definition. Support slots use role tags because canonical roster does not include LS/KR/PR/ST-only positions.""}"
nfl_awards,nfl_all_pro_roster_slots.csv,nfl_all_pro_roster_slots,runtime_tuning,18,nfl_all_pro_roster_slots:18,"{""selector_id"":""ap"",""team_type"":""first_team"",""slot_id"":""returner"",""canonical_position"":""SUPPORT"",""slot_count"":""1"",""allowed_positions"":""KR|PR|WR|RB|CB"",""notes"":""Game-compatible slot definition. Support slots use role tags because canonical roster does not include LS/KR/PR/ST-only positions.""}"
nfl_awards,nfl_all_pro_roster_slots.csv,nfl_all_pro_roster_slots,runtime_tuning,19,nfl_all_pro_roster_slots:19,"{""selector_id"":""ap"",""team_type"":""first_team"",""slot_id"":""special_teamer"",""canonical_position"":""SUPPORT"",""slot_count"":""1"",""allowed_positions"":""ST|LB|S|CB|WR|RB"",""notes"":""Game-compatible slot definition. Support slots use role tags because canonical roster does not include LS/KR/PR/ST-only positions.""}"
nfl_awards,nfl_all_pro_roster_slots.csv,nfl_all_pro_roster_slots,runtime_tuning,20,nfl_all_pro_roster_slots:20,"{""selector_id"":""ap"",""team_type"":""first_team"",""slot_id"":""long_snapper"",""canonical_position"":""SUPPORT"",""slot_count"":""1"",""allowed_positions"":""LS_SUPPORT"",""notes"":""Game-compatible slot definition. Support slots use role tags because canonical roster does not include LS/KR/PR/ST-only positions.""}"
nfl_awards,nfl_all_pro_roster_slots.csv,nfl_all_pro_roster_slots,runtime_tuning,21,nfl_all_pro_roster_slots:21,"{""selector_id"":""ap"",""team_type"":""second_team"",""slot_id"":""qb"",""canonical_position"":""QB"",""slot_count"":""1"",""allowed_positions"":""QB"",""notes"":""Game-compatible slot definition. Support slots use role tags because canonical roster does not include LS/KR/PR/ST-only positions.""}"
nfl_awards,nfl_all_pro_roster_slots.csv,nfl_all_pro_roster_slots,runtime_tuning,22,nfl_all_pro_roster_slots:22,"{""selector_id"":""ap"",""team_type"":""second_team"",""slot_id"":""rb"",""canonical_position"":""RB"",""slot_count"":""1"",""allowed_positions"":""RB"",""notes"":""Game-compatible slot definition. Support slots use role tags because canonical roster does not include LS/KR/PR/ST-only positions.""}"
nfl_awards,nfl_all_pro_roster_slots.csv,nfl_all_pro_roster_slots,runtime_tuning,23,nfl_all_pro_roster_slots:23,"{""selector_id"":""ap"",""team_type"":""second_team"",""slot_id"":""wr"",""canonical_position"":""WR"",""slot_count"":""3"",""allowed_positions"":""WR"",""notes"":""Game-compatible slot definition. Support slots use role tags because canonical roster does not include LS/KR/PR/ST-only positions.""}"
nfl_awards,nfl_all_pro_roster_slots.csv,nfl_all_pro_roster_slots,runtime_tuning,24,nfl_all_pro_roster_slots:24,"{""selector_id"":""ap"",""team_type"":""second_team"",""slot_id"":""te"",""canonical_position"":""TE"",""slot_count"":""1"",""allowed_positions"":""TE"",""notes"":""Game-compatible slot definition. Support slots use role tags because canonical roster does not include LS/KR/PR/ST-only positions.""}"
nfl_awards,nfl_all_pro_roster_slots.csv,nfl_all_pro_roster_slots,runtime_tuning,25,nfl_all_pro_roster_slots:25,"{""selector_id"":""ap"",""team_type"":""second_team"",""slot_id"":""lt"",""canonical_position"":""LT"",""slot_count"":""1"",""allowed_positions"":""LT"",""notes"":""Game-compatible slot definition. Support slots use role tags because canonical roster does not include LS/KR/PR/ST-only positions.""}"
nfl_awards,nfl_all_pro_roster_slots.csv,nfl_all_pro_roster_slots,runtime_tuning,26,nfl_all_pro_roster_slots:26,"{""selector_id"":""ap"",""team_type"":""second_team"",""slot_id"":""lg"",""canonical_position"":""LG"",""slot_count"":""1"",""allowed_positions"":""LG"",""notes"":""Game-compatible slot definition. Support slots use role tags because canonical roster does not include LS/KR/PR/ST-only positions.""}"
nfl_awards,nfl_all_pro_roster_slots.csv,nfl_all_pro_roster_slots,runtime_tuning,27,nfl_all_pro_roster_slots:27,"{""selector_id"":""ap"",""team_type"":""second_team"",""slot_id"":""c"",""canonical_position"":""C"",""slot_count"":""1"",""allowed_positions"":""C"",""notes"":""Game-compatible slot definition. Support slots use role tags because canonical roster does not include LS/KR/PR/ST-only positions.""}"
nfl_awards,nfl_all_pro_roster_slots.csv,nfl_all_pro_roster_slots,runtime_tuning,28,nfl_all_pro_roster_slots:28,"{""selector_id"":""ap"",""team_type"":""second_team"",""slot_id"":""rg"",""canonical_position"":""RG"",""slot_count"":""1"",""allowed_positions"":""RG"",""notes"":""Game-compatible slot definition. Support slots use role tags because canonical roster does not include LS/KR/PR/ST-only positions.""}"
nfl_awards,nfl_all_pro_roster_slots.csv,nfl_all_pro_roster_slots,runtime_tuning,29,nfl_all_pro_roster_slots:29,"{""selector_id"":""ap"",""team_type"":""second_team"",""slot_id"":""rt"",""canonical_position"":""RT"",""slot_count"":""1"",""allowed_positions"":""RT"",""notes"":""Game-compatible slot definition. Support slots use role tags because canonical roster does not include LS/KR/PR/ST-only positions.""}"
nfl_awards,nfl_all_pro_roster_slots.csv,nfl_all_pro_roster_slots,runtime_tuning,30,nfl_all_pro_roster_slots:30,"{""selector_id"":""ap"",""team_type"":""second_team"",""slot_id"":""all_purpose"",""canonical_position"":""SUPPORT"",""slot_count"":""1"",""allowed_positions"":""RB|WR|TE|ATH_SUPPORT"",""notes"":""Game-compatible slot definition. Support slots use role tags because canonical roster does not include LS/KR/PR/ST-only positions.""}"
nfl_awards,nfl_all_pro_roster_slots.csv,nfl_all_pro_roster_slots,runtime_tuning,31,nfl_all_pro_roster_slots:31,"{""selector_id"":""ap"",""team_type"":""second_team"",""slot_id"":""edge"",""canonical_position"":""EDGE"",""slot_count"":""3"",""allowed_positions"":""EDGE"",""notes"":""Game-compatible slot definition. Support slots use role tags because canonical roster does not include LS/KR/PR/ST-only positions.""}"
nfl_awards,nfl_all_pro_roster_slots.csv,nfl_all_pro_roster_slots,runtime_tuning,32,nfl_all_pro_roster_slots:32,"{""selector_id"":""ap"",""team_type"":""second_team"",""slot_id"":""dl"",""canonical_position"":""DL"",""slot_count"":""2"",""allowed_positions"":""DL"",""notes"":""Game-compatible slot definition. Support slots use role tags because canonical roster does not include LS/KR/PR/ST-only positions.""}"
nfl_awards,nfl_all_pro_roster_slots.csv,nfl_all_pro_roster_slots,runtime_tuning,33,nfl_all_pro_roster_slots:33,"{""selector_id"":""ap"",""team_type"":""second_team"",""slot_id"":""lb"",""canonical_position"":""LB"",""slot_count"":""3"",""allowed_positions"":""LB"",""notes"":""Game-compatible slot definition. Support slots use role tags because canonical roster does not include LS/KR/PR/ST-only positions.""}"
nfl_awards,nfl_all_pro_roster_slots.csv,nfl_all_pro_roster_slots,runtime_tuning,34,nfl_all_pro_roster_slots:34,"{""selector_id"":""ap"",""team_type"":""second_team"",""slot_id"":""cb"",""canonical_position"":""CB"",""slot_count"":""2"",""allowed_positions"":""CB"",""notes"":""Game-compatible slot definition. Support slots use role tags because canonical roster does not include LS/KR/PR/ST-only positions.""}"
nfl_awards,nfl_all_pro_roster_slots.csv,nfl_all_pro_roster_slots,runtime_tuning,35,nfl_all_pro_roster_slots:35,"{""selector_id"":""ap"",""team_type"":""second_team"",""slot_id"":""s"",""canonical_position"":""S"",""slot_count"":""2"",""allowed_positions"":""S"",""notes"":""Game-compatible slot definition. Support slots use role tags because canonical roster does not include LS/KR/PR/ST-only positions.""}"
nfl_awards,nfl_all_pro_roster_slots.csv,nfl_all_pro_roster_slots,runtime_tuning,36,nfl_all_pro_roster_slots:36,"{""selector_id"":""ap"",""team_type"":""second_team"",""slot_id"":""k"",""canonical_position"":""K"",""slot_count"":""1"",""allowed_positions"":""K"",""notes"":""Game-compatible slot definition. Support slots use role tags because canonical roster does not include LS/KR/PR/ST-only positions.""}"
nfl_awards,nfl_all_pro_roster_slots.csv,nfl_all_pro_roster_slots,runtime_tuning,37,nfl_all_pro_roster_slots:37,"{""selector_id"":""ap"",""team_type"":""second_team"",""slot_id"":""p"",""canonical_position"":""P"",""slot_count"":""1"",""allowed_positions"":""P"",""notes"":""Game-compatible slot definition. Support slots use role tags because canonical roster does not include LS/KR/PR/ST-only positions.""}"
nfl_awards,nfl_all_pro_roster_slots.csv,nfl_all_pro_roster_slots,runtime_tuning,38,nfl_all_pro_roster_slots:38,"{""selector_id"":""ap"",""team_type"":""second_team"",""slot_id"":""returner"",""canonical_position"":""SUPPORT"",""slot_count"":""1"",""allowed_positions"":""KR|PR|WR|RB|CB"",""notes"":""Game-compatible slot definition. Support slots use role tags because canonical roster does not include LS/KR/PR/ST-only positions.""}"
nfl_awards,nfl_all_pro_roster_slots.csv,nfl_all_pro_roster_slots,runtime_tuning,39,nfl_all_pro_roster_slots:39,"{""selector_id"":""ap"",""team_type"":""second_team"",""slot_id"":""special_teamer"",""canonical_position"":""SUPPORT"",""slot_count"":""1"",""allowed_positions"":""ST|LB|S|CB|WR|RB"",""notes"":""Game-compatible slot definition. Support slots use role tags because canonical roster does not include LS/KR/PR/ST-only positions.""}"
nfl_awards,nfl_all_pro_roster_slots.csv,nfl_all_pro_roster_slots,runtime_tuning,40,nfl_all_pro_roster_slots:40,"{""selector_id"":""ap"",""team_type"":""second_team"",""slot_id"":""long_snapper"",""canonical_position"":""SUPPORT"",""slot_count"":""1"",""allowed_positions"":""LS_SUPPORT"",""notes"":""Game-compatible slot definition. Support slots use role tags because canonical roster does not include LS/KR/PR/ST-only positions.""}"
nfl_awards,nfl_all_pro_roster_slots.csv,nfl_all_pro_roster_slots,runtime_tuning,41,nfl_all_pro_roster_slots:41,"{""selector_id"":""pfwa"",""team_type"":""first_team"",""slot_id"":""qb"",""canonical_position"":""QB"",""slot_count"":""1"",""allowed_positions"":""QB"",""notes"":""Game-compatible slot definition. Support slots use role tags because canonical roster does not include LS/KR/PR/ST-only positions.""}"
nfl_awards,nfl_all_pro_roster_slots.csv,nfl_all_pro_roster_slots,runtime_tuning,42,nfl_all_pro_roster_slots:42,"{""selector_id"":""pfwa"",""team_type"":""first_team"",""slot_id"":""rb"",""canonical_position"":""RB"",""slot_count"":""1"",""allowed_positions"":""RB"",""notes"":""Game-compatible slot definition. Support slots use role tags because canonical roster does not include LS/KR/PR/ST-only positions.""}"
nfl_awards,nfl_all_pro_roster_slots.csv,nfl_all_pro_roster_slots,runtime_tuning,43,nfl_all_pro_roster_slots:43,"{""selector_id"":""pfwa"",""team_type"":""first_team"",""slot_id"":""wr"",""canonical_position"":""WR"",""slot_count"":""3"",""allowed_positions"":""WR"",""notes"":""Game-compatible slot definition. Support slots use role tags because canonical roster does not include LS/KR/PR/ST-only positions.""}"
nfl_awards,nfl_all_pro_roster_slots.csv,nfl_all_pro_roster_slots,runtime_tuning,44,nfl_all_pro_roster_slots:44,"{""selector_id"":""pfwa"",""team_type"":""first_team"",""slot_id"":""te"",""canonical_position"":""TE"",""slot_count"":""1"",""allowed_positions"":""TE"",""notes"":""Game-compatible slot definition. Support slots use role tags because canonical roster does not include LS/KR/PR/ST-only positions.""}"
nfl_awards,nfl_all_pro_roster_slots.csv,nfl_all_pro_roster_slots,runtime_tuning,45,nfl_all_pro_roster_slots:45,"{""selector_id"":""pfwa"",""team_type"":""first_team"",""slot_id"":""lt"",""canonical_position"":""LT"",""slot_count"":""1"",""allowed_positions"":""LT"",""notes"":""Game-compatible slot definition. Support slots use role tags because canonical roster does not include LS/KR/PR/ST-only positions.""}"
nfl_awards,nfl_all_pro_roster_slots.csv,nfl_all_pro_roster_slots,runtime_tuning,46,nfl_all_pro_roster_slots:46,"{""selector_id"":""pfwa"",""team_type"":""first_team"",""slot_id"":""lg"",""canonical_position"":""LG"",""slot_count"":""1"",""allowed_positions"":""LG"",""notes"":""Game-compatible slot definition. Support slots use role tags because canonical roster does not include LS/KR/PR/ST-only positions.""}"
nfl_awards,nfl_all_pro_roster_slots.csv,nfl_all_pro_roster_slots,runtime_tuning,47,nfl_all_pro_roster_slots:47,"{""selector_id"":""pfwa"",""team_type"":""first_team"",""slot_id"":""c"",""canonical_position"":""C"",""slot_count"":""1"",""allowed_positions"":""C"",""notes"":""Game-compatible slot definition. Support slots use role tags because canonical roster does not include LS/KR/PR/ST-only positions.""}"
nfl_awards,nfl_all_pro_roster_slots.csv,nfl_all_pro_roster_slots,runtime_tuning,48,nfl_all_pro_roster_slots:48,"{""selector_id"":""pfwa"",""team_type"":""first_team"",""slot_id"":""rg"",""canonical_position"":""RG"",""slot_count"":""1"",""allowed_positions"":""RG"",""notes"":""Game-compatible slot definition. Support slots use role tags because canonical roster does not include LS/KR/PR/ST-only positions.""}"
nfl_awards,nfl_all_pro_roster_slots.csv,nfl_all_pro_roster_slots,runtime_tuning,49,nfl_all_pro_roster_slots:49,"{""selector_id"":""pfwa"",""team_type"":""first_team"",""slot_id"":""rt"",""canonical_position"":""RT"",""slot_count"":""1"",""allowed_positions"":""RT"",""notes"":""Game-compatible slot definition. Support slots use role tags because canonical roster does not include LS/KR/PR/ST-only positions.""}"
nfl_awards,nfl_all_pro_roster_slots.csv,nfl_all_pro_roster_slots,runtime_tuning,50,nfl_all_pro_roster_slots:50,"{""selector_id"":""pfwa"",""team_type"":""first_team"",""slot_id"":""all_purpose"",""canonical_position"":""SUPPORT"",""slot_count"":""1"",""allowed_positions"":""RB|WR|TE|ATH_SUPPORT"",""notes"":""Game-compatible slot definition. Support slots use role tags because canonical roster does not include LS/KR/PR/ST-only positions.""}"
nfl_awards,nfl_all_pro_roster_slots.csv,nfl_all_pro_roster_slots,runtime_tuning,51,nfl_all_pro_roster_slots:51,"{""selector_id"":""pfwa"",""team_type"":""first_team"",""slot_id"":""edge"",""canonical_position"":""EDGE"",""slot_count"":""3"",""allowed_positions"":""EDGE"",""notes"":""Game-compatible slot definition. Support slots use role tags because canonical roster does not include LS/KR/PR/ST-only positions.""}"
nfl_awards,nfl_all_pro_roster_slots.csv,nfl_all_pro_roster_slots,runtime_tuning,52,nfl_all_pro_roster_slots:52,"{""selector_id"":""pfwa"",""team_type"":""first_team"",""slot_id"":""dl"",""canonical_position"":""DL"",""slot_count"":""2"",""allowed_positions"":""DL"",""notes"":""Game-compatible slot definition. Support slots use role tags because canonical roster does not include LS/KR/PR/ST-only positions.""}"
nfl_awards,nfl_all_pro_roster_slots.csv,nfl_all_pro_roster_slots,runtime_tuning,53,nfl_all_pro_roster_slots:53,"{""selector_id"":""pfwa"",""team_type"":""first_team"",""slot_id"":""lb"",""canonical_position"":""LB"",""slot_count"":""3"",""allowed_positions"":""LB"",""notes"":""Game-compatible slot definition. Support slots use role tags because canonical roster does not include LS/KR/PR/ST-only positions.""}"
nfl_awards,nfl_all_pro_roster_slots.csv,nfl_all_pro_roster_slots,runtime_tuning,54,nfl_all_pro_roster_slots:54,"{""selector_id"":""pfwa"",""team_type"":""first_team"",""slot_id"":""cb"",""canonical_position"":""CB"",""slot_count"":""2"",""allowed_positions"":""CB"",""notes"":""Game-compatible slot definition. Support slots use role tags because canonical roster does not include LS/KR/PR/ST-only positions.""}"
nfl_awards,nfl_all_pro_roster_slots.csv,nfl_all_pro_roster_slots,runtime_tuning,55,nfl_all_pro_roster_slots:55,"{""selector_id"":""pfwa"",""team_type"":""first_team"",""slot_id"":""s"",""canonical_position"":""S"",""slot_count"":""2"",""allowed_positions"":""S"",""notes"":""Game-compatible slot definition. Support slots use role tags because canonical roster does not include LS/KR/PR/ST-only positions.""}"
nfl_awards,nfl_all_pro_roster_slots.csv,nfl_all_pro_roster_slots,runtime_tuning,56,nfl_all_pro_roster_slots:56,"{""selector_id"":""pfwa"",""team_type"":""first_team"",""slot_id"":""k"",""canonical_position"":""K"",""slot_count"":""1"",""allowed_positions"":""K"",""notes"":""Game-compatible slot definition. Support slots use role tags because canonical roster does not include LS/KR/PR/ST-only positions.""}"
nfl_awards,nfl_all_pro_roster_slots.csv,nfl_all_pro_roster_slots,runtime_tuning,57,nfl_all_pro_roster_slots:57,"{""selector_id"":""pfwa"",""team_type"":""first_team"",""slot_id"":""p"",""canonical_position"":""P"",""slot_count"":""1"",""allowed_positions"":""P"",""notes"":""Game-compatible slot definition. Support slots use role tags because canonical roster does not include LS/KR/PR/ST-only positions.""}"
nfl_awards,nfl_all_pro_roster_slots.csv,nfl_all_pro_roster_slots,runtime_tuning,58,nfl_all_pro_roster_slots:58,"{""selector_id"":""pfwa"",""team_type"":""first_team"",""slot_id"":""returner"",""canonical_position"":""SUPPORT"",""slot_count"":""1"",""allowed_positions"":""KR|PR|WR|RB|CB"",""notes"":""Game-compatible slot definition. Support slots use role tags because canonical roster does not include LS/KR/PR/ST-only positions.""}"
nfl_awards,nfl_all_pro_roster_slots.csv,nfl_all_pro_roster_slots,runtime_tuning,59,nfl_all_pro_roster_slots:59,"{""selector_id"":""pfwa"",""team_type"":""first_team"",""slot_id"":""special_teamer"",""canonical_position"":""SUPPORT"",""slot_count"":""1"",""allowed_positions"":""ST|LB|S|CB|WR|RB"",""notes"":""Game-compatible slot definition. Support slots use role tags because canonical roster does not include LS/KR/PR/ST-only positions.""}"
nfl_awards,nfl_all_pro_roster_slots.csv,nfl_all_pro_roster_slots,runtime_tuning,60,nfl_all_pro_roster_slots:60,"{""selector_id"":""pfwa"",""team_type"":""first_team"",""slot_id"":""long_snapper"",""canonical_position"":""SUPPORT"",""slot_count"":""1"",""allowed_positions"":""LS_SUPPORT"",""notes"":""Game-compatible slot definition. Support slots use role tags because canonical roster does not include LS/KR/PR/ST-only positions.""}"
nfl_awards,nfl_all_pro_roster_slots.csv,nfl_all_pro_roster_slots,runtime_tuning,61,nfl_all_pro_roster_slots:61,"{""selector_id"":""sporting_news"",""team_type"":""first_team"",""slot_id"":""qb"",""canonical_position"":""QB"",""slot_count"":""1"",""allowed_positions"":""QB"",""notes"":""Game-compatible slot definition. Support slots use role tags because canonical roster does not include LS/KR/PR/ST-only positions.""}"
nfl_awards,nfl_all_pro_roster_slots.csv,nfl_all_pro_roster_slots,runtime_tuning,62,nfl_all_pro_roster_slots:62,"{""selector_id"":""sporting_news"",""team_type"":""first_team"",""slot_id"":""rb"",""canonical_position"":""RB"",""slot_count"":""1"",""allowed_positions"":""RB"",""notes"":""Game-compatible slot definition. Support slots use role tags because canonical roster does not include LS/KR/PR/ST-only positions.""}"
nfl_awards,nfl_all_pro_roster_slots.csv,nfl_all_pro_roster_slots,runtime_tuning,63,nfl_all_pro_roster_slots:63,"{""selector_id"":""sporting_news"",""team_type"":""first_team"",""slot_id"":""wr"",""canonical_position"":""WR"",""slot_count"":""3"",""allowed_positions"":""WR"",""notes"":""Game-compatible slot definition. Support slots use role tags because canonical roster does not include LS/KR/PR/ST-only positions.""}"
nfl_awards,nfl_all_pro_roster_slots.csv,nfl_all_pro_roster_slots,runtime_tuning,64,nfl_all_pro_roster_slots:64,"{""selector_id"":""sporting_news"",""team_type"":""first_team"",""slot_id"":""te"",""canonical_position"":""TE"",""slot_count"":""1"",""allowed_positions"":""TE"",""notes"":""Game-compatible slot definition. Support slots use role tags because canonical roster does not include LS/KR/PR/ST-only positions.""}"
nfl_awards,nfl_all_pro_roster_slots.csv,nfl_all_pro_roster_slots,runtime_tuning,65,nfl_all_pro_roster_slots:65,"{""selector_id"":""sporting_news"",""team_type"":""first_team"",""slot_id"":""lt"",""canonical_position"":""LT"",""slot_count"":""1"",""allowed_positions"":""LT"",""notes"":""Game-compatible slot definition. Support slots use role tags because canonical roster does not include LS/KR/PR/ST-only positions.""}"
nfl_awards,nfl_all_pro_roster_slots.csv,nfl_all_pro_roster_slots,runtime_tuning,66,nfl_all_pro_roster_slots:66,"{""selector_id"":""sporting_news"",""team_type"":""first_team"",""slot_id"":""lg"",""canonical_position"":""LG"",""slot_count"":""1"",""allowed_positions"":""LG"",""notes"":""Game-compatible slot definition. Support slots use role tags because canonical roster does not include LS/KR/PR/ST-only positions.""}"
nfl_awards,nfl_all_pro_roster_slots.csv,nfl_all_pro_roster_slots,runtime_tuning,67,nfl_all_pro_roster_slots:67,"{""selector_id"":""sporting_news"",""team_type"":""first_team"",""slot_id"":""c"",""canonical_position"":""C"",""slot_count"":""1"",""allowed_positions"":""C"",""notes"":""Game-compatible slot definition. Support slots use role tags because canonical roster does not include LS/KR/PR/ST-only positions.""}"
nfl_awards,nfl_all_pro_roster_slots.csv,nfl_all_pro_roster_slots,runtime_tuning,68,nfl_all_pro_roster_slots:68,"{""selector_id"":""sporting_news"",""team_type"":""first_team"",""slot_id"":""rg"",""canonical_position"":""RG"",""slot_count"":""1"",""allowed_positions"":""RG"",""notes"":""Game-compatible slot definition. Support slots use role tags because canonical roster does not include LS/KR/PR/ST-only positions.""}"
nfl_awards,nfl_all_pro_roster_slots.csv,nfl_all_pro_roster_slots,runtime_tuning,69,nfl_all_pro_roster_slots:69,"{""selector_id"":""sporting_news"",""team_type"":""first_team"",""slot_id"":""rt"",""canonical_position"":""RT"",""slot_count"":""1"",""allowed_positions"":""RT"",""notes"":""Game-compatible slot definition. Support slots use role tags because canonical roster does not include LS/KR/PR/ST-only positions.""}"
nfl_awards,nfl_all_pro_roster_slots.csv,nfl_all_pro_roster_slots,runtime_tuning,70,nfl_all_pro_roster_slots:70,"{""selector_id"":""sporting_news"",""team_type"":""first_team"",""slot_id"":""all_purpose"",""canonical_position"":""SUPPORT"",""slot_count"":""1"",""allowed_positions"":""RB|WR|TE|ATH_SUPPORT"",""notes"":""Game-compatible slot definition. Support slots use role tags because canonical roster does not include LS/KR/PR/ST-only positions.""}"
nfl_awards,nfl_all_pro_roster_slots.csv,nfl_all_pro_roster_slots,runtime_tuning,71,nfl_all_pro_roster_slots:71,"{""selector_id"":""sporting_news"",""team_type"":""first_team"",""slot_id"":""edge"",""canonical_position"":""EDGE"",""slot_count"":""3"",""allowed_positions"":""EDGE"",""notes"":""Game-compatible slot definition. Support slots use role tags because canonical roster does not include LS/KR/PR/ST-only positions.""}"
nfl_awards,nfl_all_pro_roster_slots.csv,nfl_all_pro_roster_slots,runtime_tuning,72,nfl_all_pro_roster_slots:72,"{""selector_id"":""sporting_news"",""team_type"":""first_team"",""slot_id"":""dl"",""canonical_position"":""DL"",""slot_count"":""2"",""allowed_positions"":""DL"",""notes"":""Game-compatible slot definition. Support slots use role tags because canonical roster does not include LS/KR/PR/ST-only positions.""}"
nfl_awards,nfl_all_pro_roster_slots.csv,nfl_all_pro_roster_slots,runtime_tuning,73,nfl_all_pro_roster_slots:73,"{""selector_id"":""sporting_news"",""team_type"":""first_team"",""slot_id"":""lb"",""canonical_position"":""LB"",""slot_count"":""3"",""allowed_positions"":""LB"",""notes"":""Game-compatible slot definition. Support slots use role tags because canonical roster does not include LS/KR/PR/ST-only positions.""}"
nfl_awards,nfl_all_pro_roster_slots.csv,nfl_all_pro_roster_slots,runtime_tuning,74,nfl_all_pro_roster_slots:74,"{""selector_id"":""sporting_news"",""team_type"":""first_team"",""slot_id"":""cb"",""canonical_position"":""CB"",""slot_count"":""2"",""allowed_positions"":""CB"",""notes"":""Game-compatible slot definition. Support slots use role tags because canonical roster does not include LS/KR/PR/ST-only positions.""}"
nfl_awards,nfl_all_pro_roster_slots.csv,nfl_all_pro_roster_slots,runtime_tuning,75,nfl_all_pro_roster_slots:75,"{""selector_id"":""sporting_news"",""team_type"":""first_team"",""slot_id"":""s"",""canonical_position"":""S"",""slot_count"":""2"",""allowed_positions"":""S"",""notes"":""Game-compatible slot definition. Support slots use role tags because canonical roster does not include LS/KR/PR/ST-only positions.""}"
nfl_awards,nfl_all_pro_roster_slots.csv,nfl_all_pro_roster_slots,runtime_tuning,76,nfl_all_pro_roster_slots:76,"{""selector_id"":""sporting_news"",""team_type"":""first_team"",""slot_id"":""k"",""canonical_position"":""K"",""slot_count"":""1"",""allowed_positions"":""K"",""notes"":""Game-compatible slot definition. Support slots use role tags because canonical roster does not include LS/KR/PR/ST-only positions.""}"
nfl_awards,nfl_all_pro_roster_slots.csv,nfl_all_pro_roster_slots,runtime_tuning,77,nfl_all_pro_roster_slots:77,"{""selector_id"":""sporting_news"",""team_type"":""first_team"",""slot_id"":""p"",""canonical_position"":""P"",""slot_count"":""1"",""allowed_positions"":""P"",""notes"":""Game-compatible slot definition. Support slots use role tags because canonical roster does not include LS/KR/PR/ST-only positions.""}"
nfl_awards,nfl_all_pro_roster_slots.csv,nfl_all_pro_roster_slots,runtime_tuning,78,nfl_all_pro_roster_slots:78,"{""selector_id"":""sporting_news"",""team_type"":""first_team"",""slot_id"":""returner"",""canonical_position"":""SUPPORT"",""slot_count"":""1"",""allowed_positions"":""KR|PR|WR|RB|CB"",""notes"":""Game-compatible slot definition. Support slots use role tags because canonical roster does not include LS/KR/PR/ST-only positions.""}"
nfl_awards,nfl_all_pro_roster_slots.csv,nfl_all_pro_roster_slots,runtime_tuning,79,nfl_all_pro_roster_slots:79,"{""selector_id"":""sporting_news"",""team_type"":""first_team"",""slot_id"":""special_teamer"",""canonical_position"":""SUPPORT"",""slot_count"":""1"",""allowed_positions"":""ST|LB|S|CB|WR|RB"",""notes"":""Game-compatible slot definition. Support slots use role tags because canonical roster does not include LS/KR/PR/ST-only positions.""}"
nfl_awards,nfl_all_pro_roster_slots.csv,nfl_all_pro_roster_slots,runtime_tuning,80,nfl_all_pro_roster_slots:80,"{""selector_id"":""sporting_news"",""team_type"":""first_team"",""slot_id"":""long_snapper"",""canonical_position"":""SUPPORT"",""slot_count"":""1"",""allowed_positions"":""LS_SUPPORT"",""notes"":""Game-compatible slot definition. Support slots use role tags because canonical roster does not include LS/KR/PR/ST-only positions.""}"
nfl_awards,nfl_all_pro_selection_weights.csv,nfl_all_pro_selection_weights,weight_distribution,1,nfl_all_pro_selection_weights:1,"{""selector_id"":""ap"",""slot_id"":""qb"",""production_weight"":""0.34"",""efficiency_weight"":""0.26"",""team_success_weight"":""0.08"",""narrative_weight"":""0.05"",""reputation_weight"":""0.08"",""availability_weight"":""0.08"",""role_specific_metric_weight"":""0.11"",""notes"":""Slot candidate score weights.""}"
nfl_awards,nfl_all_pro_selection_weights.csv,nfl_all_pro_selection_weights,weight_distribution,2,nfl_all_pro_selection_weights:2,"{""selector_id"":""ap"",""slot_id"":""rb"",""production_weight"":""0.38"",""efficiency_weight"":""0.2"",""team_success_weight"":""0.06"",""narrative_weight"":""0.04"",""reputation_weight"":""0.06"",""availability_weight"":""0.06"",""role_specific_metric_weight"":""0.2"",""notes"":""Slot candidate score weights.""}"
nfl_awards,nfl_all_pro_selection_weights.csv,nfl_all_pro_selection_weights,weight_distribution,3,nfl_all_pro_selection_weights:3,"{""selector_id"":""ap"",""slot_id"":""wr"",""production_weight"":""0.38"",""efficiency_weight"":""0.2"",""team_success_weight"":""0.06"",""narrative_weight"":""0.04"",""reputation_weight"":""0.06"",""availability_weight"":""0.06"",""role_specific_metric_weight"":""0.2"",""notes"":""Slot candidate score weights.""}"
nfl_awards,nfl_all_pro_selection_weights.csv,nfl_all_pro_selection_weights,weight_distribution,4,nfl_all_pro_selection_weights:4,"{""selector_id"":""ap"",""slot_id"":""te"",""production_weight"":""0.38"",""efficiency_weight"":""0.2"",""team_success_weight"":""0.06"",""narrative_weight"":""0.04"",""reputation_weight"":""0.06"",""availability_weight"":""0.06"",""role_specific_metric_weight"":""0.2"",""notes"":""Slot candidate score weights.""}"
nfl_awards,nfl_all_pro_selection_weights.csv,nfl_all_pro_selection_weights,weight_distribution,5,nfl_all_pro_selection_weights:5,"{""selector_id"":""ap"",""slot_id"":""lt"",""production_weight"":""0.18"",""efficiency_weight"":""0.3"",""team_success_weight"":""0.08"",""narrative_weight"":""0.04"",""reputation_weight"":""0.05"",""availability_weight"":""0.12"",""role_specific_metric_weight"":""0.23"",""notes"":""Slot candidate score weights.""}"
nfl_awards,nfl_all_pro_selection_weights.csv,nfl_all_pro_selection_weights,weight_distribution,6,nfl_all_pro_selection_weights:6,"{""selector_id"":""ap"",""slot_id"":""lg"",""production_weight"":""0.18"",""efficiency_weight"":""0.3"",""team_success_weight"":""0.08"",""narrative_weight"":""0.04"",""reputation_weight"":""0.05"",""availability_weight"":""0.12"",""role_specific_metric_weight"":""0.23"",""notes"":""Slot candidate score weights.""}"
nfl_awards,nfl_all_pro_selection_weights.csv,nfl_all_pro_selection_weights,weight_distribution,7,nfl_all_pro_selection_weights:7,"{""selector_id"":""ap"",""slot_id"":""c"",""production_weight"":""0.18"",""efficiency_weight"":""0.3"",""team_success_weight"":""0.08"",""narrative_weight"":""0.04"",""reputation_weight"":""0.05"",""availability_weight"":""0.12"",""role_specific_metric_weight"":""0.23"",""notes"":""Slot candidate score weights.""}"
nfl_awards,nfl_all_pro_selection_weights.csv,nfl_all_pro_selection_weights,weight_distribution,8,nfl_all_pro_selection_weights:8,"{""selector_id"":""ap"",""slot_id"":""rg"",""production_weight"":""0.18"",""efficiency_weight"":""0.3"",""team_success_weight"":""0.08"",""narrative_weight"":""0.04"",""reputation_weight"":""0.05"",""availability_weight"":""0.12"",""role_specific_metric_weight"":""0.23"",""notes"":""Slot candidate score weights.""}"
nfl_awards,nfl_all_pro_selection_weights.csv,nfl_all_pro_selection_weights,weight_distribution,9,nfl_all_pro_selection_weights:9,"{""selector_id"":""ap"",""slot_id"":""rt"",""production_weight"":""0.18"",""efficiency_weight"":""0.3"",""team_success_weight"":""0.08"",""narrative_weight"":""0.04"",""reputation_weight"":""0.05"",""availability_weight"":""0.12"",""role_specific_metric_weight"":""0.23"",""notes"":""Slot candidate score weights.""}"
nfl_awards,nfl_all_pro_selection_weights.csv,nfl_all_pro_selection_weights,weight_distribution,10,nfl_all_pro_selection_weights:10,"{""selector_id"":""ap"",""slot_id"":""all_purpose"",""production_weight"":""0.38"",""efficiency_weight"":""0.2"",""team_success_weight"":""0.06"",""narrative_weight"":""0.04"",""reputation_weight"":""0.06"",""availability_weight"":""0.06"",""role_specific_metric_weight"":""0.2"",""notes"":""Slot candidate score weights.""}"
nfl_awards,nfl_all_pro_selection_weights.csv,nfl_all_pro_selection_weights,weight_distribution,11,nfl_all_pro_selection_weights:11,"{""selector_id"":""ap"",""slot_id"":""edge"",""production_weight"":""0.34"",""efficiency_weight"":""0.24"",""team_success_weight"":""0.05"",""narrative_weight"":""0.04"",""reputation_weight"":""0.06"",""availability_weight"":""0.08"",""role_specific_metric_weight"":""0.19"",""notes"":""Slot candidate score weights.""}"
nfl_awards,nfl_all_pro_selection_weights.csv,nfl_all_pro_selection_weights,weight_distribution,12,nfl_all_pro_selection_weights:12,"{""selector_id"":""ap"",""slot_id"":""dl"",""production_weight"":""0.34"",""efficiency_weight"":""0.24"",""team_success_weight"":""0.05"",""narrative_weight"":""0.04"",""reputation_weight"":""0.06"",""availability_weight"":""0.08"",""role_specific_metric_weight"":""0.19"",""notes"":""Slot candidate score weights.""}"
nfl_awards,nfl_all_pro_selection_weights.csv,nfl_all_pro_selection_weights,weight_distribution,13,nfl_all_pro_selection_weights:13,"{""selector_id"":""ap"",""slot_id"":""lb"",""production_weight"":""0.3"",""efficiency_weight"":""0.24"",""team_success_weight"":""0.05"",""narrative_weight"":""0.04"",""reputation_weight"":""0.06"",""availability_weight"":""0.08"",""role_specific_metric_weight"":""0.23"",""notes"":""Slot candidate score weights.""}"
nfl_awards,nfl_all_pro_selection_weights.csv,nfl_all_pro_selection_weights,weight_distribution,14,nfl_all_pro_selection_weights:14,"{""selector_id"":""ap"",""slot_id"":""cb"",""production_weight"":""0.3"",""efficiency_weight"":""0.24"",""team_success_weight"":""0.05"",""narrative_weight"":""0.04"",""reputation_weight"":""0.06"",""availability_weight"":""0.08"",""role_specific_metric_weight"":""0.23"",""notes"":""Slot candidate score weights.""}"
nfl_awards,nfl_all_pro_selection_weights.csv,nfl_all_pro_selection_weights,weight_distribution,15,nfl_all_pro_selection_weights:15,"{""selector_id"":""ap"",""slot_id"":""s"",""production_weight"":""0.3"",""efficiency_weight"":""0.24"",""team_success_weight"":""0.05"",""narrative_weight"":""0.04"",""reputation_weight"":""0.06"",""availability_weight"":""0.08"",""role_specific_metric_weight"":""0.23"",""notes"":""Slot candidate score weights.""}"
nfl_awards,nfl_all_pro_selection_weights.csv,nfl_all_pro_selection_weights,weight_distribution,16,nfl_all_pro_selection_weights:16,"{""selector_id"":""ap"",""slot_id"":""k"",""production_weight"":""0.45"",""efficiency_weight"":""0.18"",""team_success_weight"":""0.02"",""narrative_weight"":""0.03"",""reputation_weight"":""0.04"",""availability_weight"":""0.05"",""role_specific_metric_weight"":""0.23"",""notes"":""Slot candidate score weights.""}"
nfl_awards,nfl_all_pro_selection_weights.csv,nfl_all_pro_selection_weights,weight_distribution,17,nfl_all_pro_selection_weights:17,"{""selector_id"":""ap"",""slot_id"":""p"",""production_weight"":""0.45"",""efficiency_weight"":""0.18"",""team_success_weight"":""0.02"",""narrative_weight"":""0.03"",""reputation_weight"":""0.04"",""availability_weight"":""0.05"",""role_specific_metric_weight"":""0.23"",""notes"":""Slot candidate score weights.""}"
nfl_awards,nfl_all_pro_selection_weights.csv,nfl_all_pro_selection_weights,weight_distribution,18,nfl_all_pro_selection_weights:18,"{""selector_id"":""ap"",""slot_id"":""returner"",""production_weight"":""0.3"",""efficiency_weight"":""0.16"",""team_success_weight"":""0.02"",""narrative_weight"":""0.04"",""reputation_weight"":""0.08"",""availability_weight"":""0.05"",""role_specific_metric_weight"":""0.35"",""notes"":""Slot candidate score weights.""}"
nfl_awards,nfl_all_pro_selection_weights.csv,nfl_all_pro_selection_weights,weight_distribution,19,nfl_all_pro_selection_weights:19,"{""selector_id"":""ap"",""slot_id"":""special_teamer"",""production_weight"":""0.3"",""efficiency_weight"":""0.16"",""team_success_weight"":""0.02"",""narrative_weight"":""0.04"",""reputation_weight"":""0.08"",""availability_weight"":""0.05"",""role_specific_metric_weight"":""0.35"",""notes"":""Slot candidate score weights.""}"
nfl_awards,nfl_all_pro_selection_weights.csv,nfl_all_pro_selection_weights,weight_distribution,20,nfl_all_pro_selection_weights:20,"{""selector_id"":""ap"",""slot_id"":""long_snapper"",""production_weight"":""0.3"",""efficiency_weight"":""0.16"",""team_success_weight"":""0.02"",""narrative_weight"":""0.04"",""reputation_weight"":""0.08"",""availability_weight"":""0.05"",""role_specific_metric_weight"":""0.35"",""notes"":""Slot candidate score weights.""}"
nfl_awards,nfl_all_pro_selection_weights.csv,nfl_all_pro_selection_weights,weight_distribution,21,nfl_all_pro_selection_weights:21,"{""selector_id"":""ap"",""slot_id"":""qb"",""production_weight"":""0.34"",""efficiency_weight"":""0.26"",""team_success_weight"":""0.08"",""narrative_weight"":""0.05"",""reputation_weight"":""0.08"",""availability_weight"":""0.08"",""role_specific_metric_weight"":""0.11"",""notes"":""Slot candidate score weights.""}"
nfl_awards,nfl_all_pro_selection_weights.csv,nfl_all_pro_selection_weights,weight_distribution,22,nfl_all_pro_selection_weights:22,"{""selector_id"":""ap"",""slot_id"":""rb"",""production_weight"":""0.38"",""efficiency_weight"":""0.2"",""team_success_weight"":""0.06"",""narrative_weight"":""0.04"",""reputation_weight"":""0.06"",""availability_weight"":""0.06"",""role_specific_metric_weight"":""0.2"",""notes"":""Slot candidate score weights.""}"
nfl_awards,nfl_all_pro_selection_weights.csv,nfl_all_pro_selection_weights,weight_distribution,23,nfl_all_pro_selection_weights:23,"{""selector_id"":""ap"",""slot_id"":""wr"",""production_weight"":""0.38"",""efficiency_weight"":""0.2"",""team_success_weight"":""0.06"",""narrative_weight"":""0.04"",""reputation_weight"":""0.06"",""availability_weight"":""0.06"",""role_specific_metric_weight"":""0.2"",""notes"":""Slot candidate score weights.""}"
nfl_awards,nfl_all_pro_selection_weights.csv,nfl_all_pro_selection_weights,weight_distribution,24,nfl_all_pro_selection_weights:24,"{""selector_id"":""ap"",""slot_id"":""te"",""production_weight"":""0.38"",""efficiency_weight"":""0.2"",""team_success_weight"":""0.06"",""narrative_weight"":""0.04"",""reputation_weight"":""0.06"",""availability_weight"":""0.06"",""role_specific_metric_weight"":""0.2"",""notes"":""Slot candidate score weights.""}"
nfl_awards,nfl_all_pro_selection_weights.csv,nfl_all_pro_selection_weights,weight_distribution,25,nfl_all_pro_selection_weights:25,"{""selector_id"":""ap"",""slot_id"":""lt"",""production_weight"":""0.18"",""efficiency_weight"":""0.3"",""team_success_weight"":""0.08"",""narrative_weight"":""0.04"",""reputation_weight"":""0.05"",""availability_weight"":""0.12"",""role_specific_metric_weight"":""0.23"",""notes"":""Slot candidate score weights.""}"
nfl_awards,nfl_all_pro_selection_weights.csv,nfl_all_pro_selection_weights,weight_distribution,26,nfl_all_pro_selection_weights:26,"{""selector_id"":""ap"",""slot_id"":""lg"",""production_weight"":""0.18"",""efficiency_weight"":""0.3"",""team_success_weight"":""0.08"",""narrative_weight"":""0.04"",""reputation_weight"":""0.05"",""availability_weight"":""0.12"",""role_specific_metric_weight"":""0.23"",""notes"":""Slot candidate score weights.""}"
nfl_awards,nfl_all_pro_selection_weights.csv,nfl_all_pro_selection_weights,weight_distribution,27,nfl_all_pro_selection_weights:27,"{""selector_id"":""ap"",""slot_id"":""c"",""production_weight"":""0.18"",""efficiency_weight"":""0.3"",""team_success_weight"":""0.08"",""narrative_weight"":""0.04"",""reputation_weight"":""0.05"",""availability_weight"":""0.12"",""role_specific_metric_weight"":""0.23"",""notes"":""Slot candidate score weights.""}"
nfl_awards,nfl_all_pro_selection_weights.csv,nfl_all_pro_selection_weights,weight_distribution,28,nfl_all_pro_selection_weights:28,"{""selector_id"":""ap"",""slot_id"":""rg"",""production_weight"":""0.18"",""efficiency_weight"":""0.3"",""team_success_weight"":""0.08"",""narrative_weight"":""0.04"",""reputation_weight"":""0.05"",""availability_weight"":""0.12"",""role_specific_metric_weight"":""0.23"",""notes"":""Slot candidate score weights.""}"
nfl_awards,nfl_all_pro_selection_weights.csv,nfl_all_pro_selection_weights,weight_distribution,29,nfl_all_pro_selection_weights:29,"{""selector_id"":""ap"",""slot_id"":""rt"",""production_weight"":""0.18"",""efficiency_weight"":""0.3"",""team_success_weight"":""0.08"",""narrative_weight"":""0.04"",""reputation_weight"":""0.05"",""availability_weight"":""0.12"",""role_specific_metric_weight"":""0.23"",""notes"":""Slot candidate score weights.""}"
nfl_awards,nfl_all_pro_selection_weights.csv,nfl_all_pro_selection_weights,weight_distribution,30,nfl_all_pro_selection_weights:30,"{""selector_id"":""ap"",""slot_id"":""all_purpose"",""production_weight"":""0.38"",""efficiency_weight"":""0.2"",""team_success_weight"":""0.06"",""narrative_weight"":""0.04"",""reputation_weight"":""0.06"",""availability_weight"":""0.06"",""role_specific_metric_weight"":""0.2"",""notes"":""Slot candidate score weights.""}"
nfl_awards,nfl_all_pro_selection_weights.csv,nfl_all_pro_selection_weights,weight_distribution,31,nfl_all_pro_selection_weights:31,"{""selector_id"":""ap"",""slot_id"":""edge"",""production_weight"":""0.34"",""efficiency_weight"":""0.24"",""team_success_weight"":""0.05"",""narrative_weight"":""0.04"",""reputation_weight"":""0.06"",""availability_weight"":""0.08"",""role_specific_metric_weight"":""0.19"",""notes"":""Slot candidate score weights.""}"
nfl_awards,nfl_all_pro_selection_weights.csv,nfl_all_pro_selection_weights,weight_distribution,32,nfl_all_pro_selection_weights:32,"{""selector_id"":""ap"",""slot_id"":""dl"",""production_weight"":""0.34"",""efficiency_weight"":""0.24"",""team_success_weight"":""0.05"",""narrative_weight"":""0.04"",""reputation_weight"":""0.06"",""availability_weight"":""0.08"",""role_specific_metric_weight"":""0.19"",""notes"":""Slot candidate score weights.""}"
nfl_awards,nfl_all_pro_selection_weights.csv,nfl_all_pro_selection_weights,weight_distribution,33,nfl_all_pro_selection_weights:33,"{""selector_id"":""ap"",""slot_id"":""lb"",""production_weight"":""0.3"",""efficiency_weight"":""0.24"",""team_success_weight"":""0.05"",""narrative_weight"":""0.04"",""reputation_weight"":""0.06"",""availability_weight"":""0.08"",""role_specific_metric_weight"":""0.23"",""notes"":""Slot candidate score weights.""}"
nfl_awards,nfl_all_pro_selection_weights.csv,nfl_all_pro_selection_weights,weight_distribution,34,nfl_all_pro_selection_weights:34,"{""selector_id"":""ap"",""slot_id"":""cb"",""production_weight"":""0.3"",""efficiency_weight"":""0.24"",""team_success_weight"":""0.05"",""narrative_weight"":""0.04"",""reputation_weight"":""0.06"",""availability_weight"":""0.08"",""role_specific_metric_weight"":""0.23"",""notes"":""Slot candidate score weights.""}"
nfl_awards,nfl_all_pro_selection_weights.csv,nfl_all_pro_selection_weights,weight_distribution,35,nfl_all_pro_selection_weights:35,"{""selector_id"":""ap"",""slot_id"":""s"",""production_weight"":""0.3"",""efficiency_weight"":""0.24"",""team_success_weight"":""0.05"",""narrative_weight"":""0.04"",""reputation_weight"":""0.06"",""availability_weight"":""0.08"",""role_specific_metric_weight"":""0.23"",""notes"":""Slot candidate score weights.""}"
nfl_awards,nfl_all_pro_selection_weights.csv,nfl_all_pro_selection_weights,weight_distribution,36,nfl_all_pro_selection_weights:36,"{""selector_id"":""ap"",""slot_id"":""k"",""production_weight"":""0.45"",""efficiency_weight"":""0.18"",""team_success_weight"":""0.02"",""narrative_weight"":""0.03"",""reputation_weight"":""0.04"",""availability_weight"":""0.05"",""role_specific_metric_weight"":""0.23"",""notes"":""Slot candidate score weights.""}"
nfl_awards,nfl_all_pro_selection_weights.csv,nfl_all_pro_selection_weights,weight_distribution,37,nfl_all_pro_selection_weights:37,"{""selector_id"":""ap"",""slot_id"":""p"",""production_weight"":""0.45"",""efficiency_weight"":""0.18"",""team_success_weight"":""0.02"",""narrative_weight"":""0.03"",""reputation_weight"":""0.04"",""availability_weight"":""0.05"",""role_specific_metric_weight"":""0.23"",""notes"":""Slot candidate score weights.""}"
nfl_awards,nfl_all_pro_selection_weights.csv,nfl_all_pro_selection_weights,weight_distribution,38,nfl_all_pro_selection_weights:38,"{""selector_id"":""ap"",""slot_id"":""returner"",""production_weight"":""0.3"",""efficiency_weight"":""0.16"",""team_success_weight"":""0.02"",""narrative_weight"":""0.04"",""reputation_weight"":""0.08"",""availability_weight"":""0.05"",""role_specific_metric_weight"":""0.35"",""notes"":""Slot candidate score weights.""}"
nfl_awards,nfl_all_pro_selection_weights.csv,nfl_all_pro_selection_weights,weight_distribution,39,nfl_all_pro_selection_weights:39,"{""selector_id"":""ap"",""slot_id"":""special_teamer"",""production_weight"":""0.3"",""efficiency_weight"":""0.16"",""team_success_weight"":""0.02"",""narrative_weight"":""0.04"",""reputation_weight"":""0.08"",""availability_weight"":""0.05"",""role_specific_metric_weight"":""0.35"",""notes"":""Slot candidate score weights.""}"
nfl_awards,nfl_all_pro_selection_weights.csv,nfl_all_pro_selection_weights,weight_distribution,40,nfl_all_pro_selection_weights:40,"{""selector_id"":""ap"",""slot_id"":""long_snapper"",""production_weight"":""0.3"",""efficiency_weight"":""0.16"",""team_success_weight"":""0.02"",""narrative_weight"":""0.04"",""reputation_weight"":""0.08"",""availability_weight"":""0.05"",""role_specific_metric_weight"":""0.35"",""notes"":""Slot candidate score weights.""}"
nfl_awards,nfl_all_pro_selection_weights.csv,nfl_all_pro_selection_weights,weight_distribution,41,nfl_all_pro_selection_weights:41,"{""selector_id"":""pfwa"",""slot_id"":""qb"",""production_weight"":""0.34"",""efficiency_weight"":""0.26"",""team_success_weight"":""0.08"",""narrative_weight"":""0.05"",""reputation_weight"":""0.08"",""availability_weight"":""0.08"",""role_specific_metric_weight"":""0.11"",""notes"":""Slot candidate score weights.""}"
nfl_awards,nfl_all_pro_selection_weights.csv,nfl_all_pro_selection_weights,weight_distribution,42,nfl_all_pro_selection_weights:42,"{""selector_id"":""pfwa"",""slot_id"":""rb"",""production_weight"":""0.38"",""efficiency_weight"":""0.2"",""team_success_weight"":""0.06"",""narrative_weight"":""0.04"",""reputation_weight"":""0.06"",""availability_weight"":""0.06"",""role_specific_metric_weight"":""0.2"",""notes"":""Slot candidate score weights.""}"
nfl_awards,nfl_all_pro_selection_weights.csv,nfl_all_pro_selection_weights,weight_distribution,43,nfl_all_pro_selection_weights:43,"{""selector_id"":""pfwa"",""slot_id"":""wr"",""production_weight"":""0.38"",""efficiency_weight"":""0.2"",""team_success_weight"":""0.06"",""narrative_weight"":""0.04"",""reputation_weight"":""0.06"",""availability_weight"":""0.06"",""role_specific_metric_weight"":""0.2"",""notes"":""Slot candidate score weights.""}"
nfl_awards,nfl_all_pro_selection_weights.csv,nfl_all_pro_selection_weights,weight_distribution,44,nfl_all_pro_selection_weights:44,"{""selector_id"":""pfwa"",""slot_id"":""te"",""production_weight"":""0.38"",""efficiency_weight"":""0.2"",""team_success_weight"":""0.06"",""narrative_weight"":""0.04"",""reputation_weight"":""0.06"",""availability_weight"":""0.06"",""role_specific_metric_weight"":""0.2"",""notes"":""Slot candidate score weights.""}"
nfl_awards,nfl_all_pro_selection_weights.csv,nfl_all_pro_selection_weights,weight_distribution,45,nfl_all_pro_selection_weights:45,"{""selector_id"":""pfwa"",""slot_id"":""lt"",""production_weight"":""0.18"",""efficiency_weight"":""0.3"",""team_success_weight"":""0.08"",""narrative_weight"":""0.04"",""reputation_weight"":""0.05"",""availability_weight"":""0.12"",""role_specific_metric_weight"":""0.23"",""notes"":""Slot candidate score weights.""}"
nfl_awards,nfl_all_pro_selection_weights.csv,nfl_all_pro_selection_weights,weight_distribution,46,nfl_all_pro_selection_weights:46,"{""selector_id"":""pfwa"",""slot_id"":""lg"",""production_weight"":""0.18"",""efficiency_weight"":""0.3"",""team_success_weight"":""0.08"",""narrative_weight"":""0.04"",""reputation_weight"":""0.05"",""availability_weight"":""0.12"",""role_specific_metric_weight"":""0.23"",""notes"":""Slot candidate score weights.""}"
nfl_awards,nfl_all_pro_selection_weights.csv,nfl_all_pro_selection_weights,weight_distribution,47,nfl_all_pro_selection_weights:47,"{""selector_id"":""pfwa"",""slot_id"":""c"",""production_weight"":""0.18"",""efficiency_weight"":""0.3"",""team_success_weight"":""0.08"",""narrative_weight"":""0.04"",""reputation_weight"":""0.05"",""availability_weight"":""0.12"",""role_specific_metric_weight"":""0.23"",""notes"":""Slot candidate score weights.""}"
nfl_awards,nfl_all_pro_selection_weights.csv,nfl_all_pro_selection_weights,weight_distribution,48,nfl_all_pro_selection_weights:48,"{""selector_id"":""pfwa"",""slot_id"":""rg"",""production_weight"":""0.18"",""efficiency_weight"":""0.3"",""team_success_weight"":""0.08"",""narrative_weight"":""0.04"",""reputation_weight"":""0.05"",""availability_weight"":""0.12"",""role_specific_metric_weight"":""0.23"",""notes"":""Slot candidate score weights.""}"
nfl_awards,nfl_all_pro_selection_weights.csv,nfl_all_pro_selection_weights,weight_distribution,49,nfl_all_pro_selection_weights:49,"{""selector_id"":""pfwa"",""slot_id"":""rt"",""production_weight"":""0.18"",""efficiency_weight"":""0.3"",""team_success_weight"":""0.08"",""narrative_weight"":""0.04"",""reputation_weight"":""0.05"",""availability_weight"":""0.12"",""role_specific_metric_weight"":""0.23"",""notes"":""Slot candidate score weights.""}"
nfl_awards,nfl_all_pro_selection_weights.csv,nfl_all_pro_selection_weights,weight_distribution,50,nfl_all_pro_selection_weights:50,"{""selector_id"":""pfwa"",""slot_id"":""all_purpose"",""production_weight"":""0.38"",""efficiency_weight"":""0.2"",""team_success_weight"":""0.06"",""narrative_weight"":""0.04"",""reputation_weight"":""0.06"",""availability_weight"":""0.06"",""role_specific_metric_weight"":""0.2"",""notes"":""Slot candidate score weights.""}"
nfl_awards,nfl_all_pro_selection_weights.csv,nfl_all_pro_selection_weights,weight_distribution,51,nfl_all_pro_selection_weights:51,"{""selector_id"":""pfwa"",""slot_id"":""edge"",""production_weight"":""0.34"",""efficiency_weight"":""0.24"",""team_success_weight"":""0.05"",""narrative_weight"":""0.04"",""reputation_weight"":""0.06"",""availability_weight"":""0.08"",""role_specific_metric_weight"":""0.19"",""notes"":""Slot candidate score weights.""}"
nfl_awards,nfl_all_pro_selection_weights.csv,nfl_all_pro_selection_weights,weight_distribution,52,nfl_all_pro_selection_weights:52,"{""selector_id"":""pfwa"",""slot_id"":""dl"",""production_weight"":""0.34"",""efficiency_weight"":""0.24"",""team_success_weight"":""0.05"",""narrative_weight"":""0.04"",""reputation_weight"":""0.06"",""availability_weight"":""0.08"",""role_specific_metric_weight"":""0.19"",""notes"":""Slot candidate score weights.""}"
nfl_awards,nfl_all_pro_selection_weights.csv,nfl_all_pro_selection_weights,weight_distribution,53,nfl_all_pro_selection_weights:53,"{""selector_id"":""pfwa"",""slot_id"":""lb"",""production_weight"":""0.3"",""efficiency_weight"":""0.24"",""team_success_weight"":""0.05"",""narrative_weight"":""0.04"",""reputation_weight"":""0.06"",""availability_weight"":""0.08"",""role_specific_metric_weight"":""0.23"",""notes"":""Slot candidate score weights.""}"
nfl_awards,nfl_all_pro_selection_weights.csv,nfl_all_pro_selection_weights,weight_distribution,54,nfl_all_pro_selection_weights:54,"{""selector_id"":""pfwa"",""slot_id"":""cb"",""production_weight"":""0.3"",""efficiency_weight"":""0.24"",""team_success_weight"":""0.05"",""narrative_weight"":""0.04"",""reputation_weight"":""0.06"",""availability_weight"":""0.08"",""role_specific_metric_weight"":""0.23"",""notes"":""Slot candidate score weights.""}"
nfl_awards,nfl_all_pro_selection_weights.csv,nfl_all_pro_selection_weights,weight_distribution,55,nfl_all_pro_selection_weights:55,"{""selector_id"":""pfwa"",""slot_id"":""s"",""production_weight"":""0.3"",""efficiency_weight"":""0.24"",""team_success_weight"":""0.05"",""narrative_weight"":""0.04"",""reputation_weight"":""0.06"",""availability_weight"":""0.08"",""role_specific_metric_weight"":""0.23"",""notes"":""Slot candidate score weights.""}"
nfl_awards,nfl_all_pro_selection_weights.csv,nfl_all_pro_selection_weights,weight_distribution,56,nfl_all_pro_selection_weights:56,"{""selector_id"":""pfwa"",""slot_id"":""k"",""production_weight"":""0.45"",""efficiency_weight"":""0.18"",""team_success_weight"":""0.02"",""narrative_weight"":""0.03"",""reputation_weight"":""0.04"",""availability_weight"":""0.05"",""role_specific_metric_weight"":""0.23"",""notes"":""Slot candidate score weights.""}"
nfl_awards,nfl_all_pro_selection_weights.csv,nfl_all_pro_selection_weights,weight_distribution,57,nfl_all_pro_selection_weights:57,"{""selector_id"":""pfwa"",""slot_id"":""p"",""production_weight"":""0.45"",""efficiency_weight"":""0.18"",""team_success_weight"":""0.02"",""narrative_weight"":""0.03"",""reputation_weight"":""0.04"",""availability_weight"":""0.05"",""role_specific_metric_weight"":""0.23"",""notes"":""Slot candidate score weights.""}"
nfl_awards,nfl_all_pro_selection_weights.csv,nfl_all_pro_selection_weights,weight_distribution,58,nfl_all_pro_selection_weights:58,"{""selector_id"":""pfwa"",""slot_id"":""returner"",""production_weight"":""0.3"",""efficiency_weight"":""0.16"",""team_success_weight"":""0.02"",""narrative_weight"":""0.04"",""reputation_weight"":""0.08"",""availability_weight"":""0.05"",""role_specific_metric_weight"":""0.35"",""notes"":""Slot candidate score weights.""}"
nfl_awards,nfl_all_pro_selection_weights.csv,nfl_all_pro_selection_weights,weight_distribution,59,nfl_all_pro_selection_weights:59,"{""selector_id"":""pfwa"",""slot_id"":""special_teamer"",""production_weight"":""0.3"",""efficiency_weight"":""0.16"",""team_success_weight"":""0.02"",""narrative_weight"":""0.04"",""reputation_weight"":""0.08"",""availability_weight"":""0.05"",""role_specific_metric_weight"":""0.35"",""notes"":""Slot candidate score weights.""}"
nfl_awards,nfl_all_pro_selection_weights.csv,nfl_all_pro_selection_weights,weight_distribution,60,nfl_all_pro_selection_weights:60,"{""selector_id"":""pfwa"",""slot_id"":""long_snapper"",""production_weight"":""0.3"",""efficiency_weight"":""0.16"",""team_success_weight"":""0.02"",""narrative_weight"":""0.04"",""reputation_weight"":""0.08"",""availability_weight"":""0.05"",""role_specific_metric_weight"":""0.35"",""notes"":""Slot candidate score weights.""}"
nfl_awards,nfl_all_pro_selection_weights.csv,nfl_all_pro_selection_weights,weight_distribution,61,nfl_all_pro_selection_weights:61,"{""selector_id"":""sporting_news"",""slot_id"":""qb"",""production_weight"":""0.34"",""efficiency_weight"":""0.26"",""team_success_weight"":""0.08"",""narrative_weight"":""0.05"",""reputation_weight"":""0.08"",""availability_weight"":""0.08"",""role_specific_metric_weight"":""0.11"",""notes"":""Slot candidate score weights.""}"
nfl_awards,nfl_all_pro_selection_weights.csv,nfl_all_pro_selection_weights,weight_distribution,62,nfl_all_pro_selection_weights:62,"{""selector_id"":""sporting_news"",""slot_id"":""rb"",""production_weight"":""0.38"",""efficiency_weight"":""0.2"",""team_success_weight"":""0.06"",""narrative_weight"":""0.04"",""reputation_weight"":""0.06"",""availability_weight"":""0.06"",""role_specific_metric_weight"":""0.2"",""notes"":""Slot candidate score weights.""}"
nfl_awards,nfl_all_pro_selection_weights.csv,nfl_all_pro_selection_weights,weight_distribution,63,nfl_all_pro_selection_weights:63,"{""selector_id"":""sporting_news"",""slot_id"":""wr"",""production_weight"":""0.38"",""efficiency_weight"":""0.2"",""team_success_weight"":""0.06"",""narrative_weight"":""0.04"",""reputation_weight"":""0.06"",""availability_weight"":""0.06"",""role_specific_metric_weight"":""0.2"",""notes"":""Slot candidate score weights.""}"
nfl_awards,nfl_all_pro_selection_weights.csv,nfl_all_pro_selection_weights,weight_distribution,64,nfl_all_pro_selection_weights:64,"{""selector_id"":""sporting_news"",""slot_id"":""te"",""production_weight"":""0.38"",""efficiency_weight"":""0.2"",""team_success_weight"":""0.06"",""narrative_weight"":""0.04"",""reputation_weight"":""0.06"",""availability_weight"":""0.06"",""role_specific_metric_weight"":""0.2"",""notes"":""Slot candidate score weights.""}"
nfl_awards,nfl_all_pro_selection_weights.csv,nfl_all_pro_selection_weights,weight_distribution,65,nfl_all_pro_selection_weights:65,"{""selector_id"":""sporting_news"",""slot_id"":""lt"",""production_weight"":""0.18"",""efficiency_weight"":""0.3"",""team_success_weight"":""0.08"",""narrative_weight"":""0.04"",""reputation_weight"":""0.05"",""availability_weight"":""0.12"",""role_specific_metric_weight"":""0.23"",""notes"":""Slot candidate score weights.""}"
nfl_awards,nfl_all_pro_selection_weights.csv,nfl_all_pro_selection_weights,weight_distribution,66,nfl_all_pro_selection_weights:66,"{""selector_id"":""sporting_news"",""slot_id"":""lg"",""production_weight"":""0.18"",""efficiency_weight"":""0.3"",""team_success_weight"":""0.08"",""narrative_weight"":""0.04"",""reputation_weight"":""0.05"",""availability_weight"":""0.12"",""role_specific_metric_weight"":""0.23"",""notes"":""Slot candidate score weights.""}"
nfl_awards,nfl_all_pro_selection_weights.csv,nfl_all_pro_selection_weights,weight_distribution,67,nfl_all_pro_selection_weights:67,"{""selector_id"":""sporting_news"",""slot_id"":""c"",""production_weight"":""0.18"",""efficiency_weight"":""0.3"",""team_success_weight"":""0.08"",""narrative_weight"":""0.04"",""reputation_weight"":""0.05"",""availability_weight"":""0.12"",""role_specific_metric_weight"":""0.23"",""notes"":""Slot candidate score weights.""}"
nfl_awards,nfl_all_pro_selection_weights.csv,nfl_all_pro_selection_weights,weight_distribution,68,nfl_all_pro_selection_weights:68,"{""selector_id"":""sporting_news"",""slot_id"":""rg"",""production_weight"":""0.18"",""efficiency_weight"":""0.3"",""team_success_weight"":""0.08"",""narrative_weight"":""0.04"",""reputation_weight"":""0.05"",""availability_weight"":""0.12"",""role_specific_metric_weight"":""0.23"",""notes"":""Slot candidate score weights.""}"
nfl_awards,nfl_all_pro_selection_weights.csv,nfl_all_pro_selection_weights,weight_distribution,69,nfl_all_pro_selection_weights:69,"{""selector_id"":""sporting_news"",""slot_id"":""rt"",""production_weight"":""0.18"",""efficiency_weight"":""0.3"",""team_success_weight"":""0.08"",""narrative_weight"":""0.04"",""reputation_weight"":""0.05"",""availability_weight"":""0.12"",""role_specific_metric_weight"":""0.23"",""notes"":""Slot candidate score weights.""}"
nfl_awards,nfl_all_pro_selection_weights.csv,nfl_all_pro_selection_weights,weight_distribution,70,nfl_all_pro_selection_weights:70,"{""selector_id"":""sporting_news"",""slot_id"":""all_purpose"",""production_weight"":""0.38"",""efficiency_weight"":""0.2"",""team_success_weight"":""0.06"",""narrative_weight"":""0.04"",""reputation_weight"":""0.06"",""availability_weight"":""0.06"",""role_specific_metric_weight"":""0.2"",""notes"":""Slot candidate score weights.""}"
nfl_awards,nfl_all_pro_selection_weights.csv,nfl_all_pro_selection_weights,weight_distribution,71,nfl_all_pro_selection_weights:71,"{""selector_id"":""sporting_news"",""slot_id"":""edge"",""production_weight"":""0.34"",""efficiency_weight"":""0.24"",""team_success_weight"":""0.05"",""narrative_weight"":""0.04"",""reputation_weight"":""0.06"",""availability_weight"":""0.08"",""role_specific_metric_weight"":""0.19"",""notes"":""Slot candidate score weights.""}"
nfl_awards,nfl_all_pro_selection_weights.csv,nfl_all_pro_selection_weights,weight_distribution,72,nfl_all_pro_selection_weights:72,"{""selector_id"":""sporting_news"",""slot_id"":""dl"",""production_weight"":""0.34"",""efficiency_weight"":""0.24"",""team_success_weight"":""0.05"",""narrative_weight"":""0.04"",""reputation_weight"":""0.06"",""availability_weight"":""0.08"",""role_specific_metric_weight"":""0.19"",""notes"":""Slot candidate score weights.""}"
nfl_awards,nfl_all_pro_selection_weights.csv,nfl_all_pro_selection_weights,weight_distribution,73,nfl_all_pro_selection_weights:73,"{""selector_id"":""sporting_news"",""slot_id"":""lb"",""production_weight"":""0.3"",""efficiency_weight"":""0.24"",""team_success_weight"":""0.05"",""narrative_weight"":""0.04"",""reputation_weight"":""0.06"",""availability_weight"":""0.08"",""role_specific_metric_weight"":""0.23"",""notes"":""Slot candidate score weights.""}"
nfl_awards,nfl_all_pro_selection_weights.csv,nfl_all_pro_selection_weights,weight_distribution,74,nfl_all_pro_selection_weights:74,"{""selector_id"":""sporting_news"",""slot_id"":""cb"",""production_weight"":""0.3"",""efficiency_weight"":""0.24"",""team_success_weight"":""0.05"",""narrative_weight"":""0.04"",""reputation_weight"":""0.06"",""availability_weight"":""0.08"",""role_specific_metric_weight"":""0.23"",""notes"":""Slot candidate score weights.""}"
nfl_awards,nfl_all_pro_selection_weights.csv,nfl_all_pro_selection_weights,weight_distribution,75,nfl_all_pro_selection_weights:75,"{""selector_id"":""sporting_news"",""slot_id"":""s"",""production_weight"":""0.3"",""efficiency_weight"":""0.24"",""team_success_weight"":""0.05"",""narrative_weight"":""0.04"",""reputation_weight"":""0.06"",""availability_weight"":""0.08"",""role_specific_metric_weight"":""0.23"",""notes"":""Slot candidate score weights.""}"
nfl_awards,nfl_all_pro_selection_weights.csv,nfl_all_pro_selection_weights,weight_distribution,76,nfl_all_pro_selection_weights:76,"{""selector_id"":""sporting_news"",""slot_id"":""k"",""production_weight"":""0.45"",""efficiency_weight"":""0.18"",""team_success_weight"":""0.02"",""narrative_weight"":""0.03"",""reputation_weight"":""0.04"",""availability_weight"":""0.05"",""role_specific_metric_weight"":""0.23"",""notes"":""Slot candidate score weights.""}"
nfl_awards,nfl_all_pro_selection_weights.csv,nfl_all_pro_selection_weights,weight_distribution,77,nfl_all_pro_selection_weights:77,"{""selector_id"":""sporting_news"",""slot_id"":""p"",""production_weight"":""0.45"",""efficiency_weight"":""0.18"",""team_success_weight"":""0.02"",""narrative_weight"":""0.03"",""reputation_weight"":""0.04"",""availability_weight"":""0.05"",""role_specific_metric_weight"":""0.23"",""notes"":""Slot candidate score weights.""}"
nfl_awards,nfl_all_pro_selection_weights.csv,nfl_all_pro_selection_weights,weight_distribution,78,nfl_all_pro_selection_weights:78,"{""selector_id"":""sporting_news"",""slot_id"":""returner"",""production_weight"":""0.3"",""efficiency_weight"":""0.16"",""team_success_weight"":""0.02"",""narrative_weight"":""0.04"",""reputation_weight"":""0.08"",""availability_weight"":""0.05"",""role_specific_metric_weight"":""0.35"",""notes"":""Slot candidate score weights.""}"
nfl_awards,nfl_all_pro_selection_weights.csv,nfl_all_pro_selection_weights,weight_distribution,79,nfl_all_pro_selection_weights:79,"{""selector_id"":""sporting_news"",""slot_id"":""special_teamer"",""production_weight"":""0.3"",""efficiency_weight"":""0.16"",""team_success_weight"":""0.02"",""narrative_weight"":""0.04"",""reputation_weight"":""0.08"",""availability_weight"":""0.05"",""role_specific_metric_weight"":""0.35"",""notes"":""Slot candidate score weights.""}"
nfl_awards,nfl_all_pro_selection_weights.csv,nfl_all_pro_selection_weights,weight_distribution,80,nfl_all_pro_selection_weights:80,"{""selector_id"":""sporting_news"",""slot_id"":""long_snapper"",""production_weight"":""0.3"",""efficiency_weight"":""0.16"",""team_success_weight"":""0.02"",""narrative_weight"":""0.04"",""reputation_weight"":""0.08"",""availability_weight"":""0.05"",""role_specific_metric_weight"":""0.35"",""notes"":""Slot candidate score weights.""}"
nfl_awards,nfl_award_career_history_backfill_rules.csv,nfl_award_career_history_backfill_rules,rule,1,nfl_award_career_history_backfill_rules:1,"{""career_template"":""undrafted_depth"",""experience_band"":""0_1"",""major_award_probability"":""0.0018"",""all_pro_probability"":""0.005"",""pro_bowl_probability"":""0.008"",""team_award_probability"":""0.0112"",""notes"":""Used to reconstruct believable prior honors for Year Zero veterans; final assignment must validate against league rarity targets.""}"
nfl_awards,nfl_award_career_history_backfill_rules.csv,nfl_award_career_history_backfill_rules,rule,2,nfl_award_career_history_backfill_rules:2,"{""career_template"":""undrafted_depth"",""experience_band"":""2_4"",""major_award_probability"":""0.0035"",""all_pro_probability"":""0.0099"",""pro_bowl_probability"":""0.016"",""team_award_probability"":""0.0224"",""notes"":""Used to reconstruct believable prior honors for Year Zero veterans; final assignment must validate against league rarity targets.""}"
nfl_awards,nfl_award_career_history_backfill_rules.csv,nfl_award_career_history_backfill_rules,rule,3,nfl_award_career_history_backfill_rules:3,"{""career_template"":""undrafted_depth"",""experience_band"":""5_8"",""major_award_probability"":""0.0044"",""all_pro_probability"":""0.0124"",""pro_bowl_probability"":""0.02"",""team_award_probability"":""0.028"",""notes"":""Used to reconstruct believable prior honors for Year Zero veterans; final assignment must validate against league rarity targets.""}"
nfl_awards,nfl_award_career_history_backfill_rules.csv,nfl_award_career_history_backfill_rules,rule,4,nfl_award_career_history_backfill_rules:4,"{""career_template"":""undrafted_depth"",""experience_band"":""9_12"",""major_award_probability"":""0.0035"",""all_pro_probability"":""0.0099"",""pro_bowl_probability"":""0.016"",""team_award_probability"":""0.0224"",""notes"":""Used to reconstruct believable prior honors for Year Zero veterans; final assignment must validate against league rarity targets.""}"
nfl_awards,nfl_award_career_history_backfill_rules.csv,nfl_award_career_history_backfill_rules,rule,5,nfl_award_career_history_backfill_rules:5,"{""career_template"":""undrafted_depth"",""experience_band"":""13_plus"",""major_award_probability"":""0.0024"",""all_pro_probability"":""0.0068"",""pro_bowl_probability"":""0.011"",""team_award_probability"":""0.0154"",""notes"":""Used to reconstruct believable prior honors for Year Zero veterans; final assignment must validate against league rarity targets.""}"
nfl_awards,nfl_award_career_history_backfill_rules.csv,nfl_award_career_history_backfill_rules,rule,6,nfl_award_career_history_backfill_rules:6,"{""career_template"":""late_round_backup"",""experience_band"":""0_1"",""major_award_probability"":""0.0035"",""all_pro_probability"":""0.0099"",""pro_bowl_probability"":""0.016"",""team_award_probability"":""0.0224"",""notes"":""Used to reconstruct believable prior honors for Year Zero veterans; final assignment must validate against league rarity targets.""}"
nfl_awards,nfl_award_career_history_backfill_rules.csv,nfl_award_career_history_backfill_rules,rule,7,nfl_award_career_history_backfill_rules:7,"{""career_template"":""late_round_backup"",""experience_band"":""2_4"",""major_award_probability"":""0.007"",""all_pro_probability"":""0.0198"",""pro_bowl_probability"":""0.032"",""team_award_probability"":""0.0448"",""notes"":""Used to reconstruct believable prior honors for Year Zero veterans; final assignment must validate against league rarity targets.""}"
nfl_awards,nfl_award_career_history_backfill_rules.csv,nfl_award_career_history_backfill_rules,rule,8,nfl_award_career_history_backfill_rules:8,"{""career_template"":""late_round_backup"",""experience_band"":""5_8"",""major_award_probability"":""0.0088"",""all_pro_probability"":""0.0248"",""pro_bowl_probability"":""0.04"",""team_award_probability"":""0.056"",""notes"":""Used to reconstruct believable prior honors for Year Zero veterans; final assignment must validate against league rarity targets.""}"
nfl_awards,nfl_award_career_history_backfill_rules.csv,nfl_award_career_history_backfill_rules,rule,9,nfl_award_career_history_backfill_rules:9,"{""career_template"":""late_round_backup"",""experience_band"":""9_12"",""major_award_probability"":""0.007"",""all_pro_probability"":""0.0198"",""pro_bowl_probability"":""0.032"",""team_award_probability"":""0.0448"",""notes"":""Used to reconstruct believable prior honors for Year Zero veterans; final assignment must validate against league rarity targets.""}"
nfl_awards,nfl_award_career_history_backfill_rules.csv,nfl_award_career_history_backfill_rules,rule,10,nfl_award_career_history_backfill_rules:10,"{""career_template"":""late_round_backup"",""experience_band"":""13_plus"",""major_award_probability"":""0.0048"",""all_pro_probability"":""0.0136"",""pro_bowl_probability"":""0.022"",""team_award_probability"":""0.0308"",""notes"":""Used to reconstruct believable prior honors for Year Zero veterans; final assignment must validate against league rarity targets.""}"
nfl_awards,nfl_award_career_history_backfill_rules.csv,nfl_award_career_history_backfill_rules,rule,11,nfl_award_career_history_backfill_rules:11,"{""career_template"":""mid_round_starter"",""experience_band"":""0_1"",""major_award_probability"":""0.0141"",""all_pro_probability"":""0.0397"",""pro_bowl_probability"":""0.064"",""team_award_probability"":""0.0896"",""notes"":""Used to reconstruct believable prior honors for Year Zero veterans; final assignment must validate against league rarity targets.""}"
nfl_awards,nfl_award_career_history_backfill_rules.csv,nfl_award_career_history_backfill_rules,rule,12,nfl_award_career_history_backfill_rules:12,"{""career_template"":""mid_round_starter"",""experience_band"":""2_4"",""major_award_probability"":""0.0282"",""all_pro_probability"":""0.0794"",""pro_bowl_probability"":""0.128"",""team_award_probability"":""0.1792"",""notes"":""Used to reconstruct believable prior honors for Year Zero veterans; final assignment must validate against league rarity targets.""}"
nfl_awards,nfl_award_career_history_backfill_rules.csv,nfl_award_career_history_backfill_rules,rule,13,nfl_award_career_history_backfill_rules:13,"{""career_template"":""mid_round_starter"",""experience_band"":""5_8"",""major_award_probability"":""0.0352"",""all_pro_probability"":""0.0992"",""pro_bowl_probability"":""0.16"",""team_award_probability"":""0.224"",""notes"":""Used to reconstruct believable prior honors for Year Zero veterans; final assignment must validate against league rarity targets.""}"
nfl_awards,nfl_award_career_history_backfill_rules.csv,nfl_award_career_history_backfill_rules,rule,14,nfl_award_career_history_backfill_rules:14,"{""career_template"":""mid_round_starter"",""experience_band"":""9_12"",""major_award_probability"":""0.0282"",""all_pro_probability"":""0.0794"",""pro_bowl_probability"":""0.128"",""team_award_probability"":""0.1792"",""notes"":""Used to reconstruct believable prior honors for Year Zero veterans; final assignment must validate against league rarity targets.""}"
nfl_awards,nfl_award_career_history_backfill_rules.csv,nfl_award_career_history_backfill_rules,rule,15,nfl_award_career_history_backfill_rules:15,"{""career_template"":""mid_round_starter"",""experience_band"":""13_plus"",""major_award_probability"":""0.0194"",""all_pro_probability"":""0.0546"",""pro_bowl_probability"":""0.088"",""team_award_probability"":""0.1232"",""notes"":""Used to reconstruct believable prior honors for Year Zero veterans; final assignment must validate against league rarity targets.""}"
nfl_awards,nfl_award_career_history_backfill_rules.csv,nfl_award_career_history_backfill_rules,rule,16,nfl_award_career_history_backfill_rules:16,"{""career_template"":""first_round_starter"",""experience_band"":""0_1"",""major_award_probability"":""0.0308"",""all_pro_probability"":""0.0868"",""pro_bowl_probability"":""0.14"",""team_award_probability"":""0.196"",""notes"":""Used to reconstruct believable prior honors for Year Zero veterans; final assignment must validate against league rarity targets.""}"
nfl_awards,nfl_award_career_history_backfill_rules.csv,nfl_award_career_history_backfill_rules,rule,17,nfl_award_career_history_backfill_rules:17,"{""career_template"":""first_round_starter"",""experience_band"":""2_4"",""major_award_probability"":""0.0616"",""all_pro_probability"":""0.1736"",""pro_bowl_probability"":""0.28"",""team_award_probability"":""0.392"",""notes"":""Used to reconstruct believable prior honors for Year Zero veterans; final assignment must validate against league rarity targets.""}"
nfl_awards,nfl_award_career_history_backfill_rules.csv,nfl_award_career_history_backfill_rules,rule,18,nfl_award_career_history_backfill_rules:18,"{""career_template"":""first_round_starter"",""experience_band"":""5_8"",""major_award_probability"":""0.077"",""all_pro_probability"":""0.217"",""pro_bowl_probability"":""0.35"",""team_award_probability"":""0.49"",""notes"":""Used to reconstruct believable prior honors for Year Zero veterans; final assignment must validate against league rarity targets.""}"
nfl_awards,nfl_award_career_history_backfill_rules.csv,nfl_award_career_history_backfill_rules,rule,19,nfl_award_career_history_backfill_rules:19,"{""career_template"":""first_round_starter"",""experience_band"":""9_12"",""major_award_probability"":""0.0616"",""all_pro_probability"":""0.1736"",""pro_bowl_probability"":""0.28"",""team_award_probability"":""0.392"",""notes"":""Used to reconstruct believable prior honors for Year Zero veterans; final assignment must validate against league rarity targets.""}"
nfl_awards,nfl_award_career_history_backfill_rules.csv,nfl_award_career_history_backfill_rules,rule,20,nfl_award_career_history_backfill_rules:20,"{""career_template"":""first_round_starter"",""experience_band"":""13_plus"",""major_award_probability"":""0.0423"",""all_pro_probability"":""0.1193"",""pro_bowl_probability"":""0.1925"",""team_award_probability"":""0.2695"",""notes"":""Used to reconstruct believable prior honors for Year Zero veterans; final assignment must validate against league rarity targets.""}"
nfl_awards,nfl_award_career_history_backfill_rules.csv,nfl_award_career_history_backfill_rules,rule,21,nfl_award_career_history_backfill_rules:21,"{""career_template"":""elite_star"",""experience_band"":""0_1"",""major_award_probability"":""0.0704"",""all_pro_probability"":""0.1984"",""pro_bowl_probability"":""0.32"",""team_award_probability"":""0.448"",""notes"":""Used to reconstruct believable prior honors for Year Zero veterans; final assignment must validate against league rarity targets.""}"
nfl_awards,nfl_award_career_history_backfill_rules.csv,nfl_award_career_history_backfill_rules,rule,22,nfl_award_career_history_backfill_rules:22,"{""career_template"":""elite_star"",""experience_band"":""2_4"",""major_award_probability"":""0.1408"",""all_pro_probability"":""0.3968"",""pro_bowl_probability"":""0.64"",""team_award_probability"":""0.896"",""notes"":""Used to reconstruct believable prior honors for Year Zero veterans; final assignment must validate against league rarity targets.""}"
nfl_awards,nfl_award_career_history_backfill_rules.csv,nfl_award_career_history_backfill_rules,rule,23,nfl_award_career_history_backfill_rules:23,"{""career_template"":""elite_star"",""experience_band"":""5_8"",""major_award_probability"":""0.176"",""all_pro_probability"":""0.496"",""pro_bowl_probability"":""0.8"",""team_award_probability"":""0.98"",""notes"":""Used to reconstruct believable prior honors for Year Zero veterans; final assignment must validate against league rarity targets.""}"
nfl_awards,nfl_award_career_history_backfill_rules.csv,nfl_award_career_history_backfill_rules,rule,24,nfl_award_career_history_backfill_rules:24,"{""career_template"":""elite_star"",""experience_band"":""9_12"",""major_award_probability"":""0.1408"",""all_pro_probability"":""0.3968"",""pro_bowl_probability"":""0.64"",""team_award_probability"":""0.896"",""notes"":""Used to reconstruct believable prior honors for Year Zero veterans; final assignment must validate against league rarity targets.""}"
nfl_awards,nfl_award_career_history_backfill_rules.csv,nfl_award_career_history_backfill_rules,rule,25,nfl_award_career_history_backfill_rules:25,"{""career_template"":""elite_star"",""experience_band"":""13_plus"",""major_award_probability"":""0.0968"",""all_pro_probability"":""0.2728"",""pro_bowl_probability"":""0.44"",""team_award_probability"":""0.616"",""notes"":""Used to reconstruct believable prior honors for Year Zero veterans; final assignment must validate against league rarity targets.""}"
nfl_awards,nfl_award_career_history_backfill_rules.csv,nfl_award_career_history_backfill_rules,rule,26,nfl_award_career_history_backfill_rules:26,"{""career_template"":""aging_veteran"",""experience_band"":""0_1"",""major_award_probability"":""0.0123"",""all_pro_probability"":""0.0347"",""pro_bowl_probability"":""0.056"",""team_award_probability"":""0.0784"",""notes"":""Used to reconstruct believable prior honors for Year Zero veterans; final assignment must validate against league rarity targets.""}"
nfl_awards,nfl_award_career_history_backfill_rules.csv,nfl_award_career_history_backfill_rules,rule,27,nfl_award_career_history_backfill_rules:27,"{""career_template"":""aging_veteran"",""experience_band"":""2_4"",""major_award_probability"":""0.0246"",""all_pro_probability"":""0.0694"",""pro_bowl_probability"":""0.112"",""team_award_probability"":""0.1568"",""notes"":""Used to reconstruct believable prior honors for Year Zero veterans; final assignment must validate against league rarity targets.""}"
nfl_awards,nfl_award_career_history_backfill_rules.csv,nfl_award_career_history_backfill_rules,rule,28,nfl_award_career_history_backfill_rules:28,"{""career_template"":""aging_veteran"",""experience_band"":""5_8"",""major_award_probability"":""0.0308"",""all_pro_probability"":""0.0868"",""pro_bowl_probability"":""0.14"",""team_award_probability"":""0.196"",""notes"":""Used to reconstruct believable prior honors for Year Zero veterans; final assignment must validate against league rarity targets.""}"
nfl_awards,nfl_award_career_history_backfill_rules.csv,nfl_award_career_history_backfill_rules,rule,29,nfl_award_career_history_backfill_rules:29,"{""career_template"":""aging_veteran"",""experience_band"":""9_12"",""major_award_probability"":""0.0246"",""all_pro_probability"":""0.0694"",""pro_bowl_probability"":""0.112"",""team_award_probability"":""0.1568"",""notes"":""Used to reconstruct believable prior honors for Year Zero veterans; final assignment must validate against league rarity targets.""}"
nfl_awards,nfl_award_career_history_backfill_rules.csv,nfl_award_career_history_backfill_rules,rule,30,nfl_award_career_history_backfill_rules:30,"{""career_template"":""aging_veteran"",""experience_band"":""13_plus"",""major_award_probability"":""0.0169"",""all_pro_probability"":""0.0477"",""pro_bowl_probability"":""0.077"",""team_award_probability"":""0.1078"",""notes"":""Used to reconstruct believable prior honors for Year Zero veterans; final assignment must validate against league rarity targets.""}"
nfl_awards,nfl_award_career_history_backfill_rules.csv,nfl_award_career_history_backfill_rules,rule,31,nfl_award_career_history_backfill_rules:31,"{""career_template"":""injury_comeback"",""experience_band"":""0_1"",""major_award_probability"":""0.007"",""all_pro_probability"":""0.0198"",""pro_bowl_probability"":""0.032"",""team_award_probability"":""0.0448"",""notes"":""Used to reconstruct believable prior honors for Year Zero veterans; final assignment must validate against league rarity targets.""}"
nfl_awards,nfl_award_career_history_backfill_rules.csv,nfl_award_career_history_backfill_rules,rule,32,nfl_award_career_history_backfill_rules:32,"{""career_template"":""injury_comeback"",""experience_band"":""2_4"",""major_award_probability"":""0.0141"",""all_pro_probability"":""0.0397"",""pro_bowl_probability"":""0.064"",""team_award_probability"":""0.0896"",""notes"":""Used to reconstruct believable prior honors for Year Zero veterans; final assignment must validate against league rarity targets.""}"
nfl_awards,nfl_award_career_history_backfill_rules.csv,nfl_award_career_history_backfill_rules,rule,33,nfl_award_career_history_backfill_rules:33,"{""career_template"":""injury_comeback"",""experience_band"":""5_8"",""major_award_probability"":""0.0176"",""all_pro_probability"":""0.0496"",""pro_bowl_probability"":""0.08"",""team_award_probability"":""0.112"",""notes"":""Used to reconstruct believable prior honors for Year Zero veterans; final assignment must validate against league rarity targets.""}"
nfl_awards,nfl_award_career_history_backfill_rules.csv,nfl_award_career_history_backfill_rules,rule,34,nfl_award_career_history_backfill_rules:34,"{""career_template"":""injury_comeback"",""experience_band"":""9_12"",""major_award_probability"":""0.0141"",""all_pro_probability"":""0.0397"",""pro_bowl_probability"":""0.064"",""team_award_probability"":""0.0896"",""notes"":""Used to reconstruct believable prior honors for Year Zero veterans; final assignment must validate against league rarity targets.""}"
nfl_awards,nfl_award_career_history_backfill_rules.csv,nfl_award_career_history_backfill_rules,rule,35,nfl_award_career_history_backfill_rules:35,"{""career_template"":""injury_comeback"",""experience_band"":""13_plus"",""major_award_probability"":""0.0097"",""all_pro_probability"":""0.0273"",""pro_bowl_probability"":""0.044"",""team_award_probability"":""0.0616"",""notes"":""Used to reconstruct believable prior honors for Year Zero veterans; final assignment must validate against league rarity targets.""}"
nfl_awards,nfl_award_career_history_backfill_rules.csv,nfl_award_career_history_backfill_rules,rule,36,nfl_award_career_history_backfill_rules:36,"{""career_template"":""specialist"",""experience_band"":""0_1"",""major_award_probability"":""0.0062"",""all_pro_probability"":""0.0174"",""pro_bowl_probability"":""0.028"",""team_award_probability"":""0.0392"",""notes"":""Used to reconstruct believable prior honors for Year Zero veterans; final assignment must validate against league rarity targets.""}"
nfl_awards,nfl_award_career_history_backfill_rules.csv,nfl_award_career_history_backfill_rules,rule,37,nfl_award_career_history_backfill_rules:37,"{""career_template"":""specialist"",""experience_band"":""2_4"",""major_award_probability"":""0.0123"",""all_pro_probability"":""0.0347"",""pro_bowl_probability"":""0.056"",""team_award_probability"":""0.0784"",""notes"":""Used to reconstruct believable prior honors for Year Zero veterans; final assignment must validate against league rarity targets.""}"
nfl_awards,nfl_award_career_history_backfill_rules.csv,nfl_award_career_history_backfill_rules,rule,38,nfl_award_career_history_backfill_rules:38,"{""career_template"":""specialist"",""experience_band"":""5_8"",""major_award_probability"":""0.0154"",""all_pro_probability"":""0.0434"",""pro_bowl_probability"":""0.07"",""team_award_probability"":""0.098"",""notes"":""Used to reconstruct believable prior honors for Year Zero veterans; final assignment must validate against league rarity targets.""}"
nfl_awards,nfl_award_career_history_backfill_rules.csv,nfl_award_career_history_backfill_rules,rule,39,nfl_award_career_history_backfill_rules:39,"{""career_template"":""specialist"",""experience_band"":""9_12"",""major_award_probability"":""0.0123"",""all_pro_probability"":""0.0347"",""pro_bowl_probability"":""0.056"",""team_award_probability"":""0.0784"",""notes"":""Used to reconstruct believable prior honors for Year Zero veterans; final assignment must validate against league rarity targets.""}"
nfl_awards,nfl_award_career_history_backfill_rules.csv,nfl_award_career_history_backfill_rules,rule,40,nfl_award_career_history_backfill_rules:40,"{""career_template"":""specialist"",""experience_band"":""13_plus"",""major_award_probability"":""0.0085"",""all_pro_probability"":""0.0239"",""pro_bowl_probability"":""0.0385"",""team_award_probability"":""0.0539"",""notes"":""Used to reconstruct believable prior honors for Year Zero veterans; final assignment must validate against league rarity targets.""}"
nfl_awards,nfl_award_eligibility_rules.csv,nfl_award_eligibility_rules,rule,1,ap_mvp,"{""award_id"":""ap_mvp"",""min_games_played"":""13"",""min_snap_share"":""0.45"",""requires_rookie"":""false"",""requires_comeback_context"":""false"",""allow_specialists"":""true"",""allow_support_roles"":""true"",""exclude_practice_squad"":""true"",""exclude_ir_full_season"":""true"",""notes"":""Season award requires meaningful playing time and availability unless specialist/support role slot uses special teams snaps.""}"
nfl_awards,nfl_award_eligibility_rules.csv,nfl_award_eligibility_rules,rule,2,ap_opoy,"{""award_id"":""ap_opoy"",""min_games_played"":""13"",""min_snap_share"":""0.45"",""requires_rookie"":""false"",""requires_comeback_context"":""false"",""allow_specialists"":""true"",""allow_support_roles"":""true"",""exclude_practice_squad"":""true"",""exclude_ir_full_season"":""true"",""notes"":""Season award requires meaningful playing time and availability unless specialist/support role slot uses special teams snaps.""}"
nfl_awards,nfl_award_eligibility_rules.csv,nfl_award_eligibility_rules,rule,3,ap_dpoy,"{""award_id"":""ap_dpoy"",""min_games_played"":""13"",""min_snap_share"":""0.45"",""requires_rookie"":""false"",""requires_comeback_context"":""false"",""allow_specialists"":""true"",""allow_support_roles"":""true"",""exclude_practice_squad"":""true"",""exclude_ir_full_season"":""true"",""notes"":""Season award requires meaningful playing time and availability unless specialist/support role slot uses special teams snaps.""}"
nfl_awards,nfl_award_eligibility_rules.csv,nfl_award_eligibility_rules,rule,4,ap_first_team_all_pro,"{""award_id"":""ap_first_team_all_pro"",""min_games_played"":""13"",""min_snap_share"":""0.45"",""requires_rookie"":""false"",""requires_comeback_context"":""false"",""allow_specialists"":""true"",""allow_support_roles"":""true"",""exclude_practice_squad"":""true"",""exclude_ir_full_season"":""true"",""notes"":""Season award requires meaningful playing time and availability unless specialist/support role slot uses special teams snaps.""}"
nfl_awards,nfl_award_eligibility_rules.csv,nfl_award_eligibility_rules,rule,5,ap_second_team_all_pro,"{""award_id"":""ap_second_team_all_pro"",""min_games_played"":""13"",""min_snap_share"":""0.45"",""requires_rookie"":""false"",""requires_comeback_context"":""false"",""allow_specialists"":""true"",""allow_support_roles"":""true"",""exclude_practice_squad"":""true"",""exclude_ir_full_season"":""true"",""notes"":""Season award requires meaningful playing time and availability unless specialist/support role slot uses special teams snaps.""}"
nfl_awards,nfl_award_eligibility_rules.csv,nfl_award_eligibility_rules,rule,6,pfwa_all_nfl,"{""award_id"":""pfwa_all_nfl"",""min_games_played"":""13"",""min_snap_share"":""0.45"",""requires_rookie"":""false"",""requires_comeback_context"":""false"",""allow_specialists"":""true"",""allow_support_roles"":""true"",""exclude_practice_squad"":""true"",""exclude_ir_full_season"":""true"",""notes"":""Season award requires meaningful playing time and availability unless specialist/support role slot uses special teams snaps.""}"
nfl_awards,nfl_award_eligibility_rules.csv,nfl_award_eligibility_rules,rule,7,sporting_news_all_pro,"{""award_id"":""sporting_news_all_pro"",""min_games_played"":""13"",""min_snap_share"":""0.45"",""requires_rookie"":""false"",""requires_comeback_context"":""false"",""allow_specialists"":""true"",""allow_support_roles"":""true"",""exclude_practice_squad"":""true"",""exclude_ir_full_season"":""true"",""notes"":""Season award requires meaningful playing time and availability unless specialist/support role slot uses special teams snaps.""}"
nfl_awards,nfl_award_eligibility_rules.csv,nfl_award_eligibility_rules,rule,8,pro_bowl,"{""award_id"":""pro_bowl"",""min_games_played"":""13"",""min_snap_share"":""0.45"",""requires_rookie"":""false"",""requires_comeback_context"":""false"",""allow_specialists"":""true"",""allow_support_roles"":""true"",""exclude_practice_squad"":""true"",""exclude_ir_full_season"":""true"",""notes"":""Season award requires meaningful playing time and availability unless specialist/support role slot uses special teams snaps.""}"
nfl_awards,nfl_award_eligibility_rules.csv,nfl_award_eligibility_rules,rule,9,ap_oroy,"{""award_id"":""ap_oroy"",""min_games_played"":""11"",""min_snap_share"":""0.3"",""requires_rookie"":""true"",""requires_comeback_context"":""false"",""allow_specialists"":""false"",""allow_support_roles"":""false"",""exclude_practice_squad"":""true"",""exclude_ir_full_season"":""true"",""notes"":""Offensive rookies only.""}"
nfl_awards,nfl_award_eligibility_rules.csv,nfl_award_eligibility_rules,rule,10,ap_droy,"{""award_id"":""ap_droy"",""min_games_played"":""11"",""min_snap_share"":""0.3"",""requires_rookie"":""true"",""requires_comeback_context"":""false"",""allow_specialists"":""false"",""allow_support_roles"":""false"",""exclude_practice_squad"":""true"",""exclude_ir_full_season"":""true"",""notes"":""Defensive rookies only.""}"
nfl_awards,nfl_award_eligibility_rules.csv,nfl_award_eligibility_rules,rule,11,ap_cpoy,"{""award_id"":""ap_cpoy"",""min_games_played"":""8"",""min_snap_share"":""0.2"",""requires_rookie"":""false"",""requires_comeback_context"":""true"",""allow_specialists"":""true"",""allow_support_roles"":""false"",""exclude_practice_squad"":""true"",""exclude_ir_full_season"":""false"",""notes"":""Must have prior-season missed time, severe injury, illness, or comparable adversity context.""}"
nfl_awards,nfl_award_eligibility_rules.csv,nfl_award_eligibility_rules,rule,12,team_mvp,"{""award_id"":""team_mvp"",""min_games_played"":""10"",""min_snap_share"":""0.3"",""requires_rookie"":""false"",""requires_comeback_context"":""false"",""allow_specialists"":""true"",""allow_support_roles"":""true"",""exclude_practice_squad"":""true"",""exclude_ir_full_season"":""true"",""notes"":""Team-level award; can be looser for weak teams.""}"
nfl_awards,nfl_award_eligibility_rules.csv,nfl_award_eligibility_rules,rule,13,team_opoy,"{""award_id"":""team_opoy"",""min_games_played"":""8"",""min_snap_share"":""0.2"",""requires_rookie"":""false"",""requires_comeback_context"":""false"",""allow_specialists"":""false"",""allow_support_roles"":""false"",""exclude_practice_squad"":""true"",""exclude_ir_full_season"":""true"",""notes"":""Team offense only.""}"
nfl_awards,nfl_award_eligibility_rules.csv,nfl_award_eligibility_rules,rule,14,team_dpoy,"{""award_id"":""team_dpoy"",""min_games_played"":""8"",""min_snap_share"":""0.2"",""requires_rookie"":""false"",""requires_comeback_context"":""false"",""allow_specialists"":""false"",""allow_support_roles"":""false"",""exclude_practice_squad"":""true"",""exclude_ir_full_season"":""true"",""notes"":""Team defense only.""}"
nfl_awards,nfl_award_eligibility_rules.csv,nfl_award_eligibility_rules,rule,15,team_stpoy,"{""award_id"":""team_stpoy"",""min_games_played"":""8"",""min_snap_share"":""0.05"",""requires_rookie"":""false"",""requires_comeback_context"":""false"",""allow_specialists"":""true"",""allow_support_roles"":""true"",""exclude_practice_squad"":""true"",""exclude_ir_full_season"":""true"",""notes"":""Special teams role award.""}"
nfl_awards,nfl_award_generation_algorithm.csv,nfl_award_generation_algorithm,algorithm,1,nfl_award_generation_algorithm:1,"{""step"":""1"",""phase"":""filter_eligible_players"",""description"":""For each generated historical NFL season, filter by award eligibility rules: games, snaps, rookie/comeback context, active status, position/support role.""}"
nfl_awards,nfl_award_generation_algorithm.csv,nfl_award_generation_algorithm,algorithm,2,nfl_award_generation_algorithm:2,"{""step"":""2"",""phase"":""compute_base_scores"",""description"":""Compute production, efficiency, role-specific, availability, team success, reputation, and narrative components.""}"
nfl_awards,nfl_award_generation_algorithm.csv,nfl_award_generation_algorithm,algorithm,3,nfl_award_generation_algorithm:3,"{""step"":""3"",""phase"":""apply_position_priors"",""description"":""Apply award-specific position bias weights after eligibility filtering. Normalize across remaining candidates.""}"
nfl_awards,nfl_award_generation_algorithm.csv,nfl_award_generation_algorithm,algorithm,4,nfl_award_generation_algorithm:4,"{""step"":""4"",""phase"":""apply_context_modifiers"",""description"":""Apply team context, market visibility, record, top unit, comeback, record chase, and prior reputation modifiers.""}"
nfl_awards,nfl_award_generation_algorithm.csv,nfl_award_generation_algorithm,algorithm,5,nfl_award_generation_algorithm:5,"{""step"":""5"",""phase"":""select_major_awards"",""description"":""Select AP MVP/OPOY/DPOY/OROY/DROY/CPOY with one winner each, plus optional finalists if UI supports them.""}"
nfl_awards,nfl_award_generation_algorithm.csv,nfl_award_generation_algorithm,algorithm,6,nfl_award_generation_algorithm:6,"{""step"":""6"",""phase"":""select_all_pro_slots"",""description"":""For each AP first/second team slot, select best eligible player by position/role slot, then optionally PFWA/Sporting News variants.""}"
nfl_awards,nfl_award_generation_algorithm.csv,nfl_award_generation_algorithm,algorithm,7,nfl_award_generation_algorithm:7,"{""step"":""7"",""phase"":""select_pro_bowl"",""description"":""Select conference position pools using Pro Bowl rules with greater reputation/fan/market influence, then generate alternates.""}"
nfl_awards,nfl_award_generation_algorithm.csv,nfl_award_generation_algorithm,algorithm,8,nfl_award_generation_algorithm:8,"{""step"":""8"",""phase"":""assign_team_awards"",""description"":""Generate optional team MVP/OPOY/DPOY/STPOY for detailed player history pages.""}"
nfl_awards,nfl_award_generation_algorithm.csv,nfl_award_generation_algorithm,algorithm,9,nfl_award_generation_algorithm:9,"{""step"":""9"",""phase"":""validate_rarity"",""description"":""Run nfl_award_rarity_balance_targets.csv and adjust only through deterministic tie-breaking/reselection, never random post-hoc edits.""}"
nfl_awards,nfl_award_generation_algorithm.csv,nfl_award_generation_algorithm,algorithm,10,nfl_award_generation_algorithm:10,"{""step"":""10"",""phase"":""write_history_rows"",""description"":""Persist awards as player history events with season year, team, award_id, selector, slot, and reason summary.""}"
nfl_awards,nfl_award_generation_examples.csv,nfl_award_generation_examples,example,1,nfl_award_generation_examples:1,"{""example_id"":""elite_qb_mvp"",""player_profile"":""29-year-old QB, 4700 pass yds, 42 TD, 12 wins"",""award_candidates"":""AP MVP|AP OPOY|AP First-Team All-Pro|Pro Bowl"",""expected_result"":""MVP finalist/winner candidate, All-Pro likely"",""notes"":""Team success and QB position create strong MVP path.""}"
nfl_awards,nfl_award_generation_examples.csv,nfl_award_generation_examples,example,2,nfl_award_generation_examples:2,"{""example_id"":""historic_rb_opoy"",""player_profile"":""26-year-old RB, 2050 scrimmage yds, 20 TD, 11 wins"",""award_candidates"":""AP OPOY|AP MVP finalist|AP First-Team All-Pro|Pro Bowl"",""expected_result"":""OPOY front-runner, possible MVP finalist"",""notes"":""RB can beat QBs for OPOY with historic production.""}"
nfl_awards,nfl_award_generation_examples.csv,nfl_award_generation_examples,example,3,nfl_award_generation_examples:3,"{""example_id"":""edge_dpoy"",""player_profile"":""27-year-old EDGE, 18 sacks, 25 TFL, 30 QB hits"",""award_candidates"":""AP DPOY|AP First-Team All-Pro|Pro Bowl"",""expected_result"":""DPOY top candidate"",""notes"":""Classic defensive award path.""}"
nfl_awards,nfl_award_generation_examples.csv,nfl_award_generation_examples,example,4,nfl_award_generation_examples:4,"{""example_id"":""shutdown_cb_allpro"",""player_profile"":""25-year-old CB, 5 INT, low target success, 16 games"",""award_candidates"":""AP DPOY finalist|AP First-Team All-Pro|Pro Bowl"",""expected_result"":""All-Pro likely, DPOY possible"",""notes"":""Coverage efficiency required beyond interceptions.""}"
nfl_awards,nfl_award_generation_examples.csv,nfl_award_generation_examples,example,5,nfl_award_generation_examples:5,"{""example_id"":""rookie_wr_oroy"",""player_profile"":""22-year-old rookie WR, 1050 yards, 8 TD"",""award_candidates"":""AP OROY|Pro Bowl alternate"",""expected_result"":""OROY candidate"",""notes"":""Rookie production path.""}"
nfl_awards,nfl_award_generation_examples.csv,nfl_award_generation_examples,example,6,nfl_award_generation_examples:6,"{""example_id"":""injury_return_cpoy"",""player_profile"":""30-year-old QB, missed prior season with major injury, returns with 4000 yards"",""award_candidates"":""AP CPOY|Pro Bowl"",""expected_result"":""CPOY front-runner"",""notes"":""CPOY requires true comeback context.""}"
nfl_awards,nfl_award_generation_examples.csv,nfl_award_generation_examples,example,7,nfl_award_generation_examples:7,"{""example_id"":""poor_team_edge_allpro"",""player_profile"":""28-year-old EDGE, 16.5 sacks on 4-win team"",""award_candidates"":""AP All-Pro second/first team|Pro Bowl"",""expected_result"":""All-Pro viable despite team penalty"",""notes"":""All-Pro should be less team-record biased than MVP.""}"
nfl_awards,nfl_award_history_generation_rules.csv,nfl_award_history_generation_rules,rule,1,ap_mvp,"{""award_id"":""ap_mvp"",""career_stage"":""elite_prime"",""annual_candidate_rate_min"":""0.02"",""annual_candidate_rate_max"":""0.08"",""max_awards_per_player_career_years_min"":""1"",""max_awards_per_player_career_years_max"":""4"",""notes"":""Only elite players in peak years should have generated major awards. Multiple wins are rare and signal historic player.""}"
nfl_awards,nfl_award_history_generation_rules.csv,nfl_award_history_generation_rules,rule,2,ap_mvp,"{""award_id"":""ap_mvp"",""career_stage"":""star_prime"",""annual_candidate_rate_min"":""0.005"",""annual_candidate_rate_max"":""0.02"",""max_awards_per_player_career_years_min"":""1"",""max_awards_per_player_career_years_max"":""2"",""notes"":""Stars can win with great season/narrative.""}"
nfl_awards,nfl_award_history_generation_rules.csv,nfl_award_history_generation_rules,rule,3,ap_mvp,"{""award_id"":""ap_mvp"",""career_stage"":""starter"",""annual_candidate_rate_min"":""0.0"",""annual_candidate_rate_max"":""0.002"",""max_awards_per_player_career_years_min"":""0"",""max_awards_per_player_career_years_max"":""1"",""notes"":""Starter-level longshot only in extreme season.""}"
nfl_awards,nfl_award_history_generation_rules.csv,nfl_award_history_generation_rules,rule,4,ap_opoy,"{""award_id"":""ap_opoy"",""career_stage"":""elite_prime"",""annual_candidate_rate_min"":""0.02"",""annual_candidate_rate_max"":""0.08"",""max_awards_per_player_career_years_min"":""1"",""max_awards_per_player_career_years_max"":""4"",""notes"":""Only elite players in peak years should have generated major awards. Multiple wins are rare and signal historic player.""}"
nfl_awards,nfl_award_history_generation_rules.csv,nfl_award_history_generation_rules,rule,5,ap_opoy,"{""award_id"":""ap_opoy"",""career_stage"":""star_prime"",""annual_candidate_rate_min"":""0.005"",""annual_candidate_rate_max"":""0.02"",""max_awards_per_player_career_years_min"":""1"",""max_awards_per_player_career_years_max"":""2"",""notes"":""Stars can win with great season/narrative.""}"
nfl_awards,nfl_award_history_generation_rules.csv,nfl_award_history_generation_rules,rule,6,ap_opoy,"{""award_id"":""ap_opoy"",""career_stage"":""starter"",""annual_candidate_rate_min"":""0.0"",""annual_candidate_rate_max"":""0.002"",""max_awards_per_player_career_years_min"":""0"",""max_awards_per_player_career_years_max"":""1"",""notes"":""Starter-level longshot only in extreme season.""}"
nfl_awards,nfl_award_history_generation_rules.csv,nfl_award_history_generation_rules,rule,7,ap_dpoy,"{""award_id"":""ap_dpoy"",""career_stage"":""elite_prime"",""annual_candidate_rate_min"":""0.02"",""annual_candidate_rate_max"":""0.08"",""max_awards_per_player_career_years_min"":""1"",""max_awards_per_player_career_years_max"":""4"",""notes"":""Only elite players in peak years should have generated major awards. Multiple wins are rare and signal historic player.""}"
nfl_awards,nfl_award_history_generation_rules.csv,nfl_award_history_generation_rules,rule,8,ap_dpoy,"{""award_id"":""ap_dpoy"",""career_stage"":""star_prime"",""annual_candidate_rate_min"":""0.005"",""annual_candidate_rate_max"":""0.02"",""max_awards_per_player_career_years_min"":""1"",""max_awards_per_player_career_years_max"":""2"",""notes"":""Stars can win with great season/narrative.""}"
nfl_awards,nfl_award_history_generation_rules.csv,nfl_award_history_generation_rules,rule,9,ap_dpoy,"{""award_id"":""ap_dpoy"",""career_stage"":""starter"",""annual_candidate_rate_min"":""0.0"",""annual_candidate_rate_max"":""0.002"",""max_awards_per_player_career_years_min"":""0"",""max_awards_per_player_career_years_max"":""1"",""notes"":""Starter-level longshot only in extreme season.""}"
nfl_awards,nfl_award_history_generation_rules.csv,nfl_award_history_generation_rules,rule,10,ap_oroy,"{""award_id"":""ap_oroy"",""career_stage"":""rookie"",""annual_candidate_rate_min"":""0.01"",""annual_candidate_rate_max"":""0.04"",""max_awards_per_player_career_years_min"":""0"",""max_awards_per_player_career_years_max"":""1"",""notes"":""Only rookies; one season of eligibility.""}"
nfl_awards,nfl_award_history_generation_rules.csv,nfl_award_history_generation_rules,rule,11,ap_droy,"{""award_id"":""ap_droy"",""career_stage"":""rookie"",""annual_candidate_rate_min"":""0.01"",""annual_candidate_rate_max"":""0.04"",""max_awards_per_player_career_years_min"":""0"",""max_awards_per_player_career_years_max"":""1"",""notes"":""Only rookies; one season of eligibility.""}"
nfl_awards,nfl_award_history_generation_rules.csv,nfl_award_history_generation_rules,rule,12,ap_cpoy,"{""award_id"":""ap_cpoy"",""career_stage"":""post_injury_or_adversity"",""annual_candidate_rate_min"":""0.02"",""annual_candidate_rate_max"":""0.1"",""max_awards_per_player_career_years_min"":""0"",""max_awards_per_player_career_years_max"":""2"",""notes"":""Only if comeback context exists.""}"
nfl_awards,nfl_award_history_generation_rules.csv,nfl_award_history_generation_rules,rule,13,ap_first_team_all_pro,"{""award_id"":""ap_first_team_all_pro"",""career_stage"":""elite_prime"",""annual_candidate_rate_min"":""0.1"",""annual_candidate_rate_max"":""0.45"",""max_awards_per_player_career_years_min"":""1"",""max_awards_per_player_career_years_max"":""8"",""notes"":""Elite players can stack honors across multiple seasons.""}"
nfl_awards,nfl_award_history_generation_rules.csv,nfl_award_history_generation_rules,rule,14,ap_first_team_all_pro,"{""award_id"":""ap_first_team_all_pro"",""career_stage"":""star_prime"",""annual_candidate_rate_min"":""0.04"",""annual_candidate_rate_max"":""0.18"",""max_awards_per_player_career_years_min"":""0"",""max_awards_per_player_career_years_max"":""5"",""notes"":""Star-level players can make Pro Bowl/All-Pro in strong seasons.""}"
nfl_awards,nfl_award_history_generation_rules.csv,nfl_award_history_generation_rules,rule,15,ap_first_team_all_pro,"{""award_id"":""ap_first_team_all_pro"",""career_stage"":""quality_starter"",""annual_candidate_rate_min"":""0.005"",""annual_candidate_rate_max"":""0.05"",""max_awards_per_player_career_years_min"":""0"",""max_awards_per_player_career_years_max"":""3"",""notes"":""Quality starters can make Pro Bowls; All-Pro rarer.""}"
nfl_awards,nfl_award_history_generation_rules.csv,nfl_award_history_generation_rules,rule,16,ap_second_team_all_pro,"{""award_id"":""ap_second_team_all_pro"",""career_stage"":""elite_prime"",""annual_candidate_rate_min"":""0.1"",""annual_candidate_rate_max"":""0.45"",""max_awards_per_player_career_years_min"":""1"",""max_awards_per_player_career_years_max"":""8"",""notes"":""Elite players can stack honors across multiple seasons.""}"
nfl_awards,nfl_award_history_generation_rules.csv,nfl_award_history_generation_rules,rule,17,ap_second_team_all_pro,"{""award_id"":""ap_second_team_all_pro"",""career_stage"":""star_prime"",""annual_candidate_rate_min"":""0.04"",""annual_candidate_rate_max"":""0.18"",""max_awards_per_player_career_years_min"":""0"",""max_awards_per_player_career_years_max"":""5"",""notes"":""Star-level players can make Pro Bowl/All-Pro in strong seasons.""}"
nfl_awards,nfl_award_history_generation_rules.csv,nfl_award_history_generation_rules,rule,18,ap_second_team_all_pro,"{""award_id"":""ap_second_team_all_pro"",""career_stage"":""quality_starter"",""annual_candidate_rate_min"":""0.005"",""annual_candidate_rate_max"":""0.05"",""max_awards_per_player_career_years_min"":""0"",""max_awards_per_player_career_years_max"":""3"",""notes"":""Quality starters can make Pro Bowls; All-Pro rarer.""}"
nfl_awards,nfl_award_history_generation_rules.csv,nfl_award_history_generation_rules,rule,19,pro_bowl,"{""award_id"":""pro_bowl"",""career_stage"":""elite_prime"",""annual_candidate_rate_min"":""0.1"",""annual_candidate_rate_max"":""0.45"",""max_awards_per_player_career_years_min"":""1"",""max_awards_per_player_career_years_max"":""8"",""notes"":""Elite players can stack honors across multiple seasons.""}"
nfl_awards,nfl_award_history_generation_rules.csv,nfl_award_history_generation_rules,rule,20,pro_bowl,"{""award_id"":""pro_bowl"",""career_stage"":""star_prime"",""annual_candidate_rate_min"":""0.04"",""annual_candidate_rate_max"":""0.18"",""max_awards_per_player_career_years_min"":""0"",""max_awards_per_player_career_years_max"":""5"",""notes"":""Star-level players can make Pro Bowl/All-Pro in strong seasons.""}"
nfl_awards,nfl_award_history_generation_rules.csv,nfl_award_history_generation_rules,rule,21,pro_bowl,"{""award_id"":""pro_bowl"",""career_stage"":""quality_starter"",""annual_candidate_rate_min"":""0.005"",""annual_candidate_rate_max"":""0.05"",""max_awards_per_player_career_years_min"":""0"",""max_awards_per_player_career_years_max"":""3"",""notes"":""Quality starters can make Pro Bowls; All-Pro rarer.""}"
nfl_awards,nfl_award_history_generation_rules.csv,nfl_award_history_generation_rules,rule,22,pfwa_all_nfl,"{""award_id"":""pfwa_all_nfl"",""career_stage"":""elite_prime"",""annual_candidate_rate_min"":""0.1"",""annual_candidate_rate_max"":""0.45"",""max_awards_per_player_career_years_min"":""1"",""max_awards_per_player_career_years_max"":""8"",""notes"":""Elite players can stack honors across multiple seasons.""}"
nfl_awards,nfl_award_history_generation_rules.csv,nfl_award_history_generation_rules,rule,23,pfwa_all_nfl,"{""award_id"":""pfwa_all_nfl"",""career_stage"":""star_prime"",""annual_candidate_rate_min"":""0.04"",""annual_candidate_rate_max"":""0.18"",""max_awards_per_player_career_years_min"":""0"",""max_awards_per_player_career_years_max"":""5"",""notes"":""Star-level players can make Pro Bowl/All-Pro in strong seasons.""}"
nfl_awards,nfl_award_history_generation_rules.csv,nfl_award_history_generation_rules,rule,24,pfwa_all_nfl,"{""award_id"":""pfwa_all_nfl"",""career_stage"":""quality_starter"",""annual_candidate_rate_min"":""0.005"",""annual_candidate_rate_max"":""0.05"",""max_awards_per_player_career_years_min"":""0"",""max_awards_per_player_career_years_max"":""3"",""notes"":""Quality starters can make Pro Bowls; All-Pro rarer.""}"
nfl_awards,nfl_award_history_generation_rules.csv,nfl_award_history_generation_rules,rule,25,sporting_news_all_pro,"{""award_id"":""sporting_news_all_pro"",""career_stage"":""elite_prime"",""annual_candidate_rate_min"":""0.1"",""annual_candidate_rate_max"":""0.45"",""max_awards_per_player_career_years_min"":""1"",""max_awards_per_player_career_years_max"":""8"",""notes"":""Elite players can stack honors across multiple seasons.""}"
nfl_awards,nfl_award_history_generation_rules.csv,nfl_award_history_generation_rules,rule,26,sporting_news_all_pro,"{""award_id"":""sporting_news_all_pro"",""career_stage"":""star_prime"",""annual_candidate_rate_min"":""0.04"",""annual_candidate_rate_max"":""0.18"",""max_awards_per_player_career_years_min"":""0"",""max_awards_per_player_career_years_max"":""5"",""notes"":""Star-level players can make Pro Bowl/All-Pro in strong seasons.""}"
nfl_awards,nfl_award_history_generation_rules.csv,nfl_award_history_generation_rules,rule,27,sporting_news_all_pro,"{""award_id"":""sporting_news_all_pro"",""career_stage"":""quality_starter"",""annual_candidate_rate_min"":""0.005"",""annual_candidate_rate_max"":""0.05"",""max_awards_per_player_career_years_min"":""0"",""max_awards_per_player_career_years_max"":""3"",""notes"":""Quality starters can make Pro Bowls; All-Pro rarer.""}"
nfl_awards,nfl_award_narrative_modifiers.csv,nfl_award_narrative_modifiers,modifier,1,nfl_award_narrative_modifiers:1,"{""narrative_id"":""record_chase"",""ap_mvp"":""1.2"",""ap_opoy"":""1.18"",""ap_dpoy"":""1.12"",""rookie_awards"":""1.1"",""comeback"":""1.0"",""all_pro"":""1.05"",""pro_bowl"":""1.08"",""notes"":""Season approaching league or franchise record.""}"
nfl_awards,nfl_award_narrative_modifiers.csv,nfl_award_narrative_modifiers,modifier,2,nfl_award_narrative_modifiers:2,"{""narrative_id"":""breakout_star"",""ap_mvp"":""1.03"",""ap_opoy"":""1.06"",""ap_dpoy"":""1.06"",""rookie_awards"":""1.04"",""comeback"":""1.0"",""all_pro"":""1.03"",""pro_bowl"":""1.1"",""notes"":""New star emergence; stronger for Pro Bowl popularity.""}"
nfl_awards,nfl_award_narrative_modifiers.csv,nfl_award_narrative_modifiers,modifier,3,nfl_award_narrative_modifiers:3,"{""narrative_id"":""rookie_sensation"",""ap_mvp"":""1.0"",""ap_opoy"":""1.05"",""ap_dpoy"":""1.05"",""rookie_awards"":""1.18"",""comeback"":""1.0"",""all_pro"":""1.03"",""pro_bowl"":""1.08"",""notes"":""Rookie media buzz.""}"
nfl_awards,nfl_award_narrative_modifiers.csv,nfl_award_narrative_modifiers,modifier,4,nfl_award_narrative_modifiers:4,"{""narrative_id"":""injury_comeback"",""ap_mvp"":""1.0"",""ap_opoy"":""1.03"",""ap_dpoy"":""1.03"",""rookie_awards"":""1.0"",""comeback"":""1.35"",""all_pro"":""1.0"",""pro_bowl"":""1.05"",""notes"":""True comeback context; strongest CPOY modifier.""}"
nfl_awards,nfl_award_narrative_modifiers.csv,nfl_award_narrative_modifiers,modifier,5,nfl_award_narrative_modifiers:5,"{""narrative_id"":""late_season_surge"",""ap_mvp"":""1.05"",""ap_opoy"":""1.04"",""ap_dpoy"":""1.04"",""rookie_awards"":""1.04"",""comeback"":""1.02"",""all_pro"":""1.02"",""pro_bowl"":""1.02"",""notes"":""Recency bump.""}"
nfl_awards,nfl_award_narrative_modifiers.csv,nfl_award_narrative_modifiers,modifier,6,nfl_award_narrative_modifiers:6,"{""narrative_id"":""prior_award_reputation"",""ap_mvp"":""1.06"",""ap_opoy"":""1.04"",""ap_dpoy"":""1.04"",""rookie_awards"":""1.0"",""comeback"":""1.0"",""all_pro"":""1.04"",""pro_bowl"":""1.1"",""notes"":""Name recognition; should not overwhelm current season.""}"
nfl_awards,nfl_award_narrative_modifiers.csv,nfl_award_narrative_modifiers,modifier,7,nfl_award_narrative_modifiers:7,"{""narrative_id"":""low_team_visibility"",""ap_mvp"":""0.9"",""ap_opoy"":""0.97"",""ap_dpoy"":""0.97"",""rookie_awards"":""0.98"",""comeback"":""0.98"",""all_pro"":""0.99"",""pro_bowl"":""0.92"",""notes"":""Visibility penalty for poor/ignored teams; keep small for All-Pro.""}"
nfl_awards,nfl_award_position_bias_weights.csv,nfl_award_position_bias_weights,weight_distribution,1,ap_mvp,"{""award_id"":""ap_mvp"",""position_or_group"":""QB"",""prior_weight"":""0.72"",""notes"":""Normalize across eligible candidates after filtering.""}"
nfl_awards,nfl_award_position_bias_weights.csv,nfl_award_position_bias_weights,weight_distribution,2,ap_mvp,"{""award_id"":""ap_mvp"",""position_or_group"":""RB"",""prior_weight"":""0.1"",""notes"":""Normalize across eligible candidates after filtering.""}"
nfl_awards,nfl_award_position_bias_weights.csv,nfl_award_position_bias_weights,weight_distribution,3,ap_mvp,"{""award_id"":""ap_mvp"",""position_or_group"":""WR"",""prior_weight"":""0.08"",""notes"":""Normalize across eligible candidates after filtering.""}"
nfl_awards,nfl_award_position_bias_weights.csv,nfl_award_position_bias_weights,weight_distribution,4,ap_mvp,"{""award_id"":""ap_mvp"",""position_or_group"":""TE"",""prior_weight"":""0.025"",""notes"":""Normalize across eligible candidates after filtering.""}"
nfl_awards,nfl_award_position_bias_weights.csv,nfl_award_position_bias_weights,weight_distribution,5,ap_mvp,"{""award_id"":""ap_mvp"",""position_or_group"":""EDGE"",""prior_weight"":""0.025"",""notes"":""Normalize across eligible candidates after filtering.""}"
nfl_awards,nfl_award_position_bias_weights.csv,nfl_award_position_bias_weights,weight_distribution,6,ap_mvp,"{""award_id"":""ap_mvp"",""position_or_group"":""DL"",""prior_weight"":""0.015"",""notes"":""Normalize across eligible candidates after filtering.""}"
nfl_awards,nfl_award_position_bias_weights.csv,nfl_award_position_bias_weights,weight_distribution,7,ap_mvp,"{""award_id"":""ap_mvp"",""position_or_group"":""LB"",""prior_weight"":""0.015"",""notes"":""Normalize across eligible candidates after filtering.""}"
nfl_awards,nfl_award_position_bias_weights.csv,nfl_award_position_bias_weights,weight_distribution,8,ap_mvp,"{""award_id"":""ap_mvp"",""position_or_group"":""CB"",""prior_weight"":""0.01"",""notes"":""Normalize across eligible candidates after filtering.""}"
nfl_awards,nfl_award_position_bias_weights.csv,nfl_award_position_bias_weights,weight_distribution,9,ap_mvp,"{""award_id"":""ap_mvp"",""position_or_group"":""S"",""prior_weight"":""0.005"",""notes"":""Normalize across eligible candidates after filtering.""}"
nfl_awards,nfl_award_position_bias_weights.csv,nfl_award_position_bias_weights,weight_distribution,10,ap_opoy,"{""award_id"":""ap_opoy"",""position_or_group"":""QB"",""prior_weight"":""0.27"",""notes"":""Normalize across eligible candidates after filtering.""}"
nfl_awards,nfl_award_position_bias_weights.csv,nfl_award_position_bias_weights,weight_distribution,11,ap_opoy,"{""award_id"":""ap_opoy"",""position_or_group"":""RB"",""prior_weight"":""0.27"",""notes"":""Normalize across eligible candidates after filtering.""}"
nfl_awards,nfl_award_position_bias_weights.csv,nfl_award_position_bias_weights,weight_distribution,12,ap_opoy,"{""award_id"":""ap_opoy"",""position_or_group"":""WR"",""prior_weight"":""0.27"",""notes"":""Normalize across eligible candidates after filtering.""}"
nfl_awards,nfl_award_position_bias_weights.csv,nfl_award_position_bias_weights,weight_distribution,13,ap_opoy,"{""award_id"":""ap_opoy"",""position_or_group"":""TE"",""prior_weight"":""0.08"",""notes"":""Normalize across eligible candidates after filtering.""}"
nfl_awards,nfl_award_position_bias_weights.csv,nfl_award_position_bias_weights,weight_distribution,14,ap_opoy,"{""award_id"":""ap_opoy"",""position_or_group"":""OL"",""prior_weight"":""0.02"",""notes"":""Normalize across eligible candidates after filtering.""}"
nfl_awards,nfl_award_position_bias_weights.csv,nfl_award_position_bias_weights,weight_distribution,15,ap_dpoy,"{""award_id"":""ap_dpoy"",""position_or_group"":""EDGE"",""prior_weight"":""0.36"",""notes"":""Normalize across eligible candidates after filtering.""}"
nfl_awards,nfl_award_position_bias_weights.csv,nfl_award_position_bias_weights,weight_distribution,16,ap_dpoy,"{""award_id"":""ap_dpoy"",""position_or_group"":""DL"",""prior_weight"":""0.22"",""notes"":""Normalize across eligible candidates after filtering.""}"
nfl_awards,nfl_award_position_bias_weights.csv,nfl_award_position_bias_weights,weight_distribution,17,ap_dpoy,"{""award_id"":""ap_dpoy"",""position_or_group"":""LB"",""prior_weight"":""0.18"",""notes"":""Normalize across eligible candidates after filtering.""}"
nfl_awards,nfl_award_position_bias_weights.csv,nfl_award_position_bias_weights,weight_distribution,18,ap_dpoy,"{""award_id"":""ap_dpoy"",""position_or_group"":""CB"",""prior_weight"":""0.16"",""notes"":""Normalize across eligible candidates after filtering.""}"
nfl_awards,nfl_award_position_bias_weights.csv,nfl_award_position_bias_weights,weight_distribution,19,ap_dpoy,"{""award_id"":""ap_dpoy"",""position_or_group"":""S"",""prior_weight"":""0.08"",""notes"":""Normalize across eligible candidates after filtering.""}"
nfl_awards,nfl_award_position_bias_weights.csv,nfl_award_position_bias_weights,weight_distribution,20,ap_oroy,"{""award_id"":""ap_oroy"",""position_or_group"":""QB"",""prior_weight"":""0.34"",""notes"":""Normalize across eligible candidates after filtering.""}"
nfl_awards,nfl_award_position_bias_weights.csv,nfl_award_position_bias_weights,weight_distribution,21,ap_oroy,"{""award_id"":""ap_oroy"",""position_or_group"":""RB"",""prior_weight"":""0.25"",""notes"":""Normalize across eligible candidates after filtering.""}"
nfl_awards,nfl_award_position_bias_weights.csv,nfl_award_position_bias_weights,weight_distribution,22,ap_oroy,"{""award_id"":""ap_oroy"",""position_or_group"":""WR"",""prior_weight"":""0.27"",""notes"":""Normalize across eligible candidates after filtering.""}"
nfl_awards,nfl_award_position_bias_weights.csv,nfl_award_position_bias_weights,weight_distribution,23,ap_oroy,"{""award_id"":""ap_oroy"",""position_or_group"":""TE"",""prior_weight"":""0.08"",""notes"":""Normalize across eligible candidates after filtering.""}"
nfl_awards,nfl_award_position_bias_weights.csv,nfl_award_position_bias_weights,weight_distribution,24,ap_oroy,"{""award_id"":""ap_oroy"",""position_or_group"":""OL"",""prior_weight"":""0.06"",""notes"":""Normalize across eligible candidates after filtering.""}"
nfl_awards,nfl_award_position_bias_weights.csv,nfl_award_position_bias_weights,weight_distribution,25,ap_droy,"{""award_id"":""ap_droy"",""position_or_group"":""EDGE"",""prior_weight"":""0.3"",""notes"":""Normalize across eligible candidates after filtering.""}"
nfl_awards,nfl_award_position_bias_weights.csv,nfl_award_position_bias_weights,weight_distribution,26,ap_droy,"{""award_id"":""ap_droy"",""position_or_group"":""DL"",""prior_weight"":""0.16"",""notes"":""Normalize across eligible candidates after filtering.""}"
nfl_awards,nfl_award_position_bias_weights.csv,nfl_award_position_bias_weights,weight_distribution,27,ap_droy,"{""award_id"":""ap_droy"",""position_or_group"":""LB"",""prior_weight"":""0.22"",""notes"":""Normalize across eligible candidates after filtering.""}"
nfl_awards,nfl_award_position_bias_weights.csv,nfl_award_position_bias_weights,weight_distribution,28,ap_droy,"{""award_id"":""ap_droy"",""position_or_group"":""CB"",""prior_weight"":""0.22"",""notes"":""Normalize across eligible candidates after filtering.""}"
nfl_awards,nfl_award_position_bias_weights.csv,nfl_award_position_bias_weights,weight_distribution,29,ap_droy,"{""award_id"":""ap_droy"",""position_or_group"":""S"",""prior_weight"":""0.1"",""notes"":""Normalize across eligible candidates after filtering.""}"
nfl_awards,nfl_award_position_bias_weights.csv,nfl_award_position_bias_weights,weight_distribution,30,ap_cpoy,"{""award_id"":""ap_cpoy"",""position_or_group"":""QB"",""prior_weight"":""0.38"",""notes"":""Normalize across eligible candidates after filtering.""}"
nfl_awards,nfl_award_position_bias_weights.csv,nfl_award_position_bias_weights,weight_distribution,31,ap_cpoy,"{""award_id"":""ap_cpoy"",""position_or_group"":""RB"",""prior_weight"":""0.13"",""notes"":""Normalize across eligible candidates after filtering.""}"
nfl_awards,nfl_award_position_bias_weights.csv,nfl_award_position_bias_weights,weight_distribution,32,ap_cpoy,"{""award_id"":""ap_cpoy"",""position_or_group"":""WR"",""prior_weight"":""0.12"",""notes"":""Normalize across eligible candidates after filtering.""}"
nfl_awards,nfl_award_position_bias_weights.csv,nfl_award_position_bias_weights,weight_distribution,33,ap_cpoy,"{""award_id"":""ap_cpoy"",""position_or_group"":""TE"",""prior_weight"":""0.07"",""notes"":""Normalize across eligible candidates after filtering.""}"
nfl_awards,nfl_award_position_bias_weights.csv,nfl_award_position_bias_weights,weight_distribution,34,ap_cpoy,"{""award_id"":""ap_cpoy"",""position_or_group"":""EDGE"",""prior_weight"":""0.08"",""notes"":""Normalize across eligible candidates after filtering.""}"
nfl_awards,nfl_award_position_bias_weights.csv,nfl_award_position_bias_weights,weight_distribution,35,ap_cpoy,"{""award_id"":""ap_cpoy"",""position_or_group"":""DL"",""prior_weight"":""0.04"",""notes"":""Normalize across eligible candidates after filtering.""}"
nfl_awards,nfl_award_position_bias_weights.csv,nfl_award_position_bias_weights,weight_distribution,36,ap_cpoy,"{""award_id"":""ap_cpoy"",""position_or_group"":""LB"",""prior_weight"":""0.05"",""notes"":""Normalize across eligible candidates after filtering.""}"
nfl_awards,nfl_award_position_bias_weights.csv,nfl_award_position_bias_weights,weight_distribution,37,ap_cpoy,"{""award_id"":""ap_cpoy"",""position_or_group"":""CB"",""prior_weight"":""0.06"",""notes"":""Normalize across eligible candidates after filtering.""}"
nfl_awards,nfl_award_position_bias_weights.csv,nfl_award_position_bias_weights,weight_distribution,38,ap_cpoy,"{""award_id"":""ap_cpoy"",""position_or_group"":""S"",""prior_weight"":""0.03"",""notes"":""Normalize across eligible candidates after filtering.""}"
nfl_awards,nfl_award_position_bias_weights.csv,nfl_award_position_bias_weights,weight_distribution,39,ap_cpoy,"{""award_id"":""ap_cpoy"",""position_or_group"":""OL"",""prior_weight"":""0.02"",""notes"":""Normalize across eligible candidates after filtering.""}"
nfl_awards,nfl_award_position_bias_weights.csv,nfl_award_position_bias_weights,weight_distribution,40,ap_cpoy,"{""award_id"":""ap_cpoy"",""position_or_group"":""K"",""prior_weight"":""0.01"",""notes"":""Normalize across eligible candidates after filtering.""}"
nfl_awards,nfl_award_position_bias_weights.csv,nfl_award_position_bias_weights,weight_distribution,41,ap_cpoy,"{""award_id"":""ap_cpoy"",""position_or_group"":""P"",""prior_weight"":""0.01"",""notes"":""Normalize across eligible candidates after filtering.""}"
nfl_awards,nfl_award_rarity_balance_targets.csv,nfl_award_rarity_balance_targets,validation_target,1,nfl_award_rarity_balance_targets:1,"{""metric_id"":""league_mvp_count_per_season"",""target_min"":""1"",""target_max"":""1"",""severity"":""error"",""notes"":""Exactly one AP MVP per historical season.""}"
nfl_awards,nfl_award_rarity_balance_targets.csv,nfl_award_rarity_balance_targets,validation_target,2,nfl_award_rarity_balance_targets:2,"{""metric_id"":""league_opoy_count_per_season"",""target_min"":""1"",""target_max"":""1"",""severity"":""error"",""notes"":""Exactly one AP OPOY per season.""}"
nfl_awards,nfl_award_rarity_balance_targets.csv,nfl_award_rarity_balance_targets,validation_target,3,nfl_award_rarity_balance_targets:3,"{""metric_id"":""league_dpoy_count_per_season"",""target_min"":""1"",""target_max"":""1"",""severity"":""error"",""notes"":""Exactly one AP DPOY per season.""}"
nfl_awards,nfl_award_rarity_balance_targets.csv,nfl_award_rarity_balance_targets,validation_target,4,nfl_award_rarity_balance_targets:4,"{""metric_id"":""league_oroy_droy_count_per_season"",""target_min"":""2"",""target_max"":""2"",""severity"":""error"",""notes"":""One OROY and one DROY.""}"
nfl_awards,nfl_award_rarity_balance_targets.csv,nfl_award_rarity_balance_targets,validation_target,5,nfl_award_rarity_balance_targets:5,"{""metric_id"":""league_cpoy_count_per_season"",""target_min"":""1"",""target_max"":""1"",""severity"":""error"",""notes"":""Exactly one CPOY if award year generated.""}"
nfl_awards,nfl_award_rarity_balance_targets.csv,nfl_award_rarity_balance_targets,validation_target,6,nfl_award_rarity_balance_targets:6,"{""metric_id"":""ap_first_team_all_pro_slots"",""target_min"":""30"",""target_max"":""34"",""severity"":""warning"",""notes"":""Approximate first-team slots including support roles.""}"
nfl_awards,nfl_award_rarity_balance_targets.csv,nfl_award_rarity_balance_targets,validation_target,7,nfl_award_rarity_balance_targets:7,"{""metric_id"":""ap_second_team_all_pro_slots"",""target_min"":""30"",""target_max"":""36"",""severity"":""warning"",""notes"":""Approximate second-team slots; ties may increase count.""}"
nfl_awards,nfl_award_rarity_balance_targets.csv,nfl_award_rarity_balance_targets,validation_target,8,nfl_award_rarity_balance_targets:8,"{""metric_id"":""pro_bowl_selected_total"",""target_min"":""80"",""target_max"":""105"",""severity"":""warning"",""notes"":""Approximate selected pool including conferences and alternates/opt-outs if modeled.""}"
nfl_awards,nfl_award_rarity_balance_targets.csv,nfl_award_rarity_balance_targets,validation_target,9,nfl_award_rarity_balance_targets:9,"{""metric_id"":""mvp_qb_share_long_run"",""target_min"":""0.65"",""target_max"":""0.9"",""severity"":""warning"",""notes"":""MVP should usually but not always be QB-heavy.""}"
nfl_awards,nfl_award_rarity_balance_targets.csv,nfl_award_rarity_balance_targets,validation_target,10,nfl_award_rarity_balance_targets:10,"{""metric_id"":""opoy_rb_wr_qb_share_long_run"",""target_min"":""0.85"",""target_max"":""0.99"",""severity"":""warning"",""notes"":""OPOY should usually be QB/RB/WR.""}"
nfl_awards,nfl_award_rarity_balance_targets.csv,nfl_award_rarity_balance_targets,validation_target,11,nfl_award_rarity_balance_targets:11,"{""metric_id"":""dpoy_edge_dl_lb_share_long_run"",""target_min"":""0.6"",""target_max"":""0.9"",""severity"":""warning"",""notes"":""DPOY should often favor front seven but allow DB outliers.""}"
nfl_awards,nfl_award_rarity_balance_targets.csv,nfl_award_rarity_balance_targets,validation_target,12,nfl_award_rarity_balance_targets:12,"{""metric_id"":""career_award_density_veterans"",""target_min"":""0.04"",""target_max"":""0.18"",""severity"":""warning"",""notes"":""Share of veterans with at least one major honor should not explode.""}"
nfl_awards,nfl_award_rarity_balance_targets.csv,nfl_award_rarity_balance_targets,validation_target,13,nfl_award_rarity_balance_targets:13,"{""metric_id"":""all_pro_without_elite_season_share"",""target_min"":""0.0"",""target_max"":""0.04"",""severity"":""warning"",""notes"":""Avoid random All-Pro honors without strong production/role evidence.""}"
nfl_awards,nfl_award_selection_weights.csv,nfl_award_selection_weights,weight_distribution,1,ap_mvp,"{""award_id"":""ap_mvp"",""position_bias_weight"":""0.22"",""production_weight"":""0.24"",""efficiency_weight"":""0.18"",""team_success_weight"":""0.12"",""team_record_weight"":""0.1"",""narrative_weight"":""0.08"",""availability_weight"":""0.04"",""prior_reputation_weight"":""0.06"",""age_career_stage_weight"":""0.0"",""rookie_only_weight"":""0.0"",""comeback_context_weight"":""0.0"",""position_value_weight"":""0.24"",""notes"":""QB/team-success heavy; non-QB requires historic production and strong narrative.""}"
nfl_awards,nfl_award_selection_weights.csv,nfl_award_selection_weights,weight_distribution,2,ap_opoy,"{""award_id"":""ap_opoy"",""position_bias_weight"":""0.16"",""production_weight"":""0.33"",""efficiency_weight"":""0.2"",""team_success_weight"":""0.06"",""team_record_weight"":""0.04"",""narrative_weight"":""0.08"",""availability_weight"":""0.04"",""prior_reputation_weight"":""0.05"",""age_career_stage_weight"":""0.0"",""rookie_only_weight"":""0.0"",""comeback_context_weight"":""0.0"",""position_value_weight"":""0.16"",""notes"":""Production/efficiency heavy; less team-record dependent than MVP.""}"
nfl_awards,nfl_award_selection_weights.csv,nfl_award_selection_weights,weight_distribution,3,ap_dpoy,"{""award_id"":""ap_dpoy"",""position_bias_weight"":""0.18"",""production_weight"":""0.28"",""efficiency_weight"":""0.22"",""team_success_weight"":""0.06"",""team_record_weight"":""0.04"",""narrative_weight"":""0.08"",""availability_weight"":""0.05"",""prior_reputation_weight"":""0.07"",""age_career_stage_weight"":""0.0"",""rookie_only_weight"":""0.0"",""comeback_context_weight"":""0.0"",""position_value_weight"":""0.18"",""notes"":""Pass rush/disruption and elite coverage can both win; team record matters less than MVP.""}"
nfl_awards,nfl_award_selection_weights.csv,nfl_award_selection_weights,weight_distribution,4,ap_oroy,"{""award_id"":""ap_oroy"",""position_bias_weight"":""0.18"",""production_weight"":""0.3"",""efficiency_weight"":""0.18"",""team_success_weight"":""0.06"",""team_record_weight"":""0.04"",""narrative_weight"":""0.08"",""availability_weight"":""0.06"",""prior_reputation_weight"":""0.02"",""age_career_stage_weight"":""0.0"",""rookie_only_weight"":""0.24"",""comeback_context_weight"":""0.0"",""position_value_weight"":""0.18"",""notes"":""Rookie eligibility required; games played and volume matter.""}"
nfl_awards,nfl_award_selection_weights.csv,nfl_award_selection_weights,weight_distribution,5,ap_droy,"{""award_id"":""ap_droy"",""position_bias_weight"":""0.18"",""production_weight"":""0.3"",""efficiency_weight"":""0.18"",""team_success_weight"":""0.04"",""team_record_weight"":""0.03"",""narrative_weight"":""0.08"",""availability_weight"":""0.07"",""prior_reputation_weight"":""0.02"",""age_career_stage_weight"":""0.0"",""rookie_only_weight"":""0.24"",""comeback_context_weight"":""0.0"",""position_value_weight"":""0.18"",""notes"":""Rookie eligibility required; sack/pressure/coverage splash plays matter.""}"
nfl_awards,nfl_award_selection_weights.csv,nfl_award_selection_weights,weight_distribution,6,ap_cpoy,"{""award_id"":""ap_cpoy"",""position_bias_weight"":""0.12"",""production_weight"":""0.2"",""efficiency_weight"":""0.14"",""team_success_weight"":""0.05"",""team_record_weight"":""0.04"",""narrative_weight"":""0.18"",""availability_weight"":""0.1"",""prior_reputation_weight"":""0.04"",""age_career_stage_weight"":""0.04"",""rookie_only_weight"":""0.0"",""comeback_context_weight"":""0.4"",""position_value_weight"":""0.12"",""notes"":""Comeback context is mandatory; use injury/missed-time/adversity history first.""}"
nfl_awards,nfl_award_selection_weights.csv,nfl_award_selection_weights,weight_distribution,7,ap_first_team_all_pro,"{""award_id"":""ap_first_team_all_pro"",""position_bias_weight"":""0.22"",""production_weight"":""0.28"",""efficiency_weight"":""0.22"",""team_success_weight"":""0.04"",""team_record_weight"":""0.02"",""narrative_weight"":""0.04"",""availability_weight"":""0.08"",""prior_reputation_weight"":""0.06"",""age_career_stage_weight"":""0.0"",""rookie_only_weight"":""0.0"",""comeback_context_weight"":""0.0"",""position_value_weight"":""0.22"",""notes"":""Position-slot scoring; should be less team-record biased than MVP.""}"
nfl_awards,nfl_award_selection_weights.csv,nfl_award_selection_weights,weight_distribution,8,ap_second_team_all_pro,"{""award_id"":""ap_second_team_all_pro"",""position_bias_weight"":""0.2"",""production_weight"":""0.27"",""efficiency_weight"":""0.22"",""team_success_weight"":""0.03"",""team_record_weight"":""0.02"",""narrative_weight"":""0.04"",""availability_weight"":""0.08"",""prior_reputation_weight"":""0.05"",""age_career_stage_weight"":""0.0"",""rookie_only_weight"":""0.0"",""comeback_context_weight"":""0.0"",""position_value_weight"":""0.2"",""notes"":""Second-team slots are filled by the next position-score players.""}"
nfl_awards,nfl_award_selection_weights.csv,nfl_award_selection_weights,weight_distribution,9,pfwa_all_nfl,"{""award_id"":""pfwa_all_nfl"",""position_bias_weight"":""0.2"",""production_weight"":""0.28"",""efficiency_weight"":""0.22"",""team_success_weight"":""0.03"",""team_record_weight"":""0.02"",""narrative_weight"":""0.04"",""availability_weight"":""0.08"",""prior_reputation_weight"":""0.04"",""age_career_stage_weight"":""0.0"",""rookie_only_weight"":""0.0"",""comeback_context_weight"":""0.0"",""position_value_weight"":""0.2"",""notes"":""Alternative All-NFL selector; use as history depth.""}"
nfl_awards,nfl_award_selection_weights.csv,nfl_award_selection_weights,weight_distribution,10,sporting_news_all_pro,"{""award_id"":""sporting_news_all_pro"",""position_bias_weight"":""0.18"",""production_weight"":""0.25"",""efficiency_weight"":""0.22"",""team_success_weight"":""0.05"",""team_record_weight"":""0.03"",""narrative_weight"":""0.04"",""availability_weight"":""0.08"",""prior_reputation_weight"":""0.04"",""age_career_stage_weight"":""0.0"",""rookie_only_weight"":""0.0"",""comeback_context_weight"":""0.0"",""position_value_weight"":""0.18"",""notes"":""Coach/executive/player selector flavor; slightly more role/respect weighted.""}"
nfl_awards,nfl_award_selection_weights.csv,nfl_award_selection_weights,weight_distribution,11,pro_bowl,"{""award_id"":""pro_bowl"",""position_bias_weight"":""0.18"",""production_weight"":""0.22"",""efficiency_weight"":""0.15"",""team_success_weight"":""0.05"",""team_record_weight"":""0.04"",""narrative_weight"":""0.12"",""availability_weight"":""0.08"",""prior_reputation_weight"":""0.14"",""age_career_stage_weight"":""0.0"",""rookie_only_weight"":""0.0"",""comeback_context_weight"":""0.0"",""position_value_weight"":""0.18"",""notes"":""Popularity and reputation matter more than All-Pro; still must have strong season.""}"
nfl_awards,nfl_award_stat_thresholds.csv,nfl_award_stat_thresholds,runtime_tuning,1,ap_mvp,"{""award_id"":""ap_mvp"",""position_or_group"":""QB"",""baseline_signal"":""4000 pass yds or 30 total TDs"",""strong_candidate_signal"":""4300+ pass yds and 35+ total TDs with low turnovers"",""elite_winner_signal"":""4700+ total production or top EPA/pass profile on playoff team"",""notes"":""MVP is QB-centric; team wins are major modifier.""}"
nfl_awards,nfl_award_stat_thresholds.csv,nfl_award_stat_thresholds,runtime_tuning,2,ap_mvp,"{""award_id"":""ap_mvp"",""position_or_group"":""RB"",""baseline_signal"":""1500 scrimmage yds and 12 TD"",""strong_candidate_signal"":""1800+ scrimmage yds and 16+ TD"",""elite_winner_signal"":""2000+ scrimmage yds, record pace, team offense centerpiece"",""notes"":""Non-QB MVP path needs historic offensive season.""}"
nfl_awards,nfl_award_stat_thresholds.csv,nfl_award_stat_thresholds,runtime_tuning,3,ap_mvp,"{""award_id"":""ap_mvp"",""position_or_group"":""WR|TE"",""baseline_signal"":""1300 rec yds and 10 TD"",""strong_candidate_signal"":""1600+ rec yds and 12+ TD"",""elite_winner_signal"":""1800+ rec yds or historic catch/TD season"",""notes"":""Rare path; normally OPOY/All-Pro more likely than MVP.""}"
nfl_awards,nfl_award_stat_thresholds.csv,nfl_award_stat_thresholds,runtime_tuning,4,ap_mvp,"{""award_id"":""ap_mvp"",""position_or_group"":""DEF"",""baseline_signal"":""DPOY-level plus historic impact"",""strong_candidate_signal"":""historic sacks/turnovers/disruption"",""elite_winner_signal"":""generational record-level defensive season"",""notes"":""Extremely rare.""}"
nfl_awards,nfl_award_stat_thresholds.csv,nfl_award_stat_thresholds,runtime_tuning,5,ap_opoy,"{""award_id"":""ap_opoy"",""position_or_group"":""QB"",""baseline_signal"":""4200 pass yds or 35 total TD"",""strong_candidate_signal"":""4600+ pass yds and 38+ total TD"",""elite_winner_signal"":""5000+ pass yds or efficiency leader"",""notes"":""Can be QB when MVP split occurs.""}"
nfl_awards,nfl_award_stat_thresholds.csv,nfl_award_stat_thresholds,runtime_tuning,6,ap_opoy,"{""award_id"":""ap_opoy"",""position_or_group"":""RB"",""baseline_signal"":""1400 scrimmage yds and 12 TD"",""strong_candidate_signal"":""1700+ scrimmage yds and 14+ TD"",""elite_winner_signal"":""2000+ scrimmage yds or rushing title with 15+ TD"",""notes"":""RB-friendly award path.""}"
nfl_awards,nfl_award_stat_thresholds.csv,nfl_award_stat_thresholds,runtime_tuning,7,ap_opoy,"{""award_id"":""ap_opoy"",""position_or_group"":""WR"",""baseline_signal"":""1200 rec yds and 8 TD"",""strong_candidate_signal"":""1500+ rec yds and 10+ TD"",""elite_winner_signal"":""1700+ rec yds or triple-crown style season"",""notes"":""WR-friendly award path.""}"
nfl_awards,nfl_award_stat_thresholds.csv,nfl_award_stat_thresholds,runtime_tuning,8,ap_opoy,"{""award_id"":""ap_opoy"",""position_or_group"":""TE"",""baseline_signal"":""900 rec yds and 7 TD"",""strong_candidate_signal"":""1100+ rec yds and 9+ TD"",""elite_winner_signal"":""1300+ rec yds or record-setting TE season"",""notes"":""Elite TE path should exist but be rare.""}"
nfl_awards,nfl_award_stat_thresholds.csv,nfl_award_stat_thresholds,runtime_tuning,9,ap_dpoy,"{""award_id"":""ap_dpoy"",""position_or_group"":""EDGE"",""baseline_signal"":""12 sacks or top pressure share"",""strong_candidate_signal"":""15+ sacks and high pressure/TFL"",""elite_winner_signal"":""18+ sacks or league pressure leader"",""notes"":""Most common DPOY profile.""}"
nfl_awards,nfl_award_stat_thresholds.csv,nfl_award_stat_thresholds,runtime_tuning,10,ap_dpoy,"{""award_id"":""ap_dpoy"",""position_or_group"":""DL"",""baseline_signal"":""8 sacks or elite run disruption"",""strong_candidate_signal"":""10+ sacks/TFL plus double teams"",""elite_winner_signal"":""interior dominance with elite pressures and TFL"",""notes"":""Interior DL can win with disruption metrics.""}"
nfl_awards,nfl_award_stat_thresholds.csv,nfl_award_stat_thresholds,runtime_tuning,11,ap_dpoy,"{""award_id"":""ap_dpoy"",""position_or_group"":""LB"",""baseline_signal"":""120 tackles plus coverage/sacks"",""strong_candidate_signal"":""130+ tackles with splash plays"",""elite_winner_signal"":""elite all-around season with sacks, INT, forced fumbles"",""notes"":""Off-ball LB needs complete profile.""}"
nfl_awards,nfl_award_stat_thresholds.csv,nfl_award_stat_thresholds,runtime_tuning,12,ap_dpoy,"{""award_id"":""ap_dpoy"",""position_or_group"":""CB"",""baseline_signal"":""4 INT or elite coverage suppression"",""strong_candidate_signal"":""5+ INT/PBU and low target success"",""elite_winner_signal"":""shutdown season with elite coverage and turnovers"",""notes"":""CB/S path needs coverage efficiency and narrative.""}"
nfl_awards,nfl_award_stat_thresholds.csv,nfl_award_stat_thresholds,runtime_tuning,13,ap_dpoy,"{""award_id"":""ap_dpoy"",""position_or_group"":""S"",""baseline_signal"":""90 tackles and 4 INT/sacks"",""strong_candidate_signal"":""100+ tackles with turnovers/sacks"",""elite_winner_signal"":""elite all-around season, high team defensive rank"",""notes"":""Safety DPOY path rare.""}"
nfl_awards,nfl_award_stat_thresholds.csv,nfl_award_stat_thresholds,runtime_tuning,14,ap_oroy,"{""award_id"":""ap_oroy"",""position_or_group"":""QB"",""baseline_signal"":""2500 pass yds or 18 total TD"",""strong_candidate_signal"":""3200+ pass yds and 24+ total TD"",""elite_winner_signal"":""top-12 efficiency or playoff starter"",""notes"":""QB rookies get narrative bump.""}"
nfl_awards,nfl_award_stat_thresholds.csv,nfl_award_stat_thresholds,runtime_tuning,15,ap_oroy,"{""award_id"":""ap_oroy"",""position_or_group"":""RB"",""baseline_signal"":""900 scrimmage yds and 6 TD"",""strong_candidate_signal"":""1200+ scrimmage yds and 8+ TD"",""elite_winner_signal"":""1500+ scrimmage yds or major rushing title push"",""notes"":""RB rookies can win quickly.""}"
nfl_awards,nfl_award_stat_thresholds.csv,nfl_award_stat_thresholds,runtime_tuning,16,ap_oroy,"{""award_id"":""ap_oroy"",""position_or_group"":""WR|TE"",""baseline_signal"":""700 rec yds and 5 TD"",""strong_candidate_signal"":""900+ rec yds and 7+ TD"",""elite_winner_signal"":""1100+ rec yds or rookie record pace"",""notes"":""WR/TE depends on volume and splash.""}"
nfl_awards,nfl_award_stat_thresholds.csv,nfl_award_stat_thresholds,runtime_tuning,17,ap_droy,"{""award_id"":""ap_droy"",""position_or_group"":""EDGE"",""baseline_signal"":""6 sacks or top rookie pressures"",""strong_candidate_signal"":""8+ sacks and 12+ TFL"",""elite_winner_signal"":""10+ sacks and all-rookie impact"",""notes"":""Most common defensive rookie path.""}"
nfl_awards,nfl_award_stat_thresholds.csv,nfl_award_stat_thresholds,runtime_tuning,18,ap_droy,"{""award_id"":""ap_droy"",""position_or_group"":""DL"",""baseline_signal"":""4 sacks plus run disruption"",""strong_candidate_signal"":""6+ sacks/TFL with high snaps"",""elite_winner_signal"":""dominant interior rookie profile"",""notes"":""Interior rookies need strong snap share.""}"
nfl_awards,nfl_award_stat_thresholds.csv,nfl_award_stat_thresholds,runtime_tuning,19,ap_droy,"{""award_id"":""ap_droy"",""position_or_group"":""LB"",""baseline_signal"":""85 tackles plus splash plays"",""strong_candidate_signal"":""105+ tackles and coverage value"",""elite_winner_signal"":""three-down leader with sacks/INT/forced fumbles"",""notes"":""LB rookies can win with volume.""}"
nfl_awards,nfl_award_stat_thresholds.csv,nfl_award_stat_thresholds,runtime_tuning,20,ap_droy,"{""award_id"":""ap_droy"",""position_or_group"":""CB|S"",""baseline_signal"":""2 INT or high PBU"",""strong_candidate_signal"":""3+ INT/PBU and low passer rating allowed"",""elite_winner_signal"":""shutdown rookie or high turnover production"",""notes"":""DB rookies need coverage stats/narrative.""}"
nfl_awards,nfl_award_stat_thresholds.csv,nfl_award_stat_thresholds,runtime_tuning,21,ap_cpoy,"{""award_id"":""ap_cpoy"",""position_or_group"":""ALL"",""baseline_signal"":""prior missed season or severe injury + regular role"",""strong_candidate_signal"":""prior missed time + above-average production"",""elite_winner_signal"":""major injury/illness comeback with high performance"",""notes"":""Use comeback context first, then performance.""}"
nfl_awards,nfl_award_taxonomy.csv,nfl_award_taxonomy,definition,1,ap_mvp,"{""award_id"":""ap_mvp"",""award_name"":""AP NFL Most Valuable Player"",""award_family"":""official_ap_honors"",""scope"":""league"",""recipient_type"":""player"",""frequency"":""one_per_season"",""primary_positions"":""QB|RB|WR|TE"",""secondary_positions"":""EDGE|DL|LB|CB|S"",""history_weight"":""elite"",""visibility_boost"":""very_high"",""contract_signal"":""very_high"",""notes"":""League official AP award; QB-biased; rare non-QB path requires historic production or two-way/record season.""}"
nfl_awards,nfl_award_taxonomy.csv,nfl_award_taxonomy,definition,2,ap_opoy,"{""award_id"":""ap_opoy"",""award_name"":""AP NFL Offensive Player of the Year"",""award_family"":""official_ap_honors"",""scope"":""league"",""recipient_type"":""player"",""frequency"":""one_per_season"",""primary_positions"":""QB|RB|WR|TE"",""secondary_positions"":"""",""history_weight"":""elite"",""visibility_boost"":""very_high"",""contract_signal"":""very_high"",""notes"":""Top offensive season; less QB-exclusive than MVP and often rewards exceptional RB/WR production.""}"
nfl_awards,nfl_award_taxonomy.csv,nfl_award_taxonomy,definition,3,ap_dpoy,"{""award_id"":""ap_dpoy"",""award_name"":""AP NFL Defensive Player of the Year"",""award_family"":""official_ap_honors"",""scope"":""league"",""recipient_type"":""player"",""frequency"":""one_per_season"",""primary_positions"":""EDGE|DL|LB|CB|S"",""secondary_positions"":"""",""history_weight"":""elite"",""visibility_boost"":""very_high"",""contract_signal"":""very_high"",""notes"":""Top defensive season; pass rushers and disruptive front-seven players should have strongest path, with elite CB/S seasons possible.""}"
nfl_awards,nfl_award_taxonomy.csv,nfl_award_taxonomy,definition,4,ap_oroy,"{""award_id"":""ap_oroy"",""award_name"":""AP NFL Offensive Rookie of the Year"",""award_family"":""official_ap_honors"",""scope"":""league"",""recipient_type"":""player"",""frequency"":""one_per_season"",""primary_positions"":""QB|RB|WR|TE"",""secondary_positions"":""OL"",""history_weight"":""major"",""visibility_boost"":""high"",""contract_signal"":""high"",""notes"":""Rookie-only offensive award; QB/RB/WR most likely; OL only through very rare exceptional recognition if the game tracks it.""}"
nfl_awards,nfl_award_taxonomy.csv,nfl_award_taxonomy,definition,5,ap_droy,"{""award_id"":""ap_droy"",""award_name"":""AP NFL Defensive Rookie of the Year"",""award_family"":""official_ap_honors"",""scope"":""league"",""recipient_type"":""player"",""frequency"":""one_per_season"",""primary_positions"":""EDGE|DL|LB|CB|S"",""secondary_positions"":"""",""history_weight"":""major"",""visibility_boost"":""high"",""contract_signal"":""high"",""notes"":""Rookie-only defensive award; pass rushers, linebackers, and standout defensive backs are strongest candidates.""}"
nfl_awards,nfl_award_taxonomy.csv,nfl_award_taxonomy,definition,6,ap_cpoy,"{""award_id"":""ap_cpoy"",""award_name"":""AP NFL Comeback Player of the Year"",""award_family"":""official_ap_honors"",""scope"":""league"",""recipient_type"":""player"",""frequency"":""one_per_season"",""primary_positions"":""QB|RB|WR|TE|EDGE|DL|LB|CB|S|OL|K|P"",""secondary_positions"":"""",""history_weight"":""major"",""visibility_boost"":""high"",""contract_signal"":""medium_high"",""notes"":""Requires previous-year missed time or major adversity. Do not use simply for normal improvement unless rules explicitly allow.""}"
nfl_awards,nfl_award_taxonomy.csv,nfl_award_taxonomy,definition,7,ap_first_team_all_pro,"{""award_id"":""ap_first_team_all_pro"",""award_name"":""AP First-Team All-Pro"",""award_family"":""all_pro"",""scope"":""league_position"",""recipient_type"":""player"",""frequency"":""per_slot_per_season"",""primary_positions"":""ALL"",""secondary_positions"":""support_roles"",""history_weight"":""elite"",""visibility_boost"":""high"",""contract_signal"":""very_high"",""notes"":""Position-slot award selected by AP panel; major career-history marker.""}"
nfl_awards,nfl_award_taxonomy.csv,nfl_award_taxonomy,definition,8,ap_second_team_all_pro,"{""award_id"":""ap_second_team_all_pro"",""award_name"":""AP Second-Team All-Pro"",""award_family"":""all_pro"",""scope"":""league_position"",""recipient_type"":""player"",""frequency"":""per_slot_per_season"",""primary_positions"":""ALL"",""secondary_positions"":""support_roles"",""history_weight"":""major"",""visibility_boost"":""medium_high"",""contract_signal"":""high"",""notes"":""Second-team AP slot; still a major player-history marker.""}"
nfl_awards,nfl_award_taxonomy.csv,nfl_award_taxonomy,definition,9,pfwa_all_nfl,"{""award_id"":""pfwa_all_nfl"",""award_name"":""PFWA All-NFL Team"",""award_family"":""all_pro_alt_selector"",""scope"":""league_position"",""recipient_type"":""player"",""frequency"":""per_slot_per_season"",""primary_positions"":""ALL"",""secondary_positions"":""support_roles"",""history_weight"":""major"",""visibility_boost"":""medium_high"",""contract_signal"":""high"",""notes"":""Alternative national selector; useful for history flavor and tie-breakers.""}"
nfl_awards,nfl_award_taxonomy.csv,nfl_award_taxonomy,definition,10,sporting_news_all_pro,"{""award_id"":""sporting_news_all_pro"",""award_name"":""Sporting News All-Pro"",""award_family"":""all_pro_alt_selector"",""scope"":""league_position"",""recipient_type"":""player"",""frequency"":""per_slot_per_season"",""primary_positions"":""ALL"",""secondary_positions"":""support_roles"",""history_weight"":""major"",""visibility_boost"":""medium_high"",""contract_signal"":""medium_high"",""notes"":""Alternative selector; modeled as coach/executive/player-oriented recognition.""}"
nfl_awards,nfl_award_taxonomy.csv,nfl_award_taxonomy,definition,11,pro_bowl,"{""award_id"":""pro_bowl"",""award_name"":""Pro Bowl Selection"",""award_family"":""pro_bowl"",""scope"":""conference_position"",""recipient_type"":""player"",""frequency"":""per_slot_per_conference"",""primary_positions"":""ALL"",""secondary_positions"":""support_roles"",""history_weight"":""medium_high"",""visibility_boost"":""medium"",""contract_signal"":""medium_high"",""notes"":""Fan/player/coach recognition; more popularity and team visibility influence than All-Pro.""}"
nfl_awards,nfl_award_taxonomy.csv,nfl_award_taxonomy,definition,12,pro_bowl_alternate,"{""award_id"":""pro_bowl_alternate"",""award_name"":""Pro Bowl Alternate"",""award_family"":""pro_bowl"",""scope"":""conference_position"",""recipient_type"":""player"",""frequency"":""variable"",""primary_positions"":""ALL"",""secondary_positions"":""support_roles"",""history_weight"":""medium"",""visibility_boost"":""medium_low"",""contract_signal"":""medium"",""notes"":""Generated for near-miss players; can become selected if primary players are unavailable.""}"
nfl_awards,nfl_award_taxonomy.csv,nfl_award_taxonomy,definition,13,team_mvp,"{""award_id"":""team_mvp"",""award_name"":""Team Most Valuable Player"",""award_family"":""team_award"",""scope"":""team"",""recipient_type"":""player"",""frequency"":""one_per_team_season"",""primary_positions"":""ALL"",""secondary_positions"":"""",""history_weight"":""medium"",""visibility_boost"":""low"",""contract_signal"":""medium"",""notes"":""Optional generated team-history award, useful for role pages and fictional history depth.""}"
nfl_awards,nfl_award_taxonomy.csv,nfl_award_taxonomy,definition,14,team_opoy,"{""award_id"":""team_opoy"",""award_name"":""Team Offensive Player of the Year"",""award_family"":""team_award"",""scope"":""team_offense"",""recipient_type"":""player"",""frequency"":""one_per_team_season"",""primary_positions"":""QB|RB|WR|TE|OL"",""secondary_positions"":"""",""history_weight"":""medium_low"",""visibility_boost"":""low"",""contract_signal"":""medium_low"",""notes"":""Fictional team award.""}"
nfl_awards,nfl_award_taxonomy.csv,nfl_award_taxonomy,definition,15,team_dpoy,"{""award_id"":""team_dpoy"",""award_name"":""Team Defensive Player of the Year"",""award_family"":""team_award"",""scope"":""team_defense"",""recipient_type"":""player"",""frequency"":""one_per_team_season"",""primary_positions"":""EDGE|DL|LB|CB|S"",""secondary_positions"":"""",""history_weight"":""medium_low"",""visibility_boost"":""low"",""contract_signal"":""medium_low"",""notes"":""Fictional team award.""}"
nfl_awards,nfl_award_taxonomy.csv,nfl_award_taxonomy,definition,16,team_stpoy,"{""award_id"":""team_stpoy"",""award_name"":""Team Special Teams Player of the Year"",""award_family"":""team_award"",""scope"":""team_special_teams"",""recipient_type"":""player"",""frequency"":""one_per_team_season"",""primary_positions"":""K|P|CB|S|LB|WR|RB"",""secondary_positions"":""support_roles"",""history_weight"":""low"",""visibility_boost"":""low"",""contract_signal"":""low"",""notes"":""Fictional team award for specialists, returners, and coverage aces.""}"
nfl_awards,nfl_award_team_context_modifiers.csv,nfl_award_team_context_modifiers,modifier,1,nfl_award_team_context_modifiers:1,"{""context_id"":""elite_team_13_plus_wins"",""mvp_multiplier"":""1.1"",""opoy_dpoy_multiplier"":""1.04"",""all_pro_multiplier"":""1.0"",""pro_bowl_multiplier"":""1.18"",""team_award_multiplier"":""1.08"",""notes"":""Boost MVP/COTY-like narratives and Pro Bowl visibility.""}"
nfl_awards,nfl_award_team_context_modifiers.csv,nfl_award_team_context_modifiers,modifier,2,nfl_award_team_context_modifiers:2,"{""context_id"":""playoff_team"",""mvp_multiplier"":""1.06"",""opoy_dpoy_multiplier"":""1.02"",""all_pro_multiplier"":""1.0"",""pro_bowl_multiplier"":""1.1"",""team_award_multiplier"":""1.05"",""notes"":""Moderate boost for major awards and popularity.""}"
nfl_awards,nfl_award_team_context_modifiers.csv,nfl_award_team_context_modifiers,modifier,3,nfl_award_team_context_modifiers:3,"{""context_id"":""non_playoff_team"",""mvp_multiplier"":""0.88"",""opoy_dpoy_multiplier"":""0.98"",""all_pro_multiplier"":""1.0"",""pro_bowl_multiplier"":""0.92"",""team_award_multiplier"":""0.97"",""notes"":""MVP/OPOY penalty; All-Pro less affected.""}"
nfl_awards,nfl_award_team_context_modifiers.csv,nfl_award_team_context_modifiers,modifier,4,nfl_award_team_context_modifiers:4,"{""context_id"":""bad_team_5_or_fewer_wins"",""mvp_multiplier"":""0.7"",""opoy_dpoy_multiplier"":""0.92"",""all_pro_multiplier"":""0.96"",""pro_bowl_multiplier"":""0.75"",""team_award_multiplier"":""0.9"",""notes"":""Major award and Pro Bowl visibility penalty; allow All-Pro if production is elite.""}"
nfl_awards,nfl_award_team_context_modifiers.csv,nfl_award_team_context_modifiers,modifier,5,nfl_award_team_context_modifiers:5,"{""context_id"":""top_5_offense"",""mvp_multiplier"":""1.08"",""opoy_dpoy_multiplier"":""1.08"",""all_pro_multiplier"":""1.0"",""pro_bowl_multiplier"":""1.08"",""team_award_multiplier"":""1.05"",""notes"":""Boost offensive awards.""}"
nfl_awards,nfl_award_team_context_modifiers.csv,nfl_award_team_context_modifiers,modifier,6,nfl_award_team_context_modifiers:6,"{""context_id"":""top_5_defense"",""mvp_multiplier"":""1.0"",""opoy_dpoy_multiplier"":""1.0"",""all_pro_multiplier"":""1.1"",""pro_bowl_multiplier"":""1.06"",""team_award_multiplier"":""1.05"",""notes"":""Boost defensive awards.""}"
nfl_awards,nfl_award_team_context_modifiers.csv,nfl_award_team_context_modifiers,modifier,7,nfl_award_team_context_modifiers:7,"{""context_id"":""large_market"",""mvp_multiplier"":""1.02"",""opoy_dpoy_multiplier"":""1.01"",""all_pro_multiplier"":""1.01"",""pro_bowl_multiplier"":""1.08"",""team_award_multiplier"":""1.02"",""notes"":""Small visibility bump mostly for Pro Bowl/narrative.""}"
nfl_awards,nfl_award_team_context_modifiers.csv,nfl_award_team_context_modifiers,modifier,8,nfl_award_team_context_modifiers:8,"{""context_id"":""small_market"",""mvp_multiplier"":""0.99"",""opoy_dpoy_multiplier"":""1.0"",""all_pro_multiplier"":""1.0"",""pro_bowl_multiplier"":""0.96"",""team_award_multiplier"":""1.0"",""notes"":""Tiny visibility penalty only.""}"
nfl_awards,nfl_award_to_contract_reputation_signal_weights.csv,nfl_award_to_contract_reputation_signal_weights,weight_distribution,1,ap_mvp,"{""award_id"":""ap_mvp"",""reputation_boost"":""1.0"",""contract_value_signal"":""0.9"",""hall_of_fame_path_signal"":""1.0"",""scouting_confidence_boost"":""0.55"",""history_tag"":""franchise_legend_signal"",""notes"":""Awards should influence reputation, contract expectations, and scouting certainty, not directly increase true ability.""}"
nfl_awards,nfl_award_to_contract_reputation_signal_weights.csv,nfl_award_to_contract_reputation_signal_weights,weight_distribution,2,ap_opoy,"{""award_id"":""ap_opoy"",""reputation_boost"":""0.85"",""contract_value_signal"":""0.75"",""hall_of_fame_path_signal"":""0.8"",""scouting_confidence_boost"":""0.45"",""history_tag"":""elite_offensive_signal"",""notes"":""Awards should influence reputation, contract expectations, and scouting certainty, not directly increase true ability.""}"
nfl_awards,nfl_award_to_contract_reputation_signal_weights.csv,nfl_award_to_contract_reputation_signal_weights,weight_distribution,3,ap_dpoy,"{""award_id"":""ap_dpoy"",""reputation_boost"":""0.85"",""contract_value_signal"":""0.75"",""hall_of_fame_path_signal"":""0.8"",""scouting_confidence_boost"":""0.45"",""history_tag"":""elite_defensive_signal"",""notes"":""Awards should influence reputation, contract expectations, and scouting certainty, not directly increase true ability.""}"
nfl_awards,nfl_award_to_contract_reputation_signal_weights.csv,nfl_award_to_contract_reputation_signal_weights,weight_distribution,4,ap_oroy,"{""award_id"":""ap_oroy"",""reputation_boost"":""0.55"",""contract_value_signal"":""0.45"",""hall_of_fame_path_signal"":""0.35"",""scouting_confidence_boost"":""0.38"",""history_tag"":""rookie_star_signal"",""notes"":""Awards should influence reputation, contract expectations, and scouting certainty, not directly increase true ability.""}"
nfl_awards,nfl_award_to_contract_reputation_signal_weights.csv,nfl_award_to_contract_reputation_signal_weights,weight_distribution,5,ap_droy,"{""award_id"":""ap_droy"",""reputation_boost"":""0.55"",""contract_value_signal"":""0.45"",""hall_of_fame_path_signal"":""0.35"",""scouting_confidence_boost"":""0.38"",""history_tag"":""rookie_star_signal"",""notes"":""Awards should influence reputation, contract expectations, and scouting certainty, not directly increase true ability.""}"
nfl_awards,nfl_award_to_contract_reputation_signal_weights.csv,nfl_award_to_contract_reputation_signal_weights,weight_distribution,6,ap_cpoy,"{""award_id"":""ap_cpoy"",""reputation_boost"":""0.45"",""contract_value_signal"":""0.25"",""hall_of_fame_path_signal"":""0.25"",""scouting_confidence_boost"":""0.35"",""history_tag"":""comeback_story_signal"",""notes"":""Awards should influence reputation, contract expectations, and scouting certainty, not directly increase true ability.""}"
nfl_awards,nfl_award_to_contract_reputation_signal_weights.csv,nfl_award_to_contract_reputation_signal_weights,weight_distribution,7,ap_first_team_all_pro,"{""award_id"":""ap_first_team_all_pro"",""reputation_boost"":""0.75"",""contract_value_signal"":""0.7"",""hall_of_fame_path_signal"":""0.7"",""scouting_confidence_boost"":""0.38"",""history_tag"":""elite_position_signal"",""notes"":""Awards should influence reputation, contract expectations, and scouting certainty, not directly increase true ability.""}"
nfl_awards,nfl_award_to_contract_reputation_signal_weights.csv,nfl_award_to_contract_reputation_signal_weights,weight_distribution,8,ap_second_team_all_pro,"{""award_id"":""ap_second_team_all_pro"",""reputation_boost"":""0.55"",""contract_value_signal"":""0.52"",""hall_of_fame_path_signal"":""0.45"",""scouting_confidence_boost"":""0.3"",""history_tag"":""major_position_signal"",""notes"":""Awards should influence reputation, contract expectations, and scouting certainty, not directly increase true ability.""}"
nfl_awards,nfl_award_to_contract_reputation_signal_weights.csv,nfl_award_to_contract_reputation_signal_weights,weight_distribution,9,pro_bowl,"{""award_id"":""pro_bowl"",""reputation_boost"":""0.38"",""contract_value_signal"":""0.35"",""hall_of_fame_path_signal"":""0.25"",""scouting_confidence_boost"":""0.22"",""history_tag"":""recognition_signal"",""notes"":""Awards should influence reputation, contract expectations, and scouting certainty, not directly increase true ability.""}"
nfl_awards,nfl_award_to_contract_reputation_signal_weights.csv,nfl_award_to_contract_reputation_signal_weights,weight_distribution,10,pfwa_all_nfl,"{""award_id"":""pfwa_all_nfl"",""reputation_boost"":""0.5"",""contract_value_signal"":""0.45"",""hall_of_fame_path_signal"":""0.38"",""scouting_confidence_boost"":""0.25"",""history_tag"":""alternate_selector_signal"",""notes"":""Awards should influence reputation, contract expectations, and scouting certainty, not directly increase true ability.""}"
nfl_awards,nfl_award_to_contract_reputation_signal_weights.csv,nfl_award_to_contract_reputation_signal_weights,weight_distribution,11,sporting_news_all_pro,"{""award_id"":""sporting_news_all_pro"",""reputation_boost"":""0.45"",""contract_value_signal"":""0.4"",""hall_of_fame_path_signal"":""0.32"",""scouting_confidence_boost"":""0.24"",""history_tag"":""alternate_selector_signal"",""notes"":""Awards should influence reputation, contract expectations, and scouting certainty, not directly increase true ability.""}"
nfl_awards,nfl_awards_research_basis.csv,nfl_awards_research_basis,research_basis,1,nfl_awards_research_basis:1,"{""source_label"":""Associated Press official NFL awards"",""finding"":""The AP awards are treated as the league official honors and include MVP, Coach, Assistant Coach, Comeback, Offensive/Defensive Player, and Offensive/Defensive Rookie categories."",""applied_to"":""nfl_award_taxonomy.csv|nfl_award_selection_weights.csv"",""confidence"":""high"",""notes"":""Use AP awards as top-level history honors.""}"
nfl_awards,nfl_awards_research_basis.csv,nfl_awards_research_basis,research_basis,2,nfl_awards_research_basis:2,"{""source_label"":""AP voting mechanics"",""finding"":""AP awards use a 50-person panel, finalists/top-five voting, and weighted points. Votes are submitted before playoffs."",""applied_to"":""nfl_award_selection_weights.csv|nfl_award_generation_algorithm.csv"",""confidence"":""high"",""notes"":""Modeled as weighted candidate scores using regular-season production and narrative.""}"
nfl_awards,nfl_awards_research_basis.csv,nfl_awards_research_basis,research_basis,3,nfl_awards_research_basis:3,"{""source_label"":""AP All-Pro model"",""finding"":""AP All-Pro first and second teams are chosen by a 50-person national panel; other selectors like PFWA and Sporting News also name All-Pro teams."",""applied_to"":""nfl_all_pro_roster_slots.csv|nfl_all_pro_selection_weights.csv"",""confidence"":""high"",""notes"":""AP first/second team is primary; PFWA/SN are secondary history flavor.""}"
nfl_awards,nfl_awards_research_basis.csv,nfl_awards_research_basis,research_basis,4,nfl_awards_research_basis:4,"{""source_label"":""Comeback Player criteria clarification"",""finding"":""Recent criteria emphasize players returning from illness, physical injury, or other circumstances causing missed time, not simply improved performance."",""applied_to"":""nfl_award_eligibility_rules.csv|nfl_award_stat_thresholds.csv"",""confidence"":""high"",""notes"":""CPOY requires explicit comeback context.""}"
nfl_awards,nfl_awards_research_basis.csv,nfl_awards_research_basis,research_basis,5,nfl_awards_research_basis:5,"{""source_label"":""Pro Bowl selection model"",""finding"":""Pro Bowl is a popularity/recognition event with conference and position structures and should be less strict than All-Pro."",""applied_to"":""nfl_pro_bowl_selection_rules.csv"",""confidence"":""medium"",""notes"":""Exact roster counts can vary by year/replacements, so this is a game-tuned approximation.""}"
nfl_awards,nfl_pro_bowl_selection_rules.csv,nfl_pro_bowl_selection_rules,rule,1,nfl_pro_bowl_selection_rules:1,"{""conference"":""AFC"",""slot_group"":""QB"",""slot_count"":""3"",""fan_vote_weight"":""0.333"",""player_vote_weight"":""0.333"",""coach_vote_weight"":""0.334"",""reputation_multiplier_max"":""1.18"",""team_visibility_multiplier_max"":""1.12"",""alternate_pool_count"":""4"",""notes"":""Approximate Pro Bowl roster model for sim. Generate alternates; selected players may opt out or become unavailable.""}"
nfl_awards,nfl_pro_bowl_selection_rules.csv,nfl_pro_bowl_selection_rules,rule,2,nfl_pro_bowl_selection_rules:2,"{""conference"":""AFC"",""slot_group"":""RB"",""slot_count"":""3"",""fan_vote_weight"":""0.333"",""player_vote_weight"":""0.333"",""coach_vote_weight"":""0.334"",""reputation_multiplier_max"":""1.18"",""team_visibility_multiplier_max"":""1.12"",""alternate_pool_count"":""4"",""notes"":""Approximate Pro Bowl roster model for sim. Generate alternates; selected players may opt out or become unavailable.""}"
nfl_awards,nfl_pro_bowl_selection_rules.csv,nfl_pro_bowl_selection_rules,rule,3,nfl_pro_bowl_selection_rules:3,"{""conference"":""AFC"",""slot_group"":""WR"",""slot_count"":""4"",""fan_vote_weight"":""0.333"",""player_vote_weight"":""0.333"",""coach_vote_weight"":""0.334"",""reputation_multiplier_max"":""1.18"",""team_visibility_multiplier_max"":""1.12"",""alternate_pool_count"":""5"",""notes"":""Approximate Pro Bowl roster model for sim. Generate alternates; selected players may opt out or become unavailable.""}"
nfl_awards,nfl_pro_bowl_selection_rules.csv,nfl_pro_bowl_selection_rules,rule,4,nfl_pro_bowl_selection_rules:4,"{""conference"":""AFC"",""slot_group"":""TE"",""slot_count"":""2"",""fan_vote_weight"":""0.333"",""player_vote_weight"":""0.333"",""coach_vote_weight"":""0.334"",""reputation_multiplier_max"":""1.18"",""team_visibility_multiplier_max"":""1.12"",""alternate_pool_count"":""3"",""notes"":""Approximate Pro Bowl roster model for sim. Generate alternates; selected players may opt out or become unavailable.""}"
nfl_awards,nfl_pro_bowl_selection_rules.csv,nfl_pro_bowl_selection_rules,rule,5,nfl_pro_bowl_selection_rules:5,"{""conference"":""AFC"",""slot_group"":""OL"",""slot_count"":""8"",""fan_vote_weight"":""0.333"",""player_vote_weight"":""0.333"",""coach_vote_weight"":""0.334"",""reputation_multiplier_max"":""1.18"",""team_visibility_multiplier_max"":""1.12"",""alternate_pool_count"":""5"",""notes"":""Approximate Pro Bowl roster model for sim. Generate alternates; selected players may opt out or become unavailable.""}"
nfl_awards,nfl_pro_bowl_selection_rules.csv,nfl_pro_bowl_selection_rules,rule,6,nfl_pro_bowl_selection_rules:6,"{""conference"":""AFC"",""slot_group"":""EDGE"",""slot_count"":""4"",""fan_vote_weight"":""0.333"",""player_vote_weight"":""0.333"",""coach_vote_weight"":""0.334"",""reputation_multiplier_max"":""1.18"",""team_visibility_multiplier_max"":""1.12"",""alternate_pool_count"":""5"",""notes"":""Approximate Pro Bowl roster model for sim. Generate alternates; selected players may opt out or become unavailable.""}"
nfl_awards,nfl_pro_bowl_selection_rules.csv,nfl_pro_bowl_selection_rules,rule,7,nfl_pro_bowl_selection_rules:7,"{""conference"":""AFC"",""slot_group"":""DL"",""slot_count"":""4"",""fan_vote_weight"":""0.333"",""player_vote_weight"":""0.333"",""coach_vote_weight"":""0.334"",""reputation_multiplier_max"":""1.18"",""team_visibility_multiplier_max"":""1.12"",""alternate_pool_count"":""5"",""notes"":""Approximate Pro Bowl roster model for sim. Generate alternates; selected players may opt out or become unavailable.""}"
nfl_awards,nfl_pro_bowl_selection_rules.csv,nfl_pro_bowl_selection_rules,rule,8,nfl_pro_bowl_selection_rules:8,"{""conference"":""AFC"",""slot_group"":""LB"",""slot_count"":""4"",""fan_vote_weight"":""0.333"",""player_vote_weight"":""0.333"",""coach_vote_weight"":""0.334"",""reputation_multiplier_max"":""1.18"",""team_visibility_multiplier_max"":""1.12"",""alternate_pool_count"":""5"",""notes"":""Approximate Pro Bowl roster model for sim. Generate alternates; selected players may opt out or become unavailable.""}"
nfl_awards,nfl_pro_bowl_selection_rules.csv,nfl_pro_bowl_selection_rules,rule,9,nfl_pro_bowl_selection_rules:9,"{""conference"":""AFC"",""slot_group"":""CB"",""slot_count"":""4"",""fan_vote_weight"":""0.333"",""player_vote_weight"":""0.333"",""coach_vote_weight"":""0.334"",""reputation_multiplier_max"":""1.18"",""team_visibility_multiplier_max"":""1.12"",""alternate_pool_count"":""5"",""notes"":""Approximate Pro Bowl roster model for sim. Generate alternates; selected players may opt out or become unavailable.""}"
nfl_awards,nfl_pro_bowl_selection_rules.csv,nfl_pro_bowl_selection_rules,rule,10,nfl_pro_bowl_selection_rules:10,"{""conference"":""AFC"",""slot_group"":""S"",""slot_count"":""3"",""fan_vote_weight"":""0.333"",""player_vote_weight"":""0.333"",""coach_vote_weight"":""0.334"",""reputation_multiplier_max"":""1.18"",""team_visibility_multiplier_max"":""1.12"",""alternate_pool_count"":""4"",""notes"":""Approximate Pro Bowl roster model for sim. Generate alternates; selected players may opt out or become unavailable.""}"
nfl_awards,nfl_pro_bowl_selection_rules.csv,nfl_pro_bowl_selection_rules,rule,11,nfl_pro_bowl_selection_rules:11,"{""conference"":""AFC"",""slot_group"":""K"",""slot_count"":""1"",""fan_vote_weight"":""0.333"",""player_vote_weight"":""0.333"",""coach_vote_weight"":""0.334"",""reputation_multiplier_max"":""1.18"",""team_visibility_multiplier_max"":""1.12"",""alternate_pool_count"":""2"",""notes"":""Approximate Pro Bowl roster model for sim. Generate alternates; selected players may opt out or become unavailable.""}"
nfl_awards,nfl_pro_bowl_selection_rules.csv,nfl_pro_bowl_selection_rules,rule,12,nfl_pro_bowl_selection_rules:12,"{""conference"":""AFC"",""slot_group"":""P"",""slot_count"":""1"",""fan_vote_weight"":""0.333"",""player_vote_weight"":""0.333"",""coach_vote_weight"":""0.334"",""reputation_multiplier_max"":""1.18"",""team_visibility_multiplier_max"":""1.12"",""alternate_pool_count"":""2"",""notes"":""Approximate Pro Bowl roster model for sim. Generate alternates; selected players may opt out or become unavailable.""}"
nfl_awards,nfl_pro_bowl_selection_rules.csv,nfl_pro_bowl_selection_rules,rule,13,nfl_pro_bowl_selection_rules:13,"{""conference"":""AFC"",""slot_group"":""returner"",""slot_count"":""1"",""fan_vote_weight"":""0.333"",""player_vote_weight"":""0.333"",""coach_vote_weight"":""0.334"",""reputation_multiplier_max"":""1.18"",""team_visibility_multiplier_max"":""1.12"",""alternate_pool_count"":""2"",""notes"":""Approximate Pro Bowl roster model for sim. Generate alternates; selected players may opt out or become unavailable.""}"
nfl_awards,nfl_pro_bowl_selection_rules.csv,nfl_pro_bowl_selection_rules,rule,14,nfl_pro_bowl_selection_rules:14,"{""conference"":""AFC"",""slot_group"":""special_teamer"",""slot_count"":""1"",""fan_vote_weight"":""0.333"",""player_vote_weight"":""0.333"",""coach_vote_weight"":""0.334"",""reputation_multiplier_max"":""1.18"",""team_visibility_multiplier_max"":""1.12"",""alternate_pool_count"":""2"",""notes"":""Approximate Pro Bowl roster model for sim. Generate alternates; selected players may opt out or become unavailable.""}"
nfl_awards,nfl_pro_bowl_selection_rules.csv,nfl_pro_bowl_selection_rules,rule,15,nfl_pro_bowl_selection_rules:15,"{""conference"":""AFC"",""slot_group"":""long_snapper"",""slot_count"":""1"",""fan_vote_weight"":""0.333"",""player_vote_weight"":""0.333"",""coach_vote_weight"":""0.334"",""reputation_multiplier_max"":""1.18"",""team_visibility_multiplier_max"":""1.12"",""alternate_pool_count"":""2"",""notes"":""Approximate Pro Bowl roster model for sim. Generate alternates; selected players may opt out or become unavailable.""}"
nfl_awards,nfl_pro_bowl_selection_rules.csv,nfl_pro_bowl_selection_rules,rule,16,nfl_pro_bowl_selection_rules:16,"{""conference"":""NFC"",""slot_group"":""QB"",""slot_count"":""3"",""fan_vote_weight"":""0.333"",""player_vote_weight"":""0.333"",""coach_vote_weight"":""0.334"",""reputation_multiplier_max"":""1.18"",""team_visibility_multiplier_max"":""1.12"",""alternate_pool_count"":""4"",""notes"":""Approximate Pro Bowl roster model for sim. Generate alternates; selected players may opt out or become unavailable.""}"
nfl_awards,nfl_pro_bowl_selection_rules.csv,nfl_pro_bowl_selection_rules,rule,17,nfl_pro_bowl_selection_rules:17,"{""conference"":""NFC"",""slot_group"":""RB"",""slot_count"":""3"",""fan_vote_weight"":""0.333"",""player_vote_weight"":""0.333"",""coach_vote_weight"":""0.334"",""reputation_multiplier_max"":""1.18"",""team_visibility_multiplier_max"":""1.12"",""alternate_pool_count"":""4"",""notes"":""Approximate Pro Bowl roster model for sim. Generate alternates; selected players may opt out or become unavailable.""}"
nfl_awards,nfl_pro_bowl_selection_rules.csv,nfl_pro_bowl_selection_rules,rule,18,nfl_pro_bowl_selection_rules:18,"{""conference"":""NFC"",""slot_group"":""WR"",""slot_count"":""4"",""fan_vote_weight"":""0.333"",""player_vote_weight"":""0.333"",""coach_vote_weight"":""0.334"",""reputation_multiplier_max"":""1.18"",""team_visibility_multiplier_max"":""1.12"",""alternate_pool_count"":""5"",""notes"":""Approximate Pro Bowl roster model for sim. Generate alternates; selected players may opt out or become unavailable.""}"
nfl_awards,nfl_pro_bowl_selection_rules.csv,nfl_pro_bowl_selection_rules,rule,19,nfl_pro_bowl_selection_rules:19,"{""conference"":""NFC"",""slot_group"":""TE"",""slot_count"":""2"",""fan_vote_weight"":""0.333"",""player_vote_weight"":""0.333"",""coach_vote_weight"":""0.334"",""reputation_multiplier_max"":""1.18"",""team_visibility_multiplier_max"":""1.12"",""alternate_pool_count"":""3"",""notes"":""Approximate Pro Bowl roster model for sim. Generate alternates; selected players may opt out or become unavailable.""}"
nfl_awards,nfl_pro_bowl_selection_rules.csv,nfl_pro_bowl_selection_rules,rule,20,nfl_pro_bowl_selection_rules:20,"{""conference"":""NFC"",""slot_group"":""OL"",""slot_count"":""8"",""fan_vote_weight"":""0.333"",""player_vote_weight"":""0.333"",""coach_vote_weight"":""0.334"",""reputation_multiplier_max"":""1.18"",""team_visibility_multiplier_max"":""1.12"",""alternate_pool_count"":""5"",""notes"":""Approximate Pro Bowl roster model for sim. Generate alternates; selected players may opt out or become unavailable.""}"
nfl_awards,nfl_pro_bowl_selection_rules.csv,nfl_pro_bowl_selection_rules,rule,21,nfl_pro_bowl_selection_rules:21,"{""conference"":""NFC"",""slot_group"":""EDGE"",""slot_count"":""4"",""fan_vote_weight"":""0.333"",""player_vote_weight"":""0.333"",""coach_vote_weight"":""0.334"",""reputation_multiplier_max"":""1.18"",""team_visibility_multiplier_max"":""1.12"",""alternate_pool_count"":""5"",""notes"":""Approximate Pro Bowl roster model for sim. Generate alternates; selected players may opt out or become unavailable.""}"
nfl_awards,nfl_pro_bowl_selection_rules.csv,nfl_pro_bowl_selection_rules,rule,22,nfl_pro_bowl_selection_rules:22,"{""conference"":""NFC"",""slot_group"":""DL"",""slot_count"":""4"",""fan_vote_weight"":""0.333"",""player_vote_weight"":""0.333"",""coach_vote_weight"":""0.334"",""reputation_multiplier_max"":""1.18"",""team_visibility_multiplier_max"":""1.12"",""alternate_pool_count"":""5"",""notes"":""Approximate Pro Bowl roster model for sim. Generate alternates; selected players may opt out or become unavailable.""}"
nfl_awards,nfl_pro_bowl_selection_rules.csv,nfl_pro_bowl_selection_rules,rule,23,nfl_pro_bowl_selection_rules:23,"{""conference"":""NFC"",""slot_group"":""LB"",""slot_count"":""4"",""fan_vote_weight"":""0.333"",""player_vote_weight"":""0.333"",""coach_vote_weight"":""0.334"",""reputation_multiplier_max"":""1.18"",""team_visibility_multiplier_max"":""1.12"",""alternate_pool_count"":""5"",""notes"":""Approximate Pro Bowl roster model for sim. Generate alternates; selected players may opt out or become unavailable.""}"
nfl_awards,nfl_pro_bowl_selection_rules.csv,nfl_pro_bowl_selection_rules,rule,24,nfl_pro_bowl_selection_rules:24,"{""conference"":""NFC"",""slot_group"":""CB"",""slot_count"":""4"",""fan_vote_weight"":""0.333"",""player_vote_weight"":""0.333"",""coach_vote_weight"":""0.334"",""reputation_multiplier_max"":""1.18"",""team_visibility_multiplier_max"":""1.12"",""alternate_pool_count"":""5"",""notes"":""Approximate Pro Bowl roster model for sim. Generate alternates; selected players may opt out or become unavailable.""}"
nfl_awards,nfl_pro_bowl_selection_rules.csv,nfl_pro_bowl_selection_rules,rule,25,nfl_pro_bowl_selection_rules:25,"{""conference"":""NFC"",""slot_group"":""S"",""slot_count"":""3"",""fan_vote_weight"":""0.333"",""player_vote_weight"":""0.333"",""coach_vote_weight"":""0.334"",""reputation_multiplier_max"":""1.18"",""team_visibility_multiplier_max"":""1.12"",""alternate_pool_count"":""4"",""notes"":""Approximate Pro Bowl roster model for sim. Generate alternates; selected players may opt out or become unavailable.""}"
nfl_awards,nfl_pro_bowl_selection_rules.csv,nfl_pro_bowl_selection_rules,rule,26,nfl_pro_bowl_selection_rules:26,"{""conference"":""NFC"",""slot_group"":""K"",""slot_count"":""1"",""fan_vote_weight"":""0.333"",""player_vote_weight"":""0.333"",""coach_vote_weight"":""0.334"",""reputation_multiplier_max"":""1.18"",""team_visibility_multiplier_max"":""1.12"",""alternate_pool_count"":""2"",""notes"":""Approximate Pro Bowl roster model for sim. Generate alternates; selected players may opt out or become unavailable.""}"
nfl_awards,nfl_pro_bowl_selection_rules.csv,nfl_pro_bowl_selection_rules,rule,27,nfl_pro_bowl_selection_rules:27,"{""conference"":""NFC"",""slot_group"":""P"",""slot_count"":""1"",""fan_vote_weight"":""0.333"",""player_vote_weight"":""0.333"",""coach_vote_weight"":""0.334"",""reputation_multiplier_max"":""1.18"",""team_visibility_multiplier_max"":""1.12"",""alternate_pool_count"":""2"",""notes"":""Approximate Pro Bowl roster model for sim. Generate alternates; selected players may opt out or become unavailable.""}"
nfl_awards,nfl_pro_bowl_selection_rules.csv,nfl_pro_bowl_selection_rules,rule,28,nfl_pro_bowl_selection_rules:28,"{""conference"":""NFC"",""slot_group"":""returner"",""slot_count"":""1"",""fan_vote_weight"":""0.333"",""player_vote_weight"":""0.333"",""coach_vote_weight"":""0.334"",""reputation_multiplier_max"":""1.18"",""team_visibility_multiplier_max"":""1.12"",""alternate_pool_count"":""2"",""notes"":""Approximate Pro Bowl roster model for sim. Generate alternates; selected players may opt out or become unavailable.""}"
nfl_awards,nfl_pro_bowl_selection_rules.csv,nfl_pro_bowl_selection_rules,rule,29,nfl_pro_bowl_selection_rules:29,"{""conference"":""NFC"",""slot_group"":""special_teamer"",""slot_count"":""1"",""fan_vote_weight"":""0.333"",""player_vote_weight"":""0.333"",""coach_vote_weight"":""0.334"",""reputation_multiplier_max"":""1.18"",""team_visibility_multiplier_max"":""1.12"",""alternate_pool_count"":""2"",""notes"":""Approximate Pro Bowl roster model for sim. Generate alternates; selected players may opt out or become unavailable.""}"
nfl_awards,nfl_pro_bowl_selection_rules.csv,nfl_pro_bowl_selection_rules,rule,30,nfl_pro_bowl_selection_rules:30,"{""conference"":""NFC"",""slot_group"":""long_snapper"",""slot_count"":""1"",""fan_vote_weight"":""0.333"",""player_vote_weight"":""0.333"",""coach_vote_weight"":""0.334"",""reputation_multiplier_max"":""1.18"",""team_visibility_multiplier_max"":""1.12"",""alternate_pool_count"":""2"",""notes"":""Approximate Pro Bowl roster model for sim. Generate alternates; selected players may opt out or become unavailable.""}"
