domain,source_file,source_table,record_category,source_row,row_key,payload_json
scouting,evaluator_scouting_bias_profiles.csv,evaluator_scouting_bias_profiles,runtime_tuning,1,evaluator_scouting_bias_profiles:1,"{""bias_profile"":""balanced"",""athleticism_bias"":""0"",""production_bias"":""0"",""upside_bias"":""0"",""medical_risk_bias"":""0"",""small_school_bias"":""0"",""position_value_bias"":""0"",""notes"":""Neutral view.""}"
scouting,evaluator_scouting_bias_profiles.csv,evaluator_scouting_bias_profiles,runtime_tuning,2,evaluator_scouting_bias_profiles:2,"{""bias_profile"":""resource_rich"",""athleticism_bias"":""1"",""production_bias"":""1"",""upside_bias"":""1"",""medical_risk_bias"":""-1"",""small_school_bias"":""0"",""position_value_bias"":""1"",""notes"":""Well-resourced team sees more complete picture.""}"
scouting,evaluator_scouting_bias_profiles.csv,evaluator_scouting_bias_profiles,runtime_tuning,3,evaluator_scouting_bias_profiles:3,"{""bias_profile"":""limited_resources"",""athleticism_bias"":""2"",""production_bias"":""-1"",""upside_bias"":""-1"",""medical_risk_bias"":""2"",""small_school_bias"":""-2"",""position_value_bias"":""0"",""notes"":""Overweights obvious athletic traits.""}"
scouting,evaluator_scouting_bias_profiles.csv,evaluator_scouting_bias_profiles,runtime_tuning,4,evaluator_scouting_bias_profiles:4,"{""bias_profile"":""region_familiarity"",""athleticism_bias"":""0"",""production_bias"":""2"",""upside_bias"":""1"",""medical_risk_bias"":""-1"",""small_school_bias"":""1"",""position_value_bias"":""0"",""notes"":""Better local knowledge.""}"
scouting,evaluator_scouting_bias_profiles.csv,evaluator_scouting_bias_profiles,runtime_tuning,5,evaluator_scouting_bias_profiles:5,"{""bias_profile"":""pro_projection"",""athleticism_bias"":""1"",""production_bias"":""0"",""upside_bias"":""2"",""medical_risk_bias"":""1"",""small_school_bias"":""-1"",""position_value_bias"":""2"",""notes"":""NFL upside/projection lens.""}"
scouting,evaluator_scouting_bias_profiles.csv,evaluator_scouting_bias_profiles,runtime_tuning,6,evaluator_scouting_bias_profiles:6,"{""bias_profile"":""noisy_projection"",""athleticism_bias"":""2"",""production_bias"":""1"",""upside_bias"":""2"",""medical_risk_bias"":""2"",""small_school_bias"":""-2"",""position_value_bias"":""1"",""notes"":""High variance scouting.""}"
scouting,evaluator_scouting_bias_profiles.csv,evaluator_scouting_bias_profiles,runtime_tuning,7,evaluator_scouting_bias_profiles:7,"{""bias_profile"":""position_expertise"",""athleticism_bias"":""0"",""production_bias"":""1"",""upside_bias"":""1"",""medical_risk_bias"":""-1"",""small_school_bias"":""0"",""position_value_bias"":""2"",""notes"":""Specialist sees role fit better.""}"
scouting,evaluator_scouting_bias_profiles.csv,evaluator_scouting_bias_profiles,runtime_tuning,8,evaluator_scouting_bias_profiles:8,"{""bias_profile"":""small_school_uncertainty"",""athleticism_bias"":""1"",""production_bias"":""-2"",""upside_bias"":""1"",""medical_risk_bias"":""1"",""small_school_bias"":""-3"",""position_value_bias"":""0"",""notes"":""Competition translation uncertainty.""}"
scouting,scouting_base_uncertainty_by_pool_position_group.csv,scouting_base_uncertainty_by_pool_position_group,runtime_tuning,1,QB,"{""pool_id"":""hs_recruit"",""position_group"":""QB"",""current_half_width_min"":""10.0"",""current_half_width_max"":""18.0"",""potential_half_width_min"":""16.0"",""potential_half_width_max"":""26.0"",""medical_uncertainty_base"":""high"",""work_ethic_uncertainty_base"":""high"",""default_confidence"":""38"",""notes"":""Half-width means plus/minus around internal estimate before source and staff modifiers.""}"
scouting,scouting_base_uncertainty_by_pool_position_group.csv,scouting_base_uncertainty_by_pool_position_group,runtime_tuning,2,RB,"{""pool_id"":""hs_recruit"",""position_group"":""RB"",""current_half_width_min"":""8.0"",""current_half_width_max"":""14.0"",""potential_half_width_min"":""12.0"",""potential_half_width_max"":""20.0"",""medical_uncertainty_base"":""high"",""work_ethic_uncertainty_base"":""high"",""default_confidence"":""38"",""notes"":""Half-width means plus/minus around internal estimate before source and staff modifiers.""}"
scouting,scouting_base_uncertainty_by_pool_position_group.csv,scouting_base_uncertainty_by_pool_position_group,runtime_tuning,3,WR,"{""pool_id"":""hs_recruit"",""position_group"":""WR"",""current_half_width_min"":""9.0"",""current_half_width_max"":""16.0"",""potential_half_width_min"":""14.0"",""potential_half_width_max"":""24.0"",""medical_uncertainty_base"":""high"",""work_ethic_uncertainty_base"":""high"",""default_confidence"":""38"",""notes"":""Half-width means plus/minus around internal estimate before source and staff modifiers.""}"
scouting,scouting_base_uncertainty_by_pool_position_group.csv,scouting_base_uncertainty_by_pool_position_group,runtime_tuning,4,TE,"{""pool_id"":""hs_recruit"",""position_group"":""TE"",""current_half_width_min"":""10.0"",""current_half_width_max"":""17.0"",""potential_half_width_min"":""15.0"",""potential_half_width_max"":""26.0"",""medical_uncertainty_base"":""high"",""work_ethic_uncertainty_base"":""high"",""default_confidence"":""38"",""notes"":""Half-width means plus/minus around internal estimate before source and staff modifiers.""}"
scouting,scouting_base_uncertainty_by_pool_position_group.csv,scouting_base_uncertainty_by_pool_position_group,runtime_tuning,5,OL,"{""pool_id"":""hs_recruit"",""position_group"":""OL"",""current_half_width_min"":""9.0"",""current_half_width_max"":""16.0"",""potential_half_width_min"":""14.0"",""potential_half_width_max"":""23.0"",""medical_uncertainty_base"":""high"",""work_ethic_uncertainty_base"":""high"",""default_confidence"":""38"",""notes"":""Half-width means plus/minus around internal estimate before source and staff modifiers.""}"
scouting,scouting_base_uncertainty_by_pool_position_group.csv,scouting_base_uncertainty_by_pool_position_group,runtime_tuning,6,EDGE,"{""pool_id"":""hs_recruit"",""position_group"":""EDGE"",""current_half_width_min"":""9.0"",""current_half_width_max"":""16.0"",""potential_half_width_min"":""14.0"",""potential_half_width_max"":""24.0"",""medical_uncertainty_base"":""high"",""work_ethic_uncertainty_base"":""high"",""default_confidence"":""38"",""notes"":""Half-width means plus/minus around internal estimate before source and staff modifiers.""}"
scouting,scouting_base_uncertainty_by_pool_position_group.csv,scouting_base_uncertainty_by_pool_position_group,runtime_tuning,7,DL,"{""pool_id"":""hs_recruit"",""position_group"":""DL"",""current_half_width_min"":""9.0"",""current_half_width_max"":""16.0"",""potential_half_width_min"":""14.0"",""potential_half_width_max"":""23.0"",""medical_uncertainty_base"":""high"",""work_ethic_uncertainty_base"":""high"",""default_confidence"":""38"",""notes"":""Half-width means plus/minus around internal estimate before source and staff modifiers.""}"
scouting,scouting_base_uncertainty_by_pool_position_group.csv,scouting_base_uncertainty_by_pool_position_group,runtime_tuning,8,LB,"{""pool_id"":""hs_recruit"",""position_group"":""LB"",""current_half_width_min"":""9.0"",""current_half_width_max"":""16.0"",""potential_half_width_min"":""13.0"",""potential_half_width_max"":""23.0"",""medical_uncertainty_base"":""high"",""work_ethic_uncertainty_base"":""high"",""default_confidence"":""38"",""notes"":""Half-width means plus/minus around internal estimate before source and staff modifiers.""}"
scouting,scouting_base_uncertainty_by_pool_position_group.csv,scouting_base_uncertainty_by_pool_position_group,runtime_tuning,9,CB,"{""pool_id"":""hs_recruit"",""position_group"":""CB"",""current_half_width_min"":""10.0"",""current_half_width_max"":""17.0"",""potential_half_width_min"":""14.0"",""potential_half_width_max"":""24.0"",""medical_uncertainty_base"":""high"",""work_ethic_uncertainty_base"":""high"",""default_confidence"":""38"",""notes"":""Half-width means plus/minus around internal estimate before source and staff modifiers.""}"
scouting,scouting_base_uncertainty_by_pool_position_group.csv,scouting_base_uncertainty_by_pool_position_group,runtime_tuning,10,S,"{""pool_id"":""hs_recruit"",""position_group"":""S"",""current_half_width_min"":""9.0"",""current_half_width_max"":""16.0"",""potential_half_width_min"":""13.0"",""potential_half_width_max"":""23.0"",""medical_uncertainty_base"":""high"",""work_ethic_uncertainty_base"":""high"",""default_confidence"":""38"",""notes"":""Half-width means plus/minus around internal estimate before source and staff modifiers.""}"
scouting,scouting_base_uncertainty_by_pool_position_group.csv,scouting_base_uncertainty_by_pool_position_group,runtime_tuning,11,K_P,"{""pool_id"":""hs_recruit"",""position_group"":""K_P"",""current_half_width_min"":""8.0"",""current_half_width_max"":""14.0"",""potential_half_width_min"":""12.0"",""potential_half_width_max"":""22.0"",""medical_uncertainty_base"":""high"",""work_ethic_uncertainty_base"":""high"",""default_confidence"":""38"",""notes"":""Half-width means plus/minus around internal estimate before source and staff modifiers.""}"
scouting,scouting_base_uncertainty_by_pool_position_group.csv,scouting_base_uncertainty_by_pool_position_group,runtime_tuning,12,ATH,"{""pool_id"":""hs_recruit"",""position_group"":""ATH"",""current_half_width_min"":""12.0"",""current_half_width_max"":""22.0"",""potential_half_width_min"":""18.0"",""potential_half_width_max"":""30.0"",""medical_uncertainty_base"":""high"",""work_ethic_uncertainty_base"":""high"",""default_confidence"":""38"",""notes"":""Half-width means plus/minus around internal estimate before source and staff modifiers.""}"
scouting,scouting_base_uncertainty_by_pool_position_group.csv,scouting_base_uncertainty_by_pool_position_group,runtime_tuning,13,QB,"{""pool_id"":""transfer_portal"",""position_group"":""QB"",""current_half_width_min"":""7.0"",""current_half_width_max"":""13.0"",""potential_half_width_min"":""12.0"",""potential_half_width_max"":""22.0"",""medical_uncertainty_base"":""high"",""work_ethic_uncertainty_base"":""high"",""default_confidence"":""50"",""notes"":""Half-width means plus/minus around internal estimate before source and staff modifiers.""}"
scouting,scouting_base_uncertainty_by_pool_position_group.csv,scouting_base_uncertainty_by_pool_position_group,runtime_tuning,14,RB,"{""pool_id"":""transfer_portal"",""position_group"":""RB"",""current_half_width_min"":""5.0"",""current_half_width_max"":""10.0"",""potential_half_width_min"":""8.0"",""potential_half_width_max"":""15.0"",""medical_uncertainty_base"":""high"",""work_ethic_uncertainty_base"":""high"",""default_confidence"":""50"",""notes"":""Half-width means plus/minus around internal estimate before source and staff modifiers.""}"
scouting,scouting_base_uncertainty_by_pool_position_group.csv,scouting_base_uncertainty_by_pool_position_group,runtime_tuning,15,WR,"{""pool_id"":""transfer_portal"",""position_group"":""WR"",""current_half_width_min"":""6.0"",""current_half_width_max"":""12.0"",""potential_half_width_min"":""10.0"",""potential_half_width_max"":""18.0"",""medical_uncertainty_base"":""high"",""work_ethic_uncertainty_base"":""high"",""default_confidence"":""50"",""notes"":""Half-width means plus/minus around internal estimate before source and staff modifiers.""}"
scouting,scouting_base_uncertainty_by_pool_position_group.csv,scouting_base_uncertainty_by_pool_position_group,runtime_tuning,16,TE,"{""pool_id"":""transfer_portal"",""position_group"":""TE"",""current_half_width_min"":""7.0"",""current_half_width_max"":""13.0"",""potential_half_width_min"":""11.0"",""potential_half_width_max"":""20.0"",""medical_uncertainty_base"":""high"",""work_ethic_uncertainty_base"":""high"",""default_confidence"":""50"",""notes"":""Half-width means plus/minus around internal estimate before source and staff modifiers.""}"
scouting,scouting_base_uncertainty_by_pool_position_group.csv,scouting_base_uncertainty_by_pool_position_group,runtime_tuning,17,OL,"{""pool_id"":""transfer_portal"",""position_group"":""OL"",""current_half_width_min"":""6.0"",""current_half_width_max"":""12.0"",""potential_half_width_min"":""9.0"",""potential_half_width_max"":""17.0"",""medical_uncertainty_base"":""high"",""work_ethic_uncertainty_base"":""high"",""default_confidence"":""50"",""notes"":""Half-width means plus/minus around internal estimate before source and staff modifiers.""}"
scouting,scouting_base_uncertainty_by_pool_position_group.csv,scouting_base_uncertainty_by_pool_position_group,runtime_tuning,18,EDGE,"{""pool_id"":""transfer_portal"",""position_group"":""EDGE"",""current_half_width_min"":""6.0"",""current_half_width_max"":""12.0"",""potential_half_width_min"":""10.0"",""potential_half_width_max"":""19.0"",""medical_uncertainty_base"":""high"",""work_ethic_uncertainty_base"":""high"",""default_confidence"":""50"",""notes"":""Half-width means plus/minus around internal estimate before source and staff modifiers.""}"
scouting,scouting_base_uncertainty_by_pool_position_group.csv,scouting_base_uncertainty_by_pool_position_group,runtime_tuning,19,DL,"{""pool_id"":""transfer_portal"",""position_group"":""DL"",""current_half_width_min"":""6.0"",""current_half_width_max"":""11.0"",""potential_half_width_min"":""9.0"",""potential_half_width_max"":""17.0"",""medical_uncertainty_base"":""high"",""work_ethic_uncertainty_base"":""high"",""default_confidence"":""50"",""notes"":""Half-width means plus/minus around internal estimate before source and staff modifiers.""}"
scouting,scouting_base_uncertainty_by_pool_position_group.csv,scouting_base_uncertainty_by_pool_position_group,runtime_tuning,20,LB,"{""pool_id"":""transfer_portal"",""position_group"":""LB"",""current_half_width_min"":""6.0"",""current_half_width_max"":""11.0"",""potential_half_width_min"":""9.0"",""potential_half_width_max"":""17.0"",""medical_uncertainty_base"":""high"",""work_ethic_uncertainty_base"":""high"",""default_confidence"":""50"",""notes"":""Half-width means plus/minus around internal estimate before source and staff modifiers.""}"
scouting,scouting_base_uncertainty_by_pool_position_group.csv,scouting_base_uncertainty_by_pool_position_group,runtime_tuning,21,CB,"{""pool_id"":""transfer_portal"",""position_group"":""CB"",""current_half_width_min"":""6.0"",""current_half_width_max"":""12.0"",""potential_half_width_min"":""10.0"",""potential_half_width_max"":""18.0"",""medical_uncertainty_base"":""high"",""work_ethic_uncertainty_base"":""high"",""default_confidence"":""50"",""notes"":""Half-width means plus/minus around internal estimate before source and staff modifiers.""}"
scouting,scouting_base_uncertainty_by_pool_position_group.csv,scouting_base_uncertainty_by_pool_position_group,runtime_tuning,22,S,"{""pool_id"":""transfer_portal"",""position_group"":""S"",""current_half_width_min"":""6.0"",""current_half_width_max"":""12.0"",""potential_half_width_min"":""9.0"",""potential_half_width_max"":""17.0"",""medical_uncertainty_base"":""high"",""work_ethic_uncertainty_base"":""high"",""default_confidence"":""50"",""notes"":""Half-width means plus/minus around internal estimate before source and staff modifiers.""}"
scouting,scouting_base_uncertainty_by_pool_position_group.csv,scouting_base_uncertainty_by_pool_position_group,runtime_tuning,23,K_P,"{""pool_id"":""transfer_portal"",""position_group"":""K_P"",""current_half_width_min"":""5.0"",""current_half_width_max"":""10.0"",""potential_half_width_min"":""8.0"",""potential_half_width_max"":""15.0"",""medical_uncertainty_base"":""high"",""work_ethic_uncertainty_base"":""high"",""default_confidence"":""50"",""notes"":""Half-width means plus/minus around internal estimate before source and staff modifiers.""}"
scouting,scouting_base_uncertainty_by_pool_position_group.csv,scouting_base_uncertainty_by_pool_position_group,runtime_tuning,24,ATH,"{""pool_id"":""transfer_portal"",""position_group"":""ATH"",""current_half_width_min"":""8.0"",""current_half_width_max"":""15.0"",""potential_half_width_min"":""12.0"",""potential_half_width_max"":""22.0"",""medical_uncertainty_base"":""high"",""work_ethic_uncertainty_base"":""high"",""default_confidence"":""50"",""notes"":""Half-width means plus/minus around internal estimate before source and staff modifiers.""}"
scouting,scouting_base_uncertainty_by_pool_position_group.csv,scouting_base_uncertainty_by_pool_position_group,runtime_tuning,25,QB,"{""pool_id"":""college_internal_own_roster"",""position_group"":""QB"",""current_half_width_min"":""1.7"",""current_half_width_max"":""3.9"",""potential_half_width_min"":""2.8"",""potential_half_width_max"":""5.5"",""medical_uncertainty_base"":""low"",""work_ethic_uncertainty_base"":""low"",""default_confidence"":""78"",""notes"":""Half-width means plus/minus around internal estimate before source and staff modifiers.""}"
scouting,scouting_base_uncertainty_by_pool_position_group.csv,scouting_base_uncertainty_by_pool_position_group,runtime_tuning,26,RB,"{""pool_id"":""college_internal_own_roster"",""position_group"":""RB"",""current_half_width_min"":""1.7"",""current_half_width_max"":""3.3"",""potential_half_width_min"":""2.2"",""potential_half_width_max"":""4.4"",""medical_uncertainty_base"":""low"",""work_ethic_uncertainty_base"":""low"",""default_confidence"":""78"",""notes"":""Half-width means plus/minus around internal estimate before source and staff modifiers.""}"
scouting,scouting_base_uncertainty_by_pool_position_group.csv,scouting_base_uncertainty_by_pool_position_group,runtime_tuning,27,WR,"{""pool_id"":""college_internal_own_roster"",""position_group"":""WR"",""current_half_width_min"":""1.7"",""current_half_width_max"":""3.3"",""potential_half_width_min"":""2.8"",""potential_half_width_max"":""5.0"",""medical_uncertainty_base"":""low"",""work_ethic_uncertainty_base"":""low"",""default_confidence"":""78"",""notes"":""Half-width means plus/minus around internal estimate before source and staff modifiers.""}"
scouting,scouting_base_uncertainty_by_pool_position_group.csv,scouting_base_uncertainty_by_pool_position_group,runtime_tuning,28,TE,"{""pool_id"":""college_internal_own_roster"",""position_group"":""TE"",""current_half_width_min"":""2.2"",""current_half_width_max"":""3.9"",""potential_half_width_min"":""3.3"",""potential_half_width_max"":""5.5"",""medical_uncertainty_base"":""low"",""work_ethic_uncertainty_base"":""low"",""default_confidence"":""78"",""notes"":""Half-width means plus/minus around internal estimate before source and staff modifiers.""}"
scouting,scouting_base_uncertainty_by_pool_position_group.csv,scouting_base_uncertainty_by_pool_position_group,runtime_tuning,29,OL,"{""pool_id"":""college_internal_own_roster"",""position_group"":""OL"",""current_half_width_min"":""1.7"",""current_half_width_max"":""3.3"",""potential_half_width_min"":""2.8"",""potential_half_width_max"":""5.0"",""medical_uncertainty_base"":""low"",""work_ethic_uncertainty_base"":""low"",""default_confidence"":""78"",""notes"":""Half-width means plus/minus around internal estimate before source and staff modifiers.""}"
scouting,scouting_base_uncertainty_by_pool_position_group.csv,scouting_base_uncertainty_by_pool_position_group,runtime_tuning,30,EDGE,"{""pool_id"":""college_internal_own_roster"",""position_group"":""EDGE"",""current_half_width_min"":""1.7"",""current_half_width_max"":""3.9"",""potential_half_width_min"":""2.8"",""potential_half_width_max"":""5.5"",""medical_uncertainty_base"":""low"",""work_ethic_uncertainty_base"":""low"",""default_confidence"":""78"",""notes"":""Half-width means plus/minus around internal estimate before source and staff modifiers.""}"
scouting,scouting_base_uncertainty_by_pool_position_group.csv,scouting_base_uncertainty_by_pool_position_group,runtime_tuning,31,DL,"{""pool_id"":""college_internal_own_roster"",""position_group"":""DL"",""current_half_width_min"":""1.7"",""current_half_width_max"":""3.3"",""potential_half_width_min"":""2.8"",""potential_half_width_max"":""5.0"",""medical_uncertainty_base"":""low"",""work_ethic_uncertainty_base"":""low"",""default_confidence"":""78"",""notes"":""Half-width means plus/minus around internal estimate before source and staff modifiers.""}"
scouting,scouting_base_uncertainty_by_pool_position_group.csv,scouting_base_uncertainty_by_pool_position_group,runtime_tuning,32,LB,"{""pool_id"":""college_internal_own_roster"",""position_group"":""LB"",""current_half_width_min"":""1.7"",""current_half_width_max"":""3.3"",""potential_half_width_min"":""2.8"",""potential_half_width_max"":""5.0"",""medical_uncertainty_base"":""low"",""work_ethic_uncertainty_base"":""low"",""default_confidence"":""78"",""notes"":""Half-width means plus/minus around internal estimate before source and staff modifiers.""}"
scouting,scouting_base_uncertainty_by_pool_position_group.csv,scouting_base_uncertainty_by_pool_position_group,runtime_tuning,33,CB,"{""pool_id"":""college_internal_own_roster"",""position_group"":""CB"",""current_half_width_min"":""1.7"",""current_half_width_max"":""3.9"",""potential_half_width_min"":""2.8"",""potential_half_width_max"":""5.5"",""medical_uncertainty_base"":""low"",""work_ethic_uncertainty_base"":""low"",""default_confidence"":""78"",""notes"":""Half-width means plus/minus around internal estimate before source and staff modifiers.""}"
scouting,scouting_base_uncertainty_by_pool_position_group.csv,scouting_base_uncertainty_by_pool_position_group,runtime_tuning,34,S,"{""pool_id"":""college_internal_own_roster"",""position_group"":""S"",""current_half_width_min"":""1.7"",""current_half_width_max"":""3.9"",""potential_half_width_min"":""2.8"",""potential_half_width_max"":""5.5"",""medical_uncertainty_base"":""low"",""work_ethic_uncertainty_base"":""low"",""default_confidence"":""78"",""notes"":""Half-width means plus/minus around internal estimate before source and staff modifiers.""}"
scouting,scouting_base_uncertainty_by_pool_position_group.csv,scouting_base_uncertainty_by_pool_position_group,runtime_tuning,35,K_P,"{""pool_id"":""college_internal_own_roster"",""position_group"":""K_P"",""current_half_width_min"":""1.1"",""current_half_width_max"":""2.8"",""potential_half_width_min"":""1.7"",""potential_half_width_max"":""3.9"",""medical_uncertainty_base"":""low"",""work_ethic_uncertainty_base"":""low"",""default_confidence"":""78"",""notes"":""Half-width means plus/minus around internal estimate before source and staff modifiers.""}"
scouting,scouting_base_uncertainty_by_pool_position_group.csv,scouting_base_uncertainty_by_pool_position_group,runtime_tuning,36,ATH,"{""pool_id"":""college_internal_own_roster"",""position_group"":""ATH"",""current_half_width_min"":""2.2"",""current_half_width_max"":""4.4"",""potential_half_width_min"":""3.9"",""potential_half_width_max"":""6.6"",""medical_uncertainty_base"":""low"",""work_ethic_uncertainty_base"":""low"",""default_confidence"":""78"",""notes"":""Half-width means plus/minus around internal estimate before source and staff modifiers.""}"
scouting,scouting_base_uncertainty_by_pool_position_group.csv,scouting_base_uncertainty_by_pool_position_group,runtime_tuning,37,QB,"{""pool_id"":""college_opponent_roster"",""position_group"":""QB"",""current_half_width_min"":""8.8"",""current_half_width_max"":""16.2"",""potential_half_width_min"":""15.0"",""potential_half_width_max"":""27.5"",""medical_uncertainty_base"":""high"",""work_ethic_uncertainty_base"":""high"",""default_confidence"":""38"",""notes"":""Half-width means plus/minus around internal estimate before source and staff modifiers.""}"
scouting,scouting_base_uncertainty_by_pool_position_group.csv,scouting_base_uncertainty_by_pool_position_group,runtime_tuning,38,RB,"{""pool_id"":""college_opponent_roster"",""position_group"":""RB"",""current_half_width_min"":""6.2"",""current_half_width_max"":""12.5"",""potential_half_width_min"":""10.0"",""potential_half_width_max"":""18.8"",""medical_uncertainty_base"":""high"",""work_ethic_uncertainty_base"":""high"",""default_confidence"":""38"",""notes"":""Half-width means plus/minus around internal estimate before source and staff modifiers.""}"
scouting,scouting_base_uncertainty_by_pool_position_group.csv,scouting_base_uncertainty_by_pool_position_group,runtime_tuning,39,WR,"{""pool_id"":""college_opponent_roster"",""position_group"":""WR"",""current_half_width_min"":""7.5"",""current_half_width_max"":""15.0"",""potential_half_width_min"":""12.5"",""potential_half_width_max"":""22.5"",""medical_uncertainty_base"":""high"",""work_ethic_uncertainty_base"":""high"",""default_confidence"":""38"",""notes"":""Half-width means plus/minus around internal estimate before source and staff modifiers.""}"
scouting,scouting_base_uncertainty_by_pool_position_group.csv,scouting_base_uncertainty_by_pool_position_group,runtime_tuning,40,TE,"{""pool_id"":""college_opponent_roster"",""position_group"":""TE"",""current_half_width_min"":""8.8"",""current_half_width_max"":""16.2"",""potential_half_width_min"":""13.8"",""potential_half_width_max"":""25.0"",""medical_uncertainty_base"":""high"",""work_ethic_uncertainty_base"":""high"",""default_confidence"":""38"",""notes"":""Half-width means plus/minus around internal estimate before source and staff modifiers.""}"
scouting,scouting_base_uncertainty_by_pool_position_group.csv,scouting_base_uncertainty_by_pool_position_group,runtime_tuning,41,OL,"{""pool_id"":""college_opponent_roster"",""position_group"":""OL"",""current_half_width_min"":""7.5"",""current_half_width_max"":""15.0"",""potential_half_width_min"":""11.2"",""potential_half_width_max"":""21.2"",""medical_uncertainty_base"":""high"",""work_ethic_uncertainty_base"":""high"",""default_confidence"":""38"",""notes"":""Half-width means plus/minus around internal estimate before source and staff modifiers.""}"
scouting,scouting_base_uncertainty_by_pool_position_group.csv,scouting_base_uncertainty_by_pool_position_group,runtime_tuning,42,EDGE,"{""pool_id"":""college_opponent_roster"",""position_group"":""EDGE"",""current_half_width_min"":""7.5"",""current_half_width_max"":""15.0"",""potential_half_width_min"":""12.5"",""potential_half_width_max"":""23.8"",""medical_uncertainty_base"":""high"",""work_ethic_uncertainty_base"":""high"",""default_confidence"":""38"",""notes"":""Half-width means plus/minus around internal estimate before source and staff modifiers.""}"
scouting,scouting_base_uncertainty_by_pool_position_group.csv,scouting_base_uncertainty_by_pool_position_group,runtime_tuning,43,DL,"{""pool_id"":""college_opponent_roster"",""position_group"":""DL"",""current_half_width_min"":""7.5"",""current_half_width_max"":""13.8"",""potential_half_width_min"":""11.2"",""potential_half_width_max"":""21.2"",""medical_uncertainty_base"":""high"",""work_ethic_uncertainty_base"":""high"",""default_confidence"":""38"",""notes"":""Half-width means plus/minus around internal estimate before source and staff modifiers.""}"
scouting,scouting_base_uncertainty_by_pool_position_group.csv,scouting_base_uncertainty_by_pool_position_group,runtime_tuning,44,LB,"{""pool_id"":""college_opponent_roster"",""position_group"":""LB"",""current_half_width_min"":""7.5"",""current_half_width_max"":""13.8"",""potential_half_width_min"":""11.2"",""potential_half_width_max"":""21.2"",""medical_uncertainty_base"":""high"",""work_ethic_uncertainty_base"":""high"",""default_confidence"":""38"",""notes"":""Half-width means plus/minus around internal estimate before source and staff modifiers.""}"
scouting,scouting_base_uncertainty_by_pool_position_group.csv,scouting_base_uncertainty_by_pool_position_group,runtime_tuning,45,CB,"{""pool_id"":""college_opponent_roster"",""position_group"":""CB"",""current_half_width_min"":""7.5"",""current_half_width_max"":""15.0"",""potential_half_width_min"":""12.5"",""potential_half_width_max"":""22.5"",""medical_uncertainty_base"":""high"",""work_ethic_uncertainty_base"":""high"",""default_confidence"":""38"",""notes"":""Half-width means plus/minus around internal estimate before source and staff modifiers.""}"
scouting,scouting_base_uncertainty_by_pool_position_group.csv,scouting_base_uncertainty_by_pool_position_group,runtime_tuning,46,S,"{""pool_id"":""college_opponent_roster"",""position_group"":""S"",""current_half_width_min"":""7.5"",""current_half_width_max"":""15.0"",""potential_half_width_min"":""11.2"",""potential_half_width_max"":""21.2"",""medical_uncertainty_base"":""high"",""work_ethic_uncertainty_base"":""high"",""default_confidence"":""38"",""notes"":""Half-width means plus/minus around internal estimate before source and staff modifiers.""}"
scouting,scouting_base_uncertainty_by_pool_position_group.csv,scouting_base_uncertainty_by_pool_position_group,runtime_tuning,47,K_P,"{""pool_id"":""college_opponent_roster"",""position_group"":""K_P"",""current_half_width_min"":""6.2"",""current_half_width_max"":""12.5"",""potential_half_width_min"":""10.0"",""potential_half_width_max"":""18.8"",""medical_uncertainty_base"":""high"",""work_ethic_uncertainty_base"":""high"",""default_confidence"":""38"",""notes"":""Half-width means plus/minus around internal estimate before source and staff modifiers.""}"
scouting,scouting_base_uncertainty_by_pool_position_group.csv,scouting_base_uncertainty_by_pool_position_group,runtime_tuning,48,ATH,"{""pool_id"":""college_opponent_roster"",""position_group"":""ATH"",""current_half_width_min"":""10.0"",""current_half_width_max"":""18.8"",""potential_half_width_min"":""15.0"",""potential_half_width_max"":""27.5"",""medical_uncertainty_base"":""high"",""work_ethic_uncertainty_base"":""high"",""default_confidence"":""38"",""notes"":""Half-width means plus/minus around internal estimate before source and staff modifiers.""}"
scouting,scouting_base_uncertainty_by_pool_position_group.csv,scouting_base_uncertainty_by_pool_position_group,runtime_tuning,49,QB,"{""pool_id"":""draft_prospect"",""position_group"":""QB"",""current_half_width_min"":""7.0"",""current_half_width_max"":""13.0"",""potential_half_width_min"":""12.0"",""potential_half_width_max"":""22.0"",""medical_uncertainty_base"":""medium"",""work_ethic_uncertainty_base"":""high"",""default_confidence"":""50"",""notes"":""Half-width means plus/minus around internal estimate before source and staff modifiers.""}"
scouting,scouting_base_uncertainty_by_pool_position_group.csv,scouting_base_uncertainty_by_pool_position_group,runtime_tuning,50,RB,"{""pool_id"":""draft_prospect"",""position_group"":""RB"",""current_half_width_min"":""5.0"",""current_half_width_max"":""10.0"",""potential_half_width_min"":""8.0"",""potential_half_width_max"":""15.0"",""medical_uncertainty_base"":""medium"",""work_ethic_uncertainty_base"":""high"",""default_confidence"":""50"",""notes"":""Half-width means plus/minus around internal estimate before source and staff modifiers.""}"
scouting,scouting_base_uncertainty_by_pool_position_group.csv,scouting_base_uncertainty_by_pool_position_group,runtime_tuning,51,WR,"{""pool_id"":""draft_prospect"",""position_group"":""WR"",""current_half_width_min"":""6.0"",""current_half_width_max"":""12.0"",""potential_half_width_min"":""10.0"",""potential_half_width_max"":""18.0"",""medical_uncertainty_base"":""medium"",""work_ethic_uncertainty_base"":""high"",""default_confidence"":""50"",""notes"":""Half-width means plus/minus around internal estimate before source and staff modifiers.""}"
scouting,scouting_base_uncertainty_by_pool_position_group.csv,scouting_base_uncertainty_by_pool_position_group,runtime_tuning,52,TE,"{""pool_id"":""draft_prospect"",""position_group"":""TE"",""current_half_width_min"":""7.0"",""current_half_width_max"":""13.0"",""potential_half_width_min"":""11.0"",""potential_half_width_max"":""20.0"",""medical_uncertainty_base"":""medium"",""work_ethic_uncertainty_base"":""high"",""default_confidence"":""50"",""notes"":""Half-width means plus/minus around internal estimate before source and staff modifiers.""}"
scouting,scouting_base_uncertainty_by_pool_position_group.csv,scouting_base_uncertainty_by_pool_position_group,runtime_tuning,53,OL,"{""pool_id"":""draft_prospect"",""position_group"":""OL"",""current_half_width_min"":""6.0"",""current_half_width_max"":""12.0"",""potential_half_width_min"":""9.0"",""potential_half_width_max"":""17.0"",""medical_uncertainty_base"":""medium"",""work_ethic_uncertainty_base"":""high"",""default_confidence"":""50"",""notes"":""Half-width means plus/minus around internal estimate before source and staff modifiers.""}"
scouting,scouting_base_uncertainty_by_pool_position_group.csv,scouting_base_uncertainty_by_pool_position_group,runtime_tuning,54,EDGE,"{""pool_id"":""draft_prospect"",""position_group"":""EDGE"",""current_half_width_min"":""6.0"",""current_half_width_max"":""12.0"",""potential_half_width_min"":""10.0"",""potential_half_width_max"":""19.0"",""medical_uncertainty_base"":""medium"",""work_ethic_uncertainty_base"":""high"",""default_confidence"":""50"",""notes"":""Half-width means plus/minus around internal estimate before source and staff modifiers.""}"
scouting,scouting_base_uncertainty_by_pool_position_group.csv,scouting_base_uncertainty_by_pool_position_group,runtime_tuning,55,DL,"{""pool_id"":""draft_prospect"",""position_group"":""DL"",""current_half_width_min"":""6.0"",""current_half_width_max"":""11.0"",""potential_half_width_min"":""9.0"",""potential_half_width_max"":""17.0"",""medical_uncertainty_base"":""medium"",""work_ethic_uncertainty_base"":""high"",""default_confidence"":""50"",""notes"":""Half-width means plus/minus around internal estimate before source and staff modifiers.""}"
scouting,scouting_base_uncertainty_by_pool_position_group.csv,scouting_base_uncertainty_by_pool_position_group,runtime_tuning,56,LB,"{""pool_id"":""draft_prospect"",""position_group"":""LB"",""current_half_width_min"":""6.0"",""current_half_width_max"":""11.0"",""potential_half_width_min"":""9.0"",""potential_half_width_max"":""17.0"",""medical_uncertainty_base"":""medium"",""work_ethic_uncertainty_base"":""high"",""default_confidence"":""50"",""notes"":""Half-width means plus/minus around internal estimate before source and staff modifiers.""}"
scouting,scouting_base_uncertainty_by_pool_position_group.csv,scouting_base_uncertainty_by_pool_position_group,runtime_tuning,57,CB,"{""pool_id"":""draft_prospect"",""position_group"":""CB"",""current_half_width_min"":""6.0"",""current_half_width_max"":""12.0"",""potential_half_width_min"":""10.0"",""potential_half_width_max"":""18.0"",""medical_uncertainty_base"":""medium"",""work_ethic_uncertainty_base"":""high"",""default_confidence"":""50"",""notes"":""Half-width means plus/minus around internal estimate before source and staff modifiers.""}"
scouting,scouting_base_uncertainty_by_pool_position_group.csv,scouting_base_uncertainty_by_pool_position_group,runtime_tuning,58,S,"{""pool_id"":""draft_prospect"",""position_group"":""S"",""current_half_width_min"":""6.0"",""current_half_width_max"":""12.0"",""potential_half_width_min"":""9.0"",""potential_half_width_max"":""17.0"",""medical_uncertainty_base"":""medium"",""work_ethic_uncertainty_base"":""high"",""default_confidence"":""50"",""notes"":""Half-width means plus/minus around internal estimate before source and staff modifiers.""}"
scouting,scouting_base_uncertainty_by_pool_position_group.csv,scouting_base_uncertainty_by_pool_position_group,runtime_tuning,59,K_P,"{""pool_id"":""draft_prospect"",""position_group"":""K_P"",""current_half_width_min"":""5.0"",""current_half_width_max"":""10.0"",""potential_half_width_min"":""8.0"",""potential_half_width_max"":""15.0"",""medical_uncertainty_base"":""medium"",""work_ethic_uncertainty_base"":""high"",""default_confidence"":""50"",""notes"":""Half-width means plus/minus around internal estimate before source and staff modifiers.""}"
scouting,scouting_base_uncertainty_by_pool_position_group.csv,scouting_base_uncertainty_by_pool_position_group,runtime_tuning,60,ATH,"{""pool_id"":""draft_prospect"",""position_group"":""ATH"",""current_half_width_min"":""8.0"",""current_half_width_max"":""15.0"",""potential_half_width_min"":""12.0"",""potential_half_width_max"":""22.0"",""medical_uncertainty_base"":""medium"",""work_ethic_uncertainty_base"":""high"",""default_confidence"":""50"",""notes"":""Half-width means plus/minus around internal estimate before source and staff modifiers.""}"
scouting,scouting_base_uncertainty_by_pool_position_group.csv,scouting_base_uncertainty_by_pool_position_group,runtime_tuning,61,QB,"{""pool_id"":""nfl_free_agent"",""position_group"":""QB"",""current_half_width_min"":""3.0"",""current_half_width_max"":""7.0"",""potential_half_width_min"":""5.0"",""potential_half_width_max"":""10.0"",""medical_uncertainty_base"":""medium"",""work_ethic_uncertainty_base"":""medium"",""default_confidence"":""60"",""notes"":""Half-width means plus/minus around internal estimate before source and staff modifiers.""}"
scouting,scouting_base_uncertainty_by_pool_position_group.csv,scouting_base_uncertainty_by_pool_position_group,runtime_tuning,62,RB,"{""pool_id"":""nfl_free_agent"",""position_group"":""RB"",""current_half_width_min"":""3.0"",""current_half_width_max"":""6.0"",""potential_half_width_min"":""4.0"",""potential_half_width_max"":""8.0"",""medical_uncertainty_base"":""medium"",""work_ethic_uncertainty_base"":""medium"",""default_confidence"":""60"",""notes"":""Half-width means plus/minus around internal estimate before source and staff modifiers.""}"
scouting,scouting_base_uncertainty_by_pool_position_group.csv,scouting_base_uncertainty_by_pool_position_group,runtime_tuning,63,WR,"{""pool_id"":""nfl_free_agent"",""position_group"":""WR"",""current_half_width_min"":""3.0"",""current_half_width_max"":""6.0"",""potential_half_width_min"":""5.0"",""potential_half_width_max"":""9.0"",""medical_uncertainty_base"":""medium"",""work_ethic_uncertainty_base"":""medium"",""default_confidence"":""60"",""notes"":""Half-width means plus/minus around internal estimate before source and staff modifiers.""}"
scouting,scouting_base_uncertainty_by_pool_position_group.csv,scouting_base_uncertainty_by_pool_position_group,runtime_tuning,64,TE,"{""pool_id"":""nfl_free_agent"",""position_group"":""TE"",""current_half_width_min"":""4.0"",""current_half_width_max"":""7.0"",""potential_half_width_min"":""6.0"",""potential_half_width_max"":""10.0"",""medical_uncertainty_base"":""medium"",""work_ethic_uncertainty_base"":""medium"",""default_confidence"":""60"",""notes"":""Half-width means plus/minus around internal estimate before source and staff modifiers.""}"
scouting,scouting_base_uncertainty_by_pool_position_group.csv,scouting_base_uncertainty_by_pool_position_group,runtime_tuning,65,OL,"{""pool_id"":""nfl_free_agent"",""position_group"":""OL"",""current_half_width_min"":""3.0"",""current_half_width_max"":""6.0"",""potential_half_width_min"":""5.0"",""potential_half_width_max"":""9.0"",""medical_uncertainty_base"":""medium"",""work_ethic_uncertainty_base"":""medium"",""default_confidence"":""60"",""notes"":""Half-width means plus/minus around internal estimate before source and staff modifiers.""}"
scouting,scouting_base_uncertainty_by_pool_position_group.csv,scouting_base_uncertainty_by_pool_position_group,runtime_tuning,66,EDGE,"{""pool_id"":""nfl_free_agent"",""position_group"":""EDGE"",""current_half_width_min"":""3.0"",""current_half_width_max"":""7.0"",""potential_half_width_min"":""5.0"",""potential_half_width_max"":""10.0"",""medical_uncertainty_base"":""medium"",""work_ethic_uncertainty_base"":""medium"",""default_confidence"":""60"",""notes"":""Half-width means plus/minus around internal estimate before source and staff modifiers.""}"
scouting,scouting_base_uncertainty_by_pool_position_group.csv,scouting_base_uncertainty_by_pool_position_group,runtime_tuning,67,DL,"{""pool_id"":""nfl_free_agent"",""position_group"":""DL"",""current_half_width_min"":""3.0"",""current_half_width_max"":""6.0"",""potential_half_width_min"":""5.0"",""potential_half_width_max"":""9.0"",""medical_uncertainty_base"":""medium"",""work_ethic_uncertainty_base"":""medium"",""default_confidence"":""60"",""notes"":""Half-width means plus/minus around internal estimate before source and staff modifiers.""}"
scouting,scouting_base_uncertainty_by_pool_position_group.csv,scouting_base_uncertainty_by_pool_position_group,runtime_tuning,68,LB,"{""pool_id"":""nfl_free_agent"",""position_group"":""LB"",""current_half_width_min"":""3.0"",""current_half_width_max"":""6.0"",""potential_half_width_min"":""5.0"",""potential_half_width_max"":""9.0"",""medical_uncertainty_base"":""medium"",""work_ethic_uncertainty_base"":""medium"",""default_confidence"":""60"",""notes"":""Half-width means plus/minus around internal estimate before source and staff modifiers.""}"
scouting,scouting_base_uncertainty_by_pool_position_group.csv,scouting_base_uncertainty_by_pool_position_group,runtime_tuning,69,CB,"{""pool_id"":""nfl_free_agent"",""position_group"":""CB"",""current_half_width_min"":""3.0"",""current_half_width_max"":""7.0"",""potential_half_width_min"":""5.0"",""potential_half_width_max"":""10.0"",""medical_uncertainty_base"":""medium"",""work_ethic_uncertainty_base"":""medium"",""default_confidence"":""60"",""notes"":""Half-width means plus/minus around internal estimate before source and staff modifiers.""}"
scouting,scouting_base_uncertainty_by_pool_position_group.csv,scouting_base_uncertainty_by_pool_position_group,runtime_tuning,70,S,"{""pool_id"":""nfl_free_agent"",""position_group"":""S"",""current_half_width_min"":""3.0"",""current_half_width_max"":""7.0"",""potential_half_width_min"":""5.0"",""potential_half_width_max"":""10.0"",""medical_uncertainty_base"":""medium"",""work_ethic_uncertainty_base"":""medium"",""default_confidence"":""60"",""notes"":""Half-width means plus/minus around internal estimate before source and staff modifiers.""}"
scouting,scouting_base_uncertainty_by_pool_position_group.csv,scouting_base_uncertainty_by_pool_position_group,runtime_tuning,71,K_P,"{""pool_id"":""nfl_free_agent"",""position_group"":""K_P"",""current_half_width_min"":""2.0"",""current_half_width_max"":""5.0"",""potential_half_width_min"":""3.0"",""potential_half_width_max"":""7.0"",""medical_uncertainty_base"":""medium"",""work_ethic_uncertainty_base"":""medium"",""default_confidence"":""60"",""notes"":""Half-width means plus/minus around internal estimate before source and staff modifiers.""}"
scouting,scouting_base_uncertainty_by_pool_position_group.csv,scouting_base_uncertainty_by_pool_position_group,runtime_tuning,72,ATH,"{""pool_id"":""nfl_free_agent"",""position_group"":""ATH"",""current_half_width_min"":""4.0"",""current_half_width_max"":""8.0"",""potential_half_width_min"":""7.0"",""potential_half_width_max"":""12.0"",""medical_uncertainty_base"":""medium"",""work_ethic_uncertainty_base"":""medium"",""default_confidence"":""60"",""notes"":""Half-width means plus/minus around internal estimate before source and staff modifiers.""}"
scouting,scouting_base_uncertainty_by_pool_position_group.csv,scouting_base_uncertainty_by_pool_position_group,runtime_tuning,73,QB,"{""pool_id"":""nfl_veteran_trade"",""position_group"":""QB"",""current_half_width_min"":""2.2"",""current_half_width_max"":""5.2"",""potential_half_width_min"":""3.8"",""potential_half_width_max"":""7.5"",""medical_uncertainty_base"":""low"",""work_ethic_uncertainty_base"":""medium"",""default_confidence"":""70"",""notes"":""Half-width means plus/minus around internal estimate before source and staff modifiers.""}"
scouting,scouting_base_uncertainty_by_pool_position_group.csv,scouting_base_uncertainty_by_pool_position_group,runtime_tuning,74,RB,"{""pool_id"":""nfl_veteran_trade"",""position_group"":""RB"",""current_half_width_min"":""2.2"",""current_half_width_max"":""4.5"",""potential_half_width_min"":""3.0"",""potential_half_width_max"":""6.0"",""medical_uncertainty_base"":""low"",""work_ethic_uncertainty_base"":""medium"",""default_confidence"":""70"",""notes"":""Half-width means plus/minus around internal estimate before source and staff modifiers.""}"
scouting,scouting_base_uncertainty_by_pool_position_group.csv,scouting_base_uncertainty_by_pool_position_group,runtime_tuning,75,WR,"{""pool_id"":""nfl_veteran_trade"",""position_group"":""WR"",""current_half_width_min"":""2.2"",""current_half_width_max"":""4.5"",""potential_half_width_min"":""3.8"",""potential_half_width_max"":""6.8"",""medical_uncertainty_base"":""low"",""work_ethic_uncertainty_base"":""medium"",""default_confidence"":""70"",""notes"":""Half-width means plus/minus around internal estimate before source and staff modifiers.""}"
scouting,scouting_base_uncertainty_by_pool_position_group.csv,scouting_base_uncertainty_by_pool_position_group,runtime_tuning,76,TE,"{""pool_id"":""nfl_veteran_trade"",""position_group"":""TE"",""current_half_width_min"":""3.0"",""current_half_width_max"":""5.2"",""potential_half_width_min"":""4.5"",""potential_half_width_max"":""7.5"",""medical_uncertainty_base"":""low"",""work_ethic_uncertainty_base"":""medium"",""default_confidence"":""70"",""notes"":""Half-width means plus/minus around internal estimate before source and staff modifiers.""}"
scouting,scouting_base_uncertainty_by_pool_position_group.csv,scouting_base_uncertainty_by_pool_position_group,runtime_tuning,77,OL,"{""pool_id"":""nfl_veteran_trade"",""position_group"":""OL"",""current_half_width_min"":""2.2"",""current_half_width_max"":""4.5"",""potential_half_width_min"":""3.8"",""potential_half_width_max"":""6.8"",""medical_uncertainty_base"":""low"",""work_ethic_uncertainty_base"":""medium"",""default_confidence"":""70"",""notes"":""Half-width means plus/minus around internal estimate before source and staff modifiers.""}"
scouting,scouting_base_uncertainty_by_pool_position_group.csv,scouting_base_uncertainty_by_pool_position_group,runtime_tuning,78,EDGE,"{""pool_id"":""nfl_veteran_trade"",""position_group"":""EDGE"",""current_half_width_min"":""2.2"",""current_half_width_max"":""5.2"",""potential_half_width_min"":""3.8"",""potential_half_width_max"":""7.5"",""medical_uncertainty_base"":""low"",""work_ethic_uncertainty_base"":""medium"",""default_confidence"":""70"",""notes"":""Half-width means plus/minus around internal estimate before source and staff modifiers.""}"
scouting,scouting_base_uncertainty_by_pool_position_group.csv,scouting_base_uncertainty_by_pool_position_group,runtime_tuning,79,DL,"{""pool_id"":""nfl_veteran_trade"",""position_group"":""DL"",""current_half_width_min"":""2.2"",""current_half_width_max"":""4.5"",""potential_half_width_min"":""3.8"",""potential_half_width_max"":""6.8"",""medical_uncertainty_base"":""low"",""work_ethic_uncertainty_base"":""medium"",""default_confidence"":""70"",""notes"":""Half-width means plus/minus around internal estimate before source and staff modifiers.""}"
scouting,scouting_base_uncertainty_by_pool_position_group.csv,scouting_base_uncertainty_by_pool_position_group,runtime_tuning,80,LB,"{""pool_id"":""nfl_veteran_trade"",""position_group"":""LB"",""current_half_width_min"":""2.2"",""current_half_width_max"":""4.5"",""potential_half_width_min"":""3.8"",""potential_half_width_max"":""6.8"",""medical_uncertainty_base"":""low"",""work_ethic_uncertainty_base"":""medium"",""default_confidence"":""70"",""notes"":""Half-width means plus/minus around internal estimate before source and staff modifiers.""}"
scouting,scouting_base_uncertainty_by_pool_position_group.csv,scouting_base_uncertainty_by_pool_position_group,runtime_tuning,81,CB,"{""pool_id"":""nfl_veteran_trade"",""position_group"":""CB"",""current_half_width_min"":""2.2"",""current_half_width_max"":""5.2"",""potential_half_width_min"":""3.8"",""potential_half_width_max"":""7.5"",""medical_uncertainty_base"":""low"",""work_ethic_uncertainty_base"":""medium"",""default_confidence"":""70"",""notes"":""Half-width means plus/minus around internal estimate before source and staff modifiers.""}"
scouting,scouting_base_uncertainty_by_pool_position_group.csv,scouting_base_uncertainty_by_pool_position_group,runtime_tuning,82,S,"{""pool_id"":""nfl_veteran_trade"",""position_group"":""S"",""current_half_width_min"":""2.2"",""current_half_width_max"":""5.2"",""potential_half_width_min"":""3.8"",""potential_half_width_max"":""7.5"",""medical_uncertainty_base"":""low"",""work_ethic_uncertainty_base"":""medium"",""default_confidence"":""70"",""notes"":""Half-width means plus/minus around internal estimate before source and staff modifiers.""}"
scouting,scouting_base_uncertainty_by_pool_position_group.csv,scouting_base_uncertainty_by_pool_position_group,runtime_tuning,83,K_P,"{""pool_id"":""nfl_veteran_trade"",""position_group"":""K_P"",""current_half_width_min"":""1.5"",""current_half_width_max"":""3.8"",""potential_half_width_min"":""2.2"",""potential_half_width_max"":""5.2"",""medical_uncertainty_base"":""low"",""work_ethic_uncertainty_base"":""medium"",""default_confidence"":""70"",""notes"":""Half-width means plus/minus around internal estimate before source and staff modifiers.""}"
scouting,scouting_base_uncertainty_by_pool_position_group.csv,scouting_base_uncertainty_by_pool_position_group,runtime_tuning,84,ATH,"{""pool_id"":""nfl_veteran_trade"",""position_group"":""ATH"",""current_half_width_min"":""3.0"",""current_half_width_max"":""6.0"",""potential_half_width_min"":""5.2"",""potential_half_width_max"":""9.0"",""medical_uncertainty_base"":""low"",""work_ethic_uncertainty_base"":""medium"",""default_confidence"":""70"",""notes"":""Half-width means plus/minus around internal estimate before source and staff modifiers.""}"
scouting,scouting_base_uncertainty_by_pool_position_group.csv,scouting_base_uncertainty_by_pool_position_group,runtime_tuning,85,QB,"{""pool_id"":""practice_squad"",""position_group"":""QB"",""current_half_width_min"":""7.7"",""current_half_width_max"":""14.3"",""potential_half_width_min"":""13.2"",""potential_half_width_max"":""24.2"",""medical_uncertainty_base"":""high"",""work_ethic_uncertainty_base"":""high"",""default_confidence"":""38"",""notes"":""Half-width means plus/minus around internal estimate before source and staff modifiers.""}"
scouting,scouting_base_uncertainty_by_pool_position_group.csv,scouting_base_uncertainty_by_pool_position_group,runtime_tuning,86,RB,"{""pool_id"":""practice_squad"",""position_group"":""RB"",""current_half_width_min"":""5.5"",""current_half_width_max"":""11.0"",""potential_half_width_min"":""8.8"",""potential_half_width_max"":""16.5"",""medical_uncertainty_base"":""high"",""work_ethic_uncertainty_base"":""high"",""default_confidence"":""38"",""notes"":""Half-width means plus/minus around internal estimate before source and staff modifiers.""}"
scouting,scouting_base_uncertainty_by_pool_position_group.csv,scouting_base_uncertainty_by_pool_position_group,runtime_tuning,87,WR,"{""pool_id"":""practice_squad"",""position_group"":""WR"",""current_half_width_min"":""6.6"",""current_half_width_max"":""13.2"",""potential_half_width_min"":""11.0"",""potential_half_width_max"":""19.8"",""medical_uncertainty_base"":""high"",""work_ethic_uncertainty_base"":""high"",""default_confidence"":""38"",""notes"":""Half-width means plus/minus around internal estimate before source and staff modifiers.""}"
scouting,scouting_base_uncertainty_by_pool_position_group.csv,scouting_base_uncertainty_by_pool_position_group,runtime_tuning,88,TE,"{""pool_id"":""practice_squad"",""position_group"":""TE"",""current_half_width_min"":""7.7"",""current_half_width_max"":""14.3"",""potential_half_width_min"":""12.1"",""potential_half_width_max"":""22.0"",""medical_uncertainty_base"":""high"",""work_ethic_uncertainty_base"":""high"",""default_confidence"":""38"",""notes"":""Half-width means plus/minus around internal estimate before source and staff modifiers.""}"
scouting,scouting_base_uncertainty_by_pool_position_group.csv,scouting_base_uncertainty_by_pool_position_group,runtime_tuning,89,OL,"{""pool_id"":""practice_squad"",""position_group"":""OL"",""current_half_width_min"":""6.6"",""current_half_width_max"":""13.2"",""potential_half_width_min"":""9.9"",""potential_half_width_max"":""18.7"",""medical_uncertainty_base"":""high"",""work_ethic_uncertainty_base"":""high"",""default_confidence"":""38"",""notes"":""Half-width means plus/minus around internal estimate before source and staff modifiers.""}"
scouting,scouting_base_uncertainty_by_pool_position_group.csv,scouting_base_uncertainty_by_pool_position_group,runtime_tuning,90,EDGE,"{""pool_id"":""practice_squad"",""position_group"":""EDGE"",""current_half_width_min"":""6.6"",""current_half_width_max"":""13.2"",""potential_half_width_min"":""11.0"",""potential_half_width_max"":""20.9"",""medical_uncertainty_base"":""high"",""work_ethic_uncertainty_base"":""high"",""default_confidence"":""38"",""notes"":""Half-width means plus/minus around internal estimate before source and staff modifiers.""}"
scouting,scouting_base_uncertainty_by_pool_position_group.csv,scouting_base_uncertainty_by_pool_position_group,runtime_tuning,91,DL,"{""pool_id"":""practice_squad"",""position_group"":""DL"",""current_half_width_min"":""6.6"",""current_half_width_max"":""12.1"",""potential_half_width_min"":""9.9"",""potential_half_width_max"":""18.7"",""medical_uncertainty_base"":""high"",""work_ethic_uncertainty_base"":""high"",""default_confidence"":""38"",""notes"":""Half-width means plus/minus around internal estimate before source and staff modifiers.""}"
scouting,scouting_base_uncertainty_by_pool_position_group.csv,scouting_base_uncertainty_by_pool_position_group,runtime_tuning,92,LB,"{""pool_id"":""practice_squad"",""position_group"":""LB"",""current_half_width_min"":""6.6"",""current_half_width_max"":""12.1"",""potential_half_width_min"":""9.9"",""potential_half_width_max"":""18.7"",""medical_uncertainty_base"":""high"",""work_ethic_uncertainty_base"":""high"",""default_confidence"":""38"",""notes"":""Half-width means plus/minus around internal estimate before source and staff modifiers.""}"
scouting,scouting_base_uncertainty_by_pool_position_group.csv,scouting_base_uncertainty_by_pool_position_group,runtime_tuning,93,CB,"{""pool_id"":""practice_squad"",""position_group"":""CB"",""current_half_width_min"":""6.6"",""current_half_width_max"":""13.2"",""potential_half_width_min"":""11.0"",""potential_half_width_max"":""19.8"",""medical_uncertainty_base"":""high"",""work_ethic_uncertainty_base"":""high"",""default_confidence"":""38"",""notes"":""Half-width means plus/minus around internal estimate before source and staff modifiers.""}"
scouting,scouting_base_uncertainty_by_pool_position_group.csv,scouting_base_uncertainty_by_pool_position_group,runtime_tuning,94,S,"{""pool_id"":""practice_squad"",""position_group"":""S"",""current_half_width_min"":""6.6"",""current_half_width_max"":""13.2"",""potential_half_width_min"":""9.9"",""potential_half_width_max"":""18.7"",""medical_uncertainty_base"":""high"",""work_ethic_uncertainty_base"":""high"",""default_confidence"":""38"",""notes"":""Half-width means plus/minus around internal estimate before source and staff modifiers.""}"
scouting,scouting_base_uncertainty_by_pool_position_group.csv,scouting_base_uncertainty_by_pool_position_group,runtime_tuning,95,K_P,"{""pool_id"":""practice_squad"",""position_group"":""K_P"",""current_half_width_min"":""5.5"",""current_half_width_max"":""11.0"",""potential_half_width_min"":""8.8"",""potential_half_width_max"":""16.5"",""medical_uncertainty_base"":""high"",""work_ethic_uncertainty_base"":""high"",""default_confidence"":""38"",""notes"":""Half-width means plus/minus around internal estimate before source and staff modifiers.""}"
scouting,scouting_base_uncertainty_by_pool_position_group.csv,scouting_base_uncertainty_by_pool_position_group,runtime_tuning,96,ATH,"{""pool_id"":""practice_squad"",""position_group"":""ATH"",""current_half_width_min"":""8.8"",""current_half_width_max"":""16.5"",""potential_half_width_min"":""13.2"",""potential_half_width_max"":""24.2"",""medical_uncertainty_base"":""high"",""work_ethic_uncertainty_base"":""high"",""default_confidence"":""38"",""notes"":""Half-width means plus/minus around internal estimate before source and staff modifiers.""}"
scouting,scouting_bias_profile_effects.csv,scouting_bias_profile_effects,runtime_tuning,1,scouting_bias_profile_effects:1,"{""bias_profile_id"":""balanced"",""current_bias"":""0"",""potential_bias"":""0"",""medical_strictness"":""1.0"",""character_strictness"":""1.0"",""position_value_bias"":""none"",""notes"":""Neutral.""}"
scouting,scouting_bias_profile_effects.csv,scouting_bias_profile_effects,runtime_tuning,2,scouting_bias_profile_effects:2,"{""bias_profile_id"":""tools_favoring"",""current_bias"":""0"",""potential_bias"":""2.5"",""medical_strictness"":""0.95"",""character_strictness"":""0.95"",""position_value_bias"":""ATH|WR|EDGE|CB"",""notes"":""College staffs that chase traits.""}"
scouting,scouting_bias_profile_effects.csv,scouting_bias_profile_effects,runtime_tuning,3,scouting_bias_profile_effects:3,"{""bias_profile_id"":""traits_tools_favoring"",""current_bias"":""-0.5"",""potential_bias"":""3.0"",""medical_strictness"":""0.95"",""character_strictness"":""0.95"",""position_value_bias"":""QB|WR|EDGE|CB|OT"",""notes"":""NFL upside board.""}"
scouting,scouting_bias_profile_effects.csv,scouting_bias_profile_effects,runtime_tuning,4,scouting_bias_profile_effects:4,"{""bias_profile_id"":""film_grinder"",""current_bias"":""1.5"",""potential_bias"":""-0.5"",""medical_strictness"":""1.0"",""character_strictness"":""1.05"",""position_value_bias"":""production|technique"",""notes"":""Trusts film/current skill more than projection.""}"
scouting,scouting_bias_profile_effects.csv,scouting_bias_profile_effects,runtime_tuning,5,scouting_bias_profile_effects:5,"{""bias_profile_id"":""medical_conservative"",""current_bias"":""-1.0"",""potential_bias"":""-2.0"",""medical_strictness"":""1.35"",""character_strictness"":""1.05"",""position_value_bias"":""none"",""notes"":""Punishes medical flags.""}"
scouting,scouting_bias_profile_effects.csv,scouting_bias_profile_effects,runtime_tuning,6,scouting_bias_profile_effects:6,"{""bias_profile_id"":""injury_conservative"",""current_bias"":""-1.0"",""potential_bias"":""-1.5"",""medical_strictness"":""1.3"",""character_strictness"":""1.0"",""position_value_bias"":""RB|CB|WR|EDGE"",""notes"":""Pro personnel medical caution.""}"
scouting,scouting_bias_profile_effects.csv,scouting_bias_profile_effects,runtime_tuning,7,scouting_bias_profile_effects:7,"{""bias_profile_id"":""age_conservative"",""current_bias"":""0"",""potential_bias"":""-1.8"",""medical_strictness"":""1.1"",""character_strictness"":""1.0"",""position_value_bias"":""older_players"",""notes"":""Downgrades aging or older prospects.""}"
scouting,scouting_bias_profile_effects.csv,scouting_bias_profile_effects,runtime_tuning,8,scouting_bias_profile_effects:8,"{""bias_profile_id"":""analytics_value"",""current_bias"":""0.5"",""potential_bias"":""0.5"",""medical_strictness"":""1.0"",""character_strictness"":""0.95"",""position_value_bias"":""positional_value"",""notes"":""Weights positional value and production translation.""}"
scouting,scouting_bias_profile_effects.csv,scouting_bias_profile_effects,runtime_tuning,9,scouting_bias_profile_effects:9,"{""bias_profile_id"":""scheme_fit_strict"",""current_bias"":""0"",""potential_bias"":""-0.5"",""medical_strictness"":""1.0"",""character_strictness"":""1.0"",""position_value_bias"":""scheme_fit"",""notes"":""Wide views depending on role match.""}"
scouting,scouting_bias_profile_effects.csv,scouting_bias_profile_effects,runtime_tuning,10,scouting_bias_profile_effects:10,"{""bias_profile_id"":""local_relationship"",""current_bias"":""1.0"",""potential_bias"":""1.0"",""medical_strictness"":""0.95"",""character_strictness"":""0.85"",""position_value_bias"":""local_pipeline"",""notes"":""May trust local contacts.""}"
scouting,scouting_bias_profile_effects.csv,scouting_bias_profile_effects,runtime_tuning,11,scouting_bias_profile_effects:11,"{""bias_profile_id"":""production_skeptic"",""current_bias"":""-1.0"",""potential_bias"":""0.5"",""medical_strictness"":""1.0"",""character_strictness"":""1.0"",""position_value_bias"":""low_competition"",""notes"":""Discounts inflated production.""}"
scouting,scouting_bias_profile_effects.csv,scouting_bias_profile_effects,runtime_tuning,12,scouting_bias_profile_effects:12,"{""bias_profile_id"":""size_speed_bias"",""current_bias"":""0.5"",""potential_bias"":""2.0"",""medical_strictness"":""0.95"",""character_strictness"":""0.95"",""position_value_bias"":""measurables"",""notes"":""Overweights frame and speed.""}"
scouting,scouting_bias_profile_effects.csv,scouting_bias_profile_effects,runtime_tuning,13,scouting_bias_profile_effects:13,"{""bias_profile_id"":""cheap_depth_hunter"",""current_bias"":""0.5"",""potential_bias"":""0"",""medical_strictness"":""1.05"",""character_strictness"":""0.95"",""position_value_bias"":""low_cost_depth"",""notes"":""Finds replacement value in market.""}"
scouting,scouting_bias_profile_effects.csv,scouting_bias_profile_effects,runtime_tuning,14,scouting_bias_profile_effects:14,"{""bias_profile_id"":""hype_sensitive"",""current_bias"":""1.5"",""potential_bias"":""2.0"",""medical_strictness"":""0.9"",""character_strictness"":""0.9"",""position_value_bias"":""brand|star_rank"",""notes"":""Public/media consensus bias.""}"
scouting,scouting_bias_profile_effects.csv,scouting_bias_profile_effects,runtime_tuning,15,scouting_bias_profile_effects:15,"{""bias_profile_id"":""brand_program_bias"",""current_bias"":""1.0"",""potential_bias"":""1.5"",""medical_strictness"":""0.95"",""character_strictness"":""0.95"",""position_value_bias"":""elite_programs"",""notes"":""Assumes elite programs produce better prospects.""}"
scouting,scouting_bias_profile_effects.csv,scouting_bias_profile_effects,runtime_tuning,16,scouting_bias_profile_effects:16,"{""bias_profile_id"":""production_prior"",""current_bias"":""1.2"",""potential_bias"":""0.4"",""medical_strictness"":""1.0"",""character_strictness"":""1.0"",""position_value_bias"":""stat_output"",""notes"":""Uses production as main prior.""}"
scouting,scouting_bias_profile_weights.csv,scouting_bias_profile_weights,weight_distribution,1,scouting_bias_profile_weights:1,"{""context_id"":""college_recruiting_board"",""bias_profile_id"":""balanced"",""weight"":""0.34""}"
scouting,scouting_bias_profile_weights.csv,scouting_bias_profile_weights,weight_distribution,2,scouting_bias_profile_weights:2,"{""context_id"":""college_recruiting_board"",""bias_profile_id"":""tools_favoring"",""weight"":""0.16""}"
scouting,scouting_bias_profile_weights.csv,scouting_bias_profile_weights,weight_distribution,3,scouting_bias_profile_weights:3,"{""context_id"":""college_recruiting_board"",""bias_profile_id"":""local_relationship"",""weight"":""0.18""}"
scouting,scouting_bias_profile_weights.csv,scouting_bias_profile_weights,weight_distribution,4,scouting_bias_profile_weights:4,"{""context_id"":""college_recruiting_board"",""bias_profile_id"":""production_skeptic"",""weight"":""0.1""}"
scouting,scouting_bias_profile_weights.csv,scouting_bias_profile_weights,weight_distribution,5,scouting_bias_profile_weights:5,"{""context_id"":""college_recruiting_board"",""bias_profile_id"":""size_speed_bias"",""weight"":""0.1""}"
scouting,scouting_bias_profile_weights.csv,scouting_bias_profile_weights,weight_distribution,6,scouting_bias_profile_weights:6,"{""context_id"":""college_recruiting_board"",""bias_profile_id"":""scheme_fit_strict"",""weight"":""0.12""}"
scouting,scouting_bias_profile_weights.csv,scouting_bias_profile_weights,weight_distribution,7,scouting_bias_profile_weights:7,"{""context_id"":""nfl_draft_board"",""bias_profile_id"":""balanced"",""weight"":""0.28""}"
scouting,scouting_bias_profile_weights.csv,scouting_bias_profile_weights,weight_distribution,8,scouting_bias_profile_weights:8,"{""context_id"":""nfl_draft_board"",""bias_profile_id"":""traits_tools_favoring"",""weight"":""0.18""}"
scouting,scouting_bias_profile_weights.csv,scouting_bias_profile_weights,weight_distribution,9,scouting_bias_profile_weights:9,"{""context_id"":""nfl_draft_board"",""bias_profile_id"":""film_grinder"",""weight"":""0.18""}"
scouting,scouting_bias_profile_weights.csv,scouting_bias_profile_weights,weight_distribution,10,scouting_bias_profile_weights:10,"{""context_id"":""nfl_draft_board"",""bias_profile_id"":""medical_conservative"",""weight"":""0.12""}"
scouting,scouting_bias_profile_weights.csv,scouting_bias_profile_weights,weight_distribution,11,scouting_bias_profile_weights:11,"{""context_id"":""nfl_draft_board"",""bias_profile_id"":""analytics_value"",""weight"":""0.1""}"
scouting,scouting_bias_profile_weights.csv,scouting_bias_profile_weights,weight_distribution,12,scouting_bias_profile_weights:12,"{""context_id"":""nfl_draft_board"",""bias_profile_id"":""scheme_fit_strict"",""weight"":""0.14""}"
scouting,scouting_bias_profile_weights.csv,scouting_bias_profile_weights,weight_distribution,13,scouting_bias_profile_weights:13,"{""context_id"":""nfl_pro_personnel"",""bias_profile_id"":""balanced"",""weight"":""0.34""}"
scouting,scouting_bias_profile_weights.csv,scouting_bias_profile_weights,weight_distribution,14,scouting_bias_profile_weights:14,"{""context_id"":""nfl_pro_personnel"",""bias_profile_id"":""age_conservative"",""weight"":""0.14""}"
scouting,scouting_bias_profile_weights.csv,scouting_bias_profile_weights,weight_distribution,15,scouting_bias_profile_weights:15,"{""context_id"":""nfl_pro_personnel"",""bias_profile_id"":""injury_conservative"",""weight"":""0.14""}"
scouting,scouting_bias_profile_weights.csv,scouting_bias_profile_weights,weight_distribution,16,scouting_bias_profile_weights:16,"{""context_id"":""nfl_pro_personnel"",""bias_profile_id"":""scheme_fit_strict"",""weight"":""0.14""}"
scouting,scouting_bias_profile_weights.csv,scouting_bias_profile_weights,weight_distribution,17,scouting_bias_profile_weights:17,"{""context_id"":""nfl_pro_personnel"",""bias_profile_id"":""production_prior"",""weight"":""0.12""}"
scouting,scouting_bias_profile_weights.csv,scouting_bias_profile_weights,weight_distribution,18,scouting_bias_profile_weights:18,"{""context_id"":""nfl_pro_personnel"",""bias_profile_id"":""cheap_depth_hunter"",""weight"":""0.12""}"
scouting,scouting_bias_profile_weights.csv,scouting_bias_profile_weights,weight_distribution,19,scouting_bias_profile_weights:19,"{""context_id"":""public_media_consensus"",""bias_profile_id"":""hype_sensitive"",""weight"":""0.28""}"
scouting,scouting_bias_profile_weights.csv,scouting_bias_profile_weights,weight_distribution,20,scouting_bias_profile_weights:20,"{""context_id"":""public_media_consensus"",""bias_profile_id"":""production_prior"",""weight"":""0.2""}"
scouting,scouting_bias_profile_weights.csv,scouting_bias_profile_weights,weight_distribution,21,scouting_bias_profile_weights:21,"{""context_id"":""public_media_consensus"",""bias_profile_id"":""brand_program_bias"",""weight"":""0.2""}"
scouting,scouting_bias_profile_weights.csv,scouting_bias_profile_weights,weight_distribution,22,scouting_bias_profile_weights:22,"{""context_id"":""public_media_consensus"",""bias_profile_id"":""tools_favoring"",""weight"":""0.16""}"
scouting,scouting_bias_profile_weights.csv,scouting_bias_profile_weights,weight_distribution,23,scouting_bias_profile_weights:23,"{""context_id"":""public_media_consensus"",""bias_profile_id"":""balanced"",""weight"":""0.16""}"
scouting,scouting_confidence_progression_rules.csv,scouting_confidence_progression_rules,rule,1,scouting_confidence_progression_rules:1,"{""action_type"":""baseline_year_zero_view"",""confidence_delta_min"":""0"",""confidence_delta_max"":""0"",""range_width_multiplier"":""1.0"",""applies_to"":""ALL"",""notes"":""Initial state.""}"
scouting,scouting_confidence_progression_rules.csv,scouting_confidence_progression_rules,rule,2,scouting_confidence_progression_rules:2,"{""action_type"":""regional_assignment"",""confidence_delta_min"":""4"",""confidence_delta_max"":""10"",""range_width_multiplier"":""0.9"",""applies_to"":""HS_RECRUIT|TRANSFER"",""notes"":""Future scouting system hook.""}"
scouting,scouting_confidence_progression_rules.csv,scouting_confidence_progression_rules,rule,3,scouting_confidence_progression_rules:3,"{""action_type"":""position_assignment"",""confidence_delta_min"":""3"",""confidence_delta_max"":""8"",""range_width_multiplier"":""0.92"",""applies_to"":""HS_RECRUIT|DRAFT"",""notes"":""Position scout focus.""}"
scouting,scouting_confidence_progression_rules.csv,scouting_confidence_progression_rules,rule,4,scouting_confidence_progression_rules:4,"{""action_type"":""watch_tape"",""confidence_delta_min"":""5"",""confidence_delta_max"":""12"",""range_width_multiplier"":""0.86"",""applies_to"":""HS_RECRUIT|DRAFT"",""notes"":""Tape narrows ability range.""}"
scouting,scouting_confidence_progression_rules.csv,scouting_confidence_progression_rules,rule,5,scouting_confidence_progression_rules:5,"{""action_type"":""camp_visit"",""confidence_delta_min"":""6"",""confidence_delta_max"":""14"",""range_width_multiplier"":""0.82"",""applies_to"":""HS_RECRUIT"",""notes"":""Recruiting visit/camp evaluation.""}"
scouting,scouting_confidence_progression_rules.csv,scouting_confidence_progression_rules,rule,6,scouting_confidence_progression_rules:6,"{""action_type"":""combine_or_pro_day"",""confidence_delta_min"":""7"",""confidence_delta_max"":""16"",""range_width_multiplier"":""0.78"",""applies_to"":""DRAFT"",""notes"":""Athletic testing and interviews.""}"
scouting,scouting_confidence_progression_rules.csv,scouting_confidence_progression_rules,rule,7,scouting_confidence_progression_rules:7,"{""action_type"":""medical_recheck"",""confidence_delta_min"":""2"",""confidence_delta_max"":""12"",""range_width_multiplier"":""0.88"",""applies_to"":""DRAFT|NFL_FA"",""notes"":""Narrows injury risk.""}"
scouting,scouting_confidence_to_range_width_rules.csv,scouting_confidence_to_range_width_rules,rule,1,scouting_confidence_to_range_width_rules:1,"{""dimension_id"":""current_ability"",""confidence_min"":""0"",""confidence_max"":""19"",""range_width_multiplier"":""1.75"",""notes"":""Apply after pool/position/source modifiers.""}"
scouting,scouting_confidence_to_range_width_rules.csv,scouting_confidence_to_range_width_rules,rule,2,scouting_confidence_to_range_width_rules:2,"{""dimension_id"":""current_ability"",""confidence_min"":""20"",""confidence_max"":""34"",""range_width_multiplier"":""1.42"",""notes"":""Apply after pool/position/source modifiers.""}"
scouting,scouting_confidence_to_range_width_rules.csv,scouting_confidence_to_range_width_rules,rule,3,scouting_confidence_to_range_width_rules:3,"{""dimension_id"":""current_ability"",""confidence_min"":""35"",""confidence_max"":""49"",""range_width_multiplier"":""1.16"",""notes"":""Apply after pool/position/source modifiers.""}"
scouting,scouting_confidence_to_range_width_rules.csv,scouting_confidence_to_range_width_rules,rule,4,scouting_confidence_to_range_width_rules:4,"{""dimension_id"":""current_ability"",""confidence_min"":""50"",""confidence_max"":""64"",""range_width_multiplier"":""1.0"",""notes"":""Apply after pool/position/source modifiers.""}"
scouting,scouting_confidence_to_range_width_rules.csv,scouting_confidence_to_range_width_rules,rule,5,scouting_confidence_to_range_width_rules:5,"{""dimension_id"":""current_ability"",""confidence_min"":""65"",""confidence_max"":""79"",""range_width_multiplier"":""0.75"",""notes"":""Apply after pool/position/source modifiers.""}"
scouting,scouting_confidence_to_range_width_rules.csv,scouting_confidence_to_range_width_rules,rule,6,scouting_confidence_to_range_width_rules:6,"{""dimension_id"":""current_ability"",""confidence_min"":""80"",""confidence_max"":""91"",""range_width_multiplier"":""0.55"",""notes"":""Apply after pool/position/source modifiers.""}"
scouting,scouting_confidence_to_range_width_rules.csv,scouting_confidence_to_range_width_rules,rule,7,scouting_confidence_to_range_width_rules:7,"{""dimension_id"":""current_ability"",""confidence_min"":""92"",""confidence_max"":""100"",""range_width_multiplier"":""0.4"",""notes"":""Apply after pool/position/source modifiers.""}"
scouting,scouting_confidence_to_range_width_rules.csv,scouting_confidence_to_range_width_rules,rule,8,scouting_confidence_to_range_width_rules:8,"{""dimension_id"":""future_potential"",""confidence_min"":""0"",""confidence_max"":""19"",""range_width_multiplier"":""2.065"",""notes"":""Apply after pool/position/source modifiers.""}"
scouting,scouting_confidence_to_range_width_rules.csv,scouting_confidence_to_range_width_rules,rule,9,scouting_confidence_to_range_width_rules:9,"{""dimension_id"":""future_potential"",""confidence_min"":""20"",""confidence_max"":""34"",""range_width_multiplier"":""1.676"",""notes"":""Apply after pool/position/source modifiers.""}"
scouting,scouting_confidence_to_range_width_rules.csv,scouting_confidence_to_range_width_rules,rule,10,scouting_confidence_to_range_width_rules:10,"{""dimension_id"":""future_potential"",""confidence_min"":""35"",""confidence_max"":""49"",""range_width_multiplier"":""1.369"",""notes"":""Apply after pool/position/source modifiers.""}"
scouting,scouting_confidence_to_range_width_rules.csv,scouting_confidence_to_range_width_rules,rule,11,scouting_confidence_to_range_width_rules:11,"{""dimension_id"":""future_potential"",""confidence_min"":""50"",""confidence_max"":""64"",""range_width_multiplier"":""1.18"",""notes"":""Apply after pool/position/source modifiers.""}"
scouting,scouting_confidence_to_range_width_rules.csv,scouting_confidence_to_range_width_rules,rule,12,scouting_confidence_to_range_width_rules:12,"{""dimension_id"":""future_potential"",""confidence_min"":""65"",""confidence_max"":""79"",""range_width_multiplier"":""0.885"",""notes"":""Apply after pool/position/source modifiers.""}"
scouting,scouting_confidence_to_range_width_rules.csv,scouting_confidence_to_range_width_rules,rule,13,scouting_confidence_to_range_width_rules:13,"{""dimension_id"":""future_potential"",""confidence_min"":""80"",""confidence_max"":""91"",""range_width_multiplier"":""0.649"",""notes"":""Apply after pool/position/source modifiers.""}"
scouting,scouting_confidence_to_range_width_rules.csv,scouting_confidence_to_range_width_rules,rule,14,scouting_confidence_to_range_width_rules:14,"{""dimension_id"":""future_potential"",""confidence_min"":""92"",""confidence_max"":""100"",""range_width_multiplier"":""0.472"",""notes"":""Apply after pool/position/source modifiers.""}"
scouting,scouting_confidence_to_range_width_rules.csv,scouting_confidence_to_range_width_rules,rule,15,scouting_confidence_to_range_width_rules:15,"{""dimension_id"":""medical"",""confidence_min"":""0"",""confidence_max"":""19"",""range_width_multiplier"":""1.838"",""notes"":""Apply after pool/position/source modifiers.""}"
scouting,scouting_confidence_to_range_width_rules.csv,scouting_confidence_to_range_width_rules,rule,16,scouting_confidence_to_range_width_rules:16,"{""dimension_id"":""medical"",""confidence_min"":""20"",""confidence_max"":""34"",""range_width_multiplier"":""1.491"",""notes"":""Apply after pool/position/source modifiers.""}"
scouting,scouting_confidence_to_range_width_rules.csv,scouting_confidence_to_range_width_rules,rule,17,scouting_confidence_to_range_width_rules:17,"{""dimension_id"":""medical"",""confidence_min"":""35"",""confidence_max"":""49"",""range_width_multiplier"":""1.218"",""notes"":""Apply after pool/position/source modifiers.""}"
scouting,scouting_confidence_to_range_width_rules.csv,scouting_confidence_to_range_width_rules,rule,18,scouting_confidence_to_range_width_rules:18,"{""dimension_id"":""medical"",""confidence_min"":""50"",""confidence_max"":""64"",""range_width_multiplier"":""1.05"",""notes"":""Apply after pool/position/source modifiers.""}"
scouting,scouting_confidence_to_range_width_rules.csv,scouting_confidence_to_range_width_rules,rule,19,scouting_confidence_to_range_width_rules:19,"{""dimension_id"":""medical"",""confidence_min"":""65"",""confidence_max"":""79"",""range_width_multiplier"":""0.788"",""notes"":""Apply after pool/position/source modifiers.""}"
scouting,scouting_confidence_to_range_width_rules.csv,scouting_confidence_to_range_width_rules,rule,20,scouting_confidence_to_range_width_rules:20,"{""dimension_id"":""medical"",""confidence_min"":""80"",""confidence_max"":""91"",""range_width_multiplier"":""0.578"",""notes"":""Apply after pool/position/source modifiers.""}"
scouting,scouting_confidence_to_range_width_rules.csv,scouting_confidence_to_range_width_rules,rule,21,scouting_confidence_to_range_width_rules:21,"{""dimension_id"":""medical"",""confidence_min"":""92"",""confidence_max"":""100"",""range_width_multiplier"":""0.42"",""notes"":""Apply after pool/position/source modifiers.""}"
scouting,scouting_confidence_to_range_width_rules.csv,scouting_confidence_to_range_width_rules,rule,22,scouting_confidence_to_range_width_rules:22,"{""dimension_id"":""character"",""confidence_min"":""0"",""confidence_max"":""19"",""range_width_multiplier"":""1.925"",""notes"":""Apply after pool/position/source modifiers.""}"
scouting,scouting_confidence_to_range_width_rules.csv,scouting_confidence_to_range_width_rules,rule,23,scouting_confidence_to_range_width_rules:23,"{""dimension_id"":""character"",""confidence_min"":""20"",""confidence_max"":""34"",""range_width_multiplier"":""1.562"",""notes"":""Apply after pool/position/source modifiers.""}"
scouting,scouting_confidence_to_range_width_rules.csv,scouting_confidence_to_range_width_rules,rule,24,scouting_confidence_to_range_width_rules:24,"{""dimension_id"":""character"",""confidence_min"":""35"",""confidence_max"":""49"",""range_width_multiplier"":""1.276"",""notes"":""Apply after pool/position/source modifiers.""}"
scouting,scouting_confidence_to_range_width_rules.csv,scouting_confidence_to_range_width_rules,rule,25,scouting_confidence_to_range_width_rules:25,"{""dimension_id"":""character"",""confidence_min"":""50"",""confidence_max"":""64"",""range_width_multiplier"":""1.1"",""notes"":""Apply after pool/position/source modifiers.""}"
scouting,scouting_confidence_to_range_width_rules.csv,scouting_confidence_to_range_width_rules,rule,26,scouting_confidence_to_range_width_rules:26,"{""dimension_id"":""character"",""confidence_min"":""65"",""confidence_max"":""79"",""range_width_multiplier"":""0.825"",""notes"":""Apply after pool/position/source modifiers.""}"
scouting,scouting_confidence_to_range_width_rules.csv,scouting_confidence_to_range_width_rules,rule,27,scouting_confidence_to_range_width_rules:27,"{""dimension_id"":""character"",""confidence_min"":""80"",""confidence_max"":""91"",""range_width_multiplier"":""0.605"",""notes"":""Apply after pool/position/source modifiers.""}"
scouting,scouting_confidence_to_range_width_rules.csv,scouting_confidence_to_range_width_rules,rule,28,scouting_confidence_to_range_width_rules:28,"{""dimension_id"":""character"",""confidence_min"":""92"",""confidence_max"":""100"",""range_width_multiplier"":""0.44"",""notes"":""Apply after pool/position/source modifiers.""}"
scouting,scouting_confidence_to_range_width_rules.csv,scouting_confidence_to_range_width_rules,rule,29,scouting_confidence_to_range_width_rules:29,"{""dimension_id"":""work_ethic"",""confidence_min"":""0"",""confidence_max"":""19"",""range_width_multiplier"":""1.96"",""notes"":""Apply after pool/position/source modifiers.""}"
scouting,scouting_confidence_to_range_width_rules.csv,scouting_confidence_to_range_width_rules,rule,30,scouting_confidence_to_range_width_rules:30,"{""dimension_id"":""work_ethic"",""confidence_min"":""20"",""confidence_max"":""34"",""range_width_multiplier"":""1.59"",""notes"":""Apply after pool/position/source modifiers.""}"
scouting,scouting_confidence_to_range_width_rules.csv,scouting_confidence_to_range_width_rules,rule,31,scouting_confidence_to_range_width_rules:31,"{""dimension_id"":""work_ethic"",""confidence_min"":""35"",""confidence_max"":""49"",""range_width_multiplier"":""1.299"",""notes"":""Apply after pool/position/source modifiers.""}"
scouting,scouting_confidence_to_range_width_rules.csv,scouting_confidence_to_range_width_rules,rule,32,scouting_confidence_to_range_width_rules:32,"{""dimension_id"":""work_ethic"",""confidence_min"":""50"",""confidence_max"":""64"",""range_width_multiplier"":""1.12"",""notes"":""Apply after pool/position/source modifiers.""}"
scouting,scouting_confidence_to_range_width_rules.csv,scouting_confidence_to_range_width_rules,rule,33,scouting_confidence_to_range_width_rules:33,"{""dimension_id"":""work_ethic"",""confidence_min"":""65"",""confidence_max"":""79"",""range_width_multiplier"":""0.84"",""notes"":""Apply after pool/position/source modifiers.""}"
scouting,scouting_confidence_to_range_width_rules.csv,scouting_confidence_to_range_width_rules,rule,34,scouting_confidence_to_range_width_rules:34,"{""dimension_id"":""work_ethic"",""confidence_min"":""80"",""confidence_max"":""91"",""range_width_multiplier"":""0.616"",""notes"":""Apply after pool/position/source modifiers.""}"
scouting,scouting_confidence_to_range_width_rules.csv,scouting_confidence_to_range_width_rules,rule,35,scouting_confidence_to_range_width_rules:35,"{""dimension_id"":""work_ethic"",""confidence_min"":""92"",""confidence_max"":""100"",""range_width_multiplier"":""0.448"",""notes"":""Apply after pool/position/source modifiers.""}"
scouting,scouting_confidence_to_range_width_rules.csv,scouting_confidence_to_range_width_rules,rule,36,scouting_confidence_to_range_width_rules:36,"{""dimension_id"":""scheme_fit"",""confidence_min"":""0"",""confidence_max"":""19"",""range_width_multiplier"":""1.75"",""notes"":""Apply after pool/position/source modifiers.""}"
scouting,scouting_confidence_to_range_width_rules.csv,scouting_confidence_to_range_width_rules,rule,37,scouting_confidence_to_range_width_rules:37,"{""dimension_id"":""scheme_fit"",""confidence_min"":""20"",""confidence_max"":""34"",""range_width_multiplier"":""1.42"",""notes"":""Apply after pool/position/source modifiers.""}"
scouting,scouting_confidence_to_range_width_rules.csv,scouting_confidence_to_range_width_rules,rule,38,scouting_confidence_to_range_width_rules:38,"{""dimension_id"":""scheme_fit"",""confidence_min"":""35"",""confidence_max"":""49"",""range_width_multiplier"":""1.16"",""notes"":""Apply after pool/position/source modifiers.""}"
scouting,scouting_confidence_to_range_width_rules.csv,scouting_confidence_to_range_width_rules,rule,39,scouting_confidence_to_range_width_rules:39,"{""dimension_id"":""scheme_fit"",""confidence_min"":""50"",""confidence_max"":""64"",""range_width_multiplier"":""1.0"",""notes"":""Apply after pool/position/source modifiers.""}"
scouting,scouting_confidence_to_range_width_rules.csv,scouting_confidence_to_range_width_rules,rule,40,scouting_confidence_to_range_width_rules:40,"{""dimension_id"":""scheme_fit"",""confidence_min"":""65"",""confidence_max"":""79"",""range_width_multiplier"":""0.75"",""notes"":""Apply after pool/position/source modifiers.""}"
scouting,scouting_confidence_to_range_width_rules.csv,scouting_confidence_to_range_width_rules,rule,41,scouting_confidence_to_range_width_rules:41,"{""dimension_id"":""scheme_fit"",""confidence_min"":""80"",""confidence_max"":""91"",""range_width_multiplier"":""0.55"",""notes"":""Apply after pool/position/source modifiers.""}"
scouting,scouting_confidence_to_range_width_rules.csv,scouting_confidence_to_range_width_rules,rule,42,scouting_confidence_to_range_width_rules:42,"{""dimension_id"":""scheme_fit"",""confidence_min"":""92"",""confidence_max"":""100"",""range_width_multiplier"":""0.4"",""notes"":""Apply after pool/position/source modifiers.""}"
scouting,scouting_debug_export_schema.csv,scouting_debug_export_schema,debug_schema,1,scouting_debug_export_schema:1,"{""field"":""player_id"",""type"":""string"",""required"":""True"",""description"":""Target player/prospect id.""}"
scouting,scouting_debug_export_schema.csv,scouting_debug_export_schema,debug_schema,2,scouting_debug_export_schema:2,"{""field"":""evaluator_id"",""type"":""string"",""required"":""True"",""description"":""School/team/public evaluator id.""}"
scouting,scouting_debug_export_schema.csv,scouting_debug_export_schema,debug_schema,3,scouting_debug_export_schema:3,"{""field"":""context_id"",""type"":""string"",""required"":""True"",""description"":""Evaluator context.""}"
scouting,scouting_debug_export_schema.csv,scouting_debug_export_schema,debug_schema,4,scouting_debug_export_schema:4,"{""field"":""hidden_current"",""type"":""number"",""required"":""True"",""description"":""Internal true current rating used only for debug/admin.""}"
scouting,scouting_debug_export_schema.csv,scouting_debug_export_schema,debug_schema,5,scouting_debug_export_schema:5,"{""field"":""hidden_potential"",""type"":""number"",""required"":""True"",""description"":""Internal true potential used only for debug/admin.""}"
scouting,scouting_debug_export_schema.csv,scouting_debug_export_schema,debug_schema,6,scouting_debug_export_schema:6,"{""field"":""base_current_half_width"",""type"":""number"",""required"":""True"",""description"":""Pool/position base current range half-width.""}"
scouting,scouting_debug_export_schema.csv,scouting_debug_export_schema,debug_schema,7,scouting_debug_export_schema:7,"{""field"":""base_potential_half_width"",""type"":""number"",""required"":""True"",""description"":""Pool/position base potential range half-width.""}"
scouting,scouting_debug_export_schema.csv,scouting_debug_export_schema,debug_schema,8,scouting_debug_export_schema:8,"{""field"":""modifiers_applied"",""type"":""array"",""required"":""True"",""description"":""Ordered modifier list with source, delta, multiplier.""}"
scouting,scouting_debug_export_schema.csv,scouting_debug_export_schema,debug_schema,9,scouting_debug_export_schema:9,"{""field"":""bias_profile"",""type"":""string"",""required"":""True"",""description"":""Evaluator bias profile.""}"
scouting,scouting_debug_export_schema.csv,scouting_debug_export_schema,debug_schema,10,scouting_debug_export_schema:10,"{""field"":""seeded_noise"",""type"":""object"",""required"":""True"",""description"":""Deterministic noise values by dimension.""}"
scouting,scouting_debug_export_schema.csv,scouting_debug_export_schema,debug_schema,11,scouting_debug_export_schema:11,"{""field"":""confidence"",""type"":""number"",""required"":""True"",""description"":""Final evaluator confidence 0-100.""}"
scouting,scouting_debug_export_schema.csv,scouting_debug_export_schema,debug_schema,12,scouting_debug_export_schema:12,"{""field"":""visible_current_low"",""type"":""number"",""required"":""True"",""description"":""Displayed low current estimate.""}"
scouting,scouting_debug_export_schema.csv,scouting_debug_export_schema,debug_schema,13,scouting_debug_export_schema:13,"{""field"":""visible_current_high"",""type"":""number"",""required"":""True"",""description"":""Displayed high current estimate.""}"
scouting,scouting_debug_export_schema.csv,scouting_debug_export_schema,debug_schema,14,scouting_debug_export_schema:14,"{""field"":""visible_potential_low"",""type"":""number"",""required"":""True"",""description"":""Displayed low potential estimate.""}"
scouting,scouting_debug_export_schema.csv,scouting_debug_export_schema,debug_schema,15,scouting_debug_export_schema:15,"{""field"":""visible_potential_high"",""type"":""number"",""required"":""True"",""description"":""Displayed high potential estimate.""}"
scouting,scouting_debug_export_schema.csv,scouting_debug_export_schema,debug_schema,16,scouting_debug_export_schema:16,"{""field"":""visible_flags"",""type"":""array"",""required"":""False"",""description"":""Visible concern/risk flags.""}"
scouting,scouting_debug_export_schema.csv,scouting_debug_export_schema,debug_schema,17,scouting_debug_export_schema:17,"{""field"":""hidden_flags_suppressed"",""type"":""array"",""required"":""False"",""description"":""Debug-only hidden red flags not visible to evaluator.""}"
scouting,scouting_disagreement_rules.csv,scouting_disagreement_rules,rule,1,QB,"{""subject_pool"":""hs_recruit"",""position_group"":""QB"",""expected_team_board_std"":""11.5"",""max_reasonable_rank_gap"":""large"",""disagreement_drivers"":""processing|arm_translation|scheme|level_of_competition"",""notes"":""QB evaluations should diverge heavily.""}"
scouting,scouting_disagreement_rules.csv,scouting_disagreement_rules,rule,2,ATH,"{""subject_pool"":""hs_recruit"",""position_group"":""ATH"",""expected_team_board_std"":""13.0"",""max_reasonable_rank_gap"":""very_large"",""disagreement_drivers"":""position_projection|body_growth|scheme"",""notes"":""ATH role projection drives disagreement.""}"
scouting,scouting_disagreement_rules.csv,scouting_disagreement_rules,rule,3,QB,"{""subject_pool"":""draft_prospect"",""position_group"":""QB"",""expected_team_board_std"":""14.0"",""max_reasonable_rank_gap"":""very_large"",""disagreement_drivers"":""processing|mechanics|scheme_fit|leadership|medical"",""notes"":""NFL QB boards should vary heavily.""}"
scouting,scouting_disagreement_rules.csv,scouting_disagreement_rules,rule,4,RB,"{""subject_pool"":""draft_prospect"",""position_group"":""RB"",""expected_team_board_std"":""7.0"",""max_reasonable_rank_gap"":""medium"",""disagreement_drivers"":""wear|speed|receiving|pass_protection"",""notes"":""Current ability often more visible, positional value varies.""}"
scouting,scouting_disagreement_rules.csv,scouting_disagreement_rules,rule,5,OL,"{""subject_pool"":""draft_prospect"",""position_group"":""OL"",""expected_team_board_std"":""9.0"",""max_reasonable_rank_gap"":""large"",""disagreement_drivers"":""technique|length|position_switch|scheme"",""notes"":""Projection from college OL role can vary.""}"
scouting,scouting_disagreement_rules.csv,scouting_disagreement_rules,rule,6,CB,"{""subject_pool"":""draft_prospect"",""position_group"":""CB"",""expected_team_board_std"":""10.5"",""max_reasonable_rank_gap"":""large"",""disagreement_drivers"":""speed|man_zone_fit|ball_skills|penalties"",""notes"":""Scheme-specific CB projection.""}"
scouting,scouting_disagreement_rules.csv,scouting_disagreement_rules,rule,7,K_P,"{""subject_pool"":""draft_prospect"",""position_group"":""K_P"",""expected_team_board_std"":""5.5"",""max_reasonable_rank_gap"":""medium"",""disagreement_drivers"":""sample_size|weather|pressure"",""notes"":""Specialists have narrower current skill but high small-sample volatility.""}"
scouting,scouting_disagreement_rules.csv,scouting_disagreement_rules,rule,8,QB,"{""subject_pool"":""nfl_free_agent"",""position_group"":""QB"",""expected_team_board_std"":""6.0"",""max_reasonable_rank_gap"":""medium"",""disagreement_drivers"":""scheme|backup_value|age|injury"",""notes"":""Known player but role fit differs.""}"
scouting,scouting_disagreement_rules.csv,scouting_disagreement_rules,rule,9,RB,"{""subject_pool"":""nfl_free_agent"",""position_group"":""RB"",""expected_team_board_std"":""5.5"",""max_reasonable_rank_gap"":""medium"",""disagreement_drivers"":""wear|injury|receiving"",""notes"":""Known role, durability uncertainty.""}"
scouting,scouting_display_band_rules.csv,scouting_display_band_rules,rule,1,scouting_display_band_rules:1,"{""confidence_min"":""0"",""confidence_max"":""19"",""current_range_half_width_multiplier"":""1.65"",""potential_range_half_width_multiplier"":""1.9"",""label"":""Very Low Confidence"",""display_style"":""very_wide_range"",""notes"":""Use broad range and warn user.""}"
scouting,scouting_display_band_rules.csv,scouting_display_band_rules,rule,2,scouting_display_band_rules:2,"{""confidence_min"":""20"",""confidence_max"":""34"",""current_range_half_width_multiplier"":""1.35"",""potential_range_half_width_multiplier"":""1.55"",""label"":""Low Confidence"",""display_style"":""wide_range"",""notes"":""Meaningful uncertainty.""}"
scouting,scouting_display_band_rules.csv,scouting_display_band_rules,rule,3,scouting_display_band_rules:3,"{""confidence_min"":""35"",""confidence_max"":""49"",""current_range_half_width_multiplier"":""1.12"",""potential_range_half_width_multiplier"":""1.25"",""label"":""Limited Confidence"",""display_style"":""range"",""notes"":""Normal early recruiting/draft view.""}"
scouting,scouting_display_band_rules.csv,scouting_display_band_rules,rule,4,scouting_display_band_rules:4,"{""confidence_min"":""50"",""confidence_max"":""64"",""current_range_half_width_multiplier"":""0.95"",""potential_range_half_width_multiplier"":""1.05"",""label"":""Moderate Confidence"",""display_style"":""range_with_tags"",""notes"":""Reasonable board estimate.""}"
scouting,scouting_display_band_rules.csv,scouting_display_band_rules,rule,5,scouting_display_band_rules:5,"{""confidence_min"":""65"",""confidence_max"":""79"",""current_range_half_width_multiplier"":""0.72"",""potential_range_half_width_multiplier"":""0.82"",""label"":""Good Confidence"",""display_style"":""narrow_range"",""notes"":""Strong scouting view.""}"
scouting,scouting_display_band_rules.csv,scouting_display_band_rules,rule,6,scouting_display_band_rules:6,"{""confidence_min"":""80"",""confidence_max"":""91"",""current_range_half_width_multiplier"":""0.52"",""potential_range_half_width_multiplier"":""0.62"",""label"":""High Confidence"",""display_style"":""tight_range"",""notes"":""Mostly own-roster or heavily scouted player.""}"
scouting,scouting_display_band_rules.csv,scouting_display_band_rules,rule,7,scouting_display_band_rules:7,"{""confidence_min"":""92"",""confidence_max"":""100"",""current_range_half_width_multiplier"":""0.35"",""potential_range_half_width_multiplier"":""0.45"",""label"":""Very High Confidence"",""display_style"":""very_tight_range"",""notes"":""Still do not reveal hidden truth exactly.""}"
scouting,scouting_draft_tier_uncertainty_modifiers.csv,scouting_draft_tier_uncertainty_modifiers,modifier,1,scouting_draft_tier_uncertainty_modifiers:1,"{""draft_tier"":""top_5"",""current_width_multiplier"":""0.72"",""potential_width_multiplier"":""0.82"",""confidence_bonus"":""18"",""notes"":""High consensus but QB/medical/scheme disagreements remain.""}"
scouting,scouting_draft_tier_uncertainty_modifiers.csv,scouting_draft_tier_uncertainty_modifiers,modifier,2,scouting_draft_tier_uncertainty_modifiers:2,"{""draft_tier"":""top_10"",""current_width_multiplier"":""0.78"",""potential_width_multiplier"":""0.88"",""confidence_bonus"":""15"",""notes"":""Strong information volume.""}"
scouting,scouting_draft_tier_uncertainty_modifiers.csv,scouting_draft_tier_uncertainty_modifiers,modifier,3,scouting_draft_tier_uncertainty_modifiers:3,"{""draft_tier"":""round_1"",""current_width_multiplier"":""0.84"",""potential_width_multiplier"":""0.95"",""confidence_bonus"":""11"",""notes"":""Better film/testing/medical coverage.""}"
scouting,scouting_draft_tier_uncertainty_modifiers.csv,scouting_draft_tier_uncertainty_modifiers,modifier,4,scouting_draft_tier_uncertainty_modifiers:4,"{""draft_tier"":""round_2"",""current_width_multiplier"":""0.92"",""potential_width_multiplier"":""1.0"",""confidence_bonus"":""7"",""notes"":""Meaningful information but more projection spread.""}"
scouting,scouting_draft_tier_uncertainty_modifiers.csv,scouting_draft_tier_uncertainty_modifiers,modifier,5,scouting_draft_tier_uncertainty_modifiers:5,"{""draft_tier"":""round_3"",""current_width_multiplier"":""1.0"",""potential_width_multiplier"":""1.08"",""confidence_bonus"":""2"",""notes"":""Advisory-board-style accuracy begins to fall here.""}"
scouting,scouting_draft_tier_uncertainty_modifiers.csv,scouting_draft_tier_uncertainty_modifiers,modifier,6,scouting_draft_tier_uncertainty_modifiers:6,"{""draft_tier"":""round_4"",""current_width_multiplier"":""1.12"",""potential_width_multiplier"":""1.2"",""confidence_bonus"":""-3"",""notes"":""Team boards diverge strongly.""}"
scouting,scouting_draft_tier_uncertainty_modifiers.csv,scouting_draft_tier_uncertainty_modifiers,modifier,7,scouting_draft_tier_uncertainty_modifiers:7,"{""draft_tier"":""round_5"",""current_width_multiplier"":""1.22"",""potential_width_multiplier"":""1.32"",""confidence_bonus"":""-6"",""notes"":""Traits/role/special teams projection dominates.""}"
scouting,scouting_draft_tier_uncertainty_modifiers.csv,scouting_draft_tier_uncertainty_modifiers,modifier,8,scouting_draft_tier_uncertainty_modifiers:8,"{""draft_tier"":""round_6"",""current_width_multiplier"":""1.35"",""potential_width_multiplier"":""1.48"",""confidence_bonus"":""-10"",""notes"":""High uncertainty and board disagreement.""}"
scouting,scouting_draft_tier_uncertainty_modifiers.csv,scouting_draft_tier_uncertainty_modifiers,modifier,9,scouting_draft_tier_uncertainty_modifiers:9,"{""draft_tier"":""round_7"",""current_width_multiplier"":""1.48"",""potential_width_multiplier"":""1.65"",""confidence_bonus"":""-13"",""notes"":""Late-round projection and special teams uncertainty.""}"
scouting,scouting_draft_tier_uncertainty_modifiers.csv,scouting_draft_tier_uncertainty_modifiers,modifier,10,scouting_draft_tier_uncertainty_modifiers:10,"{""draft_tier"":""priority_udfa"",""current_width_multiplier"":""1.62"",""potential_width_multiplier"":""1.82"",""confidence_bonus"":""-16"",""notes"":""Teams differ heavily on rosterability.""}"
scouting,scouting_draft_tier_uncertainty_modifiers.csv,scouting_draft_tier_uncertainty_modifiers,modifier,11,scouting_draft_tier_uncertainty_modifiers:11,"{""draft_tier"":""camp_body_udfa"",""current_width_multiplier"":""1.85"",""potential_width_multiplier"":""2.05"",""confidence_bonus"":""-22"",""notes"":""Sparse confidence, high replacement risk.""}"
scouting,scouting_evaluator_contexts.csv,scouting_evaluator_contexts,runtime_tuning,1,scouting_evaluator_contexts:1,"{""context_id"":""college_recruiting_board"",""evaluator_level"":""college"",""targets"":""hs_recruit|transfer_portal"",""view_scope"":""school_specific"",""default_confidence_floor"":""18"",""default_confidence_ceiling"":""92"",""notes"":""Used for school-by-school recruiting boards.""}"
scouting,scouting_evaluator_contexts.csv,scouting_evaluator_contexts,runtime_tuning,2,scouting_evaluator_contexts:2,"{""context_id"":""college_internal_roster_eval"",""evaluator_level"":""college"",""targets"":""college_internal_own_roster"",""view_scope"":""school_specific"",""default_confidence_floor"":""55"",""default_confidence_ceiling"":""98"",""notes"":""Used by a school evaluating its own players.""}"
scouting,scouting_evaluator_contexts.csv,scouting_evaluator_contexts,runtime_tuning,3,scouting_evaluator_contexts:3,"{""context_id"":""college_opponent_eval"",""evaluator_level"":""college"",""targets"":""college_opponent_roster"",""view_scope"":""school_specific"",""default_confidence_floor"":""28"",""default_confidence_ceiling"":""82"",""notes"":""Used for transfer targeting and opponent knowledge.""}"
scouting,scouting_evaluator_contexts.csv,scouting_evaluator_contexts,runtime_tuning,4,scouting_evaluator_contexts:4,"{""context_id"":""nfl_draft_board"",""evaluator_level"":""nfl"",""targets"":""draft_prospect"",""view_scope"":""team_specific"",""default_confidence_floor"":""22"",""default_confidence_ceiling"":""94"",""notes"":""Mirrors team-specific draft boards and scout disagreements.""}"
scouting,scouting_evaluator_contexts.csv,scouting_evaluator_contexts,runtime_tuning,5,scouting_evaluator_contexts:5,"{""context_id"":""nfl_pro_personnel"",""evaluator_level"":""nfl"",""targets"":""nfl_free_agent|nfl_veteran_trade|practice_squad"",""view_scope"":""team_specific"",""default_confidence_floor"":""42"",""default_confidence_ceiling"":""96"",""notes"":""Used for free agency, trade, waivers, and practice squad poaching.""}"
scouting,scouting_evaluator_contexts.csv,scouting_evaluator_contexts,runtime_tuning,6,scouting_evaluator_contexts:6,"{""context_id"":""public_media_consensus"",""evaluator_level"":""public"",""targets"":""hs_recruit|draft_prospect|nfl_free_agent"",""view_scope"":""global_consensus"",""default_confidence_floor"":""15"",""default_confidence_ceiling"":""75"",""notes"":""Optional public board layer. Less precise than team-specific internal evaluation.""}"
scouting,scouting_information_source_rules.csv,scouting_information_source_rules,rule,1,scouting_information_source_rules:1,"{""source_id"":""high_school_film"",""applies_to"":""hs_recruit"",""current_confidence_delta"":""5"",""potential_confidence_delta"":""2"",""medical_confidence_delta"":""0"",""character_confidence_delta"":""0"",""attribute_focus"":""current_ability|technical_skill|production_translation"",""diminishing_return_rank"":""2"",""notes"":""Useful but competition level varies.""}"
scouting,scouting_information_source_rules.csv,scouting_information_source_rules,rule,2,scouting_information_source_rules:2,"{""source_id"":""camp_or_7on7_eval"",""applies_to"":""hs_recruit"",""current_confidence_delta"":""6"",""potential_confidence_delta"":""4"",""medical_confidence_delta"":""0"",""character_confidence_delta"":""1"",""attribute_focus"":""athletic_translation|position_projection"",""diminishing_return_rank"":""3"",""notes"":""Good comparative athletic/skill signal, context-limited.""}"
scouting,scouting_information_source_rules.csv,scouting_information_source_rules,rule,3,scouting_information_source_rules:3,"{""source_id"":""coach_relationship"",""applies_to"":""hs_recruit|transfer_portal"",""current_confidence_delta"":""2"",""potential_confidence_delta"":""4"",""medical_confidence_delta"":""2"",""character_confidence_delta"":""8"",""attribute_focus"":""work_ethic|character|coachability"",""diminishing_return_rank"":""1"",""notes"":""Strong for intangibles, subject to bias.""}"
scouting,scouting_information_source_rules.csv,scouting_information_source_rules,rule,4,scouting_information_source_rules:4,"{""source_id"":""college_game_film"",""applies_to"":""transfer_portal|draft_prospect|college_opponent_roster"",""current_confidence_delta"":""8"",""potential_confidence_delta"":""3"",""medical_confidence_delta"":""0"",""character_confidence_delta"":""0"",""attribute_focus"":""current_ability|technical_skill|production_translation"",""diminishing_return_rank"":""2"",""notes"":""Best all-around performance source.""}"
scouting,scouting_information_source_rules.csv,scouting_information_source_rules,rule,5,scouting_information_source_rules:5,"{""source_id"":""practice_access"",""applies_to"":""college_internal_own_roster"",""current_confidence_delta"":""10"",""potential_confidence_delta"":""8"",""medical_confidence_delta"":""6"",""character_confidence_delta"":""8"",""attribute_focus"":""work_ethic|technical_skill|medical|mental_processing"",""diminishing_return_rank"":""1"",""notes"":""Own-team advantage.""}"
scouting,scouting_information_source_rules.csv,scouting_information_source_rules,rule,6,scouting_information_source_rules:6,"{""source_id"":""combine_testing"",""applies_to"":""draft_prospect"",""current_confidence_delta"":""5"",""potential_confidence_delta"":""1"",""medical_confidence_delta"":""2"",""character_confidence_delta"":""0"",""attribute_focus"":""athletic_translation|medical"",""diminishing_return_rank"":""4"",""notes"":""Useful for measurables and matriculation, not long-term success guarantee.""}"
scouting,scouting_information_source_rules.csv,scouting_information_source_rules,rule,7,scouting_information_source_rules:7,"{""source_id"":""pro_day"",""applies_to"":""draft_prospect"",""current_confidence_delta"":""3"",""potential_confidence_delta"":""1"",""medical_confidence_delta"":""0"",""character_confidence_delta"":""0"",""attribute_focus"":""athletic_translation|position_projection"",""diminishing_return_rank"":""5"",""notes"":""More controlled environment.""}"
scouting,scouting_information_source_rules.csv,scouting_information_source_rules,rule,8,scouting_information_source_rules:8,"{""source_id"":""medical_exam"",""applies_to"":""draft_prospect|nfl_free_agent|nfl_veteran_trade"",""current_confidence_delta"":""1"",""potential_confidence_delta"":""1"",""medical_confidence_delta"":""14"",""character_confidence_delta"":""0"",""attribute_focus"":""medical"",""diminishing_return_rank"":""1"",""notes"":""Strong medical visibility but not perfect recurrence forecast.""}"
scouting,scouting_information_source_rules.csv,scouting_information_source_rules,rule,9,scouting_information_source_rules:9,"{""source_id"":""formal_interview"",""applies_to"":""draft_prospect|nfl_free_agent"",""current_confidence_delta"":""1"",""potential_confidence_delta"":""2"",""medical_confidence_delta"":""0"",""character_confidence_delta"":""7"",""attribute_focus"":""character|mental_processing|work_ethic"",""diminishing_return_rank"":""3"",""notes"":""Important team-specific input.""}"
scouting,scouting_information_source_rules.csv,scouting_information_source_rules,rule,10,scouting_information_source_rules:10,"{""source_id"":""nfl_regular_season_tape"",""applies_to"":""nfl_free_agent|nfl_veteran_trade|practice_squad"",""current_confidence_delta"":""9"",""potential_confidence_delta"":""2"",""medical_confidence_delta"":""1"",""character_confidence_delta"":""0"",""attribute_focus"":""current_ability|technical_skill|scheme_fit"",""diminishing_return_rank"":""2"",""notes"":""Best pro personnel current-ability source.""}"
scouting,scouting_information_source_rules.csv,scouting_information_source_rules,rule,11,scouting_information_source_rules:11,"{""source_id"":""limited_preseason_tape"",""applies_to"":""practice_squad|nfl_free_agent"",""current_confidence_delta"":""4"",""potential_confidence_delta"":""3"",""medical_confidence_delta"":""0"",""character_confidence_delta"":""0"",""attribute_focus"":""current_ability|position_projection"",""diminishing_return_rank"":""3"",""notes"":""Small-sample fringe player evidence.""}"
scouting,scouting_medical_character_visibility_rules.csv,scouting_medical_character_visibility_rules,rule,1,scouting_medical_character_visibility_rules:1,"{""pool_id"":""hs_recruit"",""medical_confidence_base"":""28"",""character_confidence_base"":""24"",""work_ethic_confidence_base"":""26"",""notes"":""Mostly coach/camp/relationship inferred.""}"
scouting,scouting_medical_character_visibility_rules.csv,scouting_medical_character_visibility_rules,rule,2,scouting_medical_character_visibility_rules:2,"{""pool_id"":""transfer_portal"",""medical_confidence_base"":""45"",""character_confidence_base"":""38"",""work_ethic_confidence_base"":""42"",""notes"":""College staff history exists but not fully public to acquiring schools.""}"
scouting,scouting_medical_character_visibility_rules.csv,scouting_medical_character_visibility_rules,rule,3,scouting_medical_character_visibility_rules:3,"{""pool_id"":""college_internal_own_roster"",""medical_confidence_base"":""82"",""character_confidence_base"":""76"",""work_ethic_confidence_base"":""84"",""notes"":""Own team has practice and training access.""}"
scouting,scouting_medical_character_visibility_rules.csv,scouting_medical_character_visibility_rules,rule,4,scouting_medical_character_visibility_rules:4,"{""pool_id"":""college_opponent_roster"",""medical_confidence_base"":""36"",""character_confidence_base"":""30"",""work_ethic_confidence_base"":""34"",""notes"":""Outsider inference from film/stats and rumors.""}"
scouting,scouting_medical_character_visibility_rules.csv,scouting_medical_character_visibility_rules,rule,5,scouting_medical_character_visibility_rules:5,"{""pool_id"":""draft_prospect"",""medical_confidence_base"":""58"",""character_confidence_base"":""46"",""work_ethic_confidence_base"":""50"",""notes"":""Combine medical and interviews improve visibility.""}"
scouting,scouting_medical_character_visibility_rules.csv,scouting_medical_character_visibility_rules,rule,6,scouting_medical_character_visibility_rules:6,"{""pool_id"":""nfl_free_agent"",""medical_confidence_base"":""62"",""character_confidence_base"":""52"",""work_ethic_confidence_base"":""55"",""notes"":""League history and medicals help, but decline/recovery uncertain.""}"
scouting,scouting_medical_character_visibility_rules.csv,scouting_medical_character_visibility_rules,rule,7,scouting_medical_character_visibility_rules:7,"{""pool_id"":""nfl_veteran_trade"",""medical_confidence_base"":""70"",""character_confidence_base"":""58"",""work_ethic_confidence_base"":""60"",""notes"":""Known player, current team knows more than buyer.""}"
scouting,scouting_medical_character_visibility_rules.csv,scouting_medical_character_visibility_rules,rule,8,scouting_medical_character_visibility_rules:8,"{""pool_id"":""practice_squad"",""medical_confidence_base"":""48"",""character_confidence_base"":""42"",""work_ethic_confidence_base"":""44"",""notes"":""Limited pro evidence.""}"
scouting,scouting_noise_distribution_rules.csv,scouting_noise_distribution_rules,weight_distribution,1,scouting_noise_distribution_rules:1,"{""noise_profile_id"":""normal_centered"",""distribution"":""normal"",""mean_bias"":""0"",""std_multiplier"":""1.0"",""tail_risk"":""0.04"",""applies_to"":""default"",""notes"":""Default seeded team-specific noise.""}"
scouting,scouting_noise_distribution_rules.csv,scouting_noise_distribution_rules,weight_distribution,2,scouting_noise_distribution_rules:2,"{""noise_profile_id"":""hype_positive_bias"",""distribution"":""skew_normal"",""mean_bias"":""2.5"",""std_multiplier"":""1.15"",""tail_risk"":""0.07"",""applies_to"":""five_star|top_10|public_media_consensus"",""notes"":""Public or brand hype can overstate current/potential.""}"
scouting,scouting_noise_distribution_rules.csv,scouting_noise_distribution_rules,weight_distribution,3,scouting_noise_distribution_rules:3,"{""noise_profile_id"":""small_school_underexposed"",""distribution"":""skew_normal"",""mean_bias"":""-1.5"",""std_multiplier"":""1.3"",""tail_risk"":""0.1"",""applies_to"":""small_school|fcs|low_competition"",""notes"":""Can undervalue players but with wide outcomes.""}"
scouting,scouting_noise_distribution_rules.csv,scouting_noise_distribution_rules,weight_distribution,4,scouting_noise_distribution_rules:4,"{""noise_profile_id"":""tools_over_skill_bias"",""distribution"":""mixture"",""mean_bias"":""1.0"",""std_multiplier"":""1.25"",""tail_risk"":""0.08"",""applies_to"":""ATH|EDGE|CB|WR|QB"",""notes"":""Athletic tools may overinflate projection.""}"
scouting,scouting_noise_distribution_rules.csv,scouting_noise_distribution_rules,weight_distribution,5,scouting_noise_distribution_rules:5,"{""noise_profile_id"":""production_over_skill_bias"",""distribution"":""mixture"",""mean_bias"":""1.5"",""std_multiplier"":""1.18"",""tail_risk"":""0.07"",""applies_to"":""high_production_low_traits"",""notes"":""Stats can overstate true translation.""}"
scouting,scouting_noise_distribution_rules.csv,scouting_noise_distribution_rules,weight_distribution,6,scouting_noise_distribution_rules:6,"{""noise_profile_id"":""medical_downside_tail"",""distribution"":""left_tail_mixture"",""mean_bias"":""-1.0"",""std_multiplier"":""1.35"",""tail_risk"":""0.12"",""applies_to"":""medical_red_flag"",""notes"":""Medical flags create downside tail and board disagreement.""}"
scouting,scouting_red_flag_visibility_rules.csv,scouting_red_flag_visibility_rules,rule,1,scouting_red_flag_visibility_rules:1,"{""flag_type"":""medical_minor"",""base_visibility"":""medium"",""visibility_sources"":""medical_exam|coach_relationship|injury_history"",""false_positive_rate"":""0.08"",""false_negative_rate"":""0.18"",""notes"":""Minor flags often visible but not precise.""}"
scouting,scouting_red_flag_visibility_rules.csv,scouting_red_flag_visibility_rules,rule,2,scouting_red_flag_visibility_rules:2,"{""flag_type"":""medical_major"",""base_visibility"":""medium_high"",""visibility_sources"":""medical_exam|injury_history|combine_medical"",""false_positive_rate"":""0.05"",""false_negative_rate"":""0.1"",""notes"":""Major injuries leave more evidence, recurrence still uncertain.""}"
scouting,scouting_red_flag_visibility_rules.csv,scouting_red_flag_visibility_rules,rule,3,scouting_red_flag_visibility_rules:3,"{""flag_type"":""work_ethic_low"",""base_visibility"":""low_medium"",""visibility_sources"":""coach_relationship|practice_access|formal_interview"",""false_positive_rate"":""0.12"",""false_negative_rate"":""0.28"",""notes"":""Hard to know from outside.""}"
scouting,scouting_red_flag_visibility_rules.csv,scouting_red_flag_visibility_rules,rule,4,scouting_red_flag_visibility_rules:4,"{""flag_type"":""character_off_field"",""base_visibility"":""low_medium"",""visibility_sources"":""background_check|formal_interview|coach_relationship"",""false_positive_rate"":""0.1"",""false_negative_rate"":""0.25"",""notes"":""Should be noisy and team-specific.""}"
scouting,scouting_red_flag_visibility_rules.csv,scouting_red_flag_visibility_rules,rule,5,scouting_red_flag_visibility_rules:5,"{""flag_type"":""scheme_dependency"",""base_visibility"":""medium"",""visibility_sources"":""film|scheme_fit_review"",""false_positive_rate"":""0.1"",""false_negative_rate"":""0.18"",""notes"":""Scouts can identify but teams weigh it differently.""}"
scouting,scouting_red_flag_visibility_rules.csv,scouting_red_flag_visibility_rules,rule,6,scouting_red_flag_visibility_rules:6,"{""flag_type"":""production_context"",""base_visibility"":""medium_high"",""visibility_sources"":""film|competition_adjustment|analytics"",""false_positive_rate"":""0.08"",""false_negative_rate"":""0.15"",""notes"":""Stats context should be visible but not decisive.""}"
scouting,scouting_red_flag_visibility_rules.csv,scouting_red_flag_visibility_rules,rule,7,scouting_red_flag_visibility_rules:7,"{""flag_type"":""position_projection"",""base_visibility"":""medium"",""visibility_sources"":""film|measurements|camp|combine"",""false_positive_rate"":""0.12"",""false_negative_rate"":""0.2"",""notes"":""Position changes remain uncertain.""}"
scouting,scouting_regional_pipeline_modifiers.csv,scouting_regional_pipeline_modifiers,modifier,1,scouting_regional_pipeline_modifiers:1,"{""evaluator_level"":""college"",""region_relation"":""home_state"",""confidence_delta"":""10"",""current_width_multiplier"":""0.88"",""potential_width_multiplier"":""0.92"",""notes"":""Local HS recruit knowledge.""}"
scouting,scouting_regional_pipeline_modifiers.csv,scouting_regional_pipeline_modifiers,modifier,2,scouting_regional_pipeline_modifiers:2,"{""evaluator_level"":""college"",""region_relation"":""adjacent_state"",""confidence_delta"":""5"",""current_width_multiplier"":""0.94"",""potential_width_multiplier"":""0.98"",""notes"":""Regional scout coverage.""}"
scouting,scouting_regional_pipeline_modifiers.csv,scouting_regional_pipeline_modifiers,modifier,3,scouting_regional_pipeline_modifiers:3,"{""evaluator_level"":""college"",""region_relation"":""established_pipeline"",""confidence_delta"":""8"",""current_width_multiplier"":""0.9"",""potential_width_multiplier"":""0.94"",""notes"":""Repeated staff relationships.""}"
scouting,scouting_regional_pipeline_modifiers.csv,scouting_regional_pipeline_modifiers,modifier,4,scouting_regional_pipeline_modifiers:4,"{""evaluator_level"":""college"",""region_relation"":""outside_region"",""confidence_delta"":""-6"",""current_width_multiplier"":""1.08"",""potential_width_multiplier"":""1.12"",""notes"":""Less staff exposure.""}"
scouting,scouting_regional_pipeline_modifiers.csv,scouting_regional_pipeline_modifiers,modifier,5,scouting_regional_pipeline_modifiers:5,"{""evaluator_level"":""nfl"",""region_relation"":""same_scouting_area"",""confidence_delta"":""4"",""current_width_multiplier"":""0.96"",""potential_width_multiplier"":""0.98"",""notes"":""Area scout familiarity.""}"
scouting,scouting_regional_pipeline_modifiers.csv,scouting_regional_pipeline_modifiers,modifier,6,scouting_regional_pipeline_modifiers:6,"{""evaluator_level"":""nfl"",""region_relation"":""small_school_low_access"",""confidence_delta"":""-8"",""current_width_multiplier"":""1.1"",""potential_width_multiplier"":""1.18"",""notes"":""Less reliable opponent and competition data.""}"
scouting,scouting_regional_pipeline_modifiers.csv,scouting_regional_pipeline_modifiers,modifier,7,scouting_regional_pipeline_modifiers:7,"{""evaluator_level"":""nfl"",""region_relation"":""all_star_event_seen"",""confidence_delta"":""7"",""current_width_multiplier"":""0.94"",""potential_width_multiplier"":""0.96"",""notes"":""Direct comparative event.""}"
scouting,scouting_research_basis.csv,scouting_research_basis,research_basis,1,scouting_research_basis:1,"{""source_id"":""combine_ml_2023"",""topic"":""Combine prediction limits"",""finding"":""Combine/testing can help predict NFL matriculation but is weak for long-term success; use testing to narrow athletic/current readiness more than potential."",""url"":""https://arxiv.org/abs/2303.05774"",""package_usage"":""scouting_information_source_rules.csv|scouting_visibility_dimension_taxonomy.csv""}"
scouting,scouting_research_basis.csv,scouting_research_basis,research_basis,2,scouting_research_basis:2,"{""source_id"":""nfl_combine_process"",""topic"":""Combine evaluations"",""finding"":""Combine includes athletic tests, medical/physical evaluations, interviews, and team interviews; model these as separate information sources."",""url"":""https://en.wikipedia.org/wiki/NFL_Scouting_Combine"",""package_usage"":""scouting_information_source_rules.csv""}"
scouting,scouting_research_basis.csv,scouting_research_basis,research_basis,3,scouting_research_basis:3,"{""source_id"":""draft_advisory_board_accuracy"",""topic"":""Draft projection uncertainty"",""finding"":""Early-round advisory grades are more reliable than third-round-or-lower grades, where undrafted risk rises sharply; late draft tiers need wider uncertainty."",""url"":""https://en.wikipedia.org/wiki/NFL_Draft_Advisory_Board"",""package_usage"":""scouting_draft_tier_uncertainty_modifiers.csv""}"
scouting,scouting_research_basis.csv,scouting_research_basis,research_basis,4,scouting_research_basis:4,"{""source_id"":""247_rating_scale"",""topic"":""Recruit star priors"",""finding"":""Five-stars approximate top first-round potential and four-stars several hundred draft-potential prospects; three-star bands are broad. Use stars as priors, not truth."",""url"":""https://en.wikipedia.org/wiki/247Sports"",""package_usage"":""scouting_star_band_uncertainty_modifiers.csv""}"
scouting,scouting_research_basis.csv,scouting_research_basis,research_basis,5,scouting_research_basis:5,"{""source_id"":""public_board_variance"",""topic"":""Public board vs actual draft"",""finding"":""Public draft boards can diverge materially from actual team draft behavior; represent team-specific board disagreement."",""url"":""https://www.windycitygridiron.com/2025/4/4/24400889/nfl-draft-boards-are-not-reality-major-boards-versus-historical-drafts"",""package_usage"":""scouting_disagreement_rules.csv""}"
scouting,scouting_research_basis.csv,scouting_research_basis,research_basis,6,scouting_research_basis:6,"{""source_id"":""combine_interviews_medicals_2026"",""topic"":""Medical/interview value"",""finding"":""Modern combine process includes medical exams and team interviews; these improve visibility for medical/character/mental dimensions but are not deterministic."",""url"":""https://www.reuters.com/sports/are-you-dog-or-cat-welcome-nfl-scouting-combine-2026-02-26/"",""package_usage"":""scouting_information_source_rules.csv|scouting_medical_character_visibility_rules.csv""}"
scouting,scouting_staff_quality_modifiers.csv,scouting_staff_quality_modifiers,modifier,1,scouting_staff_quality_modifiers:1,"{""staff_quality_band"":""poor"",""scouting_rating_min"":""0"",""scouting_rating_max"":""39"",""current_width_multiplier"":""1.22"",""potential_width_multiplier"":""1.28"",""medical_flag_width_multiplier"":""1.15"",""confidence_delta"":""-10"",""notes"":""Weak staff widens estimates and misses hidden traits.""}"
scouting,scouting_staff_quality_modifiers.csv,scouting_staff_quality_modifiers,modifier,2,scouting_staff_quality_modifiers:2,"{""staff_quality_band"":""below_average"",""scouting_rating_min"":""40"",""scouting_rating_max"":""49"",""current_width_multiplier"":""1.12"",""potential_width_multiplier"":""1.16"",""medical_flag_width_multiplier"":""1.08"",""confidence_delta"":""-6"",""notes"":""Some scouting weakness.""}"
scouting,scouting_staff_quality_modifiers.csv,scouting_staff_quality_modifiers,modifier,3,scouting_staff_quality_modifiers:3,"{""staff_quality_band"":""average"",""scouting_rating_min"":""50"",""scouting_rating_max"":""59"",""current_width_multiplier"":""1.0"",""potential_width_multiplier"":""1.0"",""medical_flag_width_multiplier"":""1.0"",""confidence_delta"":""0"",""notes"":""Neutral staff.""}"
scouting,scouting_staff_quality_modifiers.csv,scouting_staff_quality_modifiers,modifier,4,scouting_staff_quality_modifiers:4,"{""staff_quality_band"":""good"",""scouting_rating_min"":""60"",""scouting_rating_max"":""74"",""current_width_multiplier"":""0.88"",""potential_width_multiplier"":""0.9"",""medical_flag_width_multiplier"":""0.92"",""confidence_delta"":""6"",""notes"":""Better evaluation and follow-up.""}"
scouting,scouting_staff_quality_modifiers.csv,scouting_staff_quality_modifiers,modifier,5,scouting_staff_quality_modifiers:5,"{""staff_quality_band"":""excellent"",""scouting_rating_min"":""75"",""scouting_rating_max"":""89"",""current_width_multiplier"":""0.76"",""potential_width_multiplier"":""0.8"",""medical_flag_width_multiplier"":""0.84"",""confidence_delta"":""12"",""notes"":""Strong staff narrows ranges noticeably.""}"
scouting,scouting_staff_quality_modifiers.csv,scouting_staff_quality_modifiers,modifier,6,scouting_staff_quality_modifiers:6,"{""staff_quality_band"":""elite"",""scouting_rating_min"":""90"",""scouting_rating_max"":""100"",""current_width_multiplier"":""0.65"",""potential_width_multiplier"":""0.7"",""medical_flag_width_multiplier"":""0.76"",""confidence_delta"":""17"",""notes"":""Elite scouting is still imperfect but materially better.""}"
scouting,scouting_star_band_uncertainty_modifiers.csv,scouting_star_band_uncertainty_modifiers,modifier,1,scouting_star_band_uncertainty_modifiers:1,"{""star_band"":""five_star"",""current_width_multiplier"":""0.7"",""potential_width_multiplier"":""0.78"",""visibility_bonus"":""16"",""bias_risk"":""hype_overcorrection"",""notes"":""More national film/camps but higher scrutiny and hype bias.""}"
scouting,scouting_star_band_uncertainty_modifiers.csv,scouting_star_band_uncertainty_modifiers,modifier,2,scouting_star_band_uncertainty_modifiers:2,"{""star_band"":""high_four"",""current_width_multiplier"":""0.78"",""potential_width_multiplier"":""0.85"",""visibility_bonus"":""12"",""bias_risk"":""brand_program_bias"",""notes"":""Strong visibility, still meaningful ceiling/floor uncertainty.""}"
scouting,scouting_star_band_uncertainty_modifiers.csv,scouting_star_band_uncertainty_modifiers,modifier,3,scouting_star_band_uncertainty_modifiers:3,"{""star_band"":""low_four"",""current_width_multiplier"":""0.85"",""potential_width_multiplier"":""0.95"",""visibility_bonus"":""8"",""bias_risk"":""blue_chip_borderline_bias"",""notes"":""Visible but variable role translation.""}"
scouting,scouting_star_band_uncertainty_modifiers.csv,scouting_star_band_uncertainty_modifiers,modifier,4,scouting_star_band_uncertainty_modifiers:4,"{""star_band"":""high_three"",""current_width_multiplier"":""1.0"",""potential_width_multiplier"":""1.08"",""visibility_bonus"":""2"",""bias_risk"":""upside_split"",""notes"":""Can be meaningful sleeper or ordinary contributor.""}"
scouting,scouting_star_band_uncertainty_modifiers.csv,scouting_star_band_uncertainty_modifiers,modifier,5,scouting_star_band_uncertainty_modifiers:5,"{""star_band"":""mid_three"",""current_width_multiplier"":""1.1"",""potential_width_multiplier"":""1.18"",""visibility_bonus"":""-2"",""bias_risk"":""regional_coverage_gap"",""notes"":""Less national certainty.""}"
scouting,scouting_star_band_uncertainty_modifiers.csv,scouting_star_band_uncertainty_modifiers,modifier,6,scouting_star_band_uncertainty_modifiers:6,"{""star_band"":""low_three"",""current_width_multiplier"":""1.18"",""potential_width_multiplier"":""1.28"",""visibility_bonus"":""-5"",""bias_risk"":""late_development_gap"",""notes"":""Projection-heavy.""}"
scouting,scouting_star_band_uncertainty_modifiers.csv,scouting_star_band_uncertainty_modifiers,modifier,7,scouting_star_band_uncertainty_modifiers:7,"{""star_band"":""two_star"",""current_width_multiplier"":""1.28"",""potential_width_multiplier"":""1.4"",""visibility_bonus"":""-9"",""bias_risk"":""low_exposure"",""notes"":""Sparse evaluation and larger sleeper/miss uncertainty.""}"
scouting,scouting_star_band_uncertainty_modifiers.csv,scouting_star_band_uncertainty_modifiers,modifier,8,scouting_star_band_uncertainty_modifiers:8,"{""star_band"":""unranked"",""current_width_multiplier"":""1.45"",""potential_width_multiplier"":""1.62"",""visibility_bonus"":""-14"",""bias_risk"":""missing_data"",""notes"":""Unranked players should have wide ranges and strong low-exposure effects.""}"
scouting,scouting_subject_pool_definitions.csv,scouting_subject_pool_definitions,definition,1,scouting_subject_pool_definitions:1,"{""pool_id"":""hs_recruit"",""display_name"":""High School Recruit"",""primary_evaluator"":""college"",""truth_owner"":""none"",""default_visibility"":""low"",""uncertainty_priority"":""very_high"",""notes"":""Largest uncertainty. Sparse film, camp context, opponent quality, body projection, and growth risk.""}"
scouting,scouting_subject_pool_definitions.csv,scouting_subject_pool_definitions,definition,2,scouting_subject_pool_definitions:2,"{""pool_id"":""transfer_portal"",""display_name"":""Transfer Portal Player"",""primary_evaluator"":""college"",""truth_owner"":""previous_school"",""default_visibility"":""medium"",""uncertainty_priority"":""high"",""notes"":""College film exists, but role change, scheme fit, medical, and motivation remain uncertain.""}"
scouting,scouting_subject_pool_definitions.csv,scouting_subject_pool_definitions,definition,3,scouting_subject_pool_definitions:3,"{""pool_id"":""college_internal_own_roster"",""display_name"":""Own College Roster Player"",""primary_evaluator"":""college"",""truth_owner"":""current_school"",""default_visibility"":""high"",""uncertainty_priority"":""medium"",""notes"":""Current school knows practice habits, medical, and role fit better than outsiders.""}"
scouting,scouting_subject_pool_definitions.csv,scouting_subject_pool_definitions,definition,4,scouting_subject_pool_definitions:4,"{""pool_id"":""college_opponent_roster"",""display_name"":""Other College Roster Player"",""primary_evaluator"":""college"",""truth_owner"":""opposing_school"",""default_visibility"":""medium_low"",""uncertainty_priority"":""medium_high"",""notes"":""Stats and film exist, but development traits and medical details are less visible.""}"
scouting,scouting_subject_pool_definitions.csv,scouting_subject_pool_definitions,definition,5,scouting_subject_pool_definitions:5,"{""pool_id"":""draft_prospect"",""display_name"":""NFL Draft Prospect"",""primary_evaluator"":""nfl"",""truth_owner"":""college_school"",""default_visibility"":""medium"",""uncertainty_priority"":""very_high"",""notes"":""NFL teams evaluate same prospect differently using film, combine, medical, interviews, scheme fit, and position value.""}"
scouting,scouting_subject_pool_definitions.csv,scouting_subject_pool_definitions,definition,6,scouting_subject_pool_definitions:6,"{""pool_id"":""nfl_free_agent"",""display_name"":""NFL Free Agent"",""primary_evaluator"":""nfl"",""truth_owner"":""league_market"",""default_visibility"":""medium_high"",""uncertainty_priority"":""medium"",""notes"":""Current ability is more visible than prospect potential, but medical, decline, fit, and motivation remain uncertain.""}"
scouting,scouting_subject_pool_definitions.csv,scouting_subject_pool_definitions,definition,7,scouting_subject_pool_definitions:7,"{""pool_id"":""nfl_veteran_trade"",""display_name"":""NFL Veteran Trade Candidate"",""primary_evaluator"":""nfl"",""truth_owner"":""current_team"",""default_visibility"":""high"",""uncertainty_priority"":""low_medium"",""notes"":""Known league player, but outsiders may miss injury/decline/context.""}"
scouting,scouting_subject_pool_definitions.csv,scouting_subject_pool_definitions,definition,8,scouting_subject_pool_definitions:8,"{""pool_id"":""practice_squad"",""display_name"":""NFL Practice Squad Player"",""primary_evaluator"":""nfl"",""truth_owner"":""current_team"",""default_visibility"":""medium"",""uncertainty_priority"":""medium_high"",""notes"":""Fringe players have limited regular-season evidence and high projection uncertainty.""}"
scouting,scouting_team_context_confidence_modifiers.csv,scouting_team_context_confidence_modifiers,modifier,1,scouting_team_context_confidence_modifiers:1,"{""context_id"":""college_recruiting_board"",""condition"":""same_state_or_150_miles"",""confidence_delta"":""10"",""current_width_multiplier"":""0.88"",""potential_width_multiplier"":""0.92"",""notes"":""Local scouting improves confidence.""}"
scouting,scouting_team_context_confidence_modifiers.csv,scouting_team_context_confidence_modifiers,modifier,2,scouting_team_context_confidence_modifiers:2,"{""context_id"":""college_recruiting_board"",""condition"":""pipeline_state"",""confidence_delta"":""8"",""current_width_multiplier"":""0.9"",""potential_width_multiplier"":""0.94"",""notes"":""Program has repeated exposure in pipeline.""}"
scouting,scouting_team_context_confidence_modifiers.csv,scouting_team_context_confidence_modifiers,modifier,3,scouting_team_context_confidence_modifiers:3,"{""context_id"":""college_recruiting_board"",""condition"":""national_recruit_no_pipeline"",""confidence_delta"":""-6"",""current_width_multiplier"":""1.08"",""potential_width_multiplier"":""1.12"",""notes"":""National pursuit without local coverage.""}"
scouting,scouting_team_context_confidence_modifiers.csv,scouting_team_context_confidence_modifiers,modifier,4,scouting_team_context_confidence_modifiers:4,"{""context_id"":""college_recruiting_board"",""condition"":""camp_attended"",""confidence_delta"":""9"",""current_width_multiplier"":""0.88"",""potential_width_multiplier"":""0.94"",""notes"":""Direct camp exposure.""}"
scouting,scouting_team_context_confidence_modifiers.csv,scouting_team_context_confidence_modifiers,modifier,5,scouting_team_context_confidence_modifiers:5,"{""context_id"":""college_recruiting_board"",""condition"":""late_offer_or_late_eval"",""confidence_delta"":""-12"",""current_width_multiplier"":""1.18"",""potential_width_multiplier"":""1.25"",""notes"":""Short evaluation cycle.""}"
scouting,scouting_team_context_confidence_modifiers.csv,scouting_team_context_confidence_modifiers,modifier,6,scouting_team_context_confidence_modifiers:6,"{""context_id"":""nfl_draft_board"",""condition"":""formal_combine_interview"",""confidence_delta"":""6"",""current_width_multiplier"":""0.96"",""potential_width_multiplier"":""0.98"",""notes"":""Helps mental/character clarity more than true performance projection.""}"
scouting,scouting_team_context_confidence_modifiers.csv,scouting_team_context_confidence_modifiers,modifier,7,scouting_team_context_confidence_modifiers:7,"{""context_id"":""nfl_draft_board"",""condition"":""top_30_visit"",""confidence_delta"":""8"",""current_width_multiplier"":""0.94"",""potential_width_multiplier"":""0.96"",""notes"":""Team-specific visit reduces some uncertainty.""}"
scouting,scouting_team_context_confidence_modifiers.csv,scouting_team_context_confidence_modifiers,modifier,8,scouting_team_context_confidence_modifiers:8,"{""context_id"":""nfl_draft_board"",""condition"":""medical_recheck_required"",""confidence_delta"":""-10"",""current_width_multiplier"":""1.04"",""potential_width_multiplier"":""1.14"",""notes"":""Medical flag increases uncertainty and downside.""}"
scouting,scouting_team_context_confidence_modifiers.csv,scouting_team_context_confidence_modifiers,modifier,9,scouting_team_context_confidence_modifiers:9,"{""context_id"":""nfl_draft_board"",""condition"":""small_school_or_low_competition"",""confidence_delta"":""-9"",""current_width_multiplier"":""1.1"",""potential_width_multiplier"":""1.18"",""notes"":""Production translation uncertainty.""}"
scouting,scouting_team_context_confidence_modifiers.csv,scouting_team_context_confidence_modifiers,modifier,10,scouting_team_context_confidence_modifiers:10,"{""context_id"":""nfl_pro_personnel"",""condition"":""former_team_or_division_rival"",""confidence_delta"":""8"",""current_width_multiplier"":""0.9"",""potential_width_multiplier"":""0.94"",""notes"":""Better recent exposure.""}"
scouting,scouting_team_context_confidence_modifiers.csv,scouting_team_context_confidence_modifiers,modifier,11,scouting_team_context_confidence_modifiers:11,"{""context_id"":""nfl_pro_personnel"",""condition"":""scheme_mismatch_projection"",""confidence_delta"":""-7"",""current_width_multiplier"":""1.08"",""potential_width_multiplier"":""1.12"",""notes"":""Role translation uncertainty.""}"
scouting,scouting_uncertainty_balance_targets.csv,scouting_uncertainty_balance_targets,validation_target,1,scouting_uncertainty_balance_targets:1,"{""metric_id"":""hs_low_confidence_share"",""pool_id"":""hs_recruit"",""target_min"":""0.35"",""target_max"":""0.62"",""severity"":""warning"",""notes"":""HS recruits should not be over-scouted at start.""}"
scouting,scouting_uncertainty_balance_targets.csv,scouting_uncertainty_balance_targets,validation_target,2,scouting_uncertainty_balance_targets:2,"{""metric_id"":""hs_five_star_high_confidence_share"",""pool_id"":""hs_recruit"",""target_min"":""0.35"",""target_max"":""0.75"",""severity"":""warning"",""notes"":""Elite recruits get more visibility but not perfect knowledge.""}"
scouting,scouting_uncertainty_balance_targets.csv,scouting_uncertainty_balance_targets,validation_target,3,scouting_uncertainty_balance_targets:3,"{""metric_id"":""draft_round1_avg_current_half_width"",""pool_id"":""draft_prospect"",""target_min"":""4.0"",""target_max"":""8.5"",""severity"":""warning"",""notes"":""Round 1 current grade should be narrower than later rounds.""}"
scouting,scouting_uncertainty_balance_targets.csv,scouting_uncertainty_balance_targets,validation_target,4,scouting_uncertainty_balance_targets:4,"{""metric_id"":""draft_day3_avg_potential_half_width"",""pool_id"":""draft_prospect"",""target_min"":""10.0"",""target_max"":""18.0"",""severity"":""warning"",""notes"":""Late prospects should retain wide upside/downside.""}"
scouting,scouting_uncertainty_balance_targets.csv,scouting_uncertainty_balance_targets,validation_target,5,scouting_uncertainty_balance_targets:5,"{""metric_id"":""qb_board_disagreement_std"",""pool_id"":""draft_prospect"",""target_min"":""9.0"",""target_max"":""16.0"",""severity"":""warning"",""notes"":""QB team board disagreement should be high.""}"
scouting,scouting_uncertainty_balance_targets.csv,scouting_uncertainty_balance_targets,validation_target,6,scouting_uncertainty_balance_targets:6,"{""metric_id"":""own_roster_confidence_avg"",""pool_id"":""college_internal_own_roster"",""target_min"":""72.0"",""target_max"":""92.0"",""severity"":""warning"",""notes"":""Own roster visibility should be much higher than external.""}"
scouting,scouting_uncertainty_balance_targets.csv,scouting_uncertainty_balance_targets,validation_target,7,scouting_uncertainty_balance_targets:7,"{""metric_id"":""nfl_veteran_current_half_width_avg"",""pool_id"":""nfl_veteran_trade"",""target_min"":""2.5"",""target_max"":""6.5"",""severity"":""warning"",""notes"":""Known vets should have low current ability uncertainty.""}"
scouting,scouting_uncertainty_balance_targets.csv,scouting_uncertainty_balance_targets,validation_target,8,scouting_uncertainty_balance_targets:8,"{""metric_id"":""nfl_free_agent_medical_flag_miss_rate"",""pool_id"":""nfl_free_agent"",""target_min"":""0.05"",""target_max"":""0.18"",""severity"":""warning"",""notes"":""Market medical uncertainty should matter.""}"
scouting,scouting_uncertainty_balance_targets.csv,scouting_uncertainty_balance_targets,validation_target,9,scouting_uncertainty_balance_targets:9,"{""metric_id"":""scouting_staff_effect_size"",""pool_id"":""all"",""target_min"":""0.12"",""target_max"":""0.35"",""severity"":""warning"",""notes"":""Elite scouting should matter but not reveal all truth.""}"
scouting,scouting_uncertainty_balance_targets.csv,scouting_uncertainty_balance_targets,validation_target,10,scouting_uncertainty_balance_targets:10,"{""metric_id"":""same_player_team_view_spread"",""pool_id"":""draft_prospect"",""target_min"":""3.5"",""target_max"":""10.5"",""severity"":""warning"",""notes"":""Different teams should view prospects differently.""}"
scouting,scouting_uncertainty_generation_examples.csv,scouting_uncertainty_generation_examples,example,1,QB,"{""example_id"":""hs_five_star_local"",""pool_id"":""hs_recruit"",""position_group"":""QB"",""hidden_current"":""82"",""hidden_potential"":""96"",""evaluator"":""nearby_elite_college"",""sources"":""film|camp|coach_relationship|official_visit"",""confidence"":""73"",""visible_current_low"":""76"",""visible_current_high"":""86"",""visible_potential_low"":""89"",""visible_potential_high"":""99"",""notes"":""High visibility but QB projection remains uncertain.""}"
scouting,scouting_uncertainty_generation_examples.csv,scouting_uncertainty_generation_examples,example,2,ATH,"{""example_id"":""hs_three_star_sleeper"",""pool_id"":""hs_recruit"",""position_group"":""ATH"",""hidden_current"":""68"",""hidden_potential"":""91"",""evaluator"":""out_of_region_college"",""sources"":""film"",""confidence"":""31"",""visible_current_low"":""54"",""visible_current_high"":""72"",""visible_potential_low"":""70"",""visible_potential_high"":""96"",""notes"":""Wide range preserves sleeper uncertainty.""}"
scouting,scouting_uncertainty_generation_examples.csv,scouting_uncertainty_generation_examples,example,3,QB,"{""example_id"":""transfer_portal_qb"",""pool_id"":""transfer_portal"",""position_group"":""QB"",""hidden_current"":""77"",""hidden_potential"":""84"",""evaluator"":""p4_school"",""sources"":""college_game_film|coach_relationship|official_visit"",""confidence"":""62"",""visible_current_low"":""70"",""visible_current_high"":""80"",""visible_potential_low"":""77"",""visible_potential_high"":""88"",""notes"":""Film helps current ability, scheme/role remains uncertain.""}"
scouting,scouting_uncertainty_generation_examples.csv,scouting_uncertainty_generation_examples,example,4,EDGE,"{""example_id"":""draft_top5_edge"",""pool_id"":""draft_prospect"",""position_group"":""EDGE"",""hidden_current"":""79"",""hidden_potential"":""92"",""evaluator"":""nfl_team_aggressive_tools"",""sources"":""college_game_film|combine_testing|formal_interview|medical_exam"",""confidence"":""78"",""visible_current_low"":""75"",""visible_current_high"":""82"",""visible_potential_low"":""86"",""visible_potential_high"":""96"",""notes"":""Top prospect, narrowed but not exact.""}"
scouting,scouting_uncertainty_generation_examples.csv,scouting_uncertainty_generation_examples,example,5,QB,"{""example_id"":""draft_day3_qb"",""pool_id"":""draft_prospect"",""position_group"":""QB"",""hidden_current"":""58"",""hidden_potential"":""78"",""evaluator"":""nfl_team_scheme_fit_strict"",""sources"":""college_game_film|formal_interview"",""confidence"":""44"",""visible_current_low"":""49"",""visible_current_high"":""64"",""visible_potential_low"":""62"",""visible_potential_high"":""86"",""notes"":""Late QB has high board disagreement.""}"
scouting,scouting_uncertainty_generation_examples.csv,scouting_uncertainty_generation_examples,example,6,RB,"{""example_id"":""nfl_free_agent_vet_rb"",""pool_id"":""nfl_free_agent"",""position_group"":""RB"",""hidden_current"":""65"",""hidden_potential"":""66"",""evaluator"":""nfl_pro_personnel_injury_conservative"",""sources"":""nfl_regular_season_tape|medical_exam"",""confidence"":""69"",""visible_current_low"":""61"",""visible_current_high"":""67"",""visible_potential_low"":""61"",""visible_potential_high"":""68"",""notes"":""Current ability fairly known, medical/decline discounted.""}"
scouting,scouting_update_event_rules.csv,scouting_update_event_rules,rule,1,scouting_update_event_rules:1,"{""event_id"":""initial_generation"",""applies_to"":""all"",""current_confidence_delta"":""0"",""potential_confidence_delta"":""0"",""medical_confidence_delta"":""0"",""notes"":""Create first visible range from hidden truth plus seeded noise.""}"
scouting,scouting_update_event_rules.csv,scouting_update_event_rules,rule,2,scouting_update_event_rules:2,"{""event_id"":""new_film_added"",""applies_to"":""hs_recruit|transfer_portal|draft_prospect"",""current_confidence_delta"":""5"",""potential_confidence_delta"":""2"",""medical_confidence_delta"":""0"",""notes"":""Film narrows current ability more than potential.""}"
scouting,scouting_update_event_rules.csv,scouting_update_event_rules,rule,3,scouting_update_event_rules:3,"{""event_id"":""camp_performance"",""applies_to"":""hs_recruit"",""current_confidence_delta"":""4"",""potential_confidence_delta"":""3"",""medical_confidence_delta"":""0"",""notes"":""Updates position projection and athletic translation.""}"
scouting,scouting_update_event_rules.csv,scouting_update_event_rules,rule,4,scouting_update_event_rules:4,"{""event_id"":""official_visit"",""applies_to"":""hs_recruit|transfer_portal"",""current_confidence_delta"":""3"",""potential_confidence_delta"":""3"",""medical_confidence_delta"":""3"",""notes"":""Improves school-specific fit and character/work-ethic read.""}"
scouting,scouting_update_event_rules.csv,scouting_update_event_rules,rule,5,scouting_update_event_rules:5,"{""event_id"":""commitment_to_school"",""applies_to"":""hs_recruit"",""current_confidence_delta"":""2"",""potential_confidence_delta"":""1"",""medical_confidence_delta"":""0"",""notes"":""Slight confidence bump for signing school.""}"
scouting,scouting_update_event_rules.csv,scouting_update_event_rules,rule,6,scouting_update_event_rules:6,"{""event_id"":""first_practice_period"",""applies_to"":""college_internal_own_roster"",""current_confidence_delta"":""8"",""potential_confidence_delta"":""6"",""medical_confidence_delta"":""4"",""notes"":""Own team begins learning real traits.""}"
scouting,scouting_update_event_rules.csv,scouting_update_event_rules,rule,7,scouting_update_event_rules:7,"{""event_id"":""game_snaps_threshold_100"",""applies_to"":""college_internal_own_roster|draft_prospect|nfl_free_agent"",""current_confidence_delta"":""6"",""potential_confidence_delta"":""2"",""medical_confidence_delta"":""0"",""notes"":""Live snaps narrow current ability.""}"
scouting,scouting_update_event_rules.csv,scouting_update_event_rules,rule,8,scouting_update_event_rules:8,"{""event_id"":""game_snaps_threshold_500"",""applies_to"":""college_internal_own_roster|draft_prospect|nfl_veteran_trade"",""current_confidence_delta"":""10"",""potential_confidence_delta"":""4"",""medical_confidence_delta"":""1"",""notes"":""Large snap sample.""}"
scouting,scouting_update_event_rules.csv,scouting_update_event_rules,rule,9,scouting_update_event_rules:9,"{""event_id"":""combine_invite"",""applies_to"":""draft_prospect"",""current_confidence_delta"":""2"",""potential_confidence_delta"":""1"",""medical_confidence_delta"":""1"",""notes"":""Signal of visibility/market status.""}"
scouting,scouting_update_event_rules.csv,scouting_update_event_rules,rule,10,scouting_update_event_rules:10,"{""event_id"":""combine_testing_complete"",""applies_to"":""draft_prospect"",""current_confidence_delta"":""5"",""potential_confidence_delta"":""1"",""medical_confidence_delta"":""1"",""notes"":""Measurable clarity.""}"
scouting,scouting_update_event_rules.csv,scouting_update_event_rules,rule,11,scouting_update_event_rules:11,"{""event_id"":""medical_recheck"",""applies_to"":""draft_prospect|nfl_free_agent"",""current_confidence_delta"":""0"",""potential_confidence_delta"":""0"",""medical_confidence_delta"":""8"",""notes"":""Medical visibility improves but red-flag severity may worsen projection.""}"
scouting,scouting_update_event_rules.csv,scouting_update_event_rules,rule,12,scouting_update_event_rules:12,"{""event_id"":""formal_team_interview"",""applies_to"":""draft_prospect"",""current_confidence_delta"":""1"",""potential_confidence_delta"":""2"",""medical_confidence_delta"":""0"",""notes"":""Improves mental/character views.""}"
scouting,scouting_update_event_rules.csv,scouting_update_event_rules,rule,13,scouting_update_event_rules:13,"{""event_id"":""top30_visit"",""applies_to"":""draft_prospect"",""current_confidence_delta"":""3"",""potential_confidence_delta"":""3"",""medical_confidence_delta"":""2"",""notes"":""Team-specific confidence bump.""}"
scouting,scouting_update_event_rules.csv,scouting_update_event_rules,rule,14,scouting_update_event_rules:14,"{""event_id"":""preseason_game_snaps"",""applies_to"":""practice_squad|nfl_free_agent"",""current_confidence_delta"":""5"",""potential_confidence_delta"":""2"",""medical_confidence_delta"":""0"",""notes"":""Fringe pro player visibility.""}"
scouting,scouting_update_event_rules.csv,scouting_update_event_rules,rule,15,scouting_update_event_rules:15,"{""event_id"":""injury_event"",""applies_to"":""all"",""current_confidence_delta"":""-2"",""potential_confidence_delta"":""-4"",""medical_confidence_delta"":""8"",""notes"":""Current medical visibility rises, future uncertainty often widens.""}"
scouting,scouting_view_generation_algorithm.csv,scouting_view_generation_algorithm,algorithm,1,scouting_view_generation_algorithm:1,"{""step_order"":""1"",""step_id"":""select_subject_pool"",""operation"":""Determine pool: HS recruit, transfer, draft prospect, NFL FA, etc."",""primary_inputs"":""scouting_subject_pool_definitions.csv""}"
scouting,scouting_view_generation_algorithm.csv,scouting_view_generation_algorithm,algorithm,2,scouting_view_generation_algorithm:2,"{""step_order"":""2"",""step_id"":""select_evaluator_context"",""operation"":""Choose school/team/public evaluator context."",""primary_inputs"":""scouting_evaluator_contexts.csv""}"
scouting,scouting_view_generation_algorithm.csv,scouting_view_generation_algorithm,algorithm,3,scouting_view_generation_algorithm:3,"{""step_order"":""3"",""step_id"":""load_hidden_truth"",""operation"":""Read hidden current, hidden potential, medical, character, work ethic, position fits."",""primary_inputs"":""player model""}"
scouting,scouting_view_generation_algorithm.csv,scouting_view_generation_algorithm,algorithm,4,scouting_view_generation_algorithm:4,"{""step_order"":""4"",""step_id"":""base_uncertainty"",""operation"":""Get pool/position half-widths and default confidence."",""primary_inputs"":""scouting_base_uncertainty_by_pool_position_group.csv""}"
scouting,scouting_view_generation_algorithm.csv,scouting_view_generation_algorithm,algorithm,5,scouting_view_generation_algorithm:5,"{""step_order"":""5"",""step_id"":""apply_star_or_draft_modifiers"",""operation"":""Apply star band or draft tier visibility modifiers."",""primary_inputs"":""scouting_star_band_uncertainty_modifiers.csv|scouting_draft_tier_uncertainty_modifiers.csv""}"
scouting,scouting_view_generation_algorithm.csv,scouting_view_generation_algorithm,algorithm,6,scouting_view_generation_algorithm:6,"{""step_order"":""6"",""step_id"":""apply_staff_and_pipeline"",""operation"":""Apply staff quality, region/pipeline, visit, and source modifiers."",""primary_inputs"":""scouting_staff_quality_modifiers.csv|scouting_regional_pipeline_modifiers.csv|scouting_team_context_confidence_modifiers.csv""}"
scouting,scouting_view_generation_algorithm.csv,scouting_view_generation_algorithm,algorithm,7,scouting_view_generation_algorithm:7,"{""step_order"":""7"",""step_id"":""select_bias_profile"",""operation"":""Roll deterministic evaluator bias profile for team/school/public board."",""primary_inputs"":""scouting_bias_profile_weights.csv""}"
scouting,scouting_view_generation_algorithm.csv,scouting_view_generation_algorithm,algorithm,8,scouting_view_generation_algorithm:8,"{""step_order"":""8"",""step_id"":""apply_bias_noise"",""operation"":""Apply seeded noise and evaluator bias to estimates without changing hidden truth."",""primary_inputs"":""scouting_bias_profile_effects.csv|scouting_noise_distribution_rules.csv""}"
scouting,scouting_view_generation_algorithm.csv,scouting_view_generation_algorithm,algorithm,9,scouting_view_generation_algorithm:9,"{""step_order"":""9"",""step_id"":""calculate_confidence"",""operation"":""Clamp confidence per evaluator context and source evidence."",""primary_inputs"":""scouting_confidence_to_range_width_rules.csv""}"
scouting,scouting_view_generation_algorithm.csv,scouting_view_generation_algorithm,algorithm,10,scouting_view_generation_algorithm:10,"{""step_order"":""10"",""step_id"":""build_visible_ranges"",""operation"":""Create current/potential ranges, concern bands, role tags, and confidence label."",""primary_inputs"":""scouting_display_band_rules.csv""}"
scouting,scouting_view_generation_algorithm.csv,scouting_view_generation_algorithm,algorithm,11,scouting_view_generation_algorithm:11,"{""step_order"":""11"",""step_id"":""red_flag_visibility"",""operation"":""Determine visible/hidden medical, character, work ethic, scheme, and projection flags."",""primary_inputs"":""scouting_red_flag_visibility_rules.csv|scouting_medical_character_visibility_rules.csv""}"
scouting,scouting_view_generation_algorithm.csv,scouting_view_generation_algorithm,algorithm,12,scouting_view_generation_algorithm:12,"{""step_order"":""12"",""step_id"":""emit_team_view"",""operation"":""Store per-evaluator view, not a global overwrite."",""primary_inputs"":""scouting_disagreement_rules.csv""}"
scouting,scouting_view_generation_algorithm.csv,scouting_view_generation_algorithm,algorithm,13,scouting_view_generation_algorithm:13,"{""step_order"":""13"",""step_id"":""update_over_time"",""operation"":""Apply events like new film, visits, combine, medical recheck, snaps."",""primary_inputs"":""scouting_update_event_rules.csv""}"
scouting,scouting_view_generation_algorithm.csv,scouting_view_generation_algorithm,algorithm,14,scouting_view_generation_algorithm:14,"{""step_order"":""14"",""step_id"":""debug_export"",""operation"":""Write breakdown of every modifier and seeded noise component."",""primary_inputs"":""scouting_debug_export_schema.csv""}"
scouting,scouting_view_generation_algorithm.csv,scouting_view_generation_algorithm,algorithm,15,scouting_view_generation_algorithm:15,"{""step_order"":""15"",""step_id"":""balance_validate"",""operation"":""Run final-phase metrics only after implementation."",""primary_inputs"":""scouting_uncertainty_balance_targets.csv""}"
scouting,scouting_visibility_dimension_taxonomy.csv,scouting_visibility_dimension_taxonomy,definition,1,scouting_visibility_dimension_taxonomy:1,"{""dimension_id"":""current_ability"",""display_name"":""Current ability/readiness"",""output_type"":""range"",""applies_to"":""current_overall|current_position_skill"",""base_uncertainty"":""high"",""notes"":""Current level is more visible when film and snaps exist.""}"
scouting,scouting_visibility_dimension_taxonomy.csv,scouting_visibility_dimension_taxonomy,definition,2,scouting_visibility_dimension_taxonomy:2,"{""dimension_id"":""future_potential"",""display_name"":""Future upside/ceiling"",""output_type"":""range"",""applies_to"":""potential|development_ceiling"",""base_uncertainty"":""very_high"",""notes"":""Long-term projection is the noisiest core dimension.""}"
scouting,scouting_visibility_dimension_taxonomy.csv,scouting_visibility_dimension_taxonomy,definition,3,scouting_visibility_dimension_taxonomy:3,"{""dimension_id"":""athletic_translation"",""display_name"":""Athletic translation"",""output_type"":""range"",""applies_to"":""speed|explosion|agility|strength"",""base_uncertainty"":""medium"",""notes"":""Testing helps current athletic estimates but not long-term success.""}"
scouting,scouting_visibility_dimension_taxonomy.csv,scouting_visibility_dimension_taxonomy,definition,4,scouting_visibility_dimension_taxonomy:4,"{""dimension_id"":""technical_skill"",""display_name"":""Technical skill"",""output_type"":""range"",""applies_to"":""position_skill|technique"",""base_uncertainty"":""medium_high"",""notes"":""Film and role context matter heavily.""}"
scouting,scouting_visibility_dimension_taxonomy.csv,scouting_visibility_dimension_taxonomy,definition,5,scouting_visibility_dimension_taxonomy:5,"{""dimension_id"":""mental_processing"",""display_name"":""Mental/instincts"",""output_type"":""range"",""applies_to"":""awareness|football_iq|processing"",""base_uncertainty"":""high"",""notes"":""QB, C, S, LB especially noisy.""}"
scouting,scouting_visibility_dimension_taxonomy.csv,scouting_visibility_dimension_taxonomy,definition,6,scouting_visibility_dimension_taxonomy:6,"{""dimension_id"":""medical"",""display_name"":""Medical risk"",""output_type"":""flag_range"",""applies_to"":""medical|injury_recurrence"",""base_uncertainty"":""high"",""notes"":""Medical exams can reveal flags, but long-term recurrence remains uncertain.""}"
scouting,scouting_visibility_dimension_taxonomy.csv,scouting_visibility_dimension_taxonomy,definition,7,scouting_visibility_dimension_taxonomy:7,"{""dimension_id"":""character"",""display_name"":""Character/off-field"",""output_type"":""flag_range"",""applies_to"":""character|discipline"",""base_uncertainty"":""high"",""notes"":""Interview and background process reduce but do not eliminate uncertainty.""}"
scouting,scouting_visibility_dimension_taxonomy.csv,scouting_visibility_dimension_taxonomy,definition,8,scouting_visibility_dimension_taxonomy:8,"{""dimension_id"":""work_ethic"",""display_name"":""Work ethic/development behavior"",""output_type"":""flag_range"",""applies_to"":""work_ethic|coachability"",""base_uncertainty"":""high"",""notes"":""Best known by current coaches; outside teams infer.""}"
scouting,scouting_visibility_dimension_taxonomy.csv,scouting_visibility_dimension_taxonomy,definition,9,scouting_visibility_dimension_taxonomy:9,"{""dimension_id"":""scheme_fit"",""display_name"":""Scheme/role fit"",""output_type"":""score"",""applies_to"":""scheme_fit|role_fit"",""base_uncertainty"":""medium_high"",""notes"":""Highly evaluator-specific.""}"
scouting,scouting_visibility_dimension_taxonomy.csv,scouting_visibility_dimension_taxonomy,definition,10,scouting_visibility_dimension_taxonomy:10,"{""dimension_id"":""production_translation"",""display_name"":""Production translation"",""output_type"":""score"",""applies_to"":""production_adjustment|competition_translation"",""base_uncertainty"":""medium_high"",""notes"":""Stats are context-heavy and not equivalent to ability.""}"
scouting,scouting_visibility_dimension_taxonomy.csv,scouting_visibility_dimension_taxonomy,definition,11,scouting_visibility_dimension_taxonomy:11,"{""dimension_id"":""position_projection"",""display_name"":""Position projection"",""output_type"":""probability"",""applies_to"":""position_fit|conversion_path"",""base_uncertainty"":""high"",""notes"":""Especially important for ATH, EDGE/DL, DB, TE, OL, and QB projection.""}"
