domain,source_file,source_table,record_category,source_row,row_key,payload_json
transfer_repair,transfer_destination_overflow_resolution_rules.csv,transfer_destination_overflow_resolution_rules,rule,1,destination_over_105,"{""rule_id"":""destination_over_105"",""condition"":""destination active roster > 105 after portal signing"",""action_order"":""1_cut_lowest_non_scholarship_depth|2_move_lowest_depth_to_portal|3_medical_or_academic_non_counting_if_preexisting|4_block_signing"",""notes"":""Never allow >105 active roster.""}"
transfer_repair,transfer_destination_overflow_resolution_rules.csv,transfer_destination_overflow_resolution_rules,rule,2,protected_players,"{""rule_id"":""protected_players"",""condition"":""player has protected_new_signee or starter status"",""action_order"":""do_not_cut_unless_user_override"",""notes"":""Do not auto-cut important generated players.""}"
transfer_repair,transfer_destination_overflow_resolution_rules.csv,transfer_destination_overflow_resolution_rules,rule,3,position_protection,"{""rule_id"":""position_protection"",""condition"":""cut would put position below minimum"",""action_order"":""skip_candidate"",""notes"":""Maintain playable depth.""}"
transfer_repair,transfer_destination_overflow_resolution_rules.csv,transfer_destination_overflow_resolution_rules,rule,4,class_protection,"{""rule_id"":""class_protection"",""condition"":""cut would violate class minimum"",""action_order"":""skip_candidate"",""notes"":""Avoid removing all seniors or all freshmen.""}"
transfer_repair,transfer_destination_overflow_resolution_rules.csv,transfer_destination_overflow_resolution_rules,rule,5,portal_chain_limit,"{""rule_id"":""portal_chain_limit"",""condition"":""too many overflow portal moves caused by signings"",""action_order"":""cap_chain_moves_then_block_more_signings"",""notes"":""Prevents infinite transfer-repair loops.""}"
transfer_repair,transfer_repair_class_balance_rules.csv,transfer_repair_class_balance_rules,rule,1,FR,"{""program_tier"":""national_elite"",""class_year"":""FR"",""target_share_after_repair"":""0.25"",""min_share"":""0.19"",""max_share"":""0.32"",""repair_weight_multiplier"":""1.25"",""notes"":""Repair should drift toward class balance but should not override position minimums.""}"
transfer_repair,transfer_repair_class_balance_rules.csv,transfer_repair_class_balance_rules,rule,2,RS_FR,"{""program_tier"":""national_elite"",""class_year"":""RS_FR"",""target_share_after_repair"":""0.14"",""min_share"":""0.08"",""max_share"":""0.21"",""repair_weight_multiplier"":""1.14"",""notes"":""Repair should drift toward class balance but should not override position minimums.""}"
transfer_repair,transfer_repair_class_balance_rules.csv,transfer_repair_class_balance_rules,rule,3,SO,"{""program_tier"":""national_elite"",""class_year"":""SO"",""target_share_after_repair"":""0.17"",""min_share"":""0.11"",""max_share"":""0.24"",""repair_weight_multiplier"":""1.17"",""notes"":""Repair should drift toward class balance but should not override position minimums.""}"
transfer_repair,transfer_repair_class_balance_rules.csv,transfer_repair_class_balance_rules,rule,4,RS_SO,"{""program_tier"":""national_elite"",""class_year"":""RS_SO"",""target_share_after_repair"":""0.12"",""min_share"":""0.06"",""max_share"":""0.19"",""repair_weight_multiplier"":""1.12"",""notes"":""Repair should drift toward class balance but should not override position minimums.""}"
transfer_repair,transfer_repair_class_balance_rules.csv,transfer_repair_class_balance_rules,rule,5,JR,"{""program_tier"":""national_elite"",""class_year"":""JR"",""target_share_after_repair"":""0.14"",""min_share"":""0.08"",""max_share"":""0.21"",""repair_weight_multiplier"":""1.14"",""notes"":""Repair should drift toward class balance but should not override position minimums.""}"
transfer_repair,transfer_repair_class_balance_rules.csv,transfer_repair_class_balance_rules,rule,6,RS_JR,"{""program_tier"":""national_elite"",""class_year"":""RS_JR"",""target_share_after_repair"":""0.08"",""min_share"":""0.02"",""max_share"":""0.15"",""repair_weight_multiplier"":""1.08"",""notes"":""Repair should drift toward class balance but should not override position minimums.""}"
transfer_repair,transfer_repair_class_balance_rules.csv,transfer_repair_class_balance_rules,rule,7,SR,"{""program_tier"":""national_elite"",""class_year"":""SR"",""target_share_after_repair"":""0.06"",""min_share"":""0"",""max_share"":""0.13"",""repair_weight_multiplier"":""1.06"",""notes"":""Repair should drift toward class balance but should not override position minimums.""}"
transfer_repair,transfer_repair_class_balance_rules.csv,transfer_repair_class_balance_rules,rule,8,RS_SR,"{""program_tier"":""national_elite"",""class_year"":""RS_SR"",""target_share_after_repair"":""0.04"",""min_share"":""0"",""max_share"":""0.11"",""repair_weight_multiplier"":""1.04"",""notes"":""Repair should drift toward class balance but should not override position minimums.""}"
transfer_repair,transfer_repair_class_balance_rules.csv,transfer_repair_class_balance_rules,rule,9,FR,"{""program_tier"":""high_power"",""class_year"":""FR"",""target_share_after_repair"":""0.23"",""min_share"":""0.17"",""max_share"":""0.3"",""repair_weight_multiplier"":""1.23"",""notes"":""Repair should drift toward class balance but should not override position minimums.""}"
transfer_repair,transfer_repair_class_balance_rules.csv,transfer_repair_class_balance_rules,rule,10,RS_FR,"{""program_tier"":""high_power"",""class_year"":""RS_FR"",""target_share_after_repair"":""0.14"",""min_share"":""0.08"",""max_share"":""0.21"",""repair_weight_multiplier"":""1.14"",""notes"":""Repair should drift toward class balance but should not override position minimums.""}"
transfer_repair,transfer_repair_class_balance_rules.csv,transfer_repair_class_balance_rules,rule,11,SO,"{""program_tier"":""high_power"",""class_year"":""SO"",""target_share_after_repair"":""0.17"",""min_share"":""0.11"",""max_share"":""0.24"",""repair_weight_multiplier"":""1.17"",""notes"":""Repair should drift toward class balance but should not override position minimums.""}"
transfer_repair,transfer_repair_class_balance_rules.csv,transfer_repair_class_balance_rules,rule,12,RS_SO,"{""program_tier"":""high_power"",""class_year"":""RS_SO"",""target_share_after_repair"":""0.13"",""min_share"":""0.07"",""max_share"":""0.2"",""repair_weight_multiplier"":""1.13"",""notes"":""Repair should drift toward class balance but should not override position minimums.""}"
transfer_repair,transfer_repair_class_balance_rules.csv,transfer_repair_class_balance_rules,rule,13,JR,"{""program_tier"":""high_power"",""class_year"":""JR"",""target_share_after_repair"":""0.14"",""min_share"":""0.08"",""max_share"":""0.21"",""repair_weight_multiplier"":""1.14"",""notes"":""Repair should drift toward class balance but should not override position minimums.""}"
transfer_repair,transfer_repair_class_balance_rules.csv,transfer_repair_class_balance_rules,rule,14,RS_JR,"{""program_tier"":""high_power"",""class_year"":""RS_JR"",""target_share_after_repair"":""0.08"",""min_share"":""0.02"",""max_share"":""0.15"",""repair_weight_multiplier"":""1.08"",""notes"":""Repair should drift toward class balance but should not override position minimums.""}"
transfer_repair,transfer_repair_class_balance_rules.csv,transfer_repair_class_balance_rules,rule,15,SR,"{""program_tier"":""high_power"",""class_year"":""SR"",""target_share_after_repair"":""0.07"",""min_share"":""0.01"",""max_share"":""0.14"",""repair_weight_multiplier"":""1.07"",""notes"":""Repair should drift toward class balance but should not override position minimums.""}"
transfer_repair,transfer_repair_class_balance_rules.csv,transfer_repair_class_balance_rules,rule,16,RS_SR,"{""program_tier"":""high_power"",""class_year"":""RS_SR"",""target_share_after_repair"":""0.04"",""min_share"":""0"",""max_share"":""0.11"",""repair_weight_multiplier"":""1.04"",""notes"":""Repair should drift toward class balance but should not override position minimums.""}"
transfer_repair,transfer_repair_class_balance_rules.csv,transfer_repair_class_balance_rules,rule,17,FR,"{""program_tier"":""solid_power"",""class_year"":""FR"",""target_share_after_repair"":""0.21"",""min_share"":""0.15"",""max_share"":""0.28"",""repair_weight_multiplier"":""1.21"",""notes"":""Repair should drift toward class balance but should not override position minimums.""}"
transfer_repair,transfer_repair_class_balance_rules.csv,transfer_repair_class_balance_rules,rule,18,RS_FR,"{""program_tier"":""solid_power"",""class_year"":""RS_FR"",""target_share_after_repair"":""0.15"",""min_share"":""0.09"",""max_share"":""0.22"",""repair_weight_multiplier"":""1.15"",""notes"":""Repair should drift toward class balance but should not override position minimums.""}"
transfer_repair,transfer_repair_class_balance_rules.csv,transfer_repair_class_balance_rules,rule,19,SO,"{""program_tier"":""solid_power"",""class_year"":""SO"",""target_share_after_repair"":""0.17"",""min_share"":""0.11"",""max_share"":""0.24"",""repair_weight_multiplier"":""1.17"",""notes"":""Repair should drift toward class balance but should not override position minimums.""}"
transfer_repair,transfer_repair_class_balance_rules.csv,transfer_repair_class_balance_rules,rule,20,RS_SO,"{""program_tier"":""solid_power"",""class_year"":""RS_SO"",""target_share_after_repair"":""0.14"",""min_share"":""0.08"",""max_share"":""0.21"",""repair_weight_multiplier"":""1.14"",""notes"":""Repair should drift toward class balance but should not override position minimums.""}"
transfer_repair,transfer_repair_class_balance_rules.csv,transfer_repair_class_balance_rules,rule,21,JR,"{""program_tier"":""solid_power"",""class_year"":""JR"",""target_share_after_repair"":""0.14"",""min_share"":""0.08"",""max_share"":""0.21"",""repair_weight_multiplier"":""1.14"",""notes"":""Repair should drift toward class balance but should not override position minimums.""}"
transfer_repair,transfer_repair_class_balance_rules.csv,transfer_repair_class_balance_rules,rule,22,RS_JR,"{""program_tier"":""solid_power"",""class_year"":""RS_JR"",""target_share_after_repair"":""0.09"",""min_share"":""0.03"",""max_share"":""0.16"",""repair_weight_multiplier"":""1.09"",""notes"":""Repair should drift toward class balance but should not override position minimums.""}"
transfer_repair,transfer_repair_class_balance_rules.csv,transfer_repair_class_balance_rules,rule,23,SR,"{""program_tier"":""solid_power"",""class_year"":""SR"",""target_share_after_repair"":""0.06"",""min_share"":""0"",""max_share"":""0.13"",""repair_weight_multiplier"":""1.06"",""notes"":""Repair should drift toward class balance but should not override position minimums.""}"
transfer_repair,transfer_repair_class_balance_rules.csv,transfer_repair_class_balance_rules,rule,24,RS_SR,"{""program_tier"":""solid_power"",""class_year"":""RS_SR"",""target_share_after_repair"":""0.04"",""min_share"":""0"",""max_share"":""0.11"",""repair_weight_multiplier"":""1.04"",""notes"":""Repair should drift toward class balance but should not override position minimums.""}"
transfer_repair,transfer_repair_class_balance_rules.csv,transfer_repair_class_balance_rules,rule,25,FR,"{""program_tier"":""lower_power"",""class_year"":""FR"",""target_share_after_repair"":""0.19"",""min_share"":""0.13"",""max_share"":""0.26"",""repair_weight_multiplier"":""1.19"",""notes"":""Repair should drift toward class balance but should not override position minimums.""}"
transfer_repair,transfer_repair_class_balance_rules.csv,transfer_repair_class_balance_rules,rule,26,RS_FR,"{""program_tier"":""lower_power"",""class_year"":""RS_FR"",""target_share_after_repair"":""0.16"",""min_share"":""0.1"",""max_share"":""0.23"",""repair_weight_multiplier"":""1.16"",""notes"":""Repair should drift toward class balance but should not override position minimums.""}"
transfer_repair,transfer_repair_class_balance_rules.csv,transfer_repair_class_balance_rules,rule,27,SO,"{""program_tier"":""lower_power"",""class_year"":""SO"",""target_share_after_repair"":""0.16"",""min_share"":""0.1"",""max_share"":""0.23"",""repair_weight_multiplier"":""1.16"",""notes"":""Repair should drift toward class balance but should not override position minimums.""}"
transfer_repair,transfer_repair_class_balance_rules.csv,transfer_repair_class_balance_rules,rule,28,RS_SO,"{""program_tier"":""lower_power"",""class_year"":""RS_SO"",""target_share_after_repair"":""0.15"",""min_share"":""0.09"",""max_share"":""0.22"",""repair_weight_multiplier"":""1.15"",""notes"":""Repair should drift toward class balance but should not override position minimums.""}"
transfer_repair,transfer_repair_class_balance_rules.csv,transfer_repair_class_balance_rules,rule,29,JR,"{""program_tier"":""lower_power"",""class_year"":""JR"",""target_share_after_repair"":""0.14"",""min_share"":""0.08"",""max_share"":""0.21"",""repair_weight_multiplier"":""1.14"",""notes"":""Repair should drift toward class balance but should not override position minimums.""}"
transfer_repair,transfer_repair_class_balance_rules.csv,transfer_repair_class_balance_rules,rule,30,RS_JR,"{""program_tier"":""lower_power"",""class_year"":""RS_JR"",""target_share_after_repair"":""0.1"",""min_share"":""0.04"",""max_share"":""0.17"",""repair_weight_multiplier"":""1.1"",""notes"":""Repair should drift toward class balance but should not override position minimums.""}"
transfer_repair,transfer_repair_class_balance_rules.csv,transfer_repair_class_balance_rules,rule,31,SR,"{""program_tier"":""lower_power"",""class_year"":""SR"",""target_share_after_repair"":""0.06"",""min_share"":""0"",""max_share"":""0.13"",""repair_weight_multiplier"":""1.06"",""notes"":""Repair should drift toward class balance but should not override position minimums.""}"
transfer_repair,transfer_repair_class_balance_rules.csv,transfer_repair_class_balance_rules,rule,32,RS_SR,"{""program_tier"":""lower_power"",""class_year"":""RS_SR"",""target_share_after_repair"":""0.04"",""min_share"":""0"",""max_share"":""0.11"",""repair_weight_multiplier"":""1.04"",""notes"":""Repair should drift toward class balance but should not override position minimums.""}"
transfer_repair,transfer_repair_class_balance_rules.csv,transfer_repair_class_balance_rules,rule,33,FR,"{""program_tier"":""strong_g5"",""class_year"":""FR"",""target_share_after_repair"":""0.18"",""min_share"":""0.12"",""max_share"":""0.25"",""repair_weight_multiplier"":""1.18"",""notes"":""Repair should drift toward class balance but should not override position minimums.""}"
transfer_repair,transfer_repair_class_balance_rules.csv,transfer_repair_class_balance_rules,rule,34,RS_FR,"{""program_tier"":""strong_g5"",""class_year"":""RS_FR"",""target_share_after_repair"":""0.17"",""min_share"":""0.11"",""max_share"":""0.24"",""repair_weight_multiplier"":""1.17"",""notes"":""Repair should drift toward class balance but should not override position minimums.""}"
transfer_repair,transfer_repair_class_balance_rules.csv,transfer_repair_class_balance_rules,rule,35,SO,"{""program_tier"":""strong_g5"",""class_year"":""SO"",""target_share_after_repair"":""0.15"",""min_share"":""0.09"",""max_share"":""0.22"",""repair_weight_multiplier"":""1.15"",""notes"":""Repair should drift toward class balance but should not override position minimums.""}"
transfer_repair,transfer_repair_class_balance_rules.csv,transfer_repair_class_balance_rules,rule,36,RS_SO,"{""program_tier"":""strong_g5"",""class_year"":""RS_SO"",""target_share_after_repair"":""0.15"",""min_share"":""0.09"",""max_share"":""0.22"",""repair_weight_multiplier"":""1.15"",""notes"":""Repair should drift toward class balance but should not override position minimums.""}"
transfer_repair,transfer_repair_class_balance_rules.csv,transfer_repair_class_balance_rules,rule,37,JR,"{""program_tier"":""strong_g5"",""class_year"":""JR"",""target_share_after_repair"":""0.14"",""min_share"":""0.08"",""max_share"":""0.21"",""repair_weight_multiplier"":""1.14"",""notes"":""Repair should drift toward class balance but should not override position minimums.""}"
transfer_repair,transfer_repair_class_balance_rules.csv,transfer_repair_class_balance_rules,rule,38,RS_JR,"{""program_tier"":""strong_g5"",""class_year"":""RS_JR"",""target_share_after_repair"":""0.11"",""min_share"":""0.05"",""max_share"":""0.18"",""repair_weight_multiplier"":""1.11"",""notes"":""Repair should drift toward class balance but should not override position minimums.""}"
transfer_repair,transfer_repair_class_balance_rules.csv,transfer_repair_class_balance_rules,rule,39,SR,"{""program_tier"":""strong_g5"",""class_year"":""SR"",""target_share_after_repair"":""0.06"",""min_share"":""0"",""max_share"":""0.13"",""repair_weight_multiplier"":""1.06"",""notes"":""Repair should drift toward class balance but should not override position minimums.""}"
transfer_repair,transfer_repair_class_balance_rules.csv,transfer_repair_class_balance_rules,rule,40,RS_SR,"{""program_tier"":""strong_g5"",""class_year"":""RS_SR"",""target_share_after_repair"":""0.04"",""min_share"":""0"",""max_share"":""0.11"",""repair_weight_multiplier"":""1.04"",""notes"":""Repair should drift toward class balance but should not override position minimums.""}"
transfer_repair,transfer_repair_class_balance_rules.csv,transfer_repair_class_balance_rules,rule,41,FR,"{""program_tier"":""standard_g5"",""class_year"":""FR"",""target_share_after_repair"":""0.17"",""min_share"":""0.11"",""max_share"":""0.24"",""repair_weight_multiplier"":""1.17"",""notes"":""Repair should drift toward class balance but should not override position minimums.""}"
transfer_repair,transfer_repair_class_balance_rules.csv,transfer_repair_class_balance_rules,rule,42,RS_FR,"{""program_tier"":""standard_g5"",""class_year"":""RS_FR"",""target_share_after_repair"":""0.18"",""min_share"":""0.12"",""max_share"":""0.25"",""repair_weight_multiplier"":""1.18"",""notes"":""Repair should drift toward class balance but should not override position minimums.""}"
transfer_repair,transfer_repair_class_balance_rules.csv,transfer_repair_class_balance_rules,rule,43,SO,"{""program_tier"":""standard_g5"",""class_year"":""SO"",""target_share_after_repair"":""0.15"",""min_share"":""0.09"",""max_share"":""0.22"",""repair_weight_multiplier"":""1.15"",""notes"":""Repair should drift toward class balance but should not override position minimums.""}"
transfer_repair,transfer_repair_class_balance_rules.csv,transfer_repair_class_balance_rules,rule,44,RS_SO,"{""program_tier"":""standard_g5"",""class_year"":""RS_SO"",""target_share_after_repair"":""0.15"",""min_share"":""0.09"",""max_share"":""0.22"",""repair_weight_multiplier"":""1.15"",""notes"":""Repair should drift toward class balance but should not override position minimums.""}"
transfer_repair,transfer_repair_class_balance_rules.csv,transfer_repair_class_balance_rules,rule,45,JR,"{""program_tier"":""standard_g5"",""class_year"":""JR"",""target_share_after_repair"":""0.14"",""min_share"":""0.08"",""max_share"":""0.21"",""repair_weight_multiplier"":""1.14"",""notes"":""Repair should drift toward class balance but should not override position minimums.""}"
transfer_repair,transfer_repair_class_balance_rules.csv,transfer_repair_class_balance_rules,rule,46,RS_JR,"{""program_tier"":""standard_g5"",""class_year"":""RS_JR"",""target_share_after_repair"":""0.11"",""min_share"":""0.05"",""max_share"":""0.18"",""repair_weight_multiplier"":""1.11"",""notes"":""Repair should drift toward class balance but should not override position minimums.""}"
transfer_repair,transfer_repair_class_balance_rules.csv,transfer_repair_class_balance_rules,rule,47,SR,"{""program_tier"":""standard_g5"",""class_year"":""SR"",""target_share_after_repair"":""0.06"",""min_share"":""0"",""max_share"":""0.13"",""repair_weight_multiplier"":""1.06"",""notes"":""Repair should drift toward class balance but should not override position minimums.""}"
transfer_repair,transfer_repair_class_balance_rules.csv,transfer_repair_class_balance_rules,rule,48,RS_SR,"{""program_tier"":""standard_g5"",""class_year"":""RS_SR"",""target_share_after_repair"":""0.04"",""min_share"":""0"",""max_share"":""0.11"",""repair_weight_multiplier"":""1.04"",""notes"":""Repair should drift toward class balance but should not override position minimums.""}"
transfer_repair,transfer_repair_class_balance_rules.csv,transfer_repair_class_balance_rules,rule,49,FR,"{""program_tier"":""fcs_elite"",""class_year"":""FR"",""target_share_after_repair"":""0.16"",""min_share"":""0.1"",""max_share"":""0.23"",""repair_weight_multiplier"":""1.16"",""notes"":""Repair should drift toward class balance but should not override position minimums.""}"
transfer_repair,transfer_repair_class_balance_rules.csv,transfer_repair_class_balance_rules,rule,50,RS_FR,"{""program_tier"":""fcs_elite"",""class_year"":""RS_FR"",""target_share_after_repair"":""0.18"",""min_share"":""0.12"",""max_share"":""0.25"",""repair_weight_multiplier"":""1.18"",""notes"":""Repair should drift toward class balance but should not override position minimums.""}"
transfer_repair,transfer_repair_class_balance_rules.csv,transfer_repair_class_balance_rules,rule,51,SO,"{""program_tier"":""fcs_elite"",""class_year"":""SO"",""target_share_after_repair"":""0.15"",""min_share"":""0.09"",""max_share"":""0.22"",""repair_weight_multiplier"":""1.15"",""notes"":""Repair should drift toward class balance but should not override position minimums.""}"
transfer_repair,transfer_repair_class_balance_rules.csv,transfer_repair_class_balance_rules,rule,52,RS_SO,"{""program_tier"":""fcs_elite"",""class_year"":""RS_SO"",""target_share_after_repair"":""0.15"",""min_share"":""0.09"",""max_share"":""0.22"",""repair_weight_multiplier"":""1.15"",""notes"":""Repair should drift toward class balance but should not override position minimums.""}"
transfer_repair,transfer_repair_class_balance_rules.csv,transfer_repair_class_balance_rules,rule,53,JR,"{""program_tier"":""fcs_elite"",""class_year"":""JR"",""target_share_after_repair"":""0.14"",""min_share"":""0.08"",""max_share"":""0.21"",""repair_weight_multiplier"":""1.14"",""notes"":""Repair should drift toward class balance but should not override position minimums.""}"
transfer_repair,transfer_repair_class_balance_rules.csv,transfer_repair_class_balance_rules,rule,54,RS_JR,"{""program_tier"":""fcs_elite"",""class_year"":""RS_JR"",""target_share_after_repair"":""0.12"",""min_share"":""0.06"",""max_share"":""0.19"",""repair_weight_multiplier"":""1.12"",""notes"":""Repair should drift toward class balance but should not override position minimums.""}"
transfer_repair,transfer_repair_class_balance_rules.csv,transfer_repair_class_balance_rules,rule,55,SR,"{""program_tier"":""fcs_elite"",""class_year"":""SR"",""target_share_after_repair"":""0.06"",""min_share"":""0"",""max_share"":""0.13"",""repair_weight_multiplier"":""1.06"",""notes"":""Repair should drift toward class balance but should not override position minimums.""}"
transfer_repair,transfer_repair_class_balance_rules.csv,transfer_repair_class_balance_rules,rule,56,RS_SR,"{""program_tier"":""fcs_elite"",""class_year"":""RS_SR"",""target_share_after_repair"":""0.04"",""min_share"":""0"",""max_share"":""0.11"",""repair_weight_multiplier"":""1.04"",""notes"":""Repair should drift toward class balance but should not override position minimums.""}"
transfer_repair,transfer_repair_class_balance_rules.csv,transfer_repair_class_balance_rules,rule,57,FR,"{""program_tier"":""fcs_standard"",""class_year"":""FR"",""target_share_after_repair"":""0.15"",""min_share"":""0.09"",""max_share"":""0.22"",""repair_weight_multiplier"":""1.15"",""notes"":""Repair should drift toward class balance but should not override position minimums.""}"
transfer_repair,transfer_repair_class_balance_rules.csv,transfer_repair_class_balance_rules,rule,58,RS_FR,"{""program_tier"":""fcs_standard"",""class_year"":""RS_FR"",""target_share_after_repair"":""0.18"",""min_share"":""0.12"",""max_share"":""0.25"",""repair_weight_multiplier"":""1.18"",""notes"":""Repair should drift toward class balance but should not override position minimums.""}"
transfer_repair,transfer_repair_class_balance_rules.csv,transfer_repair_class_balance_rules,rule,59,SO,"{""program_tier"":""fcs_standard"",""class_year"":""SO"",""target_share_after_repair"":""0.15"",""min_share"":""0.09"",""max_share"":""0.22"",""repair_weight_multiplier"":""1.15"",""notes"":""Repair should drift toward class balance but should not override position minimums.""}"
transfer_repair,transfer_repair_class_balance_rules.csv,transfer_repair_class_balance_rules,rule,60,RS_SO,"{""program_tier"":""fcs_standard"",""class_year"":""RS_SO"",""target_share_after_repair"":""0.16"",""min_share"":""0.1"",""max_share"":""0.23"",""repair_weight_multiplier"":""1.16"",""notes"":""Repair should drift toward class balance but should not override position minimums.""}"
transfer_repair,transfer_repair_class_balance_rules.csv,transfer_repair_class_balance_rules,rule,61,JR,"{""program_tier"":""fcs_standard"",""class_year"":""JR"",""target_share_after_repair"":""0.14"",""min_share"":""0.08"",""max_share"":""0.21"",""repair_weight_multiplier"":""1.14"",""notes"":""Repair should drift toward class balance but should not override position minimums.""}"
transfer_repair,transfer_repair_class_balance_rules.csv,transfer_repair_class_balance_rules,rule,62,RS_JR,"{""program_tier"":""fcs_standard"",""class_year"":""RS_JR"",""target_share_after_repair"":""0.12"",""min_share"":""0.06"",""max_share"":""0.19"",""repair_weight_multiplier"":""1.12"",""notes"":""Repair should drift toward class balance but should not override position minimums.""}"
transfer_repair,transfer_repair_class_balance_rules.csv,transfer_repair_class_balance_rules,rule,63,SR,"{""program_tier"":""fcs_standard"",""class_year"":""SR"",""target_share_after_repair"":""0.06"",""min_share"":""0"",""max_share"":""0.13"",""repair_weight_multiplier"":""1.06"",""notes"":""Repair should drift toward class balance but should not override position minimums.""}"
transfer_repair,transfer_repair_class_balance_rules.csv,transfer_repair_class_balance_rules,rule,64,RS_SR,"{""program_tier"":""fcs_standard"",""class_year"":""RS_SR"",""target_share_after_repair"":""0.04"",""min_share"":""0"",""max_share"":""0.11"",""repair_weight_multiplier"":""1.04"",""notes"":""Repair should drift toward class balance but should not override position minimums.""}"
transfer_repair,transfer_repair_class_balance_rules.csv,transfer_repair_class_balance_rules,rule,65,FR,"{""program_tier"":""fcs_low"",""class_year"":""FR"",""target_share_after_repair"":""0.14"",""min_share"":""0.08"",""max_share"":""0.21"",""repair_weight_multiplier"":""1.14"",""notes"":""Repair should drift toward class balance but should not override position minimums.""}"
transfer_repair,transfer_repair_class_balance_rules.csv,transfer_repair_class_balance_rules,rule,66,RS_FR,"{""program_tier"":""fcs_low"",""class_year"":""RS_FR"",""target_share_after_repair"":""0.18"",""min_share"":""0.12"",""max_share"":""0.25"",""repair_weight_multiplier"":""1.18"",""notes"":""Repair should drift toward class balance but should not override position minimums.""}"
transfer_repair,transfer_repair_class_balance_rules.csv,transfer_repair_class_balance_rules,rule,67,SO,"{""program_tier"":""fcs_low"",""class_year"":""SO"",""target_share_after_repair"":""0.15"",""min_share"":""0.09"",""max_share"":""0.22"",""repair_weight_multiplier"":""1.15"",""notes"":""Repair should drift toward class balance but should not override position minimums.""}"
transfer_repair,transfer_repair_class_balance_rules.csv,transfer_repair_class_balance_rules,rule,68,RS_SO,"{""program_tier"":""fcs_low"",""class_year"":""RS_SO"",""target_share_after_repair"":""0.16"",""min_share"":""0.1"",""max_share"":""0.23"",""repair_weight_multiplier"":""1.16"",""notes"":""Repair should drift toward class balance but should not override position minimums.""}"
transfer_repair,transfer_repair_class_balance_rules.csv,transfer_repair_class_balance_rules,rule,69,JR,"{""program_tier"":""fcs_low"",""class_year"":""JR"",""target_share_after_repair"":""0.14"",""min_share"":""0.08"",""max_share"":""0.21"",""repair_weight_multiplier"":""1.14"",""notes"":""Repair should drift toward class balance but should not override position minimums.""}"
transfer_repair,transfer_repair_class_balance_rules.csv,transfer_repair_class_balance_rules,rule,70,RS_JR,"{""program_tier"":""fcs_low"",""class_year"":""RS_JR"",""target_share_after_repair"":""0.13"",""min_share"":""0.07"",""max_share"":""0.2"",""repair_weight_multiplier"":""1.13"",""notes"":""Repair should drift toward class balance but should not override position minimums.""}"
transfer_repair,transfer_repair_class_balance_rules.csv,transfer_repair_class_balance_rules,rule,71,SR,"{""program_tier"":""fcs_low"",""class_year"":""SR"",""target_share_after_repair"":""0.06"",""min_share"":""0"",""max_share"":""0.13"",""repair_weight_multiplier"":""1.06"",""notes"":""Repair should drift toward class balance but should not override position minimums.""}"
transfer_repair,transfer_repair_class_balance_rules.csv,transfer_repair_class_balance_rules,rule,72,RS_SR,"{""program_tier"":""fcs_low"",""class_year"":""RS_SR"",""target_share_after_repair"":""0.04"",""min_share"":""0"",""max_share"":""0.11"",""repair_weight_multiplier"":""1.04"",""notes"":""Repair should drift toward class balance but should not override position minimums.""}"
transfer_repair,transfer_repair_debug_export_schema.csv,transfer_repair_debug_export_schema,debug_schema,1,transfer_repair_debug_export_schema:1,"{""field"":""team_id"",""type"":""string"",""required"":""true"",""description"":""Source team repaired.""}"
transfer_repair,transfer_repair_debug_export_schema.csv,transfer_repair_debug_export_schema,debug_schema,2,transfer_repair_debug_export_schema:2,"{""field"":""pre_extraction_roster_count"",""type"":""integer"",""required"":""true"",""description"":""Expected 105.""}"
transfer_repair,transfer_repair_debug_export_schema.csv,transfer_repair_debug_export_schema,debug_schema,3,transfer_repair_debug_export_schema:3,"{""field"":""portal_departure_count"",""type"":""integer"",""required"":""true"",""description"":""Number removed into portal.""}"
transfer_repair,transfer_repair_debug_export_schema.csv,transfer_repair_debug_export_schema,debug_schema,4,transfer_repair_debug_export_schema:4,"{""field"":""departed_player_ids"",""type"":""json_array"",""required"":""true"",""description"":""Players removed.""}"
transfer_repair,transfer_repair_debug_export_schema.csv,transfer_repair_debug_export_schema,debug_schema,5,transfer_repair_debug_export_schema:5,"{""field"":""departed_quality_sum"",""type"":""number"",""required"":""true"",""description"":""Sum/score of lost quality.""}"
transfer_repair,transfer_repair_debug_export_schema.csv,transfer_repair_debug_export_schema,debug_schema,6,transfer_repair_debug_export_schema:6,"{""field"":""repair_action_count"",""type"":""integer"",""required"":""true"",""description"":""Number of repair actions.""}"
transfer_repair,transfer_repair_debug_export_schema.csv,transfer_repair_debug_export_schema,debug_schema,7,transfer_repair_debug_export_schema:7,"{""field"":""repair_actions"",""type"":""json_array"",""required"":""true"",""description"":""Method, position, class, ovr, reason.""}"
transfer_repair,transfer_repair_debug_export_schema.csv,transfer_repair_debug_export_schema,debug_schema,8,transfer_repair_debug_export_schema:8,"{""field"":""post_repair_roster_count"",""type"":""integer"",""required"":""true"",""description"":""Must equal 105.""}"
transfer_repair,transfer_repair_debug_export_schema.csv,transfer_repair_debug_export_schema,debug_schema,9,transfer_repair_debug_export_schema:9,"{""field"":""position_validation"",""type"":""json_object"",""required"":""true"",""description"":""Position counts and min violations.""}"
transfer_repair,transfer_repair_debug_export_schema.csv,transfer_repair_debug_export_schema,debug_schema,10,transfer_repair_debug_export_schema:10,"{""field"":""class_validation"",""type"":""json_object"",""required"":""true"",""description"":""Class shares and warnings.""}"
transfer_repair,transfer_repair_debug_export_schema.csv,transfer_repair_debug_export_schema,debug_schema,11,transfer_repair_debug_export_schema:11,"{""field"":""quality_replacement_ratio"",""type"":""number"",""required"":""true"",""description"":""Repair quality divided by departed quality.""}"
transfer_repair,transfer_repair_debug_export_schema.csv,transfer_repair_debug_export_schema,debug_schema,12,transfer_repair_debug_export_schema:12,"{""field"":""warnings"",""type"":""json_array"",""required"":""false"",""description"":""Soft validation warnings.""}"
transfer_repair,transfer_repair_examples.csv,transfer_repair_examples,example,1,transfer_repair_examples:1,"{""example_id"":""elite_program_loses_two_starters"",""program_tier"":""national_elite"",""departures"":""S starter 86, WR rotation 78, QB depth 72"",""repair_actions"":""promote walk-on S 65; late recruit WR 68; no QB repair needed after min check"",""expected_result"":""Roster remains 105 but loses real top-end quality."",""notes"":""Do not clone departed stars.""}"
transfer_repair,transfer_repair_examples.csv,transfer_repair_examples,example,2,transfer_repair_examples:2,"{""example_id"":""g5_ol_exodus"",""program_tier"":""standard_g5"",""departures"":""LT 70, RG 66, C 64, backup DL 59"",""repair_actions"":""JUCO LT 61; walk-on C 55; internal TE-to-RT conversion 54; emergency DL 50"",""expected_result"":""Position depth playable but weaker."",""notes"":""OL minima take priority.""}"
transfer_repair,transfer_repair_examples.csv,transfer_repair_examples,example,3,transfer_repair_examples:3,"{""example_id"":""fcs_qb_room_hit"",""program_tier"":""fcs_standard"",""departures"":""QB1 62, QB3 48"",""repair_actions"":""late recruit QB 49; walk-on QB 44; preserve QB minimum 3"",""expected_result"":""Team is playable but weaker at QB."",""notes"":""QB minimum beats class balance.""}"
transfer_repair,transfer_repair_examples.csv,transfer_repair_examples,example,4,transfer_repair_examples:4,"{""example_id"":""destination_overflow_after_signing"",""program_tier"":""solid_power"",""departures"":""none; incoming portal WR signed"",""repair_actions"":""cut lowest non-scholarship WR depth or move depth player to portal"",""expected_result"":""Destination remains at 105."",""notes"":""Portal signing cannot overfill roster.""}"
transfer_repair,transfer_repair_external_addition_rules.csv,transfer_repair_external_addition_rules,rule,1,transfer_repair_external_addition_rules:1,"{""program_tier"":""national_elite"",""method"":""late_recruit"",""age_min"":""18"",""age_max"":""20"",""eligible_classes"":""FR|RS_FR"",""quality_bias"":""below_team_average"",""history_stub"":""late_summer_add"",""max_immediate_role"":""depth"",""notes"":""Late recruits patch count/position without creating instant stars.""}"
transfer_repair,transfer_repair_external_addition_rules.csv,transfer_repair_external_addition_rules,rule,2,transfer_repair_external_addition_rules:2,"{""program_tier"":""national_elite"",""method"":""juco_depth"",""age_min"":""20"",""age_max"":""23"",""eligible_classes"":""SO|JR|RS_SO|RS_JR"",""quality_bias"":""older_depth"",""history_stub"":""juco_or_small_college_transfer"",""max_immediate_role"":""rotation"",""notes"":""Useful for OL/DL/LB and lower-tier roster repair.""}"
transfer_repair,transfer_repair_external_addition_rules.csv,transfer_repair_external_addition_rules,rule,3,transfer_repair_external_addition_rules:3,"{""program_tier"":""high_power"",""method"":""late_recruit"",""age_min"":""18"",""age_max"":""20"",""eligible_classes"":""FR|RS_FR"",""quality_bias"":""below_team_average"",""history_stub"":""late_summer_add"",""max_immediate_role"":""depth"",""notes"":""Late recruits patch count/position without creating instant stars.""}"
transfer_repair,transfer_repair_external_addition_rules.csv,transfer_repair_external_addition_rules,rule,4,transfer_repair_external_addition_rules:4,"{""program_tier"":""high_power"",""method"":""juco_depth"",""age_min"":""20"",""age_max"":""23"",""eligible_classes"":""SO|JR|RS_SO|RS_JR"",""quality_bias"":""older_depth"",""history_stub"":""juco_or_small_college_transfer"",""max_immediate_role"":""rotation"",""notes"":""Useful for OL/DL/LB and lower-tier roster repair.""}"
transfer_repair,transfer_repair_external_addition_rules.csv,transfer_repair_external_addition_rules,rule,5,transfer_repair_external_addition_rules:5,"{""program_tier"":""solid_power"",""method"":""late_recruit"",""age_min"":""18"",""age_max"":""20"",""eligible_classes"":""FR|RS_FR"",""quality_bias"":""below_team_average"",""history_stub"":""late_summer_add"",""max_immediate_role"":""depth"",""notes"":""Late recruits patch count/position without creating instant stars.""}"
transfer_repair,transfer_repair_external_addition_rules.csv,transfer_repair_external_addition_rules,rule,6,transfer_repair_external_addition_rules:6,"{""program_tier"":""solid_power"",""method"":""juco_depth"",""age_min"":""20"",""age_max"":""23"",""eligible_classes"":""SO|JR|RS_SO|RS_JR"",""quality_bias"":""older_depth"",""history_stub"":""juco_or_small_college_transfer"",""max_immediate_role"":""rotation"",""notes"":""Useful for OL/DL/LB and lower-tier roster repair.""}"
transfer_repair,transfer_repair_external_addition_rules.csv,transfer_repair_external_addition_rules,rule,7,transfer_repair_external_addition_rules:7,"{""program_tier"":""lower_power"",""method"":""late_recruit"",""age_min"":""18"",""age_max"":""20"",""eligible_classes"":""FR|RS_FR"",""quality_bias"":""below_team_average"",""history_stub"":""late_summer_add"",""max_immediate_role"":""depth"",""notes"":""Late recruits patch count/position without creating instant stars.""}"
transfer_repair,transfer_repair_external_addition_rules.csv,transfer_repair_external_addition_rules,rule,8,transfer_repair_external_addition_rules:8,"{""program_tier"":""lower_power"",""method"":""juco_depth"",""age_min"":""20"",""age_max"":""23"",""eligible_classes"":""SO|JR|RS_SO|RS_JR"",""quality_bias"":""older_depth"",""history_stub"":""juco_or_small_college_transfer"",""max_immediate_role"":""rotation"",""notes"":""Useful for OL/DL/LB and lower-tier roster repair.""}"
transfer_repair,transfer_repair_external_addition_rules.csv,transfer_repair_external_addition_rules,rule,9,transfer_repair_external_addition_rules:9,"{""program_tier"":""strong_g5"",""method"":""late_recruit"",""age_min"":""18"",""age_max"":""20"",""eligible_classes"":""FR|RS_FR"",""quality_bias"":""below_team_average"",""history_stub"":""late_summer_add"",""max_immediate_role"":""depth"",""notes"":""Late recruits patch count/position without creating instant stars.""}"
transfer_repair,transfer_repair_external_addition_rules.csv,transfer_repair_external_addition_rules,rule,10,transfer_repair_external_addition_rules:10,"{""program_tier"":""strong_g5"",""method"":""juco_depth"",""age_min"":""20"",""age_max"":""23"",""eligible_classes"":""SO|JR|RS_SO|RS_JR"",""quality_bias"":""older_depth"",""history_stub"":""juco_or_small_college_transfer"",""max_immediate_role"":""rotation"",""notes"":""Useful for OL/DL/LB and lower-tier roster repair.""}"
transfer_repair,transfer_repair_external_addition_rules.csv,transfer_repair_external_addition_rules,rule,11,transfer_repair_external_addition_rules:11,"{""program_tier"":""standard_g5"",""method"":""late_recruit"",""age_min"":""18"",""age_max"":""20"",""eligible_classes"":""FR|RS_FR"",""quality_bias"":""below_team_average"",""history_stub"":""late_summer_add"",""max_immediate_role"":""depth"",""notes"":""Late recruits patch count/position without creating instant stars.""}"
transfer_repair,transfer_repair_external_addition_rules.csv,transfer_repair_external_addition_rules,rule,12,transfer_repair_external_addition_rules:12,"{""program_tier"":""standard_g5"",""method"":""juco_depth"",""age_min"":""20"",""age_max"":""23"",""eligible_classes"":""SO|JR|RS_SO|RS_JR"",""quality_bias"":""older_depth"",""history_stub"":""juco_or_small_college_transfer"",""max_immediate_role"":""rotation"",""notes"":""Useful for OL/DL/LB and lower-tier roster repair.""}"
transfer_repair,transfer_repair_external_addition_rules.csv,transfer_repair_external_addition_rules,rule,13,transfer_repair_external_addition_rules:13,"{""program_tier"":""fcs_elite"",""method"":""late_recruit"",""age_min"":""18"",""age_max"":""20"",""eligible_classes"":""FR|RS_FR"",""quality_bias"":""below_team_average"",""history_stub"":""late_summer_add"",""max_immediate_role"":""depth"",""notes"":""Late recruits patch count/position without creating instant stars.""}"
transfer_repair,transfer_repair_external_addition_rules.csv,transfer_repair_external_addition_rules,rule,14,transfer_repair_external_addition_rules:14,"{""program_tier"":""fcs_elite"",""method"":""juco_depth"",""age_min"":""20"",""age_max"":""23"",""eligible_classes"":""SO|JR|RS_SO|RS_JR"",""quality_bias"":""older_depth"",""history_stub"":""juco_or_small_college_transfer"",""max_immediate_role"":""rotation"",""notes"":""Useful for OL/DL/LB and lower-tier roster repair.""}"
transfer_repair,transfer_repair_external_addition_rules.csv,transfer_repair_external_addition_rules,rule,15,transfer_repair_external_addition_rules:15,"{""program_tier"":""fcs_standard"",""method"":""late_recruit"",""age_min"":""18"",""age_max"":""20"",""eligible_classes"":""FR|RS_FR"",""quality_bias"":""below_team_average"",""history_stub"":""late_summer_add"",""max_immediate_role"":""depth"",""notes"":""Late recruits patch count/position without creating instant stars.""}"
transfer_repair,transfer_repair_external_addition_rules.csv,transfer_repair_external_addition_rules,rule,16,transfer_repair_external_addition_rules:16,"{""program_tier"":""fcs_standard"",""method"":""juco_depth"",""age_min"":""20"",""age_max"":""23"",""eligible_classes"":""SO|JR|RS_SO|RS_JR"",""quality_bias"":""older_depth"",""history_stub"":""juco_or_small_college_transfer"",""max_immediate_role"":""rotation"",""notes"":""Useful for OL/DL/LB and lower-tier roster repair.""}"
transfer_repair,transfer_repair_external_addition_rules.csv,transfer_repair_external_addition_rules,rule,17,transfer_repair_external_addition_rules:17,"{""program_tier"":""fcs_low"",""method"":""late_recruit"",""age_min"":""18"",""age_max"":""20"",""eligible_classes"":""FR|RS_FR"",""quality_bias"":""below_team_average"",""history_stub"":""late_summer_add"",""max_immediate_role"":""depth"",""notes"":""Late recruits patch count/position without creating instant stars.""}"
transfer_repair,transfer_repair_external_addition_rules.csv,transfer_repair_external_addition_rules,rule,18,transfer_repair_external_addition_rules:18,"{""program_tier"":""fcs_low"",""method"":""juco_depth"",""age_min"":""20"",""age_max"":""23"",""eligible_classes"":""SO|JR|RS_SO|RS_JR"",""quality_bias"":""older_depth"",""history_stub"":""juco_or_small_college_transfer"",""max_immediate_role"":""rotation"",""notes"":""Useful for OL/DL/LB and lower-tier roster repair.""}"
transfer_repair,transfer_repair_history_stub_rules.csv,transfer_repair_history_stub_rules,rule,1,transfer_repair_history_stub_rules:1,"{""history_stub"":""late_summer_add"",""applies_to_method"":""late_recruit"",""visible_to_user"":""true"",""stat_history_level"":""high_school_only"",""award_history_allowed"":""low"",""injury_history_allowed"":""low"",""notes"":""Late recruit joined after portal losses.""}"
transfer_repair,transfer_repair_history_stub_rules.csv,transfer_repair_history_stub_rules,rule,2,transfer_repair_history_stub_rules:2,"{""history_stub"":""walkon_promoted"",""applies_to_method"":""walkon_promote|preferred_walkon"",""visible_to_user"":""true"",""stat_history_level"":""practice_only_or_low_high_school"",""award_history_allowed"":""none"",""injury_history_allowed"":""low"",""notes"":""Player was already around program but not in active 105 until repair.""}"
transfer_repair,transfer_repair_history_stub_rules.csv,transfer_repair_history_stub_rules,rule,3,transfer_repair_history_stub_rules:3,"{""history_stub"":""juco_or_small_college_transfer"",""applies_to_method"":""juco_depth"",""visible_to_user"":""true"",""stat_history_level"":""juco_or_lower_division_summary"",""award_history_allowed"":""rare"",""injury_history_allowed"":""medium"",""notes"":""Useful for older immediate depth.""}"
transfer_repair,transfer_repair_history_stub_rules.csv,transfer_repair_history_stub_rules,rule,4,transfer_repair_history_stub_rules:4,"{""history_stub"":""spring_position_change"",""applies_to_method"":""internal_position_switch"",""visible_to_user"":""true"",""stat_history_level"":""existing_player_history_preserved"",""award_history_allowed"":""preserve_existing"",""injury_history_allowed"":""preserve_existing"",""notes"":""Existing player changes position to patch depth.""}"
transfer_repair,transfer_repair_history_stub_rules.csv,transfer_repair_history_stub_rules,rule,5,transfer_repair_history_stub_rules:5,"{""history_stub"":""emergency_filler"",""applies_to_method"":""emergency_filler"",""visible_to_user"":""false_or_low"",""stat_history_level"":""minimal"",""award_history_allowed"":""none"",""injury_history_allowed"":""low"",""notes"":""Only when all realistic methods fail.""}"
transfer_repair,transfer_repair_internal_position_change_rules.csv,transfer_repair_internal_position_change_rules,rule,1,transfer_repair_internal_position_change_rules:1,"{""from_position"":""WR"",""to_position"":""CB"",""fit_condition"":""speed_athlete"",""base_weight"":""0.18"",""max_rating_penalty"":""8"",""history_note"":""spring_position_change"",""notes"":""Use only if player body/ratings fit and destination position is below target.""}"
transfer_repair,transfer_repair_internal_position_change_rules.csv,transfer_repair_internal_position_change_rules,rule,2,transfer_repair_internal_position_change_rules:2,"{""from_position"":""WR"",""to_position"":""S"",""fit_condition"":""big_slot"",""base_weight"":""0.07"",""max_rating_penalty"":""8"",""history_note"":""spring_position_change"",""notes"":""Use only if player body/ratings fit and destination position is below target.""}"
transfer_repair,transfer_repair_internal_position_change_rules.csv,transfer_repair_internal_position_change_rules,rule,3,transfer_repair_internal_position_change_rules:3,"{""from_position"":""RB"",""to_position"":""LB"",""fit_condition"":""compact_power"",""base_weight"":""0.04"",""max_rating_penalty"":""8"",""history_note"":""spring_position_change"",""notes"":""Use only if player body/ratings fit and destination position is below target.""}"
transfer_repair,transfer_repair_internal_position_change_rules.csv,transfer_repair_internal_position_change_rules,rule,4,transfer_repair_internal_position_change_rules:4,"{""from_position"":""TE"",""to_position"":""EDGE"",""fit_condition"":""big_athlete"",""base_weight"":""0.07"",""max_rating_penalty"":""8"",""history_note"":""spring_position_change"",""notes"":""Use only if player body/ratings fit and destination position is below target.""}"
transfer_repair,transfer_repair_internal_position_change_rules.csv,transfer_repair_internal_position_change_rules,rule,5,transfer_repair_internal_position_change_rules:5,"{""from_position"":""TE"",""to_position"":""OT"",""fit_condition"":""large_frame"",""base_weight"":""0.08"",""max_rating_penalty"":""8"",""history_note"":""spring_position_change"",""notes"":""Use only if player body/ratings fit and destination position is below target.""}"
transfer_repair,transfer_repair_internal_position_change_rules.csv,transfer_repair_internal_position_change_rules,rule,6,transfer_repair_internal_position_change_rules:6,"{""from_position"":""LB"",""to_position"":""EDGE"",""fit_condition"":""rush_fit"",""base_weight"":""0.12"",""max_rating_penalty"":""8"",""history_note"":""spring_position_change"",""notes"":""Use only if player body/ratings fit and destination position is below target.""}"
transfer_repair,transfer_repair_internal_position_change_rules.csv,transfer_repair_internal_position_change_rules,rule,7,transfer_repair_internal_position_change_rules:7,"{""from_position"":""S"",""to_position"":""LB"",""fit_condition"":""box_safety"",""base_weight"":""0.1"",""max_rating_penalty"":""8"",""history_note"":""spring_position_change"",""notes"":""Use only if player body/ratings fit and destination position is below target.""}"
transfer_repair,transfer_repair_internal_position_change_rules.csv,transfer_repair_internal_position_change_rules,rule,8,transfer_repair_internal_position_change_rules:8,"{""from_position"":""CB"",""to_position"":""S"",""fit_condition"":""size_or_age"",""base_weight"":""0.1"",""max_rating_penalty"":""8"",""history_note"":""spring_position_change"",""notes"":""Use only if player body/ratings fit and destination position is below target.""}"
transfer_repair,transfer_repair_internal_position_change_rules.csv,transfer_repair_internal_position_change_rules,rule,9,transfer_repair_internal_position_change_rules:9,"{""from_position"":""DL"",""to_position"":""OL"",""fit_condition"":""size_depth"",""base_weight"":""0.04"",""max_rating_penalty"":""8"",""history_note"":""spring_position_change"",""notes"":""Use only if player body/ratings fit and destination position is below target.""}"
transfer_repair,transfer_repair_internal_position_change_rules.csv,transfer_repair_internal_position_change_rules,rule,10,transfer_repair_internal_position_change_rules:10,"{""from_position"":""OL"",""to_position"":""DL"",""fit_condition"":""rare_size_switch"",""base_weight"":""0.02"",""max_rating_penalty"":""8"",""history_note"":""spring_position_change"",""notes"":""Use only if player body/ratings fit and destination position is below target.""}"
transfer_repair,transfer_repair_internal_position_change_rules.csv,transfer_repair_internal_position_change_rules,rule,11,transfer_repair_internal_position_change_rules:11,"{""from_position"":""ATH"",""to_position"":""WR"",""fit_condition"":""skill_projection"",""base_weight"":""0.18"",""max_rating_penalty"":""8"",""history_note"":""spring_position_change"",""notes"":""Use only if player body/ratings fit and destination position is below target.""}"
transfer_repair,transfer_repair_internal_position_change_rules.csv,transfer_repair_internal_position_change_rules,rule,12,transfer_repair_internal_position_change_rules:12,"{""from_position"":""ATH"",""to_position"":""CB"",""fit_condition"":""speed_projection"",""base_weight"":""0.16"",""max_rating_penalty"":""8"",""history_note"":""spring_position_change"",""notes"":""Use only if player body/ratings fit and destination position is below target.""}"
transfer_repair,transfer_repair_internal_position_change_rules.csv,transfer_repair_internal_position_change_rules,rule,13,transfer_repair_internal_position_change_rules:13,"{""from_position"":""ATH"",""to_position"":""S"",""fit_condition"":""balanced_projection"",""base_weight"":""0.12"",""max_rating_penalty"":""8"",""history_note"":""spring_position_change"",""notes"":""Use only if player body/ratings fit and destination position is below target.""}"
transfer_repair,transfer_repair_method_weights_by_position_group.csv,transfer_repair_method_weights_by_position_group,weight_distribution,1,QB,"{""position_group"":""QB"",""repair_method"":""late_recruit"",""weight"":""0.34"",""notes"":""Position-specific repair method weights applied after team tier weights.""}"
transfer_repair,transfer_repair_method_weights_by_position_group.csv,transfer_repair_method_weights_by_position_group,weight_distribution,2,QB,"{""position_group"":""QB"",""repair_method"":""walkon_promote"",""weight"":""0.32"",""notes"":""Position-specific repair method weights applied after team tier weights.""}"
transfer_repair,transfer_repair_method_weights_by_position_group.csv,transfer_repair_method_weights_by_position_group,weight_distribution,3,QB,"{""position_group"":""QB"",""repair_method"":""juco_depth"",""weight"":""0.1"",""notes"":""Position-specific repair method weights applied after team tier weights.""}"
transfer_repair,transfer_repair_method_weights_by_position_group.csv,transfer_repair_method_weights_by_position_group,weight_distribution,4,QB,"{""position_group"":""QB"",""repair_method"":""internal_position_switch"",""weight"":""0.08"",""notes"":""Position-specific repair method weights applied after team tier weights.""}"
transfer_repair,transfer_repair_method_weights_by_position_group.csv,transfer_repair_method_weights_by_position_group,weight_distribution,5,QB,"{""position_group"":""QB"",""repair_method"":""preferred_walkon"",""weight"":""0.12"",""notes"":""Position-specific repair method weights applied after team tier weights.""}"
transfer_repair,transfer_repair_method_weights_by_position_group.csv,transfer_repair_method_weights_by_position_group,weight_distribution,6,QB,"{""position_group"":""QB"",""repair_method"":""emergency_filler"",""weight"":""0.04"",""notes"":""Position-specific repair method weights applied after team tier weights.""}"
transfer_repair,transfer_repair_method_weights_by_position_group.csv,transfer_repair_method_weights_by_position_group,weight_distribution,7,Skill,"{""position_group"":""Skill"",""repair_method"":""late_recruit"",""weight"":""0.28"",""notes"":""Position-specific repair method weights applied after team tier weights.""}"
transfer_repair,transfer_repair_method_weights_by_position_group.csv,transfer_repair_method_weights_by_position_group,weight_distribution,8,Skill,"{""position_group"":""Skill"",""repair_method"":""walkon_promote"",""weight"":""0.34"",""notes"":""Position-specific repair method weights applied after team tier weights.""}"
transfer_repair,transfer_repair_method_weights_by_position_group.csv,transfer_repair_method_weights_by_position_group,weight_distribution,9,Skill,"{""position_group"":""Skill"",""repair_method"":""juco_depth"",""weight"":""0.1"",""notes"":""Position-specific repair method weights applied after team tier weights.""}"
transfer_repair,transfer_repair_method_weights_by_position_group.csv,transfer_repair_method_weights_by_position_group,weight_distribution,10,Skill,"{""position_group"":""Skill"",""repair_method"":""internal_position_switch"",""weight"":""0.14"",""notes"":""Position-specific repair method weights applied after team tier weights.""}"
transfer_repair,transfer_repair_method_weights_by_position_group.csv,transfer_repair_method_weights_by_position_group,weight_distribution,11,Skill,"{""position_group"":""Skill"",""repair_method"":""preferred_walkon"",""weight"":""0.1"",""notes"":""Position-specific repair method weights applied after team tier weights.""}"
transfer_repair,transfer_repair_method_weights_by_position_group.csv,transfer_repair_method_weights_by_position_group,weight_distribution,12,Skill,"{""position_group"":""Skill"",""repair_method"":""emergency_filler"",""weight"":""0.04"",""notes"":""Position-specific repair method weights applied after team tier weights.""}"
transfer_repair,transfer_repair_method_weights_by_position_group.csv,transfer_repair_method_weights_by_position_group,weight_distribution,13,OL,"{""position_group"":""OL"",""repair_method"":""late_recruit"",""weight"":""0.18"",""notes"":""Position-specific repair method weights applied after team tier weights.""}"
transfer_repair,transfer_repair_method_weights_by_position_group.csv,transfer_repair_method_weights_by_position_group,weight_distribution,14,OL,"{""position_group"":""OL"",""repair_method"":""walkon_promote"",""weight"":""0.34"",""notes"":""Position-specific repair method weights applied after team tier weights.""}"
transfer_repair,transfer_repair_method_weights_by_position_group.csv,transfer_repair_method_weights_by_position_group,weight_distribution,15,OL,"{""position_group"":""OL"",""repair_method"":""juco_depth"",""weight"":""0.28"",""notes"":""Position-specific repair method weights applied after team tier weights.""}"
transfer_repair,transfer_repair_method_weights_by_position_group.csv,transfer_repair_method_weights_by_position_group,weight_distribution,16,OL,"{""position_group"":""OL"",""repair_method"":""internal_position_switch"",""weight"":""0.1"",""notes"":""Position-specific repair method weights applied after team tier weights.""}"
transfer_repair,transfer_repair_method_weights_by_position_group.csv,transfer_repair_method_weights_by_position_group,weight_distribution,17,OL,"{""position_group"":""OL"",""repair_method"":""preferred_walkon"",""weight"":""0.06"",""notes"":""Position-specific repair method weights applied after team tier weights.""}"
transfer_repair,transfer_repair_method_weights_by_position_group.csv,transfer_repair_method_weights_by_position_group,weight_distribution,18,OL,"{""position_group"":""OL"",""repair_method"":""emergency_filler"",""weight"":""0.04"",""notes"":""Position-specific repair method weights applied after team tier weights.""}"
transfer_repair,transfer_repair_method_weights_by_position_group.csv,transfer_repair_method_weights_by_position_group,weight_distribution,19,Front,"{""position_group"":""Front"",""repair_method"":""late_recruit"",""weight"":""0.2"",""notes"":""Position-specific repair method weights applied after team tier weights.""}"
transfer_repair,transfer_repair_method_weights_by_position_group.csv,transfer_repair_method_weights_by_position_group,weight_distribution,20,Front,"{""position_group"":""Front"",""repair_method"":""walkon_promote"",""weight"":""0.3"",""notes"":""Position-specific repair method weights applied after team tier weights.""}"
transfer_repair,transfer_repair_method_weights_by_position_group.csv,transfer_repair_method_weights_by_position_group,weight_distribution,21,Front,"{""position_group"":""Front"",""repair_method"":""juco_depth"",""weight"":""0.24"",""notes"":""Position-specific repair method weights applied after team tier weights.""}"
transfer_repair,transfer_repair_method_weights_by_position_group.csv,transfer_repair_method_weights_by_position_group,weight_distribution,22,Front,"{""position_group"":""Front"",""repair_method"":""internal_position_switch"",""weight"":""0.14"",""notes"":""Position-specific repair method weights applied after team tier weights.""}"
transfer_repair,transfer_repair_method_weights_by_position_group.csv,transfer_repair_method_weights_by_position_group,weight_distribution,23,Front,"{""position_group"":""Front"",""repair_method"":""preferred_walkon"",""weight"":""0.06"",""notes"":""Position-specific repair method weights applied after team tier weights.""}"
transfer_repair,transfer_repair_method_weights_by_position_group.csv,transfer_repair_method_weights_by_position_group,weight_distribution,24,Front,"{""position_group"":""Front"",""repair_method"":""emergency_filler"",""weight"":""0.06"",""notes"":""Position-specific repair method weights applied after team tier weights.""}"
transfer_repair,transfer_repair_method_weights_by_position_group.csv,transfer_repair_method_weights_by_position_group,weight_distribution,25,DB,"{""position_group"":""DB"",""repair_method"":""late_recruit"",""weight"":""0.26"",""notes"":""Position-specific repair method weights applied after team tier weights.""}"
transfer_repair,transfer_repair_method_weights_by_position_group.csv,transfer_repair_method_weights_by_position_group,weight_distribution,26,DB,"{""position_group"":""DB"",""repair_method"":""walkon_promote"",""weight"":""0.34"",""notes"":""Position-specific repair method weights applied after team tier weights.""}"
transfer_repair,transfer_repair_method_weights_by_position_group.csv,transfer_repair_method_weights_by_position_group,weight_distribution,27,DB,"{""position_group"":""DB"",""repair_method"":""juco_depth"",""weight"":""0.12"",""notes"":""Position-specific repair method weights applied after team tier weights.""}"
transfer_repair,transfer_repair_method_weights_by_position_group.csv,transfer_repair_method_weights_by_position_group,weight_distribution,28,DB,"{""position_group"":""DB"",""repair_method"":""internal_position_switch"",""weight"":""0.16"",""notes"":""Position-specific repair method weights applied after team tier weights.""}"
transfer_repair,transfer_repair_method_weights_by_position_group.csv,transfer_repair_method_weights_by_position_group,weight_distribution,29,DB,"{""position_group"":""DB"",""repair_method"":""preferred_walkon"",""weight"":""0.08"",""notes"":""Position-specific repair method weights applied after team tier weights.""}"
transfer_repair,transfer_repair_method_weights_by_position_group.csv,transfer_repair_method_weights_by_position_group,weight_distribution,30,DB,"{""position_group"":""DB"",""repair_method"":""emergency_filler"",""weight"":""0.04"",""notes"":""Position-specific repair method weights applied after team tier weights.""}"
transfer_repair,transfer_repair_method_weights_by_position_group.csv,transfer_repair_method_weights_by_position_group,weight_distribution,31,ST,"{""position_group"":""ST"",""repair_method"":""late_recruit"",""weight"":""0.2"",""notes"":""Position-specific repair method weights applied after team tier weights.""}"
transfer_repair,transfer_repair_method_weights_by_position_group.csv,transfer_repair_method_weights_by_position_group,weight_distribution,32,ST,"{""position_group"":""ST"",""repair_method"":""walkon_promote"",""weight"":""0.42"",""notes"":""Position-specific repair method weights applied after team tier weights.""}"
transfer_repair,transfer_repair_method_weights_by_position_group.csv,transfer_repair_method_weights_by_position_group,weight_distribution,33,ST,"{""position_group"":""ST"",""repair_method"":""juco_depth"",""weight"":""0.04"",""notes"":""Position-specific repair method weights applied after team tier weights.""}"
transfer_repair,transfer_repair_method_weights_by_position_group.csv,transfer_repair_method_weights_by_position_group,weight_distribution,34,ST,"{""position_group"":""ST"",""repair_method"":""internal_position_switch"",""weight"":""0.08"",""notes"":""Position-specific repair method weights applied after team tier weights.""}"
transfer_repair,transfer_repair_method_weights_by_position_group.csv,transfer_repair_method_weights_by_position_group,weight_distribution,35,ST,"{""position_group"":""ST"",""repair_method"":""preferred_walkon"",""weight"":""0.22"",""notes"":""Position-specific repair method weights applied after team tier weights.""}"
transfer_repair,transfer_repair_method_weights_by_position_group.csv,transfer_repair_method_weights_by_position_group,weight_distribution,36,ST,"{""position_group"":""ST"",""repair_method"":""emergency_filler"",""weight"":""0.04"",""notes"":""Position-specific repair method weights applied after team tier weights.""}"
transfer_repair,transfer_repair_method_weights_by_program_tier.csv,transfer_repair_method_weights_by_program_tier,weight_distribution,1,transfer_repair_method_weights_by_program_tier:1,"{""program_tier"":""national_elite"",""repair_method"":""walkon_promote"",""weight"":""0.34"",""notes"":""Weights normalize within program_tier; lower-resource programs use more JUCO/emergency depth.""}"
transfer_repair,transfer_repair_method_weights_by_program_tier.csv,transfer_repair_method_weights_by_program_tier,weight_distribution,2,transfer_repair_method_weights_by_program_tier:2,"{""program_tier"":""national_elite"",""repair_method"":""late_recruit"",""weight"":""0.32"",""notes"":""Weights normalize within program_tier; lower-resource programs use more JUCO/emergency depth.""}"
transfer_repair,transfer_repair_method_weights_by_program_tier.csv,transfer_repair_method_weights_by_program_tier,weight_distribution,3,transfer_repair_method_weights_by_program_tier:3,"{""program_tier"":""national_elite"",""repair_method"":""juco_depth"",""weight"":""0.1"",""notes"":""Weights normalize within program_tier; lower-resource programs use more JUCO/emergency depth.""}"
transfer_repair,transfer_repair_method_weights_by_program_tier.csv,transfer_repair_method_weights_by_program_tier,weight_distribution,4,transfer_repair_method_weights_by_program_tier:4,"{""program_tier"":""national_elite"",""repair_method"":""internal_position_switch"",""weight"":""0.1"",""notes"":""Weights normalize within program_tier; lower-resource programs use more JUCO/emergency depth.""}"
transfer_repair,transfer_repair_method_weights_by_program_tier.csv,transfer_repair_method_weights_by_program_tier,weight_distribution,5,transfer_repair_method_weights_by_program_tier:5,"{""program_tier"":""national_elite"",""repair_method"":""preferred_walkon"",""weight"":""0.1"",""notes"":""Weights normalize within program_tier; lower-resource programs use more JUCO/emergency depth.""}"
transfer_repair,transfer_repair_method_weights_by_program_tier.csv,transfer_repair_method_weights_by_program_tier,weight_distribution,6,transfer_repair_method_weights_by_program_tier:6,"{""program_tier"":""national_elite"",""repair_method"":""emergency_filler"",""weight"":""0.04"",""notes"":""Weights normalize within program_tier; lower-resource programs use more JUCO/emergency depth.""}"
transfer_repair,transfer_repair_method_weights_by_program_tier.csv,transfer_repair_method_weights_by_program_tier,weight_distribution,7,transfer_repair_method_weights_by_program_tier:7,"{""program_tier"":""high_power"",""repair_method"":""walkon_promote"",""weight"":""0.36"",""notes"":""Weights normalize within program_tier; lower-resource programs use more JUCO/emergency depth.""}"
transfer_repair,transfer_repair_method_weights_by_program_tier.csv,transfer_repair_method_weights_by_program_tier,weight_distribution,8,transfer_repair_method_weights_by_program_tier:8,"{""program_tier"":""high_power"",""repair_method"":""late_recruit"",""weight"":""0.28"",""notes"":""Weights normalize within program_tier; lower-resource programs use more JUCO/emergency depth.""}"
transfer_repair,transfer_repair_method_weights_by_program_tier.csv,transfer_repair_method_weights_by_program_tier,weight_distribution,9,transfer_repair_method_weights_by_program_tier:9,"{""program_tier"":""high_power"",""repair_method"":""juco_depth"",""weight"":""0.12"",""notes"":""Weights normalize within program_tier; lower-resource programs use more JUCO/emergency depth.""}"
transfer_repair,transfer_repair_method_weights_by_program_tier.csv,transfer_repair_method_weights_by_program_tier,weight_distribution,10,transfer_repair_method_weights_by_program_tier:10,"{""program_tier"":""high_power"",""repair_method"":""internal_position_switch"",""weight"":""0.1"",""notes"":""Weights normalize within program_tier; lower-resource programs use more JUCO/emergency depth.""}"
transfer_repair,transfer_repair_method_weights_by_program_tier.csv,transfer_repair_method_weights_by_program_tier,weight_distribution,11,transfer_repair_method_weights_by_program_tier:11,"{""program_tier"":""high_power"",""repair_method"":""preferred_walkon"",""weight"":""0.1"",""notes"":""Weights normalize within program_tier; lower-resource programs use more JUCO/emergency depth.""}"
transfer_repair,transfer_repair_method_weights_by_program_tier.csv,transfer_repair_method_weights_by_program_tier,weight_distribution,12,transfer_repair_method_weights_by_program_tier:12,"{""program_tier"":""high_power"",""repair_method"":""emergency_filler"",""weight"":""0.04"",""notes"":""Weights normalize within program_tier; lower-resource programs use more JUCO/emergency depth.""}"
transfer_repair,transfer_repair_method_weights_by_program_tier.csv,transfer_repair_method_weights_by_program_tier,weight_distribution,13,transfer_repair_method_weights_by_program_tier:13,"{""program_tier"":""solid_power"",""repair_method"":""walkon_promote"",""weight"":""0.38"",""notes"":""Weights normalize within program_tier; lower-resource programs use more JUCO/emergency depth.""}"
transfer_repair,transfer_repair_method_weights_by_program_tier.csv,transfer_repair_method_weights_by_program_tier,weight_distribution,14,transfer_repair_method_weights_by_program_tier:14,"{""program_tier"":""solid_power"",""repair_method"":""late_recruit"",""weight"":""0.24"",""notes"":""Weights normalize within program_tier; lower-resource programs use more JUCO/emergency depth.""}"
transfer_repair,transfer_repair_method_weights_by_program_tier.csv,transfer_repair_method_weights_by_program_tier,weight_distribution,15,transfer_repair_method_weights_by_program_tier:15,"{""program_tier"":""solid_power"",""repair_method"":""juco_depth"",""weight"":""0.16"",""notes"":""Weights normalize within program_tier; lower-resource programs use more JUCO/emergency depth.""}"
transfer_repair,transfer_repair_method_weights_by_program_tier.csv,transfer_repair_method_weights_by_program_tier,weight_distribution,16,transfer_repair_method_weights_by_program_tier:16,"{""program_tier"":""solid_power"",""repair_method"":""internal_position_switch"",""weight"":""0.1"",""notes"":""Weights normalize within program_tier; lower-resource programs use more JUCO/emergency depth.""}"
transfer_repair,transfer_repair_method_weights_by_program_tier.csv,transfer_repair_method_weights_by_program_tier,weight_distribution,17,transfer_repair_method_weights_by_program_tier:17,"{""program_tier"":""solid_power"",""repair_method"":""preferred_walkon"",""weight"":""0.08"",""notes"":""Weights normalize within program_tier; lower-resource programs use more JUCO/emergency depth.""}"
transfer_repair,transfer_repair_method_weights_by_program_tier.csv,transfer_repair_method_weights_by_program_tier,weight_distribution,18,transfer_repair_method_weights_by_program_tier:18,"{""program_tier"":""solid_power"",""repair_method"":""emergency_filler"",""weight"":""0.04"",""notes"":""Weights normalize within program_tier; lower-resource programs use more JUCO/emergency depth.""}"
transfer_repair,transfer_repair_method_weights_by_program_tier.csv,transfer_repair_method_weights_by_program_tier,weight_distribution,19,transfer_repair_method_weights_by_program_tier:19,"{""program_tier"":""lower_power"",""repair_method"":""walkon_promote"",""weight"":""0.34"",""notes"":""Weights normalize within program_tier; lower-resource programs use more JUCO/emergency depth.""}"
transfer_repair,transfer_repair_method_weights_by_program_tier.csv,transfer_repair_method_weights_by_program_tier,weight_distribution,20,transfer_repair_method_weights_by_program_tier:20,"{""program_tier"":""lower_power"",""repair_method"":""late_recruit"",""weight"":""0.2"",""notes"":""Weights normalize within program_tier; lower-resource programs use more JUCO/emergency depth.""}"
transfer_repair,transfer_repair_method_weights_by_program_tier.csv,transfer_repair_method_weights_by_program_tier,weight_distribution,21,transfer_repair_method_weights_by_program_tier:21,"{""program_tier"":""lower_power"",""repair_method"":""juco_depth"",""weight"":""0.22"",""notes"":""Weights normalize within program_tier; lower-resource programs use more JUCO/emergency depth.""}"
transfer_repair,transfer_repair_method_weights_by_program_tier.csv,transfer_repair_method_weights_by_program_tier,weight_distribution,22,transfer_repair_method_weights_by_program_tier:22,"{""program_tier"":""lower_power"",""repair_method"":""internal_position_switch"",""weight"":""0.12"",""notes"":""Weights normalize within program_tier; lower-resource programs use more JUCO/emergency depth.""}"
transfer_repair,transfer_repair_method_weights_by_program_tier.csv,transfer_repair_method_weights_by_program_tier,weight_distribution,23,transfer_repair_method_weights_by_program_tier:23,"{""program_tier"":""lower_power"",""repair_method"":""preferred_walkon"",""weight"":""0.06"",""notes"":""Weights normalize within program_tier; lower-resource programs use more JUCO/emergency depth.""}"
transfer_repair,transfer_repair_method_weights_by_program_tier.csv,transfer_repair_method_weights_by_program_tier,weight_distribution,24,transfer_repair_method_weights_by_program_tier:24,"{""program_tier"":""lower_power"",""repair_method"":""emergency_filler"",""weight"":""0.06"",""notes"":""Weights normalize within program_tier; lower-resource programs use more JUCO/emergency depth.""}"
transfer_repair,transfer_repair_method_weights_by_program_tier.csv,transfer_repair_method_weights_by_program_tier,weight_distribution,25,transfer_repair_method_weights_by_program_tier:25,"{""program_tier"":""strong_g5"",""repair_method"":""walkon_promote"",""weight"":""0.3"",""notes"":""Weights normalize within program_tier; lower-resource programs use more JUCO/emergency depth.""}"
transfer_repair,transfer_repair_method_weights_by_program_tier.csv,transfer_repair_method_weights_by_program_tier,weight_distribution,26,transfer_repair_method_weights_by_program_tier:26,"{""program_tier"":""strong_g5"",""repair_method"":""late_recruit"",""weight"":""0.18"",""notes"":""Weights normalize within program_tier; lower-resource programs use more JUCO/emergency depth.""}"
transfer_repair,transfer_repair_method_weights_by_program_tier.csv,transfer_repair_method_weights_by_program_tier,weight_distribution,27,transfer_repair_method_weights_by_program_tier:27,"{""program_tier"":""strong_g5"",""repair_method"":""juco_depth"",""weight"":""0.26"",""notes"":""Weights normalize within program_tier; lower-resource programs use more JUCO/emergency depth.""}"
transfer_repair,transfer_repair_method_weights_by_program_tier.csv,transfer_repair_method_weights_by_program_tier,weight_distribution,28,transfer_repair_method_weights_by_program_tier:28,"{""program_tier"":""strong_g5"",""repair_method"":""internal_position_switch"",""weight"":""0.12"",""notes"":""Weights normalize within program_tier; lower-resource programs use more JUCO/emergency depth.""}"
transfer_repair,transfer_repair_method_weights_by_program_tier.csv,transfer_repair_method_weights_by_program_tier,weight_distribution,29,transfer_repair_method_weights_by_program_tier:29,"{""program_tier"":""strong_g5"",""repair_method"":""preferred_walkon"",""weight"":""0.06"",""notes"":""Weights normalize within program_tier; lower-resource programs use more JUCO/emergency depth.""}"
transfer_repair,transfer_repair_method_weights_by_program_tier.csv,transfer_repair_method_weights_by_program_tier,weight_distribution,30,transfer_repair_method_weights_by_program_tier:30,"{""program_tier"":""strong_g5"",""repair_method"":""emergency_filler"",""weight"":""0.08"",""notes"":""Weights normalize within program_tier; lower-resource programs use more JUCO/emergency depth.""}"
transfer_repair,transfer_repair_method_weights_by_program_tier.csv,transfer_repair_method_weights_by_program_tier,weight_distribution,31,transfer_repair_method_weights_by_program_tier:31,"{""program_tier"":""standard_g5"",""repair_method"":""walkon_promote"",""weight"":""0.28"",""notes"":""Weights normalize within program_tier; lower-resource programs use more JUCO/emergency depth.""}"
transfer_repair,transfer_repair_method_weights_by_program_tier.csv,transfer_repair_method_weights_by_program_tier,weight_distribution,32,transfer_repair_method_weights_by_program_tier:32,"{""program_tier"":""standard_g5"",""repair_method"":""late_recruit"",""weight"":""0.16"",""notes"":""Weights normalize within program_tier; lower-resource programs use more JUCO/emergency depth.""}"
transfer_repair,transfer_repair_method_weights_by_program_tier.csv,transfer_repair_method_weights_by_program_tier,weight_distribution,33,transfer_repair_method_weights_by_program_tier:33,"{""program_tier"":""standard_g5"",""repair_method"":""juco_depth"",""weight"":""0.28"",""notes"":""Weights normalize within program_tier; lower-resource programs use more JUCO/emergency depth.""}"
transfer_repair,transfer_repair_method_weights_by_program_tier.csv,transfer_repair_method_weights_by_program_tier,weight_distribution,34,transfer_repair_method_weights_by_program_tier:34,"{""program_tier"":""standard_g5"",""repair_method"":""internal_position_switch"",""weight"":""0.13"",""notes"":""Weights normalize within program_tier; lower-resource programs use more JUCO/emergency depth.""}"
transfer_repair,transfer_repair_method_weights_by_program_tier.csv,transfer_repair_method_weights_by_program_tier,weight_distribution,35,transfer_repair_method_weights_by_program_tier:35,"{""program_tier"":""standard_g5"",""repair_method"":""preferred_walkon"",""weight"":""0.05"",""notes"":""Weights normalize within program_tier; lower-resource programs use more JUCO/emergency depth.""}"
transfer_repair,transfer_repair_method_weights_by_program_tier.csv,transfer_repair_method_weights_by_program_tier,weight_distribution,36,transfer_repair_method_weights_by_program_tier:36,"{""program_tier"":""standard_g5"",""repair_method"":""emergency_filler"",""weight"":""0.1"",""notes"":""Weights normalize within program_tier; lower-resource programs use more JUCO/emergency depth.""}"
transfer_repair,transfer_repair_method_weights_by_program_tier.csv,transfer_repair_method_weights_by_program_tier,weight_distribution,37,transfer_repair_method_weights_by_program_tier:37,"{""program_tier"":""fcs_elite"",""repair_method"":""walkon_promote"",""weight"":""0.26"",""notes"":""Weights normalize within program_tier; lower-resource programs use more JUCO/emergency depth.""}"
transfer_repair,transfer_repair_method_weights_by_program_tier.csv,transfer_repair_method_weights_by_program_tier,weight_distribution,38,transfer_repair_method_weights_by_program_tier:38,"{""program_tier"":""fcs_elite"",""repair_method"":""late_recruit"",""weight"":""0.14"",""notes"":""Weights normalize within program_tier; lower-resource programs use more JUCO/emergency depth.""}"
transfer_repair,transfer_repair_method_weights_by_program_tier.csv,transfer_repair_method_weights_by_program_tier,weight_distribution,39,transfer_repair_method_weights_by_program_tier:39,"{""program_tier"":""fcs_elite"",""repair_method"":""juco_depth"",""weight"":""0.28"",""notes"":""Weights normalize within program_tier; lower-resource programs use more JUCO/emergency depth.""}"
transfer_repair,transfer_repair_method_weights_by_program_tier.csv,transfer_repair_method_weights_by_program_tier,weight_distribution,40,transfer_repair_method_weights_by_program_tier:40,"{""program_tier"":""fcs_elite"",""repair_method"":""internal_position_switch"",""weight"":""0.14"",""notes"":""Weights normalize within program_tier; lower-resource programs use more JUCO/emergency depth.""}"
transfer_repair,transfer_repair_method_weights_by_program_tier.csv,transfer_repair_method_weights_by_program_tier,weight_distribution,41,transfer_repair_method_weights_by_program_tier:41,"{""program_tier"":""fcs_elite"",""repair_method"":""preferred_walkon"",""weight"":""0.04"",""notes"":""Weights normalize within program_tier; lower-resource programs use more JUCO/emergency depth.""}"
transfer_repair,transfer_repair_method_weights_by_program_tier.csv,transfer_repair_method_weights_by_program_tier,weight_distribution,42,transfer_repair_method_weights_by_program_tier:42,"{""program_tier"":""fcs_elite"",""repair_method"":""emergency_filler"",""weight"":""0.14"",""notes"":""Weights normalize within program_tier; lower-resource programs use more JUCO/emergency depth.""}"
transfer_repair,transfer_repair_method_weights_by_program_tier.csv,transfer_repair_method_weights_by_program_tier,weight_distribution,43,transfer_repair_method_weights_by_program_tier:43,"{""program_tier"":""fcs_standard"",""repair_method"":""walkon_promote"",""weight"":""0.24"",""notes"":""Weights normalize within program_tier; lower-resource programs use more JUCO/emergency depth.""}"
transfer_repair,transfer_repair_method_weights_by_program_tier.csv,transfer_repair_method_weights_by_program_tier,weight_distribution,44,transfer_repair_method_weights_by_program_tier:44,"{""program_tier"":""fcs_standard"",""repair_method"":""late_recruit"",""weight"":""0.12"",""notes"":""Weights normalize within program_tier; lower-resource programs use more JUCO/emergency depth.""}"
transfer_repair,transfer_repair_method_weights_by_program_tier.csv,transfer_repair_method_weights_by_program_tier,weight_distribution,45,transfer_repair_method_weights_by_program_tier:45,"{""program_tier"":""fcs_standard"",""repair_method"":""juco_depth"",""weight"":""0.28"",""notes"":""Weights normalize within program_tier; lower-resource programs use more JUCO/emergency depth.""}"
transfer_repair,transfer_repair_method_weights_by_program_tier.csv,transfer_repair_method_weights_by_program_tier,weight_distribution,46,transfer_repair_method_weights_by_program_tier:46,"{""program_tier"":""fcs_standard"",""repair_method"":""internal_position_switch"",""weight"":""0.16"",""notes"":""Weights normalize within program_tier; lower-resource programs use more JUCO/emergency depth.""}"
transfer_repair,transfer_repair_method_weights_by_program_tier.csv,transfer_repair_method_weights_by_program_tier,weight_distribution,47,transfer_repair_method_weights_by_program_tier:47,"{""program_tier"":""fcs_standard"",""repair_method"":""preferred_walkon"",""weight"":""0.04"",""notes"":""Weights normalize within program_tier; lower-resource programs use more JUCO/emergency depth.""}"
transfer_repair,transfer_repair_method_weights_by_program_tier.csv,transfer_repair_method_weights_by_program_tier,weight_distribution,48,transfer_repair_method_weights_by_program_tier:48,"{""program_tier"":""fcs_standard"",""repair_method"":""emergency_filler"",""weight"":""0.16"",""notes"":""Weights normalize within program_tier; lower-resource programs use more JUCO/emergency depth.""}"
transfer_repair,transfer_repair_method_weights_by_program_tier.csv,transfer_repair_method_weights_by_program_tier,weight_distribution,49,transfer_repair_method_weights_by_program_tier:49,"{""program_tier"":""fcs_low"",""repair_method"":""walkon_promote"",""weight"":""0.22"",""notes"":""Weights normalize within program_tier; lower-resource programs use more JUCO/emergency depth.""}"
transfer_repair,transfer_repair_method_weights_by_program_tier.csv,transfer_repair_method_weights_by_program_tier,weight_distribution,50,transfer_repair_method_weights_by_program_tier:50,"{""program_tier"":""fcs_low"",""repair_method"":""late_recruit"",""weight"":""0.1"",""notes"":""Weights normalize within program_tier; lower-resource programs use more JUCO/emergency depth.""}"
transfer_repair,transfer_repair_method_weights_by_program_tier.csv,transfer_repair_method_weights_by_program_tier,weight_distribution,51,transfer_repair_method_weights_by_program_tier:51,"{""program_tier"":""fcs_low"",""repair_method"":""juco_depth"",""weight"":""0.28"",""notes"":""Weights normalize within program_tier; lower-resource programs use more JUCO/emergency depth.""}"
transfer_repair,transfer_repair_method_weights_by_program_tier.csv,transfer_repair_method_weights_by_program_tier,weight_distribution,52,transfer_repair_method_weights_by_program_tier:52,"{""program_tier"":""fcs_low"",""repair_method"":""internal_position_switch"",""weight"":""0.16"",""notes"":""Weights normalize within program_tier; lower-resource programs use more JUCO/emergency depth.""}"
transfer_repair,transfer_repair_method_weights_by_program_tier.csv,transfer_repair_method_weights_by_program_tier,weight_distribution,53,transfer_repair_method_weights_by_program_tier:53,"{""program_tier"":""fcs_low"",""repair_method"":""preferred_walkon"",""weight"":""0.03"",""notes"":""Weights normalize within program_tier; lower-resource programs use more JUCO/emergency depth.""}"
transfer_repair,transfer_repair_method_weights_by_program_tier.csv,transfer_repair_method_weights_by_program_tier,weight_distribution,54,transfer_repair_method_weights_by_program_tier:54,"{""program_tier"":""fcs_low"",""repair_method"":""emergency_filler"",""weight"":""0.21"",""notes"":""Weights normalize within program_tier; lower-resource programs use more JUCO/emergency depth.""}"
transfer_repair,transfer_repair_position_priority_rules.csv,transfer_repair_position_priority_rules,rule,1,QB,"{""position"":""QB"",""position_group"":""QB"",""min_count_after_repair"":""3"",""soft_max_after_repair"":""5"",""repair_urgency_multiplier"":""1.25"",""preferred_repair_methods"":""see priority matrix"",""notes"":""Hard minima prevent broken depth charts; soft max avoids unrealistic overfill.""}"
transfer_repair,transfer_repair_position_priority_rules.csv,transfer_repair_position_priority_rules,rule,2,RB,"{""position"":""RB"",""position_group"":""Skill"",""min_count_after_repair"":""6"",""soft_max_after_repair"":""10"",""repair_urgency_multiplier"":""0.95"",""preferred_repair_methods"":""see priority matrix"",""notes"":""Hard minima prevent broken depth charts; soft max avoids unrealistic overfill.""}"
transfer_repair,transfer_repair_position_priority_rules.csv,transfer_repair_position_priority_rules,rule,3,WR,"{""position"":""WR"",""position_group"":""Skill"",""min_count_after_repair"":""10"",""soft_max_after_repair"":""16"",""repair_urgency_multiplier"":""1.05"",""preferred_repair_methods"":""see priority matrix"",""notes"":""Hard minima prevent broken depth charts; soft max avoids unrealistic overfill.""}"
transfer_repair,transfer_repair_position_priority_rules.csv,transfer_repair_position_priority_rules,rule,4,TE,"{""position"":""TE"",""position_group"":""Skill"",""min_count_after_repair"":""5"",""soft_max_after_repair"":""8"",""repair_urgency_multiplier"":""0.95"",""preferred_repair_methods"":""see priority matrix"",""notes"":""Hard minima prevent broken depth charts; soft max avoids unrealistic overfill.""}"
transfer_repair,transfer_repair_position_priority_rules.csv,transfer_repair_position_priority_rules,rule,5,LT,"{""position"":""LT"",""position_group"":""OL"",""min_count_after_repair"":""4"",""soft_max_after_repair"":""7"",""repair_urgency_multiplier"":""1.15"",""preferred_repair_methods"":""see priority matrix"",""notes"":""Hard minima prevent broken depth charts; soft max avoids unrealistic overfill.""}"
transfer_repair,transfer_repair_position_priority_rules.csv,transfer_repair_position_priority_rules,rule,6,LG,"{""position"":""LG"",""position_group"":""OL"",""min_count_after_repair"":""4"",""soft_max_after_repair"":""7"",""repair_urgency_multiplier"":""1.05"",""preferred_repair_methods"":""see priority matrix"",""notes"":""Hard minima prevent broken depth charts; soft max avoids unrealistic overfill.""}"
transfer_repair,transfer_repair_position_priority_rules.csv,transfer_repair_position_priority_rules,rule,7,C,"{""position"":""C"",""position_group"":""OL"",""min_count_after_repair"":""3"",""soft_max_after_repair"":""6"",""repair_urgency_multiplier"":""1.12"",""preferred_repair_methods"":""see priority matrix"",""notes"":""Hard minima prevent broken depth charts; soft max avoids unrealistic overfill.""}"
transfer_repair,transfer_repair_position_priority_rules.csv,transfer_repair_position_priority_rules,rule,8,RG,"{""position"":""RG"",""position_group"":""OL"",""min_count_after_repair"":""4"",""soft_max_after_repair"":""7"",""repair_urgency_multiplier"":""1.05"",""preferred_repair_methods"":""see priority matrix"",""notes"":""Hard minima prevent broken depth charts; soft max avoids unrealistic overfill.""}"
transfer_repair,transfer_repair_position_priority_rules.csv,transfer_repair_position_priority_rules,rule,9,RT,"{""position"":""RT"",""position_group"":""OL"",""min_count_after_repair"":""4"",""soft_max_after_repair"":""7"",""repair_urgency_multiplier"":""1.15"",""preferred_repair_methods"":""see priority matrix"",""notes"":""Hard minima prevent broken depth charts; soft max avoids unrealistic overfill.""}"
transfer_repair,transfer_repair_position_priority_rules.csv,transfer_repair_position_priority_rules,rule,10,EDGE,"{""position"":""EDGE"",""position_group"":""Front"",""min_count_after_repair"":""6"",""soft_max_after_repair"":""10"",""repair_urgency_multiplier"":""1.2"",""preferred_repair_methods"":""see priority matrix"",""notes"":""Hard minima prevent broken depth charts; soft max avoids unrealistic overfill.""}"
transfer_repair,transfer_repair_position_priority_rules.csv,transfer_repair_position_priority_rules,rule,11,DL,"{""position"":""DL"",""position_group"":""Front"",""min_count_after_repair"":""8"",""soft_max_after_repair"":""13"",""repair_urgency_multiplier"":""1.2"",""preferred_repair_methods"":""see priority matrix"",""notes"":""Hard minima prevent broken depth charts; soft max avoids unrealistic overfill.""}"
transfer_repair,transfer_repair_position_priority_rules.csv,transfer_repair_position_priority_rules,rule,12,LB,"{""position"":""LB"",""position_group"":""Front"",""min_count_after_repair"":""8"",""soft_max_after_repair"":""13"",""repair_urgency_multiplier"":""1.05"",""preferred_repair_methods"":""see priority matrix"",""notes"":""Hard minima prevent broken depth charts; soft max avoids unrealistic overfill.""}"
transfer_repair,transfer_repair_position_priority_rules.csv,transfer_repair_position_priority_rules,rule,13,CB,"{""position"":""CB"",""position_group"":""DB"",""min_count_after_repair"":""8"",""soft_max_after_repair"":""13"",""repair_urgency_multiplier"":""1.1"",""preferred_repair_methods"":""see priority matrix"",""notes"":""Hard minima prevent broken depth charts; soft max avoids unrealistic overfill.""}"
transfer_repair,transfer_repair_position_priority_rules.csv,transfer_repair_position_priority_rules,rule,14,S,"{""position"":""S"",""position_group"":""DB"",""min_count_after_repair"":""6"",""soft_max_after_repair"":""10"",""repair_urgency_multiplier"":""1.0"",""preferred_repair_methods"":""see priority matrix"",""notes"":""Hard minima prevent broken depth charts; soft max avoids unrealistic overfill.""}"
transfer_repair,transfer_repair_position_priority_rules.csv,transfer_repair_position_priority_rules,rule,15,K,"{""position"":""K"",""position_group"":""ST"",""min_count_after_repair"":""1"",""soft_max_after_repair"":""3"",""repair_urgency_multiplier"":""1.35"",""preferred_repair_methods"":""see priority matrix"",""notes"":""Hard minima prevent broken depth charts; soft max avoids unrealistic overfill.""}"
transfer_repair,transfer_repair_position_priority_rules.csv,transfer_repair_position_priority_rules,rule,16,P,"{""position"":""P"",""position_group"":""ST"",""min_count_after_repair"":""1"",""soft_max_after_repair"":""3"",""repair_urgency_multiplier"":""1.35"",""preferred_repair_methods"":""see priority matrix"",""notes"":""Hard minima prevent broken depth charts; soft max avoids unrealistic overfill.""}"
transfer_repair,transfer_repair_priority_matrix.csv,transfer_repair_priority_matrix,runtime_tuning,1,transfer_repair_priority_matrix:1,"{""priority_id"":""missing_qb"",""priority_order"":""1"",""repair_need"":""QB below minimum"",""preferred_methods"":""late_recruit|walkon_promote"",""fallback_methods"":""internal_position_switch"",""notes"":""Avoid generating star QBs as repair filler.""}"
transfer_repair,transfer_repair_priority_matrix.csv,transfer_repair_priority_matrix,runtime_tuning,2,transfer_repair_priority_matrix:2,"{""priority_id"":""missing_specialist"",""priority_order"":""2"",""repair_need"":""K/P below minimum"",""preferred_methods"":""specialist_walkon|late_recruit"",""fallback_methods"":""support_role_conversion"",""notes"":""Specialists can be older walk-ons.""}"
transfer_repair,transfer_repair_priority_matrix.csv,transfer_repair_priority_matrix,runtime_tuning,3,transfer_repair_priority_matrix:3,"{""priority_id"":""ol_depth"",""priority_order"":""3"",""repair_need"":""OL below minimum"",""preferred_methods"":""walkon_promote|juco_depth|late_recruit"",""fallback_methods"":""TE_to_OL_size_conversion"",""notes"":""OL rooms need depth and older bodies.""}"
transfer_repair,transfer_repair_priority_matrix.csv,transfer_repair_priority_matrix,runtime_tuning,4,transfer_repair_priority_matrix:4,"{""priority_id"":""dl_depth"",""priority_order"":""4"",""repair_need"":""DL/EDGE below minimum"",""preferred_methods"":""juco_depth|walkon_promote|late_recruit"",""fallback_methods"":""LB_to_EDGE_conversion"",""notes"":""Front depth matters for injury/rotation.""}"
transfer_repair,transfer_repair_priority_matrix.csv,transfer_repair_priority_matrix,runtime_tuning,5,transfer_repair_priority_matrix:5,"{""priority_id"":""db_depth"",""priority_order"":""5"",""repair_need"":""CB/S below minimum"",""preferred_methods"":""late_recruit|walkon_promote"",""fallback_methods"":""WR_to_DB_conversion"",""notes"":""DB depth usually easier to patch with athletes.""}"
transfer_repair,transfer_repair_priority_matrix.csv,transfer_repair_priority_matrix,runtime_tuning,6,transfer_repair_priority_matrix:6,"{""priority_id"":""skill_depth"",""priority_order"":""6"",""repair_need"":""RB/WR/TE below minimum"",""preferred_methods"":""late_recruit|walkon_promote"",""fallback_methods"":""ATH_conversion"",""notes"":""Use body/rating fit for skill patches.""}"
transfer_repair,transfer_repair_priority_matrix.csv,transfer_repair_priority_matrix,runtime_tuning,7,transfer_repair_priority_matrix:7,"{""priority_id"":""class_balance"",""priority_order"":""7"",""repair_need"":""class year gap"",""preferred_methods"":""class_targeted_walkon|juco_depth|late_recruit"",""fallback_methods"":""adjust_redshirt_status"",""notes"":""Only after hard position minimums are safe.""}"
transfer_repair,transfer_repair_priority_matrix.csv,transfer_repair_priority_matrix,runtime_tuning,8,transfer_repair_priority_matrix:8,"{""priority_id"":""generic_fill"",""priority_order"":""8"",""repair_need"":""roster count below 105 only"",""preferred_methods"":""walkon_promote|late_recruit|developmental_depth"",""fallback_methods"":""low_ceiling_filler"",""notes"":""Lowest priority general fill.""}"
transfer_repair,transfer_repair_quality_caps.csv,transfer_repair_quality_caps,runtime_tuning,1,transfer_repair_quality_caps:1,"{""program_tier"":""national_elite"",""max_avg_repair_college_ovr"":""72"",""absolute_max_repair_college_ovr"":""84"",""max_blue_chip_repair_share"":""0.03"",""max_departed_quality_replacement_ratio"":""0.55"",""notes"":""Repair is intentionally weaker than direct replacement. Departures should have cost.""}"
transfer_repair,transfer_repair_quality_caps.csv,transfer_repair_quality_caps,runtime_tuning,2,transfer_repair_quality_caps:2,"{""program_tier"":""high_power"",""max_avg_repair_college_ovr"":""70"",""absolute_max_repair_college_ovr"":""82"",""max_blue_chip_repair_share"":""0.025"",""max_departed_quality_replacement_ratio"":""0.52"",""notes"":""Repair is intentionally weaker than direct replacement. Departures should have cost.""}"
transfer_repair,transfer_repair_quality_caps.csv,transfer_repair_quality_caps,runtime_tuning,3,transfer_repair_quality_caps:3,"{""program_tier"":""solid_power"",""max_avg_repair_college_ovr"":""66"",""absolute_max_repair_college_ovr"":""78"",""max_blue_chip_repair_share"":""0.02"",""max_departed_quality_replacement_ratio"":""0.48"",""notes"":""Repair is intentionally weaker than direct replacement. Departures should have cost.""}"
transfer_repair,transfer_repair_quality_caps.csv,transfer_repair_quality_caps,runtime_tuning,4,transfer_repair_quality_caps:4,"{""program_tier"":""lower_power"",""max_avg_repair_college_ovr"":""62"",""absolute_max_repair_college_ovr"":""74"",""max_blue_chip_repair_share"":""0.015"",""max_departed_quality_replacement_ratio"":""0.45"",""notes"":""Repair is intentionally weaker than direct replacement. Departures should have cost.""}"
transfer_repair,transfer_repair_quality_caps.csv,transfer_repair_quality_caps,runtime_tuning,5,transfer_repair_quality_caps:5,"{""program_tier"":""strong_g5"",""max_avg_repair_college_ovr"":""60"",""absolute_max_repair_college_ovr"":""72"",""max_blue_chip_repair_share"":""0.012"",""max_departed_quality_replacement_ratio"":""0.42"",""notes"":""Repair is intentionally weaker than direct replacement. Departures should have cost.""}"
transfer_repair,transfer_repair_quality_caps.csv,transfer_repair_quality_caps,runtime_tuning,6,transfer_repair_quality_caps:6,"{""program_tier"":""standard_g5"",""max_avg_repair_college_ovr"":""56"",""absolute_max_repair_college_ovr"":""69"",""max_blue_chip_repair_share"":""0.008"",""max_departed_quality_replacement_ratio"":""0.4"",""notes"":""Repair is intentionally weaker than direct replacement. Departures should have cost.""}"
transfer_repair,transfer_repair_quality_caps.csv,transfer_repair_quality_caps,runtime_tuning,7,transfer_repair_quality_caps:7,"{""program_tier"":""fcs_elite"",""max_avg_repair_college_ovr"":""55"",""absolute_max_repair_college_ovr"":""68"",""max_blue_chip_repair_share"":""0.006"",""max_departed_quality_replacement_ratio"":""0.38"",""notes"":""Repair is intentionally weaker than direct replacement. Departures should have cost.""}"
transfer_repair,transfer_repair_quality_caps.csv,transfer_repair_quality_caps,runtime_tuning,8,transfer_repair_quality_caps:8,"{""program_tier"":""fcs_standard"",""max_avg_repair_college_ovr"":""50"",""absolute_max_repair_college_ovr"":""64"",""max_blue_chip_repair_share"":""0.004"",""max_departed_quality_replacement_ratio"":""0.35"",""notes"":""Repair is intentionally weaker than direct replacement. Departures should have cost.""}"
transfer_repair,transfer_repair_quality_caps.csv,transfer_repair_quality_caps,runtime_tuning,9,transfer_repair_quality_caps:9,"{""program_tier"":""fcs_low"",""max_avg_repair_college_ovr"":""45"",""absolute_max_repair_college_ovr"":""60"",""max_blue_chip_repair_share"":""0.002"",""max_departed_quality_replacement_ratio"":""0.32"",""notes"":""Repair is intentionally weaker than direct replacement. Departures should have cost.""}"
transfer_repair,transfer_repair_research_basis.csv,transfer_repair_research_basis,research_basis,1,transfer_repair_research_basis:1,"{""basis_id"":""roster_limit_105"",""claim"":""Current Division I summaries describe football roster limit of 105 after House settlement framework."",""gameplay_translation"":""Year Zero repair target is exactly 105 for all college teams."",""source_url"":""https://en.wikipedia.org/wiki/NCAA_Division_I""}"
transfer_repair,transfer_repair_research_basis.csv,transfer_repair_research_basis,research_basis,2,transfer_repair_research_basis:2,"{""basis_id"":""portal_volume_high"",""claim"":""A reported 8,699 NCAA football players entered the portal from Aug. 1, 2022 to May 1, 2023."",""gameplay_translation"":""Portal extraction can be substantial and requires robust repair."",""source_url"":""https://www.axios.com/2023/05/11/ncaa-football-transfer-portal-record""}"
transfer_repair,transfer_repair_research_basis.csv,transfer_repair_research_basis,research_basis,3,transfer_repair_research_basis:3,"{""basis_id"":""fbs_scholarship_portal_volume"",""claim"":""Public reporting cited more than 2,800 FBS scholarship players entering a recent portal cycle, around 25 percent of FBS scholarship players."",""gameplay_translation"":""Year Zero transfer pressure should affect many teams, not just backups."",""source_url"":""https://www.aseaofblue.com/2024/10/9/24265700/transfer-portal-days-college-football-basketball-ncaa-d-i-committ""}"
transfer_repair,transfer_repair_research_basis.csv,transfer_repair_research_basis,research_basis,4,transfer_repair_research_basis:4,"{""basis_id"":""portal_windows"",""claim"":""Football portal windows have been shortened/changed, including a 20-day winter and 10-day spring structure and later a single January window."",""gameplay_translation"":""Year Zero repair is a discrete offseason repair phase, not a constant daily process."",""source_url"":""https://en.wikipedia.org/wiki/NCAA_transfer_portal""}"
transfer_repair,transfer_repair_research_basis.csv,transfer_repair_research_basis,research_basis,5,transfer_repair_research_basis:5,"{""basis_id"":""team_churn_examples"",""claim"":""Recent team examples show large outgoing/incoming transfer numbers at Alabama, Florida State, Ohio State, and Arkansas."",""gameplay_translation"":""Repair system must handle both normal churn and extreme team-level churn."",""source_url"":""https://en.wikipedia.org/wiki/2024_Alabama_Crimson_Tide_football_team""}"
transfer_repair,transfer_repair_research_basis.csv,transfer_repair_research_basis,research_basis,6,transfer_repair_research_basis:6,"{""basis_id"":""roster_management_after_105"",""claim"":""Public commentary on 105-player roster limits highlights roster and scholarship chart management changes."",""gameplay_translation"":""Repair should treat 105 as a hard cap and preserve walk-on/scholarship composition."",""source_url"":""https://www.onefootdown.com/2025/2/19/24368325/notre-dame-football-rethinking-the-roster-size-and-scholarship-charts-for-the-irish-nd-news-transfer""}"
transfer_repair,transfer_repair_scholarship_walkon_rules.csv,transfer_repair_scholarship_walkon_rules,rule,1,transfer_repair_scholarship_walkon_rules:1,"{""program_tier"":""national_elite"",""target_walkon_share_min"":""0.06"",""target_walkon_share_max"":""0.14"",""repair_walkon_can_receive_scholarship_weight"":""0.2"",""late_recruit_scholarship_weight"":""0.75"",""juco_scholarship_weight"":""0.7"",""notes"":""Elite teams can scholarship late additions but still have walk-on depth.""}"
transfer_repair,transfer_repair_scholarship_walkon_rules.csv,transfer_repair_scholarship_walkon_rules,rule,2,transfer_repair_scholarship_walkon_rules:2,"{""program_tier"":""high_power"",""target_walkon_share_min"":""0.07"",""target_walkon_share_max"":""0.15"",""repair_walkon_can_receive_scholarship_weight"":""0.18"",""late_recruit_scholarship_weight"":""0.7"",""juco_scholarship_weight"":""0.66"",""notes"":""""}"
transfer_repair,transfer_repair_scholarship_walkon_rules.csv,transfer_repair_scholarship_walkon_rules,rule,3,transfer_repair_scholarship_walkon_rules:3,"{""program_tier"":""solid_power"",""target_walkon_share_min"":""0.08"",""target_walkon_share_max"":""0.17"",""repair_walkon_can_receive_scholarship_weight"":""0.16"",""late_recruit_scholarship_weight"":""0.62"",""juco_scholarship_weight"":""0.6"",""notes"":""""}"
transfer_repair,transfer_repair_scholarship_walkon_rules.csv,transfer_repair_scholarship_walkon_rules,rule,4,transfer_repair_scholarship_walkon_rules:4,"{""program_tier"":""lower_power"",""target_walkon_share_min"":""0.1"",""target_walkon_share_max"":""0.2"",""repair_walkon_can_receive_scholarship_weight"":""0.14"",""late_recruit_scholarship_weight"":""0.55"",""juco_scholarship_weight"":""0.56"",""notes"":""""}"
transfer_repair,transfer_repair_scholarship_walkon_rules.csv,transfer_repair_scholarship_walkon_rules,rule,5,transfer_repair_scholarship_walkon_rules:5,"{""program_tier"":""strong_g5"",""target_walkon_share_min"":""0.12"",""target_walkon_share_max"":""0.24"",""repair_walkon_can_receive_scholarship_weight"":""0.12"",""late_recruit_scholarship_weight"":""0.48"",""juco_scholarship_weight"":""0.5"",""notes"":""""}"
transfer_repair,transfer_repair_scholarship_walkon_rules.csv,transfer_repair_scholarship_walkon_rules,rule,6,transfer_repair_scholarship_walkon_rules:6,"{""program_tier"":""standard_g5"",""target_walkon_share_min"":""0.14"",""target_walkon_share_max"":""0.28"",""repair_walkon_can_receive_scholarship_weight"":""0.1"",""late_recruit_scholarship_weight"":""0.42"",""juco_scholarship_weight"":""0.46"",""notes"":""""}"
transfer_repair,transfer_repair_scholarship_walkon_rules.csv,transfer_repair_scholarship_walkon_rules,rule,7,transfer_repair_scholarship_walkon_rules:7,"{""program_tier"":""fcs_elite"",""target_walkon_share_min"":""0.16"",""target_walkon_share_max"":""0.32"",""repair_walkon_can_receive_scholarship_weight"":""0.08"",""late_recruit_scholarship_weight"":""0.35"",""juco_scholarship_weight"":""0.42"",""notes"":""""}"
transfer_repair,transfer_repair_scholarship_walkon_rules.csv,transfer_repair_scholarship_walkon_rules,rule,8,transfer_repair_scholarship_walkon_rules:8,"{""program_tier"":""fcs_standard"",""target_walkon_share_min"":""0.18"",""target_walkon_share_max"":""0.36"",""repair_walkon_can_receive_scholarship_weight"":""0.06"",""late_recruit_scholarship_weight"":""0.3"",""juco_scholarship_weight"":""0.38"",""notes"":""""}"
transfer_repair,transfer_repair_scholarship_walkon_rules.csv,transfer_repair_scholarship_walkon_rules,rule,9,transfer_repair_scholarship_walkon_rules:9,"{""program_tier"":""fcs_low"",""target_walkon_share_min"":""0.2"",""target_walkon_share_max"":""0.4"",""repair_walkon_can_receive_scholarship_weight"":""0.04"",""late_recruit_scholarship_weight"":""0.24"",""juco_scholarship_weight"":""0.34"",""notes"":""""}"
transfer_repair,transfer_repair_scouting_uncertainty_rules.csv,transfer_repair_scouting_uncertainty_rules,rule,1,transfer_repair_scouting_uncertainty_rules:1,"{""repair_method"":""walkon_promote"",""base_confidence"":""62"",""current_range_width"":""8"",""potential_range_width"":""14"",""scouting_note_style"":""known_practice_player"",""notes"":""School knows own walk-ons better than outside recruits.""}"
transfer_repair,transfer_repair_scouting_uncertainty_rules.csv,transfer_repair_scouting_uncertainty_rules,rule,2,transfer_repair_scouting_uncertainty_rules:2,"{""repair_method"":""preferred_walkon"",""base_confidence"":""68"",""current_range_width"":""7"",""potential_range_width"":""12"",""scouting_note_style"":""known_program_depth"",""notes"":""Higher-confidence internal depth.""}"
transfer_repair,transfer_repair_scouting_uncertainty_rules.csv,transfer_repair_scouting_uncertainty_rules,rule,3,transfer_repair_scouting_uncertainty_rules:3,"{""repair_method"":""late_recruit"",""base_confidence"":""42"",""current_range_width"":""14"",""potential_range_width"":""22"",""scouting_note_style"":""late_eval_uncertain"",""notes"":""Late recruit has more uncertainty.""}"
transfer_repair,transfer_repair_scouting_uncertainty_rules.csv,transfer_repair_scouting_uncertainty_rules,rule,4,transfer_repair_scouting_uncertainty_rules:4,"{""repair_method"":""juco_depth"",""base_confidence"":""48"",""current_range_width"":""12"",""potential_range_width"":""18"",""scouting_note_style"":""older_sample_partial"",""notes"":""Older player with some tape but lower translation certainty.""}"
transfer_repair,transfer_repair_scouting_uncertainty_rules.csv,transfer_repair_scouting_uncertainty_rules,rule,5,transfer_repair_scouting_uncertainty_rules:5,"{""repair_method"":""internal_position_switch"",""base_confidence"":""58"",""current_range_width"":""10"",""potential_range_width"":""16"",""scouting_note_style"":""position_projection"",""notes"":""Known player, but position fit is uncertain.""}"
transfer_repair,transfer_repair_scouting_uncertainty_rules.csv,transfer_repair_scouting_uncertainty_rules,rule,6,transfer_repair_scouting_uncertainty_rules:6,"{""repair_method"":""emergency_filler"",""base_confidence"":""35"",""current_range_width"":""16"",""potential_range_width"":""24"",""scouting_note_style"":""thin_information"",""notes"":""Fallback repair should stay uncertain and low impact.""}"
transfer_repair,transfer_repair_team_context_modifiers.csv,transfer_repair_team_context_modifiers,modifier,1,transfer_repair_team_context_modifiers:1,"{""context_id"":""head_coach_change"",""repair_count_multiplier"":""1.35"",""emergency_method_multiplier"":""1.2"",""repair_quality_multiplier"":""0.9"",""notes"":""More portal exits and repair pressure.""}"
transfer_repair,transfer_repair_team_context_modifiers.csv,transfer_repair_team_context_modifiers,modifier,2,transfer_repair_team_context_modifiers:2,"{""context_id"":""new_staff_stability"",""repair_count_multiplier"":""0.9"",""emergency_method_multiplier"":""0.95"",""repair_quality_multiplier"":""1.05"",""notes"":""Stable staff has less panic repair.""}"
transfer_repair,transfer_repair_team_context_modifiers.csv,transfer_repair_team_context_modifiers,modifier,3,transfer_repair_team_context_modifiers:3,"{""context_id"":""roster_crunch"",""repair_count_multiplier"":""1.15"",""emergency_method_multiplier"":""1.1"",""repair_quality_multiplier"":""0.85"",""notes"":""More cuts/portal churn.""}"
transfer_repair,transfer_repair_team_context_modifiers.csv,transfer_repair_team_context_modifiers,modifier,4,transfer_repair_team_context_modifiers:4,"{""context_id"":""post_bowl_optouts"",""repair_count_multiplier"":""1.08"",""emergency_method_multiplier"":""1.05"",""repair_quality_multiplier"":""0.96"",""notes"":""Slight repair pressure.""}"
transfer_repair,transfer_repair_team_context_modifiers.csv,transfer_repair_team_context_modifiers,modifier,5,transfer_repair_team_context_modifiers:5,"{""context_id"":""elite_recruiting_class"",""repair_count_multiplier"":""0.85"",""emergency_method_multiplier"":""0.8"",""repair_quality_multiplier"":""1.1"",""notes"":""Can use freshmen more safely.""}"
transfer_repair,transfer_repair_team_context_modifiers.csv,transfer_repair_team_context_modifiers,modifier,6,transfer_repair_team_context_modifiers:6,"{""context_id"":""poor_academic_risk"",""repair_count_multiplier"":""1.08"",""emergency_method_multiplier"":""1.15"",""repair_quality_multiplier"":""0.92"",""notes"":""More late roster holes.""}"
transfer_repair,transfer_repair_team_context_modifiers.csv,transfer_repair_team_context_modifiers,modifier,7,transfer_repair_team_context_modifiers:7,"{""context_id"":""small_budget_program"",""repair_count_multiplier"":""1.1"",""emergency_method_multiplier"":""1.2"",""repair_quality_multiplier"":""0.9"",""notes"":""More JUCO/emergency repair.""}"
transfer_repair,transfer_repair_team_context_modifiers.csv,transfer_repair_team_context_modifiers,modifier,8,transfer_repair_team_context_modifiers:8,"{""context_id"":""strong_walkon_culture"",""repair_count_multiplier"":""0.95"",""emergency_method_multiplier"":""0.75"",""repair_quality_multiplier"":""1.2"",""notes"":""More walk-on repair success.""}"
transfer_repair,transfer_repair_trigger_rules.csv,transfer_repair_trigger_rules,rule,1,transfer_repair_trigger_rules:1,"{""trigger_id"":""below_105"",""condition"":""active_roster_count < 105"",""repair_required"":""true"",""priority"":""100"",""notes"":""Always fill to exactly 105.""}"
transfer_repair,transfer_repair_trigger_rules.csv,transfer_repair_trigger_rules,rule,2,transfer_repair_trigger_rules:2,"{""trigger_id"":""position_below_min"",""condition"":""position_count < position_min_bound"",""repair_required"":""true"",""priority"":""95"",""notes"":""Patch depth chart-breaking holes first.""}"
transfer_repair,transfer_repair_trigger_rules.csv,transfer_repair_trigger_rules,rule,3,transfer_repair_trigger_rules:3,"{""trigger_id"":""qb_below_min"",""condition"":""QB count < 3"",""repair_required"":""true"",""priority"":""98"",""notes"":""Every team needs enough QBs for season sim.""}"
transfer_repair,transfer_repair_trigger_rules.csv,transfer_repair_trigger_rules,rule,4,transfer_repair_trigger_rules:4,"{""trigger_id"":""specialist_missing"",""condition"":""K count < 1 or P count < 1"",""repair_required"":""true"",""priority"":""97"",""notes"":""Never allow missing specialist slots.""}"
transfer_repair,transfer_repair_trigger_rules.csv,transfer_repair_trigger_rules,rule,5,transfer_repair_trigger_rules:5,"{""trigger_id"":""class_balance_broken"",""condition"":""class_share outside min/max target after repair"",""repair_required"":""true"",""priority"":""60"",""notes"":""Repair should avoid all freshmen or all seniors filling.""}"
transfer_repair,transfer_repair_trigger_rules.csv,transfer_repair_trigger_rules,rule,6,transfer_repair_trigger_rules:6,"{""trigger_id"":""quality_leakage_exceeded"",""condition"":""repair restores more than allowed percentage of departed quality"",""repair_required"":""false"",""priority"":""30"",""notes"":""Warning only; losing a star should create temporary roster weakness.""}"
transfer_repair,transfer_repair_trigger_rules.csv,transfer_repair_trigger_rules,rule,7,transfer_repair_trigger_rules:7,"{""trigger_id"":""roster_over_105"",""condition"":""active_roster_count > 105"",""repair_required"":""true"",""priority"":""100"",""notes"":""Use overflow resolution rules, not simple delete.""}"
transfer_repair,transfer_repair_validation_targets.csv,transfer_repair_validation_targets,validation_target,1,transfer_repair_validation_targets:1,"{""metric_id"":""all_teams_active_roster_count"",""target_min"":""105"",""target_max"":""105"",""severity"":""error"",""notes"":""Every college team must finish with exactly 105 active players.""}"
transfer_repair,transfer_repair_validation_targets.csv,transfer_repair_validation_targets,validation_target,2,transfer_repair_validation_targets:2,"{""metric_id"":""teams_below_position_min"",""target_min"":""0"",""target_max"":""0"",""severity"":""error"",""notes"":""No position below minimum after repair.""}"
transfer_repair,transfer_repair_validation_targets.csv,transfer_repair_validation_targets,validation_target,3,transfer_repair_validation_targets:3,"{""metric_id"":""avg_repair_quality_replacement_ratio"",""target_min"":""0.25"",""target_max"":""0.6"",""severity"":""warning"",""notes"":""Repair should not fully replace lost transfer quality.""}"
transfer_repair,transfer_repair_validation_targets.csv,transfer_repair_validation_targets,validation_target,4,transfer_repair_validation_targets:4,"{""metric_id"":""elite_repair_player_share"",""target_min"":""0.0"",""target_max"":""0.015"",""severity"":""warning"",""notes"":""Emergency repair should rarely generate elite players.""}"
transfer_repair,transfer_repair_validation_targets.csv,transfer_repair_validation_targets,validation_target,5,transfer_repair_validation_targets:5,"{""metric_id"":""repair_walkon_share"",""target_min"":""0.2"",""target_max"":""0.55"",""severity"":""warning"",""notes"":""Walk-on promotion should be common but not the only method.""}"
transfer_repair,transfer_repair_validation_targets.csv,transfer_repair_validation_targets,validation_target,6,transfer_repair_validation_targets:6,"{""metric_id"":""repair_juco_share"",""target_min"":""0.08"",""target_max"":""0.32"",""severity"":""warning"",""notes"":""JUCO/lower-level repair matters but should not dominate elite teams.""}"
transfer_repair,transfer_repair_validation_targets.csv,transfer_repair_validation_targets,validation_target,7,transfer_repair_validation_targets:7,"{""metric_id"":""class_distribution_outlier_teams"",""target_min"":""0"",""target_max"":""8"",""severity"":""warning"",""notes"":""A few teams can be odd, but widespread class imbalance is a bug.""}"
transfer_repair,transfer_repair_validation_targets.csv,transfer_repair_validation_targets,validation_target,8,transfer_repair_validation_targets:8,"{""metric_id"":""overflow_chain_moves_per_team"",""target_min"":""0"",""target_max"":""5"",""severity"":""warning"",""notes"":""Portal signings should not trigger runaway chain moves.""}"
transfer_repair,transfer_repair_walkon_generation_rules.csv,transfer_repair_walkon_generation_rules,rule,1,transfer_repair_walkon_generation_rules:1,"{""program_tier"":""national_elite"",""method"":""walkon_promote"",""min_college_ovr"":""50"",""mode_college_ovr"":""58"",""max_college_ovr"":""68"",""potential_bonus_min"":""0"",""potential_bonus_max"":""8"",""preferred_classes"":""RS_FR|SO|RS_SO|JR"",""scholarship_status"":""walk_on_or_new_scholarship_optional"",""notes"":""Promoted walk-ons are low-cost roster repair with occasional useful depth.""}"
transfer_repair,transfer_repair_walkon_generation_rules.csv,transfer_repair_walkon_generation_rules,rule,2,transfer_repair_walkon_generation_rules:2,"{""program_tier"":""high_power"",""method"":""walkon_promote"",""min_college_ovr"":""48"",""mode_college_ovr"":""56"",""max_college_ovr"":""66"",""potential_bonus_min"":""0"",""potential_bonus_max"":""8"",""preferred_classes"":""RS_FR|SO|RS_SO|JR"",""scholarship_status"":""walk_on_or_new_scholarship_optional"",""notes"":""Promoted walk-ons are low-cost roster repair with occasional useful depth.""}"
transfer_repair,transfer_repair_walkon_generation_rules.csv,transfer_repair_walkon_generation_rules,rule,3,transfer_repair_walkon_generation_rules:3,"{""program_tier"":""solid_power"",""method"":""walkon_promote"",""min_college_ovr"":""45"",""mode_college_ovr"":""53"",""max_college_ovr"":""63"",""potential_bonus_min"":""0"",""potential_bonus_max"":""8"",""preferred_classes"":""RS_FR|SO|RS_SO|JR"",""scholarship_status"":""walk_on_or_new_scholarship_optional"",""notes"":""Promoted walk-ons are low-cost roster repair with occasional useful depth.""}"
transfer_repair,transfer_repair_walkon_generation_rules.csv,transfer_repair_walkon_generation_rules,rule,4,transfer_repair_walkon_generation_rules:4,"{""program_tier"":""lower_power"",""method"":""walkon_promote"",""min_college_ovr"":""42"",""mode_college_ovr"":""50"",""max_college_ovr"":""60"",""potential_bonus_min"":""0"",""potential_bonus_max"":""8"",""preferred_classes"":""RS_FR|SO|RS_SO|JR"",""scholarship_status"":""walk_on_or_new_scholarship_optional"",""notes"":""Promoted walk-ons are low-cost roster repair with occasional useful depth.""}"
transfer_repair,transfer_repair_walkon_generation_rules.csv,transfer_repair_walkon_generation_rules,rule,5,transfer_repair_walkon_generation_rules:5,"{""program_tier"":""strong_g5"",""method"":""walkon_promote"",""min_college_ovr"":""41"",""mode_college_ovr"":""49"",""max_college_ovr"":""59"",""potential_bonus_min"":""0"",""potential_bonus_max"":""8"",""preferred_classes"":""RS_FR|SO|RS_SO|JR"",""scholarship_status"":""walk_on_or_new_scholarship_optional"",""notes"":""Promoted walk-ons are low-cost roster repair with occasional useful depth.""}"
transfer_repair,transfer_repair_walkon_generation_rules.csv,transfer_repair_walkon_generation_rules,rule,6,transfer_repair_walkon_generation_rules:6,"{""program_tier"":""standard_g5"",""method"":""walkon_promote"",""min_college_ovr"":""39"",""mode_college_ovr"":""47"",""max_college_ovr"":""57"",""potential_bonus_min"":""0"",""potential_bonus_max"":""8"",""preferred_classes"":""RS_FR|SO|RS_SO|JR"",""scholarship_status"":""walk_on_or_new_scholarship_optional"",""notes"":""Promoted walk-ons are low-cost roster repair with occasional useful depth.""}"
transfer_repair,transfer_repair_walkon_generation_rules.csv,transfer_repair_walkon_generation_rules,rule,7,transfer_repair_walkon_generation_rules:7,"{""program_tier"":""fcs_elite"",""method"":""walkon_promote"",""min_college_ovr"":""39"",""mode_college_ovr"":""47"",""max_college_ovr"":""57"",""potential_bonus_min"":""0"",""potential_bonus_max"":""8"",""preferred_classes"":""RS_FR|SO|RS_SO|JR"",""scholarship_status"":""walk_on_or_new_scholarship_optional"",""notes"":""Promoted walk-ons are low-cost roster repair with occasional useful depth.""}"
transfer_repair,transfer_repair_walkon_generation_rules.csv,transfer_repair_walkon_generation_rules,rule,8,transfer_repair_walkon_generation_rules:8,"{""program_tier"":""fcs_standard"",""method"":""walkon_promote"",""min_college_ovr"":""36"",""mode_college_ovr"":""44"",""max_college_ovr"":""54"",""potential_bonus_min"":""0"",""potential_bonus_max"":""8"",""preferred_classes"":""RS_FR|SO|RS_SO|JR"",""scholarship_status"":""walk_on_or_new_scholarship_optional"",""notes"":""Promoted walk-ons are low-cost roster repair with occasional useful depth.""}"
transfer_repair,transfer_repair_walkon_generation_rules.csv,transfer_repair_walkon_generation_rules,rule,9,transfer_repair_walkon_generation_rules:9,"{""program_tier"":""fcs_low"",""method"":""walkon_promote"",""min_college_ovr"":""33"",""mode_college_ovr"":""41"",""max_college_ovr"":""51"",""potential_bonus_min"":""0"",""potential_bonus_max"":""8"",""preferred_classes"":""RS_FR|SO|RS_SO|JR"",""scholarship_status"":""walk_on_or_new_scholarship_optional"",""notes"":""Promoted walk-ons are low-cost roster repair with occasional useful depth.""}"
transfer_repair,transfer_roster_accounting_rules.csv,transfer_roster_accounting_rules,rule,1,transfer_roster_accounting_rules:1,"{""accounting_id"":""active_source_roster"",""player_state"":""active_on_college_roster"",""counts_against_source_105"":""true"",""counts_against_destination_105"":""false"",""counts_against_portal_pool"":""false"",""allowed_after_bootstrap"":""true"",""notes"":""Normal college roster player.""}"
transfer_repair,transfer_roster_accounting_rules.csv,transfer_roster_accounting_rules,rule,2,transfer_roster_accounting_rules:2,"{""accounting_id"":""portal_entered_uncommitted"",""player_state"":""transfer_portal_uncommitted"",""counts_against_source_105"":""false"",""counts_against_destination_105"":""false"",""counts_against_portal_pool"":""true"",""allowed_after_bootstrap"":""true"",""notes"":""Player has left source roster and can be recruited by destination schools.""}"
transfer_repair,transfer_roster_accounting_rules.csv,transfer_roster_accounting_rules,rule,3,transfer_roster_accounting_rules:3,"{""accounting_id"":""portal_committed_preseason"",""player_state"":""transfer_committed_to_destination"",""counts_against_source_105"":""false"",""counts_against_destination_105"":""true"",""counts_against_portal_pool"":""false"",""allowed_after_bootstrap"":""optional"",""notes"":""Only use if starting after portal commitments; destination roster must remain at 105.""}"
transfer_repair,transfer_roster_accounting_rules.csv,transfer_roster_accounting_rules,rule,4,transfer_roster_accounting_rules:4,"{""accounting_id"":""repair_walkon"",""player_state"":""repair_walkon_depth"",""counts_against_source_105"":""true"",""counts_against_destination_105"":""false"",""counts_against_portal_pool"":""false"",""allowed_after_bootstrap"":""true"",""notes"":""Generated walk-on/depth repair player.""}"
transfer_repair,transfer_roster_accounting_rules.csv,transfer_roster_accounting_rules,rule,5,transfer_roster_accounting_rules:5,"{""accounting_id"":""repair_late_recruit"",""player_state"":""repair_late_recruit"",""counts_against_source_105"":""true"",""counts_against_destination_105"":""false"",""counts_against_portal_pool"":""false"",""allowed_after_bootstrap"":""true"",""notes"":""Late signee or summer enrollee used to patch roster.""}"
transfer_repair,transfer_roster_accounting_rules.csv,transfer_roster_accounting_rules,rule,6,transfer_roster_accounting_rules:6,"{""accounting_id"":""repair_juco"",""player_state"":""repair_juco_or_small_college_add"",""counts_against_source_105"":""true"",""counts_against_destination_105"":""false"",""counts_against_portal_pool"":""false"",""allowed_after_bootstrap"":""true"",""notes"":""Older repair player, mostly G5/FCS or thin position groups.""}"
transfer_repair,transfer_roster_accounting_rules.csv,transfer_roster_accounting_rules,rule,7,transfer_roster_accounting_rules:7,"{""accounting_id"":""non_counting_history"",""player_state"":""history_only_prior_transfer"",""counts_against_source_105"":""false"",""counts_against_destination_105"":""false"",""counts_against_portal_pool"":""false"",""allowed_after_bootstrap"":""true"",""notes"":""Used only for backstory, not a live roster player.""}"
transfer_repair,transfer_roster_repair_algorithm.csv,transfer_roster_repair_algorithm,algorithm,1,transfer_roster_repair_algorithm:1,"{""step"":""1"",""phase"":""pre_repair_snapshot"",""operation"":""snapshot roster counts, position counts, class counts, quality lost"",""inputs"":""generated college rosters + selected portal entrants"",""outputs"":""source team deficit ledger"",""failure_behavior"":""error if pre-extraction roster not 105""}"
transfer_repair,transfer_roster_repair_algorithm.csv,transfer_roster_repair_algorithm,algorithm,2,transfer_roster_repair_algorithm:2,"{""step"":""2"",""phase"":""extract_portal_players"",""operation"":""remove portal entrants from active roster and mark uncommitted"",""inputs"":""transfer_portal_player_selection_weights"",""outputs"":""portal pool + updated source rosters"",""failure_behavior"":""skip extraction if source would violate protected minimum and no repair method exists""}"
transfer_repair,transfer_roster_repair_algorithm.csv,transfer_roster_repair_algorithm,algorithm,3,transfer_roster_repair_algorithm:3,"{""step"":""3"",""phase"":""compute_repair_needs"",""operation"":""calculate count, position, class, and quality deficits"",""inputs"":""accounting rules + priority matrix"",""outputs"":""ordered repair queue"",""failure_behavior"":""error if roster deficit cannot be represented""}"
transfer_repair,transfer_roster_repair_algorithm.csv,transfer_roster_repair_algorithm,algorithm,4,transfer_roster_repair_algorithm:4,"{""step"":""4"",""phase"":""choose_repair_method"",""operation"":""select method using program tier, position need, class need, context modifiers"",""inputs"":""method weights + team context"",""outputs"":""repair action plan"",""failure_behavior"":""fallback to emergency_filler then report warning""}"
transfer_repair,transfer_roster_repair_algorithm.csv,transfer_roster_repair_algorithm,algorithm,5,transfer_roster_repair_algorithm:5,"{""step"":""5"",""phase"":""generate_or_convert_player"",""operation"":""create walk-on/late recruit/JUCO or convert internal player"",""inputs"":""quality caps + class rules + position rules"",""outputs"":""repair player or converted player"",""failure_behavior"":""retry with lower quality and alternate class""}"
transfer_repair,transfer_roster_repair_algorithm.csv,transfer_roster_repair_algorithm,algorithm,6,transfer_roster_repair_algorithm:6,"{""step"":""6"",""phase"":""attach_history"",""operation"":""write visible or internal history explaining repair origin"",""inputs"":""history stub rules"",""outputs"":""player history rows"",""failure_behavior"":""use emergency_filler minimal history""}"
transfer_repair,transfer_roster_repair_algorithm.csv,transfer_roster_repair_algorithm,algorithm,7,transfer_roster_repair_algorithm:7,"{""step"":""7"",""phase"":""scouting_view"",""operation"":""assign scouting uncertainty for repair player"",""inputs"":""scouting uncertainty rules"",""outputs"":""team and public scouting views"",""failure_behavior"":""fallback to method defaults""}"
transfer_repair,transfer_roster_repair_algorithm.csv,transfer_roster_repair_algorithm,algorithm,8,transfer_roster_repair_algorithm:8,"{""step"":""8"",""phase"":""validate_team"",""operation"":""ensure exactly 105, position minima, class bounds warnings"",""inputs"":""validation targets"",""outputs"":""team repair validation report"",""failure_behavior"":""repair again or error if impossible""}"
transfer_repair,transfer_roster_repair_algorithm.csv,transfer_roster_repair_algorithm,algorithm,9,transfer_roster_repair_algorithm:9,"{""step"":""9"",""phase"":""league_validation"",""operation"":""validate all teams and portal pool integrity"",""inputs"":""balance targets + manifest"",""outputs"":""debug/export report"",""failure_behavior"":""block save finalization on errors""}"
transfer_repair,transfer_roster_repair_policy.csv,transfer_roster_repair_policy,runtime_tuning,1,transfer_roster_repair_policy:1,"{""policy_id"":""core"",""setting"":""target_roster_size"",""value"":""105"",""notes"":""Every college team must end repair with exactly 105 active roster players.""}"
transfer_repair,transfer_roster_repair_policy.csv,transfer_roster_repair_policy,runtime_tuning,2,transfer_roster_repair_policy:2,"{""policy_id"":""core"",""setting"":""portal_pool_status"",""value"":""uncommitted_external_pool"",""notes"":""Year Zero portal entrants are removed from active rosters and remain available in transfer market until recruited/signed.""}"
transfer_repair,transfer_roster_repair_policy.csv,transfer_roster_repair_policy,runtime_tuning,3,transfer_roster_repair_policy:3,"{""policy_id"":""core"",""setting"":""source_school_repair_required"",""value"":""true"",""notes"":""Any source school that loses players to Year Zero portal extraction must be repaired back to 105 before save finalization.""}"
transfer_repair,transfer_roster_repair_policy.csv,transfer_roster_repair_policy,runtime_tuning,4,transfer_roster_repair_policy:4,"{""policy_id"":""core"",""setting"":""repair_can_clone_quality"",""value"":""false"",""notes"":""Repair players must not clone the exact quality of departed stars; losing elite transfers should matter.""}"
transfer_repair,transfer_roster_repair_policy.csv,transfer_roster_repair_policy,runtime_tuning,5,transfer_roster_repair_policy:5,"{""policy_id"":""core"",""setting"":""repair_can_create_new_elite_player"",""value"":""rare_only"",""notes"":""Emergency repair should almost never create a blue-chip or elite player unless tier-specific late recruit/JUCO rules allow it.""}"
transfer_repair,transfer_roster_repair_policy.csv,transfer_roster_repair_policy,runtime_tuning,6,transfer_roster_repair_policy:6,"{""policy_id"":""core"",""setting"":""destination_school_overfill_allowed"",""value"":""false"",""notes"":""If a portal signing occurs before season start, destination schools must make corresponding cuts or do non-counting history placement.""}"
transfer_repair,transfer_roster_repair_policy.csv,transfer_roster_repair_policy,runtime_tuning,7,transfer_roster_repair_policy:7,"{""policy_id"":""core"",""setting"":""hidden_truth_preserved"",""value"":""true"",""notes"":""Entrants keep hidden ratings, development history, origin school, class, stats, awards, and transfer reason.""}"
transfer_repair,transfer_roster_repair_policy.csv,transfer_roster_repair_policy,runtime_tuning,8,transfer_roster_repair_policy:8,"{""policy_id"":""core"",""setting"":""deterministic_rng_required"",""value"":""true"",""notes"":""All extraction and repair decisions must use deterministic Year Zero RNG streams.""}"
